ISO-10303-21;
HEADER;
/* Generated by software containing ST-Developer
 * from STEP Tools, Inc. (www.steptools.com) 
 */
/* OPTION: using custom renumber hook */

FILE_DESCRIPTION(
/* description */ ('STEP AP242 Edition 2',
'CAx-IF Rec.Pracs.---Representation and Presentation of Product Manufa
cturing Information (PMI)---4.0---2014-10-13',
'CAx-IF Rec.Pracs.---3D Tessellated Geometry---0.4---2014-09-14','2;1',
'CAx-IF Rec.Pracs.---User Defined Attributes---1.5---2016-08-15'),
/* implementation_level */ '2;1');

FILE_NAME(
/* name */ 'Flood Chamber Cap - Part 1',
/* time_stamp */ '2026-08-16T03:20:49Z',
/* author */ (''),
/* organization */ (''),
/* preprocessor_version */ 'ST-DEVELOPER v20',
/* originating_system */ 'ONSHAPE BY PTC INC, 1.219',
/* authorisation */ '  ');

FILE_SCHEMA (('AP242_MANAGED_MODEL_BASED_3D_ENGINEERING_MIM_LF { 1 0 10303 442 3 1 4 }'));
ENDSEC;

DATA;
#10=SHAPE_REPRESENTATION_RELATIONSHIP('','',#436,#11);
#11=ADVANCED_BREP_SHAPE_REPRESENTATION('',(#434),#1598);
#12=TOROIDAL_SURFACE('',#476,0.022225,0.00635);
#13=TOROIDAL_SURFACE('',#477,0.022225,0.00635);
#14=TOROIDAL_SURFACE('',#478,0.015875,0.00635);
#15=TOROIDAL_SURFACE('',#481,0.0127058077606089,0.003175);
#16=(
BOUNDED_CURVE()
B_SPLINE_CURVE(2,(#790,#791,#792,#793,#794,#795,#796,#797,#798,#799,#800,
#801,#802,#803,#804,#805,#806,#807,#808,#809,#810,#811,#812,#813,#814,#815,
#816,#817,#818,#819,#820,#821,#822,#823,#824,#825,#826,#827,#828,#829,#830,
#831,#832,#833,#834,#835,#836,#837,#838,#839,#840,#841,#842,#843,#844,#845,
#846,#847,#848,#849,#850,#851,#852,#853,#854,#855,#856,#857,#858,#859,#860,
#861,#862,#863,#864,#865,#866,#867,#868,#869,#870,#871,#872,#873,#874),
 .UNSPECIFIED.,.F.,.F.)
B_SPLINE_CURVE_WITH_KNOTS((3,2,2,2,2,2,2,2,2,2,2,2,2,2,2,2,2,2,2,2,2,2,
2,2,2,2,2,2,2,2,2,2,2,2,2,2,2,2,2,2,2,2,3),(0.,0.0238095238095238,0.0476190476190476,
0.0714285714285714,0.0952380952380952,0.119047619047619,0.142857142857143,
0.166666666666667,0.19047619047619,0.214285714285714,0.238095238095238,
0.261904761904762,0.285714285714286,0.309523809523809,0.333333333333334,
0.357142857142857,0.380952380952381,0.404761904761905,0.428571428571428,
0.452380952380952,0.476190476190476,0.5,0.523809523809524,0.547619047619048,
0.571428571428571,0.595238095238095,0.619047619047619,0.642857142857143,
0.666666666666667,0.690476190476191,0.714285714285714,0.738095238095238,
0.761904761904762,0.785714285714286,0.80952380952381,0.833333333333333,
0.857142857142857,0.880952380952381,0.904761904761905,0.928571428571429,
0.952380952380952,0.976190476190476,1.),.UNSPECIFIED.)
CURVE()
GEOMETRIC_REPRESENTATION_ITEM()
RATIONAL_B_SPLINE_CURVE((1.,0.866025403784439,1.,0.866025403784439,1.,0.866025403784439,
1.,0.866025403784439,1.,0.866025403784439,1.,0.866025403784439,1.,0.866025403784439,
1.,0.866025403784439,1.,0.866025403784439,1.,0.866025403784439,1.,0.866025403784439,
1.,0.866025403784439,1.,0.866025403784439,1.,0.866025403784439,1.,0.866025403784439,
1.,0.866025403784439,1.,0.866025403784439,1.,0.866025403784439,1.,0.866025403784439,
1.,0.866025403784439,1.,0.866025403784439,1.,0.866025403784439,1.,0.866025403784439,
1.,0.866025403784439,1.,0.866025403784439,1.,0.866025403784439,1.,0.866025403784439,
1.,0.866025403784439,1.,0.866025403784439,1.,0.866025403784439,1.,0.866025403784439,
1.,0.866025403784439,1.,0.866025403784439,1.,0.866025403784439,1.,0.866025403784439,
1.,0.866025403784439,1.,0.866025403784439,1.,0.866025403784439,1.,0.866025403784439,
1.,0.866025403784439,1.,0.866025403784439,1.,0.866025403784439,1.))
REPRESENTATION_ITEM('')
);
#17=(
BOUNDED_CURVE()
B_SPLINE_CURVE(2,(#892,#893,#894,#895,#896,#897,#898,#899,#900,#901,#902,
#903,#904,#905,#906,#907,#908,#909,#910,#911,#912,#913,#914,#915,#916,#917,
#918,#919,#920,#921,#922,#923,#924,#925,#926,#927,#928,#929,#930,#931,#932,
#933,#934,#935,#936,#937,#938,#939,#940,#941,#942,#943,#944,#945,#946,#947,
#948,#949,#950,#951,#952,#953,#954,#955,#956,#957,#958,#959,#960,#961,#962,
#963,#964,#965,#966,#967,#968,#969,#970,#971,#972,#973,#974,#975,#976),
 .UNSPECIFIED.,.F.,.F.)
B_SPLINE_CURVE_WITH_KNOTS((3,2,2,2,2,2,2,2,2,2,2,2,2,2,2,2,2,2,2,2,2,2,
2,2,2,2,2,2,2,2,2,2,2,2,2,2,2,2,2,2,2,2,3),(0.,0.0238095238095238,0.0476190476190476,
0.0714285714285714,0.0952380952380952,0.119047619047619,0.142857142857143,
0.166666666666667,0.19047619047619,0.214285714285714,0.238095238095238,
0.261904761904762,0.285714285714286,0.309523809523809,0.333333333333334,
0.357142857142857,0.380952380952381,0.404761904761905,0.428571428571428,
0.452380952380952,0.476190476190476,0.5,0.523809523809524,0.547619047619048,
0.571428571428571,0.595238095238095,0.619047619047619,0.642857142857143,
0.666666666666667,0.690476190476191,0.714285714285714,0.738095238095238,
0.761904761904762,0.785714285714286,0.80952380952381,0.833333333333333,
0.857142857142857,0.880952380952381,0.904761904761905,0.928571428571429,
0.952380952380952,0.976190476190476,1.),.UNSPECIFIED.)
CURVE()
GEOMETRIC_REPRESENTATION_ITEM()
RATIONAL_B_SPLINE_CURVE((1.,0.866025403784439,1.,0.866025403784439,1.,0.866025403784439,
1.,0.866025403784439,1.,0.866025403784439,1.,0.866025403784439,1.,0.866025403784439,
1.,0.866025403784439,1.,0.866025403784439,1.,0.866025403784439,1.,0.866025403784439,
1.,0.866025403784439,1.,0.866025403784439,1.,0.866025403784439,1.,0.866025403784439,
1.,0.866025403784439,1.,0.866025403784439,1.,0.866025403784439,1.,0.866025403784439,
1.,0.866025403784439,1.,0.866025403784439,1.,0.866025403784439,1.,0.866025403784439,
1.,0.866025403784439,1.,0.866025403784439,1.,0.866025403784439,1.,0.866025403784439,
1.,0.866025403784439,1.,0.866025403784439,1.,0.866025403784439,1.,0.866025403784439,
1.,0.866025403784439,1.,0.866025403784439,1.,0.866025403784439,1.,0.866025403784439,
1.,0.866025403784439,1.,0.866025403784439,1.,0.866025403784439,1.,0.866025403784439,
1.,0.866025403784439,1.,0.866025403784439,1.,0.866025403784439,1.))
REPRESENTATION_ITEM('')
);
#18=(
BOUNDED_CURVE()
B_SPLINE_CURVE(2,(#1101,#1102,#1103,#1104,#1105,#1106,#1107,#1108,#1109,
#1110,#1111,#1112,#1113,#1114,#1115,#1116,#1117,#1118,#1119,#1120,#1121,
#1122,#1123,#1124,#1125,#1126,#1127,#1128,#1129,#1130,#1131,#1132,#1133,
#1134,#1135,#1136,#1137,#1138,#1139,#1140,#1141,#1142,#1143,#1144,#1145,
#1146,#1147,#1148,#1149,#1150,#1151,#1152,#1153,#1154,#1155,#1156,#1157,
#1158,#1159,#1160,#1161,#1162,#1163,#1164,#1165,#1166,#1167,#1168,#1169,
#1170,#1171,#1172,#1173,#1174,#1175,#1176,#1177,#1178,#1179,#1180,#1181,
#1182,#1183,#1184,#1185),.UNSPECIFIED.,.F.,.F.)
B_SPLINE_CURVE_WITH_KNOTS((3,2,2,2,2,2,2,2,2,2,2,2,2,2,2,2,2,2,2,2,2,2,
2,2,2,2,2,2,2,2,2,2,2,2,2,2,2,2,2,2,2,2,3),(0.,0.0238095238095238,0.0476190476190476,
0.0714285714285714,0.0952380952380952,0.119047619047619,0.142857142857143,
0.166666666666667,0.19047619047619,0.214285714285714,0.238095238095238,
0.261904761904762,0.285714285714286,0.309523809523809,0.333333333333334,
0.357142857142857,0.380952380952381,0.404761904761905,0.428571428571428,
0.452380952380952,0.476190476190476,0.5,0.523809523809524,0.547619047619048,
0.571428571428571,0.595238095238095,0.619047619047619,0.642857142857143,
0.666666666666667,0.690476190476191,0.714285714285714,0.738095238095238,
0.761904761904762,0.785714285714286,0.80952380952381,0.833333333333333,
0.857142857142857,0.880952380952381,0.904761904761905,0.928571428571429,
0.952380952380952,0.976190476190476,1.),.UNSPECIFIED.)
CURVE()
GEOMETRIC_REPRESENTATION_ITEM()
RATIONAL_B_SPLINE_CURVE((1.,0.866025403784439,1.,0.866025403784439,1.,0.866025403784439,
1.,0.866025403784439,1.,0.866025403784439,1.,0.866025403784439,1.,0.866025403784439,
1.,0.866025403784439,1.,0.866025403784439,1.,0.866025403784439,1.,0.866025403784439,
1.,0.866025403784439,1.,0.866025403784439,1.,0.866025403784439,1.,0.866025403784439,
1.,0.866025403784439,1.,0.866025403784439,1.,0.866025403784439,1.,0.866025403784439,
1.,0.866025403784439,1.,0.866025403784439,1.,0.866025403784439,1.,0.866025403784439,
1.,0.866025403784439,1.,0.866025403784439,1.,0.866025403784439,1.,0.866025403784439,
1.,0.866025403784439,1.,0.866025403784439,1.,0.866025403784439,1.,0.866025403784439,
1.,0.866025403784439,1.,0.866025403784439,1.,0.866025403784439,1.,0.866025403784439,
1.,0.866025403784439,1.,0.866025403784439,1.,0.866025403784439,1.,0.866025403784439,
1.,0.866025403784439,1.,0.866025403784439,1.,0.866025403784439,1.))
REPRESENTATION_ITEM('')
);
#19=(
BOUNDED_CURVE()
B_SPLINE_CURVE(2,(#1186,#1187,#1188,#1189,#1190,#1191,#1192,#1193,#1194,
#1195,#1196,#1197,#1198,#1199,#1200,#1201,#1202,#1203,#1204,#1205,#1206,
#1207,#1208,#1209,#1210,#1211,#1212,#1213,#1214,#1215,#1216,#1217,#1218,
#1219,#1220,#1221,#1222,#1223,#1224,#1225,#1226,#1227,#1228,#1229,#1230,
#1231,#1232,#1233,#1234,#1235,#1236,#1237,#1238,#1239,#1240,#1241,#1242,
#1243,#1244,#1245,#1246,#1247,#1248,#1249,#1250,#1251,#1252,#1253,#1254,
#1255,#1256,#1257,#1258,#1259,#1260,#1261,#1262,#1263,#1264,#1265,#1266,
#1267,#1268,#1269,#1270),.UNSPECIFIED.,.F.,.F.)
B_SPLINE_CURVE_WITH_KNOTS((3,2,2,2,2,2,2,2,2,2,2,2,2,2,2,2,2,2,2,2,2,2,
2,2,2,2,2,2,2,2,2,2,2,2,2,2,2,2,2,2,2,2,3),(0.,0.0238095238095238,0.0476190476190476,
0.0714285714285714,0.0952380952380952,0.119047619047619,0.142857142857143,
0.166666666666667,0.19047619047619,0.214285714285714,0.238095238095238,
0.261904761904762,0.285714285714286,0.309523809523809,0.333333333333334,
0.357142857142857,0.380952380952381,0.404761904761905,0.428571428571428,
0.452380952380952,0.476190476190476,0.5,0.523809523809524,0.547619047619048,
0.571428571428571,0.595238095238095,0.619047619047619,0.642857142857143,
0.666666666666667,0.690476190476191,0.714285714285714,0.738095238095238,
0.761904761904762,0.785714285714286,0.80952380952381,0.833333333333333,
0.857142857142857,0.880952380952381,0.904761904761905,0.928571428571429,
0.952380952380952,0.976190476190476,1.),.UNSPECIFIED.)
CURVE()
GEOMETRIC_REPRESENTATION_ITEM()
RATIONAL_B_SPLINE_CURVE((1.,0.866025403784439,1.,0.866025403784439,1.,0.866025403784439,
1.,0.866025403784439,1.,0.866025403784439,1.,0.866025403784439,1.,0.866025403784439,
1.,0.866025403784439,1.,0.866025403784439,1.,0.866025403784439,1.,0.866025403784439,
1.,0.866025403784439,1.,0.866025403784439,1.,0.866025403784439,1.,0.866025403784439,
1.,0.866025403784439,1.,0.866025403784439,1.,0.866025403784439,1.,0.866025403784439,
1.,0.866025403784439,1.,0.866025403784439,1.,0.866025403784439,1.,0.866025403784439,
1.,0.866025403784439,1.,0.866025403784439,1.,0.866025403784439,1.,0.866025403784439,
1.,0.866025403784439,1.,0.866025403784439,1.,0.866025403784439,1.,0.866025403784439,
1.,0.866025403784439,1.,0.866025403784439,1.,0.866025403784439,1.,0.866025403784439,
1.,0.866025403784439,1.,0.866025403784439,1.,0.866025403784439,1.,0.866025403784439,
1.,0.866025403784439,1.,0.866025403784439,1.,0.866025403784439,1.))
REPRESENTATION_ITEM('')
);
#20=(
BOUNDED_SURFACE()
B_SPLINE_SURFACE(1,2,((#676,#677,#678,#679,#680,#681,#682,#683,#684,#685,
#686,#687,#688,#689,#690,#691,#692,#693,#694,#695,#696,#697,#698,#699,#700,
#701,#702,#703,#704,#705,#706,#707,#708,#709,#710,#711,#712,#713,#714,#715,
#716,#717,#718,#719,#720,#721,#722,#723,#724,#725,#726,#727,#728,#729,#730,
#731,#732),(#733,#734,#735,#736,#737,#738,#739,#740,#741,#742,#743,#744,
#745,#746,#747,#748,#749,#750,#751,#752,#753,#754,#755,#756,#757,#758,#759,
#760,#761,#762,#763,#764,#765,#766,#767,#768,#769,#770,#771,#772,#773,#774,
#775,#776,#777,#778,#779,#780,#781,#782,#783,#784,#785,#786,#787,#788,#789)),
 .UNSPECIFIED.,.F.,.F.,.F.)
B_SPLINE_SURFACE_WITH_KNOTS((2,2),(3,2,2,2,2,2,2,2,2,2,2,2,2,2,2,2,2,2,
2,2,2,2,2,2,2,2,2,2,3),(0.,1.),(0.237659327106584,0.238095238095238,0.261904761904762,
0.285714285714286,0.309523809523809,0.333333333333334,0.357142857142857,
0.380952380952381,0.404761904761905,0.428571428571428,0.452380952380952,
0.476190476190476,0.5,0.523809523809524,0.547619047619048,0.571428571428571,
0.595238095238095,0.619047619047619,0.642857142857143,0.666666666666667,
0.690476190476191,0.714285714285714,0.738095238095238,0.761904761904762,
0.785714285714286,0.80952380952381,0.833333333333333,0.857142857142857,
0.860837589926374),.PIECEWISE_BEZIER_KNOTS.)
GEOMETRIC_REPRESENTATION_ITEM()
RATIONAL_B_SPLINE_SURFACE(((0.995184130653583,0.997547158054987,1.,0.866025403784439,
1.,0.866025403784439,1.,0.866025403784439,1.,0.866025403784439,1.,0.866025403784439,
1.,0.866025403784439,1.,0.866025403784439,1.,0.866025403784439,1.,0.866025403784439,
1.,0.866025403784439,1.,0.866025403784439,1.,0.866025403784439,1.,0.866025403784439,
1.,0.866025403784439,1.,0.866025403784439,1.,0.866025403784439,1.,0.866025403784439,
1.,0.866025403784439,1.,0.866025403784439,1.,0.866025403784439,1.,0.866025403784439,
1.,0.866025403784439,1.,0.866025403784439,1.,0.866025403784439,1.,0.866025403784439,
1.,0.866025403784439,1.,0.979209986022566,0.964872309926956),(0.995184130653583,
0.997547158054987,1.,0.866025403784439,1.,0.866025403784439,1.,0.866025403784439,
1.,0.866025403784439,1.,0.866025403784439,1.,0.866025403784439,1.,0.866025403784439,
1.,0.866025403784439,1.,0.866025403784439,1.,0.866025403784439,1.,0.866025403784439,
1.,0.866025403784439,1.,0.866025403784439,1.,0.866025403784439,1.,0.866025403784439,
1.,0.866025403784439,1.,0.866025403784439,1.,0.866025403784439,1.,0.866025403784439,
1.,0.866025403784439,1.,0.866025403784439,1.,0.866025403784439,1.,0.866025403784439,
1.,0.866025403784439,1.,0.866025403784439,1.,0.866025403784439,1.,0.979209986022566,
0.964872309926956)))
REPRESENTATION_ITEM('')
SURFACE()
);
#21=(
BOUNDED_SURFACE()
B_SPLINE_SURFACE(1,2,((#977,#978,#979,#980,#981,#982,#983,#984,#985,#986,
#987,#988,#989,#990,#991,#992,#993,#994,#995,#996,#997,#998,#999,#1000,
#1001,#1002,#1003,#1004,#1005,#1006,#1007,#1008,#1009,#1010,#1011,#1012,
#1013,#1014,#1015,#1016,#1017,#1018,#1019,#1020,#1021,#1022,#1023,#1024,
#1025,#1026,#1027,#1028,#1029,#1030,#1031),(#1032,#1033,#1034,#1035,#1036,
#1037,#1038,#1039,#1040,#1041,#1042,#1043,#1044,#1045,#1046,#1047,#1048,
#1049,#1050,#1051,#1052,#1053,#1054,#1055,#1056,#1057,#1058,#1059,#1060,
#1061,#1062,#1063,#1064,#1065,#1066,#1067,#1068,#1069,#1070,#1071,#1072,
#1073,#1074,#1075,#1076,#1077,#1078,#1079,#1080,#1081,#1082,#1083,#1084,
#1085,#1086)),.UNSPECIFIED.,.F.,.F.,.F.)
B_SPLINE_SURFACE_WITH_KNOTS((2,2),(3,2,2,2,2,2,2,2,2,2,2,2,2,2,2,2,2,2,
2,2,2,2,2,2,2,2,2,3),(0.,1.),(0.174873869393521,0.19047619047619,0.214285714285714,
0.238095238095238,0.261904761904762,0.285714285714286,0.309523809523809,
0.333333333333334,0.357142857142857,0.380952380952381,0.404761904761905,
0.428571428571428,0.452380952380952,0.476190476190476,0.5,0.523809523809524,
0.547619047619048,0.571428571428571,0.595238095238095,0.619047619047619,
0.642857142857143,0.666666666666667,0.690476190476191,0.714285714285714,
0.738095238095238,0.761904761904762,0.785714285714286,0.798528850733908),
 .PIECEWISE_BEZIER_KNOTS.)
GEOMETRIC_REPRESENTATION_ITEM()
RATIONAL_B_SPLINE_SURFACE(((0.939474915360763,0.912206783982802,1.,0.866025403784439,
1.,0.866025403784439,1.,0.866025403784439,1.,0.866025403784439,1.,0.866025403784439,
1.,0.866025403784439,1.,0.866025403784439,1.,0.866025403784439,1.,0.866025403784439,
1.,0.866025403784439,1.,0.866025403784439,1.,0.866025403784439,1.,0.866025403784439,
1.,0.866025403784439,1.,0.866025403784439,1.,0.866025403784439,1.,0.866025403784439,
1.,0.866025403784439,1.,0.866025403784439,1.,0.866025403784439,1.,0.866025403784439,
1.,0.866025403784439,1.,0.866025403784439,1.,0.866025403784439,1.,0.866025403784439,
1.,0.927893300684359,0.93340394425409),(0.939474915360763,0.912206783982802,
1.,0.866025403784439,1.,0.866025403784439,1.,0.866025403784439,1.,0.866025403784439,
1.,0.866025403784439,1.,0.866025403784439,1.,0.866025403784439,1.,0.866025403784439,
1.,0.866025403784439,1.,0.866025403784439,1.,0.866025403784439,1.,0.866025403784439,
1.,0.866025403784439,1.,0.866025403784439,1.,0.866025403784439,1.,0.866025403784439,
1.,0.866025403784439,1.,0.866025403784439,1.,0.866025403784439,1.,0.866025403784439,
1.,0.866025403784439,1.,0.866025403784439,1.,0.866025403784439,1.,0.866025403784439,
1.,0.866025403784439,1.,0.927893300684359,0.93340394425409)))
REPRESENTATION_ITEM('')
SURFACE()
);
#22=(
BOUNDED_SURFACE()
B_SPLINE_SURFACE(3,2,((#1271,#1272,#1273,#1274,#1275,#1276,#1277,#1278,
#1279,#1280,#1281,#1282,#1283,#1284,#1285,#1286,#1287,#1288,#1289,#1290,
#1291,#1292,#1293,#1294,#1295,#1296,#1297,#1298,#1299,#1300,#1301,#1302,
#1303,#1304,#1305,#1306,#1307,#1308,#1309,#1310,#1311,#1312,#1313,#1314,
#1315,#1316,#1317,#1318,#1319,#1320,#1321,#1322,#1323),(#1324,#1325,#1326,
#1327,#1328,#1329,#1330,#1331,#1332,#1333,#1334,#1335,#1336,#1337,#1338,
#1339,#1340,#1341,#1342,#1343,#1344,#1345,#1346,#1347,#1348,#1349,#1350,
#1351,#1352,#1353,#1354,#1355,#1356,#1357,#1358,#1359,#1360,#1361,#1362,
#1363,#1364,#1365,#1366,#1367,#1368,#1369,#1370,#1371,#1372,#1373,#1374,
#1375,#1376),(#1377,#1378,#1379,#1380,#1381,#1382,#1383,#1384,#1385,#1386,
#1387,#1388,#1389,#1390,#1391,#1392,#1393,#1394,#1395,#1396,#1397,#1398,
#1399,#1400,#1401,#1402,#1403,#1404,#1405,#1406,#1407,#1408,#1409,#1410,
#1411,#1412,#1413,#1414,#1415,#1416,#1417,#1418,#1419,#1420,#1421,#1422,
#1423,#1424,#1425,#1426,#1427,#1428,#1429),(#1430,#1431,#1432,#1433,#1434,
#1435,#1436,#1437,#1438,#1439,#1440,#1441,#1442,#1443,#1444,#1445,#1446,
#1447,#1448,#1449,#1450,#1451,#1452,#1453,#1454,#1455,#1456,#1457,#1458,
#1459,#1460,#1461,#1462,#1463,#1464,#1465,#1466,#1467,#1468,#1469,#1470,
#1471,#1472,#1473,#1474,#1475,#1476,#1477,#1478,#1479,#1480,#1481,#1482)),
 .UNSPECIFIED.,.F.,.F.,.F.)
B_SPLINE_SURFACE_WITH_KNOTS((4,4),(3,2,2,2,2,2,2,2,2,2,2,2,2,2,2,2,2,2,
2,2,2,2,2,2,2,2,3),(0.,1.),(0.219866440660282,0.238095238095238,0.261904761904762,
0.285714285714286,0.309523809523809,0.333333333333334,0.357142857142857,
0.380952380952381,0.404761904761905,0.428571428571428,0.452380952380952,
0.476190476190476,0.5,0.523809523809524,0.547619047619048,0.571428571428571,
0.595238095238095,0.619047619047619,0.642857142857143,0.666666666666667,
0.690476190476191,0.714285714285714,0.738095238095238,0.761904761904762,
0.785714285714286,0.80952380952381,0.81631891078582),
 .PIECEWISE_BEZIER_KNOTS.)
GEOMETRIC_REPRESENTATION_ITEM()
RATIONAL_B_SPLINE_SURFACE(((0.95191608933804,0.89742777741457,1.,0.866025403784439,
1.,0.866025403784439,1.,0.866025403784439,1.,0.866025403784439,1.,0.866025403784439,
1.,0.866025403784439,1.,0.866025403784439,1.,0.866025403784439,1.,0.866025403784439,
1.,0.866025403784439,1.,0.866025403784439,1.,0.866025403784439,1.,0.866025403784439,
1.,0.866025403784439,1.,0.866025403784439,1.,0.866025403784439,1.,0.866025403784439,
1.,0.866025403784439,1.,0.866025403784439,1.,0.866025403784439,1.,0.866025403784439,
1.,0.866025403784439,1.,0.866025403784439,1.,0.866025403784439,1.,0.961764420191491,
0.945353269858263),(0.698071798847896,0.658113703437351,0.733333333333333,
0.635085296108588,0.733333333333333,0.635085296108588,0.733333333333333,
0.635085296108588,0.733333333333333,0.635085296108588,0.733333333333333,
0.635085296108588,0.733333333333333,0.635085296108588,0.733333333333333,
0.635085296108588,0.733333333333333,0.635085296108588,0.733333333333333,
0.635085296108588,0.733333333333333,0.635085296108588,0.733333333333333,
0.635085296108588,0.733333333333333,0.635085296108588,0.733333333333333,
0.635085296108588,0.733333333333333,0.635085296108588,0.733333333333333,
0.635085296108588,0.733333333333333,0.635085296108588,0.733333333333333,
0.635085296108588,0.733333333333333,0.635085296108588,0.733333333333333,
0.635085296108588,0.733333333333333,0.635085296108588,0.733333333333333,
0.635085296108588,0.733333333333333,0.635085296108588,0.733333333333333,
0.635085296108588,0.733333333333333,0.635085296108588,0.733333333333333,
0.705293908140427,0.693259064562726),(0.698071798847896,0.658113703437351,
0.733333333333333,0.635085296108588,0.733333333333333,0.635085296108588,
0.733333333333333,0.635085296108588,0.733333333333333,0.635085296108588,
0.733333333333333,0.635085296108588,0.733333333333333,0.635085296108588,
0.733333333333333,0.635085296108588,0.733333333333333,0.635085296108588,
0.733333333333333,0.635085296108588,0.733333333333333,0.635085296108588,
0.733333333333333,0.635085296108588,0.733333333333333,0.635085296108588,
0.733333333333333,0.635085296108588,0.733333333333333,0.635085296108588,
0.733333333333333,0.635085296108588,0.733333333333333,0.635085296108588,
0.733333333333333,0.635085296108588,0.733333333333333,0.635085296108588,
0.733333333333333,0.635085296108588,0.733333333333333,0.635085296108588,
0.733333333333333,0.635085296108588,0.733333333333333,0.635085296108588,
0.733333333333333,0.635085296108588,0.733333333333333,0.635085296108588,
0.733333333333333,0.705293908140427,0.693259064562726),(0.95191608933804,
0.89742777741457,1.,0.866025403784439,1.,0.866025403784439,1.,0.866025403784439,
1.,0.866025403784439,1.,0.866025403784439,1.,0.866025403784439,1.,0.866025403784439,
1.,0.866025403784439,1.,0.866025403784439,1.,0.866025403784439,1.,0.866025403784439,
1.,0.866025403784439,1.,0.866025403784439,1.,0.866025403784439,1.,0.866025403784439,
1.,0.866025403784439,1.,0.866025403784439,1.,0.866025403784439,1.,0.866025403784439,
1.,0.866025403784439,1.,0.866025403784439,1.,0.866025403784439,1.,0.866025403784439,
1.,0.866025403784439,1.,0.961764420191491,0.945353269858263)))
REPRESENTATION_ITEM('')
SURFACE()
);
#23=CONICAL_SURFACE('',#456,0.019177,0.785398163397448);
#24=LINE('',#610,#36);
#25=LINE('',#614,#37);
#26=LINE('',#656,#38);
#27=LINE('',#660,#39);
#28=LINE('',#1495,#40);
#29=LINE('',#1508,#41);
#30=LINE('',#1510,#42);
#31=LINE('',#1522,#43);
#32=LINE('',#1529,#44);
#33=LINE('',#1531,#45);
#34=LINE('',#1544,#46);
#35=LINE('',#1546,#47);
#36=VECTOR('',#500,1.);
#37=VECTOR('',#503,1.);
#38=VECTOR('',#508,1.);
#39=VECTOR('',#511,1.);
#40=VECTOR('',#540,1.);
#41=VECTOR('',#541,1.);
#42=VECTOR('',#544,1.);
#43=VECTOR('',#547,1.);
#44=VECTOR('',#550,1.);
#45=VECTOR('',#551,1.);
#46=VECTOR('',#554,1.);
#47=VECTOR('',#557,1.);
#48=PLANE('',#444);
#49=PLANE('',#454);
#50=PLANE('',#459);
#51=PLANE('',#460);
#52=PLANE('',#464);
#53=PLANE('',#465);
#54=PLANE('',#466);
#55=PLANE('',#468);
#56=PLANE('',#472);
#57=PLANE('',#474);
#58=B_SPLINE_CURVE_WITH_KNOTS('',3,(#588,#589,#590,#591),.UNSPECIFIED.,
 .F.,.F.,(4,4),(0.195924255364059,0.25),.UNSPECIFIED.);
#59=B_SPLINE_CURVE_WITH_KNOTS('',3,(#598,#599,#600,#601),.UNSPECIFIED.,
 .F.,.F.,(4,4),(0.695924255359589,0.75),.UNSPECIFIED.);
#60=B_SPLINE_CURVE_WITH_KNOTS('',3,(#615,#616,#617,#618,#619,#620,#621,
#622,#623,#624,#625,#626,#627),.UNSPECIFIED.,.F.,.F.,(4,1,1,1,1,1,1,1,1,
1,4),(0.0532971135754797,0.05785752483861,0.0624179361017404,0.0646981417333055,
0.0669783473648707,0.071538758628001,0.0738189642595661,0.0760991698911313,
0.0806595811542616,0.0852199924173919,0.0897804036805222),.UNSPECIFIED.);
#61=B_SPLINE_CURVE_WITH_KNOTS('',3,(#632,#633,#634,#635,#636,#637,#638,
#639,#640,#641,#642,#643,#644),.UNSPECIFIED.,.F.,.F.,(4,1,1,1,1,1,1,1,1,
1,4),(0.0246371544591641,0.029159416336853,0.033681678214542,0.0382039400922309,
0.0404650710310753,0.0427262019699198,0.0472484638476087,0.0495095947864532,
0.0517707257252977,0.0562929876029866,0.0608152494806755),.UNSPECIFIED.);
#62=B_SPLINE_CURVE_WITH_KNOTS('',3,(#646,#647,#648,#649,#650,#651,#652),
 .UNSPECIFIED.,.F.,.F.,(4,1,1,1,4),(0.0356845733888969,0.0395343231383307,
0.0433840728877646,0.0472338226371985,0.0510835723866323),.UNSPECIFIED.);
#63=B_SPLINE_CURVE_WITH_KNOTS('',3,(#876,#877,#878,#879,#880,#881,#882,
#883,#884,#885,#886),.UNSPECIFIED.,.F.,.F.,(4,1,1,1,1,1,1,1,4),(0.0245042867587257,
0.0328239332331987,0.0369837564704352,0.0411435797076716,0.0432234913262899,
0.0453034029449081,0.0494632261821446,0.053623049419381,0.0577828726566175),
 .UNSPECIFIED.);
#64=B_SPLINE_CURVE_WITH_KNOTS('',3,(#887,#888,#889,#890),.UNSPECIFIED.,
 .F.,.F.,(4,4),(8.67361737988404E-19,0.00289067883145444),.UNSPECIFIED.);
#65=B_SPLINE_CURVE_WITH_KNOTS('',3,(#1087,#1088,#1089,#1090),
 .UNSPECIFIED.,.F.,.F.,(4,4),(1.73472347597681E-18,0.00280872320799349),
 .UNSPECIFIED.);
#66=B_SPLINE_CURVE_WITH_KNOTS('',3,(#1092,#1093,#1094,#1095,#1096,#1097,
#1098,#1099),.UNSPECIFIED.,.F.,.F.,(4,1,1,1,1,4),(0.0978106552728657,0.10580827147518,
0.113805887677494,0.117804695778651,0.121803503879808,0.129801120082122),
 .UNSPECIFIED.);
#67=B_SPLINE_CURVE_WITH_KNOTS('',3,(#1483,#1484,#1485,#1486,#1487,#1488,
#1489),.UNSPECIFIED.,.F.,.F.,(4,1,1,1,4),(5.28450415778197E-17,0.00385292091224977,
0.00770584182449949,0.0115587627367492,0.0154116836489989),
 .UNSPECIFIED.);
#68=B_SPLINE_CURVE_WITH_KNOTS('',3,(#1497,#1498,#1499,#1500,#1501),
 .UNSPECIFIED.,.F.,.F.,(4,1,4),(0.,0.00249794930162333,0.00499589860324667),
 .UNSPECIFIED.);
#69=B_SPLINE_CURVE_WITH_KNOTS('',3,(#1502,#1503,#1504,#1505,#1506),
 .UNSPECIFIED.,.F.,.F.,(4,1,4),(0.,0.00249803269868132,0.00499606539736264),
 .UNSPECIFIED.);
#70=B_SPLINE_CURVE_WITH_KNOTS('',3,(#1512,#1513,#1514,#1515),
 .UNSPECIFIED.,.F.,.F.,(4,4),(0.00668053470271638,0.00872415078000719),
 .UNSPECIFIED.);
#71=B_SPLINE_CURVE_WITH_KNOTS('',3,(#1517,#1518,#1519,#1520),
 .UNSPECIFIED.,.F.,.F.,(4,4),(0.,0.0020423519101482),.UNSPECIFIED.);
#72=B_SPLINE_CURVE_WITH_KNOTS('',3,(#1524,#1525,#1526,#1527),
 .UNSPECIFIED.,.F.,.F.,(4,4),(0.,0.00204235191014821),.UNSPECIFIED.);
#73=B_SPLINE_CURVE_WITH_KNOTS('',3,(#1533,#1534,#1535,#1536,#1537),
 .UNSPECIFIED.,.F.,.F.,(4,1,4),(0.,0.00249794930162334,0.00499589860324668),
 .UNSPECIFIED.);
#74=B_SPLINE_CURVE_WITH_KNOTS('',3,(#1538,#1539,#1540,#1541,#1542),
 .UNSPECIFIED.,.F.,.F.,(4,1,4),(0.,0.00249803269868132,0.00499606539736264),
 .UNSPECIFIED.);
#75=B_SPLINE_CURVE_WITH_KNOTS('',3,(#1548,#1549,#1550,#1551),
 .UNSPECIFIED.,.F.,.F.,(4,4),(0.00668053470271642,0.00872415078000723),
 .UNSPECIFIED.);
#76=B_SPLINE_CURVE_WITH_KNOTS('',3,(#1564,#1565,#1566,#1567,#1568,#1569,
#1570),.UNSPECIFIED.,.F.,.F.,(4,1,1,1,4),(0.,0.00191470656024513,0.00382941312049026,
0.00574411968073538,0.00765882624098051),.UNSPECIFIED.);
#77=B_SPLINE_CURVE_WITH_KNOTS('',3,(#1571,#1572,#1573,#1574,#1575,#1576,
#1577),.UNSPECIFIED.,.F.,.F.,(4,1,1,1,4),(0.,0.00191470656024721,0.00382941312049443,
0.00574411968074164,0.00765882624098885),.UNSPECIFIED.);
#78=B_SPLINE_CURVE_WITH_KNOTS('',3,(#1579,#1580,#1581,#1582,#1583,#1584,
#1585),.UNSPECIFIED.,.F.,.F.,(4,1,1,1,4),(0.,0.00191470656024513,0.00382941312049025,
0.00574411968073538,0.0076588262409805),.UNSPECIFIED.);
#79=B_SPLINE_CURVE_WITH_KNOTS('',3,(#1586,#1587,#1588,#1589,#1590,#1591,
#1592),.UNSPECIFIED.,.F.,.F.,(4,1,1,1,4),(0.,0.00191470656024721,0.00382941312049443,
0.00574411968074164,0.00765882624098885),.UNSPECIFIED.);
#80=ORIENTED_EDGE('',*,*,#198,.T.);
#81=ORIENTED_EDGE('',*,*,#199,.T.);
#82=ORIENTED_EDGE('',*,*,#200,.F.);
#83=ORIENTED_EDGE('',*,*,#201,.T.);
#84=ORIENTED_EDGE('',*,*,#202,.T.);
#85=ORIENTED_EDGE('',*,*,#203,.F.);
#86=ORIENTED_EDGE('',*,*,#204,.T.);
#87=ORIENTED_EDGE('',*,*,#205,.T.);
#88=ORIENTED_EDGE('',*,*,#206,.F.);
#89=ORIENTED_EDGE('',*,*,#207,.T.);
#90=ORIENTED_EDGE('',*,*,#208,.F.);
#91=ORIENTED_EDGE('',*,*,#209,.F.);
#92=ORIENTED_EDGE('',*,*,#210,.T.);
#93=ORIENTED_EDGE('',*,*,#211,.F.);
#94=ORIENTED_EDGE('',*,*,#212,.F.);
#95=ORIENTED_EDGE('',*,*,#213,.T.);
#96=ORIENTED_EDGE('',*,*,#214,.T.);
#97=ORIENTED_EDGE('',*,*,#215,.T.);
#98=ORIENTED_EDGE('',*,*,#216,.T.);
#99=ORIENTED_EDGE('',*,*,#217,.F.);
#100=ORIENTED_EDGE('',*,*,#218,.F.);
#101=ORIENTED_EDGE('',*,*,#219,.T.);
#102=ORIENTED_EDGE('',*,*,#220,.T.);
#103=ORIENTED_EDGE('',*,*,#219,.F.);
#104=ORIENTED_EDGE('',*,*,#220,.F.);
#105=ORIENTED_EDGE('',*,*,#221,.F.);
#106=ORIENTED_EDGE('',*,*,#222,.F.);
#107=ORIENTED_EDGE('',*,*,#211,.T.);
#108=ORIENTED_EDGE('',*,*,#223,.F.);
#109=ORIENTED_EDGE('',*,*,#224,.F.);
#110=ORIENTED_EDGE('',*,*,#225,.F.);
#111=ORIENTED_EDGE('',*,*,#226,.T.);
#112=ORIENTED_EDGE('',*,*,#227,.F.);
#113=ORIENTED_EDGE('',*,*,#228,.F.);
#114=ORIENTED_EDGE('',*,*,#229,.T.);
#115=ORIENTED_EDGE('',*,*,#209,.T.);
#116=ORIENTED_EDGE('',*,*,#230,.F.);
#117=ORIENTED_EDGE('',*,*,#212,.T.);
#118=ORIENTED_EDGE('',*,*,#226,.F.);
#119=ORIENTED_EDGE('',*,*,#231,.F.);
#120=ORIENTED_EDGE('',*,*,#230,.T.);
#121=ORIENTED_EDGE('',*,*,#221,.T.);
#122=ORIENTED_EDGE('',*,*,#227,.T.);
#123=ORIENTED_EDGE('',*,*,#231,.T.);
#124=ORIENTED_EDGE('',*,*,#225,.T.);
#125=ORIENTED_EDGE('',*,*,#228,.T.);
#126=ORIENTED_EDGE('',*,*,#222,.T.);
#127=ORIENTED_EDGE('',*,*,#224,.T.);
#128=ORIENTED_EDGE('',*,*,#232,.F.);
#129=ORIENTED_EDGE('',*,*,#232,.T.);
#130=ORIENTED_EDGE('',*,*,#223,.T.);
#131=ORIENTED_EDGE('',*,*,#210,.F.);
#132=ORIENTED_EDGE('',*,*,#229,.F.);
#133=ORIENTED_EDGE('',*,*,#233,.T.);
#134=ORIENTED_EDGE('',*,*,#234,.T.);
#135=ORIENTED_EDGE('',*,*,#199,.F.);
#136=ORIENTED_EDGE('',*,*,#204,.F.);
#137=ORIENTED_EDGE('',*,*,#203,.T.);
#138=ORIENTED_EDGE('',*,*,#235,.T.);
#139=ORIENTED_EDGE('',*,*,#236,.F.);
#140=ORIENTED_EDGE('',*,*,#215,.F.);
#141=ORIENTED_EDGE('',*,*,#236,.T.);
#142=ORIENTED_EDGE('',*,*,#237,.T.);
#143=ORIENTED_EDGE('',*,*,#238,.T.);
#144=ORIENTED_EDGE('',*,*,#216,.F.);
#145=ORIENTED_EDGE('',*,*,#239,.T.);
#146=ORIENTED_EDGE('',*,*,#240,.T.);
#147=ORIENTED_EDGE('',*,*,#233,.F.);
#148=ORIENTED_EDGE('',*,*,#214,.F.);
#149=ORIENTED_EDGE('',*,*,#241,.T.);
#150=ORIENTED_EDGE('',*,*,#242,.T.);
#151=ORIENTED_EDGE('',*,*,#243,.F.);
#152=ORIENTED_EDGE('',*,*,#206,.T.);
#153=ORIENTED_EDGE('',*,*,#243,.T.);
#154=ORIENTED_EDGE('',*,*,#244,.T.);
#155=ORIENTED_EDGE('',*,*,#202,.F.);
#156=ORIENTED_EDGE('',*,*,#201,.F.);
#157=ORIENTED_EDGE('',*,*,#200,.T.);
#158=ORIENTED_EDGE('',*,*,#245,.T.);
#159=ORIENTED_EDGE('',*,*,#246,.F.);
#160=ORIENTED_EDGE('',*,*,#207,.F.);
#161=ORIENTED_EDGE('',*,*,#246,.T.);
#162=ORIENTED_EDGE('',*,*,#247,.T.);
#163=ORIENTED_EDGE('',*,*,#248,.T.);
#164=ORIENTED_EDGE('',*,*,#208,.T.);
#165=ORIENTED_EDGE('',*,*,#249,.T.);
#166=ORIENTED_EDGE('',*,*,#250,.T.);
#167=ORIENTED_EDGE('',*,*,#251,.T.);
#168=ORIENTED_EDGE('',*,*,#250,.F.);
#169=ORIENTED_EDGE('',*,*,#252,.T.);
#170=ORIENTED_EDGE('',*,*,#248,.F.);
#171=ORIENTED_EDGE('',*,*,#253,.T.);
#172=ORIENTED_EDGE('',*,*,#217,.T.);
#173=ORIENTED_EDGE('',*,*,#254,.T.);
#174=ORIENTED_EDGE('',*,*,#241,.F.);
#175=ORIENTED_EDGE('',*,*,#205,.F.);
#176=ORIENTED_EDGE('',*,*,#238,.F.);
#177=ORIENTED_EDGE('',*,*,#255,.T.);
#178=ORIENTED_EDGE('',*,*,#218,.T.);
#179=ORIENTED_EDGE('',*,*,#256,.T.);
#180=ORIENTED_EDGE('',*,*,#239,.F.);
#181=ORIENTED_EDGE('',*,*,#213,.F.);
#182=ORIENTED_EDGE('',*,*,#249,.F.);
#183=ORIENTED_EDGE('',*,*,#252,.F.);
#184=ORIENTED_EDGE('',*,*,#242,.F.);
#185=ORIENTED_EDGE('',*,*,#254,.F.);
#186=ORIENTED_EDGE('',*,*,#255,.F.);
#187=ORIENTED_EDGE('',*,*,#237,.F.);
#188=ORIENTED_EDGE('',*,*,#235,.F.);
#189=ORIENTED_EDGE('',*,*,#244,.F.);
#190=ORIENTED_EDGE('',*,*,#247,.F.);
#191=ORIENTED_EDGE('',*,*,#245,.F.);
#192=ORIENTED_EDGE('',*,*,#234,.F.);
#193=ORIENTED_EDGE('',*,*,#240,.F.);
#194=ORIENTED_EDGE('',*,*,#256,.F.);
#195=ORIENTED_EDGE('',*,*,#253,.F.);
#196=ORIENTED_EDGE('',*,*,#198,.F.);
#197=ORIENTED_EDGE('',*,*,#251,.F.);
#198=EDGE_CURVE('',#257,#257,#298,.F.);
#199=EDGE_CURVE('',#258,#259,#58,.T.);
#200=EDGE_CURVE('',#260,#259,#299,.T.);
#201=EDGE_CURVE('',#260,#261,#300,.T.);
#202=EDGE_CURVE('',#261,#262,#59,.T.);
#203=EDGE_CURVE('',#263,#262,#301,.T.);
#204=EDGE_CURVE('',#263,#258,#302,.T.);
#205=EDGE_CURVE('',#264,#265,#303,.T.);
#206=EDGE_CURVE('',#266,#265,#24,.T.);
#207=EDGE_CURVE('',#266,#267,#304,.T.);
#208=EDGE_CURVE('',#264,#267,#25,.T.);
#209=EDGE_CURVE('',#268,#269,#60,.F.);
#210=EDGE_CURVE('',#268,#270,#305,.T.);
#211=EDGE_CURVE('',#271,#270,#61,.T.);
#212=EDGE_CURVE('',#269,#271,#62,.T.);
#213=EDGE_CURVE('',#272,#273,#306,.T.);
#214=EDGE_CURVE('',#273,#274,#26,.T.);
#215=EDGE_CURVE('',#274,#275,#307,.T.);
#216=EDGE_CURVE('',#275,#272,#27,.T.);
#217=EDGE_CURVE('',#276,#277,#308,.T.);
#218=EDGE_CURVE('',#277,#276,#309,.T.);
#219=EDGE_CURVE('',#278,#278,#310,.T.);
#220=EDGE_CURVE('',#279,#279,#311,.T.);
#221=EDGE_CURVE('',#280,#281,#312,.F.);
#222=EDGE_CURVE('',#281,#280,#313,.F.);
#223=EDGE_CURVE('',#282,#270,#16,.T.);
#224=EDGE_CURVE('',#280,#282,#63,.T.);
#225=EDGE_CURVE('',#283,#280,#64,.T.);
#226=EDGE_CURVE('',#283,#271,#17,.T.);
#227=EDGE_CURVE('',#281,#284,#65,.T.);
#228=EDGE_CURVE('',#285,#281,#66,.T.);
#229=EDGE_CURVE('',#285,#268,#18,.T.);
#230=EDGE_CURVE('',#284,#269,#19,.T.);
#231=EDGE_CURVE('',#284,#283,#67,.T.);
#232=EDGE_CURVE('',#285,#282,#314,.T.);
#233=EDGE_CURVE('',#274,#286,#28,.T.);
#234=EDGE_CURVE('',#286,#259,#68,.T.);
#235=EDGE_CURVE('',#262,#287,#69,.T.);
#236=EDGE_CURVE('',#275,#287,#29,.T.);
#237=EDGE_CURVE('',#287,#288,#30,.F.);
#238=EDGE_CURVE('',#288,#272,#70,.T.);
#239=EDGE_CURVE('',#273,#289,#71,.T.);
#240=EDGE_CURVE('',#289,#286,#31,.F.);
#241=EDGE_CURVE('',#265,#290,#72,.T.);
#242=EDGE_CURVE('',#290,#291,#32,.T.);
#243=EDGE_CURVE('',#266,#291,#33,.T.);
#244=EDGE_CURVE('',#291,#262,#73,.T.);
#245=EDGE_CURVE('',#259,#292,#74,.T.);
#246=EDGE_CURVE('',#267,#292,#34,.T.);
#247=EDGE_CURVE('',#292,#293,#35,.T.);
#248=EDGE_CURVE('',#293,#264,#75,.T.);
#249=EDGE_CURVE('',#294,#294,#315,.F.);
#250=EDGE_CURVE('',#295,#295,#316,.T.);
#251=EDGE_CURVE('',#296,#296,#317,.T.);
#252=EDGE_CURVE('',#297,#297,#318,.T.);
#253=EDGE_CURVE('',#293,#276,#76,.T.);
#254=EDGE_CURVE('',#277,#290,#77,.F.);
#255=EDGE_CURVE('',#288,#277,#78,.T.);
#256=EDGE_CURVE('',#276,#289,#79,.F.);
#257=VERTEX_POINT('',#587);
#258=VERTEX_POINT('',#592);
#259=VERTEX_POINT('',#593);
#260=VERTEX_POINT('',#595);
#261=VERTEX_POINT('',#597);
#262=VERTEX_POINT('',#602);
#263=VERTEX_POINT('',#604);
#264=VERTEX_POINT('',#608);
#265=VERTEX_POINT('',#609);
#266=VERTEX_POINT('',#611);
#267=VERTEX_POINT('',#613);
#268=VERTEX_POINT('',#628);
#269=VERTEX_POINT('',#629);
#270=VERTEX_POINT('',#631);
#271=VERTEX_POINT('',#645);
#272=VERTEX_POINT('',#654);
#273=VERTEX_POINT('',#655);
#274=VERTEX_POINT('',#657);
#275=VERTEX_POINT('',#659);
#276=VERTEX_POINT('',#663);
#277=VERTEX_POINT('',#664);
#278=VERTEX_POINT('',#667);
#279=VERTEX_POINT('',#670);
#280=VERTEX_POINT('',#673);
#281=VERTEX_POINT('',#674);
#282=VERTEX_POINT('',#875);
#283=VERTEX_POINT('',#891);
#284=VERTEX_POINT('',#1091);
#285=VERTEX_POINT('',#1100);
#286=VERTEX_POINT('',#1496);
#287=VERTEX_POINT('',#1507);
#288=VERTEX_POINT('',#1511);
#289=VERTEX_POINT('',#1521);
#290=VERTEX_POINT('',#1528);
#291=VERTEX_POINT('',#1530);
#292=VERTEX_POINT('',#1543);
#293=VERTEX_POINT('',#1547);
#294=VERTEX_POINT('',#1554);
#295=VERTEX_POINT('',#1556);
#296=VERTEX_POINT('',#1559);
#297=VERTEX_POINT('',#1562);
#298=CIRCLE('',#439,0.00953080776060893);
#299=CIRCLE('',#440,0.00953080776060893);
#300=CIRCLE('',#441,0.009525);
#301=CIRCLE('',#442,0.00953080776060893);
#302=CIRCLE('',#443,0.009525);
#303=CIRCLE('',#445,0.0160032960533307);
#304=CIRCLE('',#446,0.009525);
#305=CIRCLE('',#447,0.0175895);
#306=CIRCLE('',#448,0.0160032960533307);
#307=CIRCLE('',#449,0.009525);
#308=CIRCLE('',#451,0.022225);
#309=CIRCLE('',#452,0.022225);
#310=CIRCLE('',#453,0.022225);
#311=CIRCLE('',#455,0.020447);
#312=CIRCLE('',#457,0.019177);
#313=CIRCLE('',#458,0.019177);
#314=CIRCLE('',#461,0.0175895);
#315=CIRCLE('',#470,0.022225);
#316=CIRCLE('',#471,0.022225);
#317=CIRCLE('',#473,0.0127058077606089);
#318=CIRCLE('',#475,0.015875);
#319=EDGE_LOOP('',(#80));
#320=EDGE_LOOP('',(#81,#82,#83,#84,#85,#86));
#321=EDGE_LOOP('',(#87,#88,#89,#90));
#322=EDGE_LOOP('',(#91,#92,#93,#94));
#323=EDGE_LOOP('',(#95,#96,#97,#98));
#324=EDGE_LOOP('',(#99,#100));
#325=EDGE_LOOP('',(#101));
#326=EDGE_LOOP('',(#102));
#327=EDGE_LOOP('',(#103));
#328=EDGE_LOOP('',(#104));
#329=EDGE_LOOP('',(#105,#106));
#330=EDGE_LOOP('',(#107,#108,#109,#110,#111));
#331=EDGE_LOOP('',(#112,#113,#114,#115,#116));
#332=EDGE_LOOP('',(#117,#118,#119,#120));
#333=EDGE_LOOP('',(#121,#122,#123,#124));
#334=EDGE_LOOP('',(#125,#126,#127,#128));
#335=EDGE_LOOP('',(#129,#130,#131,#132));
#336=EDGE_LOOP('',(#133,#134,#135,#136,#137,#138,#139,#140));
#337=EDGE_LOOP('',(#141,#142,#143,#144));
#338=EDGE_LOOP('',(#145,#146,#147,#148));
#339=EDGE_LOOP('',(#149,#150,#151,#152));
#340=EDGE_LOOP('',(#153,#154,#155,#156,#157,#158,#159,#160));
#341=EDGE_LOOP('',(#161,#162,#163,#164));
#342=EDGE_LOOP('',(#165));
#343=EDGE_LOOP('',(#166));
#344=EDGE_LOOP('',(#167));
#345=EDGE_LOOP('',(#168));
#346=EDGE_LOOP('',(#169));
#347=EDGE_LOOP('',(#170,#171,#172,#173,#174,#175));
#348=EDGE_LOOP('',(#176,#177,#178,#179,#180,#181));
#349=EDGE_LOOP('',(#182));
#350=EDGE_LOOP('',(#183));
#351=EDGE_LOOP('',(#184,#185,#186,#187,#188,#189));
#352=EDGE_LOOP('',(#190,#191,#192,#193,#194,#195));
#353=EDGE_LOOP('',(#196));
#354=EDGE_LOOP('',(#197));
#355=FACE_BOUND('',#319,.T.);
#356=FACE_BOUND('',#320,.T.);
#357=FACE_BOUND('',#321,.T.);
#358=FACE_BOUND('',#322,.T.);
#359=FACE_BOUND('',#323,.T.);
#360=FACE_BOUND('',#324,.T.);
#361=FACE_BOUND('',#325,.T.);
#362=FACE_BOUND('',#326,.T.);
#363=FACE_BOUND('',#327,.T.);
#364=FACE_BOUND('',#328,.T.);
#365=FACE_BOUND('',#329,.T.);
#366=FACE_BOUND('',#330,.T.);
#367=FACE_BOUND('',#331,.T.);
#368=FACE_BOUND('',#332,.T.);
#369=FACE_BOUND('',#333,.T.);
#370=FACE_BOUND('',#334,.T.);
#371=FACE_BOUND('',#335,.T.);
#372=FACE_BOUND('',#336,.T.);
#373=FACE_BOUND('',#337,.T.);
#374=FACE_BOUND('',#338,.T.);
#375=FACE_BOUND('',#339,.T.);
#376=FACE_BOUND('',#340,.T.);
#377=FACE_BOUND('',#341,.T.);
#378=FACE_BOUND('',#342,.T.);
#379=FACE_BOUND('',#343,.T.);
#380=FACE_BOUND('',#344,.T.);
#381=FACE_BOUND('',#345,.T.);
#382=FACE_BOUND('',#346,.T.);
#383=FACE_BOUND('',#347,.T.);
#384=FACE_BOUND('',#348,.T.);
#385=FACE_BOUND('',#349,.T.);
#386=FACE_BOUND('',#350,.T.);
#387=FACE_BOUND('',#351,.T.);
#388=FACE_BOUND('',#352,.T.);
#389=FACE_BOUND('',#353,.T.);
#390=FACE_BOUND('',#354,.T.);
#391=CYLINDRICAL_SURFACE('',#438,0.00953080776060893);
#392=CYLINDRICAL_SURFACE('',#450,0.022225);
#393=CYLINDRICAL_SURFACE('',#462,0.0175895);
#394=CYLINDRICAL_SURFACE('',#463,0.009525);
#395=CYLINDRICAL_SURFACE('',#467,0.009525);
#396=CYLINDRICAL_SURFACE('',#469,0.022225);
#397=CYLINDRICAL_SURFACE('',#479,0.003175);
#398=CYLINDRICAL_SURFACE('',#480,0.003175);
#399=ADVANCED_FACE('',(#355,#356),#391,.T.);
#400=ADVANCED_FACE('',(#357,#358,#359),#48,.T.);
#401=ADVANCED_FACE('',(#360,#361),#392,.T.);
#402=ADVANCED_FACE('',(#362,#363),#49,.F.);
#403=ADVANCED_FACE('',(#364,#365),#23,.F.);
#404=ADVANCED_FACE('',(#366),#20,.F.);
#405=ADVANCED_FACE('',(#367),#21,.F.);
#406=ADVANCED_FACE('',(#368),#22,.F.);
#407=ADVANCED_FACE('',(#369),#50,.F.);
#408=ADVANCED_FACE('',(#370),#51,.T.);
#409=ADVANCED_FACE('',(#371),#393,.F.);
#410=ADVANCED_FACE('',(#372),#394,.T.);
#411=ADVANCED_FACE('',(#373),#52,.T.);
#412=ADVANCED_FACE('',(#374),#53,.T.);
#413=ADVANCED_FACE('',(#375),#54,.F.);
#414=ADVANCED_FACE('',(#376),#395,.T.);
#415=ADVANCED_FACE('',(#377),#55,.F.);
#416=ADVANCED_FACE('',(#378,#379),#396,.T.);
#417=ADVANCED_FACE('',(#380,#381),#56,.F.);
#418=ADVANCED_FACE('',(#382),#57,.T.);
#419=ADVANCED_FACE('',(#383),#12,.T.);
#420=ADVANCED_FACE('',(#384),#13,.T.);
#421=ADVANCED_FACE('',(#385,#386),#14,.T.);
#422=ADVANCED_FACE('',(#387),#397,.T.);
#423=ADVANCED_FACE('',(#388),#398,.T.);
#424=ADVANCED_FACE('',(#389,#390),#15,.F.);
#425=CLOSED_SHELL('',(#399,#400,#401,#402,#403,#404,#405,#406,#407,#408,
#409,#410,#411,#412,#413,#414,#415,#416,#417,#418,#419,#420,#421,#422,#423,
#424));
#426=STYLED_ITEM('',(#427),#434);
#427=PRESENTATION_STYLE_ASSIGNMENT((#428));
#428=SURFACE_STYLE_USAGE(.BOTH.,#429);
#429=SURFACE_SIDE_STYLE('',(#430));
#430=SURFACE_STYLE_FILL_AREA(#431);
#431=FILL_AREA_STYLE('',(#432));
#432=FILL_AREA_STYLE_COLOUR('',#433);
#433=COLOUR_RGB('',0.615686274509804,0.811764705882353,0.929411764705882);
#434=MANIFOLD_SOLID_BREP('Part 1',#425);
#435=SHAPE_DEFINITION_REPRESENTATION(#1603,#436);
#436=SHAPE_REPRESENTATION('Part 1',(#437),#1598);
#437=AXIS2_PLACEMENT_3D('',#584,#482,#483);
#438=AXIS2_PLACEMENT_3D('',#585,#484,#485);
#439=AXIS2_PLACEMENT_3D('',#586,#486,#487);
#440=AXIS2_PLACEMENT_3D('',#594,#488,#489);
#441=AXIS2_PLACEMENT_3D('',#596,#490,#491);
#442=AXIS2_PLACEMENT_3D('',#603,#492,#493);
#443=AXIS2_PLACEMENT_3D('',#605,#494,#495);
#444=AXIS2_PLACEMENT_3D('',#606,#496,#497);
#445=AXIS2_PLACEMENT_3D('',#607,#498,#499);
#446=AXIS2_PLACEMENT_3D('',#612,#501,#502);
#447=AXIS2_PLACEMENT_3D('',#630,#504,#505);
#448=AXIS2_PLACEMENT_3D('',#653,#506,#507);
#449=AXIS2_PLACEMENT_3D('',#658,#509,#510);
#450=AXIS2_PLACEMENT_3D('',#661,#512,#513);
#451=AXIS2_PLACEMENT_3D('',#662,#514,#515);
#452=AXIS2_PLACEMENT_3D('',#665,#516,#517);
#453=AXIS2_PLACEMENT_3D('',#666,#518,#519);
#454=AXIS2_PLACEMENT_3D('',#668,#520,#521);
#455=AXIS2_PLACEMENT_3D('',#669,#522,#523);
#456=AXIS2_PLACEMENT_3D('',#671,#524,#525);
#457=AXIS2_PLACEMENT_3D('',#672,#526,#527);
#458=AXIS2_PLACEMENT_3D('',#675,#528,#529);
#459=AXIS2_PLACEMENT_3D('',#1490,#530,#531);
#460=AXIS2_PLACEMENT_3D('',#1491,#532,#533);
#461=AXIS2_PLACEMENT_3D('',#1492,#534,#535);
#462=AXIS2_PLACEMENT_3D('',#1493,#536,#537);
#463=AXIS2_PLACEMENT_3D('',#1494,#538,#539);
#464=AXIS2_PLACEMENT_3D('',#1509,#542,#543);
#465=AXIS2_PLACEMENT_3D('',#1516,#545,#546);
#466=AXIS2_PLACEMENT_3D('',#1523,#548,#549);
#467=AXIS2_PLACEMENT_3D('',#1532,#552,#553);
#468=AXIS2_PLACEMENT_3D('',#1545,#555,#556);
#469=AXIS2_PLACEMENT_3D('',#1552,#558,#559);
#470=AXIS2_PLACEMENT_3D('',#1553,#560,#561);
#471=AXIS2_PLACEMENT_3D('',#1555,#562,#563);
#472=AXIS2_PLACEMENT_3D('',#1557,#564,#565);
#473=AXIS2_PLACEMENT_3D('',#1558,#566,#567);
#474=AXIS2_PLACEMENT_3D('',#1560,#568,#569);
#475=AXIS2_PLACEMENT_3D('',#1561,#570,#571);
#476=AXIS2_PLACEMENT_3D('',#1563,#572,#573);
#477=AXIS2_PLACEMENT_3D('',#1578,#574,#575);
#478=AXIS2_PLACEMENT_3D('',#1593,#576,#577);
#479=AXIS2_PLACEMENT_3D('',#1594,#578,#579);
#480=AXIS2_PLACEMENT_3D('',#1595,#580,#581);
#481=AXIS2_PLACEMENT_3D('',#1596,#582,#583);
#482=DIRECTION('',(0.,0.,1.));
#483=DIRECTION('',(1.,0.,0.));
#484=DIRECTION('',(0.,0.,-1.));
#485=DIRECTION('',(-1.,0.,0.));
#486=DIRECTION('',(0.,0.,1.));
#487=DIRECTION('',(1.,0.,0.));
#488=DIRECTION('',(0.,0.,-1.));
#489=DIRECTION('',(-1.,0.,0.));
#490=DIRECTION('',(0.,0.,1.));
#491=DIRECTION('',(1.,0.,0.));
#492=DIRECTION('',(0.,0.,-1.));
#493=DIRECTION('',(-1.,0.,0.));
#494=DIRECTION('',(0.,0.,1.));
#495=DIRECTION('',(1.,0.,0.));
#496=DIRECTION('',(0.,0.,-1.));
#497=DIRECTION('',(1.,0.,0.));
#498=DIRECTION('',(0.,0.,1.));
#499=DIRECTION('',(1.,0.,0.));
#500=DIRECTION('',(1.31938126528814E-16,-1.,0.));
#501=DIRECTION('',(0.,0.,-1.));
#502=DIRECTION('',(-1.,0.,0.));
#503=DIRECTION('',(1.31938126528814E-16,-1.,0.));
#504=DIRECTION('',(0.,0.,-1.));
#505=DIRECTION('',(-1.,0.,0.));
#506=DIRECTION('',(0.,0.,1.));
#507=DIRECTION('',(1.,0.,0.));
#508=DIRECTION('',(1.31938126528814E-16,-1.,0.));
#509=DIRECTION('',(0.,0.,-1.));
#510=DIRECTION('',(-1.,0.,0.));
#511=DIRECTION('',(1.31938126528814E-16,-1.,0.));
#512=DIRECTION('',(0.,0.,-1.));
#513=DIRECTION('',(-1.,0.,0.));
#514=DIRECTION('',(0.,0.,1.));
#515=DIRECTION('',(1.,0.,0.));
#516=DIRECTION('',(0.,0.,1.));
#517=DIRECTION('',(1.,0.,0.));
#518=DIRECTION('',(0.,0.,1.));
#519=DIRECTION('',(1.,0.,0.));
#520=DIRECTION('',(0.,0.,1.));
#521=DIRECTION('',(1.,0.,0.));
#522=DIRECTION('',(0.,0.,1.));
#523=DIRECTION('',(1.,0.,0.));
#524=DIRECTION('',(0.,0.,-1.));
#525=DIRECTION('',(-1.,0.,0.));
#526=DIRECTION('',(0.,0.,1.));
#527=DIRECTION('',(1.,0.,0.));
#528=DIRECTION('',(0.,0.,1.));
#529=DIRECTION('',(1.,0.,0.));
#530=DIRECTION('',(0.,0.,-1.));
#531=DIRECTION('',(-1.,0.,0.));
#532=DIRECTION('',(0.,0.,-1.));
#533=DIRECTION('',(-1.,0.,0.));
#534=DIRECTION('',(0.,0.,-1.));
#535=DIRECTION('',(-1.,0.,0.));
#536=DIRECTION('',(0.,0.,1.));
#537=DIRECTION('',(1.,0.,0.));
#538=DIRECTION('',(0.,0.,1.));
#539=DIRECTION('',(1.,0.,0.));
#540=DIRECTION('',(0.,0.,1.));
#541=DIRECTION('',(0.,0.,1.));
#542=DIRECTION('',(1.,1.31938126528814E-16,0.));
#543=DIRECTION('',(-1.31938126528814E-16,1.,0.));
#544=DIRECTION('',(-1.31938126528814E-16,1.,0.));
#545=DIRECTION('',(1.,1.31938126528814E-16,0.));
#546=DIRECTION('',(-1.31938126528814E-16,1.,0.));
#547=DIRECTION('',(-1.31938126528814E-16,1.,0.));
#548=DIRECTION('',(1.,1.31938126528814E-16,0.));
#549=DIRECTION('',(-1.31938126528814E-16,1.,0.));
#550=DIRECTION('',(-1.31938126528814E-16,1.,0.));
#551=DIRECTION('',(0.,0.,1.));
#552=DIRECTION('',(0.,0.,1.));
#553=DIRECTION('',(1.,0.,0.));
#554=DIRECTION('',(0.,0.,1.));
#555=DIRECTION('',(1.,1.31938126528814E-16,0.));
#556=DIRECTION('',(-1.31938126528814E-16,1.,0.));
#557=DIRECTION('',(-1.31938126528814E-16,1.,0.));
#558=DIRECTION('',(0.,0.,1.));
#559=DIRECTION('',(1.,0.,0.));
#560=DIRECTION('',(0.,0.,1.));
#561=DIRECTION('',(1.,0.,0.));
#562=DIRECTION('',(0.,0.,1.));
#563=DIRECTION('',(1.,0.,0.));
#564=DIRECTION('',(0.,0.,1.));
#565=DIRECTION('',(1.,0.,0.));
#566=DIRECTION('',(0.,0.,1.));
#567=DIRECTION('',(1.,0.,0.));
#568=DIRECTION('',(0.,0.,1.));
#569=DIRECTION('',(1.,0.,0.));
#570=DIRECTION('',(0.,0.,1.));
#571=DIRECTION('',(1.,0.,0.));
#572=DIRECTION('',(0.,0.,1.));
#573=DIRECTION('',(1.,0.,0.));
#574=DIRECTION('',(0.,0.,1.));
#575=DIRECTION('',(1.,0.,0.));
#576=DIRECTION('',(0.,0.,1.));
#577=DIRECTION('',(1.,0.,0.));
#578=DIRECTION('',(1.31938126528814E-16,-1.,0.));
#579=DIRECTION('',(1.,1.31938126528814E-16,0.));
#580=DIRECTION('',(1.31938126528814E-16,-1.,0.));
#581=DIRECTION('',(1.,1.31938126528814E-16,0.));
#582=DIRECTION('',(0.,0.,1.));
#583=DIRECTION('',(1.,0.,0.));
#584=CARTESIAN_POINT('',(0.,0.,0.));
#585=CARTESIAN_POINT('',(0.,-2.01849155309929E-18,0.03048));
#586=CARTESIAN_POINT('',(0.,-2.01849155309929E-18,0.019685));
#587=CARTESIAN_POINT('',(0.00953080776060893,-2.01849155309929E-18,0.019685));
#588=CARTESIAN_POINT('',(0.00317631602939958,0.00898595087072384,0.01905));
#589=CARTESIAN_POINT('',(0.00215860340471576,0.00934568763866426,0.01905));
#590=CARTESIAN_POINT('',(0.00107942092283274,0.00953080776060893,0.01905));
#591=CARTESIAN_POINT('',(5.54708947095371E-18,0.00953080776060893,0.01905));
#592=CARTESIAN_POINT('',(0.00317558718641308,0.00898388893884795,0.01905));
#593=CARTESIAN_POINT('',(-2.91796830432962E-18,0.00953080776060893,0.01905));
#594=CARTESIAN_POINT('',(0.,-2.01849155309929E-18,0.01905));
#595=CARTESIAN_POINT('',(-0.00317558961131309,0.00898391970263545,0.01905));
#596=CARTESIAN_POINT('',(1.3010426069826E-18,6.07153216591882E-18,0.01905));
#597=CARTESIAN_POINT('',(-0.0031755871866042,-0.00898388893858562,0.01905));
#598=CARTESIAN_POINT('',(-0.00317631602965197,-0.00898595087063464,0.01905));
#599=CARTESIAN_POINT('',(-0.00215860340489412,-0.00934568763863337,0.01905));
#600=CARTESIAN_POINT('',(-0.00107942092292199,-0.00953080776060893,0.01905));
#601=CARTESIAN_POINT('',(-3.21094501185355E-17,-0.00953080776060893,0.01905));
#602=CARTESIAN_POINT('',(1.75078098259777E-18,-0.00953080776060893,0.01905));
#603=CARTESIAN_POINT('',(0.,-2.01849155309929E-18,0.01905));
#604=CARTESIAN_POINT('',(0.00317558961131312,-0.00898391970263568,0.01905));
#605=CARTESIAN_POINT('',(-2.16840434497101E-19,-2.60208521396521E-18,0.01905));
#606=CARTESIAN_POINT('',(0.,0.,0.01397));
#607=CARTESIAN_POINT('',(0.,3.38271077815477E-17,0.01397));
#608=CARTESIAN_POINT('',(-0.003175,0.0156851796155017,0.01397));
#609=CARTESIAN_POINT('',(-0.003175,-0.0156851796155017,0.01397));
#610=CARTESIAN_POINT('',(-0.003175,-4.18903551728985E-19,0.01397));
#611=CARTESIAN_POINT('',(-0.003175,-0.00898025612106915,0.01397));
#612=CARTESIAN_POINT('',(1.3010426069826E-18,6.07153216591882E-18,0.01397));
#613=CARTESIAN_POINT('',(-0.003175,0.00898025612106915,0.01397));
#614=CARTESIAN_POINT('',(-0.003175,-4.18903551728985E-19,0.01397));
#615=CARTESIAN_POINT('',(0.0177968373137303,0.00748813629991203,0.01397));
#616=CARTESIAN_POINT('',(0.0183226887363016,0.00605294672305458,0.01397));
#617=CARTESIAN_POINT('',(0.0190216753229467,0.00311924060619568,0.01397));
#618=CARTESIAN_POINT('',(0.0190269613433886,-0.000729499777103011,0.01397));
#619=CARTESIAN_POINT('',(0.0184835493333358,-0.00368316509557068,0.01397));
#620=CARTESIAN_POINT('',(0.0175643207614592,-0.00660569354574585,0.01397));
#621=CARTESIAN_POINT('',(0.0161462877863197,-0.00926992583847833,0.01397));
#622=CARTESIAN_POINT('',(0.014233539443949,-0.0116672595024722,0.01397));
#623=CARTESIAN_POINT('',(0.012077052026666,-0.0137737921418045,0.01397));
#624=CARTESIAN_POINT('',(0.00888912740806816,-0.0159160366721824,0.01397));
#625=CARTESIAN_POINT('',(0.00458965156095353,-0.0174255145469962,0.01397));
#626=CARTESIAN_POINT('',(0.00152847980735751,-0.0176691451466041,0.01397));
#627=CARTESIAN_POINT('',(-3.08174171219773E-16,-0.0175895,0.01397));
#628=CARTESIAN_POINT('',(-2.66340573316637E-16,-0.0175895,0.01397));
#629=CARTESIAN_POINT('',(0.0177968373137302,0.00748813629991204,0.01397));
#630=CARTESIAN_POINT('',(0.,-1.17425258336244E-18,0.01397));
#631=CARTESIAN_POINT('',(-0.0175895,2.46748572649604E-17,0.01397));
#632=CARTESIAN_POINT('',(0.00724050718242226,0.0178990128040273,0.01397));
#633=CARTESIAN_POINT('',(0.00580961043272091,0.0184058494971389,0.01397));
#634=CARTESIAN_POINT('',(0.00283864656270543,0.019067974283737,0.01397));
#635=CARTESIAN_POINT('',(-0.00168129314596398,0.0189902791036164,0.01397));
#636=CARTESIAN_POINT('',(-0.00536930748905412,0.0180235192975132,0.01397));
#637=CARTESIAN_POINT('',(-0.00807856179989275,0.0167664402796788,0.01397));
#638=CARTESIAN_POINT('',(-0.0106696781284772,0.0151670149987368,0.01397));
#639=CARTESIAN_POINT('',(-0.0128742123835333,0.0131532778052267,0.01397));
#640=CARTESIAN_POINT('',(-0.0147008722897474,0.0107167201994763,0.01397));
#641=CARTESIAN_POINT('',(-0.0161802780416709,0.00811944937455084,0.01397));
#642=CARTESIAN_POINT('',(-0.0174184204830792,0.00450964703925489,0.01397));
#643=CARTESIAN_POINT('',(-0.0176577557479718,0.00151254738166579,0.01397));
#644=CARTESIAN_POINT('',(-0.0175895,-1.17425258336244E-18,0.01397));
#645=CARTESIAN_POINT('',(0.00724050718242226,0.0178990128040273,0.01397));
#646=CARTESIAN_POINT('',(0.0177968373137302,0.00748813629991212,0.01397));
#647=CARTESIAN_POINT('',(0.017342430723868,0.00868797281970152,0.01397));
#648=CARTESIAN_POINT('',(0.0161432961478048,0.0109760920019463,0.01397));
#649=CARTESIAN_POINT('',(0.0137241412178949,0.0139075576755213,0.01397));
#650=CARTESIAN_POINT('',(0.0107134894183868,0.0163109162339782,0.01397));
#651=CARTESIAN_POINT('',(0.00844324001241287,0.0174592526734637,0.01397));
#652=CARTESIAN_POINT('',(0.00724050718242226,0.0178990128040273,0.01397));
#653=CARTESIAN_POINT('',(1.3010426069826E-18,-7.28583859910259E-17,0.01397));
#654=CARTESIAN_POINT('',(0.003175,-0.0156851796155018,0.01397));
#655=CARTESIAN_POINT('',(0.003175,0.0156851796155017,0.01397));
#656=CARTESIAN_POINT('',(0.003175,4.18903551728985E-19,0.01397));
#657=CARTESIAN_POINT('',(0.003175,0.00898025612106916,0.01397));
#658=CARTESIAN_POINT('',(-2.16840434497101E-19,-2.60208521396521E-18,0.01397));
#659=CARTESIAN_POINT('',(0.003175,-0.00898025612106915,0.01397));
#660=CARTESIAN_POINT('',(0.003175,4.18903551728985E-19,0.01397));
#661=CARTESIAN_POINT('',(0.,1.3608887555525E-18,0.01905));
#662=CARTESIAN_POINT('',(0.,1.3608887555525E-18,0.01905));
#663=CARTESIAN_POINT('',(-2.61484843172852E-18,0.022225,0.01905));
#664=CARTESIAN_POINT('',(2.61484843172852E-18,-0.022225,0.01905));
#665=CARTESIAN_POINT('',(0.,1.3608887555525E-18,0.01905));
#666=CARTESIAN_POINT('',(0.,1.3608887555525E-18,0.));
#667=CARTESIAN_POINT('',(0.022225,1.3608887555525E-18,0.));
#668=CARTESIAN_POINT('',(0.,0.,0.));
#669=CARTESIAN_POINT('',(0.,-1.17425258336244E-18,0.));
#670=CARTESIAN_POINT('',(0.020447,-1.17425258336244E-18,0.));
#671=CARTESIAN_POINT('',(0.,-1.17425258336244E-18,0.00127));
#672=CARTESIAN_POINT('',(0.,-1.17425258336244E-18,0.00127));
#673=CARTESIAN_POINT('',(0.00445003848189662,0.0186535381767009,0.00127));
#674=CARTESIAN_POINT('',(0.0185697043979859,0.0047878395515538,0.00127));
#675=CARTESIAN_POINT('',(0.,-1.17425258336244E-18,0.00127));
#676=CARTESIAN_POINT('',(0.009959247426507,0.0165412512923012,0.00119539952726972));
#677=CARTESIAN_POINT('',(0.00980745432472771,0.0166326437167038,0.00119964877173413));
#678=CARTESIAN_POINT('',(0.00965400957656251,0.0167212350833628,0.00120385416666668));
#679=CARTESIAN_POINT('',(4.09552140452613E-18,0.0222949801111503,0.00146843750000001));
#680=CARTESIAN_POINT('',(-0.00965400957656249,0.0167212350833628,0.00173302083333334));
#681=CARTESIAN_POINT('',(-0.019308019153125,0.0111474900555752,0.00199760416666668));
#682=CARTESIAN_POINT('',(-0.019308019153125,-1.17425258336244E-18,0.00226218750000001));
#683=CARTESIAN_POINT('',(-0.019308019153125,-0.0111474900555752,0.00252677083333334));
#684=CARTESIAN_POINT('',(-0.0096540095765625,-0.0167212350833628,0.00279135416666668));
#685=CARTESIAN_POINT('',(-1.36517380150871E-18,-0.0222949801111503,0.00305593750000001));
#686=CARTESIAN_POINT('',(0.0096540095765625,-0.0167212350833628,0.00332052083333335));
#687=CARTESIAN_POINT('',(0.019308019153125,-0.0111474900555752,0.00358510416666668));
#688=CARTESIAN_POINT('',(0.019308019153125,-3.53880296873747E-18,0.00384968750000001));
#689=CARTESIAN_POINT('',(0.019308019153125,0.0111474900555752,0.00411427083333334));
#690=CARTESIAN_POINT('',(0.00965400957656251,0.0167212350833628,0.00437885416666667));
#691=CARTESIAN_POINT('',(4.09552140452613E-18,0.0222949801111503,0.00464343750000001));
#692=CARTESIAN_POINT('',(-0.00965400957656249,0.0167212350833628,0.00490802083333334));
#693=CARTESIAN_POINT('',(-0.019308019153125,0.0111474900555752,0.00517260416666668));
#694=CARTESIAN_POINT('',(-0.019308019153125,-1.17425258336244E-18,0.00543718750000001));
#695=CARTESIAN_POINT('',(-0.019308019153125,-0.0111474900555752,0.00570177083333334));
#696=CARTESIAN_POINT('',(-0.0096540095765625,-0.0167212350833628,0.00596635416666668));
#697=CARTESIAN_POINT('',(-1.36517380150871E-18,-0.0222949801111503,0.00623093750000001));
#698=CARTESIAN_POINT('',(0.0096540095765625,-0.0167212350833628,0.00649552083333334));
#699=CARTESIAN_POINT('',(0.019308019153125,-0.0111474900555752,0.00676010416666668));
#700=CARTESIAN_POINT('',(0.019308019153125,-3.53880296873747E-18,0.00702468750000001));
#701=CARTESIAN_POINT('',(0.019308019153125,0.0111474900555752,0.00728927083333334));
#702=CARTESIAN_POINT('',(0.00965400957656251,0.0167212350833628,0.00755385416666668));
#703=CARTESIAN_POINT('',(4.09552140452613E-18,0.0222949801111503,0.00781843750000001));
#704=CARTESIAN_POINT('',(-0.00965400957656249,0.0167212350833628,0.00808302083333334));
#705=CARTESIAN_POINT('',(-0.019308019153125,0.0111474900555752,0.00834760416666667));
#706=CARTESIAN_POINT('',(-0.019308019153125,-1.17425258336244E-18,0.00861218750000001));
#707=CARTESIAN_POINT('',(-0.019308019153125,-0.0111474900555752,0.00887677083333334));
#708=CARTESIAN_POINT('',(-0.0096540095765625,-0.0167212350833628,0.00914135416666668));
#709=CARTESIAN_POINT('',(-1.36517380150871E-18,-0.0222949801111503,0.0094059375));
#710=CARTESIAN_POINT('',(0.0096540095765625,-0.0167212350833628,0.00967052083333334));
#711=CARTESIAN_POINT('',(0.019308019153125,-0.0111474900555752,0.00993510416666668));
#712=CARTESIAN_POINT('',(0.019308019153125,-3.53880296873747E-18,0.0101996875));
#713=CARTESIAN_POINT('',(0.019308019153125,0.0111474900555752,0.0104642708333333));
#714=CARTESIAN_POINT('',(0.00965400957656251,0.0167212350833628,0.0107288541666667));
#715=CARTESIAN_POINT('',(4.09552140452613E-18,0.0222949801111503,0.0109934375));
#716=CARTESIAN_POINT('',(-0.00965400957656249,0.0167212350833628,0.0112580208333333));
#717=CARTESIAN_POINT('',(-0.019308019153125,0.0111474900555752,0.0115226041666667));
#718=CARTESIAN_POINT('',(-0.019308019153125,-1.17425258336244E-18,0.0117871875));
#719=CARTESIAN_POINT('',(-0.019308019153125,-0.0111474900555752,0.0120517708333333));
#720=CARTESIAN_POINT('',(-0.0096540095765625,-0.0167212350833628,0.0123163541666667));
#721=CARTESIAN_POINT('',(-1.36517380150871E-18,-0.0222949801111503,0.0125809375));
#722=CARTESIAN_POINT('',(0.0096540095765625,-0.0167212350833628,0.0128455208333333));
#723=CARTESIAN_POINT('',(0.019308019153125,-0.0111474900555752,0.0131101041666667));
#724=CARTESIAN_POINT('',(0.019308019153125,-3.53880296873747E-18,0.0133746875));
#725=CARTESIAN_POINT('',(0.019308019153125,0.0111474900555752,0.0136392708333333));
#726=CARTESIAN_POINT('',(0.00965400957656251,0.0167212350833628,0.0139038541666667));
#727=CARTESIAN_POINT('',(4.09552140452613E-18,0.0222949801111503,0.0141684375));
#728=CARTESIAN_POINT('',(-0.00965400957656249,0.0167212350833628,0.0144330208333333));
#729=CARTESIAN_POINT('',(-0.019308019153125,0.0111474900555752,0.0146976041666667));
#730=CARTESIAN_POINT('',(-0.019308019153125,-1.17425258336244E-18,0.0149621875));
#731=CARTESIAN_POINT('',(-0.019308019153125,-0.00152990412652071,0.0149984994528663));
#732=CARTESIAN_POINT('',(-0.0190670826897482,-0.00304071723771633,0.0150376599060714));
#733=CARTESIAN_POINT('',(0.00907282001427848,0.0150689895891698,0.000203212027269716));
#734=CARTESIAN_POINT('',(0.00893453732755788,0.0151522475886716,0.000207461271734128));
#735=CARTESIAN_POINT('',(0.00879475,0.0152329538398664,0.000211666666666676));
#736=CARTESIAN_POINT('',(3.73099763231035E-18,0.0203106051198218,0.00047625000000001));
#737=CARTESIAN_POINT('',(-0.00879475,0.0152329538398664,0.000740833333333343));
#738=CARTESIAN_POINT('',(-0.0175895,0.0101553025599109,0.00100541666666668));
#739=CARTESIAN_POINT('',(-0.0175895,-1.17425258336244E-18,0.00127));
#740=CARTESIAN_POINT('',(-0.0175895,-0.0101553025599109,0.00153458333333334));
#741=CARTESIAN_POINT('',(-0.00879475,-0.0152329538398664,0.00179916666666668));
#742=CARTESIAN_POINT('',(-1.24366587743678E-18,-0.0203106051198218,0.00206375000000001));
#743=CARTESIAN_POINT('',(0.00879475,-0.0152329538398664,0.00232833333333335));
#744=CARTESIAN_POINT('',(0.0175895,-0.0101553025599109,0.00259291666666668));
#745=CARTESIAN_POINT('',(0.0175895,-3.32834507072267E-18,0.0028575));
#746=CARTESIAN_POINT('',(0.0175895,0.0101553025599109,0.00312208333333334));
#747=CARTESIAN_POINT('',(0.00879475,0.0152329538398664,0.00338666666666667));
#748=CARTESIAN_POINT('',(3.73099763231035E-18,0.0203106051198218,0.00365125000000001));
#749=CARTESIAN_POINT('',(-0.00879475,0.0152329538398664,0.00391583333333334));
#750=CARTESIAN_POINT('',(-0.0175895,0.0101553025599109,0.00418041666666667));
#751=CARTESIAN_POINT('',(-0.0175895,-1.17425258336244E-18,0.004445));
#752=CARTESIAN_POINT('',(-0.0175895,-0.0101553025599109,0.00470958333333334));
#753=CARTESIAN_POINT('',(-0.00879475,-0.0152329538398664,0.00497416666666668));
#754=CARTESIAN_POINT('',(-1.24366587743678E-18,-0.0203106051198218,0.00523875000000001));
#755=CARTESIAN_POINT('',(0.00879475,-0.0152329538398664,0.00550333333333334));
#756=CARTESIAN_POINT('',(0.0175895,-0.0101553025599109,0.00576791666666667));
#757=CARTESIAN_POINT('',(0.0175895,-3.32834507072267E-18,0.0060325));
#758=CARTESIAN_POINT('',(0.0175895,0.0101553025599109,0.00629708333333334));
#759=CARTESIAN_POINT('',(0.00879475,0.0152329538398664,0.00656166666666668));
#760=CARTESIAN_POINT('',(3.73099763231035E-18,0.0203106051198218,0.00682625000000002));
#761=CARTESIAN_POINT('',(-0.00879475,0.0152329538398664,0.00709083333333334));
#762=CARTESIAN_POINT('',(-0.0175895,0.0101553025599109,0.00735541666666668));
#763=CARTESIAN_POINT('',(-0.0175895,-1.17425258336244E-18,0.00762));
#764=CARTESIAN_POINT('',(-0.0175895,-0.0101553025599109,0.00788458333333335));
#765=CARTESIAN_POINT('',(-0.00879475,-0.0152329538398664,0.00814916666666668));
#766=CARTESIAN_POINT('',(-1.24366587743678E-18,-0.0203106051198218,0.00841375000000001));
#767=CARTESIAN_POINT('',(0.00879475,-0.0152329538398664,0.00867833333333334));
#768=CARTESIAN_POINT('',(0.0175895,-0.0101553025599109,0.00894291666666668));
#769=CARTESIAN_POINT('',(0.0175895,-3.32834507072267E-18,0.0092075));
#770=CARTESIAN_POINT('',(0.0175895,0.0101553025599109,0.00947208333333334));
#771=CARTESIAN_POINT('',(0.00879475,0.0152329538398664,0.00973666666666668));
#772=CARTESIAN_POINT('',(3.73099763231035E-18,0.0203106051198218,0.01000125));
#773=CARTESIAN_POINT('',(-0.00879475,0.0152329538398664,0.0102658333333333));
#774=CARTESIAN_POINT('',(-0.0175895,0.0101553025599109,0.0105304166666667));
#775=CARTESIAN_POINT('',(-0.0175895,-1.17425258336244E-18,0.010795));
#776=CARTESIAN_POINT('',(-0.0175895,-0.0101553025599109,0.0110595833333333));
#777=CARTESIAN_POINT('',(-0.00879475,-0.0152329538398664,0.0113241666666667));
#778=CARTESIAN_POINT('',(-1.24366587743678E-18,-0.0203106051198218,0.01158875));
#779=CARTESIAN_POINT('',(0.00879475,-0.0152329538398664,0.0118533333333333));
#780=CARTESIAN_POINT('',(0.0175895,-0.0101553025599109,0.0121179166666667));
#781=CARTESIAN_POINT('',(0.0175895,-3.32834507072267E-18,0.0123825));
#782=CARTESIAN_POINT('',(0.0175895,0.0101553025599109,0.0126470833333333));
#783=CARTESIAN_POINT('',(0.00879475,0.0152329538398664,0.0129116666666667));
#784=CARTESIAN_POINT('',(3.73099763231035E-18,0.0203106051198218,0.01317625));
#785=CARTESIAN_POINT('',(-0.00879475,0.0152329538398664,0.0134408333333333));
#786=CARTESIAN_POINT('',(-0.0175895,0.0101553025599109,0.0137054166666667));
#787=CARTESIAN_POINT('',(-0.0175895,-1.17425258336244E-18,0.01397));
#788=CARTESIAN_POINT('',(-0.0175895,-0.00139373430386724,0.0140063119528663));
#789=CARTESIAN_POINT('',(-0.0173700081977102,-0.00277007679703668,0.0140454724060714));
#790=CARTESIAN_POINT('',(-0.0175895,-1.17425258336244E-18,-0.00508));
#791=CARTESIAN_POINT('',(-0.0175895,-0.0101553025599109,-0.00481541666666665));
#792=CARTESIAN_POINT('',(-0.00879475,-0.0152329538398664,-0.00455083333333332));
#793=CARTESIAN_POINT('',(-1.24366587743678E-18,-0.0203106051198218,-0.00428624999999999));
#794=CARTESIAN_POINT('',(0.00879475,-0.0152329538398664,-0.00402166666666666));
#795=CARTESIAN_POINT('',(0.0175895,-0.0101553025599109,-0.00375708333333332));
#796=CARTESIAN_POINT('',(0.0175895,-3.32834507072267E-18,-0.0034925));
#797=CARTESIAN_POINT('',(0.0175895,0.0101553025599109,-0.00322791666666665));
#798=CARTESIAN_POINT('',(0.00879475,0.0152329538398664,-0.00296333333333332));
#799=CARTESIAN_POINT('',(3.73099763231035E-18,0.0203106051198218,-0.00269874999999999));
#800=CARTESIAN_POINT('',(-0.00879475,0.0152329538398664,-0.00243416666666666));
#801=CARTESIAN_POINT('',(-0.0175895,0.0101553025599109,-0.00216958333333332));
#802=CARTESIAN_POINT('',(-0.0175895,3.13393239135803E-18,-0.001905));
#803=CARTESIAN_POINT('',(-0.0175895,-0.0101553025599109,-0.00164041666666666));
#804=CARTESIAN_POINT('',(-0.00879475,-0.0152329538398664,-0.00137583333333332));
#805=CARTESIAN_POINT('',(-2.42577705456606E-17,-0.0203106051198218,-0.00111124999999999));
#806=CARTESIAN_POINT('',(0.00879475,-0.0152329538398664,-0.000846666666666657));
#807=CARTESIAN_POINT('',(0.0175895,-0.0101553025599109,-0.000582083333333323));
#808=CARTESIAN_POINT('',(0.0175895,-7.63653004544315E-18,-0.000317499999999991));
#809=CARTESIAN_POINT('',(0.0175895,0.0101553025599109,-5.29166666666569E-5));
#810=CARTESIAN_POINT('',(0.00879475,0.0152329538398664,0.000211666666666676));
#811=CARTESIAN_POINT('',(8.70566114205748E-18,0.0203106051198218,0.00047625000000001));
#812=CARTESIAN_POINT('',(-0.00879475,0.0152329538398664,0.000740833333333343));
#813=CARTESIAN_POINT('',(-0.0175895,0.0101553025599109,0.00100541666666668));
#814=CARTESIAN_POINT('',(-0.0175895,7.44211736607851E-18,0.00127));
#815=CARTESIAN_POINT('',(-0.0175895,-0.0101553025599109,0.00153458333333334));
#816=CARTESIAN_POINT('',(-0.00879475,-0.0152329538398664,0.00179916666666668));
#817=CARTESIAN_POINT('',(-4.72718752138843E-17,-0.0203106051198218,0.00206375000000001));
#818=CARTESIAN_POINT('',(0.00879475,-0.0152329538398664,0.00232833333333335));
#819=CARTESIAN_POINT('',(0.0175895,-0.0101553025599109,0.00259291666666668));
#820=CARTESIAN_POINT('',(0.0175895,-4.31899436467943E-17,0.0028575));
#821=CARTESIAN_POINT('',(0.0175895,0.0101553025599109,0.00312208333333334));
#822=CARTESIAN_POINT('',(0.00879475,0.0152329538398664,0.00338666666666667));
#823=CARTESIAN_POINT('',(4.97592069687579E-17,0.0203106051198218,0.00365125000000001));
#824=CARTESIAN_POINT('',(-0.00879475,0.0152329538398664,0.00391583333333334));
#825=CARTESIAN_POINT('',(-0.0175895,0.0101553025599109,0.00418041666666667));
#826=CARTESIAN_POINT('',(-0.0175895,1.1750302340799E-17,0.004445));
#827=CARTESIAN_POINT('',(-0.0175895,-0.0101553025599109,0.00470958333333334));
#828=CARTESIAN_POINT('',(-0.00879475,-0.0152329538398664,0.00497416666666668));
#829=CARTESIAN_POINT('',(-5.22465387236315E-17,-0.0203106051198218,0.00523875000000001));
#830=CARTESIAN_POINT('',(0.00879475,-0.0152329538398664,0.00550333333333334));
#831=CARTESIAN_POINT('',(0.0175895,-0.0101553025599109,0.00576791666666667));
#832=CARTESIAN_POINT('',(0.0175895,-1.62528999948841E-17,0.0060325));
#833=CARTESIAN_POINT('',(0.0175895,0.0101553025599109,0.00629708333333334));
#834=CARTESIAN_POINT('',(0.00879475,0.0152329538398664,0.00656166666666668));
#835=CARTESIAN_POINT('',(5.4733870478505E-17,0.0203106051198218,0.00682625000000002));
#836=CARTESIAN_POINT('',(-0.00879475,0.0152329538398664,0.00709083333333334));
#837=CARTESIAN_POINT('',(-0.0175895,0.0101553025599109,0.00735541666666668));
#838=CARTESIAN_POINT('',(-0.0175895,1.60584873155194E-17,0.00762));
#839=CARTESIAN_POINT('',(-0.0175895,-0.0101553025599109,0.00788458333333335));
#840=CARTESIAN_POINT('',(-0.00879475,-0.0152329538398664,0.00814916666666668));
#841=CARTESIAN_POINT('',(-5.72212022333785E-17,-0.0203106051198218,0.00841375000000001));
#842=CARTESIAN_POINT('',(0.00879475,-0.0152329538398664,0.00867833333333334));
#843=CARTESIAN_POINT('',(0.0175895,-0.0101553025599109,0.00894291666666668));
#844=CARTESIAN_POINT('',(0.0175895,-8.3051542222866E-17,0.0092075));
#845=CARTESIAN_POINT('',(0.0175895,0.0101553025599109,0.00947208333333334));
#846=CARTESIAN_POINT('',(0.00879475,0.0152329538398664,0.00973666666666668));
#847=CARTESIAN_POINT('',(5.97085339882522E-17,0.0203106051198218,0.01000125));
#848=CARTESIAN_POINT('',(-0.00879475,0.0152329538398664,0.0102658333333333));
#849=CARTESIAN_POINT('',(-0.0175895,0.0101553025599109,0.0105304166666667));
#850=CARTESIAN_POINT('',(-0.0175895,8.28571295435014E-17,0.010795));
#851=CARTESIAN_POINT('',(-0.0175895,-0.0101553025599109,0.0110595833333333));
#852=CARTESIAN_POINT('',(-0.00879475,-0.0152329538398664,0.0113241666666667));
#853=CARTESIAN_POINT('',(-1.34353630377032E-16,-0.0203106051198218,0.01158875));
#854=CARTESIAN_POINT('',(0.00879475,-0.0152329538398664,0.0118533333333333));
#855=CARTESIAN_POINT('',(0.0175895,-0.0101553025599109,0.0121179166666667));
#856=CARTESIAN_POINT('',(0.0175895,-8.73597271975865E-17,0.0123825));
#857=CARTESIAN_POINT('',(0.0175895,0.0101553025599109,0.0126470833333333));
#858=CARTESIAN_POINT('',(0.0087947500000001,0.0152329538398664,0.0129116666666667));
#859=CARTESIAN_POINT('',(6.46831974979992E-17,0.0203106051198218,0.01317625));
#860=CARTESIAN_POINT('',(-0.00879474999999989,0.0152329538398664,0.0134408333333333));
#861=CARTESIAN_POINT('',(-0.0175895,0.0101553025599109,0.0137054166666667));
#862=CARTESIAN_POINT('',(-0.0175895,2.46748572649604E-17,0.01397));
#863=CARTESIAN_POINT('',(-0.0175895000000001,-0.0101553025599109,0.0142345833333333));
#864=CARTESIAN_POINT('',(-0.00879475,-0.0152329538398664,0.0144991666666667));
#865=CARTESIAN_POINT('',(-1.39328293886779E-16,-0.0203106051198218,0.01476375));
#866=CARTESIAN_POINT('',(0.00879475,-0.0152329538398664,0.0150283333333333));
#867=CARTESIAN_POINT('',(0.0175895,-0.0101553025599109,0.0152929166666667));
#868=CARTESIAN_POINT('',(0.0175895,-9.1667912172307E-17,0.0155575));
#869=CARTESIAN_POINT('',(0.0175895,0.0101553025599109,0.0158220833333333));
#870=CARTESIAN_POINT('',(0.0087947500000001,0.0152329538398664,0.0160866666666667));
#871=CARTESIAN_POINT('',(6.96578610077464E-17,0.0203106051198218,0.01635125));
#872=CARTESIAN_POINT('',(-0.00879474999999989,0.0152329538398664,0.0166158333333334));
#873=CARTESIAN_POINT('',(-0.0175895,0.0101553025599109,0.0168804166666667));
#874=CARTESIAN_POINT('',(-0.0175895,2.89830422396809E-17,0.017145));
#875=CARTESIAN_POINT('',(-0.0175895,7.44211736607851E-18,0.00127));
#876=CARTESIAN_POINT('',(0.0044500384818966,0.0186535381767009,0.00127));
#877=CARTESIAN_POINT('',(0.00170719849467264,0.0191745860513391,0.00127));
#878=CARTESIAN_POINT('',(-0.00251942727279921,0.0190366458006124,0.00127));
#879=CARTESIAN_POINT('',(-0.00775251260541534,0.0170562868356086,0.00127));
#880=CARTESIAN_POINT('',(-0.0106363219727133,0.0151723817726367,0.00126999999999999));
#881=CARTESIAN_POINT('',(-0.0126793243863901,0.013257291849329,0.00127000000000001));
#882=CARTESIAN_POINT('',(-0.014454079152444,0.0111621592755708,0.00126999999999999));
#883=CARTESIAN_POINT('',(-0.0162291425761176,0.00813654424580827,0.00127));
#884=CARTESIAN_POINT('',(-0.0174547983745781,0.00416990005173304,0.00127));
#885=CARTESIAN_POINT('',(-0.0176515949556646,0.00137602422353992,0.00127));
#886=CARTESIAN_POINT('',(-0.0175895,-1.17425258336244E-18,0.00127));
#887=CARTESIAN_POINT('',(0.00724050718242182,0.0178990128040275,0.00127000000000001));
#888=CARTESIAN_POINT('',(0.00632958870477143,0.0182216684456752,0.00127000000000001));
#889=CARTESIAN_POINT('',(0.00539943457091873,0.0184731846684106,0.00127));
#890=CARTESIAN_POINT('',(0.00445003848189662,0.0186535381767009,0.00127));
#891=CARTESIAN_POINT('',(0.00724050718242182,0.0178990128040275,0.00127000000000001));
#892=CARTESIAN_POINT('',(-0.019308019153125,-1.17425258336244E-18,-0.00408781249999999));
#893=CARTESIAN_POINT('',(-0.019308019153125,-0.0111474900555752,-0.00382322916666666));
#894=CARTESIAN_POINT('',(-0.0096540095765625,-0.0167212350833628,-0.00355864583333333));
#895=CARTESIAN_POINT('',(-1.36517380150871E-18,-0.0222949801111503,-0.00329406249999999));
#896=CARTESIAN_POINT('',(0.0096540095765625,-0.0167212350833628,-0.00302947916666666));
#897=CARTESIAN_POINT('',(0.019308019153125,-0.0111474900555752,-0.00276489583333332));
#898=CARTESIAN_POINT('',(0.019308019153125,-3.53880296873747E-18,-0.00250031249999999));
#899=CARTESIAN_POINT('',(0.019308019153125,0.0111474900555752,-0.00223572916666666));
#900=CARTESIAN_POINT('',(0.00965400957656251,0.0167212350833628,-0.00197114583333332));
#901=CARTESIAN_POINT('',(4.09552140452613E-18,0.0222949801111503,-0.00170656249999999));
#902=CARTESIAN_POINT('',(-0.00965400957656249,0.0167212350833628,-0.00144197916666666));
#903=CARTESIAN_POINT('',(-0.019308019153125,0.0111474900555752,-0.00117739583333332));
#904=CARTESIAN_POINT('',(-0.019308019153125,3.55484818738763E-18,-0.00091281249999999));
#905=CARTESIAN_POINT('',(-0.019308019153125,-0.0111474900555752,-0.000648229166666657));
#906=CARTESIAN_POINT('',(-0.00965400957656251,-0.0167212350833628,-0.000383645833333323));
#907=CARTESIAN_POINT('',(-2.66277892099108E-17,-0.0222949801111503,-0.000119062499999991));
#908=CARTESIAN_POINT('',(0.00965400957656249,-0.0167212350833628,0.000145520833333343));
#909=CARTESIAN_POINT('',(0.019308019153125,-0.0111474900555752,0.000410104166666677));
#910=CARTESIAN_POINT('',(0.019308019153125,-8.26790373948754E-18,0.00067468750000001));
#911=CARTESIAN_POINT('',(0.019308019153125,0.0111474900555752,0.000939270833333343));
#912=CARTESIAN_POINT('',(0.00965400957656253,0.0167212350833628,0.00120385416666668));
#913=CARTESIAN_POINT('',(9.55621661056095E-18,0.0222949801111503,0.00146843750000001));
#914=CARTESIAN_POINT('',(-0.00965400957656249,0.0167212350833628,0.00173302083333334));
#915=CARTESIAN_POINT('',(-0.019308019153125,0.0111474900555752,0.00199760416666668));
#916=CARTESIAN_POINT('',(-0.019308019153125,8.28394895813769E-18,0.00226218750000001));
#917=CARTESIAN_POINT('',(-0.019308019153125,-0.0111474900555752,0.00252677083333334));
#918=CARTESIAN_POINT('',(-0.00965400957656253,-0.0167212350833628,0.00279135416666668));
#919=CARTESIAN_POINT('',(-5.18904046183128E-17,-0.0222949801111503,0.00305593750000001));
#920=CARTESIAN_POINT('',(0.00965400957656248,-0.0167212350833628,0.00332052083333335));
#921=CARTESIAN_POINT('',(0.019308019153125,-0.0111474900555752,0.00358510416666668));
#922=CARTESIAN_POINT('',(0.019308019153125,-4.72949363881622E-17,0.00384968750000001));
#923=CARTESIAN_POINT('',(0.019308019153125,0.0111474900555751,0.00411427083333334));
#924=CARTESIAN_POINT('',(0.00965400957656253,0.0167212350833628,0.00437885416666667));
#925=CARTESIAN_POINT('',(5.46207522213302E-17,0.0222949801111503,0.00464343750000001));
#926=CARTESIAN_POINT('',(-0.00965400957656245,0.0167212350833628,0.00490802083333334));
#927=CARTESIAN_POINT('',(-0.019308019153125,0.0111474900555752,0.00517260416666668));
#928=CARTESIAN_POINT('',(-0.019308019153125,1.30130497288878E-17,0.00543718750000001));
#929=CARTESIAN_POINT('',(-0.019308019153125,-0.0111474900555751,0.00570177083333334));
#930=CARTESIAN_POINT('',(-0.00965400957656254,-0.0167212350833628,0.00596635416666668));
#931=CARTESIAN_POINT('',(-5.73510998243477E-17,-0.0222949801111503,0.00623093750000001));
#932=CARTESIAN_POINT('',(0.00965400957656245,-0.0167212350833628,0.00649552083333334));
#933=CARTESIAN_POINT('',(0.0193080191531249,-0.0111474900555752,0.00676010416666668));
#934=CARTESIAN_POINT('',(0.019308019153125,-1.77261052809876E-17,0.00702468750000001));
#935=CARTESIAN_POINT('',(0.019308019153125,0.0111474900555751,0.00728927083333334));
#936=CARTESIAN_POINT('',(0.00965400957656254,0.0167212350833628,0.00755385416666668));
#937=CARTESIAN_POINT('',(6.00814474273651E-17,0.0222949801111503,0.00781843750000001));
#938=CARTESIAN_POINT('',(-0.00965400957656245,0.0167212350833628,0.00808302083333334));
#939=CARTESIAN_POINT('',(-0.0193080191531249,0.0111474900555752,0.00834760416666667));
#940=CARTESIAN_POINT('',(-0.019308019153125,1.77421504996378E-17,0.00861218750000001));
#941=CARTESIAN_POINT('',(-0.019308019153125,-0.0111474900555751,0.00887677083333334));
#942=CARTESIAN_POINT('',(-0.00965400957656254,-0.0167212350833628,0.00914135416666668));
#943=CARTESIAN_POINT('',(-6.28117950303825E-17,-0.0222949801111503,0.0094059375));
#944=CARTESIAN_POINT('',(0.00965400957656245,-0.0167212350833628,0.00967052083333334));
#945=CARTESIAN_POINT('',(0.0193080191531249,-0.0111474900555752,0.00993510416666668));
#946=CARTESIAN_POINT('',(0.019308019153125,-9.1051069807587E-17,0.0101996875));
#947=CARTESIAN_POINT('',(0.019308019153125,0.0111474900555751,0.0104642708333333));
#948=CARTESIAN_POINT('',(0.00965400957656254,0.0167212350833628,0.0107288541666667));
#949=CARTESIAN_POINT('',(6.55421426333999E-17,0.0222949801111503,0.0109934375));
#950=CARTESIAN_POINT('',(-0.00965400957656244,0.0167212350833628,0.0112580208333333));
#951=CARTESIAN_POINT('',(-0.0193080191531249,0.0111474900555752,0.0115226041666667));
#952=CARTESIAN_POINT('',(-0.019308019153125,9.10671150262372E-17,0.0117871875));
#953=CARTESIAN_POINT('',(-0.019308019153125,-0.0111474900555751,0.0120517708333333));
#954=CARTESIAN_POINT('',(-0.00965400957656254,-0.0167212350833628,0.0123163541666667));
#955=CARTESIAN_POINT('',(-1.47480171045886E-16,-0.0222949801111503,0.0125809375));
#956=CARTESIAN_POINT('',(0.00965400957656244,-0.0167212350833628,0.0128455208333333));
#957=CARTESIAN_POINT('',(0.019308019153125,-0.0111474900555752,0.0131101041666667));
#958=CARTESIAN_POINT('',(0.019308019153125,-9.57801705783371E-17,0.0133746875));
#959=CARTESIAN_POINT('',(0.019308019153125,0.0111474900555751,0.0136392708333333));
#960=CARTESIAN_POINT('',(0.0096540095765626,0.0167212350833627,0.0139038541666667));
#961=CARTESIAN_POINT('',(7.10028378394347E-17,0.0222949801111503,0.0141684375));
#962=CARTESIAN_POINT('',(-0.00965400957656238,0.0167212350833629,0.0144330208333333));
#963=CARTESIAN_POINT('',(-0.0193080191531249,0.0111474900555752,0.0146976041666667));
#964=CARTESIAN_POINT('',(-0.019308019153125,2.72003520411379E-17,0.0149621875));
#965=CARTESIAN_POINT('',(-0.019308019153125,-0.0111474900555751,0.0152267708333333));
#966=CARTESIAN_POINT('',(-0.00965400957656255,-0.0167212350833628,0.0154913541666667));
#967=CARTESIAN_POINT('',(-1.52940866251921E-16,-0.0222949801111503,0.0157559375));
#968=CARTESIAN_POINT('',(0.00965400957656244,-0.0167212350833628,0.0160205208333334));
#969=CARTESIAN_POINT('',(0.019308019153125,-0.0111474900555752,0.0162851041666667));
#970=CARTESIAN_POINT('',(0.019308019153125,-1.00509271349087E-16,0.0165496875));
#971=CARTESIAN_POINT('',(0.019308019153125,0.0111474900555751,0.0168142708333333));
#972=CARTESIAN_POINT('',(0.00965400957656261,0.0167212350833627,0.0170788541666667));
#973=CARTESIAN_POINT('',(7.64635330454696E-17,0.0222949801111503,0.0173434375));
#974=CARTESIAN_POINT('',(-0.00965400957656238,0.0167212350833629,0.0176080208333334));
#975=CARTESIAN_POINT('',(-0.0193080191531249,0.0111474900555753,0.0178726041666667));
#976=CARTESIAN_POINT('',(-0.019308019153125,3.1929452811888E-17,0.0181371875));
#977=CARTESIAN_POINT('',(-0.0029075870744912,-0.0173475199280546,0.00118252746466634));
#978=CARTESIAN_POINT('',(0.00332333906398719,-0.0183918744166204,0.00136998011624511));
#979=CARTESIAN_POINT('',(0.00879475,-0.0152329538398664,0.00153458333333334));
#980=CARTESIAN_POINT('',(0.0175895,-0.0101553025599109,0.00179916666666667));
#981=CARTESIAN_POINT('',(0.0175895,-3.32834507072267E-18,0.00206375));
#982=CARTESIAN_POINT('',(0.0175895,0.0101553025599109,0.00232833333333334));
#983=CARTESIAN_POINT('',(0.00879475,0.0152329538398664,0.00259291666666668));
#984=CARTESIAN_POINT('',(3.73099763231035E-18,0.0203106051198218,0.00285750000000001));
#985=CARTESIAN_POINT('',(-0.00879475,0.0152329538398664,0.00312208333333334));
#986=CARTESIAN_POINT('',(-0.0175895,0.0101553025599109,0.00338666666666668));
#987=CARTESIAN_POINT('',(-0.0175895,-1.17425258336244E-18,0.00365125));
#988=CARTESIAN_POINT('',(-0.0175895,-0.0101553025599109,0.00391583333333334));
#989=CARTESIAN_POINT('',(-0.00879475,-0.0152329538398664,0.00418041666666668));
#990=CARTESIAN_POINT('',(-1.24366587743678E-18,-0.0203106051198218,0.00444500000000001));
#991=CARTESIAN_POINT('',(0.00879475,-0.0152329538398664,0.00470958333333334));
#992=CARTESIAN_POINT('',(0.0175895,-0.0101553025599109,0.00497416666666668));
#993=CARTESIAN_POINT('',(0.0175895,-3.32834507072267E-18,0.00523875));
#994=CARTESIAN_POINT('',(0.0175895,0.0101553025599109,0.00550333333333334));
#995=CARTESIAN_POINT('',(0.00879475,0.0152329538398664,0.00576791666666668));
#996=CARTESIAN_POINT('',(3.73099763231035E-18,0.0203106051198218,0.00603250000000001));
#997=CARTESIAN_POINT('',(-0.00879475,0.0152329538398664,0.00629708333333334));
#998=CARTESIAN_POINT('',(-0.0175895,0.0101553025599109,0.00656166666666667));
#999=CARTESIAN_POINT('',(-0.0175895,-1.17425258336244E-18,0.00682625));
#1000=CARTESIAN_POINT('',(-0.0175895,-0.0101553025599109,0.00709083333333335));
#1001=CARTESIAN_POINT('',(-0.00879475,-0.0152329538398664,0.00735541666666668));
#1002=CARTESIAN_POINT('',(-1.24366587743678E-18,-0.0203106051198218,0.00762000000000001));
#1003=CARTESIAN_POINT('',(0.00879475,-0.0152329538398664,0.00788458333333334));
#1004=CARTESIAN_POINT('',(0.0175895,-0.0101553025599109,0.00814916666666668));
#1005=CARTESIAN_POINT('',(0.0175895,-3.32834507072267E-18,0.00841375));
#1006=CARTESIAN_POINT('',(0.0175895,0.0101553025599109,0.00867833333333334));
#1007=CARTESIAN_POINT('',(0.00879475,0.0152329538398664,0.00894291666666668));
#1008=CARTESIAN_POINT('',(3.73099763231035E-18,0.0203106051198218,0.00920750000000001));
#1009=CARTESIAN_POINT('',(-0.00879475,0.0152329538398664,0.00947208333333334));
#1010=CARTESIAN_POINT('',(-0.0175895,0.0101553025599109,0.00973666666666667));
#1011=CARTESIAN_POINT('',(-0.0175895,-1.17425258336244E-18,0.01000125));
#1012=CARTESIAN_POINT('',(-0.0175895,-0.0101553025599109,0.0102658333333333));
#1013=CARTESIAN_POINT('',(-0.00879475,-0.0152329538398664,0.0105304166666667));
#1014=CARTESIAN_POINT('',(-1.24366587743678E-18,-0.0203106051198218,0.010795));
#1015=CARTESIAN_POINT('',(0.00879475,-0.0152329538398664,0.0110595833333333));
#1016=CARTESIAN_POINT('',(0.0175895,-0.0101553025599109,0.0113241666666667));
#1017=CARTESIAN_POINT('',(0.0175895,-3.32834507072267E-18,0.01158875));
#1018=CARTESIAN_POINT('',(0.0175895,0.0101553025599109,0.0118533333333333));
#1019=CARTESIAN_POINT('',(0.00879475,0.0152329538398664,0.0121179166666667));
#1020=CARTESIAN_POINT('',(3.73099763231035E-18,0.0203106051198218,0.0123825));
#1021=CARTESIAN_POINT('',(-0.00879475,0.0152329538398664,0.0126470833333333));
#1022=CARTESIAN_POINT('',(-0.0175895,0.0101553025599109,0.0129116666666667));
#1023=CARTESIAN_POINT('',(-0.0175895,-1.17425258336244E-18,0.01317625));
#1024=CARTESIAN_POINT('',(-0.0175895,-0.0101553025599109,0.0134408333333333));
#1025=CARTESIAN_POINT('',(-0.00879475,-0.0152329538398664,0.0137054166666667));
#1026=CARTESIAN_POINT('',(-1.24366587743678E-18,-0.0203106051198218,0.01397));
#1027=CARTESIAN_POINT('',(0.00879475,-0.0152329538398664,0.0142345833333333));
#1028=CARTESIAN_POINT('',(0.0175895,-0.0101553025599109,0.0144991666666667));
#1029=CARTESIAN_POINT('',(0.0175895,-3.32834507072267E-18,0.01476375));
#1030=CARTESIAN_POINT('',(0.0175895,0.0051012736229202,0.014896657116399));
#1031=CARTESIAN_POINT('',(0.0148601440017628,0.00941098456575475,0.0150499963810976));
#1032=CARTESIAN_POINT('',(-0.00319166246474628,-0.0190423972841807,0.00019033996466634));
#1033=CARTESIAN_POINT('',(0.00364803401459923,-0.0201887866908086,0.000377792616245112));
#1034=CARTESIAN_POINT('',(0.0096540095765625,-0.0167212350833628,0.000542395833333344));
#1035=CARTESIAN_POINT('',(0.019308019153125,-0.0111474900555752,0.000806979166666677));
#1036=CARTESIAN_POINT('',(0.019308019153125,-3.53880296873747E-18,0.00107156250000001));
#1037=CARTESIAN_POINT('',(0.019308019153125,0.0111474900555752,0.00133614583333334));
#1038=CARTESIAN_POINT('',(0.00965400957656251,0.0167212350833628,0.00160072916666667));
#1039=CARTESIAN_POINT('',(4.09552140452613E-18,0.0222949801111503,0.00186531250000001));
#1040=CARTESIAN_POINT('',(-0.00965400957656249,0.0167212350833628,0.00212989583333334));
#1041=CARTESIAN_POINT('',(-0.019308019153125,0.0111474900555752,0.00239447916666668));
#1042=CARTESIAN_POINT('',(-0.019308019153125,-1.17425258336244E-18,0.00265906250000001));
#1043=CARTESIAN_POINT('',(-0.019308019153125,-0.0111474900555752,0.00292364583333334));
#1044=CARTESIAN_POINT('',(-0.0096540095765625,-0.0167212350833628,0.00318822916666668));
#1045=CARTESIAN_POINT('',(-1.36517380150871E-18,-0.0222949801111503,0.00345281250000001));
#1046=CARTESIAN_POINT('',(0.0096540095765625,-0.0167212350833628,0.00371739583333334));
#1047=CARTESIAN_POINT('',(0.019308019153125,-0.0111474900555752,0.00398197916666667));
#1048=CARTESIAN_POINT('',(0.019308019153125,-3.53880296873747E-18,0.00424656250000001));
#1049=CARTESIAN_POINT('',(0.019308019153125,0.0111474900555752,0.00451114583333334));
#1050=CARTESIAN_POINT('',(0.00965400957656251,0.0167212350833628,0.00477572916666668));
#1051=CARTESIAN_POINT('',(4.09552140452613E-18,0.0222949801111503,0.00504031250000001));
#1052=CARTESIAN_POINT('',(-0.00965400957656249,0.0167212350833628,0.00530489583333335));
#1053=CARTESIAN_POINT('',(-0.019308019153125,0.0111474900555752,0.00556947916666668));
#1054=CARTESIAN_POINT('',(-0.019308019153125,-1.17425258336244E-18,0.00583406250000001));
#1055=CARTESIAN_POINT('',(-0.019308019153125,-0.0111474900555752,0.00609864583333334));
#1056=CARTESIAN_POINT('',(-0.0096540095765625,-0.0167212350833628,0.00636322916666668));
#1057=CARTESIAN_POINT('',(-1.36517380150871E-18,-0.0222949801111503,0.00662781250000001));
#1058=CARTESIAN_POINT('',(0.0096540095765625,-0.0167212350833628,0.00689239583333334));
#1059=CARTESIAN_POINT('',(0.019308019153125,-0.0111474900555752,0.00715697916666667));
#1060=CARTESIAN_POINT('',(0.019308019153125,-3.53880296873747E-18,0.00742156250000001));
#1061=CARTESIAN_POINT('',(0.019308019153125,0.0111474900555752,0.00768614583333334));
#1062=CARTESIAN_POINT('',(0.00965400957656251,0.0167212350833628,0.00795072916666668));
#1063=CARTESIAN_POINT('',(4.09552140452613E-18,0.0222949801111503,0.00821531250000001));
#1064=CARTESIAN_POINT('',(-0.00965400957656249,0.0167212350833628,0.00847989583333334));
#1065=CARTESIAN_POINT('',(-0.019308019153125,0.0111474900555752,0.00874447916666667));
#1066=CARTESIAN_POINT('',(-0.019308019153125,-1.17425258336244E-18,0.00900906250000001));
#1067=CARTESIAN_POINT('',(-0.019308019153125,-0.0111474900555752,0.00927364583333335));
#1068=CARTESIAN_POINT('',(-0.0096540095765625,-0.0167212350833628,0.00953822916666668));
#1069=CARTESIAN_POINT('',(-1.36517380150871E-18,-0.0222949801111503,0.0098028125));
#1070=CARTESIAN_POINT('',(0.0096540095765625,-0.0167212350833628,0.0100673958333333));
#1071=CARTESIAN_POINT('',(0.019308019153125,-0.0111474900555752,0.0103319791666667));
#1072=CARTESIAN_POINT('',(0.019308019153125,-3.53880296873747E-18,0.0105965625));
#1073=CARTESIAN_POINT('',(0.019308019153125,0.0111474900555752,0.0108611458333333));
#1074=CARTESIAN_POINT('',(0.00965400957656251,0.0167212350833628,0.0111257291666667));
#1075=CARTESIAN_POINT('',(4.09552140452613E-18,0.0222949801111503,0.0113903125));
#1076=CARTESIAN_POINT('',(-0.00965400957656249,0.0167212350833628,0.0116548958333333));
#1077=CARTESIAN_POINT('',(-0.019308019153125,0.0111474900555752,0.0119194791666667));
#1078=CARTESIAN_POINT('',(-0.019308019153125,-1.17425258336244E-18,0.0121840625));
#1079=CARTESIAN_POINT('',(-0.019308019153125,-0.0111474900555752,0.0124486458333333));
#1080=CARTESIAN_POINT('',(-0.0096540095765625,-0.0167212350833628,0.0127132291666667));
#1081=CARTESIAN_POINT('',(-1.36517380150871E-18,-0.0222949801111503,0.0129778125));
#1082=CARTESIAN_POINT('',(0.0096540095765625,-0.0167212350833628,0.0132423958333333));
#1083=CARTESIAN_POINT('',(0.019308019153125,-0.0111474900555752,0.0135069791666667));
#1084=CARTESIAN_POINT('',(0.019308019153125,-3.53880296873747E-18,0.0137715625));
#1085=CARTESIAN_POINT('',(0.019308019153125,0.00559967530723867,0.0139044696163991));
#1086=CARTESIAN_POINT('',(0.0163120011941346,0.0103304511353567,0.0140578088810976));
#1087=CARTESIAN_POINT('',(0.0185697043979859,0.0047878395515538,0.00127));
#1088=CARTESIAN_POINT('',(0.0183774011000799,0.00570663380335961,0.00127));
#1089=CARTESIAN_POINT('',(0.0181197819925208,0.0066067336507845,0.00127000000000001));
#1090=CARTESIAN_POINT('',(0.0177968373137302,0.00748813629991226,0.00127000000000001));
#1091=CARTESIAN_POINT('',(0.0177968373137302,0.00748813629991226,0.00127));
#1092=CARTESIAN_POINT('',(3.300206056803E-17,-0.0175895,0.00127000000000001));
#1093=CARTESIAN_POINT('',(0.00281877031963365,-0.0177363788624289,0.00127000000000001));
#1094=CARTESIAN_POINT('',(0.00844343268818077,-0.0166546439169263,0.00127));
#1095=CARTESIAN_POINT('',(0.0141408460999701,-0.0122394059497667,0.00127));
#1096=CARTESIAN_POINT('',(0.0171838371414689,-0.00754025178075156,0.00127));
#1097=CARTESIAN_POINT('',(0.0191150183070057,-0.00223013619770502,0.00127));
#1098=CARTESIAN_POINT('',(0.0191421332502594,0.00205286649199841,0.00127));
#1099=CARTESIAN_POINT('',(0.0185697043979859,0.00478783955155368,0.00127));
#1100=CARTESIAN_POINT('',(3.11427895501128E-17,-0.0175895,0.00127));
#1101=CARTESIAN_POINT('',(-0.0175895,-1.17425258336244E-18,-0.00269875));
#1102=CARTESIAN_POINT('',(-0.0175895,-0.0101553025599109,-0.00243416666666666));
#1103=CARTESIAN_POINT('',(-0.00879475,-0.0152329538398664,-0.00216958333333333));
#1104=CARTESIAN_POINT('',(-1.24366587743678E-18,-0.0203106051198218,-0.00190499999999999));
#1105=CARTESIAN_POINT('',(0.00879475,-0.0152329538398664,-0.00164041666666666));
#1106=CARTESIAN_POINT('',(0.0175895,-0.0101553025599109,-0.00137583333333332));
#1107=CARTESIAN_POINT('',(0.0175895,-3.32834507072267E-18,-0.00111125));
#1108=CARTESIAN_POINT('',(0.0175895,0.0101553025599109,-0.000846666666666657));
#1109=CARTESIAN_POINT('',(0.00879475,0.0152329538398664,-0.000582083333333324));
#1110=CARTESIAN_POINT('',(3.73099763231035E-18,0.0203106051198218,-0.00031749999999999));
#1111=CARTESIAN_POINT('',(-0.00879475,0.0152329538398664,-5.29166666666573E-5));
#1112=CARTESIAN_POINT('',(-0.0175895,0.0101553025599109,0.000211666666666676));
#1113=CARTESIAN_POINT('',(-0.0175895,3.13393239135803E-18,0.00047625000000001));
#1114=CARTESIAN_POINT('',(-0.0175895,-0.0101553025599109,0.000740833333333343));
#1115=CARTESIAN_POINT('',(-0.00879475,-0.0152329538398664,0.00100541666666668));
#1116=CARTESIAN_POINT('',(-2.42577705456606E-17,-0.0203106051198218,0.00127000000000001));
#1117=CARTESIAN_POINT('',(0.00879475,-0.0152329538398664,0.00153458333333334));
#1118=CARTESIAN_POINT('',(0.0175895,-0.0101553025599109,0.00179916666666667));
#1119=CARTESIAN_POINT('',(0.0175895,-7.63653004544315E-18,0.00206375));
#1120=CARTESIAN_POINT('',(0.0175895,0.0101553025599109,0.00232833333333334));
#1121=CARTESIAN_POINT('',(0.00879475,0.0152329538398664,0.00259291666666668));
#1122=CARTESIAN_POINT('',(8.70566114205748E-18,0.0203106051198218,0.00285750000000001));
#1123=CARTESIAN_POINT('',(-0.00879475,0.0152329538398664,0.00312208333333334));
#1124=CARTESIAN_POINT('',(-0.0175895,0.0101553025599109,0.00338666666666668));
#1125=CARTESIAN_POINT('',(-0.0175895,7.44211736607851E-18,0.00365125));
#1126=CARTESIAN_POINT('',(-0.0175895,-0.0101553025599109,0.00391583333333334));
#1127=CARTESIAN_POINT('',(-0.00879475,-0.0152329538398664,0.00418041666666668));
#1128=CARTESIAN_POINT('',(-4.72718752138843E-17,-0.0203106051198218,0.00444500000000001));
#1129=CARTESIAN_POINT('',(0.00879475,-0.0152329538398664,0.00470958333333334));
#1130=CARTESIAN_POINT('',(0.0175895,-0.0101553025599109,0.00497416666666668));
#1131=CARTESIAN_POINT('',(0.0175895,-4.31899436467943E-17,0.00523875));
#1132=CARTESIAN_POINT('',(0.0175895,0.0101553025599109,0.00550333333333334));
#1133=CARTESIAN_POINT('',(0.00879475,0.0152329538398664,0.00576791666666668));
#1134=CARTESIAN_POINT('',(4.97592069687579E-17,0.0203106051198218,0.00603250000000001));
#1135=CARTESIAN_POINT('',(-0.00879475,0.0152329538398664,0.00629708333333334));
#1136=CARTESIAN_POINT('',(-0.0175895,0.0101553025599109,0.00656166666666667));
#1137=CARTESIAN_POINT('',(-0.0175895,1.1750302340799E-17,0.00682625));
#1138=CARTESIAN_POINT('',(-0.0175895,-0.0101553025599109,0.00709083333333335));
#1139=CARTESIAN_POINT('',(-0.00879475,-0.0152329538398664,0.00735541666666668));
#1140=CARTESIAN_POINT('',(-5.22465387236315E-17,-0.0203106051198218,0.00762000000000001));
#1141=CARTESIAN_POINT('',(0.00879475,-0.0152329538398664,0.00788458333333334));
#1142=CARTESIAN_POINT('',(0.0175895,-0.0101553025599109,0.00814916666666668));
#1143=CARTESIAN_POINT('',(0.0175895,-1.62528999948841E-17,0.00841375));
#1144=CARTESIAN_POINT('',(0.0175895,0.0101553025599109,0.00867833333333334));
#1145=CARTESIAN_POINT('',(0.00879475,0.0152329538398664,0.00894291666666668));
#1146=CARTESIAN_POINT('',(5.4733870478505E-17,0.0203106051198218,0.00920750000000001));
#1147=CARTESIAN_POINT('',(-0.00879475,0.0152329538398664,0.00947208333333334));
#1148=CARTESIAN_POINT('',(-0.0175895,0.0101553025599109,0.00973666666666667));
#1149=CARTESIAN_POINT('',(-0.0175895,1.60584873155194E-17,0.01000125));
#1150=CARTESIAN_POINT('',(-0.0175895,-0.0101553025599109,0.0102658333333333));
#1151=CARTESIAN_POINT('',(-0.00879475,-0.0152329538398664,0.0105304166666667));
#1152=CARTESIAN_POINT('',(-5.72212022333785E-17,-0.0203106051198218,0.010795));
#1153=CARTESIAN_POINT('',(0.00879475,-0.0152329538398664,0.0110595833333333));
#1154=CARTESIAN_POINT('',(0.0175895,-0.0101553025599109,0.0113241666666667));
#1155=CARTESIAN_POINT('',(0.0175895,-8.3051542222866E-17,0.01158875));
#1156=CARTESIAN_POINT('',(0.0175895,0.0101553025599109,0.0118533333333333));
#1157=CARTESIAN_POINT('',(0.00879475,0.0152329538398664,0.0121179166666667));
#1158=CARTESIAN_POINT('',(5.97085339882522E-17,0.0203106051198218,0.0123825));
#1159=CARTESIAN_POINT('',(-0.00879475,0.0152329538398664,0.0126470833333333));
#1160=CARTESIAN_POINT('',(-0.0175895,0.0101553025599109,0.0129116666666667));
#1161=CARTESIAN_POINT('',(-0.0175895,8.28571295435014E-17,0.01317625));
#1162=CARTESIAN_POINT('',(-0.0175895,-0.0101553025599109,0.0134408333333333));
#1163=CARTESIAN_POINT('',(-0.00879475,-0.0152329538398664,0.0137054166666667));
#1164=CARTESIAN_POINT('',(-1.34353630377032E-16,-0.0203106051198218,0.01397));
#1165=CARTESIAN_POINT('',(0.00879475,-0.0152329538398664,0.0142345833333333));
#1166=CARTESIAN_POINT('',(0.0175895,-0.0101553025599109,0.0144991666666667));
#1167=CARTESIAN_POINT('',(0.0175895,-8.73597271975865E-17,0.01476375));
#1168=CARTESIAN_POINT('',(0.0175895,0.0101553025599109,0.0150283333333333));
#1169=CARTESIAN_POINT('',(0.0087947500000001,0.0152329538398664,0.0152929166666667));
#1170=CARTESIAN_POINT('',(6.46831974979992E-17,0.0203106051198218,0.0155575));
#1171=CARTESIAN_POINT('',(-0.00879474999999989,0.0152329538398664,0.0158220833333334));
#1172=CARTESIAN_POINT('',(-0.0175895,0.0101553025599109,0.0160866666666667));
#1173=CARTESIAN_POINT('',(-0.0175895,2.46748572649604E-17,0.01635125));
#1174=CARTESIAN_POINT('',(-0.0175895000000001,-0.0101553025599109,0.0166158333333333));
#1175=CARTESIAN_POINT('',(-0.00879475,-0.0152329538398664,0.0168804166666667));
#1176=CARTESIAN_POINT('',(-1.39328293886779E-16,-0.0203106051198218,0.017145));
#1177=CARTESIAN_POINT('',(0.00879475,-0.0152329538398664,0.0174095833333333));
#1178=CARTESIAN_POINT('',(0.0175895,-0.0101553025599109,0.0176741666666667));
#1179=CARTESIAN_POINT('',(0.0175895,-9.1667912172307E-17,0.01793875));
#1180=CARTESIAN_POINT('',(0.0175895,0.0101553025599109,0.0182033333333333));
#1181=CARTESIAN_POINT('',(0.0087947500000001,0.0152329538398664,0.0184679166666667));
#1182=CARTESIAN_POINT('',(6.96578610077464E-17,0.0203106051198218,0.0187325));
#1183=CARTESIAN_POINT('',(-0.00879474999999989,0.0152329538398664,0.0189970833333334));
#1184=CARTESIAN_POINT('',(-0.0175895,0.0101553025599109,0.0192616666666667));
#1185=CARTESIAN_POINT('',(-0.0175895,2.89830422396809E-17,0.01952625));
#1186=CARTESIAN_POINT('',(-0.019308019153125,-1.17425258336244E-18,-0.00369093749999999));
#1187=CARTESIAN_POINT('',(-0.019308019153125,-0.0111474900555752,-0.00342635416666666));
#1188=CARTESIAN_POINT('',(-0.0096540095765625,-0.0167212350833628,-0.00316177083333333));
#1189=CARTESIAN_POINT('',(-1.36517380150871E-18,-0.0222949801111503,-0.00289718749999999));
#1190=CARTESIAN_POINT('',(0.0096540095765625,-0.0167212350833628,-0.00263260416666666));
#1191=CARTESIAN_POINT('',(0.019308019153125,-0.0111474900555752,-0.00236802083333332));
#1192=CARTESIAN_POINT('',(0.019308019153125,-3.53880296873747E-18,-0.00210343749999999));
#1193=CARTESIAN_POINT('',(0.019308019153125,0.0111474900555752,-0.00183885416666666));
#1194=CARTESIAN_POINT('',(0.00965400957656251,0.0167212350833628,-0.00157427083333332));
#1195=CARTESIAN_POINT('',(4.09552140452613E-18,0.0222949801111503,-0.00130968749999999));
#1196=CARTESIAN_POINT('',(-0.00965400957656249,0.0167212350833628,-0.00104510416666666));
#1197=CARTESIAN_POINT('',(-0.019308019153125,0.0111474900555752,-0.000780520833333322));
#1198=CARTESIAN_POINT('',(-0.019308019153125,3.55484818738763E-18,-0.000515937499999989));
#1199=CARTESIAN_POINT('',(-0.019308019153125,-0.0111474900555752,-0.000251354166666656));
#1200=CARTESIAN_POINT('',(-0.00965400957656251,-0.0167212350833628,1.32291666666779E-5));
#1201=CARTESIAN_POINT('',(-2.66277892099108E-17,-0.0222949801111503,0.00027781250000001));
#1202=CARTESIAN_POINT('',(0.00965400957656249,-0.0167212350833628,0.000542395833333344));
#1203=CARTESIAN_POINT('',(0.019308019153125,-0.0111474900555752,0.000806979166666678));
#1204=CARTESIAN_POINT('',(0.019308019153125,-8.26790373948754E-18,0.00107156250000001));
#1205=CARTESIAN_POINT('',(0.019308019153125,0.0111474900555752,0.00133614583333334));
#1206=CARTESIAN_POINT('',(0.00965400957656253,0.0167212350833628,0.00160072916666667));
#1207=CARTESIAN_POINT('',(9.55621661056095E-18,0.0222949801111503,0.00186531250000001));
#1208=CARTESIAN_POINT('',(-0.00965400957656249,0.0167212350833628,0.00212989583333334));
#1209=CARTESIAN_POINT('',(-0.019308019153125,0.0111474900555752,0.00239447916666668));
#1210=CARTESIAN_POINT('',(-0.019308019153125,8.28394895813769E-18,0.00265906250000001));
#1211=CARTESIAN_POINT('',(-0.019308019153125,-0.0111474900555752,0.00292364583333334));
#1212=CARTESIAN_POINT('',(-0.00965400957656253,-0.0167212350833628,0.00318822916666668));
#1213=CARTESIAN_POINT('',(-5.18904046183128E-17,-0.0222949801111503,0.00345281250000001));
#1214=CARTESIAN_POINT('',(0.00965400957656248,-0.0167212350833628,0.00371739583333334));
#1215=CARTESIAN_POINT('',(0.019308019153125,-0.0111474900555752,0.00398197916666668));
#1216=CARTESIAN_POINT('',(0.019308019153125,-4.72949363881622E-17,0.00424656250000001));
#1217=CARTESIAN_POINT('',(0.019308019153125,0.0111474900555751,0.00451114583333335));
#1218=CARTESIAN_POINT('',(0.00965400957656253,0.0167212350833628,0.00477572916666668));
#1219=CARTESIAN_POINT('',(5.46207522213302E-17,0.0222949801111503,0.00504031250000001));
#1220=CARTESIAN_POINT('',(-0.00965400957656245,0.0167212350833628,0.00530489583333335));
#1221=CARTESIAN_POINT('',(-0.019308019153125,0.0111474900555752,0.00556947916666668));
#1222=CARTESIAN_POINT('',(-0.019308019153125,1.30130497288878E-17,0.00583406250000001));
#1223=CARTESIAN_POINT('',(-0.019308019153125,-0.0111474900555751,0.00609864583333335));
#1224=CARTESIAN_POINT('',(-0.00965400957656254,-0.0167212350833628,0.00636322916666668));
#1225=CARTESIAN_POINT('',(-5.73510998243477E-17,-0.0222949801111503,0.00662781250000001));
#1226=CARTESIAN_POINT('',(0.00965400957656245,-0.0167212350833628,0.00689239583333334));
#1227=CARTESIAN_POINT('',(0.0193080191531249,-0.0111474900555752,0.00715697916666668));
#1228=CARTESIAN_POINT('',(0.019308019153125,-1.77261052809876E-17,0.00742156250000001));
#1229=CARTESIAN_POINT('',(0.019308019153125,0.0111474900555751,0.00768614583333334));
#1230=CARTESIAN_POINT('',(0.00965400957656254,0.0167212350833628,0.00795072916666668));
#1231=CARTESIAN_POINT('',(6.00814474273651E-17,0.0222949801111503,0.00821531250000001));
#1232=CARTESIAN_POINT('',(-0.00965400957656245,0.0167212350833628,0.00847989583333334));
#1233=CARTESIAN_POINT('',(-0.0193080191531249,0.0111474900555752,0.00874447916666667));
#1234=CARTESIAN_POINT('',(-0.019308019153125,1.77421504996378E-17,0.00900906250000001));
#1235=CARTESIAN_POINT('',(-0.019308019153125,-0.0111474900555751,0.00927364583333335));
#1236=CARTESIAN_POINT('',(-0.00965400957656254,-0.0167212350833628,0.00953822916666668));
#1237=CARTESIAN_POINT('',(-6.28117950303825E-17,-0.0222949801111503,0.0098028125));
#1238=CARTESIAN_POINT('',(0.00965400957656245,-0.0167212350833628,0.0100673958333333));
#1239=CARTESIAN_POINT('',(0.0193080191531249,-0.0111474900555752,0.0103319791666667));
#1240=CARTESIAN_POINT('',(0.019308019153125,-9.1051069807587E-17,0.0105965625));
#1241=CARTESIAN_POINT('',(0.019308019153125,0.0111474900555751,0.0108611458333333));
#1242=CARTESIAN_POINT('',(0.00965400957656254,0.0167212350833628,0.0111257291666667));
#1243=CARTESIAN_POINT('',(6.55421426333999E-17,0.0222949801111503,0.0113903125));
#1244=CARTESIAN_POINT('',(-0.00965400957656244,0.0167212350833628,0.0116548958333333));
#1245=CARTESIAN_POINT('',(-0.0193080191531249,0.0111474900555752,0.0119194791666667));
#1246=CARTESIAN_POINT('',(-0.019308019153125,9.10671150262372E-17,0.0121840625));
#1247=CARTESIAN_POINT('',(-0.019308019153125,-0.0111474900555751,0.0124486458333333));
#1248=CARTESIAN_POINT('',(-0.00965400957656254,-0.0167212350833628,0.0127132291666667));
#1249=CARTESIAN_POINT('',(-1.47480171045886E-16,-0.0222949801111503,0.0129778125));
#1250=CARTESIAN_POINT('',(0.00965400957656244,-0.0167212350833628,0.0132423958333333));
#1251=CARTESIAN_POINT('',(0.019308019153125,-0.0111474900555752,0.0135069791666667));
#1252=CARTESIAN_POINT('',(0.019308019153125,-9.57801705783371E-17,0.0137715625));
#1253=CARTESIAN_POINT('',(0.019308019153125,0.0111474900555751,0.0140361458333333));
#1254=CARTESIAN_POINT('',(0.0096540095765626,0.0167212350833627,0.0143007291666667));
#1255=CARTESIAN_POINT('',(7.10028378394347E-17,0.0222949801111503,0.0145653125));
#1256=CARTESIAN_POINT('',(-0.00965400957656238,0.0167212350833629,0.0148298958333333));
#1257=CARTESIAN_POINT('',(-0.0193080191531249,0.0111474900555752,0.0150944791666667));
#1258=CARTESIAN_POINT('',(-0.019308019153125,2.72003520411379E-17,0.0153590625));
#1259=CARTESIAN_POINT('',(-0.019308019153125,-0.0111474900555751,0.0156236458333333));
#1260=CARTESIAN_POINT('',(-0.00965400957656255,-0.0167212350833628,0.0158882291666667));
#1261=CARTESIAN_POINT('',(-1.52940866251921E-16,-0.0222949801111503,0.0161528125));
#1262=CARTESIAN_POINT('',(0.00965400957656244,-0.0167212350833628,0.0164173958333334));
#1263=CARTESIAN_POINT('',(0.019308019153125,-0.0111474900555752,0.0166819791666667));
#1264=CARTESIAN_POINT('',(0.019308019153125,-1.00509271349087E-16,0.0169465625));
#1265=CARTESIAN_POINT('',(0.019308019153125,0.0111474900555751,0.0172111458333333));
#1266=CARTESIAN_POINT('',(0.00965400957656261,0.0167212350833627,0.0174757291666667));
#1267=CARTESIAN_POINT('',(7.64635330454696E-17,0.0222949801111503,0.0177403125));
#1268=CARTESIAN_POINT('',(-0.00965400957656238,0.0167212350833629,0.0180048958333334));
#1269=CARTESIAN_POINT('',(-0.0193080191531249,0.0111474900555753,0.0182694791666667));
#1270=CARTESIAN_POINT('',(-0.019308019153125,3.1929452811888E-17,0.0185340625));
#1271=CARTESIAN_POINT('',(0.0187508473915438,0.00460492407282442,0.00118849448965628));
#1272=CARTESIAN_POINT('',(0.0167865814806503,0.0126032427745233,0.00140524980292078));
#1273=CARTESIAN_POINT('',(0.00965400957656251,0.0167212350833628,0.00160072916666667));
#1274=CARTESIAN_POINT('',(4.09552140452613E-18,0.0222949801111503,0.00186531250000001));
#1275=CARTESIAN_POINT('',(-0.00965400957656249,0.0167212350833628,0.00212989583333334));
#1276=CARTESIAN_POINT('',(-0.019308019153125,0.0111474900555752,0.00239447916666668));
#1277=CARTESIAN_POINT('',(-0.019308019153125,-1.17425258336244E-18,0.00265906250000001));
#1278=CARTESIAN_POINT('',(-0.019308019153125,-0.0111474900555752,0.00292364583333334));
#1279=CARTESIAN_POINT('',(-0.0096540095765625,-0.0167212350833628,0.00318822916666668));
#1280=CARTESIAN_POINT('',(-1.36517380150871E-18,-0.0222949801111503,0.00345281250000001));
#1281=CARTESIAN_POINT('',(0.0096540095765625,-0.0167212350833628,0.00371739583333334));
#1282=CARTESIAN_POINT('',(0.019308019153125,-0.0111474900555752,0.00398197916666668));
#1283=CARTESIAN_POINT('',(0.019308019153125,-3.53880296873747E-18,0.00424656250000001));
#1284=CARTESIAN_POINT('',(0.019308019153125,0.0111474900555752,0.00451114583333335));
#1285=CARTESIAN_POINT('',(0.00965400957656251,0.0167212350833628,0.00477572916666668));
#1286=CARTESIAN_POINT('',(4.09552140452613E-18,0.0222949801111503,0.00504031250000001));
#1287=CARTESIAN_POINT('',(-0.00965400957656249,0.0167212350833628,0.00530489583333335));
#1288=CARTESIAN_POINT('',(-0.019308019153125,0.0111474900555752,0.00556947916666668));
#1289=CARTESIAN_POINT('',(-0.019308019153125,-1.17425258336244E-18,0.00583406250000001));
#1290=CARTESIAN_POINT('',(-0.019308019153125,-0.0111474900555752,0.00609864583333335));
#1291=CARTESIAN_POINT('',(-0.0096540095765625,-0.0167212350833628,0.00636322916666668));
#1292=CARTESIAN_POINT('',(-1.36517380150871E-18,-0.0222949801111503,0.00662781250000001));
#1293=CARTESIAN_POINT('',(0.0096540095765625,-0.0167212350833628,0.00689239583333334));
#1294=CARTESIAN_POINT('',(0.019308019153125,-0.0111474900555752,0.00715697916666668));
#1295=CARTESIAN_POINT('',(0.019308019153125,-3.53880296873747E-18,0.00742156250000001));
#1296=CARTESIAN_POINT('',(0.019308019153125,0.0111474900555752,0.00768614583333334));
#1297=CARTESIAN_POINT('',(0.00965400957656251,0.0167212350833628,0.00795072916666668));
#1298=CARTESIAN_POINT('',(4.09552140452613E-18,0.0222949801111503,0.00821531250000001));
#1299=CARTESIAN_POINT('',(-0.00965400957656249,0.0167212350833628,0.00847989583333334));
#1300=CARTESIAN_POINT('',(-0.019308019153125,0.0111474900555752,0.00874447916666667));
#1301=CARTESIAN_POINT('',(-0.019308019153125,-1.17425258336244E-18,0.00900906250000001));
#1302=CARTESIAN_POINT('',(-0.019308019153125,-0.0111474900555752,0.00927364583333335));
#1303=CARTESIAN_POINT('',(-0.0096540095765625,-0.0167212350833628,0.00953822916666668));
#1304=CARTESIAN_POINT('',(-1.36517380150871E-18,-0.0222949801111503,0.0098028125));
#1305=CARTESIAN_POINT('',(0.0096540095765625,-0.0167212350833628,0.0100673958333333));
#1306=CARTESIAN_POINT('',(0.019308019153125,-0.0111474900555752,0.0103319791666667));
#1307=CARTESIAN_POINT('',(0.019308019153125,-3.53880296873747E-18,0.0105965625));
#1308=CARTESIAN_POINT('',(0.019308019153125,0.0111474900555752,0.0108611458333333));
#1309=CARTESIAN_POINT('',(0.00965400957656251,0.0167212350833628,0.0111257291666667));
#1310=CARTESIAN_POINT('',(4.09552140452613E-18,0.0222949801111503,0.0113903125));
#1311=CARTESIAN_POINT('',(-0.00965400957656249,0.0167212350833628,0.0116548958333333));
#1312=CARTESIAN_POINT('',(-0.019308019153125,0.0111474900555752,0.0119194791666667));
#1313=CARTESIAN_POINT('',(-0.019308019153125,-1.17425258336244E-18,0.0121840625));
#1314=CARTESIAN_POINT('',(-0.019308019153125,-0.0111474900555752,0.0124486458333333));
#1315=CARTESIAN_POINT('',(-0.0096540095765625,-0.0167212350833628,0.0127132291666667));
#1316=CARTESIAN_POINT('',(-1.36517380150871E-18,-0.0222949801111503,0.0129778125));
#1317=CARTESIAN_POINT('',(0.0096540095765625,-0.0167212350833628,0.0132423958333333));
#1318=CARTESIAN_POINT('',(0.019308019153125,-0.0111474900555752,0.0135069791666667));
#1319=CARTESIAN_POINT('',(0.019308019153125,-3.53880296873747E-18,0.0137715625));
#1320=CARTESIAN_POINT('',(0.019308019153125,0.0111474900555752,0.0140361458333333));
#1321=CARTESIAN_POINT('',(0.00965400957656251,0.0167212350833628,0.0143007291666667));
#1322=CARTESIAN_POINT('',(0.00717307750227271,0.0181536018842951,0.0143687230165571));
#1323=CARTESIAN_POINT('',(0.00438313591910739,0.0188039283962706,0.0144451857585945));
#1324=CARTESIAN_POINT('',(0.0188910009816991,0.00463934367145493,0.00108025585329263));
#1325=CARTESIAN_POINT('',(0.0169120531253083,0.0126974459689477,0.00129701116655714));
#1326=CARTESIAN_POINT('',(0.0097261686674716,0.0168462182950453,0.00149249053030304));
#1327=CARTESIAN_POINT('',(4.12613346255295E-18,0.0224616243933937,0.00175707386363637));
#1328=CARTESIAN_POINT('',(-0.00972616866747157,0.0168462182950453,0.00202165719696971));
#1329=CARTESIAN_POINT('',(-0.0194523373349432,0.0112308121966969,0.00228624053030304));
#1330=CARTESIAN_POINT('',(-0.0194523373349432,-1.17425258336244E-18,0.00255082386363638));
#1331=CARTESIAN_POINT('',(-0.0194523373349432,-0.0112308121966968,0.00281540719696971));
#1332=CARTESIAN_POINT('',(-0.00972616866747159,-0.0168462182950453,0.00307999053030304));
#1333=CARTESIAN_POINT('',(-1.37537782085098E-18,-0.0224616243933937,0.00334457386363637));
#1334=CARTESIAN_POINT('',(0.00972616866747159,-0.0168462182950453,0.00360915719696971));
#1335=CARTESIAN_POINT('',(0.0194523373349432,-0.0112308121966969,0.00387374053030304));
#1336=CARTESIAN_POINT('',(0.0194523373349432,-3.55647684867971E-18,0.00413832386363637));
#1337=CARTESIAN_POINT('',(0.0194523373349432,0.0112308121966968,0.00440290719696971));
#1338=CARTESIAN_POINT('',(0.0097261686674716,0.0168462182950453,0.00466749053030304));
#1339=CARTESIAN_POINT('',(4.12613346255295E-18,0.0224616243933937,0.00493207386363638));
#1340=CARTESIAN_POINT('',(-0.00972616866747157,0.0168462182950453,0.00519665719696971));
#1341=CARTESIAN_POINT('',(-0.0194523373349432,0.0112308121966969,0.00546124053030304));
#1342=CARTESIAN_POINT('',(-0.0194523373349432,-1.17425258336244E-18,0.00572582386363637));
#1343=CARTESIAN_POINT('',(-0.0194523373349432,-0.0112308121966968,0.0059904071969697));
#1344=CARTESIAN_POINT('',(-0.00972616866747159,-0.0168462182950453,0.00625499053030304));
#1345=CARTESIAN_POINT('',(-1.37537782085098E-18,-0.0224616243933937,0.00651957386363637));
#1346=CARTESIAN_POINT('',(0.00972616866747159,-0.0168462182950453,0.0067841571969697));
#1347=CARTESIAN_POINT('',(0.0194523373349432,-0.0112308121966969,0.00704874053030304));
#1348=CARTESIAN_POINT('',(0.0194523373349432,-3.55647684867971E-18,0.00731332386363637));
#1349=CARTESIAN_POINT('',(0.0194523373349432,0.0112308121966968,0.0075779071969697));
#1350=CARTESIAN_POINT('',(0.0097261686674716,0.0168462182950453,0.00784249053030303));
#1351=CARTESIAN_POINT('',(4.12613346255295E-18,0.0224616243933937,0.00810707386363637));
#1352=CARTESIAN_POINT('',(-0.00972616866747157,0.0168462182950453,0.0083716571969697));
#1353=CARTESIAN_POINT('',(-0.0194523373349432,0.0112308121966969,0.00863624053030303));
#1354=CARTESIAN_POINT('',(-0.0194523373349432,-1.17425258336244E-18,0.00890082386363636));
#1355=CARTESIAN_POINT('',(-0.0194523373349432,-0.0112308121966968,0.00916540719696971));
#1356=CARTESIAN_POINT('',(-0.00972616866747159,-0.0168462182950453,0.00942999053030304));
#1357=CARTESIAN_POINT('',(-1.37537782085098E-18,-0.0224616243933937,0.00969457386363637));
#1358=CARTESIAN_POINT('',(0.00972616866747159,-0.0168462182950453,0.00995915719696969));
#1359=CARTESIAN_POINT('',(0.0194523373349432,-0.0112308121966969,0.010223740530303));
#1360=CARTESIAN_POINT('',(0.0194523373349432,-3.55647684867971E-18,0.0104883238636364));
#1361=CARTESIAN_POINT('',(0.0194523373349432,0.0112308121966968,0.0107529071969697));
#1362=CARTESIAN_POINT('',(0.0097261686674716,0.0168462182950453,0.011017490530303));
#1363=CARTESIAN_POINT('',(4.12613346255295E-18,0.0224616243933937,0.0112820738636364));
#1364=CARTESIAN_POINT('',(-0.00972616866747157,0.0168462182950453,0.0115466571969697));
#1365=CARTESIAN_POINT('',(-0.0194523373349432,0.0112308121966969,0.011811240530303));
#1366=CARTESIAN_POINT('',(-0.0194523373349432,-1.17425258336244E-18,0.0120758238636364));
#1367=CARTESIAN_POINT('',(-0.0194523373349432,-0.0112308121966968,0.0123404071969697));
#1368=CARTESIAN_POINT('',(-0.00972616866747159,-0.0168462182950453,0.012604990530303));
#1369=CARTESIAN_POINT('',(-1.37537782085098E-18,-0.0224616243933937,0.0128695738636364));
#1370=CARTESIAN_POINT('',(0.00972616866747159,-0.0168462182950453,0.0131341571969697));
#1371=CARTESIAN_POINT('',(0.0194523373349432,-0.0112308121966969,0.013398740530303));
#1372=CARTESIAN_POINT('',(0.0194523373349432,-3.55647684867971E-18,0.0136633238636363));
#1373=CARTESIAN_POINT('',(0.0194523373349432,0.0112308121966968,0.0139279071969697));
#1374=CARTESIAN_POINT('',(0.0097261686674716,0.0168462182950453,0.0141924905303031));
#1375=CARTESIAN_POINT('',(0.00722669281593896,0.0182892913507606,0.0142604843801934));
#1376=CARTESIAN_POINT('',(0.00441589775767254,0.0189444787414752,0.0143369471222308));
#1377=CARTESIAN_POINT('',(0.0188910009816991,0.00463934367145493,0.000899858126019913));
#1378=CARTESIAN_POINT('',(0.0169120531253083,0.0126974459689477,0.00111661343928442));
#1379=CARTESIAN_POINT('',(0.0097261686674716,0.0168462182950453,0.00131209280303031));
#1380=CARTESIAN_POINT('',(4.12613346255295E-18,0.0224616243933937,0.00157667613636365));
#1381=CARTESIAN_POINT('',(-0.00972616866747157,0.0168462182950453,0.00184125946969698));
#1382=CARTESIAN_POINT('',(-0.0194523373349432,0.0112308121966969,0.00210584280303031));
#1383=CARTESIAN_POINT('',(-0.0194523373349432,-1.17425258336244E-18,0.00237042613636364));
#1384=CARTESIAN_POINT('',(-0.0194523373349432,-0.0112308121966968,0.00263500946969698));
#1385=CARTESIAN_POINT('',(-0.00972616866747159,-0.0168462182950453,0.00289959280303031));
#1386=CARTESIAN_POINT('',(-1.37537782085098E-18,-0.0224616243933937,0.00316417613636365));
#1387=CARTESIAN_POINT('',(0.00972616866747159,-0.0168462182950453,0.00342875946969698));
#1388=CARTESIAN_POINT('',(0.0194523373349432,-0.0112308121966969,0.00369334280303031));
#1389=CARTESIAN_POINT('',(0.0194523373349432,-3.55647684867971E-18,0.00395792613636364));
#1390=CARTESIAN_POINT('',(0.0194523373349432,0.0112308121966968,0.00422250946969697));
#1391=CARTESIAN_POINT('',(0.0097261686674716,0.0168462182950453,0.00448709280303031));
#1392=CARTESIAN_POINT('',(4.12613346255295E-18,0.0224616243933937,0.00475167613636364));
#1393=CARTESIAN_POINT('',(-0.00972616866747157,0.0168462182950453,0.00501625946969698));
#1394=CARTESIAN_POINT('',(-0.0194523373349432,0.0112308121966969,0.00528084280303031));
#1395=CARTESIAN_POINT('',(-0.0194523373349432,-1.17425258336244E-18,0.00554542613636364));
#1396=CARTESIAN_POINT('',(-0.0194523373349432,-0.0112308121966968,0.00581000946969698));
#1397=CARTESIAN_POINT('',(-0.00972616866747159,-0.0168462182950453,0.00607459280303031));
#1398=CARTESIAN_POINT('',(-1.37537782085098E-18,-0.0224616243933937,0.00633917613636364));
#1399=CARTESIAN_POINT('',(0.00972616866747159,-0.0168462182950453,0.00660375946969698));
#1400=CARTESIAN_POINT('',(0.0194523373349432,-0.0112308121966969,0.00686834280303031));
#1401=CARTESIAN_POINT('',(0.0194523373349432,-3.55647684867971E-18,0.00713292613636364));
#1402=CARTESIAN_POINT('',(0.0194523373349432,0.0112308121966968,0.00739750946969698));
#1403=CARTESIAN_POINT('',(0.0097261686674716,0.0168462182950453,0.00766209280303031));
#1404=CARTESIAN_POINT('',(4.12613346255295E-18,0.0224616243933937,0.00792667613636364));
#1405=CARTESIAN_POINT('',(-0.00972616866747157,0.0168462182950453,0.00819125946969697));
#1406=CARTESIAN_POINT('',(-0.0194523373349432,0.0112308121966969,0.00845584280303031));
#1407=CARTESIAN_POINT('',(-0.0194523373349432,-1.17425258336244E-18,0.00872042613636364));
#1408=CARTESIAN_POINT('',(-0.0194523373349432,-0.0112308121966968,0.00898500946969697));
#1409=CARTESIAN_POINT('',(-0.00972616866747159,-0.0168462182950453,0.0092495928030303));
#1410=CARTESIAN_POINT('',(-1.37537782085098E-18,-0.0224616243933937,0.00951417613636363));
#1411=CARTESIAN_POINT('',(0.00972616866747159,-0.0168462182950453,0.00977875946969698));
#1412=CARTESIAN_POINT('',(0.0194523373349432,-0.0112308121966969,0.0100433428030303));
#1413=CARTESIAN_POINT('',(0.0194523373349432,-3.55647684867971E-18,0.0103079261363636));
#1414=CARTESIAN_POINT('',(0.0194523373349432,0.0112308121966968,0.010572509469697));
#1415=CARTESIAN_POINT('',(0.0097261686674716,0.0168462182950453,0.0108370928030303));
#1416=CARTESIAN_POINT('',(4.12613346255295E-18,0.0224616243933937,0.0111016761363636));
#1417=CARTESIAN_POINT('',(-0.00972616866747157,0.0168462182950453,0.011366259469697));
#1418=CARTESIAN_POINT('',(-0.0194523373349432,0.0112308121966969,0.0116308428030303));
#1419=CARTESIAN_POINT('',(-0.0194523373349432,-1.17425258336244E-18,0.0118954261363636));
#1420=CARTESIAN_POINT('',(-0.0194523373349432,-0.0112308121966968,0.012160009469697));
#1421=CARTESIAN_POINT('',(-0.00972616866747159,-0.0168462182950453,0.0124245928030303));
#1422=CARTESIAN_POINT('',(-1.37537782085098E-18,-0.0224616243933937,0.0126891761363636));
#1423=CARTESIAN_POINT('',(0.00972616866747159,-0.0168462182950453,0.012953759469697));
#1424=CARTESIAN_POINT('',(0.0194523373349432,-0.0112308121966969,0.0132183428030303));
#1425=CARTESIAN_POINT('',(0.0194523373349432,-3.55647684867971E-18,0.0134829261363636));
#1426=CARTESIAN_POINT('',(0.0194523373349432,0.0112308121966968,0.013747509469697));
#1427=CARTESIAN_POINT('',(0.0097261686674716,0.0168462182950453,0.0140120928030303));
#1428=CARTESIAN_POINT('',(0.00722669281593896,0.0182892913507606,0.0140800866529207));
#1429=CARTESIAN_POINT('',(0.00441589775767254,0.0189444787414752,0.0141565493949581));
#1430=CARTESIAN_POINT('',(0.0187508473915438,0.00460492407282442,0.000791619489656277));
#1431=CARTESIAN_POINT('',(0.0167865814806503,0.0126032427745233,0.00100837480292078));
#1432=CARTESIAN_POINT('',(0.00965400957656251,0.0167212350833628,0.00120385416666668));
#1433=CARTESIAN_POINT('',(4.09552140452613E-18,0.0222949801111503,0.00146843750000001));
#1434=CARTESIAN_POINT('',(-0.00965400957656249,0.0167212350833628,0.00173302083333334));
#1435=CARTESIAN_POINT('',(-0.019308019153125,0.0111474900555752,0.00199760416666668));
#1436=CARTESIAN_POINT('',(-0.019308019153125,-1.17425258336244E-18,0.00226218750000001));
#1437=CARTESIAN_POINT('',(-0.019308019153125,-0.0111474900555752,0.00252677083333334));
#1438=CARTESIAN_POINT('',(-0.0096540095765625,-0.0167212350833628,0.00279135416666668));
#1439=CARTESIAN_POINT('',(-1.36517380150871E-18,-0.0222949801111503,0.00305593750000001));
#1440=CARTESIAN_POINT('',(0.0096540095765625,-0.0167212350833628,0.00332052083333335));
#1441=CARTESIAN_POINT('',(0.019308019153125,-0.0111474900555752,0.00358510416666668));
#1442=CARTESIAN_POINT('',(0.019308019153125,-3.53880296873747E-18,0.00384968750000001));
#1443=CARTESIAN_POINT('',(0.019308019153125,0.0111474900555752,0.00411427083333334));
#1444=CARTESIAN_POINT('',(0.00965400957656251,0.0167212350833628,0.00437885416666667));
#1445=CARTESIAN_POINT('',(4.09552140452613E-18,0.0222949801111503,0.00464343750000001));
#1446=CARTESIAN_POINT('',(-0.00965400957656249,0.0167212350833628,0.00490802083333334));
#1447=CARTESIAN_POINT('',(-0.019308019153125,0.0111474900555752,0.00517260416666668));
#1448=CARTESIAN_POINT('',(-0.019308019153125,-1.17425258336244E-18,0.00543718750000001));
#1449=CARTESIAN_POINT('',(-0.019308019153125,-0.0111474900555752,0.00570177083333334));
#1450=CARTESIAN_POINT('',(-0.0096540095765625,-0.0167212350833628,0.00596635416666668));
#1451=CARTESIAN_POINT('',(-1.36517380150871E-18,-0.0222949801111503,0.00623093750000001));
#1452=CARTESIAN_POINT('',(0.0096540095765625,-0.0167212350833628,0.00649552083333334));
#1453=CARTESIAN_POINT('',(0.019308019153125,-0.0111474900555752,0.00676010416666668));
#1454=CARTESIAN_POINT('',(0.019308019153125,-3.53880296873747E-18,0.00702468750000001));
#1455=CARTESIAN_POINT('',(0.019308019153125,0.0111474900555752,0.00728927083333334));
#1456=CARTESIAN_POINT('',(0.00965400957656251,0.0167212350833628,0.00755385416666668));
#1457=CARTESIAN_POINT('',(4.09552140452613E-18,0.0222949801111503,0.00781843750000001));
#1458=CARTESIAN_POINT('',(-0.00965400957656249,0.0167212350833628,0.00808302083333334));
#1459=CARTESIAN_POINT('',(-0.019308019153125,0.0111474900555752,0.00834760416666667));
#1460=CARTESIAN_POINT('',(-0.019308019153125,-1.17425258336244E-18,0.00861218750000001));
#1461=CARTESIAN_POINT('',(-0.019308019153125,-0.0111474900555752,0.00887677083333334));
#1462=CARTESIAN_POINT('',(-0.0096540095765625,-0.0167212350833628,0.00914135416666668));
#1463=CARTESIAN_POINT('',(-1.36517380150871E-18,-0.0222949801111503,0.0094059375));
#1464=CARTESIAN_POINT('',(0.0096540095765625,-0.0167212350833628,0.00967052083333334));
#1465=CARTESIAN_POINT('',(0.019308019153125,-0.0111474900555752,0.00993510416666668));
#1466=CARTESIAN_POINT('',(0.019308019153125,-3.53880296873747E-18,0.0101996875));
#1467=CARTESIAN_POINT('',(0.019308019153125,0.0111474900555752,0.0104642708333333));
#1468=CARTESIAN_POINT('',(0.00965400957656251,0.0167212350833628,0.0107288541666667));
#1469=CARTESIAN_POINT('',(4.09552140452613E-18,0.0222949801111503,0.0109934375));
#1470=CARTESIAN_POINT('',(-0.00965400957656249,0.0167212350833628,0.0112580208333333));
#1471=CARTESIAN_POINT('',(-0.019308019153125,0.0111474900555752,0.0115226041666667));
#1472=CARTESIAN_POINT('',(-0.019308019153125,-1.17425258336244E-18,0.0117871875));
#1473=CARTESIAN_POINT('',(-0.019308019153125,-0.0111474900555752,0.0120517708333333));
#1474=CARTESIAN_POINT('',(-0.0096540095765625,-0.0167212350833628,0.0123163541666667));
#1475=CARTESIAN_POINT('',(-1.36517380150871E-18,-0.0222949801111503,0.0125809375));
#1476=CARTESIAN_POINT('',(0.0096540095765625,-0.0167212350833628,0.0128455208333333));
#1477=CARTESIAN_POINT('',(0.019308019153125,-0.0111474900555752,0.0131101041666667));
#1478=CARTESIAN_POINT('',(0.019308019153125,-3.53880296873747E-18,0.0133746875));
#1479=CARTESIAN_POINT('',(0.019308019153125,0.0111474900555752,0.0136392708333333));
#1480=CARTESIAN_POINT('',(0.00965400957656251,0.0167212350833628,0.0139038541666667));
#1481=CARTESIAN_POINT('',(0.00717307750227271,0.0181536018842951,0.0139718480165571));
#1482=CARTESIAN_POINT('',(0.00438313591910739,0.0188039283962706,0.0140483107585945));
#1483=CARTESIAN_POINT('',(0.0177968373137316,0.00748813629991279,0.00126999999999883));
#1484=CARTESIAN_POINT('',(0.0173419111873993,0.00868934462821476,0.00126999999999883));
#1485=CARTESIAN_POINT('',(0.0161408747911908,0.010979921366149,0.00127000000000055));
#1486=CARTESIAN_POINT('',(0.0137189488700652,0.0139138813026139,0.00126999999999985));
#1487=CARTESIAN_POINT('',(0.0106993263142932,0.0163185398632296,0.00127000000000004));
#1488=CARTESIAN_POINT('',(0.00844828821472778,0.0174574068785758,0.00127000000000001));
#1489=CARTESIAN_POINT('',(0.00724050718242182,0.0178990128040275,0.00127000000000001));
#1490=CARTESIAN_POINT('',(0.,-1.17425258336244E-18,0.00127));
#1491=CARTESIAN_POINT('',(0.,-1.17425258336244E-18,0.00127));
#1492=CARTESIAN_POINT('',(0.,-1.17425258336244E-18,0.00127));
#1493=CARTESIAN_POINT('',(0.,-1.17425258336244E-18,0.00127));
#1494=CARTESIAN_POINT('',(-2.16840434497101E-19,-2.60208521396521E-18,-0.00635));
#1495=CARTESIAN_POINT('',(0.003175,0.00898025612106916,-0.00635));
#1496=CARTESIAN_POINT('',(0.003175,0.00898025612106916,0.015875));
#1497=CARTESIAN_POINT('',(0.003175,0.00898025612106916,0.015875));
#1498=CARTESIAN_POINT('',(0.003175,0.00898025612106916,0.0167201552677225));
#1499=CARTESIAN_POINT('',(0.00248155299565259,0.00926028707787032,0.0183535777240139));
#1500=CARTESIAN_POINT('',(0.000845094569345441,0.009525,0.01905));
#1501=CARTESIAN_POINT('',(4.94520797902463E-18,0.009525,0.01905));
#1502=CARTESIAN_POINT('',(1.7495819788568E-18,-0.009525,0.01905));
#1503=CARTESIAN_POINT('',(0.000845099963633323,-0.009525,0.01905));
#1504=CARTESIAN_POINT('',(0.00247983455770254,-0.0092607032664251,0.0183553045209832));
#1505=CARTESIAN_POINT('',(0.003175,-0.00898025612106916,0.0167201340947204));
#1506=CARTESIAN_POINT('',(0.003175,-0.00898025612106916,0.015875));
#1507=CARTESIAN_POINT('',(0.003175,-0.00898025612106915,0.015875));
#1508=CARTESIAN_POINT('',(0.003175,-0.00898025612106915,-0.00635));
#1509=CARTESIAN_POINT('',(0.003175,-0.0122672579938712,-0.00635));
#1510=CARTESIAN_POINT('',(0.003175,-0.0122672579938712,0.015875));
#1511=CARTESIAN_POINT('',(0.003175,-0.0164216232325345,0.015875));
#1512=CARTESIAN_POINT('',(0.003175,-0.0164216232325345,0.015875));
#1513=CARTESIAN_POINT('',(0.003175,-0.0160725534080091,0.0152813865788458));
#1514=CARTESIAN_POINT('',(0.003175,-0.0158261254081749,0.0146467648498513));
#1515=CARTESIAN_POINT('',(0.003175,-0.0156851796155018,0.01397));
#1516=CARTESIAN_POINT('',(0.003175,0.0122672579938712,-0.00635));
#1517=CARTESIAN_POINT('',(0.003175,0.0156851796155017,0.01397));
#1518=CARTESIAN_POINT('',(0.003175,0.0158260142392255,0.0146462310613937));
#1519=CARTESIAN_POINT('',(0.003175,0.0160722801487942,0.0152809218857502));
#1520=CARTESIAN_POINT('',(0.003175,0.0164216232325343,0.015875));
#1521=CARTESIAN_POINT('',(0.003175,0.0164216232325344,0.015875));
#1522=CARTESIAN_POINT('',(0.003175,0.0122672579938712,0.015875));
#1523=CARTESIAN_POINT('',(-0.003175,-0.0122672579938712,-0.00635));
#1524=CARTESIAN_POINT('',(-0.003175,-0.0156851796155017,0.01397));
#1525=CARTESIAN_POINT('',(-0.003175,-0.0158260142392255,0.0146462310613937));
#1526=CARTESIAN_POINT('',(-0.003175,-0.0160722801487943,0.0152809218857502));
#1527=CARTESIAN_POINT('',(-0.003175,-0.0164216232325344,0.015875));
#1528=CARTESIAN_POINT('',(-0.003175,-0.0164216232325344,0.015875));
#1529=CARTESIAN_POINT('',(-0.003175,-0.00898025612106915,0.015875));
#1530=CARTESIAN_POINT('',(-0.003175,-0.00898025612106915,0.015875));
#1531=CARTESIAN_POINT('',(-0.003175,-0.00898025612106915,-0.00635));
#1532=CARTESIAN_POINT('',(1.3010426069826E-18,6.07153216591882E-18,-0.00635));
#1533=CARTESIAN_POINT('',(-0.003175,-0.00898025612106915,0.015875));
#1534=CARTESIAN_POINT('',(-0.003175,-0.00898025612106915,0.0167201552677225));
#1535=CARTESIAN_POINT('',(-0.00248155299565259,-0.00926028707787032,0.0183535777240139));
#1536=CARTESIAN_POINT('',(-0.000845094569345436,-0.009525,0.01905));
#1537=CARTESIAN_POINT('',(1.12845500414582E-18,-0.009525,0.01905));
#1538=CARTESIAN_POINT('',(-2.91539737791973E-18,0.009525,0.01905));
#1539=CARTESIAN_POINT('',(-0.000845099963633324,0.009525,0.01905));
#1540=CARTESIAN_POINT('',(-0.00247983455770255,0.0092607032664251,0.0183553045209832));
#1541=CARTESIAN_POINT('',(-0.003175,0.00898025612106916,0.0167201340947204));
#1542=CARTESIAN_POINT('',(-0.003175,0.00898025612106916,0.015875));
#1543=CARTESIAN_POINT('',(-0.003175,0.00898025612106915,0.015875));
#1544=CARTESIAN_POINT('',(-0.003175,0.00898025612106915,-0.00635));
#1545=CARTESIAN_POINT('',(-0.003175,0.0122672579938712,-0.00635));
#1546=CARTESIAN_POINT('',(-0.003175,0.0219970452561247,0.015875));
#1547=CARTESIAN_POINT('',(-0.003175,0.0164216232325344,0.015875));
#1548=CARTESIAN_POINT('',(-0.003175,0.0164216232325344,0.015875));
#1549=CARTESIAN_POINT('',(-0.003175,0.0160725534080091,0.0152813865788458));
#1550=CARTESIAN_POINT('',(-0.003175,0.0158261254081749,0.0146467648498513));
#1551=CARTESIAN_POINT('',(-0.003175,0.0156851796155017,0.01397));
#1552=CARTESIAN_POINT('',(0.,-6.5760279754679E-19,0.02286));
#1553=CARTESIAN_POINT('',(0.,-6.5760279754679E-19,0.02413));
#1554=CARTESIAN_POINT('',(0.022225,-6.5760279754679E-19,0.02413));
#1555=CARTESIAN_POINT('',(0.,-6.5760279754679E-19,0.02286));
#1556=CARTESIAN_POINT('',(0.022225,-6.5760279754679E-19,0.02286));
#1557=CARTESIAN_POINT('',(0.,-3.46944695195361E-18,0.02286));
#1558=CARTESIAN_POINT('',(0.,-2.01849155309929E-18,0.02286));
#1559=CARTESIAN_POINT('',(0.0127058077606089,-2.01849155309929E-18,0.02286));
#1560=CARTESIAN_POINT('',(0.,0.,0.03048));
#1561=CARTESIAN_POINT('',(0.,-6.5760279754679E-19,0.03048));
#1562=CARTESIAN_POINT('',(0.015875,-6.5760279754679E-19,0.03048));
#1563=CARTESIAN_POINT('',(0.,3.38271077815477E-17,0.0127));
#1564=CARTESIAN_POINT('',(-0.003175,0.0164216232325344,0.015875));
#1565=CARTESIAN_POINT('',(-0.003175,0.016752780926262,0.0164381528069848));
#1566=CARTESIAN_POINT('',(-0.00289407394175854,0.0175976643073147,0.0173896180915471));
#1567=CARTESIAN_POINT('',(-0.00209270310497527,0.0190910271510506,0.0183564218791116));
#1568=CARTESIAN_POINT('',(-0.00110914186967257,0.020636708628008,0.0189186829769989));
#1569=CARTESIAN_POINT('',(-0.000368449476166375,0.0217038571715914,0.01905));
#1570=CARTESIAN_POINT('',(-2.61484843172852E-18,0.022225,0.01905));
#1571=CARTESIAN_POINT('',(-0.003175,-0.0164216232325261,0.015875));
#1572=CARTESIAN_POINT('',(-0.003175,-0.0167527809262538,0.0164381528069859));
#1573=CARTESIAN_POINT('',(-0.00289407394176003,-0.0175976643073148,0.0173896180915432));
#1574=CARTESIAN_POINT('',(-0.00209270310497627,-0.019091027151048,0.0183564218791114));
#1575=CARTESIAN_POINT('',(-0.00110914186967322,-0.0206367086280072,0.0189186829769986));
#1576=CARTESIAN_POINT('',(-0.000368449476166719,-0.0217038571715908,0.01905));
#1577=CARTESIAN_POINT('',(2.61484843172852E-18,-0.022225,0.01905));
#1578=CARTESIAN_POINT('',(1.3010426069826E-18,-7.28583859910259E-17,0.0127));
#1579=CARTESIAN_POINT('',(0.003175,-0.0164216232325345,0.015875));
#1580=CARTESIAN_POINT('',(0.003175,-0.016752780926262,0.0164381528069848));
#1581=CARTESIAN_POINT('',(0.00289407394175851,-0.0175976643073147,0.0173896180915471));
#1582=CARTESIAN_POINT('',(0.00209270310497538,-0.0190910271510507,0.0183564218791117));
#1583=CARTESIAN_POINT('',(0.00110914186967217,-0.0206367086280077,0.0189186829769989));
#1584=CARTESIAN_POINT('',(0.00036844947616726,-0.021703857171592,0.01905));
#1585=CARTESIAN_POINT('',(2.61484843172853E-18,-0.022225,0.01905));
#1586=CARTESIAN_POINT('',(0.003175,0.0164216232325261,0.015875));
#1587=CARTESIAN_POINT('',(0.003175,0.0167527809262538,0.0164381528069859));
#1588=CARTESIAN_POINT('',(0.00289407394176018,0.0175976643073149,0.0173896180915432));
#1589=CARTESIAN_POINT('',(0.00209270310497572,0.0190910271510476,0.0183564218791114));
#1590=CARTESIAN_POINT('',(0.00110914186967518,0.0206367086280086,0.0189186829769986));
#1591=CARTESIAN_POINT('',(0.000368449476162451,0.0217038571715878,0.01905));
#1592=CARTESIAN_POINT('',(-2.61484843172851E-18,0.022225,0.01905));
#1593=CARTESIAN_POINT('',(0.,-6.5760279754679E-19,0.02413));
#1594=CARTESIAN_POINT('',(1.3010426069826E-18,-0.0122672579938712,0.015875));
#1595=CARTESIAN_POINT('',(-1.3010426069826E-18,0.0122672579938712,0.015875));
#1596=CARTESIAN_POINT('',(0.,-2.01849155309929E-18,0.019685));
#1597=MECHANICAL_DESIGN_GEOMETRIC_PRESENTATION_REPRESENTATION('',(#426),
#1598);
#1598=(
GEOMETRIC_REPRESENTATION_CONTEXT(3)
GLOBAL_UNCERTAINTY_ASSIGNED_CONTEXT((#1599))
GLOBAL_UNIT_ASSIGNED_CONTEXT((#1602,#1601,#1600))
REPRESENTATION_CONTEXT('Part 1','TOP_LEVEL_ASSEMBLY_PART')
);
#1599=UNCERTAINTY_MEASURE_WITH_UNIT(LENGTH_MEASURE(2.7421447674173E-5),
#1602,'DISTANCE_ACCURACY_VALUE','Maximum Tolerance applied to model');
#1600=(
NAMED_UNIT(*)
SI_UNIT($,.STERADIAN.)
SOLID_ANGLE_UNIT()
);
#1601=(
NAMED_UNIT(*)
PLANE_ANGLE_UNIT()
SI_UNIT($,.RADIAN.)
);
#1602=(
LENGTH_UNIT()
NAMED_UNIT(*)
SI_UNIT($,.METRE.)
);
#1603=PRODUCT_DEFINITION_SHAPE('','',#1604);
#1604=PRODUCT_DEFINITION('','',#1606,#1605);
#1605=PRODUCT_DEFINITION_CONTEXT('',#1612,'design');
#1606=PRODUCT_DEFINITION_FORMATION_WITH_SPECIFIED_SOURCE('','',#1608,
 .NOT_KNOWN.);
#1607=PRODUCT_RELATED_PRODUCT_CATEGORY('','',(#1608));
#1608=PRODUCT('Part 1','Part 1','Part 1',(#1610));
#1609=PRODUCT_CATEGORY('','');
#1610=PRODUCT_CONTEXT('',#1612,'mechanical');
#1611=APPLICATION_PROTOCOL_DEFINITION('international standard',
'ap242_managed_model_based_3d_engineering',2020,#1612);
#1612=APPLICATION_CONTEXT('managed model based 3d engineering');
ENDSEC;
END-ISO-10303-21;
