ISO-10303-21;
HEADER;
/* Generated by software containing ST-Developer
 * from STEP Tools, Inc. (www.steptools.com) 
 */
/* OPTION: using custom renumber hook */

FILE_DESCRIPTION(
/* description */ ('STEP AP242 Edition 2',
'CAx-IF Rec.Pracs.---Representation and Presentation of Product Manufa
cturing Information (PMI)---4.0---2014-10-13',
'CAx-IF Rec.Pracs.---3D Tessellated Geometry---0.4---2014-09-14','2;1',
'CAx-IF Rec.Pracs.---User Defined Attributes---1.5---2016-08-15'),
/* implementation_level */ '2;1');

FILE_NAME(
/* name */ 'Body(No Port) - AS568-137O ring Copy 1 - Part 1',
/* time_stamp */ '2026-08-16T03:21:48Z',
/* author */ (''),
/* organization */ (''),
/* preprocessor_version */ 'ST-DEVELOPER v20',
/* originating_system */ 'ONSHAPE BY PTC INC, 1.219',
/* authorisation */ '  ');

FILE_SCHEMA (('AP242_MANAGED_MODEL_BASED_3D_ENGINEERING_MIM_LF { 1 0 10303 442 3 1 4 }'));
ENDSEC;

DATA;
#10=SHAPE_REPRESENTATION_RELATIONSHIP('','',#271,#11);
#11=ADVANCED_BREP_SHAPE_REPRESENTATION('',(#269),#2311);
#12=(
BOUNDED_SURFACE()
B_SPLINE_SURFACE(1,2,((#1010,#1011,#1012,#1013,#1014,#1015,#1016,#1017,
#1018,#1019,#1020,#1021,#1022,#1023,#1024,#1025,#1026,#1027,#1028,#1029,
#1030,#1031,#1032,#1033,#1034,#1035,#1036,#1037,#1038,#1039,#1040,#1041,
#1042,#1043,#1044,#1045,#1046,#1047,#1048,#1049,#1050,#1051,#1052,#1053,
#1054,#1055,#1056,#1057,#1058,#1059,#1060),(#1061,#1062,#1063,#1064,#1065,
#1066,#1067,#1068,#1069,#1070,#1071,#1072,#1073,#1074,#1075,#1076,#1077,
#1078,#1079,#1080,#1081,#1082,#1083,#1084,#1085,#1086,#1087,#1088,#1089,
#1090,#1091,#1092,#1093,#1094,#1095,#1096,#1097,#1098,#1099,#1100,#1101,
#1102,#1103,#1104,#1105,#1106,#1107,#1108,#1109,#1110,#1111)),
 .UNSPECIFIED.,.F.,.F.,.F.)
B_SPLINE_SURFACE_WITH_KNOTS((2,2),(3,2,2,2,2,2,2,2,2,2,2,2,2,2,2,2,2,2,
2,2,2,2,2,2,2,3),(0.,1.),(0.,0.0333333333333333,0.0666666666666667,0.1,
0.133333333333333,0.166666666666667,0.2,0.233333333333334,0.266666666666666,
0.3,0.333333333333334,0.366666666666666,0.4,0.433333333333334,0.466666666666667,
0.5,0.533333333333333,0.566666666666667,0.6,0.633333333333333,0.666666666666667,
0.7,0.733333333333333,0.766666666666667,0.8,0.8048),
 .PIECEWISE_BEZIER_KNOTS.)
GEOMETRIC_REPRESENTATION_ITEM()
RATIONAL_B_SPLINE_SURFACE(((1.,0.866025403784439,1.,0.866025403784439,1.,
0.866025403784439,1.,0.866025403784439,1.,0.866025403784439,1.,0.866025403784439,
1.,0.866025403784439,1.,0.866025403784439,1.,0.866025403784439,1.,0.866025403784439,
1.,0.866025403784439,1.,0.866025403784439,1.,0.866025403784439,1.,0.866025403784439,
1.,0.866025403784439,1.,0.866025403784439,1.,0.866025403784439,1.,0.866025403784439,
1.,0.866025403784439,1.,0.866025403784439,1.,0.866025403784439,1.,0.866025403784439,
1.,0.866025403784439,1.,0.866025403784439,1.,0.980707658144959,0.96697151074417),
(1.,0.866025403784439,1.,0.866025403784439,1.,0.866025403784439,1.,0.866025403784439,
1.,0.866025403784439,1.,0.866025403784439,1.,0.866025403784439,1.,0.866025403784439,
1.,0.866025403784439,1.,0.866025403784439,1.,0.866025403784439,1.,0.866025403784439,
1.,0.866025403784439,1.,0.866025403784439,1.,0.866025403784439,1.,0.866025403784439,
1.,0.866025403784439,1.,0.866025403784439,1.,0.866025403784439,1.,0.866025403784439,
1.,0.866025403784439,1.,0.866025403784439,1.,0.866025403784439,1.,0.866025403784439,
1.,0.980707658144959,0.96697151074417)))
REPRESENTATION_ITEM('')
SURFACE()
);
#13=(
BOUNDED_SURFACE()
B_SPLINE_SURFACE(1,2,((#1173,#1174,#1175,#1176,#1177,#1178,#1179,#1180,
#1181,#1182,#1183,#1184,#1185,#1186,#1187,#1188,#1189,#1190,#1191,#1192,
#1193,#1194,#1195,#1196,#1197,#1198,#1199,#1200,#1201,#1202,#1203,#1204,
#1205,#1206,#1207,#1208,#1209,#1210,#1211,#1212,#1213,#1214,#1215),(#1216,
#1217,#1218,#1219,#1220,#1221,#1222,#1223,#1224,#1225,#1226,#1227,#1228,
#1229,#1230,#1231,#1232,#1233,#1234,#1235,#1236,#1237,#1238,#1239,#1240,
#1241,#1242,#1243,#1244,#1245,#1246,#1247,#1248,#1249,#1250,#1251,#1252,
#1253,#1254,#1255,#1256,#1257,#1258)),.UNSPECIFIED.,.F.,.F.,.F.)
B_SPLINE_SURFACE_WITH_KNOTS((2,2),(3,2,2,2,2,2,2,2,2,2,2,2,2,2,2,2,2,2,
2,2,2,3),(0.,1.),(0.,0.0333333333333333,0.0666666666666667,0.1,0.133333333333333,
0.166666666666667,0.2,0.233333333333334,0.266666666666666,0.3,0.333333333333334,
0.366666666666666,0.4,0.433333333333334,0.466666666666667,0.5,0.533333333333333,
0.566666666666667,0.6,0.633333333333333,0.666666666666667,0.691359608972529),
 .PIECEWISE_BEZIER_KNOTS.)
GEOMETRIC_REPRESENTATION_ITEM()
RATIONAL_B_SPLINE_SURFACE(((1.,0.866025403784439,1.,0.866025403784439,1.,
0.866025403784439,1.,0.866025403784439,1.,0.866025403784439,1.,0.866025403784439,
1.,0.866025403784439,1.,0.866025403784439,1.,0.866025403784439,1.,0.866025403784439,
1.,0.866025403784439,1.,0.866025403784439,1.,0.866025403784439,1.,0.866025403784439,
1.,0.866025403784439,1.,0.866025403784439,1.,0.866025403784439,1.,0.866025403784439,
1.,0.866025403784439,1.,0.866025403784439,1.,0.900753190755939,0.948548125594149),
(1.,0.866025403784439,1.,0.866025403784439,1.,0.866025403784439,1.,0.866025403784439,
1.,0.866025403784439,1.,0.866025403784439,1.,0.866025403784439,1.,0.866025403784439,
1.,0.866025403784439,1.,0.866025403784439,1.,0.866025403784439,1.,0.866025403784439,
1.,0.866025403784439,1.,0.866025403784439,1.,0.866025403784439,1.,0.866025403784439,
1.,0.866025403784439,1.,0.866025403784439,1.,0.866025403784439,1.,0.866025403784439,
1.,0.900753190755939,0.948548125594149)))
REPRESENTATION_ITEM('')
SURFACE()
);
#14=(
BOUNDED_SURFACE()
B_SPLINE_SURFACE(3,2,((#1320,#1321,#1322,#1323,#1324,#1325,#1326,#1327,
#1328,#1329,#1330,#1331,#1332,#1333,#1334,#1335,#1336,#1337,#1338,#1339,
#1340,#1341,#1342,#1343,#1344,#1345,#1346,#1347,#1348,#1349,#1350,#1351,
#1352,#1353,#1354,#1355,#1356,#1357,#1358,#1359,#1360,#1361,#1362,#1363,
#1364,#1365,#1366),(#1367,#1368,#1369,#1370,#1371,#1372,#1373,#1374,#1375,
#1376,#1377,#1378,#1379,#1380,#1381,#1382,#1383,#1384,#1385,#1386,#1387,
#1388,#1389,#1390,#1391,#1392,#1393,#1394,#1395,#1396,#1397,#1398,#1399,
#1400,#1401,#1402,#1403,#1404,#1405,#1406,#1407,#1408,#1409,#1410,#1411,
#1412,#1413),(#1414,#1415,#1416,#1417,#1418,#1419,#1420,#1421,#1422,#1423,
#1424,#1425,#1426,#1427,#1428,#1429,#1430,#1431,#1432,#1433,#1434,#1435,
#1436,#1437,#1438,#1439,#1440,#1441,#1442,#1443,#1444,#1445,#1446,#1447,
#1448,#1449,#1450,#1451,#1452,#1453,#1454,#1455,#1456,#1457,#1458,#1459,
#1460),(#1461,#1462,#1463,#1464,#1465,#1466,#1467,#1468,#1469,#1470,#1471,
#1472,#1473,#1474,#1475,#1476,#1477,#1478,#1479,#1480,#1481,#1482,#1483,
#1484,#1485,#1486,#1487,#1488,#1489,#1490,#1491,#1492,#1493,#1494,#1495,
#1496,#1497,#1498,#1499,#1500,#1501,#1502,#1503,#1504,#1505,#1506,#1507)),
 .UNSPECIFIED.,.F.,.F.,.F.)
B_SPLINE_SURFACE_WITH_KNOTS((4,4),(3,2,2,2,2,2,2,2,2,2,2,2,2,2,2,2,2,2,
2,2,2,2,2,3),(0.,1.),(0.,0.0333333333333333,0.0666666666666667,0.1,0.133333333333333,
0.166666666666667,0.2,0.233333333333334,0.266666666666666,0.3,0.333333333333334,
0.366666666666666,0.4,0.433333333333334,0.466666666666667,0.5,0.533333333333333,
0.566666666666667,0.6,0.633333333333333,0.666666666666667,0.7,0.733333333333333,
0.74232305794922),.PIECEWISE_BEZIER_KNOTS.)
GEOMETRIC_REPRESENTATION_ITEM()
RATIONAL_B_SPLINE_SURFACE(((1.,0.866025403784439,1.,0.866025403784439,1.,
0.866025403784439,1.,0.866025403784439,1.,0.866025403784439,1.,0.866025403784439,
1.,0.866025403784439,1.,0.866025403784439,1.,0.866025403784439,1.,0.866025403784439,
1.,0.866025403784439,1.,0.866025403784439,1.,0.866025403784439,1.,0.866025403784439,
1.,0.866025403784439,1.,0.866025403784439,1.,0.866025403784439,1.,0.866025403784439,
1.,0.866025403784439,1.,0.866025403784439,1.,0.866025403784439,1.,0.866025403784439,
1.,0.963868158234924,0.947225234909818),(0.78947368575996,0.683704267487458,
0.78947368575996,0.683704267487458,0.78947368575996,0.683704267487458,0.78947368575996,
0.683704267487458,0.78947368575996,0.683704267487458,0.78947368575996,0.683704267487458,
0.78947368575996,0.683704267487458,0.78947368575996,0.683704267487458,0.78947368575996,
0.683704267487458,0.78947368575996,0.683704267487458,0.78947368575996,0.683704267487458,
0.78947368575996,0.683704267487458,0.78947368575996,0.683704267487458,0.78947368575996,
0.683704267487458,0.78947368575996,0.683704267487458,0.78947368575996,0.683704267487458,
0.78947368575996,0.683704267487458,0.78947368575996,0.683704267487458,0.78947368575996,
0.683704267487458,0.78947368575996,0.683704267487458,0.78947368575996,0.683704267487458,
0.78947368575996,0.683704267487458,0.78947368575996,0.760948547468389,0.747809397449098),
(0.78947368575996,0.683704267487458,0.78947368575996,0.683704267487458,
0.78947368575996,0.683704267487458,0.78947368575996,0.683704267487458,0.78947368575996,
0.683704267487458,0.78947368575996,0.683704267487458,0.78947368575996,0.683704267487458,
0.78947368575996,0.683704267487458,0.78947368575996,0.683704267487458,0.78947368575996,
0.683704267487458,0.78947368575996,0.683704267487458,0.78947368575996,0.683704267487458,
0.78947368575996,0.683704267487458,0.78947368575996,0.683704267487458,0.78947368575996,
0.683704267487458,0.78947368575996,0.683704267487458,0.78947368575996,0.683704267487458,
0.78947368575996,0.683704267487458,0.78947368575996,0.683704267487458,0.78947368575996,
0.683704267487458,0.78947368575996,0.683704267487458,0.78947368575996,0.683704267487458,
0.78947368575996,0.760948547468389,0.747809397449098),(1.,0.866025403784439,
1.,0.866025403784439,1.,0.866025403784439,1.,0.866025403784439,1.,0.866025403784439,
1.,0.866025403784439,1.,0.866025403784439,1.,0.866025403784439,1.,0.866025403784439,
1.,0.866025403784439,1.,0.866025403784439,1.,0.866025403784439,1.,0.866025403784439,
1.,0.866025403784439,1.,0.866025403784439,1.,0.866025403784439,1.,0.866025403784439,
1.,0.866025403784439,1.,0.866025403784439,1.,0.866025403784439,1.,0.866025403784439,
1.,0.866025403784439,1.,0.963868158234924,0.947225234909818)))
REPRESENTATION_ITEM('')
SURFACE()
);
#15=(
BOUNDED_SURFACE()
B_SPLINE_SURFACE(3,3,((#1509,#1510,#1511,#1512,#1513,#1514,#1515,#1516,
#1517,#1518,#1519,#1520,#1521,#1522,#1523,#1524,#1525,#1526,#1527,#1528,
#1529,#1530,#1531,#1532,#1533,#1534,#1535,#1536,#1537,#1538,#1539,#1540,
#1541,#1542,#1543,#1544),(#1545,#1546,#1547,#1548,#1549,#1550,#1551,#1552,
#1553,#1554,#1555,#1556,#1557,#1558,#1559,#1560,#1561,#1562,#1563,#1564,
#1565,#1566,#1567,#1568,#1569,#1570,#1571,#1572,#1573,#1574,#1575,#1576,
#1577,#1578,#1579,#1580),(#1581,#1582,#1583,#1584,#1585,#1586,#1587,#1588,
#1589,#1590,#1591,#1592,#1593,#1594,#1595,#1596,#1597,#1598,#1599,#1600,
#1601,#1602,#1603,#1604,#1605,#1606,#1607,#1608,#1609,#1610,#1611,#1612,
#1613,#1614,#1615,#1616),(#1617,#1618,#1619,#1620,#1621,#1622,#1623,#1624,
#1625,#1626,#1627,#1628,#1629,#1630,#1631,#1632,#1633,#1634,#1635,#1636,
#1637,#1638,#1639,#1640,#1641,#1642,#1643,#1644,#1645,#1646,#1647,#1648,
#1649,#1650,#1651,#1652)),.UNSPECIFIED.,.F.,.F.,.F.)
B_SPLINE_SURFACE_WITH_KNOTS((4,4),(4,2,2,2,2,2,2,2,2,2,2,2,2,2,2,2,2,4),
(0.,1.),(0.,0.015625,0.078125,0.140625,0.203125,0.265625,0.328125,0.390625,
0.453125,0.515625,0.578125,0.640625,0.703125,0.765625,0.828125,0.890625,
0.953125,1.),.UNSPECIFIED.)
GEOMETRIC_REPRESENTATION_ITEM()
RATIONAL_B_SPLINE_SURFACE(((1.,1.,1.,1.,1.,1.,1.,1.,1.,1.,1.,1.,1.,1.,1.,
1.,1.,1.,1.,1.,1.,1.,1.,1.,1.,1.,1.,1.,1.,1.,1.,1.,1.,1.,1.,1.),(0.78947368575996,
0.78947368575996,0.78947368575996,0.78947368575996,0.78947368575996,0.78947368575996,
0.78947368575996,0.78947368575996,0.78947368575996,0.78947368575996,0.78947368575996,
0.78947368575996,0.78947368575996,0.78947368575996,0.78947368575996,0.78947368575996,
0.78947368575996,0.78947368575996,0.78947368575996,0.78947368575996,0.78947368575996,
0.78947368575996,0.78947368575996,0.78947368575996,0.78947368575996,0.78947368575996,
0.78947368575996,0.78947368575996,0.78947368575996,0.78947368575996,0.78947368575996,
0.78947368575996,0.78947368575996,0.78947368575996,0.78947368575996,0.78947368575996),
(0.78947368575996,0.78947368575996,0.78947368575996,0.78947368575996,0.78947368575996,
0.78947368575996,0.78947368575996,0.78947368575996,0.78947368575996,0.78947368575996,
0.78947368575996,0.78947368575996,0.78947368575996,0.78947368575996,0.78947368575996,
0.78947368575996,0.78947368575996,0.78947368575996,0.78947368575996,0.78947368575996,
0.78947368575996,0.78947368575996,0.78947368575996,0.78947368575996,0.78947368575996,
0.78947368575996,0.78947368575996,0.78947368575996,0.78947368575996,0.78947368575996,
0.78947368575996,0.78947368575996,0.78947368575996,0.78947368575996,0.78947368575996,
0.78947368575996),(1.,1.,1.,1.,1.,1.,1.,1.,1.,1.,1.,1.,1.,1.,1.,1.,1.,1.,
1.,1.,1.,1.,1.,1.,1.,1.,1.,1.,1.,1.,1.,1.,1.,1.,1.,1.)))
REPRESENTATION_ITEM('')
SURFACE()
);
#16=(
BOUNDED_SURFACE()
B_SPLINE_SURFACE(3,2,((#1695,#1696,#1697,#1698,#1699,#1700,#1701,#1702,
#1703,#1704,#1705,#1706,#1707,#1708,#1709,#1710,#1711,#1712,#1713,#1714,
#1715,#1716,#1717,#1718,#1719,#1720,#1721,#1722,#1723,#1724,#1725,#1726,
#1727,#1728,#1729,#1730,#1731,#1732,#1733,#1734,#1735,#1736,#1737,#1738,
#1739,#1740,#1741,#1742,#1743,#1744,#1745,#1746,#1747,#1748,#1749),(#1750,
#1751,#1752,#1753,#1754,#1755,#1756,#1757,#1758,#1759,#1760,#1761,#1762,
#1763,#1764,#1765,#1766,#1767,#1768,#1769,#1770,#1771,#1772,#1773,#1774,
#1775,#1776,#1777,#1778,#1779,#1780,#1781,#1782,#1783,#1784,#1785,#1786,
#1787,#1788,#1789,#1790,#1791,#1792,#1793,#1794,#1795,#1796,#1797,#1798,
#1799,#1800,#1801,#1802,#1803,#1804),(#1805,#1806,#1807,#1808,#1809,#1810,
#1811,#1812,#1813,#1814,#1815,#1816,#1817,#1818,#1819,#1820,#1821,#1822,
#1823,#1824,#1825,#1826,#1827,#1828,#1829,#1830,#1831,#1832,#1833,#1834,
#1835,#1836,#1837,#1838,#1839,#1840,#1841,#1842,#1843,#1844,#1845,#1846,
#1847,#1848,#1849,#1850,#1851,#1852,#1853,#1854,#1855,#1856,#1857,#1858,
#1859),(#1860,#1861,#1862,#1863,#1864,#1865,#1866,#1867,#1868,#1869,#1870,
#1871,#1872,#1873,#1874,#1875,#1876,#1877,#1878,#1879,#1880,#1881,#1882,
#1883,#1884,#1885,#1886,#1887,#1888,#1889,#1890,#1891,#1892,#1893,#1894,
#1895,#1896,#1897,#1898,#1899,#1900,#1901,#1902,#1903,#1904,#1905,#1906,
#1907,#1908,#1909,#1910,#1911,#1912,#1913,#1914)),.UNSPECIFIED.,.F.,.F.,
 .F.)
B_SPLINE_SURFACE_WITH_KNOTS((4,4),(3,2,2,2,2,2,2,2,2,2,2,2,2,2,2,2,2,2,
2,2,2,2,2,2,2,2,2,3),(0.,1.),(0.201523024906752,0.214285714285714,0.238095238095238,
0.261904761904762,0.285714285714286,0.309523809523809,0.333333333333334,
0.357142857142857,0.380952380952381,0.404761904761905,0.428571428571428,
0.452380952380952,0.476190476190476,0.5,0.523809523809524,0.547619047619048,
0.571428571428571,0.595238095238095,0.619047619047619,0.642857142857143,
0.666666666666667,0.690476190476191,0.714285714285714,0.738095238095238,
0.761904761904762,0.785714285714286,0.80952380952381,0.816428314855921),
 .PIECEWISE_BEZIER_KNOTS.)
GEOMETRIC_REPRESENTATION_ITEM()
RATIONAL_B_SPLINE_SURFACE(((0.933360600094814,0.928185201440811,1.,0.866025403784439,
1.,0.866025403784439,1.,0.866025403784439,1.,0.866025403784439,1.,0.866025403784439,
1.,0.866025403784439,1.,0.866025403784439,1.,0.866025403784439,1.,0.866025403784439,
1.,0.866025403784439,1.,0.866025403784439,1.,0.866025403784439,1.,0.866025403784439,
1.,0.866025403784439,1.,0.866025403784439,1.,0.866025403784439,1.,0.866025403784439,
1.,0.866025403784439,1.,0.866025403784439,1.,0.866025403784439,1.,0.866025403784439,
1.,0.866025403784439,1.,0.866025403784439,1.,0.866025403784439,1.,0.866025403784439,
1.,0.961148810814613,0.944830474031933),(0.736863633099982,0.732777792049329,
0.789473685759962,0.68370426748746,0.789473685759962,0.68370426748746,0.789473685759962,
0.68370426748746,0.789473685759962,0.68370426748746,0.789473685759962,0.68370426748746,
0.789473685759962,0.68370426748746,0.789473685759962,0.68370426748746,0.789473685759962,
0.68370426748746,0.789473685759962,0.68370426748746,0.789473685759962,0.68370426748746,
0.789473685759962,0.68370426748746,0.789473685759962,0.68370426748746,0.789473685759962,
0.68370426748746,0.789473685759962,0.68370426748746,0.789473685759962,0.68370426748746,
0.789473685759962,0.68370426748746,0.789473685759962,0.68370426748746,0.789473685759962,
0.68370426748746,0.789473685759962,0.68370426748746,0.789473685759962,0.68370426748746,
0.789473685759962,0.68370426748746,0.789473685759962,0.68370426748746,0.789473685759962,
0.68370426748746,0.789473685759962,0.68370426748746,0.789473685759962,0.68370426748746,
0.789473685759962,0.758801694237617,0.745918796752322),(0.736863633099982,
0.732777792049329,0.789473685759962,0.68370426748746,0.789473685759962,
0.68370426748746,0.789473685759962,0.68370426748746,0.789473685759962,0.68370426748746,
0.789473685759962,0.68370426748746,0.789473685759962,0.68370426748746,0.789473685759962,
0.68370426748746,0.789473685759962,0.68370426748746,0.789473685759962,0.68370426748746,
0.789473685759962,0.68370426748746,0.789473685759962,0.68370426748746,0.789473685759962,
0.68370426748746,0.789473685759962,0.68370426748746,0.789473685759962,0.68370426748746,
0.789473685759962,0.68370426748746,0.789473685759962,0.68370426748746,0.789473685759962,
0.68370426748746,0.789473685759962,0.68370426748746,0.789473685759962,0.68370426748746,
0.789473685759962,0.68370426748746,0.789473685759962,0.68370426748746,0.789473685759962,
0.68370426748746,0.789473685759962,0.68370426748746,0.789473685759962,0.68370426748746,
0.789473685759962,0.68370426748746,0.789473685759962,0.758801694237617,
0.745918796752322),(0.933360600094814,0.928185201440811,1.,0.866025403784439,
1.,0.866025403784439,1.,0.866025403784439,1.,0.866025403784439,1.,0.866025403784439,
1.,0.866025403784439,1.,0.866025403784439,1.,0.866025403784439,1.,0.866025403784439,
1.,0.866025403784439,1.,0.866025403784439,1.,0.866025403784439,1.,0.866025403784439,
1.,0.866025403784439,1.,0.866025403784439,1.,0.866025403784439,1.,0.866025403784439,
1.,0.866025403784439,1.,0.866025403784439,1.,0.866025403784439,1.,0.866025403784439,
1.,0.866025403784439,1.,0.866025403784439,1.,0.866025403784439,1.,0.866025403784439,
1.,0.961148810814613,0.944830474031933)))
REPRESENTATION_ITEM('')
SURFACE()
);
#17=(
BOUNDED_SURFACE()
B_SPLINE_SURFACE(1,2,((#2085,#2086,#2087,#2088,#2089,#2090,#2091,#2092,
#2093,#2094,#2095,#2096,#2097,#2098,#2099,#2100,#2101,#2102,#2103,#2104,
#2105,#2106,#2107,#2108,#2109,#2110,#2111,#2112,#2113,#2114,#2115,#2116,
#2117,#2118,#2119,#2120,#2121,#2122,#2123,#2124,#2125,#2126,#2127,#2128,
#2129,#2130,#2131,#2132,#2133,#2134,#2135,#2136,#2137,#2138,#2139),(#2140,
#2141,#2142,#2143,#2144,#2145,#2146,#2147,#2148,#2149,#2150,#2151,#2152,
#2153,#2154,#2155,#2156,#2157,#2158,#2159,#2160,#2161,#2162,#2163,#2164,
#2165,#2166,#2167,#2168,#2169,#2170,#2171,#2172,#2173,#2174,#2175,#2176,
#2177,#2178,#2179,#2180,#2181,#2182,#2183,#2184,#2185,#2186,#2187,#2188,
#2189,#2190,#2191,#2192,#2193,#2194)),.UNSPECIFIED.,.F.,.F.,.F.)
B_SPLINE_SURFACE_WITH_KNOTS((2,2),(3,2,2,2,2,2,2,2,2,2,2,2,2,2,2,2,2,2,
2,2,2,2,2,2,2,2,2,3),(0.,1.),(0.156707997284973,0.166666666666667,0.19047619047619,
0.214285714285714,0.238095238095238,0.261904761904762,0.285714285714286,
0.309523809523809,0.333333333333334,0.357142857142857,0.380952380952381,
0.404761904761905,0.428571428571428,0.452380952380952,0.476190476190476,
0.5,0.523809523809524,0.547619047619048,0.571428571428571,0.595238095238095,
0.619047619047619,0.642857142857143,0.666666666666667,0.690476190476191,
0.714285714285714,0.738095238095238,0.761904761904762,0.780294432651424),
 .PIECEWISE_BEZIER_KNOTS.)
GEOMETRIC_REPRESENTATION_ITEM()
RATIONAL_B_SPLINE_SURFACE(((0.934802804814067,0.943963234211217,1.,0.866025403784439,
1.,0.866025403784439,1.,0.866025403784439,1.,0.866025403784439,1.,0.866025403784439,
1.,0.866025403784439,1.,0.866025403784439,1.,0.866025403784439,1.,0.866025403784439,
1.,0.866025403784439,1.,0.866025403784439,1.,0.866025403784439,1.,0.866025403784439,
1.,0.866025403784439,1.,0.866025403784439,1.,0.866025403784439,1.,0.866025403784439,
1.,0.866025403784439,1.,0.866025403784439,1.,0.866025403784439,1.,0.866025403784439,
1.,0.866025403784439,1.,0.866025403784439,1.,0.866025403784439,1.,0.866025403784439,
1.,0.896522554061514,0.952890065606223),(0.934802804814067,0.943963234211217,
1.,0.866025403784439,1.,0.866025403784439,1.,0.866025403784439,1.,0.866025403784439,
1.,0.866025403784439,1.,0.866025403784439,1.,0.866025403784439,1.,0.866025403784439,
1.,0.866025403784439,1.,0.866025403784439,1.,0.866025403784439,1.,0.866025403784439,
1.,0.866025403784439,1.,0.866025403784439,1.,0.866025403784439,1.,0.866025403784439,
1.,0.866025403784439,1.,0.866025403784439,1.,0.866025403784439,1.,0.866025403784439,
1.,0.866025403784439,1.,0.866025403784439,1.,0.866025403784439,1.,0.866025403784439,
1.,0.866025403784439,1.,0.896522554061514,0.952890065606223)))
REPRESENTATION_ITEM('')
SURFACE()
);
#18=(
BOUNDED_SURFACE()
B_SPLINE_SURFACE(1,2,((#2195,#2196,#2197,#2198,#2199,#2200,#2201,#2202,
#2203,#2204,#2205,#2206,#2207,#2208,#2209,#2210,#2211,#2212,#2213,#2214,
#2215,#2216,#2217,#2218,#2219,#2220,#2221,#2222,#2223,#2224,#2225,#2226,
#2227,#2228,#2229,#2230,#2231,#2232,#2233,#2234,#2235,#2236,#2237,#2238,
#2239,#2240,#2241,#2242,#2243,#2244,#2245,#2246,#2247,#2248,#2249,#2250,
#2251),(#2252,#2253,#2254,#2255,#2256,#2257,#2258,#2259,#2260,#2261,#2262,
#2263,#2264,#2265,#2266,#2267,#2268,#2269,#2270,#2271,#2272,#2273,#2274,
#2275,#2276,#2277,#2278,#2279,#2280,#2281,#2282,#2283,#2284,#2285,#2286,
#2287,#2288,#2289,#2290,#2291,#2292,#2293,#2294,#2295,#2296,#2297,#2298,
#2299,#2300,#2301,#2302,#2303,#2304,#2305,#2306,#2307,#2308)),
 .UNSPECIFIED.,.F.,.F.,.F.)
B_SPLINE_SURFACE_WITH_KNOTS((2,2),(3,2,2,2,2,2,2,2,2,2,2,2,2,2,2,2,2,2,
2,2,2,2,2,2,2,2,2,2,3),(0.,1.),(0.237659327106584,0.238095238095238,0.261904761904762,
0.285714285714286,0.309523809523809,0.333333333333334,0.357142857142857,
0.380952380952381,0.404761904761905,0.428571428571428,0.452380952380952,
0.476190476190476,0.5,0.523809523809524,0.547619047619048,0.571428571428571,
0.595238095238095,0.619047619047619,0.642857142857143,0.666666666666667,
0.690476190476191,0.714285714285714,0.738095238095238,0.761904761904762,
0.785714285714286,0.80952380952381,0.833333333333333,0.857142857142857,
0.860837589926373),.PIECEWISE_BEZIER_KNOTS.)
GEOMETRIC_REPRESENTATION_ITEM()
RATIONAL_B_SPLINE_SURFACE(((0.995184130653583,0.997547158054987,1.,0.866025403784439,
1.,0.866025403784439,1.,0.866025403784439,1.,0.866025403784439,1.,0.866025403784439,
1.,0.866025403784439,1.,0.866025403784439,1.,0.866025403784439,1.,0.866025403784439,
1.,0.866025403784439,1.,0.866025403784439,1.,0.866025403784439,1.,0.866025403784439,
1.,0.866025403784439,1.,0.866025403784439,1.,0.866025403784439,1.,0.866025403784439,
1.,0.866025403784439,1.,0.866025403784439,1.,0.866025403784439,1.,0.866025403784439,
1.,0.866025403784439,1.,0.866025403784439,1.,0.866025403784439,1.,0.866025403784439,
1.,0.866025403784439,1.,0.979209986022567,0.964872309926958),(0.995184130653583,
0.997547158054987,1.,0.866025403784439,1.,0.866025403784439,1.,0.866025403784439,
1.,0.866025403784439,1.,0.866025403784439,1.,0.866025403784439,1.,0.866025403784439,
1.,0.866025403784439,1.,0.866025403784439,1.,0.866025403784439,1.,0.866025403784439,
1.,0.866025403784439,1.,0.866025403784439,1.,0.866025403784439,1.,0.866025403784439,
1.,0.866025403784439,1.,0.866025403784439,1.,0.866025403784439,1.,0.866025403784439,
1.,0.866025403784439,1.,0.866025403784439,1.,0.866025403784439,1.,0.866025403784439,
1.,0.866025403784439,1.,0.866025403784439,1.,0.866025403784439,1.,0.979209986022567,
0.964872309926958)))
REPRESENTATION_ITEM('')
SURFACE()
);
#19=B_SPLINE_SURFACE_WITH_KNOTS('',1,3,((#790,#791,#792,#793,#794,#795,
#796,#797,#798,#799,#800,#801,#802,#803,#804,#805,#806,#807,#808,#809,#810,
#811,#812,#813,#814,#815,#816,#817,#818,#819,#820,#821,#822,#823,#824,#825),
(#826,#827,#828,#829,#830,#831,#832,#833,#834,#835,#836,#837,#838,#839,
#840,#841,#842,#843,#844,#845,#846,#847,#848,#849,#850,#851,#852,#853,#854,
#855,#856,#857,#858,#859,#860,#861)),.RULED_SURF.,.F.,.F.,.F.,(2,2),(4,
2,2,2,2,2,2,2,2,2,2,2,2,2,2,2,2,4),(0.,1.),(0.,0.015625,0.078125,0.140625,
0.203125,0.265625,0.328125,0.390625,0.453125,0.515625,0.578125,0.640625,
0.703125,0.765625,0.828125,0.890625,0.953125,1.),.UNSPECIFIED.);
#20=B_SPLINE_SURFACE_WITH_KNOTS('',1,3,((#900,#901,#902,#903,#904,#905,
#906,#907,#908,#909,#910,#911,#912,#913,#914,#915,#916,#917,#918,#919,#920,
#921,#922,#923,#924,#925,#926,#927,#928,#929,#930,#931,#932,#933,#934,#935),
(#936,#937,#938,#939,#940,#941,#942,#943,#944,#945,#946,#947,#948,#949,
#950,#951,#952,#953,#954,#955,#956,#957,#958,#959,#960,#961,#962,#963,#964,
#965,#966,#967,#968,#969,#970,#971)),.RULED_SURF.,.F.,.F.,.F.,(2,2),(4,
2,2,2,2,2,2,2,2,2,2,2,2,2,2,2,2,4),(0.,1.),(0.,0.015625,0.078125,0.140625,
0.203125,0.265625,0.328125,0.390625,0.453125,0.515625,0.578125,0.640625,
0.703125,0.765625,0.828125,0.890625,0.953125,1.),.UNSPECIFIED.);
#21=LINE('',#785,#25);
#22=LINE('',#789,#26);
#23=LINE('',#899,#27);
#24=LINE('',#972,#28);
#25=VECTOR('',#315,1.);
#26=VECTOR('',#318,1.);
#27=VECTOR('',#319,1.);
#28=VECTOR('',#320,1.);
#29=ELLIPSE('',#281,9.34228547124766,0.01905);
#30=(
BOUNDED_CURVE()
B_SPLINE_CURVE(2,(#378,#379,#380,#381,#382,#383,#384,#385,#386,#387,#388,
#389,#390,#391,#392,#393,#394,#395,#396,#397,#398,#399,#400,#401,#402,#403,
#404,#405,#406,#407,#408,#409,#410,#411,#412,#413,#414,#415,#416,#417,#418,
#419,#420,#421,#422,#423,#424,#425,#426,#427,#428,#429,#430,#431,#432,#433,
#434,#435,#436,#437,#438,#439,#440,#441,#442,#443,#444,#445,#446,#447,#448,
#449,#450,#451,#452,#453,#454,#455,#456,#457,#458,#459,#460,#461,#462),
 .UNSPECIFIED.,.F.,.F.)
B_SPLINE_CURVE_WITH_KNOTS((3,2,2,2,2,2,2,2,2,2,2,2,2,2,2,2,2,2,2,2,2,2,
2,2,2,2,2,2,2,2,2,2,2,2,2,2,2,2,2,2,2,2,3),(0.,0.0238095238095238,0.0476190476190476,
0.0714285714285714,0.0952380952380952,0.119047619047619,0.142857142857143,
0.166666666666667,0.19047619047619,0.214285714285714,0.238095238095238,
0.261904761904762,0.285714285714286,0.309523809523809,0.333333333333334,
0.357142857142857,0.380952380952381,0.404761904761905,0.428571428571428,
0.452380952380952,0.476190476190476,0.5,0.523809523809524,0.547619047619048,
0.571428571428571,0.595238095238095,0.619047619047619,0.642857142857143,
0.666666666666667,0.690476190476191,0.714285714285714,0.738095238095238,
0.761904761904762,0.785714285714286,0.80952380952381,0.833333333333333,
0.857142857142857,0.880952380952381,0.904761904761905,0.928571428571429,
0.952380952380952,0.976190476190476,1.),.UNSPECIFIED.)
CURVE()
GEOMETRIC_REPRESENTATION_ITEM()
RATIONAL_B_SPLINE_CURVE((1.,0.866025403784439,1.,0.866025403784439,1.,0.866025403784439,
1.,0.866025403784439,1.,0.866025403784439,1.,0.866025403784439,1.,0.866025403784439,
1.,0.866025403784439,1.,0.866025403784439,1.,0.866025403784439,1.,0.866025403784439,
1.,0.866025403784439,1.,0.866025403784439,1.,0.866025403784439,1.,0.866025403784439,
1.,0.866025403784439,1.,0.866025403784439,1.,0.866025403784439,1.,0.866025403784439,
1.,0.866025403784439,1.,0.866025403784439,1.,0.866025403784439,1.,0.866025403784439,
1.,0.866025403784439,1.,0.866025403784439,1.,0.866025403784439,1.,0.866025403784439,
1.,0.866025403784439,1.,0.866025403784439,1.,0.866025403784439,1.,0.866025403784439,
1.,0.866025403784439,1.,0.866025403784439,1.,0.866025403784439,1.,0.866025403784439,
1.,0.866025403784439,1.,0.866025403784439,1.,0.866025403784439,1.,0.866025403784439,
1.,0.866025403784439,1.,0.866025403784439,1.,0.866025403784439,1.))
REPRESENTATION_ITEM('')
);
#31=(
BOUNDED_CURVE()
B_SPLINE_CURVE(2,(#466,#467,#468,#469,#470,#471,#472,#473,#474,#475,#476,
#477,#478,#479,#480,#481,#482,#483,#484,#485,#486,#487,#488,#489,#490,#491,
#492,#493,#494,#495,#496,#497,#498,#499,#500,#501,#502,#503,#504,#505,#506,
#507,#508,#509,#510,#511,#512,#513,#514,#515,#516,#517,#518,#519,#520,#521,
#522,#523,#524,#525,#526,#527,#528,#529,#530,#531,#532,#533,#534,#535,#536,
#537,#538,#539,#540,#541,#542,#543,#544,#545,#546,#547,#548,#549,#550),
 .UNSPECIFIED.,.F.,.F.)
B_SPLINE_CURVE_WITH_KNOTS((3,2,2,2,2,2,2,2,2,2,2,2,2,2,2,2,2,2,2,2,2,2,
2,2,2,2,2,2,2,2,2,2,2,2,2,2,2,2,2,2,2,2,3),(0.,0.0238095238095238,0.0476190476190476,
0.0714285714285714,0.0952380952380952,0.119047619047619,0.142857142857143,
0.166666666666667,0.19047619047619,0.214285714285714,0.238095238095238,
0.261904761904762,0.285714285714286,0.309523809523809,0.333333333333334,
0.357142857142857,0.380952380952381,0.404761904761905,0.428571428571428,
0.452380952380952,0.476190476190476,0.5,0.523809523809524,0.547619047619048,
0.571428571428571,0.595238095238095,0.619047619047619,0.642857142857143,
0.666666666666667,0.690476190476191,0.714285714285714,0.738095238095238,
0.761904761904762,0.785714285714286,0.80952380952381,0.833333333333333,
0.857142857142857,0.880952380952381,0.904761904761905,0.928571428571429,
0.952380952380952,0.976190476190476,1.),.UNSPECIFIED.)
CURVE()
GEOMETRIC_REPRESENTATION_ITEM()
RATIONAL_B_SPLINE_CURVE((1.,0.866025403784439,1.,0.866025403784439,1.,0.866025403784439,
1.,0.866025403784439,1.,0.866025403784439,1.,0.866025403784439,1.,0.866025403784439,
1.,0.866025403784439,1.,0.866025403784439,1.,0.866025403784439,1.,0.866025403784439,
1.,0.866025403784439,1.,0.866025403784439,1.,0.866025403784439,1.,0.866025403784439,
1.,0.866025403784439,1.,0.866025403784439,1.,0.866025403784439,1.,0.866025403784439,
1.,0.866025403784439,1.,0.866025403784439,1.,0.866025403784439,1.,0.866025403784439,
1.,0.866025403784439,1.,0.866025403784439,1.,0.866025403784439,1.,0.866025403784439,
1.,0.866025403784439,1.,0.866025403784439,1.,0.866025403784439,1.,0.866025403784439,
1.,0.866025403784439,1.,0.866025403784439,1.,0.866025403784439,1.,0.866025403784439,
1.,0.866025403784439,1.,0.866025403784439,1.,0.866025403784439,1.,0.866025403784439,
1.,0.866025403784439,1.,0.866025403784439,1.,0.866025403784439,1.))
REPRESENTATION_ITEM('')
);
#32=(
BOUNDED_CURVE()
B_SPLINE_CURVE(2,(#587,#588,#589,#590,#591,#592,#593,#594,#595,#596,#597,
#598,#599,#600,#601,#602,#603,#604,#605,#606,#607,#608,#609,#610,#611,#612,
#613,#614,#615,#616,#617,#618,#619,#620,#621,#622,#623,#624,#625,#626,#627,
#628,#629,#630,#631,#632,#633,#634,#635,#636,#637,#638,#639,#640,#641,#642,
#643,#644,#645,#646,#647),.UNSPECIFIED.,.F.,.F.)
B_SPLINE_CURVE_WITH_KNOTS((3,2,2,2,2,2,2,2,2,2,2,2,2,2,2,2,2,2,2,2,2,2,
2,2,2,2,2,2,2,2,3),(0.,0.0333333333333333,0.0666666666666667,0.1,0.133333333333333,
0.166666666666667,0.2,0.233333333333334,0.266666666666666,0.3,0.333333333333334,
0.366666666666666,0.4,0.433333333333334,0.466666666666667,0.5,0.533333333333333,
0.566666666666667,0.6,0.633333333333333,0.666666666666667,0.7,0.733333333333333,
0.766666666666667,0.8,0.833333333333333,0.866666666666667,0.9,0.933333333333333,
0.966666666666667,1.),.UNSPECIFIED.)
CURVE()
GEOMETRIC_REPRESENTATION_ITEM()
RATIONAL_B_SPLINE_CURVE((1.,0.866025403784439,1.,0.866025403784439,1.,0.866025403784439,
1.,0.866025403784439,1.,0.866025403784439,1.,0.866025403784439,1.,0.866025403784439,
1.,0.866025403784439,1.,0.866025403784439,1.,0.866025403784439,1.,0.866025403784439,
1.,0.866025403784439,1.,0.866025403784439,1.,0.866025403784439,1.,0.866025403784439,
1.,0.866025403784439,1.,0.866025403784439,1.,0.866025403784439,1.,0.866025403784439,
1.,0.866025403784439,1.,0.866025403784439,1.,0.866025403784439,1.,0.866025403784439,
1.,0.866025403784439,1.,0.866025403784439,1.,0.866025403784439,1.,0.866025403784439,
1.,0.866025403784439,1.,0.866025403784439,1.,0.866025403784439,1.))
REPRESENTATION_ITEM('')
);
#33=(
BOUNDED_CURVE()
B_SPLINE_CURVE(2,(#651,#652,#653,#654,#655,#656,#657,#658,#659,#660,#661,
#662,#663,#664,#665,#666,#667,#668,#669,#670,#671,#672,#673,#674,#675,#676,
#677,#678,#679,#680,#681,#682,#683,#684,#685,#686,#687,#688,#689,#690,#691,
#692,#693,#694,#695,#696,#697,#698,#699,#700,#701,#702,#703,#704,#705,#706,
#707,#708,#709,#710,#711),.UNSPECIFIED.,.F.,.F.)
B_SPLINE_CURVE_WITH_KNOTS((3,2,2,2,2,2,2,2,2,2,2,2,2,2,2,2,2,2,2,2,2,2,
2,2,2,2,2,2,2,2,3),(0.,0.0333333333333333,0.0666666666666667,0.1,0.133333333333333,
0.166666666666667,0.2,0.233333333333334,0.266666666666666,0.3,0.333333333333334,
0.366666666666666,0.4,0.433333333333334,0.466666666666667,0.5,0.533333333333333,
0.566666666666667,0.6,0.633333333333333,0.666666666666667,0.7,0.733333333333333,
0.766666666666667,0.8,0.833333333333333,0.866666666666667,0.9,0.933333333333333,
0.966666666666667,1.),.UNSPECIFIED.)
CURVE()
GEOMETRIC_REPRESENTATION_ITEM()
RATIONAL_B_SPLINE_CURVE((1.,0.866025403784439,1.,0.866025403784439,1.,0.866025403784439,
1.,0.866025403784439,1.,0.866025403784439,1.,0.866025403784439,1.,0.866025403784439,
1.,0.866025403784439,1.,0.866025403784439,1.,0.866025403784439,1.,0.866025403784439,
1.,0.866025403784439,1.,0.866025403784439,1.,0.866025403784439,1.,0.866025403784439,
1.,0.866025403784439,1.,0.866025403784439,1.,0.866025403784439,1.,0.866025403784439,
1.,0.866025403784439,1.,0.866025403784439,1.,0.866025403784439,1.,0.866025403784439,
1.,0.866025403784439,1.,0.866025403784439,1.,0.866025403784439,1.,0.866025403784439,
1.,0.866025403784439,1.,0.866025403784439,1.,0.866025403784439,1.))
REPRESENTATION_ITEM('')
);
#34=(
BOUNDED_CURVE()
B_SPLINE_CURVE(2,(#1112,#1113,#1114,#1115,#1116,#1117,#1118,#1119,#1120,
#1121,#1122,#1123,#1124,#1125,#1126,#1127,#1128,#1129,#1130,#1131,#1132,
#1133,#1134,#1135,#1136,#1137,#1138,#1139,#1140,#1141,#1142,#1143,#1144,
#1145,#1146,#1147,#1148,#1149,#1150,#1151,#1152,#1153,#1154,#1155,#1156,
#1157,#1158,#1159,#1160,#1161,#1162,#1163,#1164,#1165,#1166,#1167,#1168,
#1169,#1170,#1171,#1172),.UNSPECIFIED.,.F.,.F.)
B_SPLINE_CURVE_WITH_KNOTS((3,2,2,2,2,2,2,2,2,2,2,2,2,2,2,2,2,2,2,2,2,2,
2,2,2,2,2,2,2,2,3),(0.,0.0333333333333333,0.0666666666666667,0.1,0.133333333333333,
0.166666666666667,0.2,0.233333333333334,0.266666666666666,0.3,0.333333333333334,
0.366666666666666,0.4,0.433333333333334,0.466666666666667,0.5,0.533333333333333,
0.566666666666667,0.6,0.633333333333333,0.666666666666667,0.7,0.733333333333333,
0.766666666666667,0.8,0.833333333333333,0.866666666666667,0.9,0.933333333333333,
0.966666666666667,1.),.UNSPECIFIED.)
CURVE()
GEOMETRIC_REPRESENTATION_ITEM()
RATIONAL_B_SPLINE_CURVE((1.,0.866025403784439,1.,0.866025403784439,1.,0.866025403784439,
1.,0.866025403784439,1.,0.866025403784439,1.,0.866025403784439,1.,0.866025403784439,
1.,0.866025403784439,1.,0.866025403784439,1.,0.866025403784439,1.,0.866025403784439,
1.,0.866025403784439,1.,0.866025403784439,1.,0.866025403784439,1.,0.866025403784439,
1.,0.866025403784439,1.,0.866025403784439,1.,0.866025403784439,1.,0.866025403784439,
1.,0.866025403784439,1.,0.866025403784439,1.,0.866025403784439,1.,0.866025403784439,
1.,0.866025403784439,1.,0.866025403784439,1.,0.866025403784439,1.,0.866025403784439,
1.,0.866025403784439,1.,0.866025403784439,1.,0.866025403784439,1.))
REPRESENTATION_ITEM('')
);
#35=(
BOUNDED_CURVE()
B_SPLINE_CURVE(2,(#1259,#1260,#1261,#1262,#1263,#1264,#1265,#1266,#1267,
#1268,#1269,#1270,#1271,#1272,#1273,#1274,#1275,#1276,#1277,#1278,#1279,
#1280,#1281,#1282,#1283,#1284,#1285,#1286,#1287,#1288,#1289,#1290,#1291,
#1292,#1293,#1294,#1295,#1296,#1297,#1298,#1299,#1300,#1301,#1302,#1303,
#1304,#1305,#1306,#1307,#1308,#1309,#1310,#1311,#1312,#1313,#1314,#1315,
#1316,#1317,#1318,#1319),.UNSPECIFIED.,.F.,.F.)
B_SPLINE_CURVE_WITH_KNOTS((3,2,2,2,2,2,2,2,2,2,2,2,2,2,2,2,2,2,2,2,2,2,
2,2,2,2,2,2,2,2,3),(0.,0.0333333333333333,0.0666666666666667,0.1,0.133333333333333,
0.166666666666667,0.2,0.233333333333334,0.266666666666666,0.3,0.333333333333334,
0.366666666666666,0.4,0.433333333333334,0.466666666666667,0.5,0.533333333333333,
0.566666666666667,0.6,0.633333333333333,0.666666666666667,0.7,0.733333333333333,
0.766666666666667,0.8,0.833333333333333,0.866666666666667,0.9,0.933333333333333,
0.966666666666667,1.),.UNSPECIFIED.)
CURVE()
GEOMETRIC_REPRESENTATION_ITEM()
RATIONAL_B_SPLINE_CURVE((1.,0.866025403784439,1.,0.866025403784439,1.,0.866025403784439,
1.,0.866025403784439,1.,0.866025403784439,1.,0.866025403784439,1.,0.866025403784439,
1.,0.866025403784439,1.,0.866025403784439,1.,0.866025403784439,1.,0.866025403784439,
1.,0.866025403784439,1.,0.866025403784439,1.,0.866025403784439,1.,0.866025403784439,
1.,0.866025403784439,1.,0.866025403784439,1.,0.866025403784439,1.,0.866025403784439,
1.,0.866025403784439,1.,0.866025403784439,1.,0.866025403784439,1.,0.866025403784439,
1.,0.866025403784439,1.,0.866025403784439,1.,0.866025403784439,1.,0.866025403784439,
1.,0.866025403784439,1.,0.866025403784439,1.,0.866025403784439,1.))
REPRESENTATION_ITEM('')
);
#36=(
BOUNDED_CURVE()
B_SPLINE_CURVE(2,(#1915,#1916,#1917,#1918,#1919,#1920,#1921,#1922,#1923,
#1924,#1925,#1926,#1927,#1928,#1929,#1930,#1931,#1932,#1933,#1934,#1935,
#1936,#1937,#1938,#1939,#1940,#1941,#1942,#1943,#1944,#1945,#1946,#1947,
#1948,#1949,#1950,#1951,#1952,#1953,#1954,#1955,#1956,#1957,#1958,#1959,
#1960,#1961,#1962,#1963,#1964,#1965,#1966,#1967,#1968,#1969,#1970,#1971,
#1972,#1973,#1974,#1975,#1976,#1977,#1978,#1979,#1980,#1981,#1982,#1983,
#1984,#1985,#1986,#1987,#1988,#1989,#1990,#1991,#1992,#1993,#1994,#1995,
#1996,#1997,#1998,#1999),.UNSPECIFIED.,.F.,.F.)
B_SPLINE_CURVE_WITH_KNOTS((3,2,2,2,2,2,2,2,2,2,2,2,2,2,2,2,2,2,2,2,2,2,
2,2,2,2,2,2,2,2,2,2,2,2,2,2,2,2,2,2,2,2,3),(0.,0.0238095238095238,0.0476190476190476,
0.0714285714285714,0.0952380952380952,0.119047619047619,0.142857142857143,
0.166666666666667,0.19047619047619,0.214285714285714,0.238095238095238,
0.261904761904762,0.285714285714286,0.309523809523809,0.333333333333334,
0.357142857142857,0.380952380952381,0.404761904761905,0.428571428571428,
0.452380952380952,0.476190476190476,0.5,0.523809523809524,0.547619047619048,
0.571428571428571,0.595238095238095,0.619047619047619,0.642857142857143,
0.666666666666667,0.690476190476191,0.714285714285714,0.738095238095238,
0.761904761904762,0.785714285714286,0.80952380952381,0.833333333333333,
0.857142857142857,0.880952380952381,0.904761904761905,0.928571428571429,
0.952380952380952,0.976190476190476,1.),.UNSPECIFIED.)
CURVE()
GEOMETRIC_REPRESENTATION_ITEM()
RATIONAL_B_SPLINE_CURVE((1.,0.866025403784439,1.,0.866025403784439,1.,0.866025403784439,
1.,0.866025403784439,1.,0.866025403784439,1.,0.866025403784439,1.,0.866025403784439,
1.,0.866025403784439,1.,0.866025403784439,1.,0.866025403784439,1.,0.866025403784439,
1.,0.866025403784439,1.,0.866025403784439,1.,0.866025403784439,1.,0.866025403784439,
1.,0.866025403784439,1.,0.866025403784439,1.,0.866025403784439,1.,0.866025403784439,
1.,0.866025403784439,1.,0.866025403784439,1.,0.866025403784439,1.,0.866025403784439,
1.,0.866025403784439,1.,0.866025403784439,1.,0.866025403784439,1.,0.866025403784439,
1.,0.866025403784439,1.,0.866025403784439,1.,0.866025403784439,1.,0.866025403784439,
1.,0.866025403784439,1.,0.866025403784439,1.,0.866025403784439,1.,0.866025403784439,
1.,0.866025403784439,1.,0.866025403784439,1.,0.866025403784439,1.,0.866025403784439,
1.,0.866025403784439,1.,0.866025403784439,1.,0.866025403784439,1.))
REPRESENTATION_ITEM('')
);
#37=(
BOUNDED_CURVE()
B_SPLINE_CURVE(2,(#2000,#2001,#2002,#2003,#2004,#2005,#2006,#2007,#2008,
#2009,#2010,#2011,#2012,#2013,#2014,#2015,#2016,#2017,#2018,#2019,#2020,
#2021,#2022,#2023,#2024,#2025,#2026,#2027,#2028,#2029,#2030,#2031,#2032,
#2033,#2034,#2035,#2036,#2037,#2038,#2039,#2040,#2041,#2042,#2043,#2044,
#2045,#2046,#2047,#2048,#2049,#2050,#2051,#2052,#2053,#2054,#2055,#2056,
#2057,#2058,#2059,#2060,#2061,#2062,#2063,#2064,#2065,#2066,#2067,#2068,
#2069,#2070,#2071,#2072,#2073,#2074,#2075,#2076,#2077,#2078,#2079,#2080,
#2081,#2082,#2083,#2084),.UNSPECIFIED.,.F.,.F.)
B_SPLINE_CURVE_WITH_KNOTS((3,2,2,2,2,2,2,2,2,2,2,2,2,2,2,2,2,2,2,2,2,2,
2,2,2,2,2,2,2,2,2,2,2,2,2,2,2,2,2,2,2,2,3),(0.,0.0238095238095238,0.0476190476190476,
0.0714285714285714,0.0952380952380952,0.119047619047619,0.142857142857143,
0.166666666666667,0.19047619047619,0.214285714285714,0.238095238095238,
0.261904761904762,0.285714285714286,0.309523809523809,0.333333333333334,
0.357142857142857,0.380952380952381,0.404761904761905,0.428571428571428,
0.452380952380952,0.476190476190476,0.5,0.523809523809524,0.547619047619048,
0.571428571428571,0.595238095238095,0.619047619047619,0.642857142857143,
0.666666666666667,0.690476190476191,0.714285714285714,0.738095238095238,
0.761904761904762,0.785714285714286,0.80952380952381,0.833333333333333,
0.857142857142857,0.880952380952381,0.904761904761905,0.928571428571429,
0.952380952380952,0.976190476190476,1.),.UNSPECIFIED.)
CURVE()
GEOMETRIC_REPRESENTATION_ITEM()
RATIONAL_B_SPLINE_CURVE((1.,0.866025403784439,1.,0.866025403784439,1.,0.866025403784439,
1.,0.866025403784439,1.,0.866025403784439,1.,0.866025403784439,1.,0.866025403784439,
1.,0.866025403784439,1.,0.866025403784439,1.,0.866025403784439,1.,0.866025403784439,
1.,0.866025403784439,1.,0.866025403784439,1.,0.866025403784439,1.,0.866025403784439,
1.,0.866025403784439,1.,0.866025403784439,1.,0.866025403784439,1.,0.866025403784439,
1.,0.866025403784439,1.,0.866025403784439,1.,0.866025403784439,1.,0.866025403784439,
1.,0.866025403784439,1.,0.866025403784439,1.,0.866025403784439,1.,0.866025403784439,
1.,0.866025403784439,1.,0.866025403784439,1.,0.866025403784439,1.,0.866025403784439,
1.,0.866025403784439,1.,0.866025403784439,1.,0.866025403784439,1.,0.866025403784439,
1.,0.866025403784439,1.,0.866025403784439,1.,0.866025403784439,1.,0.866025403784439,
1.,0.866025403784439,1.,0.866025403784439,1.,0.866025403784439,1.))
REPRESENTATION_ITEM('')
);
#38=CYLINDRICAL_SURFACE('',#275,0.015875);
#39=CYLINDRICAL_SURFACE('',#278,0.01905);
#40=CYLINDRICAL_SURFACE('',#290,0.011049);
#41=CIRCLE('',#274,0.01905);
#42=CIRCLE('',#276,0.015875);
#43=CIRCLE('',#277,0.015875);
#44=CIRCLE('',#279,0.01905);
#45=CIRCLE('',#280,0.01905);
#46=CIRCLE('',#284,0.000544197735828114);
#47=CIRCLE('',#285,0.000544197735828114);
#48=CIRCLE('',#287,0.011049);
#49=CIRCLE('',#289,0.011049);
#50=ORIENTED_EDGE('',*,*,#120,.F.);
#51=ORIENTED_EDGE('',*,*,#121,.F.);
#52=ORIENTED_EDGE('',*,*,#122,.F.);
#53=ORIENTED_EDGE('',*,*,#123,.F.);
#54=ORIENTED_EDGE('',*,*,#124,.T.);
#55=ORIENTED_EDGE('',*,*,#125,.T.);
#56=ORIENTED_EDGE('',*,*,#123,.T.);
#57=ORIENTED_EDGE('',*,*,#126,.F.);
#58=ORIENTED_EDGE('',*,*,#127,.T.);
#59=ORIENTED_EDGE('',*,*,#128,.T.);
#60=ORIENTED_EDGE('',*,*,#129,.T.);
#61=ORIENTED_EDGE('',*,*,#130,.T.);
#62=ORIENTED_EDGE('',*,*,#131,.F.);
#63=ORIENTED_EDGE('',*,*,#132,.F.);
#64=ORIENTED_EDGE('',*,*,#133,.T.);
#65=ORIENTED_EDGE('',*,*,#134,.T.);
#66=ORIENTED_EDGE('',*,*,#135,.F.);
#67=ORIENTED_EDGE('',*,*,#136,.F.);
#68=ORIENTED_EDGE('',*,*,#137,.F.);
#69=ORIENTED_EDGE('',*,*,#131,.T.);
#70=ORIENTED_EDGE('',*,*,#124,.F.);
#71=ORIENTED_EDGE('',*,*,#138,.F.);
#72=ORIENTED_EDGE('',*,*,#139,.F.);
#73=ORIENTED_EDGE('',*,*,#140,.F.);
#74=ORIENTED_EDGE('',*,*,#134,.F.);
#75=ORIENTED_EDGE('',*,*,#140,.T.);
#76=ORIENTED_EDGE('',*,*,#141,.F.);
#77=ORIENTED_EDGE('',*,*,#142,.T.);
#78=ORIENTED_EDGE('',*,*,#129,.F.);
#79=ORIENTED_EDGE('',*,*,#143,.T.);
#80=ORIENTED_EDGE('',*,*,#144,.T.);
#81=ORIENTED_EDGE('',*,*,#138,.T.);
#82=ORIENTED_EDGE('',*,*,#133,.F.);
#83=ORIENTED_EDGE('',*,*,#137,.T.);
#84=ORIENTED_EDGE('',*,*,#145,.F.);
#85=ORIENTED_EDGE('',*,*,#143,.F.);
#86=ORIENTED_EDGE('',*,*,#132,.T.);
#87=ORIENTED_EDGE('',*,*,#135,.T.);
#88=ORIENTED_EDGE('',*,*,#130,.F.);
#89=ORIENTED_EDGE('',*,*,#142,.F.);
#90=ORIENTED_EDGE('',*,*,#146,.T.);
#91=ORIENTED_EDGE('',*,*,#136,.T.);
#92=ORIENTED_EDGE('',*,*,#146,.F.);
#93=ORIENTED_EDGE('',*,*,#147,.F.);
#94=ORIENTED_EDGE('',*,*,#145,.T.);
#95=ORIENTED_EDGE('',*,*,#144,.F.);
#96=ORIENTED_EDGE('',*,*,#147,.T.);
#97=ORIENTED_EDGE('',*,*,#141,.T.);
#98=ORIENTED_EDGE('',*,*,#139,.T.);
#99=ORIENTED_EDGE('',*,*,#148,.F.);
#100=ORIENTED_EDGE('',*,*,#127,.F.);
#101=ORIENTED_EDGE('',*,*,#149,.T.);
#102=ORIENTED_EDGE('',*,*,#150,.T.);
#103=ORIENTED_EDGE('',*,*,#151,.T.);
#104=ORIENTED_EDGE('',*,*,#152,.T.);
#105=ORIENTED_EDGE('',*,*,#125,.F.);
#106=ORIENTED_EDGE('',*,*,#153,.T.);
#107=ORIENTED_EDGE('',*,*,#121,.T.);
#108=ORIENTED_EDGE('',*,*,#154,.F.);
#109=ORIENTED_EDGE('',*,*,#150,.F.);
#110=ORIENTED_EDGE('',*,*,#154,.T.);
#111=ORIENTED_EDGE('',*,*,#120,.T.);
#112=ORIENTED_EDGE('',*,*,#128,.F.);
#113=ORIENTED_EDGE('',*,*,#151,.F.);
#114=ORIENTED_EDGE('',*,*,#126,.T.);
#115=ORIENTED_EDGE('',*,*,#122,.T.);
#116=ORIENTED_EDGE('',*,*,#153,.F.);
#117=ORIENTED_EDGE('',*,*,#149,.F.);
#118=ORIENTED_EDGE('',*,*,#148,.T.);
#119=ORIENTED_EDGE('',*,*,#152,.F.);
#120=EDGE_CURVE('',#155,#156,#179,.T.);
#121=EDGE_CURVE('',#157,#155,#180,.T.);
#122=EDGE_CURVE('',#158,#157,#181,.T.);
#123=EDGE_CURVE('',#156,#158,#41,.T.);
#124=EDGE_CURVE('',#159,#159,#42,.T.);
#125=EDGE_CURVE('',#160,#160,#43,.T.);
#126=EDGE_CURVE('',#161,#158,#30,.T.);
#127=EDGE_CURVE('',#161,#162,#44,.T.);
#128=EDGE_CURVE('',#162,#156,#31,.T.);
#129=EDGE_CURVE('',#163,#164,#182,.T.);
#130=EDGE_CURVE('',#164,#165,#32,.T.);
#131=EDGE_CURVE('',#166,#165,#45,.T.);
#132=EDGE_CURVE('',#167,#166,#33,.T.);
#133=EDGE_CURVE('',#167,#168,#183,.T.);
#134=EDGE_CURVE('',#168,#163,#29,.T.);
#135=EDGE_CURVE('',#169,#165,#184,.T.);
#136=EDGE_CURVE('',#170,#169,#185,.T.);
#137=EDGE_CURVE('',#166,#170,#186,.T.);
#138=EDGE_CURVE('',#171,#168,#21,.F.);
#139=EDGE_CURVE('',#172,#171,#46,.T.);
#140=EDGE_CURVE('',#163,#172,#22,.F.);
#141=EDGE_CURVE('',#173,#172,#187,.T.);
#142=EDGE_CURVE('',#173,#164,#23,.T.);
#143=EDGE_CURVE('',#167,#174,#24,.T.);
#144=EDGE_CURVE('',#174,#171,#188,.T.);
#145=EDGE_CURVE('',#174,#170,#34,.T.);
#146=EDGE_CURVE('',#173,#169,#35,.T.);
#147=EDGE_CURVE('',#174,#173,#47,.F.);
#148=EDGE_CURVE('',#175,#175,#48,.T.);
#149=EDGE_CURVE('',#161,#176,#189,.T.);
#150=EDGE_CURVE('',#176,#177,#190,.T.);
#151=EDGE_CURVE('',#177,#162,#191,.F.);
#152=EDGE_CURVE('',#178,#178,#49,.T.);
#153=EDGE_CURVE('',#176,#157,#36,.T.);
#154=EDGE_CURVE('',#177,#155,#37,.T.);
#155=VERTEX_POINT('',#344);
#156=VERTEX_POINT('',#345);
#157=VERTEX_POINT('',#356);
#158=VERTEX_POINT('',#370);
#159=VERTEX_POINT('',#374);
#160=VERTEX_POINT('',#376);
#161=VERTEX_POINT('',#463);
#162=VERTEX_POINT('',#465);
#163=VERTEX_POINT('',#585);
#164=VERTEX_POINT('',#586);
#165=VERTEX_POINT('',#648);
#166=VERTEX_POINT('',#650);
#167=VERTEX_POINT('',#712);
#168=VERTEX_POINT('',#747);
#169=VERTEX_POINT('',#759);
#170=VERTEX_POINT('',#770);
#171=VERTEX_POINT('',#786);
#172=VERTEX_POINT('',#788);
#173=VERTEX_POINT('',#898);
#174=VERTEX_POINT('',#973);
#175=VERTEX_POINT('',#1655);
#176=VERTEX_POINT('',#1669);
#177=VERTEX_POINT('',#1680);
#178=VERTEX_POINT('',#1694);
#179=B_SPLINE_CURVE_WITH_KNOTS('',3,(#335,#336,#337,#338,#339,#340,#341,
#342,#343),.UNSPECIFIED.,.F.,.F.,(4,1,1,1,1,1,4),(0.0957210480822569,0.104464988735516,
0.108836959062145,0.113208929388775,0.121952870042033,0.126324840368663,
0.130696810695292),.UNSPECIFIED.);
#180=B_SPLINE_CURVE_WITH_KNOTS('',3,(#346,#347,#348,#349,#350,#351,#352,
#353,#354,#355),.UNSPECIFIED.,.F.,.F.,(4,1,1,1,1,1,1,4),(0.0677658712678189,
0.0710858683303884,0.0744058653929579,0.0777258624555275,0.081045859518097,
0.0843658565806665,0.087685853643236,0.0943258477683751),.UNSPECIFIED.);
#181=B_SPLINE_CURVE_WITH_KNOTS('',3,(#357,#358,#359,#360,#361,#362,#363,
#364,#365,#366,#367,#368,#369),.UNSPECIFIED.,.F.,.F.,(4,1,1,1,1,1,1,1,1,
1,4),(0.0590863857940964,0.0635487776514181,0.0680111695087398,0.0724735613660615,
0.0747047572947224,0.0769359532233832,0.081398345080705,0.0836295410093658,
0.0858607369380267,0.0903231287953484,0.0947855206526701),.UNSPECIFIED.);
#182=B_SPLINE_CURVE_WITH_KNOTS('',3,(#551,#552,#553,#554,#555,#556,#557,
#558,#559,#560,#561,#562,#563,#564,#565,#566,#567,#568,#569,#570,#571,#572,
#573,#574,#575,#576,#577,#578,#579,#580,#581,#582,#583,#584),
 .UNSPECIFIED.,.F.,.F.,(4,1,1,1,1,1,1,1,1,1,1,1,1,1,1,1,1,1,1,1,1,1,1,1,
1,1,1,1,1,1,1,4),(0.,0.00751293771496491,0.0112694065724474,0.0150258754299298,
0.0187823442874123,0.0225388131448947,0.0262952820023772,0.0300517508598597,
0.0338082197173421,0.0375646885748246,0.041321157432307,0.0450776262897895,
0.0488340951472719,0.0525905640047544,0.0563470328622369,0.0601035017197193,
0.0638599705772018,0.0676164394346842,0.0713729082921667,0.0751293771496492,
0.0788858460071316,0.0826423148646141,0.0863987837220965,0.090155252579579,
0.0939117214370614,0.0976681902945439,0.101424659152026,0.105181128009509,
0.108937596866991,0.112694065724474,0.116450534581956,0.120207003439439),
 .UNSPECIFIED.);
#183=B_SPLINE_CURVE_WITH_KNOTS('',3,(#713,#714,#715,#716,#717,#718,#719,
#720,#721,#722,#723,#724,#725,#726,#727,#728,#729,#730,#731,#732,#733,#734,
#735,#736,#737,#738,#739,#740,#741,#742,#743,#744,#745,#746),
 .UNSPECIFIED.,.F.,.F.,(4,1,1,1,1,1,1,1,1,1,1,1,1,1,1,1,1,1,1,1,1,1,1,1,
1,1,1,1,1,1,1,4),(0.,0.00751016800765659,0.0112652520114849,0.0150203360153132,
0.0187754200191415,0.0225305040229698,0.0262855880267981,0.0300406720306264,
0.0337957560344547,0.037550840038283,0.0413059240421113,0.0450610080459396,
0.0488160920497679,0.0525711760535962,0.0563262600574244,0.0600813440612527,
0.063836428065081,0.0675915120689093,0.0713465960727376,0.0751016800765659,
0.0788567640803942,0.0826118480842225,0.0863669320880508,0.0901220160918791,
0.0938771000957074,0.0976321840995357,0.101387268103364,0.105142352107192,
0.108897436111021,0.112652520114849,0.116407604118677,0.120162688122505),
 .UNSPECIFIED.);
#184=B_SPLINE_CURVE_WITH_KNOTS('',3,(#750,#751,#752,#753,#754,#755,#756,
#757,#758),.UNSPECIFIED.,.F.,.F.,(4,1,1,1,1,1,4),(0.0589054485387212,0.0679317024298851,
0.072444829375467,0.0769579563210489,0.0859842102122128,0.0904973371577947,
0.0950104641033766),.UNSPECIFIED.);
#185=B_SPLINE_CURVE_WITH_KNOTS('',3,(#760,#761,#762,#763,#764,#765,#766,
#767,#768,#769),.UNSPECIFIED.,.F.,.F.,(4,1,1,1,1,1,1,4),(0.0669556343118421,
0.0738090686955462,0.0772357858873983,0.0806625030792504,0.0840892202711025,
0.0875159374629546,0.0909426546548066,0.0943693718466587),.UNSPECIFIED.);
#186=B_SPLINE_CURVE_WITH_KNOTS('',3,(#771,#772,#773,#774,#775,#776,#777,
#778,#779,#780,#781,#782,#783),.UNSPECIFIED.,.F.,.F.,(4,1,1,1,1,1,1,1,1,
1,4),(0.0799904412408881,0.0844249994094509,0.0888595575780137,0.0932941157465765,
0.0955113948308579,0.0977286739151393,0.102163232083702,0.104380511167984,
0.106597790252265,0.111032348420828,0.115466906589391),.UNSPECIFIED.);
#187=B_SPLINE_CURVE_WITH_KNOTS('',3,(#862,#863,#864,#865,#866,#867,#868,
#869,#870,#871,#872,#873,#874,#875,#876,#877,#878,#879,#880,#881,#882,#883,
#884,#885,#886,#887,#888,#889,#890,#891,#892,#893,#894,#895,#896,#897),
 .UNSPECIFIED.,.F.,.F.,(4,2,2,2,2,2,2,2,2,2,2,2,2,2,2,2,2,4),(0.,0.015625,
0.078125,0.140625,0.203125,0.265625,0.328125,0.390625,0.453125,0.515625,
0.578125,0.640625,0.703125,0.765625,0.828125,0.890625,0.953125,1.),
 .UNSPECIFIED.);
#188=B_SPLINE_CURVE_WITH_KNOTS('',3,(#974,#975,#976,#977,#978,#979,#980,
#981,#982,#983,#984,#985,#986,#987,#988,#989,#990,#991,#992,#993,#994,#995,
#996,#997,#998,#999,#1000,#1001,#1002,#1003,#1004,#1005,#1006,#1007,#1008,
#1009),.UNSPECIFIED.,.F.,.F.,(4,2,2,2,2,2,2,2,2,2,2,2,2,2,2,2,2,4),(0.,
0.015625,0.078125,0.140625,0.203125,0.265625,0.328125,0.390625,0.453125,
0.515625,0.578125,0.640625,0.703125,0.765625,0.828125,0.890625,0.953125,
1.),.UNSPECIFIED.);
#189=B_SPLINE_CURVE_WITH_KNOTS('',3,(#1656,#1657,#1658,#1659,#1660,#1661,
#1662,#1663,#1664,#1665,#1666,#1667,#1668),.UNSPECIFIED.,.F.,.F.,(4,1,1,
1,1,1,1,1,1,1,4),(0.0590863857940963,0.063548777651418,0.0680111695087397,
0.0724735613660615,0.0747047572947223,0.0769359532233832,0.0813983450807049,
0.0836295410093658,0.0858607369380266,0.0903231287953483,0.0947855206526701),
 .UNSPECIFIED.);
#190=B_SPLINE_CURVE_WITH_KNOTS('',3,(#1670,#1671,#1672,#1673,#1674,#1675,
#1676,#1677,#1678,#1679),.UNSPECIFIED.,.F.,.F.,(4,1,1,1,1,1,1,4),(0.0802376810365655,
0.0836730611352952,0.0871084412340249,0.0905438213327546,0.0939792014314842,
0.0974145815302139,0.100849961628944,0.107720721826403),.UNSPECIFIED.);
#191=B_SPLINE_CURVE_WITH_KNOTS('',3,(#1681,#1682,#1683,#1684,#1685,#1686,
#1687,#1688,#1689,#1690,#1691),.UNSPECIFIED.,.F.,.F.,(4,1,1,1,1,1,1,1,4),
(0.0892683165369226,0.0937039104244765,0.0981395043120303,0.107010692087138,
0.111446285974692,0.113664082918469,0.115881879862246,0.1203174737498,0.124753067637353),
 .UNSPECIFIED.);
#192=EDGE_LOOP('',(#50,#51,#52,#53));
#193=EDGE_LOOP('',(#54));
#194=EDGE_LOOP('',(#55));
#195=EDGE_LOOP('',(#56,#57,#58,#59));
#196=EDGE_LOOP('',(#60,#61,#62,#63,#64,#65));
#197=EDGE_LOOP('',(#66,#67,#68,#69));
#198=EDGE_LOOP('',(#70));
#199=EDGE_LOOP('',(#71,#72,#73,#74));
#200=EDGE_LOOP('',(#75,#76,#77,#78));
#201=EDGE_LOOP('',(#79,#80,#81,#82));
#202=EDGE_LOOP('',(#83,#84,#85,#86));
#203=EDGE_LOOP('',(#87,#88,#89,#90));
#204=EDGE_LOOP('',(#91,#92,#93,#94));
#205=EDGE_LOOP('',(#95,#96,#97,#98));
#206=EDGE_LOOP('',(#99));
#207=EDGE_LOOP('',(#100,#101,#102,#103));
#208=EDGE_LOOP('',(#104));
#209=EDGE_LOOP('',(#105));
#210=EDGE_LOOP('',(#106,#107,#108,#109));
#211=EDGE_LOOP('',(#110,#111,#112,#113));
#212=EDGE_LOOP('',(#114,#115,#116,#117));
#213=EDGE_LOOP('',(#118));
#214=EDGE_LOOP('',(#119));
#215=FACE_BOUND('',#192,.T.);
#216=FACE_BOUND('',#193,.T.);
#217=FACE_BOUND('',#194,.T.);
#218=FACE_BOUND('',#195,.T.);
#219=FACE_BOUND('',#196,.T.);
#220=FACE_BOUND('',#197,.T.);
#221=FACE_BOUND('',#198,.T.);
#222=FACE_BOUND('',#199,.T.);
#223=FACE_BOUND('',#200,.T.);
#224=FACE_BOUND('',#201,.T.);
#225=FACE_BOUND('',#202,.T.);
#226=FACE_BOUND('',#203,.T.);
#227=FACE_BOUND('',#204,.T.);
#228=FACE_BOUND('',#205,.T.);
#229=FACE_BOUND('',#206,.T.);
#230=FACE_BOUND('',#207,.T.);
#231=FACE_BOUND('',#208,.T.);
#232=FACE_BOUND('',#209,.T.);
#233=FACE_BOUND('',#210,.T.);
#234=FACE_BOUND('',#211,.T.);
#235=FACE_BOUND('',#212,.T.);
#236=FACE_BOUND('',#213,.T.);
#237=FACE_BOUND('',#214,.T.);
#238=PLANE('',#273);
#239=PLANE('',#282);
#240=PLANE('',#283);
#241=PLANE('',#286);
#242=PLANE('',#288);
#243=ADVANCED_FACE('',(#215),#238,.F.);
#244=ADVANCED_FACE('',(#216,#217),#38,.F.);
#245=ADVANCED_FACE('',(#218,#219),#39,.T.);
#246=ADVANCED_FACE('',(#220,#221),#239,.T.);
#247=ADVANCED_FACE('',(#222),#240,.F.);
#248=ADVANCED_FACE('',(#223),#19,.F.);
#249=ADVANCED_FACE('',(#224),#20,.F.);
#250=ADVANCED_FACE('',(#225),#12,.F.);
#251=ADVANCED_FACE('',(#226),#13,.F.);
#252=ADVANCED_FACE('',(#227),#14,.F.);
#253=ADVANCED_FACE('',(#228),#15,.F.);
#254=ADVANCED_FACE('',(#229,#230),#241,.F.);
#255=ADVANCED_FACE('',(#231,#232),#242,.F.);
#256=ADVANCED_FACE('',(#233),#16,.F.);
#257=ADVANCED_FACE('',(#234),#17,.F.);
#258=ADVANCED_FACE('',(#235),#18,.F.);
#259=ADVANCED_FACE('',(#236,#237),#40,.F.);
#260=CLOSED_SHELL('',(#243,#244,#245,#246,#247,#248,#249,#250,#251,#252,
#253,#254,#255,#256,#257,#258,#259));
#261=STYLED_ITEM('',(#262),#269);
#262=PRESENTATION_STYLE_ASSIGNMENT((#263));
#263=SURFACE_STYLE_USAGE(.BOTH.,#264);
#264=SURFACE_SIDE_STYLE('',(#265));
#265=SURFACE_STYLE_FILL_AREA(#266);
#266=FILL_AREA_STYLE('',(#267));
#267=FILL_AREA_STYLE_COLOUR('',#268);
#268=COLOUR_RGB('',0.615686274509804,0.811764705882353,0.929411764705882);
#269=MANIFOLD_SOLID_BREP('Part 1',#260);
#270=SHAPE_DEFINITION_REPRESENTATION(#2316,#271);
#271=SHAPE_REPRESENTATION('Part 1',(#272),#2311);
#272=AXIS2_PLACEMENT_3D('',#333,#291,#292);
#273=AXIS2_PLACEMENT_3D('',#334,#293,#294);
#274=AXIS2_PLACEMENT_3D('',#371,#295,#296);
#275=AXIS2_PLACEMENT_3D('',#372,#297,#298);
#276=AXIS2_PLACEMENT_3D('',#373,#299,#300);
#277=AXIS2_PLACEMENT_3D('',#375,#301,#302);
#278=AXIS2_PLACEMENT_3D('',#377,#303,#304);
#279=AXIS2_PLACEMENT_3D('',#464,#305,#306);
#280=AXIS2_PLACEMENT_3D('',#649,#307,#308);
#281=AXIS2_PLACEMENT_3D('',#748,#309,#310);
#282=AXIS2_PLACEMENT_3D('',#749,#311,#312);
#283=AXIS2_PLACEMENT_3D('',#784,#313,#314);
#284=AXIS2_PLACEMENT_3D('',#787,#316,#317);
#285=AXIS2_PLACEMENT_3D('',#1508,#321,#322);
#286=AXIS2_PLACEMENT_3D('',#1653,#323,#324);
#287=AXIS2_PLACEMENT_3D('',#1654,#325,#326);
#288=AXIS2_PLACEMENT_3D('',#1692,#327,#328);
#289=AXIS2_PLACEMENT_3D('',#1693,#329,#330);
#290=AXIS2_PLACEMENT_3D('',#2309,#331,#332);
#291=DIRECTION('',(0.,0.,1.));
#292=DIRECTION('',(1.,0.,0.));
#293=DIRECTION('',(0.,0.,1.));
#294=DIRECTION('',(1.,0.,0.));
#295=DIRECTION('',(0.,0.,1.));
#296=DIRECTION('',(1.,0.,0.));
#297=DIRECTION('',(0.,0.,-1.));
#298=DIRECTION('',(-1.,0.,0.));
#299=DIRECTION('',(0.,0.,1.));
#300=DIRECTION('',(1.,0.,0.));
#301=DIRECTION('',(0.,0.,-1.));
#302=DIRECTION('',(-1.,0.,0.));
#303=DIRECTION('',(0.,0.,-1.));
#304=DIRECTION('',(-1.,0.,0.));
#305=DIRECTION('',(0.,0.,1.));
#306=DIRECTION('',(1.,0.,0.));
#307=DIRECTION('',(0.,0.,1.));
#308=DIRECTION('',(1.,0.,0.));
#309=DIRECTION('',(0.00101873743971282,0.999997402087435,0.00203911559528226));
#310=DIRECTION('',(2.07732771957727E-6,0.00203911453715402,-0.999997921001633));
#311=DIRECTION('',(0.,0.,1.));
#312=DIRECTION('',(1.,0.,0.));
#313=DIRECTION('',(0.00101873743971282,0.999997402087435,0.00203911559528226));
#314=DIRECTION('',(-0.999999480754554,0.00101878789170573,-2.37035340129403E-5));
#315=DIRECTION('',(0.866012062709185,-0.0019018413920643,0.500019489861652));
#316=DIRECTION('',(0.00101873743971282,0.999997402087435,0.00203911559528226));
#317=DIRECTION('',(0.68419137175567,-0.00218414251524965,0.729299250196085));
#318=DIRECTION('',(-0.866037843607981,-0.000137249003421775,0.499978434136467));
#319=DIRECTION('',(-0.866025402838329,0.,0.50000000163871));
#320=DIRECTION('',(0.866025402838329,0.,0.50000000163871));
#321=DIRECTION('',(0.,1.,0.));
#322=DIRECTION('',(0.684210528639944,0.,0.729284548374808));
#323=DIRECTION('',(0.,0.,1.));
#324=DIRECTION('',(1.,0.,0.));
#325=DIRECTION('',(0.,0.,-1.));
#326=DIRECTION('',(-1.,0.,0.));
#327=DIRECTION('',(0.,0.,-1.));
#328=DIRECTION('',(1.,0.,0.));
#329=DIRECTION('',(0.,0.,-1.));
#330=DIRECTION('',(-1.,0.,0.));
#331=DIRECTION('',(0.,0.,-1.));
#332=DIRECTION('',(-1.,0.,0.));
#333=CARTESIAN_POINT('',(0.,0.,0.));
#334=CARTESIAN_POINT('',(0.,0.,0.0127));
#335=CARTESIAN_POINT('',(0.0159749968441451,-0.00672158494517103,0.0127));
#336=CARTESIAN_POINT('',(0.0149535014987627,-0.00955644727226267,0.0127));
#337=CARTESIAN_POINT('',(0.0123339137664502,-0.0133423579384998,0.0127));
#338=CARTESIAN_POINT('',(0.00729298234022038,-0.0166515097964639,0.0127));
#339=CARTESIAN_POINT('',(0.00160434101038226,-0.0186434258692748,0.0127));
#340=CARTESIAN_POINT('',(-0.00451456676319663,-0.0184682574697431,0.0127));
#341=CARTESIAN_POINT('',(-0.010074562978362,-0.0161395267856511,0.0127));
#342=CARTESIAN_POINT('',(-0.0124979619304271,-0.0143626542319591,0.0127));
#343=CARTESIAN_POINT('',(-0.0135926606142641,-0.0133469875786798,0.0127));
#344=CARTESIAN_POINT('',(0.015974996844145,-0.00672158494517103,0.0127));
#345=CARTESIAN_POINT('',(-0.0135926606142641,-0.0133469875786798,0.0127));
#346=CARTESIAN_POINT('',(0.00649930531757808,0.0160667127544653,0.0127));
#347=CARTESIAN_POINT('',(0.00754839768195673,0.0156050502907158,0.0127));
#348=CARTESIAN_POINT('',(0.0095512505217793,0.0144996845490406,0.0127));
#349=CARTESIAN_POINT('',(0.0121947546308232,0.0122828996961921,0.0127));
#350=CARTESIAN_POINT('',(0.0143335520364753,0.00964893947590672,0.0127));
#351=CARTESIAN_POINT('',(0.0159562345054197,0.006606798465165,0.0127));
#352=CARTESIAN_POINT('',(0.0169508615385526,0.00335130784743784,0.0127));
#353=CARTESIAN_POINT('',(0.0174281676395824,-0.00119932114905035,0.0127000000000001));
#354=CARTESIAN_POINT('',(0.0167852573632888,-0.00460746590610159,0.0126999999999997));
#355=CARTESIAN_POINT('',(0.0159749968441449,-0.00672158494517096,0.0126999999999997));
#356=CARTESIAN_POINT('',(0.00649930531757808,0.0160667127544653,0.0127));
#357=CARTESIAN_POINT('',(-0.01905,8.02309607639273E-18,0.0127));
#358=CARTESIAN_POINT('',(-0.0189876780974135,0.00149572566861259,0.0127));
#359=CARTESIAN_POINT('',(-0.0184996868780399,0.00445580960668038,0.0127));
#360=CARTESIAN_POINT('',(-0.0167578088933222,0.00856216943809968,0.0127));
#361=CARTESIAN_POINT('',(-0.0145067348255805,0.0115732720951167,0.0127));
#362=CARTESIAN_POINT('',(-0.0123512383782107,0.0135810845497795,0.0127));
#363=CARTESIAN_POINT('',(-0.00992500515111461,0.0153492839806505,0.0127));
#364=CARTESIAN_POINT('',(-0.00727148477621764,0.0166332441148351,0.0127));
#365=CARTESIAN_POINT('',(-0.0043668529484092,0.0174057159617207,0.0127));
#366=CARTESIAN_POINT('',(-0.00144596118605626,0.0177991034443646,0.0127));
#367=CARTESIAN_POINT('',(0.00231469101554683,0.0175927384770894,0.0127));
#368=CARTESIAN_POINT('',(0.00514336230540084,0.016694134994846,0.0127));
#369=CARTESIAN_POINT('',(0.00649930531757808,0.0160667127544653,0.0127));
#370=CARTESIAN_POINT('',(-0.01905,8.02309607639273E-18,0.0127));
#371=CARTESIAN_POINT('',(-3.57786716920216E-18,8.02309607639273E-18,0.0127));
#372=CARTESIAN_POINT('',(0.,9.72063396823212E-19,0.0508));
#373=CARTESIAN_POINT('',(0.,9.72063396823212E-19,0.0508));
#374=CARTESIAN_POINT('',(0.015875,9.72063396823212E-19,0.0508));
#375=CARTESIAN_POINT('',(0.,9.72063396823212E-19,0.00635));
#376=CARTESIAN_POINT('',(-0.015875,9.72063396823212E-19,0.00635));
#377=CARTESIAN_POINT('',(-3.57786716920216E-18,8.02309607639273E-18,0.0508));
#378=CARTESIAN_POINT('',(-0.01905,8.02309607639273E-18,-0.00635));
#379=CARTESIAN_POINT('',(-0.01905,-0.0109985226280624,-0.00608541666666666));
#380=CARTESIAN_POINT('',(-0.009525,-0.0164977839420936,-0.00582083333333334));
#381=CARTESIAN_POINT('',(-4.92479772238279E-18,-0.0219970452561247,-0.00555625));
#382=CARTESIAN_POINT('',(0.009525,-0.0164977839420936,-0.00529166666666667));
#383=CARTESIAN_POINT('',(0.01905,-0.0109985226280624,-0.00502708333333334));
#384=CARTESIAN_POINT('',(0.01905,5.69014392401703E-18,-0.0047625));
#385=CARTESIAN_POINT('',(0.01905,0.0109985226280624,-0.00449791666666666));
#386=CARTESIAN_POINT('',(0.009525,0.0164977839420936,-0.00423333333333334));
#387=CARTESIAN_POINT('',(4.6292449033973E-19,0.0219970452561247,-0.00396875));
#388=CARTESIAN_POINT('',(-0.009525,0.0164977839420936,-0.00370416666666667));
#389=CARTESIAN_POINT('',(-0.01905,0.0109985226280624,-0.00343958333333333));
#390=CARTESIAN_POINT('',(-0.01905,1.26890003811441E-17,-0.003175));
#391=CARTESIAN_POINT('',(-0.01905,-0.0109985226280624,-0.00291041666666667));
#392=CARTESIAN_POINT('',(-0.009525,-0.0164977839420936,-0.00264583333333334));
#393=CARTESIAN_POINT('',(-2.98498208287623E-17,-0.0219970452561247,-0.00238125));
#394=CARTESIAN_POINT('',(0.009525,-0.0164977839420936,-0.00211666666666667));
#395=CARTESIAN_POINT('',(0.01905,-0.0109985226280624,-0.00185208333333333));
#396=CARTESIAN_POINT('',(0.01905,1.02423961926561E-18,-0.0015875));
#397=CARTESIAN_POINT('',(0.01905,0.0109985226280624,-0.00132291666666667));
#398=CARTESIAN_POINT('',(0.009525,0.0164977839420936,-0.00105833333333333));
#399=CARTESIAN_POINT('',(5.85064670306226E-18,0.0219970452561247,-0.000793750000000001));
#400=CARTESIAN_POINT('',(-0.009525,0.0164977839420936,-0.000529166666666667));
#401=CARTESIAN_POINT('',(-0.01905,0.0109985226280624,-0.000264583333333335));
#402=CARTESIAN_POINT('',(-0.01905,1.73549046858955E-17,-8.67361737988404E-19));
#403=CARTESIAN_POINT('',(-0.01905,-0.0109985226280624,0.000264583333333333));
#404=CARTESIAN_POINT('',(-0.009525,-0.0164977839420936,0.000529166666666666));
#405=CARTESIAN_POINT('',(-5.47748439351419E-17,-0.0219970452561247,0.00079375));
#406=CARTESIAN_POINT('',(0.009525,-0.0164977839420936,0.00105833333333333));
#407=CARTESIAN_POINT('',(0.01905,-0.0109985226280624,0.00132291666666666));
#408=CARTESIAN_POINT('',(0.01905,-3.74812624760606E-17,0.0015875));
#409=CARTESIAN_POINT('',(0.01905,0.0109985226280624,0.00185208333333333));
#410=CARTESIAN_POINT('',(0.009525,0.0164977839420936,0.00211666666666667));
#411=CARTESIAN_POINT('',(5.03129707030988E-17,0.0219970452561247,0.00238125));
#412=CARTESIAN_POINT('',(-0.009525,0.0164977839420936,0.00264583333333334));
#413=CARTESIAN_POINT('',(-0.0190499999999999,0.0109985226280624,0.00291041666666667));
#414=CARTESIAN_POINT('',(-0.01905,2.2020808990647E-17,0.003175));
#415=CARTESIAN_POINT('',(-0.01905,-0.0109985226280624,0.00343958333333333));
#416=CARTESIAN_POINT('',(-0.009525,-0.0164977839420936,0.00370416666666667));
#417=CARTESIAN_POINT('',(-6.01625661478644E-17,-0.0219970452561247,0.00396875));
#418=CARTESIAN_POINT('',(0.009525,-0.0164977839420936,0.00423333333333333));
#419=CARTESIAN_POINT('',(0.0190499999999999,-0.0109985226280624,0.00449791666666666));
#420=CARTESIAN_POINT('',(0.01905,-8.30756899023722E-18,0.0047625));
#421=CARTESIAN_POINT('',(0.01905,0.0109985226280624,0.00502708333333333));
#422=CARTESIAN_POINT('',(0.009525,0.0164977839420936,0.00529166666666667));
#423=CARTESIAN_POINT('',(5.57006929158213E-17,0.0219970452561247,0.00555625));
#424=CARTESIAN_POINT('',(-0.009525,0.0164977839420936,0.00582083333333333));
#425=CARTESIAN_POINT('',(-0.0190499999999999,0.0109985226280624,0.00608541666666666));
#426=CARTESIAN_POINT('',(-0.01905,2.66867132953984E-17,0.00635));
#427=CARTESIAN_POINT('',(-0.01905,-0.0109985226280624,0.00661458333333333));
#428=CARTESIAN_POINT('',(-0.009525,-0.0164977839420936,0.00687916666666667));
#429=CARTESIAN_POINT('',(-6.55502883605869E-17,-0.0219970452561247,0.00714374999999999));
#430=CARTESIAN_POINT('',(0.009525,-0.0164977839420936,0.00740833333333333));
#431=CARTESIAN_POINT('',(0.0190499999999999,-0.0109985226280624,0.00767291666666667));
#432=CARTESIAN_POINT('',(0.01905,-8.06526688761382E-17,0.0079375));
#433=CARTESIAN_POINT('',(0.01905,0.0109985226280624,0.00820208333333334));
#434=CARTESIAN_POINT('',(0.009525,0.0164977839420936,0.00846666666666667));
#435=CARTESIAN_POINT('',(6.10884151285438E-17,0.0219970452561247,0.00873125));
#436=CARTESIAN_POINT('',(-0.009525,0.0164977839420936,0.00899583333333333));
#437=CARTESIAN_POINT('',(-0.0190499999999999,0.0109985226280624,0.00926041666666667));
#438=CARTESIAN_POINT('',(-0.01905,9.90318131812993E-17,0.009525));
#439=CARTESIAN_POINT('',(-0.01905,-0.0109985226280624,0.00978958333333333));
#440=CARTESIAN_POINT('',(-0.009525,-0.0164977839420935,0.0100541666666667));
#441=CARTESIAN_POINT('',(-1.49087214147937E-16,-0.0219970452561247,0.01031875));
#442=CARTESIAN_POINT('',(0.009525,-0.0164977839420936,0.0105833333333333));
#443=CARTESIAN_POINT('',(0.01905,-0.0109985226280624,0.0108479166666667));
#444=CARTESIAN_POINT('',(0.01905,-8.53185731808896E-17,0.0111125));
#445=CARTESIAN_POINT('',(0.01905,0.0109985226280624,0.0113770833333333));
#446=CARTESIAN_POINT('',(0.009525,0.0164977839420935,0.0116416666666667));
#447=CARTESIAN_POINT('',(6.64761373412663E-17,0.0219970452561247,0.01190625));
#448=CARTESIAN_POINT('',(-0.00952499999999988,0.0164977839420937,0.0121708333333333));
#449=CARTESIAN_POINT('',(-0.0190499999999999,0.0109985226280624,0.0124354166666667));
#450=CARTESIAN_POINT('',(-0.01905,3.60185219049012E-17,0.0127));
#451=CARTESIAN_POINT('',(-0.01905,-0.0109985226280624,0.0129645833333333));
#452=CARTESIAN_POINT('',(-0.009525,-0.0164977839420935,0.0132291666666667));
#453=CARTESIAN_POINT('',(-1.5447493636066E-16,-0.0219970452561247,0.01349375));
#454=CARTESIAN_POINT('',(0.009525,-0.0164977839420936,0.0137583333333333));
#455=CARTESIAN_POINT('',(0.01905,-0.0109985226280624,0.0140229166666667));
#456=CARTESIAN_POINT('',(0.01905,-8.9984477485641E-17,0.0142875));
#457=CARTESIAN_POINT('',(0.01905,0.0109985226280624,0.0145520833333333));
#458=CARTESIAN_POINT('',(0.009525,0.0164977839420935,0.0148166666666667));
#459=CARTESIAN_POINT('',(7.18638595539888E-17,0.0219970452561247,0.01508125));
#460=CARTESIAN_POINT('',(-0.00952499999999988,0.0164977839420937,0.0153458333333333));
#461=CARTESIAN_POINT('',(-0.0190499999999999,0.0109985226280624,0.0156104166666667));
#462=CARTESIAN_POINT('',(-0.01905,4.06844262096526E-17,0.015875));
#463=CARTESIAN_POINT('',(-0.01905,8.02309607639273E-18,-8.67361737988404E-19));
#464=CARTESIAN_POINT('',(-3.57786716920216E-18,8.02309607639273E-18,0.));
#465=CARTESIAN_POINT('',(-0.0135926606142641,-0.0133469875786798,1.0721198554796E-19));
#466=CARTESIAN_POINT('',(-0.01905,8.02309607639273E-18,-0.003571875));
#467=CARTESIAN_POINT('',(-0.01905,-0.0109985226280624,-0.00330729166666667));
#468=CARTESIAN_POINT('',(-0.009525,-0.0164977839420936,-0.00304270833333333));
#469=CARTESIAN_POINT('',(-4.92479772238279E-18,-0.0219970452561247,-0.002778125));
#470=CARTESIAN_POINT('',(0.009525,-0.0164977839420936,-0.00251354166666667));
#471=CARTESIAN_POINT('',(0.01905,-0.0109985226280624,-0.00224895833333333));
#472=CARTESIAN_POINT('',(0.01905,5.69014392401703E-18,-0.001984375));
#473=CARTESIAN_POINT('',(0.01905,0.0109985226280624,-0.00171979166666667));
#474=CARTESIAN_POINT('',(0.009525,0.0164977839420936,-0.00145520833333333));
#475=CARTESIAN_POINT('',(4.6292449033973E-19,0.0219970452561247,-0.001190625));
#476=CARTESIAN_POINT('',(-0.009525,0.0164977839420936,-0.000926041666666668));
#477=CARTESIAN_POINT('',(-0.01905,0.0109985226280624,-0.000661458333333334));
#478=CARTESIAN_POINT('',(-0.01905,1.26890003811441E-17,-0.000396875));
#479=CARTESIAN_POINT('',(-0.01905,-0.0109985226280624,-0.000132291666666668));
#480=CARTESIAN_POINT('',(-0.009525,-0.0164977839420936,0.000132291666666666));
#481=CARTESIAN_POINT('',(-2.98498208287623E-17,-0.0219970452561247,0.000396874999999999));
#482=CARTESIAN_POINT('',(0.009525,-0.0164977839420936,0.000661458333333333));
#483=CARTESIAN_POINT('',(0.01905,-0.0109985226280624,0.000926041666666666));
#484=CARTESIAN_POINT('',(0.01905,1.02423961926561E-18,0.001190625));
#485=CARTESIAN_POINT('',(0.01905,0.0109985226280624,0.00145520833333333));
#486=CARTESIAN_POINT('',(0.009525,0.0164977839420936,0.00171979166666667));
#487=CARTESIAN_POINT('',(5.85064670306226E-18,0.0219970452561247,0.001984375));
#488=CARTESIAN_POINT('',(-0.009525,0.0164977839420936,0.00224895833333334));
#489=CARTESIAN_POINT('',(-0.01905,0.0109985226280624,0.00251354166666666));
#490=CARTESIAN_POINT('',(-0.01905,1.73549046858955E-17,0.002778125));
#491=CARTESIAN_POINT('',(-0.01905,-0.0109985226280624,0.00304270833333333));
#492=CARTESIAN_POINT('',(-0.009525,-0.0164977839420936,0.00330729166666666));
#493=CARTESIAN_POINT('',(-5.47748439351419E-17,-0.0219970452561247,0.003571875));
#494=CARTESIAN_POINT('',(0.009525,-0.0164977839420936,0.00383645833333333));
#495=CARTESIAN_POINT('',(0.01905,-0.0109985226280624,0.00410104166666666));
#496=CARTESIAN_POINT('',(0.01905,-3.74812624760606E-17,0.004365625));
#497=CARTESIAN_POINT('',(0.01905,0.0109985226280624,0.00463020833333334));
#498=CARTESIAN_POINT('',(0.009525,0.0164977839420936,0.00489479166666667));
#499=CARTESIAN_POINT('',(5.03129707030988E-17,0.0219970452561247,0.005159375));
#500=CARTESIAN_POINT('',(-0.009525,0.0164977839420936,0.00542395833333333));
#501=CARTESIAN_POINT('',(-0.0190499999999999,0.0109985226280624,0.00568854166666666));
#502=CARTESIAN_POINT('',(-0.01905,2.2020808990647E-17,0.005953125));
#503=CARTESIAN_POINT('',(-0.01905,-0.0109985226280624,0.00621770833333333));
#504=CARTESIAN_POINT('',(-0.009525,-0.0164977839420936,0.00648229166666667));
#505=CARTESIAN_POINT('',(-6.01625661478644E-17,-0.0219970452561247,0.006746875));
#506=CARTESIAN_POINT('',(0.009525,-0.0164977839420936,0.00701145833333333));
#507=CARTESIAN_POINT('',(0.0190499999999999,-0.0109985226280624,0.00727604166666666));
#508=CARTESIAN_POINT('',(0.01905,-8.30756899023722E-18,0.007540625));
#509=CARTESIAN_POINT('',(0.01905,0.0109985226280624,0.00780520833333334));
#510=CARTESIAN_POINT('',(0.009525,0.0164977839420936,0.00806979166666667));
#511=CARTESIAN_POINT('',(5.57006929158213E-17,0.0219970452561247,0.008334375));
#512=CARTESIAN_POINT('',(-0.009525,0.0164977839420936,0.00859895833333333));
#513=CARTESIAN_POINT('',(-0.0190499999999999,0.0109985226280624,0.00886354166666667));
#514=CARTESIAN_POINT('',(-0.01905,2.66867132953984E-17,0.009128125));
#515=CARTESIAN_POINT('',(-0.01905,-0.0109985226280624,0.00939270833333333));
#516=CARTESIAN_POINT('',(-0.009525,-0.0164977839420936,0.00965729166666667));
#517=CARTESIAN_POINT('',(-6.55502883605869E-17,-0.0219970452561247,0.009921875));
#518=CARTESIAN_POINT('',(0.009525,-0.0164977839420936,0.0101864583333333));
#519=CARTESIAN_POINT('',(0.0190499999999999,-0.0109985226280624,0.0104510416666667));
#520=CARTESIAN_POINT('',(0.01905,-8.06526688761382E-17,0.010715625));
#521=CARTESIAN_POINT('',(0.01905,0.0109985226280624,0.0109802083333333));
#522=CARTESIAN_POINT('',(0.009525,0.0164977839420936,0.0112447916666667));
#523=CARTESIAN_POINT('',(6.10884151285438E-17,0.0219970452561247,0.011509375));
#524=CARTESIAN_POINT('',(-0.009525,0.0164977839420936,0.0117739583333333));
#525=CARTESIAN_POINT('',(-0.0190499999999999,0.0109985226280624,0.0120385416666667));
#526=CARTESIAN_POINT('',(-0.01905,9.90318131812993E-17,0.012303125));
#527=CARTESIAN_POINT('',(-0.01905,-0.0109985226280624,0.0125677083333333));
#528=CARTESIAN_POINT('',(-0.009525,-0.0164977839420935,0.0128322916666667));
#529=CARTESIAN_POINT('',(-1.49087214147937E-16,-0.0219970452561247,0.013096875));
#530=CARTESIAN_POINT('',(0.009525,-0.0164977839420936,0.0133614583333333));
#531=CARTESIAN_POINT('',(0.01905,-0.0109985226280624,0.0136260416666667));
#532=CARTESIAN_POINT('',(0.01905,-8.53185731808896E-17,0.013890625));
#533=CARTESIAN_POINT('',(0.01905,0.0109985226280624,0.0141552083333333));
#534=CARTESIAN_POINT('',(0.009525,0.0164977839420935,0.0144197916666667));
#535=CARTESIAN_POINT('',(6.64761373412663E-17,0.0219970452561247,0.014684375));
#536=CARTESIAN_POINT('',(-0.00952499999999988,0.0164977839420937,0.0149489583333333));
#537=CARTESIAN_POINT('',(-0.0190499999999999,0.0109985226280624,0.0152135416666667));
#538=CARTESIAN_POINT('',(-0.01905,3.60185219049012E-17,0.015478125));
#539=CARTESIAN_POINT('',(-0.01905,-0.0109985226280624,0.0157427083333333));
#540=CARTESIAN_POINT('',(-0.009525,-0.0164977839420935,0.0160072916666666));
#541=CARTESIAN_POINT('',(-1.5447493636066E-16,-0.0219970452561247,0.016271875));
#542=CARTESIAN_POINT('',(0.009525,-0.0164977839420936,0.0165364583333334));
#543=CARTESIAN_POINT('',(0.01905,-0.0109985226280624,0.0168010416666667));
#544=CARTESIAN_POINT('',(0.01905,-8.9984477485641E-17,0.017065625));
#545=CARTESIAN_POINT('',(0.01905,0.0109985226280624,0.0173302083333333));
#546=CARTESIAN_POINT('',(0.009525,0.0164977839420935,0.0175947916666667));
#547=CARTESIAN_POINT('',(7.18638595539888E-17,0.0219970452561247,0.017859375));
#548=CARTESIAN_POINT('',(-0.00952499999999988,0.0164977839420937,0.0181239583333333));
#549=CARTESIAN_POINT('',(-0.0190499999999999,0.0109985226280624,0.0183885416666667));
#550=CARTESIAN_POINT('',(-0.01905,4.06844262096526E-17,0.018653125));
#551=CARTESIAN_POINT('',(-0.0190499992308849,-5.4132507493583E-6,0.0367865865750433));
#552=CARTESIAN_POINT('',(-0.0190492840445901,-0.00252225553220173,0.0368726226559173));
#553=CARTESIAN_POINT('',(-0.0183005224555173,-0.00625032451582905,0.0370006013617552));
#554=CARTESIAN_POINT('',(-0.0159198936396808,-0.0106827359780924,0.0371716375267366));
#555=CARTESIAN_POINT('',(-0.0135500939104961,-0.0135646102976084,0.0372986101549371));
#556=CARTESIAN_POINT('',(-0.0106201235806276,-0.0159629572155871,0.0374273981530158));
#557=CARTESIAN_POINT('',(-0.0073275441799438,-0.0177162947287688,0.0375543268520138));
#558=CARTESIAN_POINT('',(-0.00371526910534708,-0.0188106553772297,0.0376827064044761));
#559=CARTESIAN_POINT('',(2.41189945996722E-5,-0.0191714760229532,0.0378105455671481));
#560=CARTESIAN_POINT('',(0.00375019558590557,-0.0188033649989717,0.0379378841358499));
#561=CARTESIAN_POINT('',(0.00736748451244756,-0.017700170288442,0.0380665871513739));
#562=CARTESIAN_POINT('',(0.0106531205538485,-0.0159403879346134,0.0381933412316331));
#563=CARTESIAN_POINT('',(0.0135772179237356,-0.0135381426001938,0.0383221292651433));
#564=CARTESIAN_POINT('',(0.015944875186307,-0.0106446958405876,0.0384492818951576));
#565=CARTESIAN_POINT('',(0.017719248840839,-0.0073263589624576,0.0385773274689341));
#566=CARTESIAN_POINT('',(0.0188078334223583,-0.00371742650537718,0.0387055447770383));
#567=CARTESIAN_POINT('',(0.0191732016769371,-1.84066172846263E-6,0.0388325750362946));
#568=CARTESIAN_POINT('',(0.0187993525494936,0.00376569689337839,0.0389613674378287));
#569=CARTESIAN_POINT('',(0.0177141755342349,0.00733303512461168,0.0390882309404956));
#570=CARTESIAN_POINT('',(0.0159342830965433,0.0106648243973866,0.0392167277346789));
#571=CARTESIAN_POINT('',(0.0135502837994257,0.0135622703504354,0.0393443981984386));
#572=CARTESIAN_POINT('',(0.0106536102297737,0.0159416621609397,0.0394719019266296));
#573=CARTESIAN_POINT('',(0.00731879994459398,0.0177201846120354,0.0396005143217996));
#574=CARTESIAN_POINT('',(0.00375134792508149,0.0188020937230954,0.039727304081571));
#575=CARTESIAN_POINT('',(-1.58956671805379E-5,0.0191733134976411,0.0398561233226364));
#576=CARTESIAN_POINT('',(-0.00373318073640361,0.0188046432637421,0.0399831789954417));
#577=CARTESIAN_POINT('',(-0.00733872298985152,0.017714154338535,0.0401113494188224));
#578=CARTESIAN_POINT('',(-0.0106582624270086,0.0159358423884131,0.0402394535910792));
#579=CARTESIAN_POINT('',(-0.0135478913554136,0.0135674321907071,0.0403665623726879));
#580=CARTESIAN_POINT('',(-0.0159487257630062,0.010640478438471,0.0404953722503126));
#581=CARTESIAN_POINT('',(-0.0177058481337098,0.00735486903114157,0.040622062720653));
#582=CARTESIAN_POINT('',(-0.0188063600198417,0.00373131073178702,0.0407511383868864));
#583=CARTESIAN_POINT('',(-0.01905,0.00125842096877111,0.0408351025253916));
#584=CARTESIAN_POINT('',(-0.01905,8.02309607639273E-18,0.040878125));
#585=CARTESIAN_POINT('',(-0.0190499992308849,-5.4132507493583E-6,0.0367865865750433));
#586=CARTESIAN_POINT('',(-0.01905,8.02309607639273E-18,0.040878125));
#587=CARTESIAN_POINT('',(-0.01905,8.02309607639273E-18,0.040878125));
#588=CARTESIAN_POINT('',(-0.01905,-0.0109985226280624,0.0411427083333333));
#589=CARTESIAN_POINT('',(-0.009525,-0.0164977839420936,0.0414072916666667));
#590=CARTESIAN_POINT('',(-4.92479772238279E-18,-0.0219970452561247,0.041671875));
#591=CARTESIAN_POINT('',(0.009525,-0.0164977839420936,0.0419364583333333));
#592=CARTESIAN_POINT('',(0.01905,-0.0109985226280624,0.0422010416666666));
#593=CARTESIAN_POINT('',(0.01905,5.69014392401703E-18,0.042465625));
#594=CARTESIAN_POINT('',(0.01905,0.0109985226280624,0.0427302083333333));
#595=CARTESIAN_POINT('',(0.009525,0.0164977839420936,0.0429947916666666));
#596=CARTESIAN_POINT('',(4.62924490339729E-19,0.0219970452561247,0.043259375));
#597=CARTESIAN_POINT('',(-0.009525,0.0164977839420936,0.0435239583333333));
#598=CARTESIAN_POINT('',(-0.01905,0.0109985226280624,0.0437885416666666));
#599=CARTESIAN_POINT('',(-0.01905,1.26890003811441E-17,0.044053125));
#600=CARTESIAN_POINT('',(-0.01905,-0.0109985226280624,0.0443177083333333));
#601=CARTESIAN_POINT('',(-0.009525,-0.0164977839420936,0.0445822916666666));
#602=CARTESIAN_POINT('',(-2.98498208287623E-17,-0.0219970452561247,0.044846875));
#603=CARTESIAN_POINT('',(0.009525,-0.0164977839420936,0.0451114583333333));
#604=CARTESIAN_POINT('',(0.01905,-0.0109985226280624,0.0453760416666666));
#605=CARTESIAN_POINT('',(0.01905,1.02423961926561E-18,0.045640625));
#606=CARTESIAN_POINT('',(0.01905,0.0109985226280624,0.0459052083333333));
#607=CARTESIAN_POINT('',(0.009525,0.0164977839420936,0.0461697916666667));
#608=CARTESIAN_POINT('',(5.85064670306225E-18,0.0219970452561247,0.046434375));
#609=CARTESIAN_POINT('',(-0.009525,0.0164977839420936,0.0466989583333333));
#610=CARTESIAN_POINT('',(-0.01905,0.0109985226280624,0.0469635416666666));
#611=CARTESIAN_POINT('',(-0.01905,1.73549046858955E-17,0.047228125));
#612=CARTESIAN_POINT('',(-0.01905,-0.0109985226280624,0.0474927083333333));
#613=CARTESIAN_POINT('',(-0.009525,-0.0164977839420936,0.0477572916666667));
#614=CARTESIAN_POINT('',(-5.47748439351418E-17,-0.0219970452561247,0.048021875));
#615=CARTESIAN_POINT('',(0.009525,-0.0164977839420936,0.0482864583333333));
#616=CARTESIAN_POINT('',(0.01905,-0.0109985226280624,0.0485510416666666));
#617=CARTESIAN_POINT('',(0.01905,-3.74812624760606E-17,0.048815625));
#618=CARTESIAN_POINT('',(0.01905,0.0109985226280624,0.0490802083333333));
#619=CARTESIAN_POINT('',(0.009525,0.0164977839420936,0.0493447916666667));
#620=CARTESIAN_POINT('',(5.03129707030988E-17,0.0219970452561247,0.049609375));
#621=CARTESIAN_POINT('',(-0.009525,0.0164977839420936,0.0498739583333333));
#622=CARTESIAN_POINT('',(-0.0190499999999999,0.0109985226280624,0.0501385416666666));
#623=CARTESIAN_POINT('',(-0.01905,2.2020808990647E-17,0.050403125));
#624=CARTESIAN_POINT('',(-0.01905,-0.0109985226280624,0.0506677083333333));
#625=CARTESIAN_POINT('',(-0.009525,-0.0164977839420936,0.0509322916666667));
#626=CARTESIAN_POINT('',(-6.01625661478644E-17,-0.0219970452561247,0.051196875));
#627=CARTESIAN_POINT('',(0.009525,-0.0164977839420936,0.0514614583333333));
#628=CARTESIAN_POINT('',(0.0190499999999999,-0.0109985226280624,0.0517260416666666));
#629=CARTESIAN_POINT('',(0.01905,-8.30756899023722E-18,0.051990625));
#630=CARTESIAN_POINT('',(0.01905,0.0109985226280624,0.0522552083333334));
#631=CARTESIAN_POINT('',(0.009525,0.0164977839420936,0.0525197916666667));
#632=CARTESIAN_POINT('',(5.57006929158213E-17,0.0219970452561247,0.052784375));
#633=CARTESIAN_POINT('',(-0.009525,0.0164977839420936,0.0530489583333333));
#634=CARTESIAN_POINT('',(-0.0190499999999999,0.0109985226280624,0.0533135416666667));
#635=CARTESIAN_POINT('',(-0.01905,2.66867132953984E-17,0.053578125));
#636=CARTESIAN_POINT('',(-0.01905,-0.0109985226280624,0.0538427083333334));
#637=CARTESIAN_POINT('',(-0.009525,-0.0164977839420935,0.0541072916666667));
#638=CARTESIAN_POINT('',(-6.55502883605869E-17,-0.0219970452561247,0.054371875));
#639=CARTESIAN_POINT('',(0.009525,-0.0164977839420936,0.0546364583333333));
#640=CARTESIAN_POINT('',(0.0190499999999999,-0.0109985226280624,0.0549010416666667));
#641=CARTESIAN_POINT('',(0.01905,-8.06526688761382E-17,0.055165625));
#642=CARTESIAN_POINT('',(0.01905,0.0109985226280624,0.0554302083333334));
#643=CARTESIAN_POINT('',(0.009525,0.0164977839420936,0.0556947916666667));
#644=CARTESIAN_POINT('',(6.10884151285438E-17,0.0219970452561247,0.055959375));
#645=CARTESIAN_POINT('',(-0.009525,0.0164977839420936,0.0562239583333333));
#646=CARTESIAN_POINT('',(-0.0190499999999999,0.0109985226280624,0.0564885416666667));
#647=CARTESIAN_POINT('',(-0.01905,9.90318131812993E-17,0.056753125));
#648=CARTESIAN_POINT('',(-0.0135926606142643,-0.0133469875786796,0.0508));
#649=CARTESIAN_POINT('',(-3.57786716920216E-18,8.02309607639273E-18,0.0508));
#650=CARTESIAN_POINT('',(-0.01905,2.66867132953984E-17,0.0508));
#651=CARTESIAN_POINT('',(-0.01905,8.02309607639273E-18,0.0381));
#652=CARTESIAN_POINT('',(-0.01905,-0.0109985226280624,0.0383645833333333));
#653=CARTESIAN_POINT('',(-0.009525,-0.0164977839420936,0.0386291666666667));
#654=CARTESIAN_POINT('',(-4.92479772238279E-18,-0.0219970452561247,0.03889375));
#655=CARTESIAN_POINT('',(0.009525,-0.0164977839420936,0.0391583333333334));
#656=CARTESIAN_POINT('',(0.01905,-0.0109985226280624,0.0394229166666667));
#657=CARTESIAN_POINT('',(0.01905,5.69014392401703E-18,0.0396875));
#658=CARTESIAN_POINT('',(0.01905,0.0109985226280624,0.0399520833333333));
#659=CARTESIAN_POINT('',(0.009525,0.0164977839420936,0.0402166666666667));
#660=CARTESIAN_POINT('',(4.6292449033973E-19,0.0219970452561247,0.04048125));
#661=CARTESIAN_POINT('',(-0.009525,0.0164977839420936,0.0407458333333333));
#662=CARTESIAN_POINT('',(-0.01905,0.0109985226280624,0.0410104166666667));
#663=CARTESIAN_POINT('',(-0.01905,1.26890003811441E-17,0.041275));
#664=CARTESIAN_POINT('',(-0.01905,-0.0109985226280624,0.0415395833333333));
#665=CARTESIAN_POINT('',(-0.009525,-0.0164977839420936,0.0418041666666666));
#666=CARTESIAN_POINT('',(-2.98498208287623E-17,-0.0219970452561247,0.04206875));
#667=CARTESIAN_POINT('',(0.009525,-0.0164977839420936,0.0423333333333333));
#668=CARTESIAN_POINT('',(0.01905,-0.0109985226280624,0.0425979166666667));
#669=CARTESIAN_POINT('',(0.01905,1.02423961926561E-18,0.0428625));
#670=CARTESIAN_POINT('',(0.01905,0.0109985226280624,0.0431270833333333));
#671=CARTESIAN_POINT('',(0.009525,0.0164977839420936,0.0433916666666667));
#672=CARTESIAN_POINT('',(5.85064670306226E-18,0.0219970452561247,0.04365625));
#673=CARTESIAN_POINT('',(-0.009525,0.0164977839420936,0.0439208333333334));
#674=CARTESIAN_POINT('',(-0.01905,0.0109985226280624,0.0441854166666666));
#675=CARTESIAN_POINT('',(-0.01905,1.73549046858955E-17,0.04445));
#676=CARTESIAN_POINT('',(-0.01905,-0.0109985226280624,0.0447145833333333));
#677=CARTESIAN_POINT('',(-0.009525,-0.0164977839420936,0.0449791666666667));
#678=CARTESIAN_POINT('',(-5.47748439351419E-17,-0.0219970452561247,0.04524375));
#679=CARTESIAN_POINT('',(0.009525,-0.0164977839420936,0.0455083333333333));
#680=CARTESIAN_POINT('',(0.01905,-0.0109985226280624,0.0457729166666666));
#681=CARTESIAN_POINT('',(0.01905,-3.74812624760606E-17,0.0460375));
#682=CARTESIAN_POINT('',(0.01905,0.0109985226280624,0.0463020833333333));
#683=CARTESIAN_POINT('',(0.009525,0.0164977839420936,0.0465666666666667));
#684=CARTESIAN_POINT('',(5.03129707030988E-17,0.0219970452561247,0.04683125));
#685=CARTESIAN_POINT('',(-0.009525,0.0164977839420936,0.0470958333333333));
#686=CARTESIAN_POINT('',(-0.0190499999999999,0.0109985226280624,0.0473604166666666));
#687=CARTESIAN_POINT('',(-0.01905,2.2020808990647E-17,0.047625));
#688=CARTESIAN_POINT('',(-0.01905,-0.0109985226280624,0.0478895833333333));
#689=CARTESIAN_POINT('',(-0.009525,-0.0164977839420936,0.0481541666666667));
#690=CARTESIAN_POINT('',(-6.01625661478644E-17,-0.0219970452561247,0.04841875));
#691=CARTESIAN_POINT('',(0.009525,-0.0164977839420936,0.0486833333333333));
#692=CARTESIAN_POINT('',(0.0190499999999999,-0.0109985226280624,0.0489479166666667));
#693=CARTESIAN_POINT('',(0.01905,-8.30756899023722E-18,0.0492125));
#694=CARTESIAN_POINT('',(0.01905,0.0109985226280624,0.0494770833333334));
#695=CARTESIAN_POINT('',(0.009525,0.0164977839420936,0.0497416666666667));
#696=CARTESIAN_POINT('',(5.57006929158213E-17,0.0219970452561247,0.05000625));
#697=CARTESIAN_POINT('',(-0.009525,0.0164977839420936,0.0502708333333333));
#698=CARTESIAN_POINT('',(-0.0190499999999999,0.0109985226280624,0.0505354166666667));
#699=CARTESIAN_POINT('',(-0.01905,2.66867132953984E-17,0.0508));
#700=CARTESIAN_POINT('',(-0.01905,-0.0109985226280624,0.0510645833333334));
#701=CARTESIAN_POINT('',(-0.009525,-0.0164977839420936,0.0513291666666667));
#702=CARTESIAN_POINT('',(-6.55502883605869E-17,-0.0219970452561247,0.05159375));
#703=CARTESIAN_POINT('',(0.009525,-0.0164977839420936,0.0518583333333333));
#704=CARTESIAN_POINT('',(0.0190499999999999,-0.0109985226280624,0.0521229166666667));
#705=CARTESIAN_POINT('',(0.01905,-8.06526688761382E-17,0.0523875));
#706=CARTESIAN_POINT('',(0.01905,0.0109985226280624,0.0526520833333333));
#707=CARTESIAN_POINT('',(0.009525,0.0164977839420936,0.0529166666666667));
#708=CARTESIAN_POINT('',(6.10884151285438E-17,0.0219970452561247,0.05318125));
#709=CARTESIAN_POINT('',(-0.009525,0.0164977839420936,0.0534458333333333));
#710=CARTESIAN_POINT('',(-0.0190499999999999,0.0109985226280624,0.0537104166666667));
#711=CARTESIAN_POINT('',(-0.01905,9.90318131812993E-17,0.053975));
#712=CARTESIAN_POINT('',(-0.01905,8.02309607639273E-18,0.0381));
#713=CARTESIAN_POINT('',(-0.01905,8.02309607639273E-18,0.0381));
#714=CARTESIAN_POINT('',(-0.01905,0.00251695943235476,0.0380525088061645));
#715=CARTESIAN_POINT('',(-0.0183022316790461,0.00624540077714472,0.0379817043685239));
#716=CARTESIAN_POINT('',(-0.0159226474530289,0.0106786534412615,0.0378872614726432));
#717=CARTESIAN_POINT('',(-0.0135534646665166,0.0135612528173085,0.0378172296234892));
#718=CARTESIAN_POINT('',(-0.0106239791625282,0.0159604129381782,0.0377460769694939));
#719=CARTESIAN_POINT('',(-0.00733154890449691,0.0177146420988489,0.0376760735215358));
#720=CARTESIAN_POINT('',(-0.00371954456939751,0.0188098291865669,0.0376051535772587));
#721=CARTESIAN_POINT('',(2.0246633576829E-5,0.0191714930067592,0.0375346414790467));
#722=CARTESIAN_POINT('',(0.00374626963413529,0.0188041480349039,0.037464301428366));
#723=CARTESIAN_POINT('',(0.00736410546582393,0.0177016047141285,0.0373933103505981));
#724=CARTESIAN_POINT('',(0.0106502066258336,0.0159423266084317,0.0373232922112802));
#725=CARTESIAN_POINT('',(0.0135747503244007,0.0135406606422881,0.03725225305881));
#726=CARTESIAN_POINT('',(0.0159432742508988,0.0106470978403867,0.0371820116039241));
#727=CARTESIAN_POINT('',(0.0177180029698089,0.00732939193513493,0.0371113835270406));
#728=CARTESIAN_POINT('',(0.0188073570344292,0.00371996845589776,0.0370405562541255));
#729=CARTESIAN_POINT('',(0.0191731858672784,4.63189993089571E-6,0.0369704824198605));
#730=CARTESIAN_POINT('',(0.0187998968283197,-0.00376319294241359,0.0368993532769962));
#731=CARTESIAN_POINT('',(0.0177149602012189,-0.00733109213979595,0.0368293531045826));
#732=CARTESIAN_POINT('',(0.0159357193591013,-0.0106627466411805,0.036758407202839));
#733=CARTESIAN_POINT('',(0.0135512406331578,-0.0135613320171015,0.0366879446715978));
#734=CARTESIAN_POINT('',(0.0106554071079196,-0.0159404379691283,0.0366175581241139));
#735=CARTESIAN_POINT('',(0.00732014448636896,-0.0177196813764808,0.0365465800887575));
#736=CARTESIAN_POINT('',(0.00375275620084019,-0.018801780885527,0.0364765760938491));
#737=CARTESIAN_POINT('',(-1.43355259635647E-5,-0.0191733687242757,0.0364054928066013));
#738=CARTESIAN_POINT('',(-0.00373264185792289,-0.0188047381547884,0.0363353281932153));
#739=CARTESIAN_POINT('',(-0.00733738197432844,-0.0177147247250936,0.0362646118609268));
#740=CARTESIAN_POINT('',(-0.0106581381564247,-0.0159359626779474,0.0361938676023807));
#741=CARTESIAN_POINT('',(-0.0135472423149322,-0.0135680431326195,0.036123724328672));
#742=CARTESIAN_POINT('',(-0.0159485278772286,-0.0106408308798236,0.0360526387932549));
#743=CARTESIAN_POINT('',(-0.017705875354386,-0.00735496436146695,0.035982599758762));
#744=CARTESIAN_POINT('',(-0.0188061421348549,-0.00373131685306426,0.0359117648672936));
#745=CARTESIAN_POINT('',(-0.0190497693695559,-0.00126196623856863,0.0358653285278026));
#746=CARTESIAN_POINT('',(-0.0190499996809906,-3.48629533768803E-6,0.0358415935832152));
#747=CARTESIAN_POINT('',(-0.0190499996809906,-3.48629533768804E-6,0.0358415935832153));
#748=CARTESIAN_POINT('',(-3.57786716920216E-18,8.02309607639273E-18,0.0246145526861154));
#749=CARTESIAN_POINT('',(0.,0.,0.0508));
#750=CARTESIAN_POINT('',(0.015974996844145,-0.00672158494517112,0.0508));
#751=CARTESIAN_POINT('',(0.0149535014987626,-0.00955644727226277,0.0508));
#752=CARTESIAN_POINT('',(0.01233391376645,-0.0133423579384999,0.0508));
#753=CARTESIAN_POINT('',(0.00729298234022021,-0.016651509796464,0.0508));
#754=CARTESIAN_POINT('',(0.00160434101038219,-0.0186434258692748,0.0508));
#755=CARTESIAN_POINT('',(-0.00451456676319682,-0.0184682574697431,0.0508));
#756=CARTESIAN_POINT('',(-0.0100745629783622,-0.0161395267856509,0.0508));
#757=CARTESIAN_POINT('',(-0.0124979619304273,-0.0143626542319589,0.0508));
#758=CARTESIAN_POINT('',(-0.0135926606142643,-0.0133469875786796,0.0508));
#759=CARTESIAN_POINT('',(0.015974996844145,-0.00672158494517109,0.0508));
#760=CARTESIAN_POINT('',(0.00649930531757806,0.0160667127544652,0.0508000000000001));
#761=CARTESIAN_POINT('',(0.00859410818362414,0.0151448760458538,0.0508000000000001));
#762=CARTESIAN_POINT('',(0.0114613793532178,0.01319086635651,0.0508000000000001));
#763=CARTESIAN_POINT('',(0.0143512470245367,0.0096209155315855,0.0507999999999997));
#764=CARTESIAN_POINT('',(0.0159460757339791,0.00662847183821188,0.0508000000000012));
#765=CARTESIAN_POINT('',(0.0169532399929856,0.00334218114103242,0.0507999999999955));
#766=CARTESIAN_POINT('',(0.0173077852556582,-3.84678691033333E-5,0.0508000000000014));
#767=CARTESIAN_POINT('',(0.0170009203075723,-0.00348868214526051,0.0507999999999989));
#768=CARTESIAN_POINT('',(0.0163798133326973,-0.00566534411205963,0.0507999999999998));
#769=CARTESIAN_POINT('',(0.0159749968441449,-0.00672158494517105,0.0507999999999998));
#770=CARTESIAN_POINT('',(0.00649930531757804,0.0160667127544653,0.0508));
#771=CARTESIAN_POINT('',(-0.01905,8.02309607639273E-18,0.0508));
#772=CARTESIAN_POINT('',(-0.0189876780974135,0.00149572566861259,0.0508));
#773=CARTESIAN_POINT('',(-0.01849968687804,0.0044558096066802,0.0508));
#774=CARTESIAN_POINT('',(-0.0167578088933222,0.00856216943809985,0.0508));
#775=CARTESIAN_POINT('',(-0.0145067348255805,0.0115732720951167,0.0508));
#776=CARTESIAN_POINT('',(-0.0123512383782107,0.0135810845497795,0.0508));
#777=CARTESIAN_POINT('',(-0.00992500515111451,0.0153492839806505,0.0508));
#778=CARTESIAN_POINT('',(-0.00727148477621771,0.0166332441148351,0.0508));
#779=CARTESIAN_POINT('',(-0.00436685294840923,0.0174057159617207,0.0508));
#780=CARTESIAN_POINT('',(-0.00144596118605627,0.0177991034443645,0.0508));
#781=CARTESIAN_POINT('',(0.00231469101554677,0.0175927384770895,0.0508));
#782=CARTESIAN_POINT('',(0.00514336230540085,0.0166941349948461,0.0508));
#783=CARTESIAN_POINT('',(0.00649930531757809,0.0160667127544653,0.0508));
#784=CARTESIAN_POINT('',(-0.0196923507678442,-3.79536757087129E-6,0.0363140820159885));
#785=CARTESIAN_POINT('',(-0.0197782536593469,-1.88698325000134E-6,0.0354211130859711));
#786=CARTESIAN_POINT('',(-0.0189190073186937,-3.7739665000057E-6,0.0359172261719422));
#787=CARTESIAN_POINT('',(-0.0192913631776646,-4.20388908459341E-6,0.0363140915208165));
#788=CARTESIAN_POINT('',(-0.018919027782282,-5.39249449611819E-6,0.0367109745215144));
#789=CARTESIAN_POINT('',(-0.0197782997024207,-5.52867124125441E-6,0.0372070468725083));
#790=CARTESIAN_POINT('',(-0.01905,8.02309607639273E-18,0.040878125));
#791=CARTESIAN_POINT('',(-0.019058271190504,0.000623377941079322,0.0408615885378178));
#792=CARTESIAN_POINT('',(-0.0190359082081057,0.0012475673888346,0.0408450520827889));
#793=CARTESIAN_POINT('',(-0.0187711896933064,0.00435754342122867,0.0407623697855926));
#794=CARTESIAN_POINT('',(-0.0180640500329153,0.00680912301860544,0.040696223939291));
#795=CARTESIAN_POINT('',(-0.0157563645470706,0.0112671850492101,0.0405639322290416));
#796=CARTESIAN_POINT('',(-0.0141565144090329,0.0132718045149262,0.0404977863659963));
#797=CARTESIAN_POINT('',(-0.0102984450589822,0.0165239608304011,0.0403654946221136));
#798=CARTESIAN_POINT('',(-0.00804158971016566,0.0177700365689443,0.0402993487428438));
#799=CARTESIAN_POINT('',(-0.00320782006584351,0.0193058526349142,0.0401670569663165));
#800=CARTESIAN_POINT('',(-0.000632734905024456,0.0195947624230096,0.0401009110713052));
#801=CARTESIAN_POINT('',(0.00444668062127485,0.019161417598558,0.0399686192632115));
#802=CARTESIAN_POINT('',(0.00694899307855116,0.0184390970558608,0.0399024733529176));
#803=CARTESIAN_POINT('',(0.0114988836775744,0.0160827683575263,0.039770181514203));
#804=CARTESIAN_POINT('',(0.013544563428983,0.0144494767136579,0.0397040355891468));
#805=CARTESIAN_POINT('',(0.0168629402813444,0.0105113231183799,0.0395717437206769));
#806=CARTESIAN_POINT('',(0.0181341514943409,0.00820785780840279,0.0395055977813408));
#807=CARTESIAN_POINT('',(0.0197004967274355,0.00327475733618138,0.0393733058840515));
#808=CARTESIAN_POINT('',(0.0199947898411064,0.000646991063256275,0.0393071599308214));
#809=CARTESIAN_POINT('',(0.0195516342090483,-0.00453587681363186,0.039174868005687));
#810=CARTESIAN_POINT('',(0.0188141251568252,-0.00708891981227069,0.0391087220389742));
#811=CARTESIAN_POINT('',(0.016409139638994,-0.0117306317150311,0.0389764300868006));
#812=CARTESIAN_POINT('',(0.0147424004212078,-0.0138173667675055,0.0389102841070949));
#813=CARTESIAN_POINT('',(0.0107241529307557,-0.0172019524026513,0.0387779921286206));
#814=CARTESIAN_POINT('',(0.00837407402485209,-0.0184982922753494,0.0387118461363309));
#815=CARTESIAN_POINT('',(0.00334163837603372,-0.0200951523325251,0.0385795541324487));
#816=CARTESIAN_POINT('',(0.000661190255699533,-0.0203948212002393,0.0385134081279453));
#817=CARTESIAN_POINT('',(-0.00462512851827015,-0.0199418400743032,0.0383811160993976));
#818=CARTESIAN_POINT('',(-0.00722889987593148,-0.0191891353524039,0.0383149700830549));
#819=CARTESIAN_POINT('',(-0.0119624262081995,-0.0167354801771432,0.0381826780306567));
#820=CARTESIAN_POINT('',(-0.0140902118719036,-0.0150352876963549,0.0381165320028223));
#821=CARTESIAN_POINT('',(-0.0175409952044365,-0.0109369372339078,0.0379842399273008));
#822=CARTESIAN_POINT('',(-0.0188624573060215,-0.00854024131450302,0.037918093888347));
#823=CARTESIAN_POINT('',(-0.020286398516144,-0.00404993827793708,0.0378023383026451));
#824=CARTESIAN_POINT('',(-0.0206121831978548,-0.00203181137729899,0.037752732197272));
#825=CARTESIAN_POINT('',(-0.0206375716225593,-5.66484798639065E-6,0.0377031192235022));
#826=CARTESIAN_POINT('',(-0.017331480846875,8.02309607639273E-18,0.0398859375));
#827=CARTESIAN_POINT('',(-0.0173397509836969,0.00056709609083894,0.0398694028619831));
#828=CARTESIAN_POINT('',(-0.0173201491690003,0.00113513863309222,0.0398528613490091));
#829=CARTESIAN_POINT('',(-0.0170830020462385,0.0039650595165341,0.0397701977988227));
#830=CARTESIAN_POINT('',(-0.0164423252164076,0.00619758835928556,0.0397040241197368));
#831=CARTESIAN_POINT('',(-0.0143468679451403,0.0102585499844239,0.0395717623157217));
#832=CARTESIAN_POINT('',(-0.0128922467385731,0.0120862253957498,0.0395055887963411));
#833=CARTESIAN_POINT('',(-0.00938221182678129,0.0150527210741272,0.0393733268685983));
#834=CARTESIAN_POINT('',(-0.00732724309348146,0.0161908962195363,0.0393071535080943));
#835=CARTESIAN_POINT('',(-0.00292433204877266,0.0175959787036,0.0391748914566099));
#836=CARTESIAN_POINT('',(-0.000577057555452632,0.017862457523223,0.0391087182507887));
#837=CARTESIAN_POINT('',(0.00405426601514729,0.0174732085400097,0.0389764560823668));
#838=CARTESIAN_POINT('',(0.00633752396370203,0.0168173415799905,0.0389102830299406));
#839=CARTESIAN_POINT('',(0.0104903037397111,0.0146732257213399,0.0387780207387345));
#840=CARTESIAN_POINT('',(0.0123590324766046,0.0131851559935443,0.0387118478390216));
#841=CARTESIAN_POINT('',(0.0153917333009512,0.00959502676781682,0.0385795854306919));
#842=CARTESIAN_POINT('',(0.0165550348845096,0.00749344432210677,0.0385134126805949));
#843=CARTESIAN_POINT('',(0.0179906286269206,0.00299119912834782,0.0383811501541735));
#844=CARTESIAN_POINT('',(0.0182624810829595,0.000591243545849608,0.0383149775529616));
#845=CARTESIAN_POINT('',(0.0178634036623351,-0.00414352856962222,0.0381827149093861));
#846=CARTESIAN_POINT('',(0.0171923393493506,-0.00647751334008372,0.0381165424525211));
#847=CARTESIAN_POINT('',(0.014999552010565,-0.0107221042062743,0.0379842796984925));
#848=CARTESIAN_POINT('',(0.0134780280488655,-0.0126318814683637,0.0379181073868619));
#849=CARTESIAN_POINT('',(0.00980779543457747,-0.0157307761448937,0.0377858445124888));
#850=CARTESIAN_POINT('',(0.007659595892312,-0.0169191976507643,0.0377196723488933));
#851=CARTESIAN_POINT('',(0.00305801254970176,-0.0183852889476687,0.0375874093570868));
#852=CARTESIAN_POINT('',(0.000605375256545442,-0.0186625078350366,0.0375212373375334));
#853=CARTESIAN_POINT('',(-0.00423284387575472,-0.0182535880016738,0.0373889742320214));
#854=CARTESIAN_POINT('',(-0.00661755331969556,-0.017567319548999,0.0373228023535127));
#855=CARTESIAN_POINT('',(-0.0109539486073736,-0.0153258485741702,0.0371905391352493));
#856=CARTESIAN_POINT('',(-0.0129047698781513,-0.0137708650146474,0.0371243673958142));
#857=CARTESIAN_POINT('',(-0.0160698477619699,-0.0100205204717126,0.0369921040665007));
#858=CARTESIAN_POINT('',(-0.0172833830457234,-0.0078257006485575,0.0369259324622653));
#859=CARTESIAN_POINT('',(-0.0185928870031546,-0.00371239105808949,0.036810201956134));
#860=CARTESIAN_POINT('',(-0.018893674610004,-0.00186271952211931,0.0367605729102689));
#861=CARTESIAN_POINT('',(-0.018919027782282,-5.39249449611819E-6,0.0367109745215144));
#862=CARTESIAN_POINT('',(-0.017331480846875,8.02309607639273E-18,0.0398859375));
#863=CARTESIAN_POINT('',(-0.0173397509836969,0.00056709609083894,0.0398694028619831));
#864=CARTESIAN_POINT('',(-0.0173201491690003,0.00113513863309222,0.0398528613490091));
#865=CARTESIAN_POINT('',(-0.0170830020462385,0.0039650595165341,0.0397701977988227));
#866=CARTESIAN_POINT('',(-0.0164423252164076,0.00619758835928556,0.0397040241197368));
#867=CARTESIAN_POINT('',(-0.0143468679451403,0.0102585499844239,0.0395717623157217));
#868=CARTESIAN_POINT('',(-0.0128922467385731,0.0120862253957498,0.0395055887963411));
#869=CARTESIAN_POINT('',(-0.00938221182678129,0.0150527210741272,0.0393733268685983));
#870=CARTESIAN_POINT('',(-0.00732724309348146,0.0161908962195363,0.0393071535080943));
#871=CARTESIAN_POINT('',(-0.00292433204877266,0.0175959787036,0.0391748914566099));
#872=CARTESIAN_POINT('',(-0.000577057555452632,0.017862457523223,0.0391087182507887));
#873=CARTESIAN_POINT('',(0.00405426601514729,0.0174732085400097,0.0389764560823668));
#874=CARTESIAN_POINT('',(0.00633752396370203,0.0168173415799905,0.0389102830299406));
#875=CARTESIAN_POINT('',(0.0104903037397111,0.0146732257213399,0.0387780207387345));
#876=CARTESIAN_POINT('',(0.0123590324766046,0.0131851559935443,0.0387118478390216));
#877=CARTESIAN_POINT('',(0.0153917333009512,0.00959502676781682,0.0385795854306919));
#878=CARTESIAN_POINT('',(0.0165550348845096,0.00749344432210677,0.0385134126805949));
#879=CARTESIAN_POINT('',(0.0179906286269206,0.00299119912834782,0.0383811501541735));
#880=CARTESIAN_POINT('',(0.0182624810829595,0.000591243545849608,0.0383149775529616));
#881=CARTESIAN_POINT('',(0.0178634036623351,-0.00414352856962222,0.0381827149093861));
#882=CARTESIAN_POINT('',(0.0171923393493506,-0.00647751334008372,0.0381165424525211));
#883=CARTESIAN_POINT('',(0.014999552010565,-0.0107221042062743,0.0379842796984925));
#884=CARTESIAN_POINT('',(0.0134780280488655,-0.0126318814683637,0.0379181073868619));
#885=CARTESIAN_POINT('',(0.00980779543457747,-0.0157307761448937,0.0377858445124888));
#886=CARTESIAN_POINT('',(0.007659595892312,-0.0169191976507643,0.0377196723488933));
#887=CARTESIAN_POINT('',(0.00305801254970176,-0.0183852889476687,0.0375874093570868));
#888=CARTESIAN_POINT('',(0.000605375256545442,-0.0186625078350366,0.0375212373375334));
#889=CARTESIAN_POINT('',(-0.00423284387575472,-0.0182535880016738,0.0373889742320214));
#890=CARTESIAN_POINT('',(-0.00661755331969556,-0.017567319548999,0.0373228023535127));
#891=CARTESIAN_POINT('',(-0.0109539486073736,-0.0153258485741702,0.0371905391352493));
#892=CARTESIAN_POINT('',(-0.0129047698781513,-0.0137708650146474,0.0371243673958142));
#893=CARTESIAN_POINT('',(-0.0160698477619699,-0.0100205204717126,0.0369921040665007));
#894=CARTESIAN_POINT('',(-0.0172833830457234,-0.0078257006485575,0.0369259324622653));
#895=CARTESIAN_POINT('',(-0.0185928870031546,-0.00371239105808949,0.036810201956134));
#896=CARTESIAN_POINT('',(-0.018893674610004,-0.00186271952211931,0.0367605729102689));
#897=CARTESIAN_POINT('',(-0.018919027782282,-5.39249449611819E-6,0.0367109745215144));
#898=CARTESIAN_POINT('',(-0.017331480846875,8.02309607639273E-18,0.0398859375));
#899=CARTESIAN_POINT('',(-0.0181907404234375,8.02309607639273E-18,0.04038203125));
#900=CARTESIAN_POINT('',(-0.017331480846875,8.02309607639273E-18,0.0390921875));
#901=CARTESIAN_POINT('',(-0.0173397501375525,0.000567105191880854,0.0390756528631727));
#902=CARTESIAN_POINT('',(-0.017320149761692,0.00113515699456613,0.0390591113491643));
#903=CARTESIAN_POINT('',(-0.0170829850813424,0.00396512208849595,0.0389764478005596));
#904=CARTESIAN_POINT('',(-0.0164422988074069,0.00619768765231061,0.0389102741251835));
#905=CARTESIAN_POINT('',(-0.0143467638985135,0.0102586895750302,0.0387780123336086));
#906=CARTESIAN_POINT('',(-0.0128921090454986,0.0120863856996965,0.0387118388227293));
#907=CARTESIAN_POINT('',(-0.00938196990488538,0.0150528664893036,0.0385795769170359));
#908=CARTESIAN_POINT('',(-0.0073269558615063,0.0161910349992786,0.0385134035696637));
#909=CARTESIAN_POINT('',(-0.00292394709952627,0.0175960368790354,0.0383811415495662));
#910=CARTESIAN_POINT('',(-0.000576632415034697,0.0178624780512605,0.0383149683613659));
#911=CARTESIAN_POINT('',(0.00405474687601892,0.0174730898501834,0.0381827062333562));
#912=CARTESIAN_POINT('',(0.00633802296832963,0.0168171594349916,0.0381165332029178));
#913=CARTESIAN_POINT('',(0.0104907871820136,0.0146728700307615,0.0379842709608657));
#914=CARTESIAN_POINT('',(0.0123594991693543,0.0131847243158662,0.0379180980873683));
#915=CARTESIAN_POINT('',(0.0153920976651409,0.00959442434631953,0.0377858357366813));
#916=CARTESIAN_POINT('',(0.0165553423055334,0.00749277207995559,0.0377196630168879));
#917=CARTESIAN_POINT('',(0.0179907502678088,0.00299040150184765,0.0375874005563399));
#918=CARTESIAN_POINT('',(0.0182625097797777,0.00059040239053381,0.0375212279893883));
#919=CARTESIAN_POINT('',(0.017863186474645,-0.00414441086445639,0.0373889654196713));
#920=CARTESIAN_POINT('',(0.0171920068746254,-0.00647839586380588,0.0373227930008994));
#921=CARTESIAN_POINT('',(0.0149989539700398,-0.0107229173833907,0.0371905303284642));
#922=CARTESIAN_POINT('',(0.0134773134143245,-0.0126326418572127,0.0371243580586425));
#923=CARTESIAN_POINT('',(0.00980684629833714,-0.015731350123706,0.0369920952733609));
#924=CARTESIAN_POINT('',(0.00765855346335476,-0.0169196663257521,0.0369259231551885));
#925=CARTESIAN_POINT('',(0.00305681831179881,-0.018385470764704,0.036793660259712));
#926=CARTESIAN_POINT('',(0.000604134362272376,-0.0186625435746244,0.0367274882890722));
#927=CARTESIAN_POINT('',(-0.00423411174390064,-0.0182532753861877,0.036595225286956));
#928=CARTESIAN_POINT('',(-0.00661880412539094,-0.0175668418603882,0.0365290534607338));
#929=CARTESIAN_POINT('',(-0.0109550782462386,-0.0153250169674873,0.0363967903526821));
#930=CARTESIAN_POINT('',(-0.012905812029998,-0.0137698778324918,0.0363306186688202));
#931=CARTESIAN_POINT('',(-0.0160706225895485,-0.0100192376233742,0.0361983554563167));
#932=CARTESIAN_POINT('',(-0.0172840060461928,-0.00782430201187809,0.036132183910832));
#933=CARTESIAN_POINT('',(-0.0185931739344033,-0.00371083748544215,0.0360164535125217));
#934=CARTESIAN_POINT('',(-0.0188938204269948,-0.00186112364141176,0.0359668245421228));
#935=CARTESIAN_POINT('',(-0.0189190073186937,-3.7739665000057E-6,0.0359172261719422));
#936=CARTESIAN_POINT('',(-0.01905,8.02309607639273E-18,0.0381));
#937=CARTESIAN_POINT('',(-0.019058268229133,0.000623409791596015,0.0380834635416863));
#938=CARTESIAN_POINT('',(-0.0190359102825238,0.0012476316539934,0.0380669270833321));
#939=CARTESIAN_POINT('',(-0.0187711303161809,0.00435776242309469,0.0379842447916716));
#940=CARTESIAN_POINT('',(-0.0180639576014173,0.00680947054418874,0.0379180989583456));
#941=CARTESIAN_POINT('',(-0.0157560003838727,0.0112676736163367,0.0377858072916545));
#942=CARTESIAN_POINT('',(-0.0141560324832756,0.0132723655787418,0.0377196614583419));
#943=CARTESIAN_POINT('',(-0.0102975983323433,0.0165244697835166,0.0375873697916582));
#944=CARTESIAN_POINT('',(-0.00804058439825095,0.0177705222980535,0.0375212239583496));
#945=CARTESIAN_POINT('',(-0.00320647274348279,0.0193060562489272,0.0373889322916504));
#946=CARTESIAN_POINT('',(-0.000631246913560024,0.0195948342711565,0.0373227864583257));
#947=CARTESIAN_POINT('',(0.0044483636343239,0.01916100218415,0.0371904947916743));
#948=CARTESIAN_POINT('',(0.00695073959474331,0.0184384595483515,0.0371243489583201));
#949=CARTESIAN_POINT('',(0.0115005757256377,0.016081523440515,0.0369920572916799));
#950=CARTESIAN_POINT('',(0.0135461968536068,0.0144479658417855,0.0369259114583378));
#951=CARTESIAN_POINT('',(0.0168642155560082,0.0105092146431383,0.0367936197916622));
#952=CARTESIAN_POINT('',(0.0181352274679107,0.00820550496087762,0.0367274739583441));
#953=CARTESIAN_POINT('',(0.0197009224705575,0.00327196564342687,0.036595182291656));
#954=CARTESIAN_POINT('',(0.019994890279963,0.000644047019652113,0.0365290364583195));
#955=CARTESIAN_POINT('',(0.0195508740521395,-0.00453896484555256,0.0363967447916805));
#956=CARTESIAN_POINT('',(0.0188129614952894,-0.00709200864530843,0.0363305989583119));
#957=CARTESIAN_POINT('',(0.0164070464971536,-0.0117334778349282,0.0361983072916881));
#958=CARTESIAN_POINT('',(0.0147398992002959,-0.0138200281284806,0.036132161458336));
#959=CARTESIAN_POINT('',(0.0107208309539328,-0.0172039613284911,0.035999869791664));
#960=CARTESIAN_POINT('',(0.00837042552350004,-0.0184999326378,0.0359337239583499));
#961=CARTESIAN_POINT('',(0.00333745854337516,-0.0200957886921556,0.0358014322916501));
#962=CARTESIAN_POINT('',(0.000656847125744093,-0.0203949462887922,0.0357352864583541));
#963=CARTESIAN_POINT('',(-0.00462956605678115,-0.0199407459201064,0.0356029947916459));
#964=CARTESIAN_POINT('',(-0.00723327769586531,-0.019187463442241,0.0355368489583287));
#965=CARTESIAN_POINT('',(-0.011966379944227,-0.0167325695537785,0.0354045572916713));
#966=CARTESIAN_POINT('',(-0.0140938594033646,-0.0150318325588115,0.035338411458334));
#967=CARTESIAN_POINT('',(-0.0175437071009638,-0.0109324472647221,0.035206119791666));
#968=CARTESIAN_POINT('',(-0.0188646378076552,-0.00853534608612567,0.035139973958335));
#969=CARTESIAN_POINT('',(-0.0202874027755213,-0.00404450077367092,0.0350242187499988));
#970=CARTESIAN_POINT('',(-0.0206126935500055,-0.00202622577575415,0.0349746128996654));
#971=CARTESIAN_POINT('',(-0.0206375,3.03576608295941E-18,0.034925));
#972=CARTESIAN_POINT('',(-0.0181907404234375,8.02309607639273E-18,0.03859609375));
#973=CARTESIAN_POINT('',(-0.017331480846875,8.02309607639273E-18,0.0390921875));
#974=CARTESIAN_POINT('',(-0.017331480846875,8.02309607639273E-18,0.0390921875));
#975=CARTESIAN_POINT('',(-0.0173397501375525,0.000567105191880854,0.0390756528631727));
#976=CARTESIAN_POINT('',(-0.017320149761692,0.00113515699456613,0.0390591113491643));
#977=CARTESIAN_POINT('',(-0.0170829850813424,0.00396512208849595,0.0389764478005596));
#978=CARTESIAN_POINT('',(-0.0164422988074069,0.00619768765231061,0.0389102741251835));
#979=CARTESIAN_POINT('',(-0.0143467638985135,0.0102586895750302,0.0387780123336086));
#980=CARTESIAN_POINT('',(-0.0128921090454986,0.0120863856996965,0.0387118388227293));
#981=CARTESIAN_POINT('',(-0.00938196990488538,0.0150528664893036,0.0385795769170359));
#982=CARTESIAN_POINT('',(-0.0073269558615063,0.0161910349992786,0.0385134035696637));
#983=CARTESIAN_POINT('',(-0.00292394709952627,0.0175960368790354,0.0383811415495662));
#984=CARTESIAN_POINT('',(-0.000576632415034697,0.0178624780512605,0.0383149683613659));
#985=CARTESIAN_POINT('',(0.00405474687601892,0.0174730898501834,0.0381827062333562));
#986=CARTESIAN_POINT('',(0.00633802296832963,0.0168171594349916,0.0381165332029178));
#987=CARTESIAN_POINT('',(0.0104907871820136,0.0146728700307615,0.0379842709608657));
#988=CARTESIAN_POINT('',(0.0123594991693543,0.0131847243158662,0.0379180980873683));
#989=CARTESIAN_POINT('',(0.0153920976651409,0.00959442434631953,0.0377858357366813));
#990=CARTESIAN_POINT('',(0.0165553423055334,0.00749277207995559,0.0377196630168879));
#991=CARTESIAN_POINT('',(0.0179907502678088,0.00299040150184765,0.0375874005563399));
#992=CARTESIAN_POINT('',(0.0182625097797777,0.00059040239053381,0.0375212279893883));
#993=CARTESIAN_POINT('',(0.017863186474645,-0.00414441086445639,0.0373889654196713));
#994=CARTESIAN_POINT('',(0.0171920068746254,-0.00647839586380588,0.0373227930008994));
#995=CARTESIAN_POINT('',(0.0149989539700398,-0.0107229173833907,0.0371905303284642));
#996=CARTESIAN_POINT('',(0.0134773134143245,-0.0126326418572127,0.0371243580586425));
#997=CARTESIAN_POINT('',(0.00980684629833714,-0.015731350123706,0.0369920952733609));
#998=CARTESIAN_POINT('',(0.00765855346335476,-0.0169196663257521,0.0369259231551885));
#999=CARTESIAN_POINT('',(0.00305681831179881,-0.018385470764704,0.036793660259712));
#1000=CARTESIAN_POINT('',(0.000604134362272376,-0.0186625435746244,0.0367274882890722));
#1001=CARTESIAN_POINT('',(-0.00423411174390064,-0.0182532753861877,0.036595225286956));
#1002=CARTESIAN_POINT('',(-0.00661880412539094,-0.0175668418603882,0.0365290534607338));
#1003=CARTESIAN_POINT('',(-0.0109550782462386,-0.0153250169674873,0.0363967903526821));
#1004=CARTESIAN_POINT('',(-0.012905812029998,-0.0137698778324918,0.0363306186688202));
#1005=CARTESIAN_POINT('',(-0.0160706225895485,-0.0100192376233742,0.0361983554563167));
#1006=CARTESIAN_POINT('',(-0.0172840060461928,-0.00782430201187809,0.036132183910832));
#1007=CARTESIAN_POINT('',(-0.0185931739344033,-0.00371083748544215,0.0360164535125217));
#1008=CARTESIAN_POINT('',(-0.0188938204269948,-0.00186112364141176,0.0359668245421228));
#1009=CARTESIAN_POINT('',(-0.0189190073186937,-3.7739665000057E-6,0.0359172261719422));
#1010=CARTESIAN_POINT('',(-0.01905,8.02309607639273E-18,0.0381));
#1011=CARTESIAN_POINT('',(-0.01905,-0.0109985226280624,0.0383645833333333));
#1012=CARTESIAN_POINT('',(-0.009525,-0.0164977839420936,0.0386291666666667));
#1013=CARTESIAN_POINT('',(-4.92479772238279E-18,-0.0219970452561247,0.03889375));
#1014=CARTESIAN_POINT('',(0.009525,-0.0164977839420936,0.0391583333333334));
#1015=CARTESIAN_POINT('',(0.01905,-0.0109985226280624,0.0394229166666667));
#1016=CARTESIAN_POINT('',(0.01905,5.69014392401703E-18,0.0396875));
#1017=CARTESIAN_POINT('',(0.01905,0.0109985226280624,0.0399520833333333));
#1018=CARTESIAN_POINT('',(0.009525,0.0164977839420936,0.0402166666666667));
#1019=CARTESIAN_POINT('',(4.6292449033973E-19,0.0219970452561247,0.04048125));
#1020=CARTESIAN_POINT('',(-0.009525,0.0164977839420936,0.0407458333333333));
#1021=CARTESIAN_POINT('',(-0.01905,0.0109985226280624,0.0410104166666667));
#1022=CARTESIAN_POINT('',(-0.01905,8.02309607639273E-18,0.041275));
#1023=CARTESIAN_POINT('',(-0.01905,-0.0109985226280624,0.0415395833333333));
#1024=CARTESIAN_POINT('',(-0.009525,-0.0164977839420936,0.0418041666666666));
#1025=CARTESIAN_POINT('',(-4.92479772238279E-18,-0.0219970452561247,0.04206875));
#1026=CARTESIAN_POINT('',(0.009525,-0.0164977839420936,0.0423333333333333));
#1027=CARTESIAN_POINT('',(0.01905,-0.0109985226280624,0.0425979166666667));
#1028=CARTESIAN_POINT('',(0.01905,5.69014392401703E-18,0.0428625));
#1029=CARTESIAN_POINT('',(0.01905,0.0109985226280624,0.0431270833333333));
#1030=CARTESIAN_POINT('',(0.009525,0.0164977839420936,0.0433916666666667));
#1031=CARTESIAN_POINT('',(4.6292449033973E-19,0.0219970452561247,0.04365625));
#1032=CARTESIAN_POINT('',(-0.009525,0.0164977839420936,0.0439208333333334));
#1033=CARTESIAN_POINT('',(-0.01905,0.0109985226280624,0.0441854166666666));
#1034=CARTESIAN_POINT('',(-0.01905,8.02309607639273E-18,0.04445));
#1035=CARTESIAN_POINT('',(-0.01905,-0.0109985226280624,0.0447145833333333));
#1036=CARTESIAN_POINT('',(-0.009525,-0.0164977839420936,0.0449791666666667));
#1037=CARTESIAN_POINT('',(-4.92479772238279E-18,-0.0219970452561247,0.04524375));
#1038=CARTESIAN_POINT('',(0.009525,-0.0164977839420936,0.0455083333333333));
#1039=CARTESIAN_POINT('',(0.01905,-0.0109985226280624,0.0457729166666666));
#1040=CARTESIAN_POINT('',(0.01905,5.69014392401703E-18,0.0460375));
#1041=CARTESIAN_POINT('',(0.01905,0.0109985226280624,0.0463020833333333));
#1042=CARTESIAN_POINT('',(0.009525,0.0164977839420936,0.0465666666666667));
#1043=CARTESIAN_POINT('',(4.6292449033973E-19,0.0219970452561247,0.04683125));
#1044=CARTESIAN_POINT('',(-0.009525,0.0164977839420936,0.0470958333333333));
#1045=CARTESIAN_POINT('',(-0.01905,0.0109985226280624,0.0473604166666666));
#1046=CARTESIAN_POINT('',(-0.01905,8.02309607639273E-18,0.047625));
#1047=CARTESIAN_POINT('',(-0.01905,-0.0109985226280624,0.0478895833333333));
#1048=CARTESIAN_POINT('',(-0.009525,-0.0164977839420936,0.0481541666666667));
#1049=CARTESIAN_POINT('',(-4.92479772238279E-18,-0.0219970452561247,0.04841875));
#1050=CARTESIAN_POINT('',(0.009525,-0.0164977839420936,0.0486833333333333));
#1051=CARTESIAN_POINT('',(0.01905,-0.0109985226280624,0.0489479166666667));
#1052=CARTESIAN_POINT('',(0.01905,5.69014392401703E-18,0.0492125));
#1053=CARTESIAN_POINT('',(0.01905,0.0109985226280624,0.0494770833333334));
#1054=CARTESIAN_POINT('',(0.009525,0.0164977839420936,0.0497416666666667));
#1055=CARTESIAN_POINT('',(4.6292449033973E-19,0.0219970452561247,0.05000625));
#1056=CARTESIAN_POINT('',(-0.009525,0.0164977839420936,0.0502708333333333));
#1057=CARTESIAN_POINT('',(-0.01905,0.0109985226280624,0.0505354166666667));
#1058=CARTESIAN_POINT('',(-0.01905,8.02309607639273E-18,0.0508));
#1059=CARTESIAN_POINT('',(-0.01905,-0.00139858192052302,0.0508336446520124));
#1060=CARTESIAN_POINT('',(-0.0188457433101126,-0.00278216805555407,0.0508697654599625));
#1061=CARTESIAN_POINT('',(-0.017331480846875,8.02309607639273E-18,0.0390921875));
#1062=CARTESIAN_POINT('',(-0.017331480846875,-0.0100063351323981,0.0393567708333333));
#1063=CARTESIAN_POINT('',(-0.00866574042343751,-0.0150095026985972,0.0396213541666667));
#1064=CARTESIAN_POINT('',(-4.80328979831087E-18,-0.0200126702647962,0.0398859375));
#1065=CARTESIAN_POINT('',(0.00866574042343749,-0.0150095026985972,0.0401505208333333));
#1066=CARTESIAN_POINT('',(0.017331480846875,-0.0100063351323981,0.0404151041666667));
#1067=CARTESIAN_POINT('',(0.017331480846875,5.90060182203182E-18,0.0406796875));
#1068=CARTESIAN_POINT('',(0.017331480846875,0.0100063351323981,0.0409442708333333));
#1069=CARTESIAN_POINT('',(0.0086657404234375,0.0150095026985972,0.0412088541666666));
#1070=CARTESIAN_POINT('',(9.8400718123956E-20,0.0200126702647962,0.0414734375));
#1071=CARTESIAN_POINT('',(-0.00866574042343749,0.0150095026985972,0.0417380208333333));
#1072=CARTESIAN_POINT('',(-0.017331480846875,0.0100063351323981,0.0420026041666667));
#1073=CARTESIAN_POINT('',(-0.017331480846875,8.02309607639273E-18,0.0422671875));
#1074=CARTESIAN_POINT('',(-0.017331480846875,-0.0100063351323981,0.0425317708333333));
#1075=CARTESIAN_POINT('',(-0.00866574042343751,-0.0150095026985972,0.0427963541666667));
#1076=CARTESIAN_POINT('',(-4.80328979831087E-18,-0.0200126702647962,0.0430609375));
#1077=CARTESIAN_POINT('',(0.00866574042343749,-0.0150095026985972,0.0433255208333334));
#1078=CARTESIAN_POINT('',(0.017331480846875,-0.0100063351323981,0.0435901041666667));
#1079=CARTESIAN_POINT('',(0.017331480846875,5.90060182203182E-18,0.0438546875));
#1080=CARTESIAN_POINT('',(0.017331480846875,0.0100063351323981,0.0441192708333333));
#1081=CARTESIAN_POINT('',(0.0086657404234375,0.0150095026985972,0.0443838541666667));
#1082=CARTESIAN_POINT('',(9.8400718123956E-20,0.0200126702647962,0.0446484375));
#1083=CARTESIAN_POINT('',(-0.00866574042343749,0.0150095026985972,0.0449130208333334));
#1084=CARTESIAN_POINT('',(-0.017331480846875,0.0100063351323981,0.0451776041666667));
#1085=CARTESIAN_POINT('',(-0.017331480846875,8.02309607639273E-18,0.0454421875));
#1086=CARTESIAN_POINT('',(-0.017331480846875,-0.0100063351323981,0.0457067708333333));
#1087=CARTESIAN_POINT('',(-0.00866574042343751,-0.0150095026985972,0.0459713541666667));
#1088=CARTESIAN_POINT('',(-4.80328979831087E-18,-0.0200126702647962,0.0462359375));
#1089=CARTESIAN_POINT('',(0.00866574042343749,-0.0150095026985972,0.0465005208333333));
#1090=CARTESIAN_POINT('',(0.017331480846875,-0.0100063351323981,0.0467651041666667));
#1091=CARTESIAN_POINT('',(0.017331480846875,5.90060182203182E-18,0.0470296875));
#1092=CARTESIAN_POINT('',(0.017331480846875,0.0100063351323981,0.0472942708333333));
#1093=CARTESIAN_POINT('',(0.0086657404234375,0.0150095026985972,0.0475588541666667));
#1094=CARTESIAN_POINT('',(9.8400718123956E-20,0.0200126702647962,0.0478234375));
#1095=CARTESIAN_POINT('',(-0.00866574042343749,0.0150095026985972,0.0480880208333333));
#1096=CARTESIAN_POINT('',(-0.017331480846875,0.0100063351323981,0.0483526041666667));
#1097=CARTESIAN_POINT('',(-0.017331480846875,8.02309607639273E-18,0.0486171875));
#1098=CARTESIAN_POINT('',(-0.017331480846875,-0.0100063351323981,0.0488817708333333));
#1099=CARTESIAN_POINT('',(-0.00866574042343751,-0.0150095026985972,0.0491463541666667));
#1100=CARTESIAN_POINT('',(-4.80328979831087E-18,-0.0200126702647962,0.0494109375));
#1101=CARTESIAN_POINT('',(0.00866574042343749,-0.0150095026985972,0.0496755208333333));
#1102=CARTESIAN_POINT('',(0.017331480846875,-0.0100063351323981,0.0499401041666667));
#1103=CARTESIAN_POINT('',(0.017331480846875,5.90060182203182E-18,0.0502046875));
#1104=CARTESIAN_POINT('',(0.017331480846875,0.0100063351323981,0.0504692708333333));
#1105=CARTESIAN_POINT('',(0.0086657404234375,0.0150095026985972,0.0507338541666667));
#1106=CARTESIAN_POINT('',(9.8400718123956E-20,0.0200126702647962,0.0509984375));
#1107=CARTESIAN_POINT('',(-0.00866574042343749,0.0150095026985972,0.0512630208333333));
#1108=CARTESIAN_POINT('',(-0.017331480846875,0.0100063351323981,0.0515276041666667));
#1109=CARTESIAN_POINT('',(-0.017331480846875,8.02309607639273E-18,0.0517921875));
#1110=CARTESIAN_POINT('',(-0.017331480846875,-0.00127241447602784,0.0518258321520124));
#1111=CARTESIAN_POINT('',(-0.0171456503529837,-0.00253118595105631,0.0518619529599625));
#1112=CARTESIAN_POINT('',(-0.017331480846875,8.02309607639273E-18,0.0390921875));
#1113=CARTESIAN_POINT('',(-0.017331480846875,-0.0100063351323981,0.0393567708333333));
#1114=CARTESIAN_POINT('',(-0.00866574042343751,-0.0150095026985972,0.0396213541666667));
#1115=CARTESIAN_POINT('',(-4.80328979831087E-18,-0.0200126702647962,0.0398859375));
#1116=CARTESIAN_POINT('',(0.00866574042343749,-0.0150095026985972,0.0401505208333333));
#1117=CARTESIAN_POINT('',(0.017331480846875,-0.0100063351323981,0.0404151041666667));
#1118=CARTESIAN_POINT('',(0.017331480846875,5.90060182203182E-18,0.0406796875));
#1119=CARTESIAN_POINT('',(0.017331480846875,0.0100063351323981,0.0409442708333333));
#1120=CARTESIAN_POINT('',(0.0086657404234375,0.0150095026985972,0.0412088541666666));
#1121=CARTESIAN_POINT('',(9.8400718123956E-20,0.0200126702647962,0.0414734375));
#1122=CARTESIAN_POINT('',(-0.00866574042343749,0.0150095026985972,0.0417380208333333));
#1123=CARTESIAN_POINT('',(-0.017331480846875,0.0100063351323981,0.0420026041666667));
#1124=CARTESIAN_POINT('',(-0.017331480846875,1.22680845851146E-17,0.0422671875));
#1125=CARTESIAN_POINT('',(-0.017331480846875,-0.0100063351323981,0.0425317708333333));
#1126=CARTESIAN_POINT('',(-0.00866574042343751,-0.0150095026985972,0.0427963541666667));
#1127=CARTESIAN_POINT('',(-2.74798021645121E-17,-0.0200126702647962,0.0430609375));
#1128=CARTESIAN_POINT('',(0.00866574042343748,-0.0150095026985972,0.0433255208333334));
#1129=CARTESIAN_POINT('',(0.017331480846875,-0.0100063351323981,0.0435901041666667));
#1130=CARTESIAN_POINT('',(0.017331480846875,1.65561331330999E-18,0.0438546875));
#1131=CARTESIAN_POINT('',(0.017331480846875,0.0100063351323981,0.0441192708333333));
#1132=CARTESIAN_POINT('',(0.00866574042343752,0.0150095026985972,0.0443838541666667));
#1133=CARTESIAN_POINT('',(5.00009123455878E-18,0.0200126702647962,0.0446484375));
#1134=CARTESIAN_POINT('',(-0.00866574042343749,0.0150095026985972,0.0449130208333334));
#1135=CARTESIAN_POINT('',(-0.017331480846875,0.0100063351323982,0.0451776041666667));
#1136=CARTESIAN_POINT('',(-0.017331480846875,1.65130730938364E-17,0.0454421875));
#1137=CARTESIAN_POINT('',(-0.017331480846875,-0.0100063351323981,0.0457067708333333));
#1138=CARTESIAN_POINT('',(-0.00866574042343753,-0.0150095026985972,0.0459713541666667));
#1139=CARTESIAN_POINT('',(-5.01563145307133E-17,-0.0200126702647962,0.0462359375));
#1140=CARTESIAN_POINT('',(0.00866574042343748,-0.0150095026985972,0.0465005208333333));
#1141=CARTESIAN_POINT('',(0.017331480846875,-0.0100063351323981,0.0467651041666667));
#1142=CARTESIAN_POINT('',(0.017331480846875,-3.33762697346927E-17,0.0470296875));
#1143=CARTESIAN_POINT('',(0.017331480846875,0.0100063351323981,0.0472942708333333));
#1144=CARTESIAN_POINT('',(0.00866574042343753,0.0150095026985972,0.0475588541666667));
#1145=CARTESIAN_POINT('',(4.54514254505265E-17,0.0200126702647962,0.0478234375));
#1146=CARTESIAN_POINT('',(-0.00866574042343746,0.0150095026985972,0.0480880208333333));
#1147=CARTESIAN_POINT('',(-0.017331480846875,0.0100063351323982,0.0483526041666667));
#1148=CARTESIAN_POINT('',(-0.017331480846875,2.07580616025582E-17,0.0486171875));
#1149=CARTESIAN_POINT('',(-0.017331480846875,-0.0100063351323981,0.0488817708333333));
#1150=CARTESIAN_POINT('',(-0.00866574042343753,-0.0150095026985972,0.0491463541666667));
#1151=CARTESIAN_POINT('',(-5.50580050471482E-17,-0.0200126702647962,0.0494109375));
#1152=CARTESIAN_POINT('',(0.00866574042343745,-0.0150095026985972,0.0496755208333333));
#1153=CARTESIAN_POINT('',(0.017331480846875,-0.0100063351323982,0.0499401041666667));
#1154=CARTESIAN_POINT('',(0.017331480846875,-6.83436370413366E-18,0.0502046875));
#1155=CARTESIAN_POINT('',(0.017331480846875,0.0100063351323981,0.0504692708333333));
#1156=CARTESIAN_POINT('',(0.00866574042343753,0.0150095026985972,0.0507338541666667));
#1157=CARTESIAN_POINT('',(5.03531159669613E-17,0.0200126702647962,0.0509984375));
#1158=CARTESIAN_POINT('',(-0.00866574042343745,0.0150095026985973,0.0512630208333333));
#1159=CARTESIAN_POINT('',(-0.017331480846875,0.0100063351323982,0.0515276041666667));
#1160=CARTESIAN_POINT('',(-0.017331480846875,2.500305011128E-17,0.0517921875));
#1161=CARTESIAN_POINT('',(-0.017331480846875,-0.0100063351323981,0.0520567708333333));
#1162=CARTESIAN_POINT('',(-0.00866574042343754,-0.0150095026985972,0.0523213541666667));
#1163=CARTESIAN_POINT('',(-5.9959695563583E-17,-0.0200126702647962,0.0525859375));
#1164=CARTESIAN_POINT('',(0.00866574042343745,-0.0150095026985972,0.0528505208333333));
#1165=CARTESIAN_POINT('',(0.017331480846875,-0.0100063351323982,0.0531151041666666));
#1166=CARTESIAN_POINT('',(0.017331480846875,-7.26531412914172E-17,0.0533796875));
#1167=CARTESIAN_POINT('',(0.017331480846875,0.0100063351323981,0.0536442708333333));
#1168=CARTESIAN_POINT('',(0.00866574042343753,0.0150095026985972,0.0539088541666667));
#1169=CARTESIAN_POINT('',(5.5254806483396E-17,0.0200126702647962,0.0541734375));
#1170=CARTESIAN_POINT('',(-0.00866574042343745,0.0150095026985973,0.0544380208333333));
#1171=CARTESIAN_POINT('',(-0.017331480846875,0.0100063351323982,0.0547026041666666));
#1172=CARTESIAN_POINT('',(-0.017331480846875,9.08218276985636E-17,0.0549671875));
#1173=CARTESIAN_POINT('',(-0.017331480846875,8.02309607639273E-18,0.0398859375));
#1174=CARTESIAN_POINT('',(-0.017331480846875,-0.0100063351323981,0.0401505208333333));
#1175=CARTESIAN_POINT('',(-0.0086657404234375,-0.0150095026985972,0.0404151041666667));
#1176=CARTESIAN_POINT('',(-4.80328979831087E-18,-0.0200126702647962,0.0406796875));
#1177=CARTESIAN_POINT('',(0.00866574042343749,-0.0150095026985972,0.0409442708333334));
#1178=CARTESIAN_POINT('',(0.017331480846875,-0.0100063351323981,0.0412088541666667));
#1179=CARTESIAN_POINT('',(0.017331480846875,5.90060182203182E-18,0.0414734375));
#1180=CARTESIAN_POINT('',(0.017331480846875,0.0100063351323981,0.0417380208333333));
#1181=CARTESIAN_POINT('',(0.0086657404234375,0.0150095026985972,0.0420026041666667));
#1182=CARTESIAN_POINT('',(9.84007181239552E-20,0.0200126702647962,0.0422671875));
#1183=CARTESIAN_POINT('',(-0.00866574042343749,0.0150095026985972,0.0425317708333334));
#1184=CARTESIAN_POINT('',(-0.017331480846875,0.0100063351323981,0.0427963541666667));
#1185=CARTESIAN_POINT('',(-0.017331480846875,8.02309607639273E-18,0.0430609375));
#1186=CARTESIAN_POINT('',(-0.017331480846875,-0.0100063351323981,0.0433255208333333));
#1187=CARTESIAN_POINT('',(-0.0086657404234375,-0.0150095026985972,0.0435901041666667));
#1188=CARTESIAN_POINT('',(-4.80328979831087E-18,-0.0200126702647962,0.0438546875));
#1189=CARTESIAN_POINT('',(0.00866574042343749,-0.0150095026985972,0.0441192708333333));
#1190=CARTESIAN_POINT('',(0.017331480846875,-0.0100063351323981,0.0443838541666667));
#1191=CARTESIAN_POINT('',(0.017331480846875,5.90060182203182E-18,0.0446484375));
#1192=CARTESIAN_POINT('',(0.017331480846875,0.0100063351323981,0.0449130208333333));
#1193=CARTESIAN_POINT('',(0.0086657404234375,0.0150095026985972,0.0451776041666667));
#1194=CARTESIAN_POINT('',(9.84007181239552E-20,0.0200126702647962,0.0454421875));
#1195=CARTESIAN_POINT('',(-0.00866574042343749,0.0150095026985972,0.0457067708333333));
#1196=CARTESIAN_POINT('',(-0.017331480846875,0.0100063351323981,0.0459713541666667));
#1197=CARTESIAN_POINT('',(-0.017331480846875,8.02309607639273E-18,0.0462359375));
#1198=CARTESIAN_POINT('',(-0.017331480846875,-0.0100063351323981,0.0465005208333333));
#1199=CARTESIAN_POINT('',(-0.0086657404234375,-0.0150095026985972,0.0467651041666667));
#1200=CARTESIAN_POINT('',(-4.80328979831087E-18,-0.0200126702647962,0.0470296875));
#1201=CARTESIAN_POINT('',(0.00866574042343749,-0.0150095026985972,0.0472942708333333));
#1202=CARTESIAN_POINT('',(0.017331480846875,-0.0100063351323981,0.0475588541666667));
#1203=CARTESIAN_POINT('',(0.017331480846875,5.90060182203182E-18,0.0478234375));
#1204=CARTESIAN_POINT('',(0.017331480846875,0.0100063351323981,0.0480880208333333));
#1205=CARTESIAN_POINT('',(0.0086657404234375,0.0150095026985972,0.0483526041666667));
#1206=CARTESIAN_POINT('',(9.84007181239552E-20,0.0200126702647962,0.0486171875));
#1207=CARTESIAN_POINT('',(-0.00866574042343749,0.0150095026985972,0.0488817708333333));
#1208=CARTESIAN_POINT('',(-0.017331480846875,0.0100063351323981,0.0491463541666667));
#1209=CARTESIAN_POINT('',(-0.017331480846875,8.02309607639273E-18,0.0494109375));
#1210=CARTESIAN_POINT('',(-0.017331480846875,-0.0100063351323981,0.0496755208333333));
#1211=CARTESIAN_POINT('',(-0.0086657404234375,-0.0150095026985972,0.0499401041666667));
#1212=CARTESIAN_POINT('',(-4.80328979831087E-18,-0.0200126702647962,0.0502046875));
#1213=CARTESIAN_POINT('',(0.00866574042343749,-0.0150095026985972,0.0504692708333333));
#1214=CARTESIAN_POINT('',(0.0148377216272748,-0.0114461076891284,0.0506577144377327));
#1215=CARTESIAN_POINT('',(0.016717640246933,-0.00457173193874273,0.0508681827498289));
#1216=CARTESIAN_POINT('',(-0.01905,8.02309607639273E-18,0.040878125));
#1217=CARTESIAN_POINT('',(-0.01905,-0.0109985226280624,0.0411427083333333));
#1218=CARTESIAN_POINT('',(-0.009525,-0.0164977839420936,0.0414072916666667));
#1219=CARTESIAN_POINT('',(-4.92479772238279E-18,-0.0219970452561247,0.041671875));
#1220=CARTESIAN_POINT('',(0.009525,-0.0164977839420936,0.0419364583333333));
#1221=CARTESIAN_POINT('',(0.01905,-0.0109985226280624,0.0422010416666666));
#1222=CARTESIAN_POINT('',(0.01905,5.69014392401703E-18,0.042465625));
#1223=CARTESIAN_POINT('',(0.01905,0.0109985226280624,0.0427302083333333));
#1224=CARTESIAN_POINT('',(0.009525,0.0164977839420936,0.0429947916666666));
#1225=CARTESIAN_POINT('',(4.62924490339729E-19,0.0219970452561247,0.043259375));
#1226=CARTESIAN_POINT('',(-0.009525,0.0164977839420936,0.0435239583333333));
#1227=CARTESIAN_POINT('',(-0.01905,0.0109985226280624,0.0437885416666666));
#1228=CARTESIAN_POINT('',(-0.01905,8.02309607639273E-18,0.044053125));
#1229=CARTESIAN_POINT('',(-0.01905,-0.0109985226280624,0.0443177083333333));
#1230=CARTESIAN_POINT('',(-0.009525,-0.0164977839420936,0.0445822916666666));
#1231=CARTESIAN_POINT('',(-4.92479772238279E-18,-0.0219970452561247,0.044846875));
#1232=CARTESIAN_POINT('',(0.009525,-0.0164977839420936,0.0451114583333333));
#1233=CARTESIAN_POINT('',(0.01905,-0.0109985226280624,0.0453760416666666));
#1234=CARTESIAN_POINT('',(0.01905,5.69014392401703E-18,0.045640625));
#1235=CARTESIAN_POINT('',(0.01905,0.0109985226280624,0.0459052083333333));
#1236=CARTESIAN_POINT('',(0.009525,0.0164977839420936,0.0461697916666667));
#1237=CARTESIAN_POINT('',(4.62924490339729E-19,0.0219970452561247,0.046434375));
#1238=CARTESIAN_POINT('',(-0.009525,0.0164977839420936,0.0466989583333333));
#1239=CARTESIAN_POINT('',(-0.01905,0.0109985226280624,0.0469635416666666));
#1240=CARTESIAN_POINT('',(-0.01905,8.02309607639273E-18,0.047228125));
#1241=CARTESIAN_POINT('',(-0.01905,-0.0109985226280624,0.0474927083333333));
#1242=CARTESIAN_POINT('',(-0.009525,-0.0164977839420936,0.0477572916666667));
#1243=CARTESIAN_POINT('',(-4.92479772238279E-18,-0.0219970452561247,0.048021875));
#1244=CARTESIAN_POINT('',(0.009525,-0.0164977839420936,0.0482864583333333));
#1245=CARTESIAN_POINT('',(0.01905,-0.0109985226280624,0.0485510416666666));
#1246=CARTESIAN_POINT('',(0.01905,5.69014392401703E-18,0.048815625));
#1247=CARTESIAN_POINT('',(0.01905,0.0109985226280624,0.0490802083333333));
#1248=CARTESIAN_POINT('',(0.009525,0.0164977839420936,0.0493447916666667));
#1249=CARTESIAN_POINT('',(4.62924490339729E-19,0.0219970452561247,0.049609375));
#1250=CARTESIAN_POINT('',(-0.009525,0.0164977839420936,0.0498739583333333));
#1251=CARTESIAN_POINT('',(-0.01905,0.0109985226280624,0.0501385416666666));
#1252=CARTESIAN_POINT('',(-0.01905,8.02309607639273E-18,0.050403125));
#1253=CARTESIAN_POINT('',(-0.01905,-0.0109985226280624,0.0506677083333333));
#1254=CARTESIAN_POINT('',(-0.009525,-0.0164977839420936,0.0509322916666667));
#1255=CARTESIAN_POINT('',(-4.92479772238279E-18,-0.0219970452561247,0.051196875));
#1256=CARTESIAN_POINT('',(0.009525,-0.0164977839420936,0.0514614583333333));
#1257=CARTESIAN_POINT('',(0.0163089697583776,-0.01258105717592,0.0516499019377327));
#1258=CARTESIAN_POINT('',(0.0183752934626758,-0.00502504628441789,0.0518603702498289));
#1259=CARTESIAN_POINT('',(-0.017331480846875,8.02309607639273E-18,0.0398859375));
#1260=CARTESIAN_POINT('',(-0.017331480846875,-0.0100063351323981,0.0401505208333333));
#1261=CARTESIAN_POINT('',(-0.0086657404234375,-0.0150095026985972,0.0404151041666667));
#1262=CARTESIAN_POINT('',(-4.80328979831087E-18,-0.0200126702647962,0.0406796875));
#1263=CARTESIAN_POINT('',(0.00866574042343749,-0.0150095026985972,0.0409442708333334));
#1264=CARTESIAN_POINT('',(0.017331480846875,-0.0100063351323981,0.0412088541666667));
#1265=CARTESIAN_POINT('',(0.017331480846875,5.90060182203182E-18,0.0414734375));
#1266=CARTESIAN_POINT('',(0.017331480846875,0.0100063351323981,0.0417380208333333));
#1267=CARTESIAN_POINT('',(0.0086657404234375,0.0150095026985972,0.0420026041666667));
#1268=CARTESIAN_POINT('',(9.84007181239552E-20,0.0200126702647962,0.0422671875));
#1269=CARTESIAN_POINT('',(-0.00866574042343749,0.0150095026985972,0.0425317708333334));
#1270=CARTESIAN_POINT('',(-0.017331480846875,0.0100063351323981,0.0427963541666667));
#1271=CARTESIAN_POINT('',(-0.017331480846875,1.22680845851146E-17,0.0430609375));
#1272=CARTESIAN_POINT('',(-0.017331480846875,-0.0100063351323981,0.0433255208333333));
#1273=CARTESIAN_POINT('',(-0.00866574042343751,-0.0150095026985972,0.0435901041666667));
#1274=CARTESIAN_POINT('',(-2.74798021645121E-17,-0.0200126702647962,0.0438546875));
#1275=CARTESIAN_POINT('',(0.00866574042343748,-0.0150095026985972,0.0441192708333333));
#1276=CARTESIAN_POINT('',(0.017331480846875,-0.0100063351323981,0.0443838541666667));
#1277=CARTESIAN_POINT('',(0.017331480846875,1.65561331330999E-18,0.0446484375));
#1278=CARTESIAN_POINT('',(0.017331480846875,0.0100063351323981,0.0449130208333333));
#1279=CARTESIAN_POINT('',(0.00866574042343752,0.0150095026985972,0.0451776041666667));
#1280=CARTESIAN_POINT('',(5.00009123455878E-18,0.0200126702647962,0.0454421875));
#1281=CARTESIAN_POINT('',(-0.00866574042343749,0.0150095026985972,0.0457067708333333));
#1282=CARTESIAN_POINT('',(-0.017331480846875,0.0100063351323982,0.0459713541666667));
#1283=CARTESIAN_POINT('',(-0.017331480846875,1.65130730938364E-17,0.0462359375));
#1284=CARTESIAN_POINT('',(-0.017331480846875,-0.0100063351323981,0.0465005208333333));
#1285=CARTESIAN_POINT('',(-0.00866574042343753,-0.0150095026985972,0.0467651041666667));
#1286=CARTESIAN_POINT('',(-5.01563145307133E-17,-0.0200126702647962,0.0470296875));
#1287=CARTESIAN_POINT('',(0.00866574042343748,-0.0150095026985972,0.0472942708333333));
#1288=CARTESIAN_POINT('',(0.017331480846875,-0.0100063351323981,0.0475588541666667));
#1289=CARTESIAN_POINT('',(0.017331480846875,-3.33762697346927E-17,0.0478234375));
#1290=CARTESIAN_POINT('',(0.017331480846875,0.0100063351323981,0.0480880208333333));
#1291=CARTESIAN_POINT('',(0.00866574042343752,0.0150095026985972,0.0483526041666667));
#1292=CARTESIAN_POINT('',(4.54514254505264E-17,0.0200126702647962,0.0486171875));
#1293=CARTESIAN_POINT('',(-0.00866574042343746,0.0150095026985972,0.0488817708333333));
#1294=CARTESIAN_POINT('',(-0.017331480846875,0.0100063351323982,0.0491463541666667));
#1295=CARTESIAN_POINT('',(-0.017331480846875,2.07580616025582E-17,0.0494109375));
#1296=CARTESIAN_POINT('',(-0.017331480846875,-0.0100063351323981,0.0496755208333333));
#1297=CARTESIAN_POINT('',(-0.00866574042343753,-0.0150095026985972,0.0499401041666667));
#1298=CARTESIAN_POINT('',(-5.50580050471482E-17,-0.0200126702647962,0.0502046875));
#1299=CARTESIAN_POINT('',(0.00866574042343745,-0.0150095026985972,0.0504692708333333));
#1300=CARTESIAN_POINT('',(0.017331480846875,-0.0100063351323982,0.0507338541666667));
#1301=CARTESIAN_POINT('',(0.017331480846875,-6.83436370413365E-18,0.0509984375));
#1302=CARTESIAN_POINT('',(0.017331480846875,0.0100063351323981,0.0512630208333333));
#1303=CARTESIAN_POINT('',(0.00866574042343753,0.0150095026985972,0.0515276041666667));
#1304=CARTESIAN_POINT('',(5.03531159669613E-17,0.0200126702647962,0.0517921875));
#1305=CARTESIAN_POINT('',(-0.00866574042343745,0.0150095026985972,0.0520567708333333));
#1306=CARTESIAN_POINT('',(-0.017331480846875,0.0100063351323982,0.0523213541666666));
#1307=CARTESIAN_POINT('',(-0.017331480846875,2.500305011128E-17,0.0525859375));
#1308=CARTESIAN_POINT('',(-0.017331480846875,-0.0100063351323981,0.0528505208333333));
#1309=CARTESIAN_POINT('',(-0.00866574042343754,-0.0150095026985972,0.0531151041666667));
#1310=CARTESIAN_POINT('',(-5.9959695563583E-17,-0.0200126702647962,0.0533796875));
#1311=CARTESIAN_POINT('',(0.00866574042343744,-0.0150095026985972,0.0536442708333333));
#1312=CARTESIAN_POINT('',(0.017331480846875,-0.0100063351323982,0.0539088541666666));
#1313=CARTESIAN_POINT('',(0.017331480846875,-7.26531412914172E-17,0.0541734375));
#1314=CARTESIAN_POINT('',(0.017331480846875,0.0100063351323981,0.0544380208333333));
#1315=CARTESIAN_POINT('',(0.00866574042343753,0.0150095026985972,0.0547026041666667));
#1316=CARTESIAN_POINT('',(5.5254806483396E-17,0.0200126702647962,0.0549671875));
#1317=CARTESIAN_POINT('',(-0.00866574042343745,0.0150095026985972,0.0552317708333333));
#1318=CARTESIAN_POINT('',(-0.017331480846875,0.0100063351323982,0.0554963541666666));
#1319=CARTESIAN_POINT('',(-0.017331480846875,9.08218276985635E-17,0.0557609375));
#1320=CARTESIAN_POINT('',(-0.017331480846875,8.02309607639273E-18,0.0390921875));
#1321=CARTESIAN_POINT('',(-0.017331480846875,-0.0100063351323981,0.0393567708333333));
#1322=CARTESIAN_POINT('',(-0.00866574042343751,-0.0150095026985972,0.0396213541666667));
#1323=CARTESIAN_POINT('',(-4.80328979831087E-18,-0.0200126702647962,0.0398859375));
#1324=CARTESIAN_POINT('',(0.00866574042343749,-0.0150095026985972,0.0401505208333333));
#1325=CARTESIAN_POINT('',(0.017331480846875,-0.0100063351323981,0.0404151041666667));
#1326=CARTESIAN_POINT('',(0.017331480846875,5.90060182203182E-18,0.0406796875));
#1327=CARTESIAN_POINT('',(0.017331480846875,0.0100063351323981,0.0409442708333333));
#1328=CARTESIAN_POINT('',(0.0086657404234375,0.0150095026985972,0.0412088541666666));
#1329=CARTESIAN_POINT('',(9.8400718123956E-20,0.0200126702647962,0.0414734375));
#1330=CARTESIAN_POINT('',(-0.00866574042343749,0.0150095026985972,0.0417380208333333));
#1331=CARTESIAN_POINT('',(-0.017331480846875,0.0100063351323981,0.0420026041666667));
#1332=CARTESIAN_POINT('',(-0.017331480846875,8.02309607639273E-18,0.0422671875));
#1333=CARTESIAN_POINT('',(-0.017331480846875,-0.0100063351323981,0.0425317708333333));
#1334=CARTESIAN_POINT('',(-0.00866574042343751,-0.0150095026985972,0.0427963541666667));
#1335=CARTESIAN_POINT('',(-4.80328979831087E-18,-0.0200126702647962,0.0430609375));
#1336=CARTESIAN_POINT('',(0.00866574042343749,-0.0150095026985972,0.0433255208333334));
#1337=CARTESIAN_POINT('',(0.017331480846875,-0.0100063351323981,0.0435901041666667));
#1338=CARTESIAN_POINT('',(0.017331480846875,5.90060182203182E-18,0.0438546875));
#1339=CARTESIAN_POINT('',(0.017331480846875,0.0100063351323981,0.0441192708333333));
#1340=CARTESIAN_POINT('',(0.0086657404234375,0.0150095026985972,0.0443838541666667));
#1341=CARTESIAN_POINT('',(9.8400718123956E-20,0.0200126702647962,0.0446484375));
#1342=CARTESIAN_POINT('',(-0.00866574042343749,0.0150095026985972,0.0449130208333334));
#1343=CARTESIAN_POINT('',(-0.017331480846875,0.0100063351323981,0.0451776041666667));
#1344=CARTESIAN_POINT('',(-0.017331480846875,8.02309607639273E-18,0.0454421875));
#1345=CARTESIAN_POINT('',(-0.017331480846875,-0.0100063351323981,0.0457067708333333));
#1346=CARTESIAN_POINT('',(-0.00866574042343751,-0.0150095026985972,0.0459713541666667));
#1347=CARTESIAN_POINT('',(-4.80328979831087E-18,-0.0200126702647962,0.0462359375));
#1348=CARTESIAN_POINT('',(0.00866574042343749,-0.0150095026985972,0.0465005208333333));
#1349=CARTESIAN_POINT('',(0.017331480846875,-0.0100063351323981,0.0467651041666667));
#1350=CARTESIAN_POINT('',(0.017331480846875,5.90060182203182E-18,0.0470296875));
#1351=CARTESIAN_POINT('',(0.017331480846875,0.0100063351323981,0.0472942708333333));
#1352=CARTESIAN_POINT('',(0.0086657404234375,0.0150095026985972,0.0475588541666667));
#1353=CARTESIAN_POINT('',(9.8400718123956E-20,0.0200126702647962,0.0478234375));
#1354=CARTESIAN_POINT('',(-0.00866574042343749,0.0150095026985972,0.0480880208333333));
#1355=CARTESIAN_POINT('',(-0.017331480846875,0.0100063351323981,0.0483526041666667));
#1356=CARTESIAN_POINT('',(-0.017331480846875,8.02309607639273E-18,0.0486171875));
#1357=CARTESIAN_POINT('',(-0.017331480846875,-0.0100063351323981,0.0488817708333333));
#1358=CARTESIAN_POINT('',(-0.00866574042343751,-0.0150095026985972,0.0491463541666667));
#1359=CARTESIAN_POINT('',(-4.80328979831087E-18,-0.0200126702647962,0.0494109375));
#1360=CARTESIAN_POINT('',(0.00866574042343749,-0.0150095026985972,0.0496755208333333));
#1361=CARTESIAN_POINT('',(0.017331480846875,-0.0100063351323981,0.0499401041666667));
#1362=CARTESIAN_POINT('',(0.017331480846875,5.90060182203182E-18,0.0502046875));
#1363=CARTESIAN_POINT('',(0.017331480846875,0.0100063351323981,0.0504692708333333));
#1364=CARTESIAN_POINT('',(0.0086657404234375,0.0150095026985972,0.0507338541666667));
#1365=CARTESIAN_POINT('',(0.00656589987892425,0.0162218462022272,0.0507979667275776));
#1366=CARTESIAN_POINT('',(0.00421397475105251,0.0168113843910336,0.0508697759625276));
#1367=CARTESIAN_POINT('',(-0.0170870692341285,8.02309607639273E-18,0.0393214930558844));
#1368=CARTESIAN_POINT('',(-0.0170870692341285,-0.00986522402198587,0.0395860763892178));
#1369=CARTESIAN_POINT('',(-0.00854353461706426,-0.0147978360329788,0.0398506597225511));
#1370=CARTESIAN_POINT('',(-4.78600867134183E-18,-0.0197304480439717,0.0401152430558844));
#1371=CARTESIAN_POINT('',(0.00854353461706425,-0.0147978360329788,0.0403798263892178));
#1372=CARTESIAN_POINT('',(0.0170870692341285,-0.00986522402198587,0.0406444097225511));
#1373=CARTESIAN_POINT('',(0.0170870692341285,5.93053361195426E-18,0.0409089930558844));
#1374=CARTESIAN_POINT('',(0.0170870692341285,0.00986522402198588,0.0411735763892178));
#1375=CARTESIAN_POINT('',(0.00854353461706426,0.0147978360329788,0.0414381597225511));
#1376=CARTESIAN_POINT('',(4.65573372168074E-20,0.0197304480439718,0.0417027430558845));
#1377=CARTESIAN_POINT('',(-0.00854353461706425,0.0147978360329788,0.0419673263892177));
#1378=CARTESIAN_POINT('',(-0.0170870692341285,0.0098652240219859,0.0422319097225511));
#1379=CARTESIAN_POINT('',(-0.0170870692341285,8.02309607639273E-18,0.0424964930558844));
#1380=CARTESIAN_POINT('',(-0.0170870692341285,-0.00986522402198587,0.0427610763892177));
#1381=CARTESIAN_POINT('',(-0.00854353461706426,-0.0147978360329788,0.0430256597225511));
#1382=CARTESIAN_POINT('',(-4.78600867134183E-18,-0.0197304480439717,0.0432902430558845));
#1383=CARTESIAN_POINT('',(0.00854353461706425,-0.0147978360329788,0.0435548263892177));
#1384=CARTESIAN_POINT('',(0.0170870692341285,-0.00986522402198587,0.0438194097225511));
#1385=CARTESIAN_POINT('',(0.0170870692341285,5.93053361195426E-18,0.0440839930558844));
#1386=CARTESIAN_POINT('',(0.0170870692341285,0.00986522402198588,0.0443485763892178));
#1387=CARTESIAN_POINT('',(0.00854353461706426,0.0147978360329788,0.0446131597225511));
#1388=CARTESIAN_POINT('',(4.65573372168074E-20,0.0197304480439718,0.0448777430558845));
#1389=CARTESIAN_POINT('',(-0.00854353461706425,0.0147978360329788,0.0451423263892178));
#1390=CARTESIAN_POINT('',(-0.0170870692341285,0.0098652240219859,0.0454069097225511));
#1391=CARTESIAN_POINT('',(-0.0170870692341285,8.02309607639273E-18,0.0456714930558844));
#1392=CARTESIAN_POINT('',(-0.0170870692341285,-0.00986522402198587,0.0459360763892178));
#1393=CARTESIAN_POINT('',(-0.00854353461706426,-0.0147978360329788,0.0462006597225511));
#1394=CARTESIAN_POINT('',(-4.78600867134183E-18,-0.0197304480439717,0.0464652430558844));
#1395=CARTESIAN_POINT('',(0.00854353461706425,-0.0147978360329788,0.0467298263892178));
#1396=CARTESIAN_POINT('',(0.0170870692341285,-0.00986522402198587,0.0469944097225511));
#1397=CARTESIAN_POINT('',(0.0170870692341285,5.93053361195426E-18,0.0472589930558844));
#1398=CARTESIAN_POINT('',(0.0170870692341285,0.00986522402198588,0.0475235763892178));
#1399=CARTESIAN_POINT('',(0.00854353461706426,0.0147978360329788,0.0477881597225511));
#1400=CARTESIAN_POINT('',(4.65573372168074E-20,0.0197304480439718,0.0480527430558844));
#1401=CARTESIAN_POINT('',(-0.00854353461706425,0.0147978360329788,0.0483173263892177));
#1402=CARTESIAN_POINT('',(-0.0170870692341285,0.0098652240219859,0.0485819097225511));
#1403=CARTESIAN_POINT('',(-0.0170870692341285,8.02309607639273E-18,0.0488464930558844));
#1404=CARTESIAN_POINT('',(-0.0170870692341285,-0.00986522402198587,0.0491110763892178));
#1405=CARTESIAN_POINT('',(-0.00854353461706426,-0.0147978360329788,0.0493756597225511));
#1406=CARTESIAN_POINT('',(-4.78600867134183E-18,-0.0197304480439717,0.0496402430558845));
#1407=CARTESIAN_POINT('',(0.00854353461706425,-0.0147978360329788,0.0499048263892177));
#1408=CARTESIAN_POINT('',(0.0170870692341285,-0.00986522402198587,0.0501694097225511));
#1409=CARTESIAN_POINT('',(0.0170870692341285,5.93053361195426E-18,0.0504339930558844));
#1410=CARTESIAN_POINT('',(0.0170870692341285,0.00986522402198588,0.0506985763892178));
#1411=CARTESIAN_POINT('',(0.00854353461706426,0.0147978360329788,0.0509631597225511));
#1412=CARTESIAN_POINT('',(0.00647330639584464,0.0159930828537839,0.051027272283462));
#1413=CARTESIAN_POINT('',(0.0041545485327116,0.0165743072706296,0.0510990815184121));
#1414=CARTESIAN_POINT('',(-0.0170870692341285,8.02309607639273E-18,0.0396566319441156));
#1415=CARTESIAN_POINT('',(-0.0170870692341285,-0.00986522402198587,0.039921215277449));
#1416=CARTESIAN_POINT('',(-0.00854353461706426,-0.0147978360329788,0.0401857986107823));
#1417=CARTESIAN_POINT('',(-4.78600867134183E-18,-0.0197304480439717,0.0404503819441156));
#1418=CARTESIAN_POINT('',(0.00854353461706425,-0.0147978360329788,0.0407149652774489));
#1419=CARTESIAN_POINT('',(0.0170870692341285,-0.00986522402198587,0.0409795486107822));
#1420=CARTESIAN_POINT('',(0.0170870692341285,5.93053361195426E-18,0.0412441319441155));
#1421=CARTESIAN_POINT('',(0.0170870692341285,0.00986522402198588,0.0415087152774489));
#1422=CARTESIAN_POINT('',(0.00854353461706426,0.0147978360329788,0.0417732986107822));
#1423=CARTESIAN_POINT('',(4.65573372168074E-20,0.0197304480439718,0.0420378819441156));
#1424=CARTESIAN_POINT('',(-0.00854353461706425,0.0147978360329788,0.0423024652774489));
#1425=CARTESIAN_POINT('',(-0.0170870692341285,0.0098652240219859,0.0425670486107823));
#1426=CARTESIAN_POINT('',(-0.0170870692341285,8.02309607639273E-18,0.0428316319441156));
#1427=CARTESIAN_POINT('',(-0.0170870692341285,-0.00986522402198587,0.0430962152774489));
#1428=CARTESIAN_POINT('',(-0.00854353461706426,-0.0147978360329788,0.0433607986107822));
#1429=CARTESIAN_POINT('',(-4.78600867134183E-18,-0.0197304480439717,0.0436253819441156));
#1430=CARTESIAN_POINT('',(0.00854353461706425,-0.0147978360329788,0.0438899652774489));
#1431=CARTESIAN_POINT('',(0.0170870692341285,-0.00986522402198587,0.0441545486107823));
#1432=CARTESIAN_POINT('',(0.0170870692341285,5.93053361195426E-18,0.0444191319441156));
#1433=CARTESIAN_POINT('',(0.0170870692341285,0.00986522402198588,0.0446837152774489));
#1434=CARTESIAN_POINT('',(0.00854353461706426,0.0147978360329788,0.0449482986107822));
#1435=CARTESIAN_POINT('',(4.65573372168074E-20,0.0197304480439718,0.0452128819441156));
#1436=CARTESIAN_POINT('',(-0.00854353461706425,0.0147978360329788,0.0454774652774489));
#1437=CARTESIAN_POINT('',(-0.0170870692341285,0.0098652240219859,0.0457420486107823));
#1438=CARTESIAN_POINT('',(-0.0170870692341285,8.02309607639273E-18,0.0460066319441155));
#1439=CARTESIAN_POINT('',(-0.0170870692341285,-0.00986522402198587,0.0462712152774489));
#1440=CARTESIAN_POINT('',(-0.00854353461706426,-0.0147978360329788,0.0465357986107822));
#1441=CARTESIAN_POINT('',(-4.78600867134183E-18,-0.0197304480439717,0.0468003819441156));
#1442=CARTESIAN_POINT('',(0.00854353461706425,-0.0147978360329788,0.0470649652774489));
#1443=CARTESIAN_POINT('',(0.0170870692341285,-0.00986522402198587,0.0473295486107822));
#1444=CARTESIAN_POINT('',(0.0170870692341285,5.93053361195426E-18,0.0475941319441155));
#1445=CARTESIAN_POINT('',(0.0170870692341285,0.00986522402198588,0.0478587152774489));
#1446=CARTESIAN_POINT('',(0.00854353461706426,0.0147978360329788,0.0481232986107822));
#1447=CARTESIAN_POINT('',(4.65573372168074E-20,0.0197304480439718,0.0483878819441156));
#1448=CARTESIAN_POINT('',(-0.00854353461706425,0.0147978360329788,0.0486524652774489));
#1449=CARTESIAN_POINT('',(-0.0170870692341285,0.0098652240219859,0.0489170486107822));
#1450=CARTESIAN_POINT('',(-0.0170870692341285,8.02309607639273E-18,0.0491816319441156));
#1451=CARTESIAN_POINT('',(-0.0170870692341285,-0.00986522402198587,0.049446215277449));
#1452=CARTESIAN_POINT('',(-0.00854353461706426,-0.0147978360329788,0.0497107986107822));
#1453=CARTESIAN_POINT('',(-4.78600867134183E-18,-0.0197304480439717,0.0499753819441156));
#1454=CARTESIAN_POINT('',(0.00854353461706425,-0.0147978360329788,0.0502399652774489));
#1455=CARTESIAN_POINT('',(0.0170870692341285,-0.00986522402198587,0.0505045486107823));
#1456=CARTESIAN_POINT('',(0.0170870692341285,5.93053361195426E-18,0.0507691319441156));
#1457=CARTESIAN_POINT('',(0.0170870692341285,0.00986522402198588,0.0510337152774489));
#1458=CARTESIAN_POINT('',(0.00854353461706426,0.0147978360329788,0.0512982986107823));
#1459=CARTESIAN_POINT('',(0.00647330639584464,0.0159930828537839,0.0513624111716932));
#1460=CARTESIAN_POINT('',(0.0041545485327116,0.0165743072706296,0.0514342204066432));
#1461=CARTESIAN_POINT('',(-0.017331480846875,8.02309607639273E-18,0.0398859375));
#1462=CARTESIAN_POINT('',(-0.017331480846875,-0.0100063351323981,0.0401505208333333));
#1463=CARTESIAN_POINT('',(-0.0086657404234375,-0.0150095026985972,0.0404151041666667));
#1464=CARTESIAN_POINT('',(-4.80328979831087E-18,-0.0200126702647962,0.0406796875));
#1465=CARTESIAN_POINT('',(0.00866574042343749,-0.0150095026985972,0.0409442708333334));
#1466=CARTESIAN_POINT('',(0.017331480846875,-0.0100063351323981,0.0412088541666667));
#1467=CARTESIAN_POINT('',(0.017331480846875,5.90060182203182E-18,0.0414734375));
#1468=CARTESIAN_POINT('',(0.017331480846875,0.0100063351323981,0.0417380208333333));
#1469=CARTESIAN_POINT('',(0.0086657404234375,0.0150095026985972,0.0420026041666667));
#1470=CARTESIAN_POINT('',(9.84007181239552E-20,0.0200126702647962,0.0422671875));
#1471=CARTESIAN_POINT('',(-0.00866574042343749,0.0150095026985972,0.0425317708333334));
#1472=CARTESIAN_POINT('',(-0.017331480846875,0.0100063351323981,0.0427963541666667));
#1473=CARTESIAN_POINT('',(-0.017331480846875,8.02309607639273E-18,0.0430609375));
#1474=CARTESIAN_POINT('',(-0.017331480846875,-0.0100063351323981,0.0433255208333333));
#1475=CARTESIAN_POINT('',(-0.0086657404234375,-0.0150095026985972,0.0435901041666667));
#1476=CARTESIAN_POINT('',(-4.80328979831087E-18,-0.0200126702647962,0.0438546875));
#1477=CARTESIAN_POINT('',(0.00866574042343749,-0.0150095026985972,0.0441192708333333));
#1478=CARTESIAN_POINT('',(0.017331480846875,-0.0100063351323981,0.0443838541666667));
#1479=CARTESIAN_POINT('',(0.017331480846875,5.90060182203182E-18,0.0446484375));
#1480=CARTESIAN_POINT('',(0.017331480846875,0.0100063351323981,0.0449130208333333));
#1481=CARTESIAN_POINT('',(0.0086657404234375,0.0150095026985972,0.0451776041666667));
#1482=CARTESIAN_POINT('',(9.84007181239552E-20,0.0200126702647962,0.0454421875));
#1483=CARTESIAN_POINT('',(-0.00866574042343749,0.0150095026985972,0.0457067708333333));
#1484=CARTESIAN_POINT('',(-0.017331480846875,0.0100063351323981,0.0459713541666667));
#1485=CARTESIAN_POINT('',(-0.017331480846875,8.02309607639273E-18,0.0462359375));
#1486=CARTESIAN_POINT('',(-0.017331480846875,-0.0100063351323981,0.0465005208333333));
#1487=CARTESIAN_POINT('',(-0.0086657404234375,-0.0150095026985972,0.0467651041666667));
#1488=CARTESIAN_POINT('',(-4.80328979831087E-18,-0.0200126702647962,0.0470296875));
#1489=CARTESIAN_POINT('',(0.00866574042343749,-0.0150095026985972,0.0472942708333333));
#1490=CARTESIAN_POINT('',(0.017331480846875,-0.0100063351323981,0.0475588541666667));
#1491=CARTESIAN_POINT('',(0.017331480846875,5.90060182203182E-18,0.0478234375));
#1492=CARTESIAN_POINT('',(0.017331480846875,0.0100063351323981,0.0480880208333333));
#1493=CARTESIAN_POINT('',(0.0086657404234375,0.0150095026985972,0.0483526041666667));
#1494=CARTESIAN_POINT('',(9.84007181239552E-20,0.0200126702647962,0.0486171875));
#1495=CARTESIAN_POINT('',(-0.00866574042343749,0.0150095026985972,0.0488817708333333));
#1496=CARTESIAN_POINT('',(-0.017331480846875,0.0100063351323981,0.0491463541666667));
#1497=CARTESIAN_POINT('',(-0.017331480846875,8.02309607639273E-18,0.0494109375));
#1498=CARTESIAN_POINT('',(-0.017331480846875,-0.0100063351323981,0.0496755208333333));
#1499=CARTESIAN_POINT('',(-0.0086657404234375,-0.0150095026985972,0.0499401041666667));
#1500=CARTESIAN_POINT('',(-4.80328979831087E-18,-0.0200126702647962,0.0502046875));
#1501=CARTESIAN_POINT('',(0.00866574042343749,-0.0150095026985972,0.0504692708333333));
#1502=CARTESIAN_POINT('',(0.017331480846875,-0.0100063351323981,0.0507338541666667));
#1503=CARTESIAN_POINT('',(0.017331480846875,5.90060182203182E-18,0.0509984375));
#1504=CARTESIAN_POINT('',(0.017331480846875,0.0100063351323981,0.0512630208333333));
#1505=CARTESIAN_POINT('',(0.0086657404234375,0.0150095026985972,0.0515276041666667));
#1506=CARTESIAN_POINT('',(0.00656589987892425,0.0162218462022272,0.0515917167275776));
#1507=CARTESIAN_POINT('',(0.00421397475105251,0.0168113843910336,0.0516635259625276));
#1508=CARTESIAN_POINT('',(-0.0177038266673906,8.02309607639273E-18,0.0394890625));
#1509=CARTESIAN_POINT('',(-0.017331480846875,8.02309607639273E-18,0.0398859375));
#1510=CARTESIAN_POINT('',(-0.0173397509836969,0.00056709609083894,0.0398694028619831));
#1511=CARTESIAN_POINT('',(-0.0173201491690003,0.00113513863309222,0.0398528613490091));
#1512=CARTESIAN_POINT('',(-0.0170830020462385,0.0039650595165341,0.0397701977988227));
#1513=CARTESIAN_POINT('',(-0.0164423252164076,0.00619758835928556,0.0397040241197368));
#1514=CARTESIAN_POINT('',(-0.0143468679451403,0.0102585499844239,0.0395717623157217));
#1515=CARTESIAN_POINT('',(-0.0128922467385731,0.0120862253957498,0.0395055887963411));
#1516=CARTESIAN_POINT('',(-0.00938221182678129,0.0150527210741272,0.0393733268685983));
#1517=CARTESIAN_POINT('',(-0.00732724309348146,0.0161908962195363,0.0393071535080943));
#1518=CARTESIAN_POINT('',(-0.00292433204877266,0.0175959787036,0.0391748914566099));
#1519=CARTESIAN_POINT('',(-0.000577057555452632,0.017862457523223,0.0391087182507887));
#1520=CARTESIAN_POINT('',(0.00405426601514729,0.0174732085400097,0.0389764560823668));
#1521=CARTESIAN_POINT('',(0.00633752396370203,0.0168173415799905,0.0389102830299406));
#1522=CARTESIAN_POINT('',(0.0104903037397111,0.0146732257213399,0.0387780207387345));
#1523=CARTESIAN_POINT('',(0.0123590324766046,0.0131851559935443,0.0387118478390216));
#1524=CARTESIAN_POINT('',(0.0153917333009512,0.00959502676781682,0.0385795854306919));
#1525=CARTESIAN_POINT('',(0.0165550348845096,0.00749344432210677,0.0385134126805949));
#1526=CARTESIAN_POINT('',(0.0179906286269206,0.00299119912834782,0.0383811501541735));
#1527=CARTESIAN_POINT('',(0.0182624810829595,0.000591243545849608,0.0383149775529616));
#1528=CARTESIAN_POINT('',(0.0178634036623351,-0.00414352856962222,0.0381827149093861));
#1529=CARTESIAN_POINT('',(0.0171923393493506,-0.00647751334008372,0.0381165424525211));
#1530=CARTESIAN_POINT('',(0.014999552010565,-0.0107221042062743,0.0379842796984925));
#1531=CARTESIAN_POINT('',(0.0134780280488655,-0.0126318814683637,0.0379181073868619));
#1532=CARTESIAN_POINT('',(0.00980779543457747,-0.0157307761448937,0.0377858445124888));
#1533=CARTESIAN_POINT('',(0.007659595892312,-0.0169191976507643,0.0377196723488933));
#1534=CARTESIAN_POINT('',(0.00305801254970176,-0.0183852889476687,0.0375874093570868));
#1535=CARTESIAN_POINT('',(0.000605375256545442,-0.0186625078350366,0.0375212373375334));
#1536=CARTESIAN_POINT('',(-0.00423284387575472,-0.0182535880016738,0.0373889742320214));
#1537=CARTESIAN_POINT('',(-0.00661755331969556,-0.017567319548999,0.0373228023535127));
#1538=CARTESIAN_POINT('',(-0.0109539486073736,-0.0153258485741702,0.0371905391352493));
#1539=CARTESIAN_POINT('',(-0.0129047698781513,-0.0137708650146474,0.0371243673958142));
#1540=CARTESIAN_POINT('',(-0.0160698477619699,-0.0100205204717126,0.0369921040665007));
#1541=CARTESIAN_POINT('',(-0.0172833830457234,-0.0078257006485575,0.0369259324622653));
#1542=CARTESIAN_POINT('',(-0.0185928870031546,-0.00371239105808949,0.036810201956134));
#1543=CARTESIAN_POINT('',(-0.018893674610004,-0.00186271952211931,0.0367605729102689));
#1544=CARTESIAN_POINT('',(-0.018919027782282,-5.39249449611819E-6,0.0367109745215144));
#1545=CARTESIAN_POINT('',(-0.0170870692341285,8.02309607639273E-18,0.0396566319441156));
#1546=CARTESIAN_POINT('',(-0.0170953391271535,0.000559092573704316,0.0396400975655224));
#1547=CARTESIAN_POINT('',(-0.0170761301716585,0.00111915080578192,0.0396235553332273));
#1548=CARTESIAN_POINT('',(-0.0168429023626925,0.00390924653589489,0.0395408944494543));
#1549=CARTESIAN_POINT('',(-0.0162116769749717,0.00611062557367939,0.0394747168123402));
#1550=CARTESIAN_POINT('',(-0.0141463946455797,0.0101151151742506,0.0393424592630443));
#1551=CARTESIAN_POINT('',(-0.0127124244818693,0.0119176275104449,0.0392762818112682));
#1552=CARTESIAN_POINT('',(-0.0092518762202904,0.0148434942439353,0.0391440241264764));
#1553=CARTESIAN_POINT('',(-0.00722561521561481,0.0159663227899409,0.0390778468589989));
#1554=CARTESIAN_POINT('',(-0.00288397098089631,0.0173528030974516,0.0389455890385611));
#1555=CARTESIAN_POINT('',(-0.000569091761249549,0.0176160875518493,0.0388794119505028));
#1556=CARTESIAN_POINT('',(0.00399850936685015,0.0172330945085049,0.0387471540019753));
#1557=CARTESIAN_POINT('',(0.00625061491237911,0.0165866716741128,0.0386809770917888));
#1558=CARTESIAN_POINT('',(0.010346914975553,0.0144727179142452,0.0385487190083506));
#1559=CARTESIAN_POINT('',(0.0121904754848912,0.0130052935270449,0.0384825422751526));
#1560=CARTESIAN_POINT('',(0.0151825354598843,0.00946464212898064,0.0383502840631248));
#1561=CARTESIAN_POINT('',(0.0163304835691315,0.00739176415498478,0.0382841075033055));
#1562=CARTESIAN_POINT('',(0.0177474609017569,0.00295078222475871,0.0381518491613898));
#1563=CARTESIAN_POINT('',(0.0180161114704797,0.000583221548343001,0.0380856727740466));
#1564=CARTESIAN_POINT('',(0.0176232756305325,-0.00408782596326641,0.0379534143031752));
#1565=CARTESIAN_POINT('',(0.016961648426342,-0.00639065581116784,0.0378872380830362));
#1566=CARTESIAN_POINT('',(0.0147990108768012,-0.0105787595359065,0.0377549794907259));
#1567=CARTESIAN_POINT('',(0.0132981267966234,-0.0124633636024534,0.0376888034387374));
#1568=CARTESIAN_POINT('',(0.00967736357561193,-0.0155216059637836,0.0375565447135229));
#1569=CARTESIAN_POINT('',(0.00755786539919238,-0.0166946673792826,0.0374903688328232));
#1570=CARTESIAN_POINT('',(0.00301754196132332,-0.0181421285794163,0.0373581099778923));
#1571=CARTESIAN_POINT('',(0.000597299246195254,-0.0184161383498655,0.0372919342638494));
#1572=CARTESIAN_POINT('',(-0.00417719315642443,-0.0180134463053144,0.0371596752833258));
#1573=CARTESIAN_POINT('',(-0.00653074523238063,-0.0173366082250236,0.0370934997324512));
#1574=CARTESIAN_POINT('',(-0.0108106461974375,-0.0151252752344564,0.0369612406272884));
#1575=CARTESIAN_POINT('',(-0.0127362894782328,-0.0135909263242249,0.0368950652372671));
#1576=CARTESIAN_POINT('',(-0.0158607039955612,-0.0098900431046825,0.0367628060092819));
#1577=CARTESIAN_POINT('',(-0.0170588728177811,-0.00772392168315944,0.0366966307756281));
#1578=CARTESIAN_POINT('',(-0.0183520639138045,-0.00366421172322356,0.0365809038483408));
#1579=CARTESIAN_POINT('',(-0.0186492806937255,-0.00183849357822613,0.0365312715642772));
#1580=CARTESIAN_POINT('',(-0.0186746103847419,-5.17392333267348E-6,0.0364816752358392));
#1581=CARTESIAN_POINT('',(-0.0170870692341285,8.02309607639273E-18,0.0393214930558844));
#1582=CARTESIAN_POINT('',(-0.0170953387698877,0.000559096416426401,0.039304958677799));
#1583=CARTESIAN_POINT('',(-0.0170761304219061,0.00111915855840422,0.039288416445063));
#1584=CARTESIAN_POINT('',(-0.0168428951997363,0.00390927295516763,0.0392057555619509));
#1585=CARTESIAN_POINT('',(-0.0162116658245046,0.00611066749740123,0.0391395779264041));
#1586=CARTESIAN_POINT('',(-0.014146350714782,0.0101151741125063,0.0390073203823701));
#1587=CARTESIAN_POINT('',(-0.0127123663447933,0.0119176951943354,0.038941142934175));
#1588=CARTESIAN_POINT('',(-0.00925177407549035,0.0148435556414522,0.0388088852587004));
#1589=CARTESIAN_POINT('',(-0.00722549393989181,0.0159663813858315,0.0387427079967621));
#1590=CARTESIAN_POINT('',(-0.00288380844677077,0.0173528276604137,0.0386104501895797));
#1591=CARTESIAN_POINT('',(-0.000568912257517822,0.017616096219241,0.038544273108963));
#1592=CARTESIAN_POINT('',(0.0039987123969955,0.0172330443950246,0.0384120151774921));
#1593=CARTESIAN_POINT('',(0.00625082560322148,0.0165865947684479,0.0383458382765926));
#1594=CARTESIAN_POINT('',(0.0103471190956359,0.0144725677337779,0.038213580213908));
#1595=CARTESIAN_POINT('',(0.01219067253294,0.0130051112631385,0.038147403491776));
#1596=CARTESIAN_POINT('',(0.0151826893025425,0.00946438777323608,0.0380151453040922));
#1597=CARTESIAN_POINT('',(0.0163306133691176,0.00739148031941203,0.0379489687570583));
#1598=CARTESIAN_POINT('',(0.0177475122612444,0.00295044544912434,0.0378167104429686));
#1599=CARTESIAN_POINT('',(0.0180161235869195,0.000582866393877133,0.0377505340700783));
#1600=CARTESIAN_POINT('',(0.0176231839290579,-0.00408819848775133,0.037618275630404));
#1601=CARTESIAN_POINT('',(0.0169615080481304,-0.00639102843229497,0.0375520994263492));
#1602=CARTESIAN_POINT('',(0.0147987583707969,-0.0105791028773542,0.0374198408684762));
#1603=CARTESIAN_POINT('',(0.0132978250620398,-0.0124636846555223,0.0373536648341558));
#1604=CARTESIAN_POINT('',(0.00967696282920034,-0.0155218483103929,0.03722140614654));
#1605=CARTESIAN_POINT('',(0.00755742526252214,-0.0166948652642782,0.0371552302850334));
#1606=CARTESIAN_POINT('',(0.00301703772754333,-0.0181422053466079,0.0370229714707638));
#1607=CARTESIAN_POINT('',(0.000596775313058682,-0.0184161534399098,0.0369567957773862));
#1608=CARTESIAN_POINT('',(-0.00417772847852935,-0.0180133143121132,0.0368245368405044));
#1609=CARTESIAN_POINT('',(-0.00653127335033986,-0.0173364065342743,0.0367583613117204));
#1610=CARTESIAN_POINT('',(-0.0108111231560684,-0.0151249241116384,0.0366261022530774));
#1611=CARTESIAN_POINT('',(-0.0127367294978976,-0.0135905095139834,0.0365599268865311));
#1612=CARTESIAN_POINT('',(-0.0158610311449855,-0.00988950145760618,0.0364276677078582));
#1613=CARTESIAN_POINT('',(-0.0170591358624223,-0.00772333114767369,0.0363614924990098));
#1614=CARTESIAN_POINT('',(-0.0183521850625543,-0.00366355577032934,0.0362457656172542));
#1615=CARTESIAN_POINT('',(-0.0186493422610374,-0.00183781976229041,0.0361961333652197));
#1616=CARTESIAN_POINT('',(-0.0186746017445601,-4.49054484676718E-6,0.0361465370444554));
#1617=CARTESIAN_POINT('',(-0.017331480846875,8.02309607639273E-18,0.0390921875));
#1618=CARTESIAN_POINT('',(-0.0173397501375525,0.000567105191880854,0.0390756528631727));
#1619=CARTESIAN_POINT('',(-0.017320149761692,0.00113515699456613,0.0390591113491643));
#1620=CARTESIAN_POINT('',(-0.0170829850813424,0.00396512208849595,0.0389764478005596));
#1621=CARTESIAN_POINT('',(-0.0164422988074069,0.00619768765231061,0.0389102741251835));
#1622=CARTESIAN_POINT('',(-0.0143467638985135,0.0102586895750302,0.0387780123336086));
#1623=CARTESIAN_POINT('',(-0.0128921090454986,0.0120863856996965,0.0387118388227293));
#1624=CARTESIAN_POINT('',(-0.00938196990488538,0.0150528664893036,0.0385795769170359));
#1625=CARTESIAN_POINT('',(-0.0073269558615063,0.0161910349992786,0.0385134035696637));
#1626=CARTESIAN_POINT('',(-0.00292394709952627,0.0175960368790354,0.0383811415495662));
#1627=CARTESIAN_POINT('',(-0.000576632415034697,0.0178624780512605,0.0383149683613659));
#1628=CARTESIAN_POINT('',(0.00405474687601892,0.0174730898501834,0.0381827062333562));
#1629=CARTESIAN_POINT('',(0.00633802296832963,0.0168171594349916,0.0381165332029178));
#1630=CARTESIAN_POINT('',(0.0104907871820136,0.0146728700307615,0.0379842709608657));
#1631=CARTESIAN_POINT('',(0.0123594991693543,0.0131847243158662,0.0379180980873683));
#1632=CARTESIAN_POINT('',(0.0153920976651409,0.00959442434631953,0.0377858357366813));
#1633=CARTESIAN_POINT('',(0.0165553423055334,0.00749277207995559,0.0377196630168879));
#1634=CARTESIAN_POINT('',(0.0179907502678088,0.00299040150184765,0.0375874005563399));
#1635=CARTESIAN_POINT('',(0.0182625097797777,0.00059040239053381,0.0375212279893883));
#1636=CARTESIAN_POINT('',(0.017863186474645,-0.00414441086445639,0.0373889654196713));
#1637=CARTESIAN_POINT('',(0.0171920068746254,-0.00647839586380588,0.0373227930008994));
#1638=CARTESIAN_POINT('',(0.0149989539700398,-0.0107229173833907,0.0371905303284642));
#1639=CARTESIAN_POINT('',(0.0134773134143245,-0.0126326418572127,0.0371243580586425));
#1640=CARTESIAN_POINT('',(0.00980684629833714,-0.015731350123706,0.0369920952733609));
#1641=CARTESIAN_POINT('',(0.00765855346335476,-0.0169196663257521,0.0369259231551885));
#1642=CARTESIAN_POINT('',(0.00305681831179881,-0.018385470764704,0.036793660259712));
#1643=CARTESIAN_POINT('',(0.000604134362272376,-0.0186625435746244,0.0367274882890722));
#1644=CARTESIAN_POINT('',(-0.00423411174390064,-0.0182532753861877,0.036595225286956));
#1645=CARTESIAN_POINT('',(-0.00661880412539094,-0.0175668418603882,0.0365290534607338));
#1646=CARTESIAN_POINT('',(-0.0109550782462386,-0.0153250169674873,0.0363967903526821));
#1647=CARTESIAN_POINT('',(-0.012905812029998,-0.0137698778324918,0.0363306186688202));
#1648=CARTESIAN_POINT('',(-0.0160706225895485,-0.0100192376233742,0.0361983554563167));
#1649=CARTESIAN_POINT('',(-0.0172840060461928,-0.00782430201187809,0.036132183910832));
#1650=CARTESIAN_POINT('',(-0.0185931739344033,-0.00371083748544215,0.0360164535125217));
#1651=CARTESIAN_POINT('',(-0.0188938204269948,-0.00186112364141176,0.0359668245421228));
#1652=CARTESIAN_POINT('',(-0.0189190073186937,-3.7739665000057E-6,0.0359172261719422));
#1653=CARTESIAN_POINT('',(0.,0.,0.));
#1654=CARTESIAN_POINT('',(0.,-6.76556124188955E-19,0.));
#1655=CARTESIAN_POINT('',(-0.011049,-6.76556124188955E-19,0.));
#1656=CARTESIAN_POINT('',(-0.01905,8.02309607639273E-18,-1.73472347597681E-18));
#1657=CARTESIAN_POINT('',(-0.0189876780974135,0.00149572566861259,-1.73472347597681E-18));
#1658=CARTESIAN_POINT('',(-0.01849968687804,0.00445580960668032,1.57355471136568E-18));
#1659=CARTESIAN_POINT('',(-0.0167578088933222,0.00856216943809979,-2.90535627581468E-18));
#1660=CARTESIAN_POINT('',(-0.0145067348255806,0.0115732720951167,-1.25608949258419E-18));
#1661=CARTESIAN_POINT('',(-0.0123512383782107,0.0135810845497795,9.30921027071872E-19));
#1662=CARTESIAN_POINT('',(-0.00992500515111459,0.0153492839806505,2.43469462021225E-18));
#1663=CARTESIAN_POINT('',(-0.00727148477621768,0.0166332441148351,-1.77597339313786E-18));
#1664=CARTESIAN_POINT('',(-0.00436685294840923,0.0174057159617207,-1.79453522986622E-18));
#1665=CARTESIAN_POINT('',(-0.00144596118605627,0.0177991034443646,-5.04151944995488E-19));
#1666=CARTESIAN_POINT('',(0.00231469101554681,0.0175927384770894,2.43945394985143E-18));
#1667=CARTESIAN_POINT('',(0.00514336230540086,0.016694134994846,-2.33550778542746E-19));
#1668=CARTESIAN_POINT('',(0.00649930531757809,0.0160667127544653,-2.33550778542746E-19));
#1669=CARTESIAN_POINT('',(0.00649930531757807,0.0160667127544653,8.60726464741804E-19));
#1670=CARTESIAN_POINT('',(0.00649930531757807,0.0160667127544653,8.4673091246958E-19));
#1671=CARTESIAN_POINT('',(0.00754839768195671,0.0156050502907158,8.4673091246958E-19));
#1672=CARTESIAN_POINT('',(0.00955125052177948,0.0144996845490405,4.45569685367613E-18));
#1673=CARTESIAN_POINT('',(0.0121947546308231,0.0122828996961922,-1.78740826707304E-17));
#1674=CARTESIAN_POINT('',(0.0143335520364754,0.00964893947590663,2.89989329497436E-17));
#1675=CARTESIAN_POINT('',(0.0159562345054196,0.00660679846516505,-5.45397228225022E-18));
#1676=CARTESIAN_POINT('',(0.0169508615385527,0.00335130784743777,-1.07383768744911E-17));
#1677=CARTESIAN_POINT('',(0.0174281676395824,-0.00119932114905024,6.79730901000754E-17));
#1678=CARTESIAN_POINT('',(0.0167852573632888,-0.00460746590610154,-3.06748597534071E-16));
#1679=CARTESIAN_POINT('',(0.0159749968441449,-0.00672158494517091,-3.06748597534071E-16));
#1680=CARTESIAN_POINT('',(0.0159749968441451,-0.006721584945171,-2.74903228769679E-19));
#1681=CARTESIAN_POINT('',(-0.0135926606142641,-0.0133469875786798,-2.3801060791647E-18));
#1682=CARTESIAN_POINT('',(-0.0124960242382005,-0.0143644520320369,-2.3801060791647E-18));
#1683=CARTESIAN_POINT('',(-0.0100784948653459,-0.0161370720889421,5.39687163187892E-20));
#1684=CARTESIAN_POINT('',(-0.00451529974804278,-0.0184675771406678,3.73139249325473E-18));
#1685=CARTESIAN_POINT('',(0.00159391709143708,-0.0186492497784156,-1.87116844367994E-18));
#1686=CARTESIAN_POINT('',(0.00659017713874401,-0.016893883822393,5.0853157854969E-19));
#1687=CARTESIAN_POINT('',(0.00916471267500479,-0.015424374086775,-1.13465313058234E-19));
#1688=CARTESIAN_POINT('',(0.0115790828046324,-0.0136076315276154,5.40093467282088E-18));
#1689=CARTESIAN_POINT('',(0.0140677157316047,-0.0108383407005754,-2.26667677028001E-18));
#1690=CARTESIAN_POINT('',(0.0154638941997516,-0.00814000122911945,1.49026487175142E-18));
#1691=CARTESIAN_POINT('',(0.0159749968441451,-0.00672158494517099,1.49026487175142E-18));
#1692=CARTESIAN_POINT('',(0.,0.,0.00635));
#1693=CARTESIAN_POINT('',(0.,-6.76556124188955E-19,0.00635));
#1694=CARTESIAN_POINT('',(-0.011049,-6.76556124188955E-19,0.00635));
#1695=CARTESIAN_POINT('',(0.0146637673168829,-0.00923873132101553,-0.000880324634497834));
#1696=CARTESIAN_POINT('',(0.017331480846875,-0.00500452111263757,-0.000727639956576138));
#1697=CARTESIAN_POINT('',(0.017331480846875,5.90060182203182E-18,-0.0005953125));
#1698=CARTESIAN_POINT('',(0.017331480846875,0.0100063351323981,-0.000330729166666667));
#1699=CARTESIAN_POINT('',(0.0086657404234375,0.0150095026985972,-6.61458333333347E-5));
#1700=CARTESIAN_POINT('',(9.84007181239552E-20,0.0200126702647962,0.000198437499999999));
#1701=CARTESIAN_POINT('',(-0.00866574042343749,0.0150095026985972,0.000463020833333333));
#1702=CARTESIAN_POINT('',(-0.017331480846875,0.0100063351323981,0.000727604166666665));
#1703=CARTESIAN_POINT('',(-0.017331480846875,8.02309607639273E-18,0.0009921875));
#1704=CARTESIAN_POINT('',(-0.017331480846875,-0.0100063351323981,0.00125677083333333));
#1705=CARTESIAN_POINT('',(-0.0086657404234375,-0.0150095026985972,0.00152135416666666));
#1706=CARTESIAN_POINT('',(-4.80328979831087E-18,-0.0200126702647962,0.0017859375));
#1707=CARTESIAN_POINT('',(0.00866574042343749,-0.0150095026985972,0.00205052083333333));
#1708=CARTESIAN_POINT('',(0.017331480846875,-0.0100063351323981,0.00231510416666666));
#1709=CARTESIAN_POINT('',(0.017331480846875,5.90060182203182E-18,0.0025796875));
#1710=CARTESIAN_POINT('',(0.017331480846875,0.0100063351323981,0.00284427083333333));
#1711=CARTESIAN_POINT('',(0.0086657404234375,0.0150095026985972,0.00310885416666667));
#1712=CARTESIAN_POINT('',(9.84007181239552E-20,0.0200126702647962,0.0033734375));
#1713=CARTESIAN_POINT('',(-0.00866574042343749,0.0150095026985972,0.00363802083333334));
#1714=CARTESIAN_POINT('',(-0.017331480846875,0.0100063351323981,0.00390260416666666));
#1715=CARTESIAN_POINT('',(-0.017331480846875,8.02309607639273E-18,0.0041671875));
#1716=CARTESIAN_POINT('',(-0.017331480846875,-0.0100063351323981,0.00443177083333333));
#1717=CARTESIAN_POINT('',(-0.0086657404234375,-0.0150095026985972,0.00469635416666667));
#1718=CARTESIAN_POINT('',(-4.80328979831087E-18,-0.0200126702647962,0.0049609375));
#1719=CARTESIAN_POINT('',(0.00866574042343749,-0.0150095026985972,0.00522552083333333));
#1720=CARTESIAN_POINT('',(0.017331480846875,-0.0100063351323981,0.00549010416666667));
#1721=CARTESIAN_POINT('',(0.017331480846875,5.90060182203182E-18,0.0057546875));
#1722=CARTESIAN_POINT('',(0.017331480846875,0.0100063351323981,0.00601927083333334));
#1723=CARTESIAN_POINT('',(0.0086657404234375,0.0150095026985972,0.00628385416666667));
#1724=CARTESIAN_POINT('',(9.84007181239552E-20,0.0200126702647962,0.0065484375));
#1725=CARTESIAN_POINT('',(-0.00866574042343749,0.0150095026985972,0.00681302083333333));
#1726=CARTESIAN_POINT('',(-0.017331480846875,0.0100063351323981,0.00707760416666667));
#1727=CARTESIAN_POINT('',(-0.017331480846875,8.02309607639273E-18,0.0073421875));
#1728=CARTESIAN_POINT('',(-0.017331480846875,-0.0100063351323981,0.00760677083333333));
#1729=CARTESIAN_POINT('',(-0.0086657404234375,-0.0150095026985972,0.00787135416666667));
#1730=CARTESIAN_POINT('',(-4.80328979831087E-18,-0.0200126702647962,0.0081359375));
#1731=CARTESIAN_POINT('',(0.00866574042343749,-0.0150095026985972,0.00840052083333333));
#1732=CARTESIAN_POINT('',(0.017331480846875,-0.0100063351323981,0.00866510416666666));
#1733=CARTESIAN_POINT('',(0.017331480846875,5.90060182203182E-18,0.0089296875));
#1734=CARTESIAN_POINT('',(0.017331480846875,0.0100063351323981,0.00919427083333333));
#1735=CARTESIAN_POINT('',(0.0086657404234375,0.0150095026985972,0.00945885416666667));
#1736=CARTESIAN_POINT('',(9.84007181239552E-20,0.0200126702647962,0.00972343749999999));
#1737=CARTESIAN_POINT('',(-0.00866574042343749,0.0150095026985972,0.00998802083333333));
#1738=CARTESIAN_POINT('',(-0.017331480846875,0.0100063351323981,0.0102526041666667));
#1739=CARTESIAN_POINT('',(-0.017331480846875,8.02309607639273E-18,0.0105171875));
#1740=CARTESIAN_POINT('',(-0.017331480846875,-0.0100063351323981,0.0107817708333333));
#1741=CARTESIAN_POINT('',(-0.0086657404234375,-0.0150095026985972,0.0110463541666667));
#1742=CARTESIAN_POINT('',(-4.80328979831087E-18,-0.0200126702647962,0.0113109375));
#1743=CARTESIAN_POINT('',(0.00866574042343749,-0.0150095026985972,0.0115755208333333));
#1744=CARTESIAN_POINT('',(0.017331480846875,-0.0100063351323981,0.0118401041666666));
#1745=CARTESIAN_POINT('',(0.017331480846875,5.90060182203182E-18,0.0121046875));
#1746=CARTESIAN_POINT('',(0.017331480846875,0.0100063351323981,0.0123692708333333));
#1747=CARTESIAN_POINT('',(0.0086657404234375,0.0150095026985972,0.0126338541666667));
#1748=CARTESIAN_POINT('',(0.00640147395894869,0.0163167775513869,0.0127029869977297));
#1749=CARTESIAN_POINT('',(0.0038523289021772,0.0168979226644888,0.012780817773095));
#1750=CARTESIAN_POINT('',(0.0144569762728559,-0.00910844509551344,-0.000651019078613405));
#1751=CARTESIAN_POINT('',(0.0170870692341285,-0.00493394646947982,-0.000498334400691709));
#1752=CARTESIAN_POINT('',(0.0170870692341285,5.93053361195426E-18,-0.000366006944115571));
#1753=CARTESIAN_POINT('',(0.0170870692341285,0.00986522402198588,-0.000101423610782238));
#1754=CARTESIAN_POINT('',(0.00854353461706426,0.0147978360329788,0.000163159722551095));
#1755=CARTESIAN_POINT('',(4.65573372168075E-20,0.0197304480439718,0.000427743055884429));
#1756=CARTESIAN_POINT('',(-0.00854353461706425,0.0147978360329788,0.000692326389217763));
#1757=CARTESIAN_POINT('',(-0.0170870692341285,0.0098652240219859,0.000956909722551095));
#1758=CARTESIAN_POINT('',(-0.0170870692341285,8.02309607639273E-18,0.00122149305588443));
#1759=CARTESIAN_POINT('',(-0.0170870692341285,-0.00986522402198587,0.00148607638921776));
#1760=CARTESIAN_POINT('',(-0.00854353461706426,-0.0147978360329788,0.00175065972255109));
#1761=CARTESIAN_POINT('',(-4.78600867134182E-18,-0.0197304480439717,0.00201524305588443));
#1762=CARTESIAN_POINT('',(0.00854353461706425,-0.0147978360329788,0.00227982638921776));
#1763=CARTESIAN_POINT('',(0.0170870692341285,-0.00986522402198587,0.0025444097225511));
#1764=CARTESIAN_POINT('',(0.0170870692341285,5.93053361195426E-18,0.00280899305588443));
#1765=CARTESIAN_POINT('',(0.0170870692341285,0.00986522402198588,0.00307357638921776));
#1766=CARTESIAN_POINT('',(0.00854353461706426,0.0147978360329788,0.00333815972255109));
#1767=CARTESIAN_POINT('',(4.65573372168075E-20,0.0197304480439718,0.00360274305588443));
#1768=CARTESIAN_POINT('',(-0.00854353461706425,0.0147978360329788,0.00386732638921776));
#1769=CARTESIAN_POINT('',(-0.0170870692341285,0.0098652240219859,0.00413190972255109));
#1770=CARTESIAN_POINT('',(-0.0170870692341285,8.02309607639273E-18,0.00439649305588443));
#1771=CARTESIAN_POINT('',(-0.0170870692341285,-0.00986522402198587,0.00466107638921776));
#1772=CARTESIAN_POINT('',(-0.00854353461706426,-0.0147978360329788,0.0049256597225511));
#1773=CARTESIAN_POINT('',(-4.78600867134182E-18,-0.0197304480439717,0.00519024305588443));
#1774=CARTESIAN_POINT('',(0.00854353461706425,-0.0147978360329788,0.00545482638921776));
#1775=CARTESIAN_POINT('',(0.0170870692341285,-0.00986522402198587,0.0057194097225511));
#1776=CARTESIAN_POINT('',(0.0170870692341285,5.93053361195426E-18,0.00598399305588443));
#1777=CARTESIAN_POINT('',(0.0170870692341285,0.00986522402198588,0.00624857638921777));
#1778=CARTESIAN_POINT('',(0.00854353461706426,0.0147978360329788,0.00651315972255109));
#1779=CARTESIAN_POINT('',(4.65573372168075E-20,0.0197304480439718,0.00677774305588443));
#1780=CARTESIAN_POINT('',(-0.00854353461706425,0.0147978360329788,0.00704232638921776));
#1781=CARTESIAN_POINT('',(-0.0170870692341285,0.0098652240219859,0.0073069097225511));
#1782=CARTESIAN_POINT('',(-0.0170870692341285,8.02309607639273E-18,0.00757149305588443));
#1783=CARTESIAN_POINT('',(-0.0170870692341285,-0.00986522402198587,0.00783607638921776));
#1784=CARTESIAN_POINT('',(-0.00854353461706426,-0.0147978360329788,0.00810065972255109));
#1785=CARTESIAN_POINT('',(-4.78600867134182E-18,-0.0197304480439717,0.00836524305588442));
#1786=CARTESIAN_POINT('',(0.00854353461706425,-0.0147978360329788,0.00862982638921776));
#1787=CARTESIAN_POINT('',(0.0170870692341285,-0.00986522402198587,0.0088944097225511));
#1788=CARTESIAN_POINT('',(0.0170870692341285,5.93053361195426E-18,0.00915899305588443));
#1789=CARTESIAN_POINT('',(0.0170870692341285,0.00986522402198588,0.00942357638921776));
#1790=CARTESIAN_POINT('',(0.00854353461706426,0.0147978360329788,0.00968815972255109));
#1791=CARTESIAN_POINT('',(4.65573372168075E-20,0.0197304480439718,0.00995274305588443));
#1792=CARTESIAN_POINT('',(-0.00854353461706425,0.0147978360329788,0.0102173263892178));
#1793=CARTESIAN_POINT('',(-0.0170870692341285,0.0098652240219859,0.0104819097225511));
#1794=CARTESIAN_POINT('',(-0.0170870692341285,8.02309607639273E-18,0.0107464930558844));
#1795=CARTESIAN_POINT('',(-0.0170870692341285,-0.00986522402198587,0.0110110763892178));
#1796=CARTESIAN_POINT('',(-0.00854353461706426,-0.0147978360329788,0.0112756597225511));
#1797=CARTESIAN_POINT('',(-4.78600867134182E-18,-0.0197304480439717,0.0115402430558844));
#1798=CARTESIAN_POINT('',(0.00854353461706425,-0.0147978360329788,0.0118048263892178));
#1799=CARTESIAN_POINT('',(0.0170870692341285,-0.00986522402198587,0.0120694097225511));
#1800=CARTESIAN_POINT('',(0.0170870692341285,5.93053361195426E-18,0.0123339930558844));
#1801=CARTESIAN_POINT('',(0.0170870692341285,0.00986522402198588,0.0125985763892178));
#1802=CARTESIAN_POINT('',(0.00854353461706426,0.0147978360329788,0.0128631597225511));
#1803=CARTESIAN_POINT('',(0.00631119923931656,0.016086675464243,0.0129322925536141));
#1804=CARTESIAN_POINT('',(0.00379800267765376,0.0166596251660245,0.0130101233289794));
#1805=CARTESIAN_POINT('',(0.0144569762728559,-0.00910844509551344,-0.000315880190382266));
#1806=CARTESIAN_POINT('',(0.0170870692341285,-0.00493394646947982,-0.00016319551246057));
#1807=CARTESIAN_POINT('',(0.0170870692341285,5.93053361195426E-18,-3.08680558844324E-5));
#1808=CARTESIAN_POINT('',(0.0170870692341285,0.00986522402198588,0.000233715277448901));
#1809=CARTESIAN_POINT('',(0.00854353461706426,0.0147978360329788,0.000498298610782234));
#1810=CARTESIAN_POINT('',(4.65573372168075E-20,0.0197304480439718,0.000762881944115568));
#1811=CARTESIAN_POINT('',(-0.00854353461706425,0.0147978360329788,0.0010274652774489));
#1812=CARTESIAN_POINT('',(-0.0170870692341285,0.0098652240219859,0.00129204861078223));
#1813=CARTESIAN_POINT('',(-0.0170870692341285,8.02309607639273E-18,0.00155663194411557));
#1814=CARTESIAN_POINT('',(-0.0170870692341285,-0.00986522402198587,0.0018212152774489));
#1815=CARTESIAN_POINT('',(-0.00854353461706426,-0.0147978360329788,0.00208579861078224));
#1816=CARTESIAN_POINT('',(-4.78600867134182E-18,-0.0197304480439717,0.00235038194411557));
#1817=CARTESIAN_POINT('',(0.00854353461706425,-0.0147978360329788,0.0026149652774489));
#1818=CARTESIAN_POINT('',(0.0170870692341285,-0.00986522402198587,0.00287954861078223));
#1819=CARTESIAN_POINT('',(0.0170870692341285,5.93053361195426E-18,0.00314413194411556));
#1820=CARTESIAN_POINT('',(0.0170870692341285,0.00986522402198588,0.0034087152774489));
#1821=CARTESIAN_POINT('',(0.00854353461706426,0.0147978360329788,0.00367329861078224));
#1822=CARTESIAN_POINT('',(4.65573372168075E-20,0.0197304480439718,0.00393788194411557));
#1823=CARTESIAN_POINT('',(-0.00854353461706425,0.0147978360329788,0.0042024652774489));
#1824=CARTESIAN_POINT('',(-0.0170870692341285,0.0098652240219859,0.00446704861078224));
#1825=CARTESIAN_POINT('',(-0.0170870692341285,8.02309607639273E-18,0.00473163194411557));
#1826=CARTESIAN_POINT('',(-0.0170870692341285,-0.00986522402198587,0.00499621527744891));
#1827=CARTESIAN_POINT('',(-0.00854353461706426,-0.0147978360329788,0.00526079861078224));
#1828=CARTESIAN_POINT('',(-4.78600867134182E-18,-0.0197304480439717,0.00552538194411557));
#1829=CARTESIAN_POINT('',(0.00854353461706425,-0.0147978360329788,0.0057899652774489));
#1830=CARTESIAN_POINT('',(0.0170870692341285,-0.00986522402198587,0.00605454861078223));
#1831=CARTESIAN_POINT('',(0.0170870692341285,5.93053361195426E-18,0.00631913194411557));
#1832=CARTESIAN_POINT('',(0.0170870692341285,0.00986522402198588,0.0065837152774489));
#1833=CARTESIAN_POINT('',(0.00854353461706426,0.0147978360329788,0.00684829861078224));
#1834=CARTESIAN_POINT('',(4.65573372168075E-20,0.0197304480439718,0.00711288194411558));
#1835=CARTESIAN_POINT('',(-0.00854353461706425,0.0147978360329788,0.0073774652774489));
#1836=CARTESIAN_POINT('',(-0.0170870692341285,0.0098652240219859,0.00764204861078224));
#1837=CARTESIAN_POINT('',(-0.0170870692341285,8.02309607639273E-18,0.00790663194411557));
#1838=CARTESIAN_POINT('',(-0.0170870692341285,-0.00986522402198587,0.0081712152774489));
#1839=CARTESIAN_POINT('',(-0.00854353461706426,-0.0147978360329788,0.00843579861078224));
#1840=CARTESIAN_POINT('',(-4.78600867134182E-18,-0.0197304480439717,0.00870038194411557));
#1841=CARTESIAN_POINT('',(0.00854353461706425,-0.0147978360329788,0.0089649652774489));
#1842=CARTESIAN_POINT('',(0.0170870692341285,-0.00986522402198587,0.00922954861078223));
#1843=CARTESIAN_POINT('',(0.0170870692341285,5.93053361195426E-18,0.00949413194411557));
#1844=CARTESIAN_POINT('',(0.0170870692341285,0.00986522402198588,0.00975871527744891));
#1845=CARTESIAN_POINT('',(0.00854353461706426,0.0147978360329788,0.0100232986107822));
#1846=CARTESIAN_POINT('',(4.65573372168075E-20,0.0197304480439718,0.0102878819441156));
#1847=CARTESIAN_POINT('',(-0.00854353461706425,0.0147978360329788,0.0105524652774489));
#1848=CARTESIAN_POINT('',(-0.0170870692341285,0.0098652240219859,0.0108170486107822));
#1849=CARTESIAN_POINT('',(-0.0170870692341285,8.02309607639273E-18,0.0110816319441156));
#1850=CARTESIAN_POINT('',(-0.0170870692341285,-0.00986522402198587,0.0113462152774489));
#1851=CARTESIAN_POINT('',(-0.00854353461706426,-0.0147978360329788,0.0116107986107822));
#1852=CARTESIAN_POINT('',(-4.78600867134182E-18,-0.0197304480439717,0.0118753819441156));
#1853=CARTESIAN_POINT('',(0.00854353461706425,-0.0147978360329788,0.0121399652774489));
#1854=CARTESIAN_POINT('',(0.0170870692341285,-0.00986522402198587,0.0124045486107822));
#1855=CARTESIAN_POINT('',(0.0170870692341285,5.93053361195426E-18,0.0126691319441156));
#1856=CARTESIAN_POINT('',(0.0170870692341285,0.00986522402198588,0.0129337152774489));
#1857=CARTESIAN_POINT('',(0.00854353461706426,0.0147978360329788,0.0131982986107822));
#1858=CARTESIAN_POINT('',(0.00631119923931656,0.016086675464243,0.0132674314418452));
#1859=CARTESIAN_POINT('',(0.00379800267765376,0.0166596251660245,0.0133452622172106));
#1860=CARTESIAN_POINT('',(0.0146637673168829,-0.00923873132101553,-8.65746344978349E-5));
#1861=CARTESIAN_POINT('',(0.017331480846875,-0.00500452111263757,6.61100434238618E-5));
#1862=CARTESIAN_POINT('',(0.017331480846875,5.90060182203182E-18,0.0001984375));
#1863=CARTESIAN_POINT('',(0.017331480846875,0.0100063351323981,0.000463020833333332));
#1864=CARTESIAN_POINT('',(0.0086657404234375,0.0150095026985972,0.000727604166666665));
#1865=CARTESIAN_POINT('',(9.84007181239552E-20,0.0200126702647962,0.000992187499999998));
#1866=CARTESIAN_POINT('',(-0.00866574042343749,0.0150095026985972,0.00125677083333333));
#1867=CARTESIAN_POINT('',(-0.017331480846875,0.0100063351323981,0.00152135416666666));
#1868=CARTESIAN_POINT('',(-0.017331480846875,8.02309607639273E-18,0.0017859375));
#1869=CARTESIAN_POINT('',(-0.017331480846875,-0.0100063351323981,0.00205052083333333));
#1870=CARTESIAN_POINT('',(-0.0086657404234375,-0.0150095026985972,0.00231510416666666));
#1871=CARTESIAN_POINT('',(-4.80328979831087E-18,-0.0200126702647962,0.0025796875));
#1872=CARTESIAN_POINT('',(0.00866574042343749,-0.0150095026985972,0.00284427083333333));
#1873=CARTESIAN_POINT('',(0.017331480846875,-0.0100063351323981,0.00310885416666667));
#1874=CARTESIAN_POINT('',(0.017331480846875,5.90060182203182E-18,0.0033734375));
#1875=CARTESIAN_POINT('',(0.017331480846875,0.0100063351323981,0.00363802083333333));
#1876=CARTESIAN_POINT('',(0.0086657404234375,0.0150095026985972,0.00390260416666666));
#1877=CARTESIAN_POINT('',(9.84007181239552E-20,0.0200126702647962,0.0041671875));
#1878=CARTESIAN_POINT('',(-0.00866574042343749,0.0150095026985972,0.00443177083333334));
#1879=CARTESIAN_POINT('',(-0.017331480846875,0.0100063351323981,0.00469635416666666));
#1880=CARTESIAN_POINT('',(-0.017331480846875,8.02309607639273E-18,0.0049609375));
#1881=CARTESIAN_POINT('',(-0.017331480846875,-0.0100063351323981,0.00522552083333334));
#1882=CARTESIAN_POINT('',(-0.0086657404234375,-0.0150095026985972,0.00549010416666667));
#1883=CARTESIAN_POINT('',(-4.80328979831087E-18,-0.0200126702647962,0.0057546875));
#1884=CARTESIAN_POINT('',(0.00866574042343749,-0.0150095026985972,0.00601927083333333));
#1885=CARTESIAN_POINT('',(0.017331480846875,-0.0100063351323981,0.00628385416666667));
#1886=CARTESIAN_POINT('',(0.017331480846875,5.90060182203182E-18,0.0065484375));
#1887=CARTESIAN_POINT('',(0.017331480846875,0.0100063351323981,0.00681302083333333));
#1888=CARTESIAN_POINT('',(0.0086657404234375,0.0150095026985972,0.00707760416666667));
#1889=CARTESIAN_POINT('',(9.84007181239552E-20,0.0200126702647962,0.0073421875));
#1890=CARTESIAN_POINT('',(-0.00866574042343749,0.0150095026985972,0.00760677083333333));
#1891=CARTESIAN_POINT('',(-0.017331480846875,0.0100063351323981,0.00787135416666666));
#1892=CARTESIAN_POINT('',(-0.017331480846875,8.02309607639273E-18,0.0081359375));
#1893=CARTESIAN_POINT('',(-0.017331480846875,-0.0100063351323981,0.00840052083333333));
#1894=CARTESIAN_POINT('',(-0.0086657404234375,-0.0150095026985972,0.00866510416666667));
#1895=CARTESIAN_POINT('',(-4.80328979831087E-18,-0.0200126702647962,0.00892968749999999));
#1896=CARTESIAN_POINT('',(0.00866574042343749,-0.0150095026985972,0.00919427083333333));
#1897=CARTESIAN_POINT('',(0.017331480846875,-0.0100063351323981,0.00945885416666666));
#1898=CARTESIAN_POINT('',(0.017331480846875,5.90060182203182E-18,0.0097234375));
#1899=CARTESIAN_POINT('',(0.017331480846875,0.0100063351323981,0.00998802083333333));
#1900=CARTESIAN_POINT('',(0.0086657404234375,0.0150095026985972,0.0102526041666667));
#1901=CARTESIAN_POINT('',(9.84007181239552E-20,0.0200126702647962,0.0105171875));
#1902=CARTESIAN_POINT('',(-0.00866574042343749,0.0150095026985972,0.0107817708333333));
#1903=CARTESIAN_POINT('',(-0.017331480846875,0.0100063351323981,0.0110463541666667));
#1904=CARTESIAN_POINT('',(-0.017331480846875,8.02309607639273E-18,0.0113109375));
#1905=CARTESIAN_POINT('',(-0.017331480846875,-0.0100063351323981,0.0115755208333333));
#1906=CARTESIAN_POINT('',(-0.0086657404234375,-0.0150095026985972,0.0118401041666667));
#1907=CARTESIAN_POINT('',(-4.80328979831087E-18,-0.0200126702647962,0.0121046875));
#1908=CARTESIAN_POINT('',(0.00866574042343749,-0.0150095026985972,0.0123692708333333));
#1909=CARTESIAN_POINT('',(0.017331480846875,-0.0100063351323981,0.0126338541666666));
#1910=CARTESIAN_POINT('',(0.017331480846875,5.90060182203182E-18,0.0128984375));
#1911=CARTESIAN_POINT('',(0.017331480846875,0.0100063351323981,0.0131630208333333));
#1912=CARTESIAN_POINT('',(0.0086657404234375,0.0150095026985972,0.0134276041666667));
#1913=CARTESIAN_POINT('',(0.00640147395894869,0.0163167775513869,0.0134967369977297));
#1914=CARTESIAN_POINT('',(0.0038523289021772,0.0168979226644888,0.013574567773095));
#1915=CARTESIAN_POINT('',(-0.017331480846875,8.02309607639273E-18,-0.0053578125));
#1916=CARTESIAN_POINT('',(-0.017331480846875,-0.0100063351323981,-0.00509322916666667));
#1917=CARTESIAN_POINT('',(-0.0086657404234375,-0.0150095026985972,-0.00482864583333334));
#1918=CARTESIAN_POINT('',(-4.80328979831087E-18,-0.0200126702647962,-0.0045640625));
#1919=CARTESIAN_POINT('',(0.00866574042343749,-0.0150095026985972,-0.00429947916666667));
#1920=CARTESIAN_POINT('',(0.017331480846875,-0.0100063351323981,-0.00403489583333333));
#1921=CARTESIAN_POINT('',(0.017331480846875,5.90060182203182E-18,-0.0037703125));
#1922=CARTESIAN_POINT('',(0.017331480846875,0.0100063351323981,-0.00350572916666667));
#1923=CARTESIAN_POINT('',(0.0086657404234375,0.0150095026985972,-0.00324114583333334));
#1924=CARTESIAN_POINT('',(9.84007181239552E-20,0.0200126702647962,-0.0029765625));
#1925=CARTESIAN_POINT('',(-0.00866574042343749,0.0150095026985972,-0.00271197916666667));
#1926=CARTESIAN_POINT('',(-0.017331480846875,0.0100063351323981,-0.00244739583333334));
#1927=CARTESIAN_POINT('',(-0.017331480846875,1.22680845851146E-17,-0.0021828125));
#1928=CARTESIAN_POINT('',(-0.017331480846875,-0.0100063351323981,-0.00191822916666667));
#1929=CARTESIAN_POINT('',(-0.00866574042343751,-0.0150095026985972,-0.00165364583333333));
#1930=CARTESIAN_POINT('',(-2.74798021645121E-17,-0.0200126702647962,-0.0013890625));
#1931=CARTESIAN_POINT('',(0.00866574042343748,-0.0150095026985972,-0.00112447916666667));
#1932=CARTESIAN_POINT('',(0.017331480846875,-0.0100063351323981,-0.000859895833333334));
#1933=CARTESIAN_POINT('',(0.017331480846875,1.65561331330999E-18,-0.0005953125));
#1934=CARTESIAN_POINT('',(0.017331480846875,0.0100063351323981,-0.000330729166666667));
#1935=CARTESIAN_POINT('',(0.00866574042343752,0.0150095026985972,-6.61458333333347E-5));
#1936=CARTESIAN_POINT('',(5.00009123455878E-18,0.0200126702647962,0.000198437499999999));
#1937=CARTESIAN_POINT('',(-0.00866574042343749,0.0150095026985972,0.000463020833333333));
#1938=CARTESIAN_POINT('',(-0.017331480846875,0.0100063351323982,0.000727604166666665));
#1939=CARTESIAN_POINT('',(-0.017331480846875,1.65130730938364E-17,0.0009921875));
#1940=CARTESIAN_POINT('',(-0.017331480846875,-0.0100063351323981,0.00125677083333333));
#1941=CARTESIAN_POINT('',(-0.00866574042343753,-0.0150095026985972,0.00152135416666666));
#1942=CARTESIAN_POINT('',(-5.01563145307133E-17,-0.0200126702647962,0.0017859375));
#1943=CARTESIAN_POINT('',(0.00866574042343748,-0.0150095026985972,0.00205052083333333));
#1944=CARTESIAN_POINT('',(0.017331480846875,-0.0100063351323981,0.00231510416666666));
#1945=CARTESIAN_POINT('',(0.017331480846875,-3.33762697346927E-17,0.0025796875));
#1946=CARTESIAN_POINT('',(0.017331480846875,0.0100063351323981,0.00284427083333333));
#1947=CARTESIAN_POINT('',(0.00866574042343752,0.0150095026985972,0.00310885416666667));
#1948=CARTESIAN_POINT('',(4.54514254505264E-17,0.0200126702647962,0.0033734375));
#1949=CARTESIAN_POINT('',(-0.00866574042343746,0.0150095026985972,0.00363802083333334));
#1950=CARTESIAN_POINT('',(-0.017331480846875,0.0100063351323982,0.00390260416666666));
#1951=CARTESIAN_POINT('',(-0.017331480846875,2.07580616025582E-17,0.0041671875));
#1952=CARTESIAN_POINT('',(-0.017331480846875,-0.0100063351323981,0.00443177083333333));
#1953=CARTESIAN_POINT('',(-0.00866574042343753,-0.0150095026985972,0.00469635416666667));
#1954=CARTESIAN_POINT('',(-5.50580050471482E-17,-0.0200126702647962,0.0049609375));
#1955=CARTESIAN_POINT('',(0.00866574042343745,-0.0150095026985972,0.00522552083333333));
#1956=CARTESIAN_POINT('',(0.017331480846875,-0.0100063351323982,0.00549010416666667));
#1957=CARTESIAN_POINT('',(0.017331480846875,-6.83436370413365E-18,0.0057546875));
#1958=CARTESIAN_POINT('',(0.017331480846875,0.0100063351323981,0.00601927083333334));
#1959=CARTESIAN_POINT('',(0.00866574042343753,0.0150095026985972,0.00628385416666667));
#1960=CARTESIAN_POINT('',(5.03531159669613E-17,0.0200126702647962,0.0065484375));
#1961=CARTESIAN_POINT('',(-0.00866574042343745,0.0150095026985972,0.00681302083333333));
#1962=CARTESIAN_POINT('',(-0.017331480846875,0.0100063351323982,0.00707760416666667));
#1963=CARTESIAN_POINT('',(-0.017331480846875,2.500305011128E-17,0.0073421875));
#1964=CARTESIAN_POINT('',(-0.017331480846875,-0.0100063351323981,0.00760677083333333));
#1965=CARTESIAN_POINT('',(-0.00866574042343754,-0.0150095026985972,0.00787135416666667));
#1966=CARTESIAN_POINT('',(-5.9959695563583E-17,-0.0200126702647962,0.0081359375));
#1967=CARTESIAN_POINT('',(0.00866574042343744,-0.0150095026985972,0.00840052083333333));
#1968=CARTESIAN_POINT('',(0.017331480846875,-0.0100063351323982,0.00866510416666666));
#1969=CARTESIAN_POINT('',(0.017331480846875,-7.26531412914172E-17,0.0089296875));
#1970=CARTESIAN_POINT('',(0.017331480846875,0.0100063351323981,0.00919427083333333));
#1971=CARTESIAN_POINT('',(0.00866574042343753,0.0150095026985972,0.00945885416666667));
#1972=CARTESIAN_POINT('',(5.5254806483396E-17,0.0200126702647962,0.00972343749999999));
#1973=CARTESIAN_POINT('',(-0.00866574042343745,0.0150095026985972,0.00998802083333333));
#1974=CARTESIAN_POINT('',(-0.017331480846875,0.0100063351323982,0.0102526041666667));
#1975=CARTESIAN_POINT('',(-0.017331480846875,9.08218276985635E-17,0.0105171875));
#1976=CARTESIAN_POINT('',(-0.017331480846875,-0.0100063351323981,0.0107817708333333));
#1977=CARTESIAN_POINT('',(-0.00866574042343754,-0.0150095026985972,0.0110463541666667));
#1978=CARTESIAN_POINT('',(-1.35960673479083E-16,-0.0200126702647962,0.0113109375));
#1979=CARTESIAN_POINT('',(0.00866574042343744,-0.0150095026985972,0.0115755208333333));
#1980=CARTESIAN_POINT('',(0.017331480846875,-0.0100063351323981,0.0118401041666666));
#1981=CARTESIAN_POINT('',(0.017331480846875,-7.6898129800139E-17,0.0121046875));
#1982=CARTESIAN_POINT('',(0.017331480846875,0.0100063351323981,0.0123692708333333));
#1983=CARTESIAN_POINT('',(0.00866574042343759,0.0150095026985972,0.0126338541666667));
#1984=CARTESIAN_POINT('',(6.0156496999831E-17,0.0200126702647962,0.0128984375));
#1985=CARTESIAN_POINT('',(-0.00866574042343739,0.0150095026985973,0.0131630208333333));
#1986=CARTESIAN_POINT('',(-0.017331480846875,0.0100063351323982,0.0134276041666667));
#1987=CARTESIAN_POINT('',(-0.017331480846875,3.34930271287237E-17,0.0136921875));
#1988=CARTESIAN_POINT('',(-0.0173314808468751,-0.010006335132398,0.0139567708333333));
#1989=CARTESIAN_POINT('',(-0.00866574042343754,-0.0150095026985972,0.0142213541666667));
#1990=CARTESIAN_POINT('',(-1.40862363995518E-16,-0.0200126702647962,0.0144859375));
#1991=CARTESIAN_POINT('',(0.00866574042343744,-0.0150095026985972,0.0147505208333333));
#1992=CARTESIAN_POINT('',(0.017331480846875,-0.0100063351323981,0.0150151041666667));
#1993=CARTESIAN_POINT('',(0.017331480846875,-8.11431183088608E-17,0.0152796875));
#1994=CARTESIAN_POINT('',(0.017331480846875,0.0100063351323981,0.0155442708333333));
#1995=CARTESIAN_POINT('',(0.00866574042343759,0.0150095026985972,0.0158088541666666));
#1996=CARTESIAN_POINT('',(6.50581875162658E-17,0.0200126702647962,0.0160734375));
#1997=CARTESIAN_POINT('',(-0.00866574042343739,0.0150095026985973,0.0163380208333334));
#1998=CARTESIAN_POINT('',(-0.017331480846875,0.0100063351323982,0.0166026041666667));
#1999=CARTESIAN_POINT('',(-0.017331480846875,3.77380156374455E-17,0.0168671875));
#2000=CARTESIAN_POINT('',(-0.017331480846875,8.02309607639273E-18,-0.0045640625));
#2001=CARTESIAN_POINT('',(-0.017331480846875,-0.0100063351323981,-0.00429947916666667));
#2002=CARTESIAN_POINT('',(-0.0086657404234375,-0.0150095026985972,-0.00403489583333334));
#2003=CARTESIAN_POINT('',(-4.80328979831087E-18,-0.0200126702647962,-0.0037703125));
#2004=CARTESIAN_POINT('',(0.00866574042343749,-0.0150095026985972,-0.00350572916666667));
#2005=CARTESIAN_POINT('',(0.017331480846875,-0.0100063351323981,-0.00324114583333334));
#2006=CARTESIAN_POINT('',(0.017331480846875,5.90060182203182E-18,-0.0029765625));
#2007=CARTESIAN_POINT('',(0.017331480846875,0.0100063351323981,-0.00271197916666667));
#2008=CARTESIAN_POINT('',(0.0086657404234375,0.0150095026985972,-0.00244739583333333));
#2009=CARTESIAN_POINT('',(9.84007181239552E-20,0.0200126702647962,-0.0021828125));
#2010=CARTESIAN_POINT('',(-0.00866574042343749,0.0150095026985972,-0.00191822916666667));
#2011=CARTESIAN_POINT('',(-0.017331480846875,0.0100063351323981,-0.00165364583333333));
#2012=CARTESIAN_POINT('',(-0.017331480846875,1.22680845851146E-17,-0.0013890625));
#2013=CARTESIAN_POINT('',(-0.017331480846875,-0.0100063351323981,-0.00112447916666667));
#2014=CARTESIAN_POINT('',(-0.00866574042343751,-0.0150095026985972,-0.000859895833333335));
#2015=CARTESIAN_POINT('',(-2.74798021645121E-17,-0.0200126702647962,-0.000595312500000003));
#2016=CARTESIAN_POINT('',(0.00866574042343748,-0.0150095026985972,-0.000330729166666669));
#2017=CARTESIAN_POINT('',(0.017331480846875,-0.0100063351323981,-6.61458333333347E-5));
#2018=CARTESIAN_POINT('',(0.017331480846875,1.65561331330999E-18,0.0001984375));
#2019=CARTESIAN_POINT('',(0.017331480846875,0.0100063351323981,0.000463020833333332));
#2020=CARTESIAN_POINT('',(0.00866574042343752,0.0150095026985972,0.000727604166666665));
#2021=CARTESIAN_POINT('',(5.00009123455878E-18,0.0200126702647962,0.000992187499999998));
#2022=CARTESIAN_POINT('',(-0.00866574042343749,0.0150095026985972,0.00125677083333333));
#2023=CARTESIAN_POINT('',(-0.017331480846875,0.0100063351323982,0.00152135416666666));
#2024=CARTESIAN_POINT('',(-0.017331480846875,1.65130730938364E-17,0.0017859375));
#2025=CARTESIAN_POINT('',(-0.017331480846875,-0.0100063351323981,0.00205052083333333));
#2026=CARTESIAN_POINT('',(-0.00866574042343753,-0.0150095026985972,0.00231510416666666));
#2027=CARTESIAN_POINT('',(-5.01563145307133E-17,-0.0200126702647962,0.0025796875));
#2028=CARTESIAN_POINT('',(0.00866574042343748,-0.0150095026985972,0.00284427083333333));
#2029=CARTESIAN_POINT('',(0.017331480846875,-0.0100063351323981,0.00310885416666667));
#2030=CARTESIAN_POINT('',(0.017331480846875,-3.33762697346927E-17,0.0033734375));
#2031=CARTESIAN_POINT('',(0.017331480846875,0.0100063351323981,0.00363802083333333));
#2032=CARTESIAN_POINT('',(0.00866574042343752,0.0150095026985972,0.00390260416666666));
#2033=CARTESIAN_POINT('',(4.54514254505264E-17,0.0200126702647962,0.0041671875));
#2034=CARTESIAN_POINT('',(-0.00866574042343746,0.0150095026985972,0.00443177083333334));
#2035=CARTESIAN_POINT('',(-0.017331480846875,0.0100063351323982,0.00469635416666666));
#2036=CARTESIAN_POINT('',(-0.017331480846875,2.07580616025582E-17,0.0049609375));
#2037=CARTESIAN_POINT('',(-0.017331480846875,-0.0100063351323981,0.00522552083333334));
#2038=CARTESIAN_POINT('',(-0.00866574042343753,-0.0150095026985972,0.00549010416666667));
#2039=CARTESIAN_POINT('',(-5.50580050471482E-17,-0.0200126702647962,0.0057546875));
#2040=CARTESIAN_POINT('',(0.00866574042343745,-0.0150095026985972,0.00601927083333333));
#2041=CARTESIAN_POINT('',(0.017331480846875,-0.0100063351323982,0.00628385416666667));
#2042=CARTESIAN_POINT('',(0.017331480846875,-6.83436370413365E-18,0.0065484375));
#2043=CARTESIAN_POINT('',(0.017331480846875,0.0100063351323981,0.00681302083333333));
#2044=CARTESIAN_POINT('',(0.00866574042343753,0.0150095026985972,0.00707760416666667));
#2045=CARTESIAN_POINT('',(5.03531159669613E-17,0.0200126702647962,0.0073421875));
#2046=CARTESIAN_POINT('',(-0.00866574042343745,0.0150095026985972,0.00760677083333333));
#2047=CARTESIAN_POINT('',(-0.017331480846875,0.0100063351323982,0.00787135416666666));
#2048=CARTESIAN_POINT('',(-0.017331480846875,2.500305011128E-17,0.0081359375));
#2049=CARTESIAN_POINT('',(-0.017331480846875,-0.0100063351323981,0.00840052083333333));
#2050=CARTESIAN_POINT('',(-0.00866574042343754,-0.0150095026985972,0.00866510416666667));
#2051=CARTESIAN_POINT('',(-5.9959695563583E-17,-0.0200126702647962,0.00892968749999999));
#2052=CARTESIAN_POINT('',(0.00866574042343744,-0.0150095026985972,0.00919427083333333));
#2053=CARTESIAN_POINT('',(0.017331480846875,-0.0100063351323982,0.00945885416666666));
#2054=CARTESIAN_POINT('',(0.017331480846875,-7.26531412914172E-17,0.0097234375));
#2055=CARTESIAN_POINT('',(0.017331480846875,0.0100063351323981,0.00998802083333333));
#2056=CARTESIAN_POINT('',(0.00866574042343753,0.0150095026985972,0.0102526041666667));
#2057=CARTESIAN_POINT('',(5.5254806483396E-17,0.0200126702647962,0.0105171875));
#2058=CARTESIAN_POINT('',(-0.00866574042343745,0.0150095026985972,0.0107817708333333));
#2059=CARTESIAN_POINT('',(-0.017331480846875,0.0100063351323982,0.0110463541666667));
#2060=CARTESIAN_POINT('',(-0.017331480846875,9.08218276985635E-17,0.0113109375));
#2061=CARTESIAN_POINT('',(-0.017331480846875,-0.0100063351323981,0.0115755208333333));
#2062=CARTESIAN_POINT('',(-0.00866574042343754,-0.0150095026985972,0.0118401041666667));
#2063=CARTESIAN_POINT('',(-1.35960673479083E-16,-0.0200126702647962,0.0121046875));
#2064=CARTESIAN_POINT('',(0.00866574042343744,-0.0150095026985972,0.0123692708333333));
#2065=CARTESIAN_POINT('',(0.017331480846875,-0.0100063351323981,0.0126338541666666));
#2066=CARTESIAN_POINT('',(0.017331480846875,-7.6898129800139E-17,0.0128984375));
#2067=CARTESIAN_POINT('',(0.017331480846875,0.0100063351323981,0.0131630208333333));
#2068=CARTESIAN_POINT('',(0.00866574042343759,0.0150095026985972,0.0134276041666667));
#2069=CARTESIAN_POINT('',(6.0156496999831E-17,0.0200126702647962,0.0136921875));
#2070=CARTESIAN_POINT('',(-0.00866574042343739,0.0150095026985973,0.0139567708333333));
#2071=CARTESIAN_POINT('',(-0.017331480846875,0.0100063351323982,0.0142213541666667));
#2072=CARTESIAN_POINT('',(-0.017331480846875,3.34930271287237E-17,0.0144859375));
#2073=CARTESIAN_POINT('',(-0.0173314808468751,-0.010006335132398,0.0147505208333333));
#2074=CARTESIAN_POINT('',(-0.00866574042343754,-0.0150095026985972,0.0150151041666667));
#2075=CARTESIAN_POINT('',(-1.40862363995518E-16,-0.0200126702647962,0.0152796875));
#2076=CARTESIAN_POINT('',(0.00866574042343744,-0.0150095026985972,0.0155442708333333));
#2077=CARTESIAN_POINT('',(0.017331480846875,-0.0100063351323981,0.0158088541666667));
#2078=CARTESIAN_POINT('',(0.017331480846875,-8.11431183088608E-17,0.0160734375));
#2079=CARTESIAN_POINT('',(0.017331480846875,0.0100063351323981,0.0163380208333333));
#2080=CARTESIAN_POINT('',(0.00866574042343759,0.0150095026985972,0.0166026041666666));
#2081=CARTESIAN_POINT('',(6.50581875162658E-17,0.0200126702647962,0.0168671875));
#2082=CARTESIAN_POINT('',(-0.00866574042343739,0.0150095026985973,0.0171317708333334));
#2083=CARTESIAN_POINT('',(-0.017331480846875,0.0100063351323982,0.0173963541666667));
#2084=CARTESIAN_POINT('',(-0.017331480846875,3.77380156374455E-17,0.0176609375));
#2085=CARTESIAN_POINT('',(-0.0141943157132417,-0.00994492985286542,-0.00107821068511907));
#2086=CARTESIAN_POINT('',(-0.0119910480841341,-0.0130896354255557,-0.00096142449011682));
#2087=CARTESIAN_POINT('',(-0.0086657404234375,-0.0150095026985972,-0.000859895833333334));
#2088=CARTESIAN_POINT('',(-4.80328979831087E-18,-0.0200126702647962,-0.000595312500000002));
#2089=CARTESIAN_POINT('',(0.00866574042343749,-0.0150095026985972,-0.000330729166666668));
#2090=CARTESIAN_POINT('',(0.017331480846875,-0.0100063351323981,-6.61458333333338E-5));
#2091=CARTESIAN_POINT('',(0.017331480846875,5.90060182203182E-18,0.0001984375));
#2092=CARTESIAN_POINT('',(0.017331480846875,0.0100063351323981,0.000463020833333332));
#2093=CARTESIAN_POINT('',(0.0086657404234375,0.0150095026985972,0.000727604166666666));
#2094=CARTESIAN_POINT('',(9.84007181239552E-20,0.0200126702647962,0.000992187499999999));
#2095=CARTESIAN_POINT('',(-0.00866574042343749,0.0150095026985972,0.00125677083333333));
#2096=CARTESIAN_POINT('',(-0.017331480846875,0.0100063351323981,0.00152135416666666));
#2097=CARTESIAN_POINT('',(-0.017331480846875,8.02309607639273E-18,0.0017859375));
#2098=CARTESIAN_POINT('',(-0.017331480846875,-0.0100063351323981,0.00205052083333333));
#2099=CARTESIAN_POINT('',(-0.0086657404234375,-0.0150095026985972,0.00231510416666666));
#2100=CARTESIAN_POINT('',(-4.80328979831087E-18,-0.0200126702647962,0.0025796875));
#2101=CARTESIAN_POINT('',(0.00866574042343749,-0.0150095026985972,0.00284427083333333));
#2102=CARTESIAN_POINT('',(0.017331480846875,-0.0100063351323981,0.00310885416666667));
#2103=CARTESIAN_POINT('',(0.017331480846875,5.90060182203182E-18,0.0033734375));
#2104=CARTESIAN_POINT('',(0.017331480846875,0.0100063351323981,0.00363802083333333));
#2105=CARTESIAN_POINT('',(0.0086657404234375,0.0150095026985972,0.00390260416666666));
#2106=CARTESIAN_POINT('',(9.84007181239552E-20,0.0200126702647962,0.0041671875));
#2107=CARTESIAN_POINT('',(-0.00866574042343749,0.0150095026985972,0.00443177083333334));
#2108=CARTESIAN_POINT('',(-0.017331480846875,0.0100063351323981,0.00469635416666666));
#2109=CARTESIAN_POINT('',(-0.017331480846875,8.02309607639273E-18,0.0049609375));
#2110=CARTESIAN_POINT('',(-0.017331480846875,-0.0100063351323981,0.00522552083333334));
#2111=CARTESIAN_POINT('',(-0.0086657404234375,-0.0150095026985972,0.00549010416666667));
#2112=CARTESIAN_POINT('',(-4.80328979831087E-18,-0.0200126702647962,0.0057546875));
#2113=CARTESIAN_POINT('',(0.00866574042343749,-0.0150095026985972,0.00601927083333333));
#2114=CARTESIAN_POINT('',(0.017331480846875,-0.0100063351323981,0.00628385416666667));
#2115=CARTESIAN_POINT('',(0.017331480846875,5.90060182203182E-18,0.0065484375));
#2116=CARTESIAN_POINT('',(0.017331480846875,0.0100063351323981,0.00681302083333333));
#2117=CARTESIAN_POINT('',(0.0086657404234375,0.0150095026985972,0.00707760416666667));
#2118=CARTESIAN_POINT('',(9.84007181239552E-20,0.0200126702647962,0.0073421875));
#2119=CARTESIAN_POINT('',(-0.00866574042343749,0.0150095026985972,0.00760677083333333));
#2120=CARTESIAN_POINT('',(-0.017331480846875,0.0100063351323981,0.00787135416666667));
#2121=CARTESIAN_POINT('',(-0.017331480846875,8.02309607639273E-18,0.0081359375));
#2122=CARTESIAN_POINT('',(-0.017331480846875,-0.0100063351323981,0.00840052083333333));
#2123=CARTESIAN_POINT('',(-0.0086657404234375,-0.0150095026985972,0.00866510416666667));
#2124=CARTESIAN_POINT('',(-4.80328979831087E-18,-0.0200126702647962,0.00892968749999999));
#2125=CARTESIAN_POINT('',(0.00866574042343749,-0.0150095026985972,0.00919427083333333));
#2126=CARTESIAN_POINT('',(0.017331480846875,-0.0100063351323981,0.00945885416666666));
#2127=CARTESIAN_POINT('',(0.017331480846875,5.90060182203182E-18,0.0097234375));
#2128=CARTESIAN_POINT('',(0.017331480846875,0.0100063351323981,0.00998802083333333));
#2129=CARTESIAN_POINT('',(0.0086657404234375,0.0150095026985972,0.0102526041666667));
#2130=CARTESIAN_POINT('',(9.84007181239552E-20,0.0200126702647962,0.0105171875));
#2131=CARTESIAN_POINT('',(-0.00866574042343749,0.0150095026985972,0.0107817708333333));
#2132=CARTESIAN_POINT('',(-0.017331480846875,0.0100063351323981,0.0110463541666667));
#2133=CARTESIAN_POINT('',(-0.017331480846875,8.02309607639273E-18,0.0113109375));
#2134=CARTESIAN_POINT('',(-0.017331480846875,-0.0100063351323981,0.0115755208333333));
#2135=CARTESIAN_POINT('',(-0.0086657404234375,-0.0150095026985972,0.0118401041666667));
#2136=CARTESIAN_POINT('',(-4.80328979831087E-18,-0.0200126702647962,0.0121046875));
#2137=CARTESIAN_POINT('',(0.00866574042343749,-0.0150095026985972,0.0123692708333333));
#2138=CARTESIAN_POINT('',(0.0151311840872979,-0.011276677058837,0.0125666744656227));
#2139=CARTESIAN_POINT('',(0.0168602469934228,-0.00401401291307995,0.012785106765695));
#2140=CARTESIAN_POINT('',(-0.0156017663306601,-0.0109310286507483,-8.60231851190696E-5));
#2141=CARTESIAN_POINT('',(-0.0131800316442055,-0.0143875504384149,3.07630098831799E-5));
#2142=CARTESIAN_POINT('',(-0.009525,-0.0164977839420936,0.000132291666666666));
#2143=CARTESIAN_POINT('',(-4.92479772238279E-18,-0.0219970452561247,0.000396874999999999));
#2144=CARTESIAN_POINT('',(0.009525,-0.0164977839420936,0.000661458333333333));
#2145=CARTESIAN_POINT('',(0.01905,-0.0109985226280624,0.000926041666666666));
#2146=CARTESIAN_POINT('',(0.01905,5.69014392401703E-18,0.001190625));
#2147=CARTESIAN_POINT('',(0.01905,0.0109985226280624,0.00145520833333333));
#2148=CARTESIAN_POINT('',(0.009525,0.0164977839420936,0.00171979166666667));
#2149=CARTESIAN_POINT('',(4.6292449033973E-19,0.0219970452561247,0.001984375));
#2150=CARTESIAN_POINT('',(-0.009525,0.0164977839420936,0.00224895833333334));
#2151=CARTESIAN_POINT('',(-0.01905,0.0109985226280624,0.00251354166666666));
#2152=CARTESIAN_POINT('',(-0.01905,8.02309607639273E-18,0.002778125));
#2153=CARTESIAN_POINT('',(-0.01905,-0.0109985226280624,0.00304270833333333));
#2154=CARTESIAN_POINT('',(-0.009525,-0.0164977839420936,0.00330729166666666));
#2155=CARTESIAN_POINT('',(-4.92479772238279E-18,-0.0219970452561247,0.003571875));
#2156=CARTESIAN_POINT('',(0.009525,-0.0164977839420936,0.00383645833333333));
#2157=CARTESIAN_POINT('',(0.01905,-0.0109985226280624,0.00410104166666666));
#2158=CARTESIAN_POINT('',(0.01905,5.69014392401703E-18,0.004365625));
#2159=CARTESIAN_POINT('',(0.01905,0.0109985226280624,0.00463020833333334));
#2160=CARTESIAN_POINT('',(0.009525,0.0164977839420936,0.00489479166666667));
#2161=CARTESIAN_POINT('',(4.6292449033973E-19,0.0219970452561247,0.005159375));
#2162=CARTESIAN_POINT('',(-0.009525,0.0164977839420936,0.00542395833333333));
#2163=CARTESIAN_POINT('',(-0.01905,0.0109985226280624,0.00568854166666666));
#2164=CARTESIAN_POINT('',(-0.01905,8.02309607639273E-18,0.005953125));
#2165=CARTESIAN_POINT('',(-0.01905,-0.0109985226280624,0.00621770833333333));
#2166=CARTESIAN_POINT('',(-0.009525,-0.0164977839420936,0.00648229166666667));
#2167=CARTESIAN_POINT('',(-4.92479772238279E-18,-0.0219970452561247,0.006746875));
#2168=CARTESIAN_POINT('',(0.009525,-0.0164977839420936,0.00701145833333333));
#2169=CARTESIAN_POINT('',(0.01905,-0.0109985226280624,0.00727604166666666));
#2170=CARTESIAN_POINT('',(0.01905,5.69014392401703E-18,0.007540625));
#2171=CARTESIAN_POINT('',(0.01905,0.0109985226280624,0.00780520833333334));
#2172=CARTESIAN_POINT('',(0.009525,0.0164977839420936,0.00806979166666667));
#2173=CARTESIAN_POINT('',(4.6292449033973E-19,0.0219970452561247,0.008334375));
#2174=CARTESIAN_POINT('',(-0.009525,0.0164977839420936,0.00859895833333333));
#2175=CARTESIAN_POINT('',(-0.01905,0.0109985226280624,0.00886354166666667));
#2176=CARTESIAN_POINT('',(-0.01905,8.02309607639273E-18,0.009128125));
#2177=CARTESIAN_POINT('',(-0.01905,-0.0109985226280624,0.00939270833333333));
#2178=CARTESIAN_POINT('',(-0.009525,-0.0164977839420936,0.00965729166666667));
#2179=CARTESIAN_POINT('',(-4.92479772238279E-18,-0.0219970452561247,0.009921875));
#2180=CARTESIAN_POINT('',(0.009525,-0.0164977839420936,0.0101864583333333));
#2181=CARTESIAN_POINT('',(0.01905,-0.0109985226280624,0.0104510416666667));
#2182=CARTESIAN_POINT('',(0.01905,5.69014392401703E-18,0.010715625));
#2183=CARTESIAN_POINT('',(0.01905,0.0109985226280624,0.0109802083333333));
#2184=CARTESIAN_POINT('',(0.009525,0.0164977839420936,0.0112447916666667));
#2185=CARTESIAN_POINT('',(4.6292449033973E-19,0.0219970452561247,0.011509375));
#2186=CARTESIAN_POINT('',(-0.009525,0.0164977839420936,0.0117739583333333));
#2187=CARTESIAN_POINT('',(-0.01905,0.0109985226280624,0.0120385416666667));
#2188=CARTESIAN_POINT('',(-0.01905,8.02309607639273E-18,0.012303125));
#2189=CARTESIAN_POINT('',(-0.01905,-0.0109985226280624,0.0125677083333333));
#2190=CARTESIAN_POINT('',(-0.009525,-0.0164977839420936,0.0128322916666667));
#2191=CARTESIAN_POINT('',(-4.92479772238279E-18,-0.0219970452561247,0.013096875));
#2192=CARTESIAN_POINT('',(0.009525,-0.0164977839420936,0.0133614583333333));
#2193=CARTESIAN_POINT('',(0.0166315307624159,-0.0123948264934084,0.0135588619656227));
#2194=CARTESIAN_POINT('',(0.0185320405141617,-0.00441202610843035,0.013777294265695));
#2195=CARTESIAN_POINT('',(0.0098261588602294,0.0163202053312308,-0.00106678797273029));
#2196=CARTESIAN_POINT('',(0.00967639421757171,0.0164103764498248,-0.00106253872826588));
#2197=CARTESIAN_POINT('',(0.009525,0.0164977839420936,-0.00105833333333333));
#2198=CARTESIAN_POINT('',(4.6292449033973E-19,0.0219970452561247,-0.000793750000000001));
#2199=CARTESIAN_POINT('',(-0.009525,0.0164977839420936,-0.000529166666666667));
#2200=CARTESIAN_POINT('',(-0.01905,0.0109985226280624,-0.000264583333333335));
#2201=CARTESIAN_POINT('',(-0.01905,8.02309607639273E-18,-8.67361737988404E-19));
#2202=CARTESIAN_POINT('',(-0.01905,-0.0109985226280624,0.000264583333333333));
#2203=CARTESIAN_POINT('',(-0.009525,-0.0164977839420936,0.000529166666666666));
#2204=CARTESIAN_POINT('',(-4.92479772238279E-18,-0.0219970452561247,0.00079375));
#2205=CARTESIAN_POINT('',(0.009525,-0.0164977839420936,0.00105833333333333));
#2206=CARTESIAN_POINT('',(0.01905,-0.0109985226280624,0.00132291666666666));
#2207=CARTESIAN_POINT('',(0.01905,5.69014392401703E-18,0.0015875));
#2208=CARTESIAN_POINT('',(0.01905,0.0109985226280624,0.00185208333333333));
#2209=CARTESIAN_POINT('',(0.009525,0.0164977839420936,0.00211666666666667));
#2210=CARTESIAN_POINT('',(4.6292449033973E-19,0.0219970452561247,0.00238125));
#2211=CARTESIAN_POINT('',(-0.009525,0.0164977839420936,0.00264583333333334));
#2212=CARTESIAN_POINT('',(-0.01905,0.0109985226280624,0.00291041666666667));
#2213=CARTESIAN_POINT('',(-0.01905,8.02309607639273E-18,0.003175));
#2214=CARTESIAN_POINT('',(-0.01905,-0.0109985226280624,0.00343958333333333));
#2215=CARTESIAN_POINT('',(-0.009525,-0.0164977839420936,0.00370416666666667));
#2216=CARTESIAN_POINT('',(-4.92479772238279E-18,-0.0219970452561247,0.00396875));
#2217=CARTESIAN_POINT('',(0.009525,-0.0164977839420936,0.00423333333333333));
#2218=CARTESIAN_POINT('',(0.01905,-0.0109985226280624,0.00449791666666666));
#2219=CARTESIAN_POINT('',(0.01905,5.69014392401703E-18,0.0047625));
#2220=CARTESIAN_POINT('',(0.01905,0.0109985226280624,0.00502708333333333));
#2221=CARTESIAN_POINT('',(0.009525,0.0164977839420936,0.00529166666666667));
#2222=CARTESIAN_POINT('',(4.6292449033973E-19,0.0219970452561247,0.00555625));
#2223=CARTESIAN_POINT('',(-0.009525,0.0164977839420936,0.00582083333333333));
#2224=CARTESIAN_POINT('',(-0.01905,0.0109985226280624,0.00608541666666666));
#2225=CARTESIAN_POINT('',(-0.01905,8.02309607639273E-18,0.00635));
#2226=CARTESIAN_POINT('',(-0.01905,-0.0109985226280624,0.00661458333333333));
#2227=CARTESIAN_POINT('',(-0.009525,-0.0164977839420936,0.00687916666666667));
#2228=CARTESIAN_POINT('',(-4.92479772238279E-18,-0.0219970452561247,0.00714374999999999));
#2229=CARTESIAN_POINT('',(0.009525,-0.0164977839420936,0.00740833333333333));
#2230=CARTESIAN_POINT('',(0.01905,-0.0109985226280624,0.00767291666666667));
#2231=CARTESIAN_POINT('',(0.01905,5.69014392401703E-18,0.0079375));
#2232=CARTESIAN_POINT('',(0.01905,0.0109985226280624,0.00820208333333334));
#2233=CARTESIAN_POINT('',(0.009525,0.0164977839420936,0.00846666666666667));
#2234=CARTESIAN_POINT('',(4.6292449033973E-19,0.0219970452561247,0.00873125));
#2235=CARTESIAN_POINT('',(-0.009525,0.0164977839420936,0.00899583333333333));
#2236=CARTESIAN_POINT('',(-0.01905,0.0109985226280624,0.00926041666666667));
#2237=CARTESIAN_POINT('',(-0.01905,8.02309607639273E-18,0.009525));
#2238=CARTESIAN_POINT('',(-0.01905,-0.0109985226280624,0.00978958333333333));
#2239=CARTESIAN_POINT('',(-0.009525,-0.0164977839420936,0.0100541666666667));
#2240=CARTESIAN_POINT('',(-4.92479772238279E-18,-0.0219970452561247,0.01031875));
#2241=CARTESIAN_POINT('',(0.009525,-0.0164977839420936,0.0105833333333333));
#2242=CARTESIAN_POINT('',(0.01905,-0.0109985226280624,0.0108479166666667));
#2243=CARTESIAN_POINT('',(0.01905,5.69014392401703E-18,0.0111125));
#2244=CARTESIAN_POINT('',(0.01905,0.0109985226280624,0.0113770833333333));
#2245=CARTESIAN_POINT('',(0.009525,0.0164977839420936,0.0116416666666667));
#2246=CARTESIAN_POINT('',(4.6292449033973E-19,0.0219970452561247,0.01190625));
#2247=CARTESIAN_POINT('',(-0.009525,0.0164977839420936,0.0121708333333333));
#2248=CARTESIAN_POINT('',(-0.01905,0.0109985226280624,0.0124354166666667));
#2249=CARTESIAN_POINT('',(-0.01905,8.02309607639273E-18,0.0127));
#2250=CARTESIAN_POINT('',(-0.01905,-0.00150945953487417,0.0127363119528663));
#2251=CARTESIAN_POINT('',(-0.0188122832466176,-0.00300008317368574,0.0127754724060714));
#2252=CARTESIAN_POINT('',(0.00893973144800089,0.0148479436280995,-7.46004727302949E-5));
#2253=CARTESIAN_POINT('',(0.0088034772204019,0.0149299803217925,-7.03512282658822E-5));
#2254=CARTESIAN_POINT('',(0.0086657404234375,0.0150095026985972,-6.61458333333347E-5));
#2255=CARTESIAN_POINT('',(9.84007181239552E-20,0.0200126702647962,0.000198437499999999));
#2256=CARTESIAN_POINT('',(-0.00866574042343749,0.0150095026985972,0.000463020833333333));
#2257=CARTESIAN_POINT('',(-0.017331480846875,0.0100063351323981,0.000727604166666665));
#2258=CARTESIAN_POINT('',(-0.017331480846875,8.02309607639273E-18,0.0009921875));
#2259=CARTESIAN_POINT('',(-0.017331480846875,-0.0100063351323981,0.00125677083333333));
#2260=CARTESIAN_POINT('',(-0.0086657404234375,-0.0150095026985972,0.00152135416666666));
#2261=CARTESIAN_POINT('',(-4.80328979831087E-18,-0.0200126702647962,0.0017859375));
#2262=CARTESIAN_POINT('',(0.00866574042343749,-0.0150095026985972,0.00205052083333333));
#2263=CARTESIAN_POINT('',(0.017331480846875,-0.0100063351323981,0.00231510416666666));
#2264=CARTESIAN_POINT('',(0.017331480846875,5.90060182203182E-18,0.0025796875));
#2265=CARTESIAN_POINT('',(0.017331480846875,0.0100063351323981,0.00284427083333333));
#2266=CARTESIAN_POINT('',(0.0086657404234375,0.0150095026985972,0.00310885416666667));
#2267=CARTESIAN_POINT('',(9.84007181239552E-20,0.0200126702647962,0.0033734375));
#2268=CARTESIAN_POINT('',(-0.00866574042343749,0.0150095026985972,0.00363802083333334));
#2269=CARTESIAN_POINT('',(-0.017331480846875,0.0100063351323981,0.00390260416666666));
#2270=CARTESIAN_POINT('',(-0.017331480846875,8.02309607639273E-18,0.0041671875));
#2271=CARTESIAN_POINT('',(-0.017331480846875,-0.0100063351323981,0.00443177083333333));
#2272=CARTESIAN_POINT('',(-0.0086657404234375,-0.0150095026985972,0.00469635416666667));
#2273=CARTESIAN_POINT('',(-4.80328979831087E-18,-0.0200126702647962,0.0049609375));
#2274=CARTESIAN_POINT('',(0.00866574042343749,-0.0150095026985972,0.00522552083333333));
#2275=CARTESIAN_POINT('',(0.017331480846875,-0.0100063351323981,0.00549010416666667));
#2276=CARTESIAN_POINT('',(0.017331480846875,5.90060182203182E-18,0.0057546875));
#2277=CARTESIAN_POINT('',(0.017331480846875,0.0100063351323981,0.00601927083333334));
#2278=CARTESIAN_POINT('',(0.0086657404234375,0.0150095026985972,0.00628385416666667));
#2279=CARTESIAN_POINT('',(9.84007181239552E-20,0.0200126702647962,0.0065484375));
#2280=CARTESIAN_POINT('',(-0.00866574042343749,0.0150095026985972,0.00681302083333333));
#2281=CARTESIAN_POINT('',(-0.017331480846875,0.0100063351323981,0.00707760416666667));
#2282=CARTESIAN_POINT('',(-0.017331480846875,8.02309607639273E-18,0.0073421875));
#2283=CARTESIAN_POINT('',(-0.017331480846875,-0.0100063351323981,0.00760677083333333));
#2284=CARTESIAN_POINT('',(-0.0086657404234375,-0.0150095026985972,0.00787135416666667));
#2285=CARTESIAN_POINT('',(-4.80328979831087E-18,-0.0200126702647962,0.0081359375));
#2286=CARTESIAN_POINT('',(0.00866574042343749,-0.0150095026985972,0.00840052083333333));
#2287=CARTESIAN_POINT('',(0.017331480846875,-0.0100063351323981,0.00866510416666666));
#2288=CARTESIAN_POINT('',(0.017331480846875,5.90060182203182E-18,0.0089296875));
#2289=CARTESIAN_POINT('',(0.017331480846875,0.0100063351323981,0.00919427083333333));
#2290=CARTESIAN_POINT('',(0.0086657404234375,0.0150095026985972,0.00945885416666667));
#2291=CARTESIAN_POINT('',(9.84007181239552E-20,0.0200126702647962,0.00972343749999999));
#2292=CARTESIAN_POINT('',(-0.00866574042343749,0.0150095026985972,0.00998802083333333));
#2293=CARTESIAN_POINT('',(-0.017331480846875,0.0100063351323981,0.0102526041666667));
#2294=CARTESIAN_POINT('',(-0.017331480846875,8.02309607639273E-18,0.0105171875));
#2295=CARTESIAN_POINT('',(-0.017331480846875,-0.0100063351323981,0.0107817708333333));
#2296=CARTESIAN_POINT('',(-0.0086657404234375,-0.0150095026985972,0.0110463541666667));
#2297=CARTESIAN_POINT('',(-4.80328979831087E-18,-0.0200126702647962,0.0113109375));
#2298=CARTESIAN_POINT('',(0.00866574042343749,-0.0150095026985972,0.0115755208333333));
#2299=CARTESIAN_POINT('',(0.017331480846875,-0.0100063351323981,0.0118401041666666));
#2300=CARTESIAN_POINT('',(0.017331480846875,5.90060182203182E-18,0.0121046875));
#2301=CARTESIAN_POINT('',(0.017331480846875,0.0100063351323981,0.0123692708333333));
#2302=CARTESIAN_POINT('',(0.0086657404234375,0.0150095026985972,0.0126338541666667));
#2303=CARTESIAN_POINT('',(9.84007181239552E-20,0.0200126702647962,0.0128984375));
#2304=CARTESIAN_POINT('',(-0.00866574042343749,0.0150095026985972,0.0131630208333333));
#2305=CARTESIAN_POINT('',(-0.017331480846875,0.0100063351323981,0.0134276041666667));
#2306=CARTESIAN_POINT('',(-0.017331480846875,8.02309607639273E-18,0.0136921875));
#2307=CARTESIAN_POINT('',(-0.017331480846875,-0.0013732897122207,0.0137284994528663));
#2308=CARTESIAN_POINT('',(-0.0171152087545795,-0.00272944273300611,0.0137676599060714));
#2309=CARTESIAN_POINT('',(0.,-6.76556124188955E-19,0.0254));
#2310=MECHANICAL_DESIGN_GEOMETRIC_PRESENTATION_REPRESENTATION('',(#261),
#2311);
#2311=(
GEOMETRIC_REPRESENTATION_CONTEXT(3)
GLOBAL_UNCERTAINTY_ASSIGNED_CONTEXT((#2312))
GLOBAL_UNIT_ASSIGNED_CONTEXT((#2315,#2314,#2313))
REPRESENTATION_CONTEXT('Part 1','TOP_LEVEL_ASSEMBLY_PART')
);
#2312=UNCERTAINTY_MEASURE_WITH_UNIT(LENGTH_MEASURE(2.E-5),#2315,
'DISTANCE_ACCURACY_VALUE','Maximum Tolerance applied to model');
#2313=(
NAMED_UNIT(*)
SI_UNIT($,.STERADIAN.)
SOLID_ANGLE_UNIT()
);
#2314=(
NAMED_UNIT(*)
PLANE_ANGLE_UNIT()
SI_UNIT($,.RADIAN.)
);
#2315=(
LENGTH_UNIT()
NAMED_UNIT(*)
SI_UNIT($,.METRE.)
);
#2316=PRODUCT_DEFINITION_SHAPE('','',#2317);
#2317=PRODUCT_DEFINITION('','',#2319,#2318);
#2318=PRODUCT_DEFINITION_CONTEXT('',#2325,'design');
#2319=PRODUCT_DEFINITION_FORMATION_WITH_SPECIFIED_SOURCE('','',#2321,
 .NOT_KNOWN.);
#2320=PRODUCT_RELATED_PRODUCT_CATEGORY('','',(#2321));
#2321=PRODUCT('Part 1','Part 1','Part 1',(#2323));
#2322=PRODUCT_CATEGORY('','');
#2323=PRODUCT_CONTEXT('',#2325,'mechanical');
#2324=APPLICATION_PROTOCOL_DEFINITION('international standard',
'ap242_managed_model_based_3d_engineering',2020,#2325);
#2325=APPLICATION_CONTEXT('managed model based 3d engineering');
ENDSEC;
END-ISO-10303-21;
