ISO-10303-21;
HEADER;
/* Generated by software containing ST-Developer
 * from STEP Tools, Inc. (www.steptools.com) 
 */
/* OPTION: using custom renumber hook */

FILE_DESCRIPTION(
/* description */ ('STEP AP242 Edition 2',
'CAx-IF Rec.Pracs.---Representation and Presentation of Product Manufa
cturing Information (PMI)---4.0---2014-10-13',
'CAx-IF Rec.Pracs.---3D Tessellated Geometry---0.4---2014-09-14','2;1',
'CAx-IF Rec.Pracs.---User Defined Attributes---1.5---2016-08-15'),
/* implementation_level */ '2;1');

FILE_NAME(
/* name */ 'Top Cap 2 - Part 1',
/* time_stamp */ '2026-08-16T03:20:36Z',
/* author */ (''),
/* organization */ (''),
/* preprocessor_version */ 'ST-DEVELOPER v20',
/* originating_system */ 'ONSHAPE BY PTC INC, 1.219',
/* authorisation */ '  ');

FILE_SCHEMA (('AP242_MANAGED_MODEL_BASED_3D_ENGINEERING_MIM_LF { 1 0 10303 442 3 1 4 }'));
ENDSEC;

DATA;
#10=SHAPE_REPRESENTATION_RELATIONSHIP('','',#193,#11);
#11=ADVANCED_BREP_SHAPE_REPRESENTATION('',(#191),#1094);
#12=TOROIDAL_SURFACE('',#213,0.015875,0.00635);
#13=(
BOUNDED_CURVE()
B_SPLINE_CURVE(2,(#419,#420,#421,#422,#423,#424,#425,#426,#427,#428,#429,
#430,#431,#432,#433,#434,#435,#436,#437,#438,#439,#440,#441,#442,#443,#444,
#445,#446,#447,#448,#449,#450,#451,#452,#453,#454,#455,#456,#457,#458,#459,
#460,#461,#462,#463,#464,#465,#466,#467,#468,#469,#470,#471,#472,#473,#474,
#475,#476,#477,#478,#479,#480,#481,#482,#483,#484,#485,#486,#487,#488,#489,
#490,#491,#492,#493,#494,#495,#496,#497,#498,#499,#500,#501,#502,#503),
 .UNSPECIFIED.,.F.,.F.)
B_SPLINE_CURVE_WITH_KNOTS((3,2,2,2,2,2,2,2,2,2,2,2,2,2,2,2,2,2,2,2,2,2,
2,2,2,2,2,2,2,2,2,2,2,2,2,2,2,2,2,2,2,2,3),(0.,0.0238095238095238,0.0476190476190476,
0.0714285714285714,0.0952380952380952,0.119047619047619,0.142857142857143,
0.166666666666667,0.19047619047619,0.214285714285714,0.238095238095238,
0.261904761904762,0.285714285714286,0.309523809523809,0.333333333333334,
0.357142857142857,0.380952380952381,0.404761904761905,0.428571428571428,
0.452380952380952,0.476190476190476,0.5,0.523809523809524,0.547619047619048,
0.571428571428571,0.595238095238095,0.619047619047619,0.642857142857143,
0.666666666666667,0.690476190476191,0.714285714285714,0.738095238095238,
0.761904761904762,0.785714285714286,0.80952380952381,0.833333333333333,
0.857142857142857,0.880952380952381,0.904761904761905,0.928571428571429,
0.952380952380952,0.976190476190476,1.),.UNSPECIFIED.)
CURVE()
GEOMETRIC_REPRESENTATION_ITEM()
RATIONAL_B_SPLINE_CURVE((1.,0.866025403784439,1.,0.866025403784439,1.,0.866025403784439,
1.,0.866025403784439,1.,0.866025403784439,1.,0.866025403784439,1.,0.866025403784439,
1.,0.866025403784439,1.,0.866025403784439,1.,0.866025403784439,1.,0.866025403784439,
1.,0.866025403784439,1.,0.866025403784439,1.,0.866025403784439,1.,0.866025403784439,
1.,0.866025403784439,1.,0.866025403784439,1.,0.866025403784439,1.,0.866025403784439,
1.,0.866025403784439,1.,0.866025403784439,1.,0.866025403784439,1.,0.866025403784439,
1.,0.866025403784439,1.,0.866025403784439,1.,0.866025403784439,1.,0.866025403784439,
1.,0.866025403784439,1.,0.866025403784439,1.,0.866025403784439,1.,0.866025403784439,
1.,0.866025403784439,1.,0.866025403784439,1.,0.866025403784439,1.,0.866025403784439,
1.,0.866025403784439,1.,0.866025403784439,1.,0.866025403784439,1.,0.866025403784439,
1.,0.866025403784439,1.,0.866025403784439,1.,0.866025403784439,1.))
REPRESENTATION_ITEM('')
);
#14=(
BOUNDED_CURVE()
B_SPLINE_CURVE(2,(#521,#522,#523,#524,#525,#526,#527,#528,#529,#530,#531,
#532,#533,#534,#535,#536,#537,#538,#539,#540,#541,#542,#543,#544,#545,#546,
#547,#548,#549,#550,#551,#552,#553,#554,#555,#556,#557,#558,#559,#560,#561,
#562,#563,#564,#565,#566,#567,#568,#569,#570,#571,#572,#573,#574,#575,#576,
#577,#578,#579,#580,#581,#582,#583,#584,#585,#586,#587,#588,#589,#590,#591,
#592,#593,#594,#595,#596,#597,#598,#599,#600,#601,#602,#603,#604,#605),
 .UNSPECIFIED.,.F.,.F.)
B_SPLINE_CURVE_WITH_KNOTS((3,2,2,2,2,2,2,2,2,2,2,2,2,2,2,2,2,2,2,2,2,2,
2,2,2,2,2,2,2,2,2,2,2,2,2,2,2,2,2,2,2,2,3),(0.,0.0238095238095238,0.0476190476190476,
0.0714285714285714,0.0952380952380952,0.119047619047619,0.142857142857143,
0.166666666666667,0.19047619047619,0.214285714285714,0.238095238095238,
0.261904761904762,0.285714285714286,0.309523809523809,0.333333333333334,
0.357142857142857,0.380952380952381,0.404761904761905,0.428571428571428,
0.452380952380952,0.476190476190476,0.5,0.523809523809524,0.547619047619048,
0.571428571428571,0.595238095238095,0.619047619047619,0.642857142857143,
0.666666666666667,0.690476190476191,0.714285714285714,0.738095238095238,
0.761904761904762,0.785714285714286,0.80952380952381,0.833333333333333,
0.857142857142857,0.880952380952381,0.904761904761905,0.928571428571429,
0.952380952380952,0.976190476190476,1.),.UNSPECIFIED.)
CURVE()
GEOMETRIC_REPRESENTATION_ITEM()
RATIONAL_B_SPLINE_CURVE((1.,0.866025403784439,1.,0.866025403784439,1.,0.866025403784439,
1.,0.866025403784439,1.,0.866025403784439,1.,0.866025403784439,1.,0.866025403784439,
1.,0.866025403784439,1.,0.866025403784439,1.,0.866025403784439,1.,0.866025403784439,
1.,0.866025403784439,1.,0.866025403784439,1.,0.866025403784439,1.,0.866025403784439,
1.,0.866025403784439,1.,0.866025403784439,1.,0.866025403784439,1.,0.866025403784439,
1.,0.866025403784439,1.,0.866025403784439,1.,0.866025403784439,1.,0.866025403784439,
1.,0.866025403784439,1.,0.866025403784439,1.,0.866025403784439,1.,0.866025403784439,
1.,0.866025403784439,1.,0.866025403784439,1.,0.866025403784439,1.,0.866025403784439,
1.,0.866025403784439,1.,0.866025403784439,1.,0.866025403784439,1.,0.866025403784439,
1.,0.866025403784439,1.,0.866025403784439,1.,0.866025403784439,1.,0.866025403784439,
1.,0.866025403784439,1.,0.866025403784439,1.,0.866025403784439,1.))
REPRESENTATION_ITEM('')
);
#15=(
BOUNDED_CURVE()
B_SPLINE_CURVE(2,(#722,#723,#724,#725,#726,#727,#728,#729,#730,#731,#732,
#733,#734,#735,#736,#737,#738,#739,#740,#741,#742,#743,#744,#745,#746,#747,
#748,#749,#750,#751,#752,#753,#754,#755,#756,#757,#758,#759,#760,#761,#762,
#763,#764,#765,#766,#767,#768,#769,#770,#771,#772,#773,#774,#775,#776,#777,
#778,#779,#780,#781,#782,#783,#784,#785,#786,#787,#788,#789,#790,#791,#792,
#793,#794,#795,#796,#797,#798,#799,#800,#801,#802,#803,#804,#805,#806),
 .UNSPECIFIED.,.F.,.F.)
B_SPLINE_CURVE_WITH_KNOTS((3,2,2,2,2,2,2,2,2,2,2,2,2,2,2,2,2,2,2,2,2,2,
2,2,2,2,2,2,2,2,2,2,2,2,2,2,2,2,2,2,2,2,3),(0.,0.0238095238095238,0.0476190476190476,
0.0714285714285714,0.0952380952380952,0.119047619047619,0.142857142857143,
0.166666666666667,0.19047619047619,0.214285714285714,0.238095238095238,
0.261904761904762,0.285714285714286,0.309523809523809,0.333333333333334,
0.357142857142857,0.380952380952381,0.404761904761905,0.428571428571428,
0.452380952380952,0.476190476190476,0.5,0.523809523809524,0.547619047619048,
0.571428571428571,0.595238095238095,0.619047619047619,0.642857142857143,
0.666666666666667,0.690476190476191,0.714285714285714,0.738095238095238,
0.761904761904762,0.785714285714286,0.80952380952381,0.833333333333333,
0.857142857142857,0.880952380952381,0.904761904761905,0.928571428571429,
0.952380952380952,0.976190476190476,1.),.UNSPECIFIED.)
CURVE()
GEOMETRIC_REPRESENTATION_ITEM()
RATIONAL_B_SPLINE_CURVE((1.,0.866025403784439,1.,0.866025403784439,1.,0.866025403784439,
1.,0.866025403784439,1.,0.866025403784439,1.,0.866025403784439,1.,0.866025403784439,
1.,0.866025403784439,1.,0.866025403784439,1.,0.866025403784439,1.,0.866025403784439,
1.,0.866025403784439,1.,0.866025403784439,1.,0.866025403784439,1.,0.866025403784439,
1.,0.866025403784439,1.,0.866025403784439,1.,0.866025403784439,1.,0.866025403784439,
1.,0.866025403784439,1.,0.866025403784439,1.,0.866025403784439,1.,0.866025403784439,
1.,0.866025403784439,1.,0.866025403784439,1.,0.866025403784439,1.,0.866025403784439,
1.,0.866025403784439,1.,0.866025403784439,1.,0.866025403784439,1.,0.866025403784439,
1.,0.866025403784439,1.,0.866025403784439,1.,0.866025403784439,1.,0.866025403784439,
1.,0.866025403784439,1.,0.866025403784439,1.,0.866025403784439,1.,0.866025403784439,
1.,0.866025403784439,1.,0.866025403784439,1.,0.866025403784439,1.))
REPRESENTATION_ITEM('')
);
#16=(
BOUNDED_CURVE()
B_SPLINE_CURVE(2,(#807,#808,#809,#810,#811,#812,#813,#814,#815,#816,#817,
#818,#819,#820,#821,#822,#823,#824,#825,#826,#827,#828,#829,#830,#831,#832,
#833,#834,#835,#836,#837,#838,#839,#840,#841,#842,#843,#844,#845,#846,#847,
#848,#849,#850,#851,#852,#853,#854,#855,#856,#857,#858,#859,#860,#861,#862,
#863,#864,#865,#866,#867,#868,#869,#870,#871,#872,#873,#874,#875,#876,#877,
#878,#879,#880,#881,#882,#883,#884,#885,#886,#887,#888,#889,#890,#891),
 .UNSPECIFIED.,.F.,.F.)
B_SPLINE_CURVE_WITH_KNOTS((3,2,2,2,2,2,2,2,2,2,2,2,2,2,2,2,2,2,2,2,2,2,
2,2,2,2,2,2,2,2,2,2,2,2,2,2,2,2,2,2,2,2,3),(0.,0.0238095238095238,0.0476190476190476,
0.0714285714285714,0.0952380952380952,0.119047619047619,0.142857142857143,
0.166666666666667,0.19047619047619,0.214285714285714,0.238095238095238,
0.261904761904762,0.285714285714286,0.309523809523809,0.333333333333334,
0.357142857142857,0.380952380952381,0.404761904761905,0.428571428571428,
0.452380952380952,0.476190476190476,0.5,0.523809523809524,0.547619047619048,
0.571428571428571,0.595238095238095,0.619047619047619,0.642857142857143,
0.666666666666667,0.690476190476191,0.714285714285714,0.738095238095238,
0.761904761904762,0.785714285714286,0.80952380952381,0.833333333333333,
0.857142857142857,0.880952380952381,0.904761904761905,0.928571428571429,
0.952380952380952,0.976190476190476,1.),.UNSPECIFIED.)
CURVE()
GEOMETRIC_REPRESENTATION_ITEM()
RATIONAL_B_SPLINE_CURVE((1.,0.866025403784439,1.,0.866025403784439,1.,0.866025403784439,
1.,0.866025403784439,1.,0.866025403784439,1.,0.866025403784439,1.,0.866025403784439,
1.,0.866025403784439,1.,0.866025403784439,1.,0.866025403784439,1.,0.866025403784439,
1.,0.866025403784439,1.,0.866025403784439,1.,0.866025403784439,1.,0.866025403784439,
1.,0.866025403784439,1.,0.866025403784439,1.,0.866025403784439,1.,0.866025403784439,
1.,0.866025403784439,1.,0.866025403784439,1.,0.866025403784439,1.,0.866025403784439,
1.,0.866025403784439,1.,0.866025403784439,1.,0.866025403784439,1.,0.866025403784439,
1.,0.866025403784439,1.,0.866025403784439,1.,0.866025403784439,1.,0.866025403784439,
1.,0.866025403784439,1.,0.866025403784439,1.,0.866025403784439,1.,0.866025403784439,
1.,0.866025403784439,1.,0.866025403784439,1.,0.866025403784439,1.,0.866025403784439,
1.,0.866025403784439,1.,0.866025403784439,1.,0.866025403784439,1.))
REPRESENTATION_ITEM('')
);
#17=(
BOUNDED_SURFACE()
B_SPLINE_SURFACE(1,2,((#317,#318,#319,#320,#321,#322,#323,#324,#325,#326,
#327,#328,#329,#330,#331,#332,#333,#334,#335,#336,#337,#338,#339,#340,#341,
#342,#343,#344,#345,#346,#347,#348,#349,#350,#351,#352,#353,#354,#355,#356,
#357,#358,#359,#360,#361,#362,#363,#364,#365,#366,#367),(#368,#369,#370,
#371,#372,#373,#374,#375,#376,#377,#378,#379,#380,#381,#382,#383,#384,#385,
#386,#387,#388,#389,#390,#391,#392,#393,#394,#395,#396,#397,#398,#399,#400,
#401,#402,#403,#404,#405,#406,#407,#408,#409,#410,#411,#412,#413,#414,#415,
#416,#417,#418)),.UNSPECIFIED.,.F.,.F.,.F.)
B_SPLINE_SURFACE_WITH_KNOTS((2,2),(3,2,2,2,2,2,2,2,2,2,2,2,2,2,2,2,2,2,
2,2,2,2,2,2,2,3),(0.,1.),(0.238003107721303,0.238095238095238,0.261904761904762,
0.285714285714286,0.309523809523809,0.333333333333334,0.357142857142857,
0.380952380952381,0.404761904761905,0.428571428571428,0.452380952380952,
0.476190476190476,0.5,0.523809523809524,0.547619047619048,0.571428571428571,
0.595238095238095,0.619047619047619,0.642857142857143,0.666666666666667,
0.690476190476191,0.714285714285714,0.738095238095238,0.761904761904762,
0.785714285714286,0.803197040191921),.PIECEWISE_BEZIER_KNOTS.)
GEOMETRIC_REPRESENTATION_ITEM()
RATIONAL_B_SPLINE_SURFACE(((0.998967189070624,0.99948158855482,1.,0.866025403784439,
1.,0.866025403784439,1.,0.866025403784439,1.,0.866025403784439,1.,0.866025403784439,
1.,0.866025403784439,1.,0.866025403784439,1.,0.866025403784439,1.,0.866025403784439,
1.,0.866025403784439,1.,0.866025403784439,1.,0.866025403784439,1.,0.866025403784439,
1.,0.866025403784439,1.,0.866025403784439,1.,0.866025403784439,1.,0.866025403784439,
1.,0.866025403784439,1.,0.866025403784439,1.,0.866025403784439,1.,0.866025403784439,
1.,0.866025403784439,1.,0.866025403784439,1.,0.901625711181172,0.947719119582187),
(0.998967189070624,0.99948158855482,1.,0.866025403784439,1.,0.866025403784439,
1.,0.866025403784439,1.,0.866025403784439,1.,0.866025403784439,1.,0.866025403784439,
1.,0.866025403784439,1.,0.866025403784439,1.,0.866025403784439,1.,0.866025403784439,
1.,0.866025403784439,1.,0.866025403784439,1.,0.866025403784439,1.,0.866025403784439,
1.,0.866025403784439,1.,0.866025403784439,1.,0.866025403784439,1.,0.866025403784439,
1.,0.866025403784439,1.,0.866025403784439,1.,0.866025403784439,1.,0.866025403784439,
1.,0.866025403784439,1.,0.901625711181172,0.947719119582187)))
REPRESENTATION_ITEM('')
SURFACE()
);
#18=(
BOUNDED_SURFACE()
B_SPLINE_SURFACE(1,2,((#606,#607,#608,#609,#610,#611,#612,#613,#614,#615,
#616,#617,#618,#619,#620,#621,#622,#623,#624,#625,#626,#627,#628,#629,#630,
#631,#632,#633,#634,#635,#636,#637,#638,#639,#640,#641,#642,#643,#644,#645,
#646,#647,#648,#649,#650,#651,#652,#653,#654,#655,#656),(#657,#658,#659,
#660,#661,#662,#663,#664,#665,#666,#667,#668,#669,#670,#671,#672,#673,#674,
#675,#676,#677,#678,#679,#680,#681,#682,#683,#684,#685,#686,#687,#688,#689,
#690,#691,#692,#693,#694,#695,#696,#697,#698,#699,#700,#701,#702,#703,#704,
#705,#706,#707)),.UNSPECIFIED.,.F.,.F.,.F.)
B_SPLINE_SURFACE_WITH_KNOTS((2,2),(3,2,2,2,2,2,2,2,2,2,2,2,2,2,2,2,2,2,
2,2,2,2,2,2,2,3),(0.,1.),(0.175218361036177,0.19047619047619,0.214285714285714,
0.238095238095238,0.261904761904762,0.285714285714286,0.309523809523809,
0.333333333333334,0.357142857142857,0.380952380952381,0.404761904761905,
0.428571428571428,0.452380952380952,0.476190476190476,0.5,0.523809523809524,
0.547619047619048,0.571428571428571,0.595238095238095,0.619047619047619,
0.642857142857143,0.666666666666667,0.690476190476191,0.714285714285714,
0.738095238095238,0.740769085315237),.PIECEWISE_BEZIER_KNOTS.)
GEOMETRIC_REPRESENTATION_ITEM()
RATIONAL_B_SPLINE_SURFACE(((0.938326874235276,0.91414521538923,1.,0.866025403784439,
1.,0.866025403784439,1.,0.866025403784439,1.,0.866025403784439,1.,0.866025403784439,
1.,0.866025403784439,1.,0.866025403784439,1.,0.866025403784439,1.,0.866025403784439,
1.,0.866025403784439,1.,0.866025403784439,1.,0.866025403784439,1.,0.866025403784439,
1.,0.866025403784439,1.,0.866025403784439,1.,0.866025403784439,1.,0.866025403784439,
1.,0.866025403784439,1.,0.866025403784439,1.,0.866025403784439,1.,0.866025403784439,
1.,0.866025403784439,1.,0.866025403784439,1.,0.984954440731059,0.973288161715383),
(0.938326874235276,0.91414521538923,1.,0.866025403784439,1.,0.866025403784439,
1.,0.866025403784439,1.,0.866025403784439,1.,0.866025403784439,1.,0.866025403784439,
1.,0.866025403784439,1.,0.866025403784439,1.,0.866025403784439,1.,0.866025403784439,
1.,0.866025403784439,1.,0.866025403784439,1.,0.866025403784439,1.,0.866025403784439,
1.,0.866025403784439,1.,0.866025403784439,1.,0.866025403784439,1.,0.866025403784439,
1.,0.866025403784439,1.,0.866025403784439,1.,0.866025403784439,1.,0.866025403784439,
1.,0.866025403784439,1.,0.984954440731059,0.973288161715383)))
REPRESENTATION_ITEM('')
SURFACE()
);
#19=(
BOUNDED_SURFACE()
B_SPLINE_SURFACE(3,2,((#892,#893,#894,#895,#896,#897,#898,#899,#900,#901,
#902,#903,#904,#905,#906,#907,#908,#909,#910,#911,#912,#913,#914,#915,#916,
#917,#918,#919,#920,#921,#922,#923,#924,#925,#926,#927,#928,#929,#930,#931,
#932,#933,#934,#935,#936,#937,#938),(#939,#940,#941,#942,#943,#944,#945,
#946,#947,#948,#949,#950,#951,#952,#953,#954,#955,#956,#957,#958,#959,#960,
#961,#962,#963,#964,#965,#966,#967,#968,#969,#970,#971,#972,#973,#974,#975,
#976,#977,#978,#979,#980,#981,#982,#983,#984,#985),(#986,#987,#988,#989,
#990,#991,#992,#993,#994,#995,#996,#997,#998,#999,#1000,#1001,#1002,#1003,
#1004,#1005,#1006,#1007,#1008,#1009,#1010,#1011,#1012,#1013,#1014,#1015,
#1016,#1017,#1018,#1019,#1020,#1021,#1022,#1023,#1024,#1025,#1026,#1027,
#1028,#1029,#1030,#1031,#1032),(#1033,#1034,#1035,#1036,#1037,#1038,#1039,
#1040,#1041,#1042,#1043,#1044,#1045,#1046,#1047,#1048,#1049,#1050,#1051,
#1052,#1053,#1054,#1055,#1056,#1057,#1058,#1059,#1060,#1061,#1062,#1063,
#1064,#1065,#1066,#1067,#1068,#1069,#1070,#1071,#1072,#1073,#1074,#1075,
#1076,#1077,#1078,#1079)),.UNSPECIFIED.,.F.,.F.,.F.)
B_SPLINE_SURFACE_WITH_KNOTS((4,4),(3,2,2,2,2,2,2,2,2,2,2,2,2,2,2,2,2,2,
2,2,2,2,2,3),(0.,1.),(0.220212757274415,0.238095238095238,0.261904761904762,
0.285714285714286,0.309523809523809,0.333333333333334,0.357142857142857,
0.380952380952381,0.404761904761905,0.428571428571428,0.452380952380952,
0.476190476190476,0.5,0.523809523809524,0.547619047619048,0.571428571428571,
0.595238095238095,0.619047619047619,0.642857142857143,0.666666666666667,
0.690476190476191,0.714285714285714,0.738095238095238,0.758253158482888),
 .PIECEWISE_BEZIER_KNOTS.)
GEOMETRIC_REPRESENTATION_ITEM()
RATIONAL_B_SPLINE_SURFACE(((0.949902404899301,0.899376477813301,1.,0.866025403784439,
1.,0.866025403784439,1.,0.866025403784439,1.,0.866025403784439,1.,0.866025403784439,
1.,0.866025403784439,1.,0.866025403784439,1.,0.866025403784439,1.,0.866025403784439,
1.,0.866025403784439,1.,0.866025403784439,1.,0.866025403784439,1.,0.866025403784439,
1.,0.866025403784439,1.,0.866025403784439,1.,0.866025403784439,1.,0.866025403784439,
1.,0.866025403784439,1.,0.866025403784439,1.,0.866025403784439,1.,0.866025403784439,
1.,0.886572731731809,0.965207922320872),(0.696595096926154,0.65954275039642,
0.733333333333333,0.635085296108588,0.733333333333333,0.635085296108588,
0.733333333333333,0.635085296108588,0.733333333333333,0.635085296108588,
0.733333333333333,0.635085296108588,0.733333333333333,0.635085296108588,
0.733333333333333,0.635085296108588,0.733333333333333,0.635085296108588,
0.733333333333333,0.635085296108588,0.733333333333333,0.635085296108588,
0.733333333333333,0.635085296108588,0.733333333333333,0.635085296108588,
0.733333333333333,0.635085296108588,0.733333333333333,0.635085296108588,
0.733333333333333,0.635085296108588,0.733333333333333,0.635085296108588,
0.733333333333333,0.635085296108588,0.733333333333333,0.635085296108588,
0.733333333333333,0.635085296108588,0.733333333333333,0.635085296108588,
0.733333333333333,0.635085296108588,0.733333333333333,0.650153336603326,
0.707819143035305),(0.696595096926154,0.65954275039642,0.733333333333333,
0.635085296108588,0.733333333333333,0.635085296108588,0.733333333333333,
0.635085296108588,0.733333333333333,0.635085296108588,0.733333333333333,
0.635085296108588,0.733333333333333,0.635085296108588,0.733333333333333,
0.635085296108588,0.733333333333333,0.635085296108588,0.733333333333333,
0.635085296108588,0.733333333333333,0.635085296108588,0.733333333333333,
0.635085296108588,0.733333333333333,0.635085296108588,0.733333333333333,
0.635085296108588,0.733333333333333,0.635085296108588,0.733333333333333,
0.635085296108588,0.733333333333333,0.635085296108588,0.733333333333333,
0.635085296108588,0.733333333333333,0.635085296108588,0.733333333333333,
0.635085296108588,0.733333333333333,0.635085296108588,0.733333333333333,
0.635085296108588,0.733333333333333,0.650153336603326,0.707819143035305),
(0.949902404899301,0.899376477813301,1.,0.866025403784439,1.,0.866025403784439,
1.,0.866025403784439,1.,0.866025403784439,1.,0.866025403784439,1.,0.866025403784439,
1.,0.866025403784439,1.,0.866025403784439,1.,0.866025403784439,1.,0.866025403784439,
1.,0.866025403784439,1.,0.866025403784439,1.,0.866025403784439,1.,0.866025403784439,
1.,0.866025403784439,1.,0.866025403784439,1.,0.866025403784439,1.,0.866025403784439,
1.,0.866025403784439,1.,0.866025403784439,1.,0.866025403784439,1.,0.886572731731809,
0.965207922320872)))
REPRESENTATION_ITEM('')
SURFACE()
);
#20=CONICAL_SURFACE('',#206,0.01905,0.785398163397448);
#21=CYLINDRICAL_SURFACE('',#198,0.022225);
#22=CYLINDRICAL_SURFACE('',#212,0.0174625);
#23=CYLINDRICAL_SURFACE('',#214,0.00635);
#24=B_SPLINE_CURVE_WITH_KNOTS('',3,(#261,#262,#263,#264,#265,#266,#267,
#268,#269,#270,#271,#272,#273),.UNSPECIFIED.,.F.,.F.,(4,1,1,1,1,1,1,1,1,
1,4),(0.0392729471828076,0.0437683268240693,0.0460160166447001,0.0482637064653309,
0.0505113962859618,0.0527590861065926,0.0572544657478543,0.0595021555684851,
0.0617498453891159,0.0662452250303776,0.0752359843129009),.UNSPECIFIED.);
#25=B_SPLINE_CURVE_WITH_KNOTS('',3,(#278,#279,#280,#281,#282,#283,#284,
#285,#286,#287,#288,#289,#290),.UNSPECIFIED.,.F.,.F.,(4,1,1,1,1,1,1,1,1,
1,4),(0.0311213111517546,0.0356428191845923,0.0401643272174299,0.0446858352502676,
0.0469465892666865,0.0492073432831053,0.053728851315943,0.0559896053323618,
0.0582503593487806,0.0627718673816183,0.067293375414456),.UNSPECIFIED.);
#26=B_SPLINE_CURVE_WITH_KNOTS('',3,(#292,#293,#294,#295,#296,#297,#298),
 .UNSPECIFIED.,.F.,.F.,(4,1,1,1,4),(0.0350649333649129,0.0388463194474767,
0.0426277055300404,0.0464090916126041,0.0501904776951678),.UNSPECIFIED.);
#27=B_SPLINE_CURVE_WITH_KNOTS('',3,(#505,#506,#507,#508,#509,#510,#511,
#512,#513,#514,#515),.UNSPECIFIED.,.F.,.F.,(4,1,1,1,1,1,1,1,4),(0.0243782719385935,
0.0326398215081009,0.0367705962928546,0.0409013710776083,0.0429667584699851,
0.045032145862362,0.0491629206471157,0.0532936954318694,0.0574244702166231),
 .UNSPECIFIED.);
#28=B_SPLINE_CURVE_WITH_KNOTS('',3,(#516,#517,#518,#519),.UNSPECIFIED.,
 .F.,.F.,(4,4),(1.73472347597681E-18,0.00287163953759471),.UNSPECIFIED.);
#29=B_SPLINE_CURVE_WITH_KNOTS('',3,(#708,#709,#710,#711),.UNSPECIFIED.,
 .F.,.F.,(4,4),(3.46944695195361E-18,0.0027902259725475),.UNSPECIFIED.);
#30=B_SPLINE_CURVE_WITH_KNOTS('',3,(#713,#714,#715,#716,#717,#718,#719,
#720),.UNSPECIFIED.,.F.,.F.,(4,1,1,1,1,4),(0.0658650525685579,0.0742511888046428,
0.0826373250407278,0.0868303931587703,0.0910234612768128,0.0994095975128978),
 .UNSPECIFIED.);
#31=B_SPLINE_CURVE_WITH_KNOTS('',3,(#1080,#1081,#1082,#1083,#1084,#1085,
#1086),.UNSPECIFIED.,.F.,.F.,(4,1,1,1,4),(1.73472347597681E-18,0.00382756981976786,
0.00765513963953572,0.0114827094593036,0.0153102792790714),
 .UNSPECIFIED.);
#32=ORIENTED_EDGE('',*,*,#76,.F.);
#33=ORIENTED_EDGE('',*,*,#77,.F.);
#34=ORIENTED_EDGE('',*,*,#78,.T.);
#35=ORIENTED_EDGE('',*,*,#79,.F.);
#36=ORIENTED_EDGE('',*,*,#80,.F.);
#37=ORIENTED_EDGE('',*,*,#81,.T.);
#38=ORIENTED_EDGE('',*,*,#82,.T.);
#39=ORIENTED_EDGE('',*,*,#83,.F.);
#40=ORIENTED_EDGE('',*,*,#84,.T.);
#41=ORIENTED_EDGE('',*,*,#85,.T.);
#42=ORIENTED_EDGE('',*,*,#82,.F.);
#43=ORIENTED_EDGE('',*,*,#85,.F.);
#44=ORIENTED_EDGE('',*,*,#86,.F.);
#45=ORIENTED_EDGE('',*,*,#87,.F.);
#46=ORIENTED_EDGE('',*,*,#79,.T.);
#47=ORIENTED_EDGE('',*,*,#88,.F.);
#48=ORIENTED_EDGE('',*,*,#89,.F.);
#49=ORIENTED_EDGE('',*,*,#90,.F.);
#50=ORIENTED_EDGE('',*,*,#91,.T.);
#51=ORIENTED_EDGE('',*,*,#92,.F.);
#52=ORIENTED_EDGE('',*,*,#93,.F.);
#53=ORIENTED_EDGE('',*,*,#94,.T.);
#54=ORIENTED_EDGE('',*,*,#77,.T.);
#55=ORIENTED_EDGE('',*,*,#95,.F.);
#56=ORIENTED_EDGE('',*,*,#80,.T.);
#57=ORIENTED_EDGE('',*,*,#91,.F.);
#58=ORIENTED_EDGE('',*,*,#96,.F.);
#59=ORIENTED_EDGE('',*,*,#95,.T.);
#60=ORIENTED_EDGE('',*,*,#86,.T.);
#61=ORIENTED_EDGE('',*,*,#92,.T.);
#62=ORIENTED_EDGE('',*,*,#96,.T.);
#63=ORIENTED_EDGE('',*,*,#90,.T.);
#64=ORIENTED_EDGE('',*,*,#93,.T.);
#65=ORIENTED_EDGE('',*,*,#87,.T.);
#66=ORIENTED_EDGE('',*,*,#89,.T.);
#67=ORIENTED_EDGE('',*,*,#97,.F.);
#68=ORIENTED_EDGE('',*,*,#97,.T.);
#69=ORIENTED_EDGE('',*,*,#88,.T.);
#70=ORIENTED_EDGE('',*,*,#78,.F.);
#71=ORIENTED_EDGE('',*,*,#94,.F.);
#72=ORIENTED_EDGE('',*,*,#81,.F.);
#73=ORIENTED_EDGE('',*,*,#84,.F.);
#74=ORIENTED_EDGE('',*,*,#76,.T.);
#75=ORIENTED_EDGE('',*,*,#83,.T.);
#76=EDGE_CURVE('',#98,#98,#114,.T.);
#77=EDGE_CURVE('',#99,#100,#24,.F.);
#78=EDGE_CURVE('',#99,#101,#115,.T.);
#79=EDGE_CURVE('',#102,#101,#25,.T.);
#80=EDGE_CURVE('',#100,#102,#26,.T.);
#81=EDGE_CURVE('',#103,#103,#116,.F.);
#82=EDGE_CURVE('',#104,#104,#117,.T.);
#83=EDGE_CURVE('',#105,#105,#118,.T.);
#84=EDGE_CURVE('',#106,#106,#119,.T.);
#85=EDGE_CURVE('',#107,#107,#120,.T.);
#86=EDGE_CURVE('',#108,#109,#121,.F.);
#87=EDGE_CURVE('',#109,#108,#122,.F.);
#88=EDGE_CURVE('',#110,#101,#13,.T.);
#89=EDGE_CURVE('',#108,#110,#27,.T.);
#90=EDGE_CURVE('',#111,#108,#28,.T.);
#91=EDGE_CURVE('',#111,#102,#14,.T.);
#92=EDGE_CURVE('',#109,#112,#29,.T.);
#93=EDGE_CURVE('',#113,#109,#30,.T.);
#94=EDGE_CURVE('',#113,#99,#15,.T.);
#95=EDGE_CURVE('',#112,#100,#16,.T.);
#96=EDGE_CURVE('',#112,#111,#31,.T.);
#97=EDGE_CURVE('',#113,#110,#123,.T.);
#98=VERTEX_POINT('',#260);
#99=VERTEX_POINT('',#274);
#100=VERTEX_POINT('',#275);
#101=VERTEX_POINT('',#277);
#102=VERTEX_POINT('',#291);
#103=VERTEX_POINT('',#301);
#104=VERTEX_POINT('',#303);
#105=VERTEX_POINT('',#306);
#106=VERTEX_POINT('',#308);
#107=VERTEX_POINT('',#311);
#108=VERTEX_POINT('',#314);
#109=VERTEX_POINT('',#315);
#110=VERTEX_POINT('',#504);
#111=VERTEX_POINT('',#520);
#112=VERTEX_POINT('',#712);
#113=VERTEX_POINT('',#721);
#114=CIRCLE('',#196,0.00635);
#115=CIRCLE('',#197,0.0174625);
#116=CIRCLE('',#199,0.022225);
#117=CIRCLE('',#200,0.022225);
#118=CIRCLE('',#202,0.00635);
#119=CIRCLE('',#203,0.015875);
#120=CIRCLE('',#205,0.02032);
#121=CIRCLE('',#207,0.01905);
#122=CIRCLE('',#208,0.01905);
#123=CIRCLE('',#211,0.0174625);
#124=EDGE_LOOP('',(#32));
#125=EDGE_LOOP('',(#33,#34,#35,#36));
#126=EDGE_LOOP('',(#37));
#127=EDGE_LOOP('',(#38));
#128=EDGE_LOOP('',(#39));
#129=EDGE_LOOP('',(#40));
#130=EDGE_LOOP('',(#41));
#131=EDGE_LOOP('',(#42));
#132=EDGE_LOOP('',(#43));
#133=EDGE_LOOP('',(#44,#45));
#134=EDGE_LOOP('',(#46,#47,#48,#49,#50));
#135=EDGE_LOOP('',(#51,#52,#53,#54,#55));
#136=EDGE_LOOP('',(#56,#57,#58,#59));
#137=EDGE_LOOP('',(#60,#61,#62,#63));
#138=EDGE_LOOP('',(#64,#65,#66,#67));
#139=EDGE_LOOP('',(#68,#69,#70,#71));
#140=EDGE_LOOP('',(#72));
#141=EDGE_LOOP('',(#73));
#142=EDGE_LOOP('',(#74));
#143=EDGE_LOOP('',(#75));
#144=FACE_BOUND('',#124,.T.);
#145=FACE_BOUND('',#125,.T.);
#146=FACE_BOUND('',#126,.T.);
#147=FACE_BOUND('',#127,.T.);
#148=FACE_BOUND('',#128,.T.);
#149=FACE_BOUND('',#129,.T.);
#150=FACE_BOUND('',#130,.T.);
#151=FACE_BOUND('',#131,.T.);
#152=FACE_BOUND('',#132,.T.);
#153=FACE_BOUND('',#133,.T.);
#154=FACE_BOUND('',#134,.T.);
#155=FACE_BOUND('',#135,.T.);
#156=FACE_BOUND('',#136,.T.);
#157=FACE_BOUND('',#137,.T.);
#158=FACE_BOUND('',#138,.T.);
#159=FACE_BOUND('',#139,.T.);
#160=FACE_BOUND('',#140,.T.);
#161=FACE_BOUND('',#141,.T.);
#162=FACE_BOUND('',#142,.T.);
#163=FACE_BOUND('',#143,.T.);
#164=PLANE('',#195);
#165=PLANE('',#201);
#166=PLANE('',#204);
#167=PLANE('',#209);
#168=PLANE('',#210);
#169=ADVANCED_FACE('',(#144,#145),#164,.T.);
#170=ADVANCED_FACE('',(#146,#147),#21,.T.);
#171=ADVANCED_FACE('',(#148,#149),#165,.T.);
#172=ADVANCED_FACE('',(#150,#151),#166,.F.);
#173=ADVANCED_FACE('',(#152,#153),#20,.F.);
#174=ADVANCED_FACE('',(#154),#17,.F.);
#175=ADVANCED_FACE('',(#155),#18,.F.);
#176=ADVANCED_FACE('',(#156),#19,.F.);
#177=ADVANCED_FACE('',(#157),#167,.F.);
#178=ADVANCED_FACE('',(#158),#168,.T.);
#179=ADVANCED_FACE('',(#159),#22,.F.);
#180=ADVANCED_FACE('',(#160,#161),#12,.T.);
#181=ADVANCED_FACE('',(#162,#163),#23,.F.);
#182=CLOSED_SHELL('',(#169,#170,#171,#172,#173,#174,#175,#176,#177,#178,
#179,#180,#181));
#183=STYLED_ITEM('',(#184),#191);
#184=PRESENTATION_STYLE_ASSIGNMENT((#185));
#185=SURFACE_STYLE_USAGE(.BOTH.,#186);
#186=SURFACE_SIDE_STYLE('',(#187));
#187=SURFACE_STYLE_FILL_AREA(#188);
#188=FILL_AREA_STYLE('',(#189));
#189=FILL_AREA_STYLE_COLOUR('',#190);
#190=COLOUR_RGB('',0.615686274509804,0.811764705882353,0.929411764705882);
#191=MANIFOLD_SOLID_BREP('Part 1',#182);
#192=SHAPE_DEFINITION_REPRESENTATION(#1099,#193);
#193=SHAPE_REPRESENTATION('Part 1',(#194),#1094);
#194=AXIS2_PLACEMENT_3D('',#257,#215,#216);
#195=AXIS2_PLACEMENT_3D('',#258,#217,#218);
#196=AXIS2_PLACEMENT_3D('',#259,#219,#220);
#197=AXIS2_PLACEMENT_3D('',#276,#221,#222);
#198=AXIS2_PLACEMENT_3D('',#299,#223,#224);
#199=AXIS2_PLACEMENT_3D('',#300,#225,#226);
#200=AXIS2_PLACEMENT_3D('',#302,#227,#228);
#201=AXIS2_PLACEMENT_3D('',#304,#229,#230);
#202=AXIS2_PLACEMENT_3D('',#305,#231,#232);
#203=AXIS2_PLACEMENT_3D('',#307,#233,#234);
#204=AXIS2_PLACEMENT_3D('',#309,#235,#236);
#205=AXIS2_PLACEMENT_3D('',#310,#237,#238);
#206=AXIS2_PLACEMENT_3D('',#312,#239,#240);
#207=AXIS2_PLACEMENT_3D('',#313,#241,#242);
#208=AXIS2_PLACEMENT_3D('',#316,#243,#244);
#209=AXIS2_PLACEMENT_3D('',#1087,#245,#246);
#210=AXIS2_PLACEMENT_3D('',#1088,#247,#248);
#211=AXIS2_PLACEMENT_3D('',#1089,#249,#250);
#212=AXIS2_PLACEMENT_3D('',#1090,#251,#252);
#213=AXIS2_PLACEMENT_3D('',#1091,#253,#254);
#214=AXIS2_PLACEMENT_3D('',#1092,#255,#256);
#215=DIRECTION('',(0.,0.,1.));
#216=DIRECTION('',(1.,0.,0.));
#217=DIRECTION('',(0.,0.,-1.));
#218=DIRECTION('',(1.,0.,0.));
#219=DIRECTION('',(0.,0.,-1.));
#220=DIRECTION('',(-1.,0.,0.));
#221=DIRECTION('',(0.,0.,-1.));
#222=DIRECTION('',(-1.,0.,0.));
#223=DIRECTION('',(0.,0.,-1.));
#224=DIRECTION('',(-1.,0.,0.));
#225=DIRECTION('',(0.,0.,1.));
#226=DIRECTION('',(1.,0.,0.));
#227=DIRECTION('',(0.,0.,1.));
#228=DIRECTION('',(1.,0.,0.));
#229=DIRECTION('',(0.,0.,1.));
#230=DIRECTION('',(1.,0.,0.));
#231=DIRECTION('',(0.,0.,1.));
#232=DIRECTION('',(1.,0.,0.));
#233=DIRECTION('',(0.,0.,1.));
#234=DIRECTION('',(1.,0.,0.));
#235=DIRECTION('',(0.,0.,1.));
#236=DIRECTION('',(1.,0.,0.));
#237=DIRECTION('',(0.,0.,1.));
#238=DIRECTION('',(1.,0.,0.));
#239=DIRECTION('',(0.,0.,-1.));
#240=DIRECTION('',(-1.,0.,0.));
#241=DIRECTION('',(0.,0.,1.));
#242=DIRECTION('',(1.,0.,0.));
#243=DIRECTION('',(0.,0.,1.));
#244=DIRECTION('',(1.,0.,0.));
#245=DIRECTION('',(0.,0.,-1.));
#246=DIRECTION('',(-1.,0.,0.));
#247=DIRECTION('',(0.,0.,-1.));
#248=DIRECTION('',(-1.,0.,0.));
#249=DIRECTION('',(0.,0.,-1.));
#250=DIRECTION('',(-1.,0.,0.));
#251=DIRECTION('',(0.,0.,1.));
#252=DIRECTION('',(1.,0.,0.));
#253=DIRECTION('',(0.,0.,1.));
#254=DIRECTION('',(1.,0.,0.));
#255=DIRECTION('',(0.,0.,1.));
#256=DIRECTION('',(1.,0.,0.));
#257=CARTESIAN_POINT('',(0.,0.,0.));
#258=CARTESIAN_POINT('',(0.,0.,0.0127));
#259=CARTESIAN_POINT('',(0.,3.88825358729284E-19,0.0127));
#260=CARTESIAN_POINT('',(-0.00635,3.88825358729284E-19,0.0127));
#261=CARTESIAN_POINT('',(-0.0100621718682076,-0.01632985587956,0.0127));
#262=CARTESIAN_POINT('',(-0.011304619262344,-0.0154902844140135,0.0127));
#263=CARTESIAN_POINT('',(-0.0129844560378794,-0.0140375214225042,0.0127));
#264=CARTESIAN_POINT('',(-0.0148797581533022,-0.0116875527848166,0.0127));
#265=CARTESIAN_POINT('',(-0.0160634191188557,-0.00978919718546867,0.0127));
#266=CARTESIAN_POINT('',(-0.0170128038913728,-0.00777189242134518,0.0127));
#267=CARTESIAN_POINT('',(-0.0179609338335473,-0.00490154270125614,0.0127));
#268=CARTESIAN_POINT('',(-0.0183748242086217,-0.00195959590505381,0.0127));
#269=CARTESIAN_POINT('',(-0.0182569743763837,0.00106107520707953,0.0127));
#270=CARTESIAN_POINT('',(-0.0177699280092005,0.00398290611466029,0.0127));
#271=CARTESIAN_POINT('',(-0.0159402179496981,0.00895827446100788,0.0127));
#272=CARTESIAN_POINT('',(-0.0128779131594877,0.012379599398212,0.0127));
#273=CARTESIAN_POINT('',(-0.0103679296808393,0.0140515102527512,0.0127));
#274=CARTESIAN_POINT('',(-0.0103679296808393,0.0140515102527512,0.0127));
#275=CARTESIAN_POINT('',(-0.0100621718682075,-0.0163298558795601,0.0127));
#276=CARTESIAN_POINT('',(0.,-1.16647607618785E-18,0.0127));
#277=CARTESIAN_POINT('',(0.0141740387822758,0.0101997809215954,0.0127));
#278=CARTESIAN_POINT('',(0.00431572930945273,-0.0186891941046178,0.0127));
#279=CARTESIAN_POINT('',(0.00577653004959064,-0.0182794461322619,0.0127));
#280=CARTESIAN_POINT('',(0.00858852025534157,-0.0171184940872237,0.0127));
#281=CARTESIAN_POINT('',(0.0122552053839488,-0.01447689312711,0.0127));
#282=CARTESIAN_POINT('',(0.0147086698725499,-0.0115587660372817,0.0127));
#283=CARTESIAN_POINT('',(0.0161849361072566,-0.00896202292679593,0.0127));
#284=CARTESIAN_POINT('',(0.0173544895332395,-0.00615147303207371,0.0127));
#285=CARTESIAN_POINT('',(0.0179807034663157,-0.00322519134174473,0.0127));
#286=CARTESIAN_POINT('',(0.0180665035819793,-0.000183302169874476,0.0127));
#287=CARTESIAN_POINT('',(0.0177794478613364,0.00278651639300708,0.0127));
#288=CARTESIAN_POINT('',(0.0166898926369638,0.00644574191853265,0.0127));
#289=CARTESIAN_POINT('',(0.0151195157069205,0.00902084053912943,0.0127));
#290=CARTESIAN_POINT('',(0.0141740387822758,0.0101997809215954,0.0127));
#291=CARTESIAN_POINT('',(0.00431572930945274,-0.0186891941046178,0.0127));
#292=CARTESIAN_POINT('',(-0.0100621718682216,-0.0163298558795776,0.0126999999999832));
#293=CARTESIAN_POINT('',(-0.00901119380885013,-0.0170253415672833,0.0126999999999832));
#294=CARTESIAN_POINT('',(-0.00674712794086549,-0.0181723085568657,0.0126999999999972));
#295=CARTESIAN_POINT('',(-0.00314729222222766,-0.0191519171319712,0.0127000000000013));
#296=CARTESIAN_POINT('',(0.000635195011139756,-0.0193793627777303,0.0126999999999976));
#297=CARTESIAN_POINT('',(0.00309922071819941,-0.0190164205858849,0.0127000000000048));
#298=CARTESIAN_POINT('',(0.00431572930945414,-0.0186891941046217,0.0127000000000048));
#299=CARTESIAN_POINT('',(0.,1.3608887555525E-18,0.01905));
#300=CARTESIAN_POINT('',(0.,1.3608887555525E-18,0.0127));
#301=CARTESIAN_POINT('',(0.022225,1.3608887555525E-18,0.0127));
#302=CARTESIAN_POINT('',(0.,1.3608887555525E-18,0.));
#303=CARTESIAN_POINT('',(0.022225,1.3608887555525E-18,0.));
#304=CARTESIAN_POINT('',(0.,0.,0.01905));
#305=CARTESIAN_POINT('',(0.,3.88825358729284E-19,0.01905));
#306=CARTESIAN_POINT('',(0.00635,3.88825358729284E-19,0.01905));
#307=CARTESIAN_POINT('',(0.,1.3608887555525E-18,0.01905));
#308=CARTESIAN_POINT('',(0.015875,1.3608887555525E-18,0.01905));
#309=CARTESIAN_POINT('',(0.,0.,0.));
#310=CARTESIAN_POINT('',(0.,-1.16647607618785E-18,0.));
#311=CARTESIAN_POINT('',(0.02032,-1.16647607618785E-18,0.));
#312=CARTESIAN_POINT('',(0.,-1.16647607618785E-18,0.00127));
#313=CARTESIAN_POINT('',(0.,-1.16647607618785E-18,0.00127000000000001));
#314=CARTESIAN_POINT('',(0.00442056802837403,0.0185300048112924,0.00127000000000001));
#315=CARTESIAN_POINT('',(0.0184467262231648,0.00475613200485472,0.00127000000000001));
#316=CARTESIAN_POINT('',(0.,-1.16647607618785E-18,0.00127000000000001));
#317=CARTESIAN_POINT('',(0.00965474762964551,0.0165739960166643,0.00120207799921921));
#318=CARTESIAN_POINT('',(0.00962266466000393,0.0165926851110014,0.001202967071034));
#319=CARTESIAN_POINT('',(0.00959050957656251,0.0166112498570821,0.00120385416666668));
#320=CARTESIAN_POINT('',(4.06858279346251E-18,0.0221483331427762,0.00146843750000001));
#321=CARTESIAN_POINT('',(-0.00959050957656249,0.0166112498570821,0.00173302083333334));
#322=CARTESIAN_POINT('',(-0.019181019153125,0.0110741665713881,0.00199760416666668));
#323=CARTESIAN_POINT('',(-0.019181019153125,-1.16647607618785E-18,0.00226218750000001));
#324=CARTESIAN_POINT('',(-0.019181019153125,-0.0110741665713881,0.00252677083333335));
#325=CARTESIAN_POINT('',(-0.0095905095765625,-0.0166112498570821,0.00279135416666668));
#326=CARTESIAN_POINT('',(-1.3561942644875E-18,-0.0221483331427762,0.00305593750000001));
#327=CARTESIAN_POINT('',(0.0095905095765625,-0.0166112498570821,0.00332052083333335));
#328=CARTESIAN_POINT('',(0.019181019153125,-0.0110741665713881,0.00358510416666668));
#329=CARTESIAN_POINT('',(0.019181019153125,-3.51547344721371E-18,0.00384968750000001));
#330=CARTESIAN_POINT('',(0.019181019153125,0.0110741665713881,0.00411427083333334));
#331=CARTESIAN_POINT('',(0.00959050957656251,0.0166112498570821,0.00437885416666668));
#332=CARTESIAN_POINT('',(4.06858279346251E-18,0.0221483331427762,0.00464343750000001));
#333=CARTESIAN_POINT('',(-0.00959050957656249,0.0166112498570821,0.00490802083333335));
#334=CARTESIAN_POINT('',(-0.019181019153125,0.0110741665713881,0.00517260416666668));
#335=CARTESIAN_POINT('',(-0.019181019153125,-1.16647607618785E-18,0.00543718750000001));
#336=CARTESIAN_POINT('',(-0.019181019153125,-0.0110741665713881,0.00570177083333335));
#337=CARTESIAN_POINT('',(-0.0095905095765625,-0.0166112498570821,0.00596635416666668));
#338=CARTESIAN_POINT('',(-1.3561942644875E-18,-0.0221483331427762,0.00623093750000001));
#339=CARTESIAN_POINT('',(0.0095905095765625,-0.0166112498570821,0.00649552083333334));
#340=CARTESIAN_POINT('',(0.019181019153125,-0.0110741665713881,0.00676010416666668));
#341=CARTESIAN_POINT('',(0.019181019153125,-3.51547344721371E-18,0.00702468750000001));
#342=CARTESIAN_POINT('',(0.019181019153125,0.0110741665713881,0.00728927083333334));
#343=CARTESIAN_POINT('',(0.00959050957656251,0.0166112498570821,0.00755385416666668));
#344=CARTESIAN_POINT('',(4.06858279346251E-18,0.0221483331427762,0.00781843750000001));
#345=CARTESIAN_POINT('',(-0.00959050957656249,0.0166112498570821,0.00808302083333335));
#346=CARTESIAN_POINT('',(-0.019181019153125,0.0110741665713881,0.00834760416666667));
#347=CARTESIAN_POINT('',(-0.019181019153125,-1.16647607618785E-18,0.00861218750000001));
#348=CARTESIAN_POINT('',(-0.019181019153125,-0.0110741665713881,0.00887677083333334));
#349=CARTESIAN_POINT('',(-0.0095905095765625,-0.0166112498570821,0.00914135416666668));
#350=CARTESIAN_POINT('',(-1.3561942644875E-18,-0.0221483331427762,0.0094059375));
#351=CARTESIAN_POINT('',(0.0095905095765625,-0.0166112498570821,0.00967052083333335));
#352=CARTESIAN_POINT('',(0.019181019153125,-0.0110741665713881,0.00993510416666668));
#353=CARTESIAN_POINT('',(0.019181019153125,-3.51547344721371E-18,0.0101996875));
#354=CARTESIAN_POINT('',(0.019181019153125,0.0110741665713881,0.0104642708333333));
#355=CARTESIAN_POINT('',(0.00959050957656251,0.0166112498570821,0.0107288541666667));
#356=CARTESIAN_POINT('',(4.06858279346251E-18,0.0221483331427762,0.0109934375));
#357=CARTESIAN_POINT('',(-0.00959050957656249,0.0166112498570821,0.0112580208333333));
#358=CARTESIAN_POINT('',(-0.019181019153125,0.0110741665713881,0.0115226041666667));
#359=CARTESIAN_POINT('',(-0.019181019153125,-1.16647607618785E-18,0.0117871875));
#360=CARTESIAN_POINT('',(-0.019181019153125,-0.0110741665713881,0.0120517708333333));
#361=CARTESIAN_POINT('',(-0.0095905095765625,-0.0166112498570821,0.0123163541666667));
#362=CARTESIAN_POINT('',(-1.3561942644875E-18,-0.0221483331427762,0.0125809375));
#363=CARTESIAN_POINT('',(0.0095905095765625,-0.0166112498570821,0.0128455208333333));
#364=CARTESIAN_POINT('',(0.019181019153125,-0.0110741665713881,0.0131101041666667));
#365=CARTESIAN_POINT('',(0.019181019153125,-3.51547344721371E-18,0.0133746875));
#366=CARTESIAN_POINT('',(0.019181019153125,0.00781042280721695,0.0135612936601796));
#367=CARTESIAN_POINT('',(0.0137249440615331,0.013399156923491,0.0137700805662706));
#368=CARTESIAN_POINT('',(0.00878973265897692,0.0150890525227303,0.000209890499219213));
#369=CARTESIAN_POINT('',(0.00876052415587843,0.015106067171809,0.000210779571033998));
#370=CARTESIAN_POINT('',(0.00873125,0.0151229686135858,0.000211666666666678));
#371=CARTESIAN_POINT('',(3.70405902124674E-18,0.0201639581514477,0.000476250000000011));
#372=CARTESIAN_POINT('',(-0.00873125,0.0151229686135858,0.000740833333333345));
#373=CARTESIAN_POINT('',(-0.0174625,0.0100819790757238,0.00100541666666668));
#374=CARTESIAN_POINT('',(-0.0174625,-1.16647607618785E-18,0.00127000000000001));
#375=CARTESIAN_POINT('',(-0.0174625,-0.0100819790757238,0.00153458333333334));
#376=CARTESIAN_POINT('',(-0.00873125,-0.0151229686135858,0.00179916666666668));
#377=CARTESIAN_POINT('',(-1.23468634041558E-18,-0.0201639581514477,0.00206375000000001));
#378=CARTESIAN_POINT('',(0.00873125,-0.0151229686135858,0.00232833333333335));
#379=CARTESIAN_POINT('',(0.0174625,-0.0100819790757238,0.00259291666666668));
#380=CARTESIAN_POINT('',(0.0174625,-3.30501554919892E-18,0.0028575));
#381=CARTESIAN_POINT('',(0.0174625,0.0100819790757238,0.00312208333333334));
#382=CARTESIAN_POINT('',(0.00873125,0.0151229686135858,0.00338666666666668));
#383=CARTESIAN_POINT('',(3.70405902124674E-18,0.0201639581514477,0.00365125000000001));
#384=CARTESIAN_POINT('',(-0.00873125,0.0151229686135858,0.00391583333333334));
#385=CARTESIAN_POINT('',(-0.0174625,0.0100819790757238,0.00418041666666667));
#386=CARTESIAN_POINT('',(-0.0174625,-1.16647607618785E-18,0.004445));
#387=CARTESIAN_POINT('',(-0.0174625,-0.0100819790757238,0.00470958333333335));
#388=CARTESIAN_POINT('',(-0.00873125,-0.0151229686135858,0.00497416666666668));
#389=CARTESIAN_POINT('',(-1.23468634041558E-18,-0.0201639581514477,0.00523875000000001));
#390=CARTESIAN_POINT('',(0.00873125,-0.0151229686135858,0.00550333333333334));
#391=CARTESIAN_POINT('',(0.0174625,-0.0100819790757238,0.00576791666666667));
#392=CARTESIAN_POINT('',(0.0174625,-3.30501554919892E-18,0.0060325));
#393=CARTESIAN_POINT('',(0.0174625,0.0100819790757238,0.00629708333333334));
#394=CARTESIAN_POINT('',(0.00873125,0.0151229686135858,0.00656166666666668));
#395=CARTESIAN_POINT('',(3.70405902124674E-18,0.0201639581514477,0.00682625000000002));
#396=CARTESIAN_POINT('',(-0.00873125,0.0151229686135858,0.00709083333333335));
#397=CARTESIAN_POINT('',(-0.0174625,0.0100819790757238,0.00735541666666668));
#398=CARTESIAN_POINT('',(-0.0174625,-1.16647607618785E-18,0.00762));
#399=CARTESIAN_POINT('',(-0.0174625,-0.0100819790757238,0.00788458333333335));
#400=CARTESIAN_POINT('',(-0.00873125,-0.0151229686135858,0.00814916666666668));
#401=CARTESIAN_POINT('',(-1.23468634041558E-18,-0.0201639581514477,0.00841375000000001));
#402=CARTESIAN_POINT('',(0.00873125,-0.0151229686135858,0.00867833333333335));
#403=CARTESIAN_POINT('',(0.0174625,-0.0100819790757238,0.00894291666666668));
#404=CARTESIAN_POINT('',(0.0174625,-3.30501554919892E-18,0.0092075));
#405=CARTESIAN_POINT('',(0.0174625,0.0100819790757238,0.00947208333333334));
#406=CARTESIAN_POINT('',(0.00873125,0.0151229686135858,0.00973666666666668));
#407=CARTESIAN_POINT('',(3.70405902124674E-18,0.0201639581514477,0.01000125));
#408=CARTESIAN_POINT('',(-0.00873125,0.0151229686135858,0.0102658333333333));
#409=CARTESIAN_POINT('',(-0.0174625,0.0100819790757238,0.0105304166666667));
#410=CARTESIAN_POINT('',(-0.0174625,-1.16647607618785E-18,0.010795));
#411=CARTESIAN_POINT('',(-0.0174625,-0.0100819790757238,0.0110595833333333));
#412=CARTESIAN_POINT('',(-0.00873125,-0.0151229686135858,0.0113241666666667));
#413=CARTESIAN_POINT('',(-1.23468634041558E-18,-0.0201639581514477,0.01158875));
#414=CARTESIAN_POINT('',(0.00873125,-0.0151229686135858,0.0118533333333333));
#415=CARTESIAN_POINT('',(0.0174625,-0.0100819790757238,0.0121179166666667));
#416=CARTESIAN_POINT('',(0.0174625,-3.30501554919892E-18,0.0123825));
#417=CARTESIAN_POINT('',(0.0174625,0.00711064970960134,0.0125691061601796));
#418=CARTESIAN_POINT('',(0.0124952607450722,0.0121986624333431,0.0127778930662706));
#419=CARTESIAN_POINT('',(-0.0174625,-1.16647607618785E-18,-0.00508));
#420=CARTESIAN_POINT('',(-0.0174625,-0.0100819790757238,-0.00481541666666665));
#421=CARTESIAN_POINT('',(-0.00873125,-0.0151229686135858,-0.00455083333333332));
#422=CARTESIAN_POINT('',(-1.23468634041558E-18,-0.0201639581514477,-0.00428624999999999));
#423=CARTESIAN_POINT('',(0.00873125,-0.0151229686135858,-0.00402166666666666));
#424=CARTESIAN_POINT('',(0.0174625,-0.0100819790757238,-0.00375708333333332));
#425=CARTESIAN_POINT('',(0.0174625,-3.30501554919892E-18,-0.0034925));
#426=CARTESIAN_POINT('',(0.0174625,0.0100819790757238,-0.00322791666666665));
#427=CARTESIAN_POINT('',(0.00873125,0.0151229686135858,-0.00296333333333332));
#428=CARTESIAN_POINT('',(3.70405902124674E-18,0.0201639581514477,-0.00269874999999999));
#429=CARTESIAN_POINT('',(-0.00873125,0.0151229686135858,-0.00243416666666666));
#430=CARTESIAN_POINT('',(-0.0174625,0.0100819790757238,-0.00216958333333332));
#431=CARTESIAN_POINT('',(-0.0174625,3.11060286983428E-18,-0.001905));
#432=CARTESIAN_POINT('',(-0.0174625,-0.0100819790757238,-0.00164041666666665));
#433=CARTESIAN_POINT('',(-0.00873125,-0.0151229686135858,-0.00137583333333332));
#434=CARTESIAN_POINT('',(-2.40826241879301E-17,-0.0201639581514477,-0.00111124999999999));
#435=CARTESIAN_POINT('',(0.00873125,-0.0151229686135858,-0.000846666666666655));
#436=CARTESIAN_POINT('',(0.0174625,-0.0100819790757238,-0.000582083333333322));
#437=CARTESIAN_POINT('',(0.0174625,-7.58209449522105E-18,-0.000317499999999989));
#438=CARTESIAN_POINT('',(0.0174625,0.0100819790757238,-5.29166666666551E-5));
#439=CARTESIAN_POINT('',(0.00873125,0.0151229686135858,0.000211666666666678));
#440=CARTESIAN_POINT('',(8.64280438290905E-18,0.0201639581514477,0.000476250000000011));
#441=CARTESIAN_POINT('',(-0.00873125,0.0151229686135858,0.000740833333333345));
#442=CARTESIAN_POINT('',(-0.0174625,0.0100819790757238,0.00100541666666668));
#443=CARTESIAN_POINT('',(-0.0174625,7.38768181585641E-18,0.00127000000000001));
#444=CARTESIAN_POINT('',(-0.0174625,-0.0100819790757238,0.00153458333333334));
#445=CARTESIAN_POINT('',(-0.00873125,-0.0151229686135858,0.00179916666666668));
#446=CARTESIAN_POINT('',(-4.69305620354447E-17,-0.0201639581514477,0.00206375000000001));
#447=CARTESIAN_POINT('',(0.00873125,-0.0151229686135858,0.00232833333333335));
#448=CARTESIAN_POINT('',(0.0174625,-0.0100819790757238,0.00259291666666668));
#449=CARTESIAN_POINT('',(0.0174625,-4.287880474927E-17,0.0028575));
#450=CARTESIAN_POINT('',(0.0174625,0.0100819790757238,0.00312208333333334));
#451=CARTESIAN_POINT('',(0.00873125,0.0151229686135858,0.00338666666666668));
#452=CARTESIAN_POINT('',(4.93999347162759E-17,0.0201639581514477,0.00365125000000001));
#453=CARTESIAN_POINT('',(-0.00873125,0.0151229686135858,0.00391583333333334));
#454=CARTESIAN_POINT('',(-0.0174625,0.0100819790757238,0.00418041666666667));
#455=CARTESIAN_POINT('',(-0.0174625,1.16647607618785E-17,0.004445));
#456=CARTESIAN_POINT('',(-0.0174625,-0.0100819790757238,0.00470958333333335));
#457=CARTESIAN_POINT('',(-0.00873125,-0.0151229686135858,0.00497416666666668));
#458=CARTESIAN_POINT('',(-5.1869307397107E-17,-0.0201639581514477,0.00523875000000001));
#459=CARTESIAN_POINT('',(0.00873125,-0.0151229686135858,0.00550333333333334));
#460=CARTESIAN_POINT('',(0.0174625,-0.0100819790757238,0.00576791666666667));
#461=CARTESIAN_POINT('',(0.0174625,-1.61362523872653E-17,0.0060325));
#462=CARTESIAN_POINT('',(0.0174625,0.0100819790757238,0.00629708333333334));
#463=CARTESIAN_POINT('',(0.00873125,0.0151229686135858,0.00656166666666668));
#464=CARTESIAN_POINT('',(5.43386800779382E-17,0.0201639581514477,0.00682625000000002));
#465=CARTESIAN_POINT('',(-0.00873125,0.0151229686135858,0.00709083333333335));
#466=CARTESIAN_POINT('',(-0.0174625,0.0100819790757238,0.00735541666666668));
#467=CARTESIAN_POINT('',(-0.0174625,1.59418397079007E-17,0.00762));
#468=CARTESIAN_POINT('',(-0.0174625,-0.0100819790757238,0.00788458333333335));
#469=CARTESIAN_POINT('',(-0.00873125,-0.0151229686135858,0.00814916666666668));
#470=CARTESIAN_POINT('',(-5.68080527587693E-17,-0.0201639581514477,0.00841375000000001));
#471=CARTESIAN_POINT('',(0.00873125,-0.0151229686135858,0.00867833333333335));
#472=CARTESIAN_POINT('',(0.0174625,-0.0100819790757238,0.00894291666666668));
#473=CARTESIAN_POINT('',(0.0174625,-8.24525939493412E-17,0.0092075));
#474=CARTESIAN_POINT('',(0.0174625,0.0100819790757238,0.00947208333333334));
#475=CARTESIAN_POINT('',(0.00873125,0.0151229686135858,0.00973666666666668));
#476=CARTESIAN_POINT('',(5.92774254396005E-17,0.0201639581514477,0.01000125));
#477=CARTESIAN_POINT('',(-0.00873125,0.0151229686135858,0.0102658333333333));
#478=CARTESIAN_POINT('',(-0.0174625,0.0100819790757238,0.0105304166666667));
#479=CARTESIAN_POINT('',(-0.0174625,8.22581812699766E-17,0.010795));
#480=CARTESIAN_POINT('',(-0.0174625,-0.0100819790757238,0.0110595833333333));
#481=CARTESIAN_POINT('',(-0.00873125,-0.0151229686135858,0.0113241666666667));
#482=CARTESIAN_POINT('',(-1.33383568063841E-16,-0.0201639581514477,0.01158875));
#483=CARTESIAN_POINT('',(0.00873125,-0.0151229686135858,0.0118533333333333));
#484=CARTESIAN_POINT('',(0.0174625,-0.0100819790757238,0.0121179166666667));
#485=CARTESIAN_POINT('',(0.0174625,-8.67296728953633E-17,0.0123825));
#486=CARTESIAN_POINT('',(0.0174625,0.0100819790757238,0.0126470833333333));
#487=CARTESIAN_POINT('',(0.0087312500000001,0.0151229686135857,0.0129116666666667));
#488=CARTESIAN_POINT('',(6.42161708012629E-17,0.0201639581514477,0.01317625));
#489=CARTESIAN_POINT('',(-0.00873124999999989,0.0151229686135859,0.0134408333333333));
#490=CARTESIAN_POINT('',(-0.0174625,0.0100819790757238,0.0137054166666667));
#491=CARTESIAN_POINT('',(-0.0174625,2.44959975999449E-17,0.01397));
#492=CARTESIAN_POINT('',(-0.0174625,-0.0100819790757238,0.0142345833333334));
#493=CARTESIAN_POINT('',(-0.00873125,-0.0151229686135858,0.0144991666666667));
#494=CARTESIAN_POINT('',(-1.38322313425503E-16,-0.0201639581514477,0.01476375));
#495=CARTESIAN_POINT('',(0.00873125,-0.0151229686135858,0.0150283333333333));
#496=CARTESIAN_POINT('',(0.0174625,-0.0100819790757238,0.0152929166666667));
#497=CARTESIAN_POINT('',(0.0174625,-9.10067518413855E-17,0.0155575));
#498=CARTESIAN_POINT('',(0.0174625,0.0100819790757238,0.0158220833333333));
#499=CARTESIAN_POINT('',(0.0087312500000001,0.0151229686135857,0.0160866666666667));
#500=CARTESIAN_POINT('',(6.91549161629252E-17,0.0201639581514477,0.01635125));
#501=CARTESIAN_POINT('',(-0.00873124999999989,0.0151229686135859,0.0166158333333334));
#502=CARTESIAN_POINT('',(-0.0174624999999999,0.0100819790757238,0.0168804166666667));
#503=CARTESIAN_POINT('',(-0.0174625,2.8773076545967E-17,0.017145));
#504=CARTESIAN_POINT('',(-0.0174625,7.38768181585641E-18,0.00127000000000001));
#505=CARTESIAN_POINT('',(0.00442056802837404,0.0185300048112923,0.00127000000000001));
#506=CARTESIAN_POINT('',(0.00169648260348801,0.0190466171569131,0.00127000000000001));
#507=CARTESIAN_POINT('',(-0.00250093863481031,0.0189085209789401,0.00127000000000001));
#508=CARTESIAN_POINT('',(-0.00769747295760972,0.0169407046590701,0.00127000000000001));
#509=CARTESIAN_POINT('',(-0.0105607688091069,0.0150696387132526,0.00127000000000001));
#510=CARTESIAN_POINT('',(-0.0125895926905447,0.0131671952039398,0.00127000000000001));
#511=CARTESIAN_POINT('',(-0.0143518403162266,0.0110859444070089,0.00127000000000001));
#512=CARTESIAN_POINT('',(-0.0161138056961401,0.00808094268837049,0.00127000000000001));
#513=CARTESIAN_POINT('',(-0.0173299703860481,0.0041416985370855,0.00127000000000001));
#514=CARTESIAN_POINT('',(-0.0175246109735804,0.00136644142474048,0.00127000000000001));
#515=CARTESIAN_POINT('',(-0.0174625,-1.16647607618785E-18,0.00127000000000001));
#516=CARTESIAN_POINT('',(0.00719288218242182,0.0177812806530449,0.00127000000000001));
#517=CARTESIAN_POINT('',(0.00628786961164799,0.0181015482029876,0.00127000000000001));
#518=CARTESIAN_POINT('',(0.0053637670063433,0.0183511307451767,0.00127000000000002));
#519=CARTESIAN_POINT('',(0.00442056802837404,0.0185300048112923,0.00127000000000002));
#520=CARTESIAN_POINT('',(0.00719288218242182,0.0177812806530448,0.00127000000000001));
#521=CARTESIAN_POINT('',(-0.019181019153125,-1.16647607618785E-18,-0.00408781249999999));
#522=CARTESIAN_POINT('',(-0.019181019153125,-0.0110741665713881,-0.00382322916666666));
#523=CARTESIAN_POINT('',(-0.0095905095765625,-0.0166112498570821,-0.00355864583333333));
#524=CARTESIAN_POINT('',(-1.3561942644875E-18,-0.0221483331427762,-0.00329406249999999));
#525=CARTESIAN_POINT('',(0.0095905095765625,-0.0166112498570821,-0.00302947916666666));
#526=CARTESIAN_POINT('',(0.019181019153125,-0.0110741665713881,-0.00276489583333332));
#527=CARTESIAN_POINT('',(0.019181019153125,-3.51547344721371E-18,-0.00250031249999999));
#528=CARTESIAN_POINT('',(0.019181019153125,0.0110741665713881,-0.00223572916666665));
#529=CARTESIAN_POINT('',(0.00959050957656251,0.0166112498570821,-0.00197114583333332));
#530=CARTESIAN_POINT('',(4.06858279346251E-18,0.0221483331427762,-0.00170656249999999));
#531=CARTESIAN_POINT('',(-0.00959050957656249,0.0166112498570821,-0.00144197916666666));
#532=CARTESIAN_POINT('',(-0.019181019153125,0.0110741665713881,-0.00117739583333332));
#533=CARTESIAN_POINT('',(-0.019181019153125,3.53151866586387E-18,-0.000912812499999989));
#534=CARTESIAN_POINT('',(-0.019181019153125,-0.0110741665713881,-0.000648229166666656));
#535=CARTESIAN_POINT('',(-0.00959050957656251,-0.0166112498570821,-0.000383645833333322));
#536=CARTESIAN_POINT('',(-2.64526428521804E-17,-0.0221483331427762,-0.000119062499999989));
#537=CARTESIAN_POINT('',(0.00959050957656249,-0.0166112498570821,0.000145520833333345));
#538=CARTESIAN_POINT('',(0.019181019153125,-0.0110741665713881,0.000410104166666678));
#539=CARTESIAN_POINT('',(0.019181019153125,-8.21346818926544E-18,0.000674687500000011));
#540=CARTESIAN_POINT('',(0.019181019153125,0.0110741665713881,0.000939270833333344));
#541=CARTESIAN_POINT('',(0.00959050957656253,0.0166112498570821,0.00120385416666668));
#542=CARTESIAN_POINT('',(9.49335985141252E-18,0.0221483331427762,0.00146843750000001));
#543=CARTESIAN_POINT('',(-0.00959050957656248,0.0166112498570821,0.00173302083333334));
#544=CARTESIAN_POINT('',(-0.019181019153125,0.0110741665713881,0.00199760416666668));
#545=CARTESIAN_POINT('',(-0.019181019153125,8.22951340791559E-18,0.00226218750000001));
#546=CARTESIAN_POINT('',(-0.019181019153125,-0.0110741665713881,0.00252677083333335));
#547=CARTESIAN_POINT('',(-0.00959050957656253,-0.0166112498570821,0.00279135416666668));
#548=CARTESIAN_POINT('',(-5.15490914398733E-17,-0.0221483331427762,0.00305593750000001));
#549=CARTESIAN_POINT('',(0.00959050957656248,-0.0166112498570821,0.00332052083333335));
#550=CARTESIAN_POINT('',(0.019181019153125,-0.0110741665713881,0.00358510416666668));
#551=CARTESIAN_POINT('',(0.019181019153125,-4.6983797490638E-17,0.00384968750000001));
#552=CARTESIAN_POINT('',(0.019181019153125,0.0110741665713881,0.00411427083333334));
#553=CARTESIAN_POINT('',(0.00959050957656253,0.0166112498570821,0.00437885416666668));
#554=CARTESIAN_POINT('',(5.42614799688482E-17,0.0221483331427762,0.00464343750000001));
#555=CARTESIAN_POINT('',(-0.00959050957656245,0.0166112498570821,0.00490802083333335));
#556=CARTESIAN_POINT('',(-0.019181019153125,0.0110741665713882,0.00517260416666668));
#557=CARTESIAN_POINT('',(-0.019181019153125,1.29275081499673E-17,0.00543718750000001));
#558=CARTESIAN_POINT('',(-0.019181019153125,-0.0110741665713881,0.00570177083333335));
#559=CARTESIAN_POINT('',(-0.00959050957656253,-0.0166112498570821,0.00596635416666668));
#560=CARTESIAN_POINT('',(-5.69738684978232E-17,-0.0221483331427762,0.00623093750000001));
#561=CARTESIAN_POINT('',(0.00959050957656245,-0.0166112498570821,0.00649552083333334));
#562=CARTESIAN_POINT('',(0.019181019153125,-0.0110741665713882,0.00676010416666668));
#563=CARTESIAN_POINT('',(0.019181019153125,-1.76094576733689E-17,0.00702468750000001));
#564=CARTESIAN_POINT('',(0.019181019153125,0.0110741665713881,0.00728927083333334));
#565=CARTESIAN_POINT('',(0.00959050957656254,0.0166112498570821,0.00755385416666668));
#566=CARTESIAN_POINT('',(5.96862570267983E-17,0.0221483331427762,0.00781843750000001));
#567=CARTESIAN_POINT('',(-0.00959050957656245,0.0166112498570821,0.00808302083333335));
#568=CARTESIAN_POINT('',(-0.019181019153125,0.0110741665713882,0.00834760416666667));
#569=CARTESIAN_POINT('',(-0.019181019153125,1.7625502892019E-17,0.00861218750000001));
#570=CARTESIAN_POINT('',(-0.019181019153125,-0.0110741665713881,0.00887677083333334));
#571=CARTESIAN_POINT('',(-0.00959050957656254,-0.0166112498570821,0.00914135416666668));
#572=CARTESIAN_POINT('',(-6.23986455557732E-17,-0.0221483331427762,0.0094059375));
#573=CARTESIAN_POINT('',(0.00959050957656244,-0.0166112498570821,0.00967052083333335));
#574=CARTESIAN_POINT('',(0.019181019153125,-0.0110741665713882,0.00993510416666668));
#575=CARTESIAN_POINT('',(0.019181019153125,-9.04521215340622E-17,0.0101996875));
#576=CARTESIAN_POINT('',(0.019181019153125,0.011074166571388,0.0104642708333333));
#577=CARTESIAN_POINT('',(0.00959050957656254,0.0166112498570821,0.0107288541666667));
#578=CARTESIAN_POINT('',(6.51110340847483E-17,0.0221483331427762,0.0109934375));
#579=CARTESIAN_POINT('',(-0.00959050957656244,0.0166112498570821,0.0112580208333333));
#580=CARTESIAN_POINT('',(-0.019181019153125,0.0110741665713882,0.0115226041666667));
#581=CARTESIAN_POINT('',(-0.019181019153125,9.04681667527124E-17,0.0117871875));
#582=CARTESIAN_POINT('',(-0.019181019153125,-0.011074166571388,0.0120517708333333));
#583=CARTESIAN_POINT('',(-0.00959050957656254,-0.0166112498570821,0.0123163541666667));
#584=CARTESIAN_POINT('',(-1.46510108732695E-16,-0.0221483331427762,0.0125809375));
#585=CARTESIAN_POINT('',(0.00959050957656244,-0.0166112498570821,0.0128455208333333));
#586=CARTESIAN_POINT('',(0.019181019153125,-0.0110741665713881,0.0131101041666667));
#587=CARTESIAN_POINT('',(0.019181019153125,-9.51501162761139E-17,0.0133746875));
#588=CARTESIAN_POINT('',(0.019181019153125,0.011074166571388,0.0136392708333333));
#589=CARTESIAN_POINT('',(0.0095905095765626,0.016611249857082,0.0139038541666667));
#590=CARTESIAN_POINT('',(7.05358111426983E-17,0.0221483331427762,0.0141684375));
#591=CARTESIAN_POINT('',(-0.00959050957656238,0.0166112498570822,0.0144330208333333));
#592=CARTESIAN_POINT('',(-0.019181019153125,0.0110741665713882,0.0146976041666667));
#593=CARTESIAN_POINT('',(-0.019181019153125,2.70214923761225E-17,0.0149621875));
#594=CARTESIAN_POINT('',(-0.0191810191531251,-0.011074166571388,0.0152267708333333));
#595=CARTESIAN_POINT('',(-0.00959050957656255,-0.0166112498570821,0.0154913541666667));
#596=CARTESIAN_POINT('',(-1.51934885790645E-16,-0.0221483331427762,0.0157559375));
#597=CARTESIAN_POINT('',(0.00959050957656244,-0.0166112498570821,0.0160205208333334));
#598=CARTESIAN_POINT('',(0.019181019153125,-0.0110741665713881,0.0162851041666667));
#599=CARTESIAN_POINT('',(0.019181019153125,-9.98481110181657E-17,0.0165496875));
#600=CARTESIAN_POINT('',(0.019181019153125,0.011074166571388,0.0168142708333333));
#601=CARTESIAN_POINT('',(0.00959050957656261,0.016611249857082,0.0170788541666667));
#602=CARTESIAN_POINT('',(7.59605882006482E-17,0.0221483331427762,0.0173434375));
#603=CARTESIAN_POINT('',(-0.00959050957656238,0.0166112498570822,0.0176080208333334));
#604=CARTESIAN_POINT('',(-0.019181019153125,0.0110741665713882,0.0178726041666667));
#605=CARTESIAN_POINT('',(-0.019181019153125,3.17194871181742E-17,0.0181371875));
#606=CARTESIAN_POINT('',(-0.0026208601976213,-0.0172647038223806,0.00119057999401149));
#607=CARTESIAN_POINT('',(0.00343054163461755,-0.018183334015235,0.00137395580710963));
#608=CARTESIAN_POINT('',(0.00873125,-0.0151229686135858,0.00153458333333334));
#609=CARTESIAN_POINT('',(0.0174625,-0.0100819790757238,0.00179916666666668));
#610=CARTESIAN_POINT('',(0.0174625,-3.30501554919892E-18,0.00206375));
#611=CARTESIAN_POINT('',(0.0174625,0.0100819790757238,0.00232833333333335));
#612=CARTESIAN_POINT('',(0.00873125,0.0151229686135858,0.00259291666666668));
#613=CARTESIAN_POINT('',(3.70405902124674E-18,0.0201639581514477,0.00285750000000001));
#614=CARTESIAN_POINT('',(-0.00873125,0.0151229686135858,0.00312208333333334));
#615=CARTESIAN_POINT('',(-0.0174625,0.0100819790757238,0.00338666666666668));
#616=CARTESIAN_POINT('',(-0.0174625,-1.16647607618785E-18,0.00365125));
#617=CARTESIAN_POINT('',(-0.0174625,-0.0100819790757238,0.00391583333333334));
#618=CARTESIAN_POINT('',(-0.00873125,-0.0151229686135858,0.00418041666666668));
#619=CARTESIAN_POINT('',(-1.23468634041558E-18,-0.0201639581514477,0.00444500000000001));
#620=CARTESIAN_POINT('',(0.00873125,-0.0151229686135858,0.00470958333333335));
#621=CARTESIAN_POINT('',(0.0174625,-0.0100819790757238,0.00497416666666668));
#622=CARTESIAN_POINT('',(0.0174625,-3.30501554919892E-18,0.00523875));
#623=CARTESIAN_POINT('',(0.0174625,0.0100819790757238,0.00550333333333334));
#624=CARTESIAN_POINT('',(0.00873125,0.0151229686135858,0.00576791666666668));
#625=CARTESIAN_POINT('',(3.70405902124674E-18,0.0201639581514477,0.00603250000000001));
#626=CARTESIAN_POINT('',(-0.00873125,0.0151229686135858,0.00629708333333335));
#627=CARTESIAN_POINT('',(-0.0174625,0.0100819790757238,0.00656166666666667));
#628=CARTESIAN_POINT('',(-0.0174625,-1.16647607618785E-18,0.00682625));
#629=CARTESIAN_POINT('',(-0.0174625,-0.0100819790757238,0.00709083333333335));
#630=CARTESIAN_POINT('',(-0.00873125,-0.0151229686135858,0.00735541666666668));
#631=CARTESIAN_POINT('',(-1.23468634041558E-18,-0.0201639581514477,0.00762000000000001));
#632=CARTESIAN_POINT('',(0.00873125,-0.0151229686135858,0.00788458333333334));
#633=CARTESIAN_POINT('',(0.0174625,-0.0100819790757238,0.00814916666666668));
#634=CARTESIAN_POINT('',(0.0174625,-3.30501554919892E-18,0.00841375));
#635=CARTESIAN_POINT('',(0.0174625,0.0100819790757238,0.00867833333333334));
#636=CARTESIAN_POINT('',(0.00873125,0.0151229686135858,0.00894291666666668));
#637=CARTESIAN_POINT('',(3.70405902124674E-18,0.0201639581514477,0.00920750000000001));
#638=CARTESIAN_POINT('',(-0.00873125,0.0151229686135858,0.00947208333333334));
#639=CARTESIAN_POINT('',(-0.0174625,0.0100819790757238,0.00973666666666668));
#640=CARTESIAN_POINT('',(-0.0174625,-1.16647607618785E-18,0.01000125));
#641=CARTESIAN_POINT('',(-0.0174625,-0.0100819790757238,0.0102658333333333));
#642=CARTESIAN_POINT('',(-0.00873125,-0.0151229686135858,0.0105304166666667));
#643=CARTESIAN_POINT('',(-1.23468634041558E-18,-0.0201639581514477,0.010795));
#644=CARTESIAN_POINT('',(0.00873125,-0.0151229686135858,0.0110595833333333));
#645=CARTESIAN_POINT('',(0.0174625,-0.0100819790757238,0.0113241666666667));
#646=CARTESIAN_POINT('',(0.0174625,-3.30501554919892E-18,0.01158875));
#647=CARTESIAN_POINT('',(0.0174625,0.0100819790757238,0.0118533333333333));
#648=CARTESIAN_POINT('',(0.00873125,0.0151229686135858,0.0121179166666667));
#649=CARTESIAN_POINT('',(3.70405902124674E-18,0.0201639581514477,0.0123825));
#650=CARTESIAN_POINT('',(-0.00873125,0.0151229686135858,0.0126470833333333));
#651=CARTESIAN_POINT('',(-0.0174625,0.0100819790757238,0.0129116666666667));
#652=CARTESIAN_POINT('',(-0.0174625,-1.16647607618785E-18,0.01317625));
#653=CARTESIAN_POINT('',(-0.0174625,-0.0100819790757238,0.0134408333333333));
#654=CARTESIAN_POINT('',(-0.00873125,-0.0151229686135858,0.0137054166666667));
#655=CARTESIAN_POINT('',(-0.00786911199220885,-0.0156207242244626,0.0137315420608422));
#656=CARTESIAN_POINT('',(-0.00695599090688629,-0.0160172749477967,0.013759212396761));
#657=CARTESIAN_POINT('',(-0.0028787842318246,-0.0189637574625691,0.000198392494011488));
#658=CARTESIAN_POINT('',(0.00376814801999667,-0.0199727918690847,0.000381768307109634));
#659=CARTESIAN_POINT('',(0.0095905095765625,-0.0166112498570821,0.000542395833333345));
#660=CARTESIAN_POINT('',(0.019181019153125,-0.0110741665713881,0.000806979166666678));
#661=CARTESIAN_POINT('',(0.019181019153125,-3.51547344721371E-18,0.00107156250000001));
#662=CARTESIAN_POINT('',(0.019181019153125,0.0110741665713881,0.00133614583333335));
#663=CARTESIAN_POINT('',(0.00959050957656251,0.0166112498570821,0.00160072916666668));
#664=CARTESIAN_POINT('',(4.06858279346251E-18,0.0221483331427762,0.00186531250000001));
#665=CARTESIAN_POINT('',(-0.00959050957656249,0.0166112498570821,0.00212989583333334));
#666=CARTESIAN_POINT('',(-0.019181019153125,0.0110741665713881,0.00239447916666668));
#667=CARTESIAN_POINT('',(-0.019181019153125,-1.16647607618785E-18,0.00265906250000001));
#668=CARTESIAN_POINT('',(-0.019181019153125,-0.0110741665713881,0.00292364583333335));
#669=CARTESIAN_POINT('',(-0.0095905095765625,-0.0166112498570821,0.00318822916666668));
#670=CARTESIAN_POINT('',(-1.3561942644875E-18,-0.0221483331427762,0.00345281250000001));
#671=CARTESIAN_POINT('',(0.0095905095765625,-0.0166112498570821,0.00371739583333334));
#672=CARTESIAN_POINT('',(0.019181019153125,-0.0110741665713881,0.00398197916666668));
#673=CARTESIAN_POINT('',(0.019181019153125,-3.51547344721371E-18,0.00424656250000001));
#674=CARTESIAN_POINT('',(0.019181019153125,0.0110741665713881,0.00451114583333335));
#675=CARTESIAN_POINT('',(0.00959050957656251,0.0166112498570821,0.00477572916666668));
#676=CARTESIAN_POINT('',(4.06858279346251E-18,0.0221483331427762,0.00504031250000001));
#677=CARTESIAN_POINT('',(-0.00959050957656249,0.0166112498570821,0.00530489583333335));
#678=CARTESIAN_POINT('',(-0.019181019153125,0.0110741665713881,0.00556947916666668));
#679=CARTESIAN_POINT('',(-0.019181019153125,-1.16647607618785E-18,0.00583406250000001));
#680=CARTESIAN_POINT('',(-0.019181019153125,-0.0110741665713881,0.00609864583333335));
#681=CARTESIAN_POINT('',(-0.0095905095765625,-0.0166112498570821,0.00636322916666668));
#682=CARTESIAN_POINT('',(-1.3561942644875E-18,-0.0221483331427762,0.00662781250000001));
#683=CARTESIAN_POINT('',(0.0095905095765625,-0.0166112498570821,0.00689239583333335));
#684=CARTESIAN_POINT('',(0.019181019153125,-0.0110741665713881,0.00715697916666668));
#685=CARTESIAN_POINT('',(0.019181019153125,-3.51547344721371E-18,0.00742156250000001));
#686=CARTESIAN_POINT('',(0.019181019153125,0.0110741665713881,0.00768614583333334));
#687=CARTESIAN_POINT('',(0.00959050957656251,0.0166112498570821,0.00795072916666668));
#688=CARTESIAN_POINT('',(4.06858279346251E-18,0.0221483331427762,0.00821531250000001));
#689=CARTESIAN_POINT('',(-0.00959050957656249,0.0166112498570821,0.00847989583333334));
#690=CARTESIAN_POINT('',(-0.019181019153125,0.0110741665713881,0.00874447916666667));
#691=CARTESIAN_POINT('',(-0.019181019153125,-1.16647607618785E-18,0.00900906250000001));
#692=CARTESIAN_POINT('',(-0.019181019153125,-0.0110741665713881,0.00927364583333335));
#693=CARTESIAN_POINT('',(-0.0095905095765625,-0.0166112498570821,0.00953822916666668));
#694=CARTESIAN_POINT('',(-1.3561942644875E-18,-0.0221483331427762,0.0098028125));
#695=CARTESIAN_POINT('',(0.0095905095765625,-0.0166112498570821,0.0100673958333333));
#696=CARTESIAN_POINT('',(0.019181019153125,-0.0110741665713881,0.0103319791666667));
#697=CARTESIAN_POINT('',(0.019181019153125,-3.51547344721371E-18,0.0105965625));
#698=CARTESIAN_POINT('',(0.019181019153125,0.0110741665713881,0.0108611458333333));
#699=CARTESIAN_POINT('',(0.00959050957656251,0.0166112498570821,0.0111257291666667));
#700=CARTESIAN_POINT('',(4.06858279346251E-18,0.0221483331427762,0.0113903125));
#701=CARTESIAN_POINT('',(-0.00959050957656249,0.0166112498570821,0.0116548958333333));
#702=CARTESIAN_POINT('',(-0.019181019153125,0.0110741665713881,0.0119194791666667));
#703=CARTESIAN_POINT('',(-0.019181019153125,-1.16647607618785E-18,0.0121840625));
#704=CARTESIAN_POINT('',(-0.019181019153125,-0.0110741665713881,0.0124486458333333));
#705=CARTESIAN_POINT('',(-0.0095905095765625,-0.0166112498570821,0.0127132291666667));
#706=CARTESIAN_POINT('',(-0.00864352686274266,-0.017157990581824,0.0127393545608422));
#707=CARTESIAN_POINT('',(-0.00764054372592408,-0.0175935666459303,0.012767024896761));
#708=CARTESIAN_POINT('',(0.0184467262231648,0.00475613200485472,0.00127000000000001));
#709=CARTESIAN_POINT('',(0.0182559690003047,0.00566893372468839,0.00127000000000001));
#710=CARTESIAN_POINT('',(0.0180003226051742,0.00656318482439223,0.00127000000000001));
#711=CARTESIAN_POINT('',(0.017679777229994,0.00743888250010264,0.00127000000000001));
#712=CARTESIAN_POINT('',(0.017679777229994,0.00743888250010263,0.00127000000000001));
#713=CARTESIAN_POINT('',(5.3454041765119E-17,-0.0174625,0.00127000000000001));
#714=CARTESIAN_POINT('',(0.00279933730344409,-0.0176094271035121,0.00127000000000001));
#715=CARTESIAN_POINT('',(0.00838566878559529,-0.016536543520986,0.00127000000000001));
#716=CARTESIAN_POINT('',(0.0140442974256518,-0.0121531897625477,0.00127000000000001));
#717=CARTESIAN_POINT('',(0.0170676222766036,-0.00748665617391177,0.00127000000000001));
#718=CARTESIAN_POINT('',(0.0189865826037445,-0.00221349849485964,0.00127000000000001));
#719=CARTESIAN_POINT('',(0.0190143002990925,0.0020402055257836,0.00127000000000002));
#720=CARTESIAN_POINT('',(0.0184467262231648,0.00475613200485462,0.00127000000000002));
#721=CARTESIAN_POINT('',(5.25244062561604E-17,-0.0174625,0.00127000000000001));
#722=CARTESIAN_POINT('',(-0.0174625,-1.16647607618785E-18,-0.00269875));
#723=CARTESIAN_POINT('',(-0.0174625,-0.0100819790757238,-0.00243416666666665));
#724=CARTESIAN_POINT('',(-0.00873125,-0.0151229686135858,-0.00216958333333332));
#725=CARTESIAN_POINT('',(-1.23468634041558E-18,-0.0201639581514477,-0.00190499999999999));
#726=CARTESIAN_POINT('',(0.00873125,-0.0151229686135858,-0.00164041666666666));
#727=CARTESIAN_POINT('',(0.0174625,-0.0100819790757238,-0.00137583333333332));
#728=CARTESIAN_POINT('',(0.0174625,-3.30501554919892E-18,-0.00111125));
#729=CARTESIAN_POINT('',(0.0174625,0.0100819790757238,-0.000846666666666655));
#730=CARTESIAN_POINT('',(0.00873125,0.0151229686135858,-0.000582083333333322));
#731=CARTESIAN_POINT('',(3.70405902124674E-18,0.0201639581514477,-0.000317499999999989));
#732=CARTESIAN_POINT('',(-0.00873125,0.0151229686135858,-5.29166666666556E-5));
#733=CARTESIAN_POINT('',(-0.0174625,0.0100819790757238,0.000211666666666678));
#734=CARTESIAN_POINT('',(-0.0174625,3.11060286983428E-18,0.000476250000000011));
#735=CARTESIAN_POINT('',(-0.0174625,-0.0100819790757238,0.000740833333333345));
#736=CARTESIAN_POINT('',(-0.00873125,-0.0151229686135858,0.00100541666666668));
#737=CARTESIAN_POINT('',(-2.40826241879301E-17,-0.0201639581514477,0.00127000000000001));
#738=CARTESIAN_POINT('',(0.00873125,-0.0151229686135858,0.00153458333333334));
#739=CARTESIAN_POINT('',(0.0174625,-0.0100819790757238,0.00179916666666668));
#740=CARTESIAN_POINT('',(0.0174625,-7.58209449522105E-18,0.00206375));
#741=CARTESIAN_POINT('',(0.0174625,0.0100819790757238,0.00232833333333335));
#742=CARTESIAN_POINT('',(0.00873125,0.0151229686135858,0.00259291666666668));
#743=CARTESIAN_POINT('',(8.64280438290905E-18,0.0201639581514477,0.00285750000000001));
#744=CARTESIAN_POINT('',(-0.00873125,0.0151229686135858,0.00312208333333334));
#745=CARTESIAN_POINT('',(-0.0174625,0.0100819790757238,0.00338666666666668));
#746=CARTESIAN_POINT('',(-0.0174625,7.38768181585641E-18,0.00365125));
#747=CARTESIAN_POINT('',(-0.0174625,-0.0100819790757238,0.00391583333333334));
#748=CARTESIAN_POINT('',(-0.00873125,-0.0151229686135858,0.00418041666666668));
#749=CARTESIAN_POINT('',(-4.69305620354447E-17,-0.0201639581514477,0.00444500000000001));
#750=CARTESIAN_POINT('',(0.00873125,-0.0151229686135858,0.00470958333333335));
#751=CARTESIAN_POINT('',(0.0174625,-0.0100819790757238,0.00497416666666668));
#752=CARTESIAN_POINT('',(0.0174625,-4.287880474927E-17,0.00523875));
#753=CARTESIAN_POINT('',(0.0174625,0.0100819790757238,0.00550333333333334));
#754=CARTESIAN_POINT('',(0.00873125,0.0151229686135858,0.00576791666666668));
#755=CARTESIAN_POINT('',(4.93999347162759E-17,0.0201639581514477,0.00603250000000001));
#756=CARTESIAN_POINT('',(-0.00873125,0.0151229686135858,0.00629708333333335));
#757=CARTESIAN_POINT('',(-0.0174625,0.0100819790757238,0.00656166666666667));
#758=CARTESIAN_POINT('',(-0.0174625,1.16647607618785E-17,0.00682625));
#759=CARTESIAN_POINT('',(-0.0174625,-0.0100819790757238,0.00709083333333335));
#760=CARTESIAN_POINT('',(-0.00873125,-0.0151229686135858,0.00735541666666668));
#761=CARTESIAN_POINT('',(-5.1869307397107E-17,-0.0201639581514477,0.00762000000000001));
#762=CARTESIAN_POINT('',(0.00873125,-0.0151229686135858,0.00788458333333334));
#763=CARTESIAN_POINT('',(0.0174625,-0.0100819790757238,0.00814916666666668));
#764=CARTESIAN_POINT('',(0.0174625,-1.61362523872653E-17,0.00841375));
#765=CARTESIAN_POINT('',(0.0174625,0.0100819790757238,0.00867833333333334));
#766=CARTESIAN_POINT('',(0.00873125,0.0151229686135858,0.00894291666666668));
#767=CARTESIAN_POINT('',(5.43386800779382E-17,0.0201639581514477,0.00920750000000001));
#768=CARTESIAN_POINT('',(-0.00873125,0.0151229686135858,0.00947208333333334));
#769=CARTESIAN_POINT('',(-0.0174625,0.0100819790757238,0.00973666666666668));
#770=CARTESIAN_POINT('',(-0.0174625,1.59418397079007E-17,0.01000125));
#771=CARTESIAN_POINT('',(-0.0174625,-0.0100819790757238,0.0102658333333333));
#772=CARTESIAN_POINT('',(-0.00873125,-0.0151229686135858,0.0105304166666667));
#773=CARTESIAN_POINT('',(-5.68080527587693E-17,-0.0201639581514477,0.010795));
#774=CARTESIAN_POINT('',(0.00873125,-0.0151229686135858,0.0110595833333333));
#775=CARTESIAN_POINT('',(0.0174625,-0.0100819790757238,0.0113241666666667));
#776=CARTESIAN_POINT('',(0.0174625,-8.24525939493412E-17,0.01158875));
#777=CARTESIAN_POINT('',(0.0174625,0.0100819790757238,0.0118533333333333));
#778=CARTESIAN_POINT('',(0.00873125,0.0151229686135858,0.0121179166666667));
#779=CARTESIAN_POINT('',(5.92774254396005E-17,0.0201639581514477,0.0123825));
#780=CARTESIAN_POINT('',(-0.00873125,0.0151229686135858,0.0126470833333333));
#781=CARTESIAN_POINT('',(-0.0174625,0.0100819790757238,0.0129116666666667));
#782=CARTESIAN_POINT('',(-0.0174625,8.22581812699766E-17,0.01317625));
#783=CARTESIAN_POINT('',(-0.0174625,-0.0100819790757238,0.0134408333333333));
#784=CARTESIAN_POINT('',(-0.00873125,-0.0151229686135858,0.0137054166666667));
#785=CARTESIAN_POINT('',(-1.33383568063841E-16,-0.0201639581514477,0.01397));
#786=CARTESIAN_POINT('',(0.00873125,-0.0151229686135858,0.0142345833333333));
#787=CARTESIAN_POINT('',(0.0174625,-0.0100819790757238,0.0144991666666667));
#788=CARTESIAN_POINT('',(0.0174625,-8.67296728953633E-17,0.01476375));
#789=CARTESIAN_POINT('',(0.0174625,0.0100819790757238,0.0150283333333333));
#790=CARTESIAN_POINT('',(0.0087312500000001,0.0151229686135857,0.0152929166666667));
#791=CARTESIAN_POINT('',(6.42161708012629E-17,0.0201639581514477,0.0155575));
#792=CARTESIAN_POINT('',(-0.00873124999999989,0.0151229686135859,0.0158220833333334));
#793=CARTESIAN_POINT('',(-0.0174625,0.0100819790757238,0.0160866666666667));
#794=CARTESIAN_POINT('',(-0.0174625,2.44959975999449E-17,0.01635125));
#795=CARTESIAN_POINT('',(-0.0174625,-0.0100819790757238,0.0166158333333333));
#796=CARTESIAN_POINT('',(-0.00873125,-0.0151229686135858,0.0168804166666667));
#797=CARTESIAN_POINT('',(-1.38322313425503E-16,-0.0201639581514477,0.017145));
#798=CARTESIAN_POINT('',(0.00873125,-0.0151229686135858,0.0174095833333333));
#799=CARTESIAN_POINT('',(0.0174625,-0.0100819790757238,0.0176741666666667));
#800=CARTESIAN_POINT('',(0.0174625,-9.10067518413855E-17,0.01793875));
#801=CARTESIAN_POINT('',(0.0174625,0.0100819790757238,0.0182033333333333));
#802=CARTESIAN_POINT('',(0.0087312500000001,0.0151229686135857,0.0184679166666667));
#803=CARTESIAN_POINT('',(6.91549161629252E-17,0.0201639581514477,0.0187325));
#804=CARTESIAN_POINT('',(-0.00873124999999989,0.0151229686135859,0.0189970833333334));
#805=CARTESIAN_POINT('',(-0.0174624999999999,0.0100819790757238,0.0192616666666667));
#806=CARTESIAN_POINT('',(-0.0174625,2.8773076545967E-17,0.01952625));
#807=CARTESIAN_POINT('',(-0.019181019153125,-1.16647607618785E-18,-0.00369093749999999));
#808=CARTESIAN_POINT('',(-0.019181019153125,-0.0110741665713881,-0.00342635416666666));
#809=CARTESIAN_POINT('',(-0.0095905095765625,-0.0166112498570821,-0.00316177083333332));
#810=CARTESIAN_POINT('',(-1.3561942644875E-18,-0.0221483331427762,-0.00289718749999999));
#811=CARTESIAN_POINT('',(0.0095905095765625,-0.0166112498570821,-0.00263260416666666));
#812=CARTESIAN_POINT('',(0.019181019153125,-0.0110741665713881,-0.00236802083333332));
#813=CARTESIAN_POINT('',(0.019181019153125,-3.51547344721371E-18,-0.00210343749999998));
#814=CARTESIAN_POINT('',(0.019181019153125,0.0110741665713881,-0.00183885416666665));
#815=CARTESIAN_POINT('',(0.00959050957656251,0.0166112498570821,-0.00157427083333332));
#816=CARTESIAN_POINT('',(4.06858279346251E-18,0.0221483331427762,-0.00130968749999999));
#817=CARTESIAN_POINT('',(-0.00959050957656249,0.0166112498570821,-0.00104510416666665));
#818=CARTESIAN_POINT('',(-0.019181019153125,0.0110741665713881,-0.000780520833333321));
#819=CARTESIAN_POINT('',(-0.019181019153125,3.53151866586387E-18,-0.000515937499999987));
#820=CARTESIAN_POINT('',(-0.019181019153125,-0.0110741665713881,-0.000251354166666654));
#821=CARTESIAN_POINT('',(-0.00959050957656251,-0.0166112498570821,1.32291666666796E-5));
#822=CARTESIAN_POINT('',(-2.64526428521804E-17,-0.0221483331427762,0.000277812500000012));
#823=CARTESIAN_POINT('',(0.00959050957656249,-0.0166112498570821,0.000542395833333346));
#824=CARTESIAN_POINT('',(0.019181019153125,-0.0110741665713881,0.000806979166666679));
#825=CARTESIAN_POINT('',(0.019181019153125,-8.21346818926544E-18,0.00107156250000001));
#826=CARTESIAN_POINT('',(0.019181019153125,0.0110741665713881,0.00133614583333335));
#827=CARTESIAN_POINT('',(0.00959050957656253,0.0166112498570821,0.00160072916666668));
#828=CARTESIAN_POINT('',(9.49335985141252E-18,0.0221483331427762,0.00186531250000001));
#829=CARTESIAN_POINT('',(-0.00959050957656248,0.0166112498570821,0.00212989583333334));
#830=CARTESIAN_POINT('',(-0.019181019153125,0.0110741665713881,0.00239447916666668));
#831=CARTESIAN_POINT('',(-0.019181019153125,8.22951340791559E-18,0.00265906250000002));
#832=CARTESIAN_POINT('',(-0.019181019153125,-0.0110741665713881,0.00292364583333335));
#833=CARTESIAN_POINT('',(-0.00959050957656253,-0.0166112498570821,0.00318822916666668));
#834=CARTESIAN_POINT('',(-5.15490914398733E-17,-0.0221483331427762,0.00345281250000001));
#835=CARTESIAN_POINT('',(0.00959050957656248,-0.0166112498570821,0.00371739583333334));
#836=CARTESIAN_POINT('',(0.019181019153125,-0.0110741665713881,0.00398197916666668));
#837=CARTESIAN_POINT('',(0.019181019153125,-4.6983797490638E-17,0.00424656250000002));
#838=CARTESIAN_POINT('',(0.019181019153125,0.0110741665713881,0.00451114583333335));
#839=CARTESIAN_POINT('',(0.00959050957656253,0.0166112498570821,0.00477572916666668));
#840=CARTESIAN_POINT('',(5.42614799688482E-17,0.0221483331427762,0.00504031250000001));
#841=CARTESIAN_POINT('',(-0.00959050957656245,0.0166112498570821,0.00530489583333335));
#842=CARTESIAN_POINT('',(-0.019181019153125,0.0110741665713882,0.00556947916666668));
#843=CARTESIAN_POINT('',(-0.019181019153125,1.29275081499673E-17,0.00583406250000001));
#844=CARTESIAN_POINT('',(-0.019181019153125,-0.0110741665713881,0.00609864583333335));
#845=CARTESIAN_POINT('',(-0.00959050957656253,-0.0166112498570821,0.00636322916666668));
#846=CARTESIAN_POINT('',(-5.69738684978232E-17,-0.0221483331427762,0.00662781250000001));
#847=CARTESIAN_POINT('',(0.00959050957656245,-0.0166112498570821,0.00689239583333335));
#848=CARTESIAN_POINT('',(0.019181019153125,-0.0110741665713882,0.00715697916666668));
#849=CARTESIAN_POINT('',(0.019181019153125,-1.76094576733689E-17,0.00742156250000001));
#850=CARTESIAN_POINT('',(0.019181019153125,0.0110741665713881,0.00768614583333334));
#851=CARTESIAN_POINT('',(0.00959050957656254,0.0166112498570821,0.00795072916666668));
#852=CARTESIAN_POINT('',(5.96862570267983E-17,0.0221483331427762,0.00821531250000001));
#853=CARTESIAN_POINT('',(-0.00959050957656245,0.0166112498570821,0.00847989583333335));
#854=CARTESIAN_POINT('',(-0.019181019153125,0.0110741665713882,0.00874447916666667));
#855=CARTESIAN_POINT('',(-0.019181019153125,1.7625502892019E-17,0.00900906250000001));
#856=CARTESIAN_POINT('',(-0.019181019153125,-0.0110741665713881,0.00927364583333335));
#857=CARTESIAN_POINT('',(-0.00959050957656254,-0.0166112498570821,0.00953822916666668));
#858=CARTESIAN_POINT('',(-6.23986455557732E-17,-0.0221483331427762,0.00980281250000002));
#859=CARTESIAN_POINT('',(0.00959050957656244,-0.0166112498570821,0.0100673958333333));
#860=CARTESIAN_POINT('',(0.019181019153125,-0.0110741665713882,0.0103319791666667));
#861=CARTESIAN_POINT('',(0.019181019153125,-9.04521215340622E-17,0.0105965625));
#862=CARTESIAN_POINT('',(0.019181019153125,0.011074166571388,0.0108611458333333));
#863=CARTESIAN_POINT('',(0.00959050957656254,0.0166112498570821,0.0111257291666667));
#864=CARTESIAN_POINT('',(6.51110340847483E-17,0.0221483331427762,0.0113903125));
#865=CARTESIAN_POINT('',(-0.00959050957656244,0.0166112498570821,0.0116548958333333));
#866=CARTESIAN_POINT('',(-0.019181019153125,0.0110741665713882,0.0119194791666667));
#867=CARTESIAN_POINT('',(-0.019181019153125,9.04681667527124E-17,0.0121840625));
#868=CARTESIAN_POINT('',(-0.019181019153125,-0.011074166571388,0.0124486458333333));
#869=CARTESIAN_POINT('',(-0.00959050957656254,-0.0166112498570821,0.0127132291666667));
#870=CARTESIAN_POINT('',(-1.46510108732695E-16,-0.0221483331427762,0.0129778125));
#871=CARTESIAN_POINT('',(0.00959050957656244,-0.0166112498570821,0.0132423958333333));
#872=CARTESIAN_POINT('',(0.019181019153125,-0.0110741665713881,0.0135069791666667));
#873=CARTESIAN_POINT('',(0.019181019153125,-9.51501162761139E-17,0.0137715625));
#874=CARTESIAN_POINT('',(0.019181019153125,0.011074166571388,0.0140361458333333));
#875=CARTESIAN_POINT('',(0.0095905095765626,0.016611249857082,0.0143007291666667));
#876=CARTESIAN_POINT('',(7.05358111426983E-17,0.0221483331427762,0.0145653125));
#877=CARTESIAN_POINT('',(-0.00959050957656238,0.0166112498570822,0.0148298958333333));
#878=CARTESIAN_POINT('',(-0.019181019153125,0.0110741665713882,0.0150944791666667));
#879=CARTESIAN_POINT('',(-0.019181019153125,2.70214923761225E-17,0.0153590625));
#880=CARTESIAN_POINT('',(-0.0191810191531251,-0.011074166571388,0.0156236458333333));
#881=CARTESIAN_POINT('',(-0.00959050957656255,-0.0166112498570821,0.0158882291666667));
#882=CARTESIAN_POINT('',(-1.51934885790645E-16,-0.0221483331427762,0.0161528125));
#883=CARTESIAN_POINT('',(0.00959050957656244,-0.0166112498570821,0.0164173958333334));
#884=CARTESIAN_POINT('',(0.019181019153125,-0.0110741665713881,0.0166819791666667));
#885=CARTESIAN_POINT('',(0.019181019153125,-9.98481110181657E-17,0.0169465625));
#886=CARTESIAN_POINT('',(0.019181019153125,0.011074166571388,0.0172111458333333));
#887=CARTESIAN_POINT('',(0.00959050957656261,0.016611249857082,0.0174757291666667));
#888=CARTESIAN_POINT('',(7.59605882006482E-17,0.0221483331427762,0.0177403125));
#889=CARTESIAN_POINT('',(-0.00959050957656238,0.0166112498570822,0.0180048958333334));
#890=CARTESIAN_POINT('',(-0.019181019153125,0.0110741665713882,0.0182694791666667));
#891=CARTESIAN_POINT('',(-0.019181019153125,3.17194871181742E-17,0.0185340625));
#892=CARTESIAN_POINT('',(0.0185553605347588,0.00485902162761849,0.00119628430416545));
#893=CARTESIAN_POINT('',(0.0165264898367198,0.0126067597867864,0.00140937908641116));
#894=CARTESIAN_POINT('',(0.00959050957656251,0.0166112498570821,0.00160072916666668));
#895=CARTESIAN_POINT('',(4.06858279346251E-18,0.0221483331427762,0.00186531250000001));
#896=CARTESIAN_POINT('',(-0.00959050957656249,0.0166112498570821,0.00212989583333334));
#897=CARTESIAN_POINT('',(-0.019181019153125,0.0110741665713881,0.00239447916666668));
#898=CARTESIAN_POINT('',(-0.019181019153125,-1.16647607618785E-18,0.00265906250000002));
#899=CARTESIAN_POINT('',(-0.019181019153125,-0.0110741665713881,0.00292364583333335));
#900=CARTESIAN_POINT('',(-0.0095905095765625,-0.0166112498570821,0.00318822916666668));
#901=CARTESIAN_POINT('',(-1.3561942644875E-18,-0.0221483331427762,0.00345281250000001));
#902=CARTESIAN_POINT('',(0.0095905095765625,-0.0166112498570821,0.00371739583333334));
#903=CARTESIAN_POINT('',(0.019181019153125,-0.0110741665713881,0.00398197916666668));
#904=CARTESIAN_POINT('',(0.019181019153125,-3.51547344721371E-18,0.00424656250000002));
#905=CARTESIAN_POINT('',(0.019181019153125,0.0110741665713881,0.00451114583333335));
#906=CARTESIAN_POINT('',(0.00959050957656251,0.0166112498570821,0.00477572916666668));
#907=CARTESIAN_POINT('',(4.06858279346251E-18,0.0221483331427762,0.00504031250000001));
#908=CARTESIAN_POINT('',(-0.00959050957656249,0.0166112498570821,0.00530489583333335));
#909=CARTESIAN_POINT('',(-0.019181019153125,0.0110741665713881,0.00556947916666668));
#910=CARTESIAN_POINT('',(-0.019181019153125,-1.16647607618785E-18,0.00583406250000001));
#911=CARTESIAN_POINT('',(-0.019181019153125,-0.0110741665713881,0.00609864583333335));
#912=CARTESIAN_POINT('',(-0.0095905095765625,-0.0166112498570821,0.00636322916666668));
#913=CARTESIAN_POINT('',(-1.3561942644875E-18,-0.0221483331427762,0.00662781250000001));
#914=CARTESIAN_POINT('',(0.0095905095765625,-0.0166112498570821,0.00689239583333335));
#915=CARTESIAN_POINT('',(0.019181019153125,-0.0110741665713881,0.00715697916666668));
#916=CARTESIAN_POINT('',(0.019181019153125,-3.51547344721371E-18,0.00742156250000001));
#917=CARTESIAN_POINT('',(0.019181019153125,0.0110741665713881,0.00768614583333334));
#918=CARTESIAN_POINT('',(0.00959050957656251,0.0166112498570821,0.00795072916666668));
#919=CARTESIAN_POINT('',(4.06858279346251E-18,0.0221483331427762,0.00821531250000001));
#920=CARTESIAN_POINT('',(-0.00959050957656249,0.0166112498570821,0.00847989583333335));
#921=CARTESIAN_POINT('',(-0.019181019153125,0.0110741665713881,0.00874447916666667));
#922=CARTESIAN_POINT('',(-0.019181019153125,-1.16647607618785E-18,0.00900906250000001));
#923=CARTESIAN_POINT('',(-0.019181019153125,-0.0110741665713881,0.00927364583333335));
#924=CARTESIAN_POINT('',(-0.0095905095765625,-0.0166112498570821,0.00953822916666668));
#925=CARTESIAN_POINT('',(-1.3561942644875E-18,-0.0221483331427762,0.00980281250000002));
#926=CARTESIAN_POINT('',(0.0095905095765625,-0.0166112498570821,0.0100673958333333));
#927=CARTESIAN_POINT('',(0.019181019153125,-0.0110741665713881,0.0103319791666667));
#928=CARTESIAN_POINT('',(0.019181019153125,-3.51547344721371E-18,0.0105965625));
#929=CARTESIAN_POINT('',(0.019181019153125,0.0110741665713881,0.0108611458333333));
#930=CARTESIAN_POINT('',(0.00959050957656251,0.0166112498570821,0.0111257291666667));
#931=CARTESIAN_POINT('',(4.06858279346251E-18,0.0221483331427762,0.0113903125));
#932=CARTESIAN_POINT('',(-0.00959050957656249,0.0166112498570821,0.0116548958333333));
#933=CARTESIAN_POINT('',(-0.019181019153125,0.0110741665713881,0.0119194791666667));
#934=CARTESIAN_POINT('',(-0.019181019153125,-1.16647607618785E-18,0.0121840625));
#935=CARTESIAN_POINT('',(-0.019181019153125,-0.0110741665713881,0.0124486458333333));
#936=CARTESIAN_POINT('',(-0.0095905095765625,-0.0166112498570821,0.0127132291666667));
#937=CARTESIAN_POINT('',(-0.00165905280641021,-0.0211904785583954,0.0129320424897423));
#938=CARTESIAN_POINT('',(0.00688843042568744,-0.0179014251394411,0.0131678507736614));
#939=CARTESIAN_POINT('',(0.0186949712548138,0.00489558095541619,0.00108804566780182));
#940=CARTESIAN_POINT('',(0.0166508353131531,0.0127016131747385,0.00130114045004752));
#941=CARTESIAN_POINT('',(0.00966266866747159,0.0167362330687646,0.00149249053030304));
#942=CARTESIAN_POINT('',(4.09919485148934E-18,0.0223149774250196,0.00175707386363638));
#943=CARTESIAN_POINT('',(-0.00966266866747158,0.0167362330687647,0.00202165719696971));
#944=CARTESIAN_POINT('',(-0.0193253373349431,0.0111574887125098,0.00228624053030304));
#945=CARTESIAN_POINT('',(-0.0193253373349432,-1.16647607618785E-18,0.00255082386363638));
#946=CARTESIAN_POINT('',(-0.0193253373349432,-0.0111574887125098,0.00281540719696971));
#947=CARTESIAN_POINT('',(-0.00966266866747158,-0.0167362330687647,0.00307999053030304));
#948=CARTESIAN_POINT('',(-1.36639828382978E-18,-0.0223149774250196,0.00334457386363637));
#949=CARTESIAN_POINT('',(0.00966266866747158,-0.0167362330687647,0.00360915719696971));
#950=CARTESIAN_POINT('',(0.0193253373349432,-0.0111574887125098,0.00387374053030304));
#951=CARTESIAN_POINT('',(0.0193253373349432,-3.53314732715595E-18,0.00413832386363637));
#952=CARTESIAN_POINT('',(0.0193253373349432,0.0111574887125098,0.00440290719696971));
#953=CARTESIAN_POINT('',(0.00966266866747159,0.0167362330687646,0.00466749053030304));
#954=CARTESIAN_POINT('',(4.09919485148934E-18,0.0223149774250196,0.00493207386363638));
#955=CARTESIAN_POINT('',(-0.00966266866747158,0.0167362330687647,0.00519665719696971));
#956=CARTESIAN_POINT('',(-0.0193253373349431,0.0111574887125098,0.00546124053030304));
#957=CARTESIAN_POINT('',(-0.0193253373349432,-1.16647607618785E-18,0.00572582386363637));
#958=CARTESIAN_POINT('',(-0.0193253373349432,-0.0111574887125098,0.00599040719696971));
#959=CARTESIAN_POINT('',(-0.00966266866747158,-0.0167362330687647,0.00625499053030304));
#960=CARTESIAN_POINT('',(-1.36639828382978E-18,-0.0223149774250196,0.00651957386363637));
#961=CARTESIAN_POINT('',(0.00966266866747158,-0.0167362330687647,0.0067841571969697));
#962=CARTESIAN_POINT('',(0.0193253373349432,-0.0111574887125098,0.00704874053030304));
#963=CARTESIAN_POINT('',(0.0193253373349432,-3.53314732715595E-18,0.00731332386363637));
#964=CARTESIAN_POINT('',(0.0193253373349432,0.0111574887125098,0.00757790719696971));
#965=CARTESIAN_POINT('',(0.00966266866747159,0.0167362330687646,0.00784249053030305));
#966=CARTESIAN_POINT('',(4.09919485148934E-18,0.0223149774250196,0.00810707386363637));
#967=CARTESIAN_POINT('',(-0.00966266866747158,0.0167362330687647,0.0083716571969697));
#968=CARTESIAN_POINT('',(-0.0193253373349431,0.0111574887125098,0.00863624053030303));
#969=CARTESIAN_POINT('',(-0.0193253373349432,-1.16647607618785E-18,0.00890082386363638));
#970=CARTESIAN_POINT('',(-0.0193253373349432,-0.0111574887125098,0.00916540719696971));
#971=CARTESIAN_POINT('',(-0.00966266866747158,-0.0167362330687647,0.00942999053030304));
#972=CARTESIAN_POINT('',(-1.36639828382978E-18,-0.0223149774250196,0.00969457386363637));
#973=CARTESIAN_POINT('',(0.00966266866747158,-0.0167362330687647,0.00995915719696971));
#974=CARTESIAN_POINT('',(0.0193253373349432,-0.0111574887125098,0.010223740530303));
#975=CARTESIAN_POINT('',(0.0193253373349432,-3.53314732715595E-18,0.0104883238636364));
#976=CARTESIAN_POINT('',(0.0193253373349432,0.0111574887125098,0.0107529071969697));
#977=CARTESIAN_POINT('',(0.00966266866747159,0.0167362330687646,0.011017490530303));
#978=CARTESIAN_POINT('',(4.09919485148934E-18,0.0223149774250196,0.0112820738636364));
#979=CARTESIAN_POINT('',(-0.00966266866747158,0.0167362330687647,0.0115466571969697));
#980=CARTESIAN_POINT('',(-0.0193253373349431,0.0111574887125098,0.011811240530303));
#981=CARTESIAN_POINT('',(-0.0193253373349432,-1.16647607618785E-18,0.0120758238636364));
#982=CARTESIAN_POINT('',(-0.0193253373349432,-0.0111574887125098,0.0123404071969697));
#983=CARTESIAN_POINT('',(-0.00966266866747158,-0.0167362330687647,0.012604990530303));
#984=CARTESIAN_POINT('',(-0.0016715355364805,-0.0213499159330725,0.0128238038533787));
#985=CARTESIAN_POINT('',(0.00694025904577691,-0.0180361156429776,0.0130596121372978));
#986=CARTESIAN_POINT('',(0.0186949712548138,0.00489558095541619,0.00090764794052909));
#987=CARTESIAN_POINT('',(0.0166508353131531,0.0127016131747385,0.00112074272277479));
#988=CARTESIAN_POINT('',(0.00966266866747159,0.0167362330687646,0.00131209280303031));
#989=CARTESIAN_POINT('',(4.09919485148934E-18,0.0223149774250196,0.00157667613636365));
#990=CARTESIAN_POINT('',(-0.00966266866747158,0.0167362330687647,0.00184125946969698));
#991=CARTESIAN_POINT('',(-0.0193253373349431,0.0111574887125098,0.00210584280303031));
#992=CARTESIAN_POINT('',(-0.0193253373349432,-1.16647607618785E-18,0.00237042613636364));
#993=CARTESIAN_POINT('',(-0.0193253373349432,-0.0111574887125098,0.00263500946969698));
#994=CARTESIAN_POINT('',(-0.00966266866747158,-0.0167362330687647,0.00289959280303031));
#995=CARTESIAN_POINT('',(-1.36639828382978E-18,-0.0223149774250196,0.00316417613636365));
#996=CARTESIAN_POINT('',(0.00966266866747158,-0.0167362330687647,0.00342875946969698));
#997=CARTESIAN_POINT('',(0.0193253373349432,-0.0111574887125098,0.00369334280303031));
#998=CARTESIAN_POINT('',(0.0193253373349432,-3.53314732715595E-18,0.00395792613636364));
#999=CARTESIAN_POINT('',(0.0193253373349432,0.0111574887125098,0.00422250946969698));
#1000=CARTESIAN_POINT('',(0.00966266866747159,0.0167362330687646,0.00448709280303031));
#1001=CARTESIAN_POINT('',(4.09919485148934E-18,0.0223149774250196,0.00475167613636365));
#1002=CARTESIAN_POINT('',(-0.00966266866747158,0.0167362330687647,0.00501625946969698));
#1003=CARTESIAN_POINT('',(-0.0193253373349431,0.0111574887125098,0.00528084280303031));
#1004=CARTESIAN_POINT('',(-0.0193253373349432,-1.16647607618785E-18,0.00554542613636364));
#1005=CARTESIAN_POINT('',(-0.0193253373349432,-0.0111574887125098,0.00581000946969698));
#1006=CARTESIAN_POINT('',(-0.00966266866747158,-0.0167362330687647,0.00607459280303031));
#1007=CARTESIAN_POINT('',(-1.36639828382978E-18,-0.0223149774250196,0.00633917613636364));
#1008=CARTESIAN_POINT('',(0.00966266866747158,-0.0167362330687647,0.00660375946969698));
#1009=CARTESIAN_POINT('',(0.0193253373349432,-0.0111574887125098,0.00686834280303031));
#1010=CARTESIAN_POINT('',(0.0193253373349432,-3.53314732715595E-18,0.00713292613636364));
#1011=CARTESIAN_POINT('',(0.0193253373349432,0.0111574887125098,0.00739750946969698));
#1012=CARTESIAN_POINT('',(0.00966266866747159,0.0167362330687646,0.00766209280303031));
#1013=CARTESIAN_POINT('',(4.09919485148934E-18,0.0223149774250196,0.00792667613636364));
#1014=CARTESIAN_POINT('',(-0.00966266866747158,0.0167362330687647,0.00819125946969697));
#1015=CARTESIAN_POINT('',(-0.0193253373349431,0.0111574887125098,0.00845584280303031));
#1016=CARTESIAN_POINT('',(-0.0193253373349432,-1.16647607618785E-18,0.00872042613636364));
#1017=CARTESIAN_POINT('',(-0.0193253373349432,-0.0111574887125098,0.00898500946969697));
#1018=CARTESIAN_POINT('',(-0.00966266866747158,-0.0167362330687647,0.00924959280303032));
#1019=CARTESIAN_POINT('',(-1.36639828382978E-18,-0.0223149774250196,0.00951417613636365));
#1020=CARTESIAN_POINT('',(0.00966266866747158,-0.0167362330687647,0.00977875946969698));
#1021=CARTESIAN_POINT('',(0.0193253373349432,-0.0111574887125098,0.0100433428030303));
#1022=CARTESIAN_POINT('',(0.0193253373349432,-3.53314732715595E-18,0.0103079261363636));
#1023=CARTESIAN_POINT('',(0.0193253373349432,0.0111574887125098,0.010572509469697));
#1024=CARTESIAN_POINT('',(0.00966266866747159,0.0167362330687646,0.0108370928030303));
#1025=CARTESIAN_POINT('',(4.09919485148934E-18,0.0223149774250196,0.0111016761363636));
#1026=CARTESIAN_POINT('',(-0.00966266866747158,0.0167362330687647,0.011366259469697));
#1027=CARTESIAN_POINT('',(-0.0193253373349431,0.0111574887125098,0.0116308428030303));
#1028=CARTESIAN_POINT('',(-0.0193253373349432,-1.16647607618785E-18,0.0118954261363636));
#1029=CARTESIAN_POINT('',(-0.0193253373349432,-0.0111574887125098,0.012160009469697));
#1030=CARTESIAN_POINT('',(-0.00966266866747158,-0.0167362330687647,0.0124245928030303));
#1031=CARTESIAN_POINT('',(-0.0016715355364805,-0.0213499159330725,0.0126434061261059));
#1032=CARTESIAN_POINT('',(0.00694025904577691,-0.0180361156429776,0.012879214410025));
#1033=CARTESIAN_POINT('',(0.0185553605347588,0.00485902162761849,0.000799409304165454));
#1034=CARTESIAN_POINT('',(0.0165264898367198,0.0126067597867864,0.00101250408641115));
#1035=CARTESIAN_POINT('',(0.00959050957656251,0.0166112498570821,0.00120385416666668));
#1036=CARTESIAN_POINT('',(4.06858279346251E-18,0.0221483331427762,0.00146843750000001));
#1037=CARTESIAN_POINT('',(-0.00959050957656249,0.0166112498570821,0.00173302083333334));
#1038=CARTESIAN_POINT('',(-0.019181019153125,0.0110741665713881,0.00199760416666668));
#1039=CARTESIAN_POINT('',(-0.019181019153125,-1.16647607618785E-18,0.00226218750000001));
#1040=CARTESIAN_POINT('',(-0.019181019153125,-0.0110741665713881,0.00252677083333335));
#1041=CARTESIAN_POINT('',(-0.0095905095765625,-0.0166112498570821,0.00279135416666668));
#1042=CARTESIAN_POINT('',(-1.3561942644875E-18,-0.0221483331427762,0.00305593750000001));
#1043=CARTESIAN_POINT('',(0.0095905095765625,-0.0166112498570821,0.00332052083333335));
#1044=CARTESIAN_POINT('',(0.019181019153125,-0.0110741665713881,0.00358510416666668));
#1045=CARTESIAN_POINT('',(0.019181019153125,-3.51547344721371E-18,0.00384968750000001));
#1046=CARTESIAN_POINT('',(0.019181019153125,0.0110741665713881,0.00411427083333334));
#1047=CARTESIAN_POINT('',(0.00959050957656251,0.0166112498570821,0.00437885416666668));
#1048=CARTESIAN_POINT('',(4.06858279346251E-18,0.0221483331427762,0.00464343750000001));
#1049=CARTESIAN_POINT('',(-0.00959050957656249,0.0166112498570821,0.00490802083333335));
#1050=CARTESIAN_POINT('',(-0.019181019153125,0.0110741665713881,0.00517260416666668));
#1051=CARTESIAN_POINT('',(-0.019181019153125,-1.16647607618785E-18,0.00543718750000001));
#1052=CARTESIAN_POINT('',(-0.019181019153125,-0.0110741665713881,0.00570177083333335));
#1053=CARTESIAN_POINT('',(-0.0095905095765625,-0.0166112498570821,0.00596635416666668));
#1054=CARTESIAN_POINT('',(-1.3561942644875E-18,-0.0221483331427762,0.00623093750000001));
#1055=CARTESIAN_POINT('',(0.0095905095765625,-0.0166112498570821,0.00649552083333334));
#1056=CARTESIAN_POINT('',(0.019181019153125,-0.0110741665713881,0.00676010416666668));
#1057=CARTESIAN_POINT('',(0.019181019153125,-3.51547344721371E-18,0.00702468750000001));
#1058=CARTESIAN_POINT('',(0.019181019153125,0.0110741665713881,0.00728927083333334));
#1059=CARTESIAN_POINT('',(0.00959050957656251,0.0166112498570821,0.00755385416666668));
#1060=CARTESIAN_POINT('',(4.06858279346251E-18,0.0221483331427762,0.00781843750000001));
#1061=CARTESIAN_POINT('',(-0.00959050957656249,0.0166112498570821,0.00808302083333335));
#1062=CARTESIAN_POINT('',(-0.019181019153125,0.0110741665713881,0.00834760416666667));
#1063=CARTESIAN_POINT('',(-0.019181019153125,-1.16647607618785E-18,0.00861218750000001));
#1064=CARTESIAN_POINT('',(-0.019181019153125,-0.0110741665713881,0.00887677083333334));
#1065=CARTESIAN_POINT('',(-0.0095905095765625,-0.0166112498570821,0.00914135416666668));
#1066=CARTESIAN_POINT('',(-1.3561942644875E-18,-0.0221483331427762,0.0094059375));
#1067=CARTESIAN_POINT('',(0.0095905095765625,-0.0166112498570821,0.00967052083333335));
#1068=CARTESIAN_POINT('',(0.019181019153125,-0.0110741665713881,0.00993510416666668));
#1069=CARTESIAN_POINT('',(0.019181019153125,-3.51547344721371E-18,0.0101996875));
#1070=CARTESIAN_POINT('',(0.019181019153125,0.0110741665713881,0.0104642708333333));
#1071=CARTESIAN_POINT('',(0.00959050957656251,0.0166112498570821,0.0107288541666667));
#1072=CARTESIAN_POINT('',(4.06858279346251E-18,0.0221483331427762,0.0109934375));
#1073=CARTESIAN_POINT('',(-0.00959050957656249,0.0166112498570821,0.0112580208333333));
#1074=CARTESIAN_POINT('',(-0.019181019153125,0.0110741665713881,0.0115226041666667));
#1075=CARTESIAN_POINT('',(-0.019181019153125,-1.16647607618785E-18,0.0117871875));
#1076=CARTESIAN_POINT('',(-0.019181019153125,-0.0110741665713881,0.0120517708333333));
#1077=CARTESIAN_POINT('',(-0.0095905095765625,-0.0166112498570821,0.0123163541666667));
#1078=CARTESIAN_POINT('',(-0.00165905280641021,-0.0211904785583954,0.0125351674897423));
#1079=CARTESIAN_POINT('',(0.00688843042568744,-0.0179014251394411,0.0127709757736614));
#1080=CARTESIAN_POINT('',(0.017679777229994,0.00743888250010263,0.00127000000000001));
#1081=CARTESIAN_POINT('',(0.0172281295903091,0.00863229787509661,0.00127000000000001));
#1082=CARTESIAN_POINT('',(0.0160351208113122,0.0109081189930573,0.00127000000000001));
#1083=CARTESIAN_POINT('',(0.0136293633118778,0.0138226938464904,0.00127000000000001));
#1084=CARTESIAN_POINT('',(0.0106292686253639,0.0162116556280562,0.00127000000000001));
#1085=CARTESIAN_POINT('',(0.00839282248851938,0.0173428463070804,0.00127000000000001));
#1086=CARTESIAN_POINT('',(0.00719288218242182,0.0177812806530449,0.00127000000000001));
#1087=CARTESIAN_POINT('',(0.,-1.16647607618785E-18,0.00127000000000001));
#1088=CARTESIAN_POINT('',(0.,-1.16647607618785E-18,0.00127000000000001));
#1089=CARTESIAN_POINT('',(0.,-1.16647607618785E-18,0.00127000000000001));
#1090=CARTESIAN_POINT('',(0.,-1.16647607618785E-18,0.00127000000000001));
#1091=CARTESIAN_POINT('',(0.,1.3608887555525E-18,0.0127));
#1092=CARTESIAN_POINT('',(0.,3.88825358729284E-19,-0.00635));
#1093=MECHANICAL_DESIGN_GEOMETRIC_PRESENTATION_REPRESENTATION('',(#183),
#1094);
#1094=(
GEOMETRIC_REPRESENTATION_CONTEXT(3)
GLOBAL_UNCERTAINTY_ASSIGNED_CONTEXT((#1095))
GLOBAL_UNIT_ASSIGNED_CONTEXT((#1098,#1097,#1096))
REPRESENTATION_CONTEXT('Part 1','TOP_LEVEL_ASSEMBLY_PART')
);
#1095=UNCERTAINTY_MEASURE_WITH_UNIT(LENGTH_MEASURE(2.E-5),#1098,
'DISTANCE_ACCURACY_VALUE','Maximum Tolerance applied to model');
#1096=(
NAMED_UNIT(*)
SI_UNIT($,.STERADIAN.)
SOLID_ANGLE_UNIT()
);
#1097=(
NAMED_UNIT(*)
PLANE_ANGLE_UNIT()
SI_UNIT($,.RADIAN.)
);
#1098=(
LENGTH_UNIT()
NAMED_UNIT(*)
SI_UNIT($,.METRE.)
);
#1099=PRODUCT_DEFINITION_SHAPE('','',#1100);
#1100=PRODUCT_DEFINITION('','',#1102,#1101);
#1101=PRODUCT_DEFINITION_CONTEXT('',#1108,'design');
#1102=PRODUCT_DEFINITION_FORMATION_WITH_SPECIFIED_SOURCE('','',#1104,
 .NOT_KNOWN.);
#1103=PRODUCT_RELATED_PRODUCT_CATEGORY('','',(#1104));
#1104=PRODUCT('Part 1','Part 1','Part 1',(#1106));
#1105=PRODUCT_CATEGORY('','');
#1106=PRODUCT_CONTEXT('',#1108,'mechanical');
#1107=APPLICATION_PROTOCOL_DEFINITION('international standard',
'ap242_managed_model_based_3d_engineering',2020,#1108);
#1108=APPLICATION_CONTEXT('managed model based 3d engineering');
ENDSEC;
END-ISO-10303-21;
