ISO-10303-21;
HEADER;
/* Generated by software containing ST-Developer
 * from STEP Tools, Inc. (www.steptools.com) 
 */

FILE_DESCRIPTION(
/* description */ (''),
/* implementation_level */ '2;1');

FILE_NAME(
/* name */ 'Turbidity Sensor Ribbed.step',
/* time_stamp */ '2026-10-07T12:12:53-07:00',
/* author */ (''),
/* organization */ (''),
/* preprocessor_version */ 'ST-DEVELOPER v20.2',
/* originating_system */ 'Autodesk Translation Framework v15.15.0.0',
/* authorisation */ '');

FILE_SCHEMA (('AUTOMOTIVE_DESIGN { 1 0 10303 214 3 1 1 }'));
ENDSEC;

DATA;
#10=MECHANICAL_DESIGN_GEOMETRIC_PRESENTATION_REPRESENTATION('',(#71,#72),
#2481);
#11=ITEM_DEFINED_TRANSFORMATION($,$,#1338,#1515);
#12=ITEM_DEFINED_TRANSFORMATION($,$,#1397,#1516);
#13=(
REPRESENTATION_RELATIONSHIP($,$,#2498,#2497)
REPRESENTATION_RELATIONSHIP_WITH_TRANSFORMATION(#11)
SHAPE_REPRESENTATION_RELATIONSHIP()
);
#14=(
REPRESENTATION_RELATIONSHIP($,$,#2499,#2497)
REPRESENTATION_RELATIONSHIP_WITH_TRANSFORMATION(#12)
SHAPE_REPRESENTATION_RELATIONSHIP()
);
#15=CONTEXT_DEPENDENT_SHAPE_REPRESENTATION(#13,#2495);
#16=CONTEXT_DEPENDENT_SHAPE_REPRESENTATION(#14,#2496);
#17=NEXT_ASSEMBLY_USAGE_OCCURRENCE('Body :1','Body :1','Body :1',#2501,
#2502,'Body :1');
#18=NEXT_ASSEMBLY_USAGE_OCCURRENCE('Lid:1','Lid:1','Lid:1',#2501,#2503,
'Lid:1');
#19=ELLIPSE('',#1402,20.0789981799222,1.75);
#20=ELLIPSE('',#1403,20.0789981799229,1.75);
#21=ELLIPSE('',#1405,20.078998179922,1.75);
#22=ELLIPSE('',#1407,20.0789981799228,1.75);
#23=ELLIPSE('',#1409,20.0789981799225,1.75);
#24=ELLIPSE('',#1411,20.0789981799223,1.75);
#25=ELLIPSE('',#1413,20.0789981799223,1.75);
#26=ELLIPSE('',#1415,20.0789981799225,1.75);
#27=ELLIPSE('',#1417,20.0789981799221,1.75);
#28=ELLIPSE('',#1419,20.0789981799228,1.75);
#29=ELLIPSE('',#1421,20.0789981799226,1.75);
#30=ELLIPSE('',#1423,20.0789981799223,1.75);
#31=(
BOUNDED_CURVE()
B_SPLINE_CURVE(2,(#2125,#2126,#2127),.UNSPECIFIED.,.F.,.F.)
B_SPLINE_CURVE_WITH_KNOTS((3,3),(0.783191930126278,1.14060996374232),
 .UNSPECIFIED.)
CURVE()
GEOMETRIC_REPRESENTATION_ITEM()
RATIONAL_B_SPLINE_CURVE((1.00538119702871,1.00566003701519,1.00507266465927))
REPRESENTATION_ITEM('')
);
#32=(
BOUNDED_CURVE()
B_SPLINE_CURVE(2,(#2131,#2132,#2133),.UNSPECIFIED.,.F.,.F.)
B_SPLINE_CURVE_WITH_KNOTS((3,3),(0.655884770742794,1.01330280436159),
 .UNSPECIFIED.)
CURVE()
GEOMETRIC_REPRESENTATION_ITEM()
RATIONAL_B_SPLINE_CURVE((1.00507266464374,1.00566003699767,1.00538119701188))
REPRESENTATION_ITEM('')
);
#33=(
BOUNDED_CURVE()
B_SPLINE_CURVE(2,(#2188,#2189,#2190),.UNSPECIFIED.,.F.,.F.)
B_SPLINE_CURVE_WITH_KNOTS((3,3),(0.783191933942105,1.140609967554),
 .UNSPECIFIED.)
CURVE()
GEOMETRIC_REPRESENTATION_ITEM()
RATIONAL_B_SPLINE_CURVE((1.00538119832425,1.0056600383683,1.00507266586239))
REPRESENTATION_ITEM('')
);
#34=(
BOUNDED_CURVE()
B_SPLINE_CURVE(2,(#2193,#2194,#2195),.UNSPECIFIED.,.F.,.F.)
B_SPLINE_CURVE_WITH_KNOTS((3,3),(0.655884766219458,1.01330279982758),
 .UNSPECIFIED.)
CURVE()
GEOMETRIC_REPRESENTATION_ITEM()
RATIONAL_B_SPLINE_CURVE((1.00507266605666,1.00566003858686,1.00538119853359))
REPRESENTATION_ITEM('')
);
#35=(
BOUNDED_CURVE()
B_SPLINE_CURVE(2,(#2198,#2199,#2200),.UNSPECIFIED.,.F.,.F.)
B_SPLINE_CURVE_WITH_KNOTS((3,3),(0.783191933716243,1.14060996733315),
 .UNSPECIFIED.)
CURVE()
GEOMETRIC_REPRESENTATION_ITEM()
RATIONAL_B_SPLINE_CURVE((1.00538119826222,1.00566003830362,1.00507266580497))
REPRESENTATION_ITEM('')
);
#36=(
BOUNDED_CURVE()
B_SPLINE_CURVE(2,(#2203,#2204,#2205),.UNSPECIFIED.,.F.,.F.)
B_SPLINE_CURVE_WITH_KNOTS((3,3),(0.655884769279728,1.0133028028976),
 .UNSPECIFIED.)
CURVE()
GEOMETRIC_REPRESENTATION_ITEM()
RATIONAL_B_SPLINE_CURVE((1.00507266510726,1.00566003751896,1.00538119751097))
REPRESENTATION_ITEM('')
);
#37=(
BOUNDED_CURVE()
B_SPLINE_CURVE(2,(#2208,#2209,#2210),.UNSPECIFIED.,.F.,.F.)
B_SPLINE_CURVE_WITH_KNOTS((3,3),(0.783191933706557,1.14060996731799),
 .UNSPECIFIED.)
CURVE()
GEOMETRIC_REPRESENTATION_ITEM()
RATIONAL_B_SPLINE_CURVE((1.00538119824209,1.00566003828246,1.00507266578605))
REPRESENTATION_ITEM('')
);
#38=(
BOUNDED_CURVE()
B_SPLINE_CURVE(2,(#2213,#2214,#2215),.UNSPECIFIED.,.F.,.F.)
B_SPLINE_CURVE_WITH_KNOTS((3,3),(0.655884767092817,1.01330280070073),
 .UNSPECIFIED.)
CURVE()
GEOMETRIC_REPRESENTATION_ITEM()
RATIONAL_B_SPLINE_CURVE((1.00507266577802,1.00566003827351,1.00538119823359))
REPRESENTATION_ITEM('')
);
#39=(
BOUNDED_CURVE()
B_SPLINE_CURVE(2,(#2218,#2219,#2220),.UNSPECIFIED.,.F.,.F.)
B_SPLINE_CURVE_WITH_KNOTS((3,3),(0.78319193768539,1.14060997129481),
 .UNSPECIFIED.)
CURVE()
GEOMETRIC_REPRESENTATION_ITEM()
RATIONAL_B_SPLINE_CURVE((1.00538119960007,1.00566003970085,1.00507266704726))
REPRESENTATION_ITEM('')
);
#40=(
BOUNDED_CURVE()
B_SPLINE_CURVE(2,(#2223,#2224,#2225),.UNSPECIFIED.,.F.,.F.)
B_SPLINE_CURVE_WITH_KNOTS((3,3),(0.655884773195357,1.01330280682234),
 .UNSPECIFIED.)
CURVE()
GEOMETRIC_REPRESENTATION_ITEM()
RATIONAL_B_SPLINE_CURVE((1.00507266388382,1.00566003614289,1.00538119619335))
REPRESENTATION_ITEM('')
);
#41=(
BOUNDED_CURVE()
B_SPLINE_CURVE(2,(#2228,#2229,#2230),.UNSPECIFIED.,.F.,.F.)
B_SPLINE_CURVE_WITH_KNOTS((3,3),(0.783191930770063,1.14060996438927),
 .UNSPECIFIED.)
CURVE()
GEOMETRIC_REPRESENTATION_ITEM()
RATIONAL_B_SPLINE_CURVE((1.00538119725917,1.00566003725597,1.00507266487344))
REPRESENTATION_ITEM('')
);
#42=(
BOUNDED_CURVE()
B_SPLINE_CURVE(2,(#2233,#2234,#2235),.UNSPECIFIED.,.F.,.F.)
B_SPLINE_CURVE_WITH_KNOTS((3,3),(0.655884766613341,1.01330280022331),
 .UNSPECIFIED.)
CURVE()
GEOMETRIC_REPRESENTATION_ITEM()
RATIONAL_B_SPLINE_CURVE((1.00507266593599,1.00566003845111,1.00538119840358))
REPRESENTATION_ITEM('')
);
#43=(
BOUNDED_CURVE()
B_SPLINE_CURVE(2,(#2252,#2253,#2254),.UNSPECIFIED.,.F.,.F.)
B_SPLINE_CURVE_WITH_KNOTS((3,3),(-0.281486929694228,-0.0256681099397193),
 .UNSPECIFIED.)
CURVE()
GEOMETRIC_REPRESENTATION_ITEM()
RATIONAL_B_SPLINE_CURVE((1.,1.,1.))
REPRESENTATION_ITEM('')
);
#44=(
BOUNDED_CURVE()
B_SPLINE_CURVE(2,(#2256,#2257,#2258),.UNSPECIFIED.,.F.,.F.)
B_SPLINE_CURVE_WITH_KNOTS((3,3),(0.0255174887133598,0.281362148333001),
 .UNSPECIFIED.)
CURVE()
GEOMETRIC_REPRESENTATION_ITEM()
RATIONAL_B_SPLINE_CURVE((1.,1.,1.))
REPRESENTATION_ITEM('')
);
#45=(
BOUNDED_CURVE()
B_SPLINE_CURVE(2,(#2263,#2264,#2265),.UNSPECIFIED.,.F.,.F.)
B_SPLINE_CURVE_WITH_KNOTS((3,3),(-0.2814869296802,-0.0256681099255184),
 .UNSPECIFIED.)
CURVE()
GEOMETRIC_REPRESENTATION_ITEM()
RATIONAL_B_SPLINE_CURVE((1.,1.,1.))
REPRESENTATION_ITEM('')
);
#46=(
BOUNDED_CURVE()
B_SPLINE_CURVE(2,(#2270,#2271,#2272),.UNSPECIFIED.,.F.,.F.)
B_SPLINE_CURVE_WITH_KNOTS((3,3),(0.0255174887129484,0.281362148332585),
 .UNSPECIFIED.)
CURVE()
GEOMETRIC_REPRESENTATION_ITEM()
RATIONAL_B_SPLINE_CURVE((1.,1.,1.))
REPRESENTATION_ITEM('')
);
#47=(
BOUNDED_CURVE()
B_SPLINE_CURVE(2,(#2277,#2278,#2279),.UNSPECIFIED.,.F.,.F.)
B_SPLINE_CURVE_WITH_KNOTS((3,3),(0.0255174887364129,0.281362148356274),
 .UNSPECIFIED.)
CURVE()
GEOMETRIC_REPRESENTATION_ITEM()
RATIONAL_B_SPLINE_CURVE((1.,1.,1.))
REPRESENTATION_ITEM('')
);
#48=(
BOUNDED_CURVE()
B_SPLINE_CURVE(2,(#2284,#2285,#2286),.UNSPECIFIED.,.F.,.F.)
B_SPLINE_CURVE_WITH_KNOTS((3,3),(-0.281486929679859,-0.0256681099251731),
 .UNSPECIFIED.)
CURVE()
GEOMETRIC_REPRESENTATION_ITEM()
RATIONAL_B_SPLINE_CURVE((1.,1.,1.))
REPRESENTATION_ITEM('')
);
#49=(
BOUNDED_CURVE()
B_SPLINE_CURVE(2,(#2292,#2293,#2294),.UNSPECIFIED.,.F.,.F.)
B_SPLINE_CURVE_WITH_KNOTS((3,3),(-0.281486929680559,-0.0256681099258824),
 .UNSPECIFIED.)
CURVE()
GEOMETRIC_REPRESENTATION_ITEM()
RATIONAL_B_SPLINE_CURVE((1.,1.,1.))
REPRESENTATION_ITEM('')
);
#50=(
BOUNDED_CURVE()
B_SPLINE_CURVE(2,(#2299,#2300,#2301),.UNSPECIFIED.,.F.,.F.)
B_SPLINE_CURVE_WITH_KNOTS((3,3),(0.0255174887122598,0.28136214833189),
 .UNSPECIFIED.)
CURVE()
GEOMETRIC_REPRESENTATION_ITEM()
RATIONAL_B_SPLINE_CURVE((1.,1.,1.))
REPRESENTATION_ITEM('')
);
#51=(
BOUNDED_CURVE()
B_SPLINE_CURVE(2,(#2306,#2307,#2308),.UNSPECIFIED.,.F.,.F.)
B_SPLINE_CURVE_WITH_KNOTS((3,3),(0.0255174887132703,0.28136214833291),
 .UNSPECIFIED.)
CURVE()
GEOMETRIC_REPRESENTATION_ITEM()
RATIONAL_B_SPLINE_CURVE((1.,1.,1.))
REPRESENTATION_ITEM('')
);
#52=(
BOUNDED_CURVE()
B_SPLINE_CURVE(2,(#2313,#2314,#2315),.UNSPECIFIED.,.F.,.F.)
B_SPLINE_CURVE_WITH_KNOTS((3,3),(-0.281486929679984,-0.0256681099252996),
 .UNSPECIFIED.)
CURVE()
GEOMETRIC_REPRESENTATION_ITEM()
RATIONAL_B_SPLINE_CURVE((1.,1.,1.))
REPRESENTATION_ITEM('')
);
#53=(
BOUNDED_CURVE()
B_SPLINE_CURVE(2,(#2321,#2322,#2323),.UNSPECIFIED.,.F.,.F.)
B_SPLINE_CURVE_WITH_KNOTS((3,3),(-0.281486929694078,-0.0256681099395675),
 .UNSPECIFIED.)
CURVE()
GEOMETRIC_REPRESENTATION_ITEM()
RATIONAL_B_SPLINE_CURVE((1.,1.,1.))
REPRESENTATION_ITEM('')
);
#54=(
BOUNDED_CURVE()
B_SPLINE_CURVE(2,(#2328,#2329,#2330),.UNSPECIFIED.,.F.,.F.)
B_SPLINE_CURVE_WITH_KNOTS((3,3),(0.0255174887126508,0.281362148332285),
 .UNSPECIFIED.)
CURVE()
GEOMETRIC_REPRESENTATION_ITEM()
RATIONAL_B_SPLINE_CURVE((1.,1.,1.))
REPRESENTATION_ITEM('')
);
#55=(
BOUNDED_CURVE()
B_SPLINE_CURVE(2,(#2335,#2336,#2337),.UNSPECIFIED.,.F.,.F.)
B_SPLINE_CURVE_WITH_KNOTS((3,3),(0.0255174887131328,0.281362148332771),
 .UNSPECIFIED.)
CURVE()
GEOMETRIC_REPRESENTATION_ITEM()
RATIONAL_B_SPLINE_CURVE((1.,1.,1.))
REPRESENTATION_ITEM('')
);
#56=(
BOUNDED_CURVE()
B_SPLINE_CURVE(2,(#2342,#2343,#2344),.UNSPECIFIED.,.F.,.F.)
B_SPLINE_CURVE_WITH_KNOTS((3,3),(-0.281486929694061,-0.02566810993955),
 .UNSPECIFIED.)
CURVE()
GEOMETRIC_REPRESENTATION_ITEM()
RATIONAL_B_SPLINE_CURVE((1.,1.,1.))
REPRESENTATION_ITEM('')
);
#57=(
BOUNDED_CURVE()
B_SPLINE_CURVE(2,(#2350,#2351,#2352),.UNSPECIFIED.,.F.,.F.)
B_SPLINE_CURVE_WITH_KNOTS((3,3),(-0.281486929679922,-0.0256681099252373),
 .UNSPECIFIED.)
CURVE()
GEOMETRIC_REPRESENTATION_ITEM()
RATIONAL_B_SPLINE_CURVE((1.,1.,1.))
REPRESENTATION_ITEM('')
);
#58=(
BOUNDED_CURVE()
B_SPLINE_CURVE(2,(#2357,#2358,#2359),.UNSPECIFIED.,.F.,.F.)
B_SPLINE_CURVE_WITH_KNOTS((3,3),(0.0255174887127818,0.281362148332417),
 .UNSPECIFIED.)
CURVE()
GEOMETRIC_REPRESENTATION_ITEM()
RATIONAL_B_SPLINE_CURVE((1.,1.,1.))
REPRESENTATION_ITEM('')
);
#59=(
BOUNDED_CURVE()
B_SPLINE_CURVE(2,(#2364,#2365,#2366),.UNSPECIFIED.,.F.,.F.)
B_SPLINE_CURVE_WITH_KNOTS((3,3),(0.0255174887125988,0.281362148332232),
 .UNSPECIFIED.)
CURVE()
GEOMETRIC_REPRESENTATION_ITEM()
RATIONAL_B_SPLINE_CURVE((1.,1.,1.))
REPRESENTATION_ITEM('')
);
#60=(
BOUNDED_CURVE()
B_SPLINE_CURVE(2,(#2371,#2372,#2373),.UNSPECIFIED.,.F.,.F.)
B_SPLINE_CURVE_WITH_KNOTS((3,3),(-0.281486929680026,-0.025668109925342),
 .UNSPECIFIED.)
CURVE()
GEOMETRIC_REPRESENTATION_ITEM()
RATIONAL_B_SPLINE_CURVE((1.,1.,1.))
REPRESENTATION_ITEM('')
);
#61=(
BOUNDED_CURVE()
B_SPLINE_CURVE(2,(#2379,#2380,#2381),.UNSPECIFIED.,.F.,.F.)
B_SPLINE_CURVE_WITH_KNOTS((3,3),(-0.281486929680338,-0.0256681099256589),
 .UNSPECIFIED.)
CURVE()
GEOMETRIC_REPRESENTATION_ITEM()
RATIONAL_B_SPLINE_CURVE((1.,1.,1.))
REPRESENTATION_ITEM('')
);
#62=(
BOUNDED_CURVE()
B_SPLINE_CURVE(2,(#2386,#2387,#2388),.UNSPECIFIED.,.F.,.F.)
B_SPLINE_CURVE_WITH_KNOTS((3,3),(0.0255174887131258,0.281362148332763),
 .UNSPECIFIED.)
CURVE()
GEOMETRIC_REPRESENTATION_ITEM()
RATIONAL_B_SPLINE_CURVE((1.,1.,1.))
REPRESENTATION_ITEM('')
);
#63=(
BOUNDED_CURVE()
B_SPLINE_CURVE(2,(#2393,#2394,#2395),.UNSPECIFIED.,.F.,.F.)
B_SPLINE_CURVE_WITH_KNOTS((3,3),(0.0255174887123407,0.281362148331972),
 .UNSPECIFIED.)
CURVE()
GEOMETRIC_REPRESENTATION_ITEM()
RATIONAL_B_SPLINE_CURVE((1.,1.,1.))
REPRESENTATION_ITEM('')
);
#64=(
BOUNDED_CURVE()
B_SPLINE_CURVE(2,(#2400,#2401,#2402),.UNSPECIFIED.,.F.,.F.)
B_SPLINE_CURVE_WITH_KNOTS((3,3),(-0.281486929694579,-0.0256681099400739),
 .UNSPECIFIED.)
CURVE()
GEOMETRIC_REPRESENTATION_ITEM()
RATIONAL_B_SPLINE_CURVE((1.,1.,1.))
REPRESENTATION_ITEM('')
);
#65=(
BOUNDED_CURVE()
B_SPLINE_CURVE(2,(#2408,#2409,#2410),.UNSPECIFIED.,.F.,.F.)
B_SPLINE_CURVE_WITH_KNOTS((3,3),(-0.281486929694165,-0.0256681099396546),
 .UNSPECIFIED.)
CURVE()
GEOMETRIC_REPRESENTATION_ITEM()
RATIONAL_B_SPLINE_CURVE((1.,1.,1.))
REPRESENTATION_ITEM('')
);
#66=(
BOUNDED_CURVE()
B_SPLINE_CURVE(2,(#2415,#2416,#2417),.UNSPECIFIED.,.F.,.F.)
B_SPLINE_CURVE_WITH_KNOTS((3,3),(0.0255174887366903,0.281362148356555),
 .UNSPECIFIED.)
CURVE()
GEOMETRIC_REPRESENTATION_ITEM()
RATIONAL_B_SPLINE_CURVE((1.,1.,1.))
REPRESENTATION_ITEM('')
);
#67=SHAPE_REPRESENTATION_RELATIONSHIP('SRR','None',#2498,#69);
#68=SHAPE_REPRESENTATION_RELATIONSHIP('SRR','None',#2499,#70);
#69=ADVANCED_BREP_SHAPE_REPRESENTATION('',(#73),#2479);
#70=ADVANCED_BREP_SHAPE_REPRESENTATION('',(#74),#2480);
#71=STYLED_ITEM('',(#2516),#73);
#72=STYLED_ITEM('',(#2516),#74);
#73=MANIFOLD_SOLID_BREP('Body1',#1312);
#74=MANIFOLD_SOLID_BREP('Body1',#1313);
#75=FACE_BOUND('',#229,.T.);
#76=FACE_BOUND('',#238,.T.);
#77=FACE_BOUND('',#240,.T.);
#78=FACE_BOUND('',#241,.T.);
#79=FACE_BOUND('',#242,.T.);
#80=FACE_BOUND('',#243,.T.);
#81=FACE_BOUND('',#244,.T.);
#82=FACE_BOUND('',#245,.T.);
#83=FACE_BOUND('',#246,.T.);
#84=FACE_BOUND('',#250,.T.);
#85=FACE_BOUND('',#286,.T.);
#86=FACE_BOUND('',#288,.T.);
#87=FACE_BOUND('',#290,.T.);
#88=FACE_BOUND('',#292,.T.);
#89=FACE_BOUND('',#294,.T.);
#90=FACE_BOUND('',#296,.T.);
#91=FACE_BOUND('',#298,.T.);
#92=FACE_BOUND('',#308,.T.);
#93=FACE_BOUND('',#309,.T.);
#94=FACE_BOUND('',#310,.T.);
#95=FACE_BOUND('',#311,.T.);
#96=FACE_BOUND('',#312,.T.);
#97=FACE_BOUND('',#313,.T.);
#98=FACE_BOUND('',#314,.T.);
#99=B_SPLINE_CURVE_WITH_KNOTS('',3,(#1943,#1944,#1945,#1946,#1947,#1948,
#1949,#1950,#1951,#1952,#1953,#1954,#1955,#1956),.UNSPECIFIED.,.F.,.F.,
(4,2,2,2,2,2,4),(0.410280731293692,0.414510696374842,0.474870325970349,
0.535229955565857,0.595589585161365,0.655949214756873,0.660179179838022),
 .UNSPECIFIED.);
#100=B_SPLINE_CURVE_WITH_KNOTS('',3,(#1965,#1966,#1967,#1968,#1969,#1970,
#1971,#1972,#1973,#1974,#1975,#1976,#1977,#1978),.UNSPECIFIED.,.F.,.F.,
(4,2,2,2,2,2,4),(0.410280731293691,0.414510696374841,0.474870325970349,
0.535229955565856,0.595589585161364,0.655949214756872,0.660179179838021),
 .UNSPECIFIED.);
#101=B_SPLINE_CURVE_WITH_KNOTS('',3,(#1982,#1983,#1984,#1985,#1986,#1987,
#1988,#1989,#1990,#1991,#1992,#1993,#1994,#1995),.UNSPECIFIED.,.F.,.F.,
(4,2,2,2,2,2,4),(0.410280731293691,0.414510696374841,0.474870325970348,
0.535229955565856,0.595589585161364,0.655949214756872,0.660179179838021),
 .UNSPECIFIED.);
#102=B_SPLINE_CURVE_WITH_KNOTS('',3,(#1999,#2000,#2001,#2002,#2003,#2004,
#2005,#2006,#2007,#2008,#2009,#2010,#2011,#2012),.UNSPECIFIED.,.F.,.F.,
(4,2,2,2,2,2,4),(0.410280731293691,0.414510696374841,0.474870325970349,
0.535229955565857,0.595589585161364,0.655949214756872,0.660179179838022),
 .UNSPECIFIED.);
#103=B_SPLINE_CURVE_WITH_KNOTS('',3,(#2016,#2017,#2018,#2019,#2020,#2021,
#2022,#2023,#2024,#2025,#2026,#2027,#2028,#2029),.UNSPECIFIED.,.F.,.F.,
(4,2,2,2,2,2,4),(0.410280731293693,0.414510696374841,0.474870325970349,
0.535229955565857,0.595589585161365,0.655949214756873,0.660179179838022),
 .UNSPECIFIED.);
#104=B_SPLINE_CURVE_WITH_KNOTS('',3,(#2033,#2034,#2035,#2036,#2037,#2038,
#2039,#2040,#2041,#2042,#2043,#2044,#2045,#2046),.UNSPECIFIED.,.F.,.F.,
(4,2,2,2,2,2,4),(0.410280731293692,0.414510696374841,0.474870325970349,
0.535229955565857,0.595589585161365,0.655949214756873,0.660179179838022),
 .UNSPECIFIED.);
#105=PLANE('',#1345);
#106=PLANE('',#1367);
#107=PLANE('',#1390);
#108=PLANE('',#1391);
#109=PLANE('',#1392);
#110=PLANE('',#1396);
#111=PLANE('',#1442);
#112=PLANE('',#1443);
#113=PLANE('',#1447);
#114=PLANE('',#1450);
#115=PLANE('',#1454);
#116=PLANE('',#1457);
#117=PLANE('',#1461);
#118=PLANE('',#1464);
#119=PLANE('',#1468);
#120=PLANE('',#1471);
#121=PLANE('',#1475);
#122=PLANE('',#1478);
#123=PLANE('',#1482);
#124=PLANE('',#1485);
#125=PLANE('',#1486);
#126=PLANE('',#1488);
#127=PLANE('',#1490);
#128=PLANE('',#1492);
#129=PLANE('',#1494);
#130=PLANE('',#1496);
#131=PLANE('',#1501);
#132=PLANE('',#1514);
#133=CYLINDRICAL_SURFACE('',#1342,1.1);
#134=CYLINDRICAL_SURFACE('',#1355,0.11);
#135=CYLINDRICAL_SURFACE('',#1359,0.11);
#136=CYLINDRICAL_SURFACE('',#1363,0.11);
#137=CYLINDRICAL_SURFACE('',#1375,1.75);
#138=CYLINDRICAL_SURFACE('',#1378,0.11);
#139=CYLINDRICAL_SURFACE('',#1380,0.11);
#140=CYLINDRICAL_SURFACE('',#1382,0.11);
#141=CYLINDRICAL_SURFACE('',#1384,1.125);
#142=CYLINDRICAL_SURFACE('',#1387,1.387);
#143=CYLINDRICAL_SURFACE('',#1394,1.025);
#144=CYLINDRICAL_SURFACE('',#1401,1.75);
#145=CYLINDRICAL_SURFACE('',#1502,0.0885);
#146=CYLINDRICAL_SURFACE('',#1504,0.0885);
#147=CYLINDRICAL_SURFACE('',#1506,0.0885);
#148=CYLINDRICAL_SURFACE('',#1508,0.0885);
#149=CYLINDRICAL_SURFACE('',#1510,0.0885);
#150=CYLINDRICAL_SURFACE('',#1512,0.0885);
#151=FACE_OUTER_BOUND('',#221,.T.);
#152=FACE_OUTER_BOUND('',#222,.T.);
#153=FACE_OUTER_BOUND('',#223,.T.);
#154=FACE_OUTER_BOUND('',#224,.T.);
#155=FACE_OUTER_BOUND('',#225,.T.);
#156=FACE_OUTER_BOUND('',#226,.T.);
#157=FACE_OUTER_BOUND('',#227,.T.);
#158=FACE_OUTER_BOUND('',#228,.T.);
#159=FACE_OUTER_BOUND('',#230,.T.);
#160=FACE_OUTER_BOUND('',#231,.T.);
#161=FACE_OUTER_BOUND('',#232,.T.);
#162=FACE_OUTER_BOUND('',#233,.T.);
#163=FACE_OUTER_BOUND('',#234,.T.);
#164=FACE_OUTER_BOUND('',#235,.T.);
#165=FACE_OUTER_BOUND('',#236,.T.);
#166=FACE_OUTER_BOUND('',#237,.T.);
#167=FACE_OUTER_BOUND('',#239,.T.);
#168=FACE_OUTER_BOUND('',#247,.T.);
#169=FACE_OUTER_BOUND('',#248,.T.);
#170=FACE_OUTER_BOUND('',#249,.T.);
#171=FACE_OUTER_BOUND('',#251,.T.);
#172=FACE_OUTER_BOUND('',#252,.T.);
#173=FACE_OUTER_BOUND('',#253,.T.);
#174=FACE_OUTER_BOUND('',#254,.T.);
#175=FACE_OUTER_BOUND('',#255,.T.);
#176=FACE_OUTER_BOUND('',#256,.T.);
#177=FACE_OUTER_BOUND('',#257,.T.);
#178=FACE_OUTER_BOUND('',#258,.T.);
#179=FACE_OUTER_BOUND('',#259,.T.);
#180=FACE_OUTER_BOUND('',#260,.T.);
#181=FACE_OUTER_BOUND('',#261,.T.);
#182=FACE_OUTER_BOUND('',#262,.T.);
#183=FACE_OUTER_BOUND('',#263,.T.);
#184=FACE_OUTER_BOUND('',#264,.T.);
#185=FACE_OUTER_BOUND('',#265,.T.);
#186=FACE_OUTER_BOUND('',#266,.T.);
#187=FACE_OUTER_BOUND('',#267,.T.);
#188=FACE_OUTER_BOUND('',#268,.T.);
#189=FACE_OUTER_BOUND('',#269,.T.);
#190=FACE_OUTER_BOUND('',#270,.T.);
#191=FACE_OUTER_BOUND('',#271,.T.);
#192=FACE_OUTER_BOUND('',#272,.T.);
#193=FACE_OUTER_BOUND('',#273,.T.);
#194=FACE_OUTER_BOUND('',#274,.T.);
#195=FACE_OUTER_BOUND('',#275,.T.);
#196=FACE_OUTER_BOUND('',#276,.T.);
#197=FACE_OUTER_BOUND('',#277,.T.);
#198=FACE_OUTER_BOUND('',#278,.T.);
#199=FACE_OUTER_BOUND('',#279,.T.);
#200=FACE_OUTER_BOUND('',#280,.T.);
#201=FACE_OUTER_BOUND('',#281,.T.);
#202=FACE_OUTER_BOUND('',#282,.T.);
#203=FACE_OUTER_BOUND('',#283,.T.);
#204=FACE_OUTER_BOUND('',#284,.T.);
#205=FACE_OUTER_BOUND('',#285,.T.);
#206=FACE_OUTER_BOUND('',#287,.T.);
#207=FACE_OUTER_BOUND('',#289,.T.);
#208=FACE_OUTER_BOUND('',#291,.T.);
#209=FACE_OUTER_BOUND('',#293,.T.);
#210=FACE_OUTER_BOUND('',#295,.T.);
#211=FACE_OUTER_BOUND('',#297,.T.);
#212=FACE_OUTER_BOUND('',#299,.T.);
#213=FACE_OUTER_BOUND('',#300,.T.);
#214=FACE_OUTER_BOUND('',#301,.T.);
#215=FACE_OUTER_BOUND('',#302,.T.);
#216=FACE_OUTER_BOUND('',#303,.T.);
#217=FACE_OUTER_BOUND('',#304,.T.);
#218=FACE_OUTER_BOUND('',#305,.T.);
#219=FACE_OUTER_BOUND('',#306,.T.);
#220=FACE_OUTER_BOUND('',#307,.T.);
#221=EDGE_LOOP('',(#828,#829,#830,#831));
#222=EDGE_LOOP('',(#832,#833,#834,#835,#836));
#223=EDGE_LOOP('',(#837));
#224=EDGE_LOOP('',(#838,#839,#840,#841,#842,#843,#844,#845,#846,#847,#848,
#849,#850,#851,#852,#853));
#225=EDGE_LOOP('',(#854,#855,#856,#857,#858,#859));
#226=EDGE_LOOP('',(#860,#861,#862,#863,#864,#865));
#227=EDGE_LOOP('',(#866,#867,#868,#869,#870,#871));
#228=EDGE_LOOP('',(#872,#873,#874,#875,#876,#877,#878,#879,#880,#881,#882,
#883,#884,#885,#886,#887,#888,#889,#890));
#229=EDGE_LOOP('',(#891));
#230=EDGE_LOOP('',(#892,#893,#894,#895));
#231=EDGE_LOOP('',(#896,#897,#898,#899,#900));
#232=EDGE_LOOP('',(#901,#902,#903,#904,#905,#906));
#233=EDGE_LOOP('',(#907,#908,#909,#910,#911,#912));
#234=EDGE_LOOP('',(#913,#914,#915,#916,#917,#918));
#235=EDGE_LOOP('',(#919,#920,#921,#922));
#236=EDGE_LOOP('',(#923,#924,#925,#926));
#237=EDGE_LOOP('',(#927));
#238=EDGE_LOOP('',(#928));
#239=EDGE_LOOP('',(#929));
#240=EDGE_LOOP('',(#930));
#241=EDGE_LOOP('',(#931));
#242=EDGE_LOOP('',(#932));
#243=EDGE_LOOP('',(#933));
#244=EDGE_LOOP('',(#934));
#245=EDGE_LOOP('',(#935));
#246=EDGE_LOOP('',(#936));
#247=EDGE_LOOP('',(#937));
#248=EDGE_LOOP('',(#938,#939,#940,#941));
#249=EDGE_LOOP('',(#942));
#250=EDGE_LOOP('',(#943));
#251=EDGE_LOOP('',(#944,#945,#946,#947));
#252=EDGE_LOOP('',(#948,#949,#950,#951,#952,#953,#954,#955,#956,#957,#958,
#959,#960,#961,#962,#963,#964,#965,#966,#967,#968,#969,#970,#971,#972,#973,
#974,#975));
#253=EDGE_LOOP('',(#976,#977,#978,#979));
#254=EDGE_LOOP('',(#980,#981,#982,#983));
#255=EDGE_LOOP('',(#984,#985,#986,#987));
#256=EDGE_LOOP('',(#988,#989,#990,#991));
#257=EDGE_LOOP('',(#992,#993,#994,#995));
#258=EDGE_LOOP('',(#996,#997,#998,#999));
#259=EDGE_LOOP('',(#1000,#1001,#1002,#1003));
#260=EDGE_LOOP('',(#1004));
#261=EDGE_LOOP('',(#1005,#1006,#1007,#1008,#1009,#1010));
#262=EDGE_LOOP('',(#1011,#1012,#1013,#1014));
#263=EDGE_LOOP('',(#1015,#1016,#1017,#1018,#1019,#1020));
#264=EDGE_LOOP('',(#1021,#1022,#1023,#1024));
#265=EDGE_LOOP('',(#1025,#1026,#1027,#1028,#1029,#1030));
#266=EDGE_LOOP('',(#1031,#1032,#1033,#1034));
#267=EDGE_LOOP('',(#1035,#1036,#1037,#1038,#1039,#1040));
#268=EDGE_LOOP('',(#1041,#1042,#1043,#1044));
#269=EDGE_LOOP('',(#1045,#1046,#1047,#1048,#1049,#1050));
#270=EDGE_LOOP('',(#1051,#1052,#1053,#1054));
#271=EDGE_LOOP('',(#1055,#1056,#1057,#1058,#1059,#1060));
#272=EDGE_LOOP('',(#1061,#1062,#1063,#1064));
#273=EDGE_LOOP('',(#1065,#1066,#1067,#1068,#1069,#1070));
#274=EDGE_LOOP('',(#1071,#1072,#1073,#1074));
#275=EDGE_LOOP('',(#1075,#1076,#1077,#1078,#1079,#1080));
#276=EDGE_LOOP('',(#1081,#1082,#1083,#1084));
#277=EDGE_LOOP('',(#1085,#1086,#1087,#1088,#1089,#1090));
#278=EDGE_LOOP('',(#1091,#1092,#1093,#1094));
#279=EDGE_LOOP('',(#1095,#1096,#1097,#1098,#1099,#1100));
#280=EDGE_LOOP('',(#1101,#1102,#1103,#1104));
#281=EDGE_LOOP('',(#1105,#1106,#1107,#1108,#1109,#1110));
#282=EDGE_LOOP('',(#1111,#1112,#1113,#1114));
#283=EDGE_LOOP('',(#1115,#1116,#1117,#1118,#1119,#1120));
#284=EDGE_LOOP('',(#1121,#1122,#1123,#1124,#1125));
#285=EDGE_LOOP('',(#1126,#1127,#1128,#1129,#1130,#1131,#1132,#1133,#1134,
#1135,#1136,#1137,#1138,#1139,#1140,#1141,#1142,#1143,#1144,#1145,#1146,
#1147,#1148,#1149));
#286=EDGE_LOOP('',(#1150));
#287=EDGE_LOOP('',(#1151,#1152,#1153,#1154));
#288=EDGE_LOOP('',(#1155));
#289=EDGE_LOOP('',(#1156,#1157,#1158,#1159));
#290=EDGE_LOOP('',(#1160));
#291=EDGE_LOOP('',(#1161,#1162,#1163,#1164));
#292=EDGE_LOOP('',(#1165));
#293=EDGE_LOOP('',(#1166,#1167,#1168,#1169));
#294=EDGE_LOOP('',(#1170));
#295=EDGE_LOOP('',(#1171,#1172,#1173,#1174));
#296=EDGE_LOOP('',(#1175));
#297=EDGE_LOOP('',(#1176,#1177,#1178,#1179));
#298=EDGE_LOOP('',(#1180));
#299=EDGE_LOOP('',(#1181,#1182,#1183,#1184));
#300=EDGE_LOOP('',(#1185));
#301=EDGE_LOOP('',(#1186,#1187,#1188,#1189));
#302=EDGE_LOOP('',(#1190,#1191,#1192,#1193));
#303=EDGE_LOOP('',(#1194,#1195,#1196,#1197));
#304=EDGE_LOOP('',(#1198,#1199,#1200,#1201));
#305=EDGE_LOOP('',(#1202,#1203,#1204,#1205));
#306=EDGE_LOOP('',(#1206,#1207,#1208,#1209));
#307=EDGE_LOOP('',(#1210));
#308=EDGE_LOOP('',(#1211));
#309=EDGE_LOOP('',(#1212));
#310=EDGE_LOOP('',(#1213));
#311=EDGE_LOOP('',(#1214));
#312=EDGE_LOOP('',(#1215));
#313=EDGE_LOOP('',(#1216));
#314=EDGE_LOOP('',(#1217));
#315=LINE('',#1931,#363);
#316=LINE('',#1938,#364);
#317=LINE('',#1960,#365);
#318=LINE('',#2052,#366);
#319=LINE('',#2059,#367);
#320=LINE('',#2066,#368);
#321=LINE('',#2083,#369);
#322=LINE('',#2086,#370);
#323=LINE('',#2090,#371);
#324=LINE('',#2094,#372);
#325=LINE('',#2098,#373);
#326=LINE('',#2103,#374);
#327=LINE('',#2109,#375);
#328=LINE('',#2119,#376);
#329=LINE('',#2183,#377);
#330=LINE('',#2240,#378);
#331=LINE('',#2244,#379);
#332=LINE('',#2250,#380);
#333=LINE('',#2255,#381);
#334=LINE('',#2269,#382);
#335=LINE('',#2273,#383);
#336=LINE('',#2282,#384);
#337=LINE('',#2287,#385);
#338=LINE('',#2298,#386);
#339=LINE('',#2302,#387);
#340=LINE('',#2311,#388);
#341=LINE('',#2316,#389);
#342=LINE('',#2327,#390);
#343=LINE('',#2331,#391);
#344=LINE('',#2340,#392);
#345=LINE('',#2345,#393);
#346=LINE('',#2356,#394);
#347=LINE('',#2360,#395);
#348=LINE('',#2369,#396);
#349=LINE('',#2374,#397);
#350=LINE('',#2385,#398);
#351=LINE('',#2389,#399);
#352=LINE('',#2398,#400);
#353=LINE('',#2403,#401);
#354=LINE('',#2414,#402);
#355=LINE('',#2418,#403);
#356=LINE('',#2444,#404);
#357=LINE('',#2449,#405);
#358=LINE('',#2453,#406);
#359=LINE('',#2457,#407);
#360=LINE('',#2461,#408);
#361=LINE('',#2465,#409);
#362=LINE('',#2469,#410);
#363=VECTOR('',#1525,1.05000001755286);
#364=VECTOR('',#1534,1.1);
#365=VECTOR('',#1541,1.7);
#366=VECTOR('',#1560,0.11);
#367=VECTOR('',#1569,0.11);
#368=VECTOR('',#1578,0.11);
#369=VECTOR('',#1601,1.75);
#370=VECTOR('',#1606,1.15);
#371=VECTOR('',#1611,0.11);
#372=VECTOR('',#1616,0.11);
#373=VECTOR('',#1621,0.11);
#374=VECTOR('',#1626,1.125);
#375=VECTOR('',#1633,1.387);
#376=VECTOR('',#1648,1.025);
#377=VECTOR('',#1707,1.75);
#378=VECTOR('',#1736,1.20435778713738);
#379=VECTOR('',#1741,1.25);
#380=VECTOR('',#1748,0.393700787401575);
#381=VECTOR('',#1749,0.393700787401575);
#382=VECTOR('',#1758,0.393700787401575);
#383=VECTOR('',#1759,0.393700787401575);
#384=VECTOR('',#1766,0.393700787401575);
#385=VECTOR('',#1767,0.393700787401575);
#386=VECTOR('',#1776,0.393700787401575);
#387=VECTOR('',#1777,0.393700787401575);
#388=VECTOR('',#1784,0.393700787401575);
#389=VECTOR('',#1785,0.393700787401575);
#390=VECTOR('',#1794,0.393700787401575);
#391=VECTOR('',#1795,0.393700787401575);
#392=VECTOR('',#1802,0.393700787401575);
#393=VECTOR('',#1803,0.393700787401575);
#394=VECTOR('',#1812,0.393700787401575);
#395=VECTOR('',#1813,0.393700787401575);
#396=VECTOR('',#1820,0.393700787401575);
#397=VECTOR('',#1821,0.393700787401575);
#398=VECTOR('',#1830,0.393700787401575);
#399=VECTOR('',#1831,0.393700787401575);
#400=VECTOR('',#1838,0.393700787401575);
#401=VECTOR('',#1839,0.393700787401575);
#402=VECTOR('',#1848,0.393700787401575);
#403=VECTOR('',#1849,0.393700787401575);
#404=VECTOR('',#1884,0.677500022340008);
#405=VECTOR('',#1891,0.0885);
#406=VECTOR('',#1896,0.0885);
#407=VECTOR('',#1901,0.0885);
#408=VECTOR('',#1906,0.0885);
#409=VECTOR('',#1911,0.0885);
#410=VECTOR('',#1916,0.0885);
#411=CIRCLE('',#1340,1.00000003510573);
#412=CIRCLE('',#1341,1.1);
#413=CIRCLE('',#1343,1.1);
#414=CIRCLE('',#1344,1.1);
#415=CIRCLE('',#1347,1.65);
#416=CIRCLE('',#1348,1.75);
#417=CIRCLE('',#1349,1.65);
#418=CIRCLE('',#1350,1.65);
#419=CIRCLE('',#1351,1.65);
#420=CIRCLE('',#1352,1.65);
#421=CIRCLE('',#1353,1.65);
#422=CIRCLE('',#1354,1.65);
#423=CIRCLE('',#1356,0.11);
#424=CIRCLE('',#1357,0.11);
#425=CIRCLE('',#1358,0.11);
#426=CIRCLE('',#1360,0.11);
#427=CIRCLE('',#1361,0.11);
#428=CIRCLE('',#1362,0.11);
#429=CIRCLE('',#1364,0.11);
#430=CIRCLE('',#1365,0.11);
#431=CIRCLE('',#1366,0.11);
#432=CIRCLE('',#1368,0.11);
#433=CIRCLE('',#1369,0.11);
#434=CIRCLE('',#1370,0.11);
#435=CIRCLE('',#1371,0.11);
#436=CIRCLE('',#1372,0.11);
#437=CIRCLE('',#1373,0.11);
#438=CIRCLE('',#1374,1.2);
#439=CIRCLE('',#1376,1.75);
#440=CIRCLE('',#1379,0.11);
#441=CIRCLE('',#1381,0.11);
#442=CIRCLE('',#1383,0.11);
#443=CIRCLE('',#1385,1.125);
#444=CIRCLE('',#1386,1.125);
#445=CIRCLE('',#1388,1.387);
#446=CIRCLE('',#1389,1.387);
#447=CIRCLE('',#1393,1.025);
#448=CIRCLE('',#1395,1.025);
#449=CIRCLE('',#1399,1.65);
#450=CIRCLE('',#1400,1.75);
#451=CIRCLE('',#1404,1.75);
#452=CIRCLE('',#1406,1.75);
#453=CIRCLE('',#1408,1.75);
#454=CIRCLE('',#1410,1.75);
#455=CIRCLE('',#1412,1.75);
#456=CIRCLE('',#1414,1.75);
#457=CIRCLE('',#1416,1.75);
#458=CIRCLE('',#1418,1.75);
#459=CIRCLE('',#1420,1.75);
#460=CIRCLE('',#1422,1.75);
#461=CIRCLE('',#1424,1.75);
#462=CIRCLE('',#1425,1.75);
#463=CIRCLE('',#1426,1.75);
#464=CIRCLE('',#1428,1.65);
#465=CIRCLE('',#1430,1.65);
#466=CIRCLE('',#1432,1.65);
#467=CIRCLE('',#1434,1.65);
#468=CIRCLE('',#1436,1.65);
#469=CIRCLE('',#1438,1.15);
#470=CIRCLE('',#1439,1.25871557427477);
#471=CIRCLE('',#1441,1.25874886635259);
#472=CIRCLE('',#1445,1.34125113364741);
#473=CIRCLE('',#1446,1.35);
#474=CIRCLE('',#1449,1.74125113364741);
#475=CIRCLE('',#1452,1.34125113364741);
#476=CIRCLE('',#1453,1.35);
#477=CIRCLE('',#1456,1.74125113364741);
#478=CIRCLE('',#1459,1.34125113364741);
#479=CIRCLE('',#1460,1.35);
#480=CIRCLE('',#1463,1.74125113364741);
#481=CIRCLE('',#1466,1.34125113364741);
#482=CIRCLE('',#1467,1.35);
#483=CIRCLE('',#1470,1.74125113364741);
#484=CIRCLE('',#1473,1.34125113364741);
#485=CIRCLE('',#1474,1.35);
#486=CIRCLE('',#1477,1.74125113364741);
#487=CIRCLE('',#1480,1.34125113364741);
#488=CIRCLE('',#1481,1.35);
#489=CIRCLE('',#1484,1.74125113364741);
#490=CIRCLE('',#1487,0.0885);
#491=CIRCLE('',#1489,0.0885);
#492=CIRCLE('',#1491,0.0885);
#493=CIRCLE('',#1493,0.0885);
#494=CIRCLE('',#1495,0.0885);
#495=CIRCLE('',#1497,0.0885);
#496=CIRCLE('',#1499,0.700000022340009);
#497=CIRCLE('',#1500,0.655000022340009);
#498=CIRCLE('',#1503,0.0885);
#499=CIRCLE('',#1505,0.0885);
#500=CIRCLE('',#1507,0.0885);
#501=CIRCLE('',#1509,0.0885);
#502=CIRCLE('',#1511,0.0885);
#503=CIRCLE('',#1513,0.0885);
#504=VERTEX_POINT('',#1928);
#505=VERTEX_POINT('',#1930);
#506=VERTEX_POINT('',#1934);
#507=VERTEX_POINT('',#1935);
#508=VERTEX_POINT('',#1941);
#509=VERTEX_POINT('',#1942);
#510=VERTEX_POINT('',#1957);
#511=VERTEX_POINT('',#1959);
#512=VERTEX_POINT('',#1962);
#513=VERTEX_POINT('',#1964);
#514=VERTEX_POINT('',#1979);
#515=VERTEX_POINT('',#1981);
#516=VERTEX_POINT('',#1996);
#517=VERTEX_POINT('',#1998);
#518=VERTEX_POINT('',#2013);
#519=VERTEX_POINT('',#2015);
#520=VERTEX_POINT('',#2030);
#521=VERTEX_POINT('',#2032);
#522=VERTEX_POINT('',#2049);
#523=VERTEX_POINT('',#2051);
#524=VERTEX_POINT('',#2056);
#525=VERTEX_POINT('',#2058);
#526=VERTEX_POINT('',#2063);
#527=VERTEX_POINT('',#2065);
#528=VERTEX_POINT('',#2070);
#529=VERTEX_POINT('',#2073);
#530=VERTEX_POINT('',#2076);
#531=VERTEX_POINT('',#2079);
#532=VERTEX_POINT('',#2082);
#533=VERTEX_POINT('',#2088);
#534=VERTEX_POINT('',#2092);
#535=VERTEX_POINT('',#2096);
#536=VERTEX_POINT('',#2100);
#537=VERTEX_POINT('',#2102);
#538=VERTEX_POINT('',#2106);
#539=VERTEX_POINT('',#2108);
#540=VERTEX_POINT('',#2114);
#541=VERTEX_POINT('',#2117);
#542=VERTEX_POINT('',#2123);
#543=VERTEX_POINT('',#2124);
#544=VERTEX_POINT('',#2128);
#545=VERTEX_POINT('',#2130);
#546=VERTEX_POINT('',#2136);
#547=VERTEX_POINT('',#2138);
#548=VERTEX_POINT('',#2140);
#549=VERTEX_POINT('',#2142);
#550=VERTEX_POINT('',#2144);
#551=VERTEX_POINT('',#2146);
#552=VERTEX_POINT('',#2148);
#553=VERTEX_POINT('',#2150);
#554=VERTEX_POINT('',#2152);
#555=VERTEX_POINT('',#2154);
#556=VERTEX_POINT('',#2156);
#557=VERTEX_POINT('',#2158);
#558=VERTEX_POINT('',#2160);
#559=VERTEX_POINT('',#2162);
#560=VERTEX_POINT('',#2164);
#561=VERTEX_POINT('',#2166);
#562=VERTEX_POINT('',#2168);
#563=VERTEX_POINT('',#2170);
#564=VERTEX_POINT('',#2172);
#565=VERTEX_POINT('',#2174);
#566=VERTEX_POINT('',#2176);
#567=VERTEX_POINT('',#2178);
#568=VERTEX_POINT('',#2180);
#569=VERTEX_POINT('',#2182);
#570=VERTEX_POINT('',#2187);
#571=VERTEX_POINT('',#2191);
#572=VERTEX_POINT('',#2197);
#573=VERTEX_POINT('',#2201);
#574=VERTEX_POINT('',#2207);
#575=VERTEX_POINT('',#2211);
#576=VERTEX_POINT('',#2217);
#577=VERTEX_POINT('',#2221);
#578=VERTEX_POINT('',#2227);
#579=VERTEX_POINT('',#2231);
#580=VERTEX_POINT('',#2237);
#581=VERTEX_POINT('',#2239);
#582=VERTEX_POINT('',#2243);
#583=VERTEX_POINT('',#2248);
#584=VERTEX_POINT('',#2249);
#585=VERTEX_POINT('',#2251);
#586=VERTEX_POINT('',#2260);
#587=VERTEX_POINT('',#2262);
#588=VERTEX_POINT('',#2268);
#589=VERTEX_POINT('',#2275);
#590=VERTEX_POINT('',#2281);
#591=VERTEX_POINT('',#2283);
#592=VERTEX_POINT('',#2289);
#593=VERTEX_POINT('',#2291);
#594=VERTEX_POINT('',#2297);
#595=VERTEX_POINT('',#2304);
#596=VERTEX_POINT('',#2310);
#597=VERTEX_POINT('',#2312);
#598=VERTEX_POINT('',#2318);
#599=VERTEX_POINT('',#2320);
#600=VERTEX_POINT('',#2326);
#601=VERTEX_POINT('',#2333);
#602=VERTEX_POINT('',#2339);
#603=VERTEX_POINT('',#2341);
#604=VERTEX_POINT('',#2347);
#605=VERTEX_POINT('',#2349);
#606=VERTEX_POINT('',#2355);
#607=VERTEX_POINT('',#2362);
#608=VERTEX_POINT('',#2368);
#609=VERTEX_POINT('',#2370);
#610=VERTEX_POINT('',#2376);
#611=VERTEX_POINT('',#2378);
#612=VERTEX_POINT('',#2384);
#613=VERTEX_POINT('',#2391);
#614=VERTEX_POINT('',#2397);
#615=VERTEX_POINT('',#2399);
#616=VERTEX_POINT('',#2405);
#617=VERTEX_POINT('',#2407);
#618=VERTEX_POINT('',#2413);
#619=VERTEX_POINT('',#2423);
#620=VERTEX_POINT('',#2426);
#621=VERTEX_POINT('',#2429);
#622=VERTEX_POINT('',#2432);
#623=VERTEX_POINT('',#2435);
#624=VERTEX_POINT('',#2438);
#625=VERTEX_POINT('',#2441);
#626=VERTEX_POINT('',#2443);
#627=VERTEX_POINT('',#2448);
#628=VERTEX_POINT('',#2452);
#629=VERTEX_POINT('',#2456);
#630=VERTEX_POINT('',#2460);
#631=VERTEX_POINT('',#2464);
#632=VERTEX_POINT('',#2468);
#633=EDGE_CURVE('',#504,#504,#411,.T.);
#634=EDGE_CURVE('',#504,#505,#315,.T.);
#635=EDGE_CURVE('',#505,#505,#412,.T.);
#636=EDGE_CURVE('',#506,#507,#413,.T.);
#637=EDGE_CURVE('',#507,#506,#414,.T.);
#638=EDGE_CURVE('',#507,#505,#316,.T.);
#639=EDGE_CURVE('',#508,#509,#99,.T.);
#640=EDGE_CURVE('',#508,#510,#415,.T.);
#641=EDGE_CURVE('',#510,#511,#317,.T.);
#642=EDGE_CURVE('',#511,#511,#416,.T.);
#643=EDGE_CURVE('',#510,#512,#417,.T.);
#644=EDGE_CURVE('',#513,#512,#100,.T.);
#645=EDGE_CURVE('',#513,#514,#418,.T.);
#646=EDGE_CURVE('',#515,#514,#101,.T.);
#647=EDGE_CURVE('',#515,#516,#419,.T.);
#648=EDGE_CURVE('',#517,#516,#102,.T.);
#649=EDGE_CURVE('',#517,#518,#420,.T.);
#650=EDGE_CURVE('',#519,#518,#103,.T.);
#651=EDGE_CURVE('',#519,#520,#421,.T.);
#652=EDGE_CURVE('',#521,#520,#104,.T.);
#653=EDGE_CURVE('',#521,#509,#422,.T.);
#654=EDGE_CURVE('',#522,#522,#423,.T.);
#655=EDGE_CURVE('',#522,#523,#318,.T.);
#656=EDGE_CURVE('',#517,#523,#424,.T.);
#657=EDGE_CURVE('',#523,#516,#425,.T.);
#658=EDGE_CURVE('',#524,#524,#426,.T.);
#659=EDGE_CURVE('',#524,#525,#319,.T.);
#660=EDGE_CURVE('',#515,#525,#427,.T.);
#661=EDGE_CURVE('',#525,#514,#428,.T.);
#662=EDGE_CURVE('',#526,#526,#429,.T.);
#663=EDGE_CURVE('',#526,#527,#320,.T.);
#664=EDGE_CURVE('',#513,#527,#430,.T.);
#665=EDGE_CURVE('',#527,#512,#431,.T.);
#666=EDGE_CURVE('',#508,#528,#432,.T.);
#667=EDGE_CURVE('',#528,#509,#433,.T.);
#668=EDGE_CURVE('',#521,#529,#434,.T.);
#669=EDGE_CURVE('',#529,#520,#435,.T.);
#670=EDGE_CURVE('',#519,#530,#436,.T.);
#671=EDGE_CURVE('',#530,#518,#437,.T.);
#672=EDGE_CURVE('',#531,#531,#438,.T.);
#673=EDGE_CURVE('',#511,#532,#321,.T.);
#674=EDGE_CURVE('',#532,#532,#439,.T.);
#675=EDGE_CURVE('',#506,#531,#322,.T.);
#676=EDGE_CURVE('',#533,#533,#440,.T.);
#677=EDGE_CURVE('',#533,#529,#323,.T.);
#678=EDGE_CURVE('',#534,#534,#441,.T.);
#679=EDGE_CURVE('',#534,#530,#324,.T.);
#680=EDGE_CURVE('',#535,#535,#442,.T.);
#681=EDGE_CURVE('',#535,#528,#325,.T.);
#682=EDGE_CURVE('',#536,#536,#443,.T.);
#683=EDGE_CURVE('',#536,#537,#326,.T.);
#684=EDGE_CURVE('',#537,#537,#444,.T.);
#685=EDGE_CURVE('',#538,#538,#445,.T.);
#686=EDGE_CURVE('',#538,#539,#327,.T.);
#687=EDGE_CURVE('',#539,#539,#446,.T.);
#688=EDGE_CURVE('',#540,#540,#447,.T.);
#689=EDGE_CURVE('',#541,#541,#448,.T.);
#690=EDGE_CURVE('',#541,#540,#328,.T.);
#691=EDGE_CURVE('',#542,#543,#31,.F.);
#692=EDGE_CURVE('',#543,#544,#449,.T.);
#693=EDGE_CURVE('',#545,#544,#32,.T.);
#694=EDGE_CURVE('',#545,#542,#450,.T.);
#695=EDGE_CURVE('',#542,#546,#19,.T.);
#696=EDGE_CURVE('',#547,#545,#20,.T.);
#697=EDGE_CURVE('',#548,#547,#451,.T.);
#698=EDGE_CURVE('',#549,#548,#21,.T.);
#699=EDGE_CURVE('',#550,#549,#452,.T.);
#700=EDGE_CURVE('',#551,#550,#22,.T.);
#701=EDGE_CURVE('',#552,#551,#453,.T.);
#702=EDGE_CURVE('',#553,#552,#23,.T.);
#703=EDGE_CURVE('',#554,#553,#454,.T.);
#704=EDGE_CURVE('',#555,#554,#24,.T.);
#705=EDGE_CURVE('',#556,#555,#455,.T.);
#706=EDGE_CURVE('',#557,#556,#25,.T.);
#707=EDGE_CURVE('',#558,#557,#456,.T.);
#708=EDGE_CURVE('',#559,#558,#26,.T.);
#709=EDGE_CURVE('',#560,#559,#457,.T.);
#710=EDGE_CURVE('',#561,#560,#27,.T.);
#711=EDGE_CURVE('',#562,#561,#458,.T.);
#712=EDGE_CURVE('',#563,#562,#28,.T.);
#713=EDGE_CURVE('',#564,#563,#459,.T.);
#714=EDGE_CURVE('',#565,#564,#29,.T.);
#715=EDGE_CURVE('',#566,#565,#460,.T.);
#716=EDGE_CURVE('',#567,#566,#30,.T.);
#717=EDGE_CURVE('',#568,#567,#461,.T.);
#718=EDGE_CURVE('',#568,#569,#329,.T.);
#719=EDGE_CURVE('',#569,#569,#462,.T.);
#720=EDGE_CURVE('',#546,#568,#463,.T.);
#721=EDGE_CURVE('',#565,#570,#33,.F.);
#722=EDGE_CURVE('',#570,#571,#464,.T.);
#723=EDGE_CURVE('',#566,#571,#34,.T.);
#724=EDGE_CURVE('',#561,#572,#35,.F.);
#725=EDGE_CURVE('',#572,#573,#465,.T.);
#726=EDGE_CURVE('',#562,#573,#36,.T.);
#727=EDGE_CURVE('',#549,#574,#37,.F.);
#728=EDGE_CURVE('',#574,#575,#466,.T.);
#729=EDGE_CURVE('',#550,#575,#38,.T.);
#730=EDGE_CURVE('',#553,#576,#39,.F.);
#731=EDGE_CURVE('',#576,#577,#467,.T.);
#732=EDGE_CURVE('',#554,#577,#40,.T.);
#733=EDGE_CURVE('',#557,#578,#41,.F.);
#734=EDGE_CURVE('',#578,#579,#468,.T.);
#735=EDGE_CURVE('',#558,#579,#42,.T.);
#736=EDGE_CURVE('',#580,#580,#469,.T.);
#737=EDGE_CURVE('',#580,#581,#330,.T.);
#738=EDGE_CURVE('',#581,#581,#470,.T.);
#739=EDGE_CURVE('',#581,#582,#331,.T.);
#740=EDGE_CURVE('',#582,#582,#471,.T.);
#741=EDGE_CURVE('',#583,#584,#332,.T.);
#742=EDGE_CURVE('',#585,#584,#43,.T.);
#743=EDGE_CURVE('',#543,#585,#333,.T.);
#744=EDGE_CURVE('',#546,#583,#44,.T.);
#745=EDGE_CURVE('',#584,#586,#472,.T.);
#746=EDGE_CURVE('',#587,#586,#45,.T.);
#747=EDGE_CURVE('',#585,#587,#473,.T.);
#748=EDGE_CURVE('',#586,#588,#334,.T.);
#749=EDGE_CURVE('',#547,#588,#46,.T.);
#750=EDGE_CURVE('',#587,#544,#335,.T.);
#751=EDGE_CURVE('',#588,#589,#474,.T.);
#752=EDGE_CURVE('',#548,#589,#47,.T.);
#753=EDGE_CURVE('',#589,#590,#336,.T.);
#754=EDGE_CURVE('',#591,#590,#48,.T.);
#755=EDGE_CURVE('',#574,#591,#337,.T.);
#756=EDGE_CURVE('',#590,#592,#475,.T.);
#757=EDGE_CURVE('',#593,#592,#49,.T.);
#758=EDGE_CURVE('',#591,#593,#476,.T.);
#759=EDGE_CURVE('',#592,#594,#338,.T.);
#760=EDGE_CURVE('',#551,#594,#50,.T.);
#761=EDGE_CURVE('',#593,#575,#339,.T.);
#762=EDGE_CURVE('',#594,#595,#477,.T.);
#763=EDGE_CURVE('',#552,#595,#51,.T.);
#764=EDGE_CURVE('',#595,#596,#340,.T.);
#765=EDGE_CURVE('',#597,#596,#52,.T.);
#766=EDGE_CURVE('',#576,#597,#341,.T.);
#767=EDGE_CURVE('',#596,#598,#478,.T.);
#768=EDGE_CURVE('',#599,#598,#53,.T.);
#769=EDGE_CURVE('',#597,#599,#479,.T.);
#770=EDGE_CURVE('',#598,#600,#342,.T.);
#771=EDGE_CURVE('',#555,#600,#54,.T.);
#772=EDGE_CURVE('',#599,#577,#343,.T.);
#773=EDGE_CURVE('',#600,#601,#480,.T.);
#774=EDGE_CURVE('',#556,#601,#55,.T.);
#775=EDGE_CURVE('',#601,#602,#344,.T.);
#776=EDGE_CURVE('',#603,#602,#56,.T.);
#777=EDGE_CURVE('',#578,#603,#345,.T.);
#778=EDGE_CURVE('',#602,#604,#481,.T.);
#779=EDGE_CURVE('',#605,#604,#57,.T.);
#780=EDGE_CURVE('',#603,#605,#482,.T.);
#781=EDGE_CURVE('',#604,#606,#346,.T.);
#782=EDGE_CURVE('',#559,#606,#58,.T.);
#783=EDGE_CURVE('',#605,#579,#347,.T.);
#784=EDGE_CURVE('',#606,#607,#483,.T.);
#785=EDGE_CURVE('',#560,#607,#59,.T.);
#786=EDGE_CURVE('',#607,#608,#348,.T.);
#787=EDGE_CURVE('',#609,#608,#60,.T.);
#788=EDGE_CURVE('',#572,#609,#349,.T.);
#789=EDGE_CURVE('',#608,#610,#484,.T.);
#790=EDGE_CURVE('',#611,#610,#61,.T.);
#791=EDGE_CURVE('',#609,#611,#485,.T.);
#792=EDGE_CURVE('',#610,#612,#350,.T.);
#793=EDGE_CURVE('',#563,#612,#62,.T.);
#794=EDGE_CURVE('',#611,#573,#351,.T.);
#795=EDGE_CURVE('',#612,#613,#486,.T.);
#796=EDGE_CURVE('',#564,#613,#63,.T.);
#797=EDGE_CURVE('',#613,#614,#352,.T.);
#798=EDGE_CURVE('',#615,#614,#64,.T.);
#799=EDGE_CURVE('',#570,#615,#353,.T.);
#800=EDGE_CURVE('',#614,#616,#487,.T.);
#801=EDGE_CURVE('',#617,#616,#65,.T.);
#802=EDGE_CURVE('',#615,#617,#488,.T.);
#803=EDGE_CURVE('',#616,#618,#354,.T.);
#804=EDGE_CURVE('',#567,#618,#66,.T.);
#805=EDGE_CURVE('',#617,#571,#355,.T.);
#806=EDGE_CURVE('',#618,#583,#489,.T.);
#807=EDGE_CURVE('',#619,#619,#490,.T.);
#808=EDGE_CURVE('',#620,#620,#491,.T.);
#809=EDGE_CURVE('',#621,#621,#492,.T.);
#810=EDGE_CURVE('',#622,#622,#493,.T.);
#811=EDGE_CURVE('',#623,#623,#494,.T.);
#812=EDGE_CURVE('',#624,#624,#495,.T.);
#813=EDGE_CURVE('',#625,#625,#496,.T.);
#814=EDGE_CURVE('',#625,#626,#356,.T.);
#815=EDGE_CURVE('',#626,#626,#497,.T.);
#816=EDGE_CURVE('',#622,#627,#357,.T.);
#817=EDGE_CURVE('',#627,#627,#498,.T.);
#818=EDGE_CURVE('',#621,#628,#358,.T.);
#819=EDGE_CURVE('',#628,#628,#499,.T.);
#820=EDGE_CURVE('',#624,#629,#359,.T.);
#821=EDGE_CURVE('',#629,#629,#500,.T.);
#822=EDGE_CURVE('',#620,#630,#360,.T.);
#823=EDGE_CURVE('',#630,#630,#501,.T.);
#824=EDGE_CURVE('',#619,#631,#361,.T.);
#825=EDGE_CURVE('',#631,#631,#502,.T.);
#826=EDGE_CURVE('',#623,#632,#362,.T.);
#827=EDGE_CURVE('',#632,#632,#503,.T.);
#828=ORIENTED_EDGE('',*,*,#633,.T.);
#829=ORIENTED_EDGE('',*,*,#634,.T.);
#830=ORIENTED_EDGE('',*,*,#635,.T.);
#831=ORIENTED_EDGE('',*,*,#634,.F.);
#832=ORIENTED_EDGE('',*,*,#636,.F.);
#833=ORIENTED_EDGE('',*,*,#637,.F.);
#834=ORIENTED_EDGE('',*,*,#638,.T.);
#835=ORIENTED_EDGE('',*,*,#635,.F.);
#836=ORIENTED_EDGE('',*,*,#638,.F.);
#837=ORIENTED_EDGE('',*,*,#633,.F.);
#838=ORIENTED_EDGE('',*,*,#639,.F.);
#839=ORIENTED_EDGE('',*,*,#640,.T.);
#840=ORIENTED_EDGE('',*,*,#641,.T.);
#841=ORIENTED_EDGE('',*,*,#642,.T.);
#842=ORIENTED_EDGE('',*,*,#641,.F.);
#843=ORIENTED_EDGE('',*,*,#643,.T.);
#844=ORIENTED_EDGE('',*,*,#644,.F.);
#845=ORIENTED_EDGE('',*,*,#645,.T.);
#846=ORIENTED_EDGE('',*,*,#646,.F.);
#847=ORIENTED_EDGE('',*,*,#647,.T.);
#848=ORIENTED_EDGE('',*,*,#648,.F.);
#849=ORIENTED_EDGE('',*,*,#649,.T.);
#850=ORIENTED_EDGE('',*,*,#650,.F.);
#851=ORIENTED_EDGE('',*,*,#651,.T.);
#852=ORIENTED_EDGE('',*,*,#652,.F.);
#853=ORIENTED_EDGE('',*,*,#653,.T.);
#854=ORIENTED_EDGE('',*,*,#654,.F.);
#855=ORIENTED_EDGE('',*,*,#655,.T.);
#856=ORIENTED_EDGE('',*,*,#656,.F.);
#857=ORIENTED_EDGE('',*,*,#648,.T.);
#858=ORIENTED_EDGE('',*,*,#657,.F.);
#859=ORIENTED_EDGE('',*,*,#655,.F.);
#860=ORIENTED_EDGE('',*,*,#658,.F.);
#861=ORIENTED_EDGE('',*,*,#659,.T.);
#862=ORIENTED_EDGE('',*,*,#660,.F.);
#863=ORIENTED_EDGE('',*,*,#646,.T.);
#864=ORIENTED_EDGE('',*,*,#661,.F.);
#865=ORIENTED_EDGE('',*,*,#659,.F.);
#866=ORIENTED_EDGE('',*,*,#662,.F.);
#867=ORIENTED_EDGE('',*,*,#663,.T.);
#868=ORIENTED_EDGE('',*,*,#664,.F.);
#869=ORIENTED_EDGE('',*,*,#644,.T.);
#870=ORIENTED_EDGE('',*,*,#665,.F.);
#871=ORIENTED_EDGE('',*,*,#663,.F.);
#872=ORIENTED_EDGE('',*,*,#649,.F.);
#873=ORIENTED_EDGE('',*,*,#656,.T.);
#874=ORIENTED_EDGE('',*,*,#657,.T.);
#875=ORIENTED_EDGE('',*,*,#647,.F.);
#876=ORIENTED_EDGE('',*,*,#660,.T.);
#877=ORIENTED_EDGE('',*,*,#661,.T.);
#878=ORIENTED_EDGE('',*,*,#645,.F.);
#879=ORIENTED_EDGE('',*,*,#664,.T.);
#880=ORIENTED_EDGE('',*,*,#665,.T.);
#881=ORIENTED_EDGE('',*,*,#643,.F.);
#882=ORIENTED_EDGE('',*,*,#640,.F.);
#883=ORIENTED_EDGE('',*,*,#666,.T.);
#884=ORIENTED_EDGE('',*,*,#667,.T.);
#885=ORIENTED_EDGE('',*,*,#653,.F.);
#886=ORIENTED_EDGE('',*,*,#668,.T.);
#887=ORIENTED_EDGE('',*,*,#669,.T.);
#888=ORIENTED_EDGE('',*,*,#651,.F.);
#889=ORIENTED_EDGE('',*,*,#670,.T.);
#890=ORIENTED_EDGE('',*,*,#671,.T.);
#891=ORIENTED_EDGE('',*,*,#672,.F.);
#892=ORIENTED_EDGE('',*,*,#642,.F.);
#893=ORIENTED_EDGE('',*,*,#673,.T.);
#894=ORIENTED_EDGE('',*,*,#674,.F.);
#895=ORIENTED_EDGE('',*,*,#673,.F.);
#896=ORIENTED_EDGE('',*,*,#636,.T.);
#897=ORIENTED_EDGE('',*,*,#637,.T.);
#898=ORIENTED_EDGE('',*,*,#675,.T.);
#899=ORIENTED_EDGE('',*,*,#672,.T.);
#900=ORIENTED_EDGE('',*,*,#675,.F.);
#901=ORIENTED_EDGE('',*,*,#676,.F.);
#902=ORIENTED_EDGE('',*,*,#677,.T.);
#903=ORIENTED_EDGE('',*,*,#668,.F.);
#904=ORIENTED_EDGE('',*,*,#652,.T.);
#905=ORIENTED_EDGE('',*,*,#669,.F.);
#906=ORIENTED_EDGE('',*,*,#677,.F.);
#907=ORIENTED_EDGE('',*,*,#678,.F.);
#908=ORIENTED_EDGE('',*,*,#679,.T.);
#909=ORIENTED_EDGE('',*,*,#670,.F.);
#910=ORIENTED_EDGE('',*,*,#650,.T.);
#911=ORIENTED_EDGE('',*,*,#671,.F.);
#912=ORIENTED_EDGE('',*,*,#679,.F.);
#913=ORIENTED_EDGE('',*,*,#680,.F.);
#914=ORIENTED_EDGE('',*,*,#681,.T.);
#915=ORIENTED_EDGE('',*,*,#666,.F.);
#916=ORIENTED_EDGE('',*,*,#639,.T.);
#917=ORIENTED_EDGE('',*,*,#667,.F.);
#918=ORIENTED_EDGE('',*,*,#681,.F.);
#919=ORIENTED_EDGE('',*,*,#682,.F.);
#920=ORIENTED_EDGE('',*,*,#683,.T.);
#921=ORIENTED_EDGE('',*,*,#684,.T.);
#922=ORIENTED_EDGE('',*,*,#683,.F.);
#923=ORIENTED_EDGE('',*,*,#685,.F.);
#924=ORIENTED_EDGE('',*,*,#686,.T.);
#925=ORIENTED_EDGE('',*,*,#687,.T.);
#926=ORIENTED_EDGE('',*,*,#686,.F.);
#927=ORIENTED_EDGE('',*,*,#687,.F.);
#928=ORIENTED_EDGE('',*,*,#684,.F.);
#929=ORIENTED_EDGE('',*,*,#674,.T.);
#930=ORIENTED_EDGE('',*,*,#685,.T.);
#931=ORIENTED_EDGE('',*,*,#680,.T.);
#932=ORIENTED_EDGE('',*,*,#654,.T.);
#933=ORIENTED_EDGE('',*,*,#678,.T.);
#934=ORIENTED_EDGE('',*,*,#662,.T.);
#935=ORIENTED_EDGE('',*,*,#658,.T.);
#936=ORIENTED_EDGE('',*,*,#676,.T.);
#937=ORIENTED_EDGE('',*,*,#688,.F.);
#938=ORIENTED_EDGE('',*,*,#689,.F.);
#939=ORIENTED_EDGE('',*,*,#690,.T.);
#940=ORIENTED_EDGE('',*,*,#688,.T.);
#941=ORIENTED_EDGE('',*,*,#690,.F.);
#942=ORIENTED_EDGE('',*,*,#682,.T.);
#943=ORIENTED_EDGE('',*,*,#689,.T.);
#944=ORIENTED_EDGE('',*,*,#691,.T.);
#945=ORIENTED_EDGE('',*,*,#692,.T.);
#946=ORIENTED_EDGE('',*,*,#693,.F.);
#947=ORIENTED_EDGE('',*,*,#694,.T.);
#948=ORIENTED_EDGE('',*,*,#695,.F.);
#949=ORIENTED_EDGE('',*,*,#694,.F.);
#950=ORIENTED_EDGE('',*,*,#696,.F.);
#951=ORIENTED_EDGE('',*,*,#697,.F.);
#952=ORIENTED_EDGE('',*,*,#698,.F.);
#953=ORIENTED_EDGE('',*,*,#699,.F.);
#954=ORIENTED_EDGE('',*,*,#700,.F.);
#955=ORIENTED_EDGE('',*,*,#701,.F.);
#956=ORIENTED_EDGE('',*,*,#702,.F.);
#957=ORIENTED_EDGE('',*,*,#703,.F.);
#958=ORIENTED_EDGE('',*,*,#704,.F.);
#959=ORIENTED_EDGE('',*,*,#705,.F.);
#960=ORIENTED_EDGE('',*,*,#706,.F.);
#961=ORIENTED_EDGE('',*,*,#707,.F.);
#962=ORIENTED_EDGE('',*,*,#708,.F.);
#963=ORIENTED_EDGE('',*,*,#709,.F.);
#964=ORIENTED_EDGE('',*,*,#710,.F.);
#965=ORIENTED_EDGE('',*,*,#711,.F.);
#966=ORIENTED_EDGE('',*,*,#712,.F.);
#967=ORIENTED_EDGE('',*,*,#713,.F.);
#968=ORIENTED_EDGE('',*,*,#714,.F.);
#969=ORIENTED_EDGE('',*,*,#715,.F.);
#970=ORIENTED_EDGE('',*,*,#716,.F.);
#971=ORIENTED_EDGE('',*,*,#717,.F.);
#972=ORIENTED_EDGE('',*,*,#718,.T.);
#973=ORIENTED_EDGE('',*,*,#719,.T.);
#974=ORIENTED_EDGE('',*,*,#718,.F.);
#975=ORIENTED_EDGE('',*,*,#720,.F.);
#976=ORIENTED_EDGE('',*,*,#721,.T.);
#977=ORIENTED_EDGE('',*,*,#722,.T.);
#978=ORIENTED_EDGE('',*,*,#723,.F.);
#979=ORIENTED_EDGE('',*,*,#715,.T.);
#980=ORIENTED_EDGE('',*,*,#724,.T.);
#981=ORIENTED_EDGE('',*,*,#725,.T.);
#982=ORIENTED_EDGE('',*,*,#726,.F.);
#983=ORIENTED_EDGE('',*,*,#711,.T.);
#984=ORIENTED_EDGE('',*,*,#727,.T.);
#985=ORIENTED_EDGE('',*,*,#728,.T.);
#986=ORIENTED_EDGE('',*,*,#729,.F.);
#987=ORIENTED_EDGE('',*,*,#699,.T.);
#988=ORIENTED_EDGE('',*,*,#730,.T.);
#989=ORIENTED_EDGE('',*,*,#731,.T.);
#990=ORIENTED_EDGE('',*,*,#732,.F.);
#991=ORIENTED_EDGE('',*,*,#703,.T.);
#992=ORIENTED_EDGE('',*,*,#733,.T.);
#993=ORIENTED_EDGE('',*,*,#734,.T.);
#994=ORIENTED_EDGE('',*,*,#735,.F.);
#995=ORIENTED_EDGE('',*,*,#707,.T.);
#996=ORIENTED_EDGE('',*,*,#736,.T.);
#997=ORIENTED_EDGE('',*,*,#737,.T.);
#998=ORIENTED_EDGE('',*,*,#738,.T.);
#999=ORIENTED_EDGE('',*,*,#737,.F.);
#1000=ORIENTED_EDGE('',*,*,#738,.F.);
#1001=ORIENTED_EDGE('',*,*,#739,.T.);
#1002=ORIENTED_EDGE('',*,*,#740,.F.);
#1003=ORIENTED_EDGE('',*,*,#739,.F.);
#1004=ORIENTED_EDGE('',*,*,#736,.F.);
#1005=ORIENTED_EDGE('',*,*,#741,.T.);
#1006=ORIENTED_EDGE('',*,*,#742,.F.);
#1007=ORIENTED_EDGE('',*,*,#743,.F.);
#1008=ORIENTED_EDGE('',*,*,#691,.F.);
#1009=ORIENTED_EDGE('',*,*,#695,.T.);
#1010=ORIENTED_EDGE('',*,*,#744,.T.);
#1011=ORIENTED_EDGE('',*,*,#745,.T.);
#1012=ORIENTED_EDGE('',*,*,#746,.F.);
#1013=ORIENTED_EDGE('',*,*,#747,.F.);
#1014=ORIENTED_EDGE('',*,*,#742,.T.);
#1015=ORIENTED_EDGE('',*,*,#748,.T.);
#1016=ORIENTED_EDGE('',*,*,#749,.F.);
#1017=ORIENTED_EDGE('',*,*,#696,.T.);
#1018=ORIENTED_EDGE('',*,*,#693,.T.);
#1019=ORIENTED_EDGE('',*,*,#750,.F.);
#1020=ORIENTED_EDGE('',*,*,#746,.T.);
#1021=ORIENTED_EDGE('',*,*,#751,.T.);
#1022=ORIENTED_EDGE('',*,*,#752,.F.);
#1023=ORIENTED_EDGE('',*,*,#697,.T.);
#1024=ORIENTED_EDGE('',*,*,#749,.T.);
#1025=ORIENTED_EDGE('',*,*,#753,.T.);
#1026=ORIENTED_EDGE('',*,*,#754,.F.);
#1027=ORIENTED_EDGE('',*,*,#755,.F.);
#1028=ORIENTED_EDGE('',*,*,#727,.F.);
#1029=ORIENTED_EDGE('',*,*,#698,.T.);
#1030=ORIENTED_EDGE('',*,*,#752,.T.);
#1031=ORIENTED_EDGE('',*,*,#756,.T.);
#1032=ORIENTED_EDGE('',*,*,#757,.F.);
#1033=ORIENTED_EDGE('',*,*,#758,.F.);
#1034=ORIENTED_EDGE('',*,*,#754,.T.);
#1035=ORIENTED_EDGE('',*,*,#759,.T.);
#1036=ORIENTED_EDGE('',*,*,#760,.F.);
#1037=ORIENTED_EDGE('',*,*,#700,.T.);
#1038=ORIENTED_EDGE('',*,*,#729,.T.);
#1039=ORIENTED_EDGE('',*,*,#761,.F.);
#1040=ORIENTED_EDGE('',*,*,#757,.T.);
#1041=ORIENTED_EDGE('',*,*,#762,.T.);
#1042=ORIENTED_EDGE('',*,*,#763,.F.);
#1043=ORIENTED_EDGE('',*,*,#701,.T.);
#1044=ORIENTED_EDGE('',*,*,#760,.T.);
#1045=ORIENTED_EDGE('',*,*,#764,.T.);
#1046=ORIENTED_EDGE('',*,*,#765,.F.);
#1047=ORIENTED_EDGE('',*,*,#766,.F.);
#1048=ORIENTED_EDGE('',*,*,#730,.F.);
#1049=ORIENTED_EDGE('',*,*,#702,.T.);
#1050=ORIENTED_EDGE('',*,*,#763,.T.);
#1051=ORIENTED_EDGE('',*,*,#767,.T.);
#1052=ORIENTED_EDGE('',*,*,#768,.F.);
#1053=ORIENTED_EDGE('',*,*,#769,.F.);
#1054=ORIENTED_EDGE('',*,*,#765,.T.);
#1055=ORIENTED_EDGE('',*,*,#770,.T.);
#1056=ORIENTED_EDGE('',*,*,#771,.F.);
#1057=ORIENTED_EDGE('',*,*,#704,.T.);
#1058=ORIENTED_EDGE('',*,*,#732,.T.);
#1059=ORIENTED_EDGE('',*,*,#772,.F.);
#1060=ORIENTED_EDGE('',*,*,#768,.T.);
#1061=ORIENTED_EDGE('',*,*,#773,.T.);
#1062=ORIENTED_EDGE('',*,*,#774,.F.);
#1063=ORIENTED_EDGE('',*,*,#705,.T.);
#1064=ORIENTED_EDGE('',*,*,#771,.T.);
#1065=ORIENTED_EDGE('',*,*,#775,.T.);
#1066=ORIENTED_EDGE('',*,*,#776,.F.);
#1067=ORIENTED_EDGE('',*,*,#777,.F.);
#1068=ORIENTED_EDGE('',*,*,#733,.F.);
#1069=ORIENTED_EDGE('',*,*,#706,.T.);
#1070=ORIENTED_EDGE('',*,*,#774,.T.);
#1071=ORIENTED_EDGE('',*,*,#778,.T.);
#1072=ORIENTED_EDGE('',*,*,#779,.F.);
#1073=ORIENTED_EDGE('',*,*,#780,.F.);
#1074=ORIENTED_EDGE('',*,*,#776,.T.);
#1075=ORIENTED_EDGE('',*,*,#781,.T.);
#1076=ORIENTED_EDGE('',*,*,#782,.F.);
#1077=ORIENTED_EDGE('',*,*,#708,.T.);
#1078=ORIENTED_EDGE('',*,*,#735,.T.);
#1079=ORIENTED_EDGE('',*,*,#783,.F.);
#1080=ORIENTED_EDGE('',*,*,#779,.T.);
#1081=ORIENTED_EDGE('',*,*,#784,.T.);
#1082=ORIENTED_EDGE('',*,*,#785,.F.);
#1083=ORIENTED_EDGE('',*,*,#709,.T.);
#1084=ORIENTED_EDGE('',*,*,#782,.T.);
#1085=ORIENTED_EDGE('',*,*,#786,.T.);
#1086=ORIENTED_EDGE('',*,*,#787,.F.);
#1087=ORIENTED_EDGE('',*,*,#788,.F.);
#1088=ORIENTED_EDGE('',*,*,#724,.F.);
#1089=ORIENTED_EDGE('',*,*,#710,.T.);
#1090=ORIENTED_EDGE('',*,*,#785,.T.);
#1091=ORIENTED_EDGE('',*,*,#789,.T.);
#1092=ORIENTED_EDGE('',*,*,#790,.F.);
#1093=ORIENTED_EDGE('',*,*,#791,.F.);
#1094=ORIENTED_EDGE('',*,*,#787,.T.);
#1095=ORIENTED_EDGE('',*,*,#792,.T.);
#1096=ORIENTED_EDGE('',*,*,#793,.F.);
#1097=ORIENTED_EDGE('',*,*,#712,.T.);
#1098=ORIENTED_EDGE('',*,*,#726,.T.);
#1099=ORIENTED_EDGE('',*,*,#794,.F.);
#1100=ORIENTED_EDGE('',*,*,#790,.T.);
#1101=ORIENTED_EDGE('',*,*,#795,.T.);
#1102=ORIENTED_EDGE('',*,*,#796,.F.);
#1103=ORIENTED_EDGE('',*,*,#713,.T.);
#1104=ORIENTED_EDGE('',*,*,#793,.T.);
#1105=ORIENTED_EDGE('',*,*,#797,.T.);
#1106=ORIENTED_EDGE('',*,*,#798,.F.);
#1107=ORIENTED_EDGE('',*,*,#799,.F.);
#1108=ORIENTED_EDGE('',*,*,#721,.F.);
#1109=ORIENTED_EDGE('',*,*,#714,.T.);
#1110=ORIENTED_EDGE('',*,*,#796,.T.);
#1111=ORIENTED_EDGE('',*,*,#800,.T.);
#1112=ORIENTED_EDGE('',*,*,#801,.F.);
#1113=ORIENTED_EDGE('',*,*,#802,.F.);
#1114=ORIENTED_EDGE('',*,*,#798,.T.);
#1115=ORIENTED_EDGE('',*,*,#803,.T.);
#1116=ORIENTED_EDGE('',*,*,#804,.F.);
#1117=ORIENTED_EDGE('',*,*,#716,.T.);
#1118=ORIENTED_EDGE('',*,*,#723,.T.);
#1119=ORIENTED_EDGE('',*,*,#805,.F.);
#1120=ORIENTED_EDGE('',*,*,#801,.T.);
#1121=ORIENTED_EDGE('',*,*,#806,.T.);
#1122=ORIENTED_EDGE('',*,*,#744,.F.);
#1123=ORIENTED_EDGE('',*,*,#720,.T.);
#1124=ORIENTED_EDGE('',*,*,#717,.T.);
#1125=ORIENTED_EDGE('',*,*,#804,.T.);
#1126=ORIENTED_EDGE('',*,*,#741,.F.);
#1127=ORIENTED_EDGE('',*,*,#806,.F.);
#1128=ORIENTED_EDGE('',*,*,#803,.F.);
#1129=ORIENTED_EDGE('',*,*,#800,.F.);
#1130=ORIENTED_EDGE('',*,*,#797,.F.);
#1131=ORIENTED_EDGE('',*,*,#795,.F.);
#1132=ORIENTED_EDGE('',*,*,#792,.F.);
#1133=ORIENTED_EDGE('',*,*,#789,.F.);
#1134=ORIENTED_EDGE('',*,*,#786,.F.);
#1135=ORIENTED_EDGE('',*,*,#784,.F.);
#1136=ORIENTED_EDGE('',*,*,#781,.F.);
#1137=ORIENTED_EDGE('',*,*,#778,.F.);
#1138=ORIENTED_EDGE('',*,*,#775,.F.);
#1139=ORIENTED_EDGE('',*,*,#773,.F.);
#1140=ORIENTED_EDGE('',*,*,#770,.F.);
#1141=ORIENTED_EDGE('',*,*,#767,.F.);
#1142=ORIENTED_EDGE('',*,*,#764,.F.);
#1143=ORIENTED_EDGE('',*,*,#762,.F.);
#1144=ORIENTED_EDGE('',*,*,#759,.F.);
#1145=ORIENTED_EDGE('',*,*,#756,.F.);
#1146=ORIENTED_EDGE('',*,*,#753,.F.);
#1147=ORIENTED_EDGE('',*,*,#751,.F.);
#1148=ORIENTED_EDGE('',*,*,#748,.F.);
#1149=ORIENTED_EDGE('',*,*,#745,.F.);
#1150=ORIENTED_EDGE('',*,*,#740,.T.);
#1151=ORIENTED_EDGE('',*,*,#725,.F.);
#1152=ORIENTED_EDGE('',*,*,#788,.T.);
#1153=ORIENTED_EDGE('',*,*,#791,.T.);
#1154=ORIENTED_EDGE('',*,*,#794,.T.);
#1155=ORIENTED_EDGE('',*,*,#807,.T.);
#1156=ORIENTED_EDGE('',*,*,#722,.F.);
#1157=ORIENTED_EDGE('',*,*,#799,.T.);
#1158=ORIENTED_EDGE('',*,*,#802,.T.);
#1159=ORIENTED_EDGE('',*,*,#805,.T.);
#1160=ORIENTED_EDGE('',*,*,#808,.T.);
#1161=ORIENTED_EDGE('',*,*,#692,.F.);
#1162=ORIENTED_EDGE('',*,*,#743,.T.);
#1163=ORIENTED_EDGE('',*,*,#747,.T.);
#1164=ORIENTED_EDGE('',*,*,#750,.T.);
#1165=ORIENTED_EDGE('',*,*,#809,.T.);
#1166=ORIENTED_EDGE('',*,*,#728,.F.);
#1167=ORIENTED_EDGE('',*,*,#755,.T.);
#1168=ORIENTED_EDGE('',*,*,#758,.T.);
#1169=ORIENTED_EDGE('',*,*,#761,.T.);
#1170=ORIENTED_EDGE('',*,*,#810,.T.);
#1171=ORIENTED_EDGE('',*,*,#731,.F.);
#1172=ORIENTED_EDGE('',*,*,#766,.T.);
#1173=ORIENTED_EDGE('',*,*,#769,.T.);
#1174=ORIENTED_EDGE('',*,*,#772,.T.);
#1175=ORIENTED_EDGE('',*,*,#811,.T.);
#1176=ORIENTED_EDGE('',*,*,#734,.F.);
#1177=ORIENTED_EDGE('',*,*,#777,.T.);
#1178=ORIENTED_EDGE('',*,*,#780,.T.);
#1179=ORIENTED_EDGE('',*,*,#783,.T.);
#1180=ORIENTED_EDGE('',*,*,#812,.T.);
#1181=ORIENTED_EDGE('',*,*,#813,.F.);
#1182=ORIENTED_EDGE('',*,*,#814,.T.);
#1183=ORIENTED_EDGE('',*,*,#815,.T.);
#1184=ORIENTED_EDGE('',*,*,#814,.F.);
#1185=ORIENTED_EDGE('',*,*,#815,.F.);
#1186=ORIENTED_EDGE('',*,*,#810,.F.);
#1187=ORIENTED_EDGE('',*,*,#816,.T.);
#1188=ORIENTED_EDGE('',*,*,#817,.T.);
#1189=ORIENTED_EDGE('',*,*,#816,.F.);
#1190=ORIENTED_EDGE('',*,*,#809,.F.);
#1191=ORIENTED_EDGE('',*,*,#818,.T.);
#1192=ORIENTED_EDGE('',*,*,#819,.T.);
#1193=ORIENTED_EDGE('',*,*,#818,.F.);
#1194=ORIENTED_EDGE('',*,*,#812,.F.);
#1195=ORIENTED_EDGE('',*,*,#820,.T.);
#1196=ORIENTED_EDGE('',*,*,#821,.T.);
#1197=ORIENTED_EDGE('',*,*,#820,.F.);
#1198=ORIENTED_EDGE('',*,*,#808,.F.);
#1199=ORIENTED_EDGE('',*,*,#822,.T.);
#1200=ORIENTED_EDGE('',*,*,#823,.T.);
#1201=ORIENTED_EDGE('',*,*,#822,.F.);
#1202=ORIENTED_EDGE('',*,*,#807,.F.);
#1203=ORIENTED_EDGE('',*,*,#824,.T.);
#1204=ORIENTED_EDGE('',*,*,#825,.T.);
#1205=ORIENTED_EDGE('',*,*,#824,.F.);
#1206=ORIENTED_EDGE('',*,*,#811,.F.);
#1207=ORIENTED_EDGE('',*,*,#826,.T.);
#1208=ORIENTED_EDGE('',*,*,#827,.T.);
#1209=ORIENTED_EDGE('',*,*,#826,.F.);
#1210=ORIENTED_EDGE('',*,*,#719,.F.);
#1211=ORIENTED_EDGE('',*,*,#813,.T.);
#1212=ORIENTED_EDGE('',*,*,#827,.F.);
#1213=ORIENTED_EDGE('',*,*,#825,.F.);
#1214=ORIENTED_EDGE('',*,*,#823,.F.);
#1215=ORIENTED_EDGE('',*,*,#821,.F.);
#1216=ORIENTED_EDGE('',*,*,#819,.F.);
#1217=ORIENTED_EDGE('',*,*,#817,.F.);
#1218=CONICAL_SURFACE('',#1339,1.05000001755286,0.78539798786881);
#1219=CONICAL_SURFACE('',#1346,1.7,0.785398163397447);
#1220=CONICAL_SURFACE('',#1377,1.15,0.785398163397448);
#1221=CONICAL_SURFACE('',#1398,1.7,0.785398163397447);
#1222=CONICAL_SURFACE('',#1427,1.7,0.785398163397449);
#1223=CONICAL_SURFACE('',#1429,1.7,0.785398163397449);
#1224=CONICAL_SURFACE('',#1431,1.7,0.785398163397449);
#1225=CONICAL_SURFACE('',#1433,1.7,0.785398163397449);
#1226=CONICAL_SURFACE('',#1435,1.7,0.785398163397449);
#1227=CONICAL_SURFACE('',#1437,1.20435778713738,0.829031394697306);
#1228=CONICAL_SURFACE('',#1440,1.25,0.0872664625997165);
#1229=CONICAL_SURFACE('',#1444,1.35,0.0872664625997165);
#1230=CONICAL_SURFACE('',#1448,1.75,0.0872664625997165);
#1231=CONICAL_SURFACE('',#1451,1.35,0.0872664625997165);
#1232=CONICAL_SURFACE('',#1455,1.75,0.0872664625997165);
#1233=CONICAL_SURFACE('',#1458,1.35,0.0872664625997165);
#1234=CONICAL_SURFACE('',#1462,1.75,0.0872664625997165);
#1235=CONICAL_SURFACE('',#1465,1.35,0.0872664625997165);
#1236=CONICAL_SURFACE('',#1469,1.75,0.0872664625997165);
#1237=CONICAL_SURFACE('',#1472,1.35,0.0872664625997165);
#1238=CONICAL_SURFACE('',#1476,1.75,0.0872664625997165);
#1239=CONICAL_SURFACE('',#1479,1.35,0.0872664625997165);
#1240=CONICAL_SURFACE('',#1483,1.75,0.0872664625997165);
#1241=CONICAL_SURFACE('',#1498,0.677500022340009,0.785398163397448);
#1242=ADVANCED_FACE('',(#151),#1218,.T.);
#1243=ADVANCED_FACE('',(#152),#133,.T.);
#1244=ADVANCED_FACE('',(#153),#105,.T.);
#1245=ADVANCED_FACE('',(#154),#1219,.T.);
#1246=ADVANCED_FACE('',(#155),#134,.F.);
#1247=ADVANCED_FACE('',(#156),#135,.F.);
#1248=ADVANCED_FACE('',(#157),#136,.F.);
#1249=ADVANCED_FACE('',(#158,#75),#106,.F.);
#1250=ADVANCED_FACE('',(#159),#137,.T.);
#1251=ADVANCED_FACE('',(#160),#1220,.T.);
#1252=ADVANCED_FACE('',(#161),#138,.F.);
#1253=ADVANCED_FACE('',(#162),#139,.F.);
#1254=ADVANCED_FACE('',(#163),#140,.F.);
#1255=ADVANCED_FACE('',(#164),#141,.T.);
#1256=ADVANCED_FACE('',(#165),#142,.F.);
#1257=ADVANCED_FACE('',(#166,#76),#107,.T.);
#1258=ADVANCED_FACE('',(#167,#77,#78,#79,#80,#81,#82,#83),#108,.T.);
#1259=ADVANCED_FACE('',(#168),#109,.F.);
#1260=ADVANCED_FACE('',(#169),#143,.F.);
#1261=ADVANCED_FACE('',(#170,#84),#110,.T.);
#1262=ADVANCED_FACE('',(#171),#1221,.T.);
#1263=ADVANCED_FACE('',(#172),#144,.T.);
#1264=ADVANCED_FACE('',(#173),#1222,.T.);
#1265=ADVANCED_FACE('',(#174),#1223,.T.);
#1266=ADVANCED_FACE('',(#175),#1224,.T.);
#1267=ADVANCED_FACE('',(#176),#1225,.T.);
#1268=ADVANCED_FACE('',(#177),#1226,.T.);
#1269=ADVANCED_FACE('',(#178),#1227,.F.);
#1270=ADVANCED_FACE('',(#179),#1228,.F.);
#1271=ADVANCED_FACE('',(#180),#111,.T.);
#1272=ADVANCED_FACE('',(#181),#112,.T.);
#1273=ADVANCED_FACE('',(#182),#1229,.T.);
#1274=ADVANCED_FACE('',(#183),#113,.T.);
#1275=ADVANCED_FACE('',(#184),#1230,.T.);
#1276=ADVANCED_FACE('',(#185),#114,.T.);
#1277=ADVANCED_FACE('',(#186),#1231,.T.);
#1278=ADVANCED_FACE('',(#187),#115,.T.);
#1279=ADVANCED_FACE('',(#188),#1232,.T.);
#1280=ADVANCED_FACE('',(#189),#116,.T.);
#1281=ADVANCED_FACE('',(#190),#1233,.T.);
#1282=ADVANCED_FACE('',(#191),#117,.T.);
#1283=ADVANCED_FACE('',(#192),#1234,.T.);
#1284=ADVANCED_FACE('',(#193),#118,.T.);
#1285=ADVANCED_FACE('',(#194),#1235,.T.);
#1286=ADVANCED_FACE('',(#195),#119,.T.);
#1287=ADVANCED_FACE('',(#196),#1236,.T.);
#1288=ADVANCED_FACE('',(#197),#120,.T.);
#1289=ADVANCED_FACE('',(#198),#1237,.T.);
#1290=ADVANCED_FACE('',(#199),#121,.T.);
#1291=ADVANCED_FACE('',(#200),#1238,.T.);
#1292=ADVANCED_FACE('',(#201),#122,.T.);
#1293=ADVANCED_FACE('',(#202),#1239,.T.);
#1294=ADVANCED_FACE('',(#203),#123,.T.);
#1295=ADVANCED_FACE('',(#204),#1240,.T.);
#1296=ADVANCED_FACE('',(#205,#85),#124,.T.);
#1297=ADVANCED_FACE('',(#206,#86),#125,.T.);
#1298=ADVANCED_FACE('',(#207,#87),#126,.T.);
#1299=ADVANCED_FACE('',(#208,#88),#127,.T.);
#1300=ADVANCED_FACE('',(#209,#89),#128,.T.);
#1301=ADVANCED_FACE('',(#210,#90),#129,.T.);
#1302=ADVANCED_FACE('',(#211,#91),#130,.T.);
#1303=ADVANCED_FACE('',(#212),#1241,.F.);
#1304=ADVANCED_FACE('',(#213),#131,.T.);
#1305=ADVANCED_FACE('',(#214),#145,.F.);
#1306=ADVANCED_FACE('',(#215),#146,.F.);
#1307=ADVANCED_FACE('',(#216),#147,.F.);
#1308=ADVANCED_FACE('',(#217),#148,.F.);
#1309=ADVANCED_FACE('',(#218),#149,.F.);
#1310=ADVANCED_FACE('',(#219),#150,.F.);
#1311=ADVANCED_FACE('',(#220,#92,#93,#94,#95,#96,#97,#98),#132,.F.);
#1312=CLOSED_SHELL('',(#1242,#1243,#1244,#1245,#1246,#1247,#1248,#1249,
#1250,#1251,#1252,#1253,#1254,#1255,#1256,#1257,#1258,#1259,#1260,#1261));
#1313=CLOSED_SHELL('',(#1262,#1263,#1264,#1265,#1266,#1267,#1268,#1269,
#1270,#1271,#1272,#1273,#1274,#1275,#1276,#1277,#1278,#1279,#1280,#1281,
#1282,#1283,#1284,#1285,#1286,#1287,#1288,#1289,#1290,#1291,#1292,#1293,
#1294,#1295,#1296,#1297,#1298,#1299,#1300,#1301,#1302,#1303,#1304,#1305,
#1306,#1307,#1308,#1309,#1310,#1311));
#1314=DERIVED_UNIT_ELEMENT(#1318,1.);
#1315=DERIVED_UNIT_ELEMENT(#2485,-3.);
#1316=DERIVED_UNIT_ELEMENT(#1318,1.);
#1317=DERIVED_UNIT_ELEMENT(#2485,-3.);
#1318=(
MASS_UNIT()
NAMED_UNIT(*)
SI_UNIT(.KILO.,.GRAM.)
);
#1319=DERIVED_UNIT((#1314,#1315));
#1320=DERIVED_UNIT((#1316,#1317));
#1321=MEASURE_REPRESENTATION_ITEM('density measure',
POSITIVE_RATIO_MEASURE(7850.),#1319);
#1322=MEASURE_REPRESENTATION_ITEM('density measure',
POSITIVE_RATIO_MEASURE(7850.),#1320);
#1323=PROPERTY_DEFINITION_REPRESENTATION(#1333,#1327);
#1324=PROPERTY_DEFINITION_REPRESENTATION(#1334,#1328);
#1325=PROPERTY_DEFINITION_REPRESENTATION(#1335,#1329);
#1326=PROPERTY_DEFINITION_REPRESENTATION(#1336,#1330);
#1327=REPRESENTATION('material name',(#1331),#2479);
#1328=REPRESENTATION('density',(#1321),#2479);
#1329=REPRESENTATION('material name',(#1332),#2480);
#1330=REPRESENTATION('density',(#1322),#2480);
#1331=DESCRIPTIVE_REPRESENTATION_ITEM('Steel','Steel');
#1332=DESCRIPTIVE_REPRESENTATION_ITEM('Steel','Steel');
#1333=PROPERTY_DEFINITION('material property','material name',#2502);
#1334=PROPERTY_DEFINITION('material property','density of part',#2502);
#1335=PROPERTY_DEFINITION('material property','material name',#2503);
#1336=PROPERTY_DEFINITION('material property','density of part',#2503);
#1337=AXIS2_PLACEMENT_3D('',#1925,#1517,#1518);
#1338=AXIS2_PLACEMENT_3D('',#1926,#1519,#1520);
#1339=AXIS2_PLACEMENT_3D('',#1927,#1521,#1522);
#1340=AXIS2_PLACEMENT_3D('',#1929,#1523,#1524);
#1341=AXIS2_PLACEMENT_3D('',#1932,#1526,#1527);
#1342=AXIS2_PLACEMENT_3D('',#1933,#1528,#1529);
#1343=AXIS2_PLACEMENT_3D('',#1936,#1530,#1531);
#1344=AXIS2_PLACEMENT_3D('',#1937,#1532,#1533);
#1345=AXIS2_PLACEMENT_3D('',#1939,#1535,#1536);
#1346=AXIS2_PLACEMENT_3D('',#1940,#1537,#1538);
#1347=AXIS2_PLACEMENT_3D('',#1958,#1539,#1540);
#1348=AXIS2_PLACEMENT_3D('',#1961,#1542,#1543);
#1349=AXIS2_PLACEMENT_3D('',#1963,#1544,#1545);
#1350=AXIS2_PLACEMENT_3D('',#1980,#1546,#1547);
#1351=AXIS2_PLACEMENT_3D('',#1997,#1548,#1549);
#1352=AXIS2_PLACEMENT_3D('',#2014,#1550,#1551);
#1353=AXIS2_PLACEMENT_3D('',#2031,#1552,#1553);
#1354=AXIS2_PLACEMENT_3D('',#2047,#1554,#1555);
#1355=AXIS2_PLACEMENT_3D('',#2048,#1556,#1557);
#1356=AXIS2_PLACEMENT_3D('',#2050,#1558,#1559);
#1357=AXIS2_PLACEMENT_3D('',#2053,#1561,#1562);
#1358=AXIS2_PLACEMENT_3D('',#2054,#1563,#1564);
#1359=AXIS2_PLACEMENT_3D('',#2055,#1565,#1566);
#1360=AXIS2_PLACEMENT_3D('',#2057,#1567,#1568);
#1361=AXIS2_PLACEMENT_3D('',#2060,#1570,#1571);
#1362=AXIS2_PLACEMENT_3D('',#2061,#1572,#1573);
#1363=AXIS2_PLACEMENT_3D('',#2062,#1574,#1575);
#1364=AXIS2_PLACEMENT_3D('',#2064,#1576,#1577);
#1365=AXIS2_PLACEMENT_3D('',#2067,#1579,#1580);
#1366=AXIS2_PLACEMENT_3D('',#2068,#1581,#1582);
#1367=AXIS2_PLACEMENT_3D('',#2069,#1583,#1584);
#1368=AXIS2_PLACEMENT_3D('',#2071,#1585,#1586);
#1369=AXIS2_PLACEMENT_3D('',#2072,#1587,#1588);
#1370=AXIS2_PLACEMENT_3D('',#2074,#1589,#1590);
#1371=AXIS2_PLACEMENT_3D('',#2075,#1591,#1592);
#1372=AXIS2_PLACEMENT_3D('',#2077,#1593,#1594);
#1373=AXIS2_PLACEMENT_3D('',#2078,#1595,#1596);
#1374=AXIS2_PLACEMENT_3D('',#2080,#1597,#1598);
#1375=AXIS2_PLACEMENT_3D('',#2081,#1599,#1600);
#1376=AXIS2_PLACEMENT_3D('',#2084,#1602,#1603);
#1377=AXIS2_PLACEMENT_3D('',#2085,#1604,#1605);
#1378=AXIS2_PLACEMENT_3D('',#2087,#1607,#1608);
#1379=AXIS2_PLACEMENT_3D('',#2089,#1609,#1610);
#1380=AXIS2_PLACEMENT_3D('',#2091,#1612,#1613);
#1381=AXIS2_PLACEMENT_3D('',#2093,#1614,#1615);
#1382=AXIS2_PLACEMENT_3D('',#2095,#1617,#1618);
#1383=AXIS2_PLACEMENT_3D('',#2097,#1619,#1620);
#1384=AXIS2_PLACEMENT_3D('',#2099,#1622,#1623);
#1385=AXIS2_PLACEMENT_3D('',#2101,#1624,#1625);
#1386=AXIS2_PLACEMENT_3D('',#2104,#1627,#1628);
#1387=AXIS2_PLACEMENT_3D('',#2105,#1629,#1630);
#1388=AXIS2_PLACEMENT_3D('',#2107,#1631,#1632);
#1389=AXIS2_PLACEMENT_3D('',#2110,#1634,#1635);
#1390=AXIS2_PLACEMENT_3D('',#2111,#1636,#1637);
#1391=AXIS2_PLACEMENT_3D('',#2112,#1638,#1639);
#1392=AXIS2_PLACEMENT_3D('',#2113,#1640,#1641);
#1393=AXIS2_PLACEMENT_3D('',#2115,#1642,#1643);
#1394=AXIS2_PLACEMENT_3D('',#2116,#1644,#1645);
#1395=AXIS2_PLACEMENT_3D('',#2118,#1646,#1647);
#1396=AXIS2_PLACEMENT_3D('',#2120,#1649,#1650);
#1397=AXIS2_PLACEMENT_3D('',#2121,#1651,#1652);
#1398=AXIS2_PLACEMENT_3D('',#2122,#1653,#1654);
#1399=AXIS2_PLACEMENT_3D('',#2129,#1655,#1656);
#1400=AXIS2_PLACEMENT_3D('',#2134,#1657,#1658);
#1401=AXIS2_PLACEMENT_3D('',#2135,#1659,#1660);
#1402=AXIS2_PLACEMENT_3D('',#2137,#1661,#1662);
#1403=AXIS2_PLACEMENT_3D('',#2139,#1663,#1664);
#1404=AXIS2_PLACEMENT_3D('',#2141,#1665,#1666);
#1405=AXIS2_PLACEMENT_3D('',#2143,#1667,#1668);
#1406=AXIS2_PLACEMENT_3D('',#2145,#1669,#1670);
#1407=AXIS2_PLACEMENT_3D('',#2147,#1671,#1672);
#1408=AXIS2_PLACEMENT_3D('',#2149,#1673,#1674);
#1409=AXIS2_PLACEMENT_3D('',#2151,#1675,#1676);
#1410=AXIS2_PLACEMENT_3D('',#2153,#1677,#1678);
#1411=AXIS2_PLACEMENT_3D('',#2155,#1679,#1680);
#1412=AXIS2_PLACEMENT_3D('',#2157,#1681,#1682);
#1413=AXIS2_PLACEMENT_3D('',#2159,#1683,#1684);
#1414=AXIS2_PLACEMENT_3D('',#2161,#1685,#1686);
#1415=AXIS2_PLACEMENT_3D('',#2163,#1687,#1688);
#1416=AXIS2_PLACEMENT_3D('',#2165,#1689,#1690);
#1417=AXIS2_PLACEMENT_3D('',#2167,#1691,#1692);
#1418=AXIS2_PLACEMENT_3D('',#2169,#1693,#1694);
#1419=AXIS2_PLACEMENT_3D('',#2171,#1695,#1696);
#1420=AXIS2_PLACEMENT_3D('',#2173,#1697,#1698);
#1421=AXIS2_PLACEMENT_3D('',#2175,#1699,#1700);
#1422=AXIS2_PLACEMENT_3D('',#2177,#1701,#1702);
#1423=AXIS2_PLACEMENT_3D('',#2179,#1703,#1704);
#1424=AXIS2_PLACEMENT_3D('',#2181,#1705,#1706);
#1425=AXIS2_PLACEMENT_3D('',#2184,#1708,#1709);
#1426=AXIS2_PLACEMENT_3D('',#2185,#1710,#1711);
#1427=AXIS2_PLACEMENT_3D('',#2186,#1712,#1713);
#1428=AXIS2_PLACEMENT_3D('',#2192,#1714,#1715);
#1429=AXIS2_PLACEMENT_3D('',#2196,#1716,#1717);
#1430=AXIS2_PLACEMENT_3D('',#2202,#1718,#1719);
#1431=AXIS2_PLACEMENT_3D('',#2206,#1720,#1721);
#1432=AXIS2_PLACEMENT_3D('',#2212,#1722,#1723);
#1433=AXIS2_PLACEMENT_3D('',#2216,#1724,#1725);
#1434=AXIS2_PLACEMENT_3D('',#2222,#1726,#1727);
#1435=AXIS2_PLACEMENT_3D('',#2226,#1728,#1729);
#1436=AXIS2_PLACEMENT_3D('',#2232,#1730,#1731);
#1437=AXIS2_PLACEMENT_3D('',#2236,#1732,#1733);
#1438=AXIS2_PLACEMENT_3D('',#2238,#1734,#1735);
#1439=AXIS2_PLACEMENT_3D('',#2241,#1737,#1738);
#1440=AXIS2_PLACEMENT_3D('',#2242,#1739,#1740);
#1441=AXIS2_PLACEMENT_3D('',#2245,#1742,#1743);
#1442=AXIS2_PLACEMENT_3D('',#2246,#1744,#1745);
#1443=AXIS2_PLACEMENT_3D('',#2247,#1746,#1747);
#1444=AXIS2_PLACEMENT_3D('',#2259,#1750,#1751);
#1445=AXIS2_PLACEMENT_3D('',#2261,#1752,#1753);
#1446=AXIS2_PLACEMENT_3D('',#2266,#1754,#1755);
#1447=AXIS2_PLACEMENT_3D('',#2267,#1756,#1757);
#1448=AXIS2_PLACEMENT_3D('',#2274,#1760,#1761);
#1449=AXIS2_PLACEMENT_3D('',#2276,#1762,#1763);
#1450=AXIS2_PLACEMENT_3D('',#2280,#1764,#1765);
#1451=AXIS2_PLACEMENT_3D('',#2288,#1768,#1769);
#1452=AXIS2_PLACEMENT_3D('',#2290,#1770,#1771);
#1453=AXIS2_PLACEMENT_3D('',#2295,#1772,#1773);
#1454=AXIS2_PLACEMENT_3D('',#2296,#1774,#1775);
#1455=AXIS2_PLACEMENT_3D('',#2303,#1778,#1779);
#1456=AXIS2_PLACEMENT_3D('',#2305,#1780,#1781);
#1457=AXIS2_PLACEMENT_3D('',#2309,#1782,#1783);
#1458=AXIS2_PLACEMENT_3D('',#2317,#1786,#1787);
#1459=AXIS2_PLACEMENT_3D('',#2319,#1788,#1789);
#1460=AXIS2_PLACEMENT_3D('',#2324,#1790,#1791);
#1461=AXIS2_PLACEMENT_3D('',#2325,#1792,#1793);
#1462=AXIS2_PLACEMENT_3D('',#2332,#1796,#1797);
#1463=AXIS2_PLACEMENT_3D('',#2334,#1798,#1799);
#1464=AXIS2_PLACEMENT_3D('',#2338,#1800,#1801);
#1465=AXIS2_PLACEMENT_3D('',#2346,#1804,#1805);
#1466=AXIS2_PLACEMENT_3D('',#2348,#1806,#1807);
#1467=AXIS2_PLACEMENT_3D('',#2353,#1808,#1809);
#1468=AXIS2_PLACEMENT_3D('',#2354,#1810,#1811);
#1469=AXIS2_PLACEMENT_3D('',#2361,#1814,#1815);
#1470=AXIS2_PLACEMENT_3D('',#2363,#1816,#1817);
#1471=AXIS2_PLACEMENT_3D('',#2367,#1818,#1819);
#1472=AXIS2_PLACEMENT_3D('',#2375,#1822,#1823);
#1473=AXIS2_PLACEMENT_3D('',#2377,#1824,#1825);
#1474=AXIS2_PLACEMENT_3D('',#2382,#1826,#1827);
#1475=AXIS2_PLACEMENT_3D('',#2383,#1828,#1829);
#1476=AXIS2_PLACEMENT_3D('',#2390,#1832,#1833);
#1477=AXIS2_PLACEMENT_3D('',#2392,#1834,#1835);
#1478=AXIS2_PLACEMENT_3D('',#2396,#1836,#1837);
#1479=AXIS2_PLACEMENT_3D('',#2404,#1840,#1841);
#1480=AXIS2_PLACEMENT_3D('',#2406,#1842,#1843);
#1481=AXIS2_PLACEMENT_3D('',#2411,#1844,#1845);
#1482=AXIS2_PLACEMENT_3D('',#2412,#1846,#1847);
#1483=AXIS2_PLACEMENT_3D('',#2419,#1850,#1851);
#1484=AXIS2_PLACEMENT_3D('',#2420,#1852,#1853);
#1485=AXIS2_PLACEMENT_3D('',#2421,#1854,#1855);
#1486=AXIS2_PLACEMENT_3D('',#2422,#1856,#1857);
#1487=AXIS2_PLACEMENT_3D('',#2424,#1858,#1859);
#1488=AXIS2_PLACEMENT_3D('',#2425,#1860,#1861);
#1489=AXIS2_PLACEMENT_3D('',#2427,#1862,#1863);
#1490=AXIS2_PLACEMENT_3D('',#2428,#1864,#1865);
#1491=AXIS2_PLACEMENT_3D('',#2430,#1866,#1867);
#1492=AXIS2_PLACEMENT_3D('',#2431,#1868,#1869);
#1493=AXIS2_PLACEMENT_3D('',#2433,#1870,#1871);
#1494=AXIS2_PLACEMENT_3D('',#2434,#1872,#1873);
#1495=AXIS2_PLACEMENT_3D('',#2436,#1874,#1875);
#1496=AXIS2_PLACEMENT_3D('',#2437,#1876,#1877);
#1497=AXIS2_PLACEMENT_3D('',#2439,#1878,#1879);
#1498=AXIS2_PLACEMENT_3D('',#2440,#1880,#1881);
#1499=AXIS2_PLACEMENT_3D('',#2442,#1882,#1883);
#1500=AXIS2_PLACEMENT_3D('',#2445,#1885,#1886);
#1501=AXIS2_PLACEMENT_3D('',#2446,#1887,#1888);
#1502=AXIS2_PLACEMENT_3D('',#2447,#1889,#1890);
#1503=AXIS2_PLACEMENT_3D('',#2450,#1892,#1893);
#1504=AXIS2_PLACEMENT_3D('',#2451,#1894,#1895);
#1505=AXIS2_PLACEMENT_3D('',#2454,#1897,#1898);
#1506=AXIS2_PLACEMENT_3D('',#2455,#1899,#1900);
#1507=AXIS2_PLACEMENT_3D('',#2458,#1902,#1903);
#1508=AXIS2_PLACEMENT_3D('',#2459,#1904,#1905);
#1509=AXIS2_PLACEMENT_3D('',#2462,#1907,#1908);
#1510=AXIS2_PLACEMENT_3D('',#2463,#1909,#1910);
#1511=AXIS2_PLACEMENT_3D('',#2466,#1912,#1913);
#1512=AXIS2_PLACEMENT_3D('',#2467,#1914,#1915);
#1513=AXIS2_PLACEMENT_3D('',#2470,#1917,#1918);
#1514=AXIS2_PLACEMENT_3D('',#2471,#1919,#1920);
#1515=AXIS2_PLACEMENT_3D('',#2472,#1921,#1922);
#1516=AXIS2_PLACEMENT_3D('',#2473,#1923,#1924);
#1517=DIRECTION('axis',(0.,0.,1.));
#1518=DIRECTION('refdir',(1.,0.,0.));
#1519=DIRECTION('axis',(0.,0.,1.));
#1520=DIRECTION('refdir',(1.,0.,0.));
#1521=DIRECTION('center_axis',(0.,0.,1.));
#1522=DIRECTION('ref_axis',(1.,0.,0.));
#1523=DIRECTION('center_axis',(0.,0.,1.));
#1524=DIRECTION('ref_axis',(1.,0.,0.));
#1525=DIRECTION('',(-0.707106657069047,8.65955904235393E-17,0.707106905304027));
#1526=DIRECTION('center_axis',(0.,0.,-1.));
#1527=DIRECTION('ref_axis',(1.,0.,0.));
#1528=DIRECTION('center_axis',(0.,0.,1.));
#1529=DIRECTION('ref_axis',(1.,0.,0.));
#1530=DIRECTION('center_axis',(0.,0.,1.));
#1531=DIRECTION('ref_axis',(-1.,0.,0.));
#1532=DIRECTION('center_axis',(0.,0.,1.));
#1533=DIRECTION('ref_axis',(-1.,0.,0.));
#1534=DIRECTION('',(0.,0.,-1.));
#1535=DIRECTION('center_axis',(0.,0.,-1.));
#1536=DIRECTION('ref_axis',(1.,0.,0.));
#1537=DIRECTION('center_axis',(0.,0.,1.));
#1538=DIRECTION('ref_axis',(-1.,0.,0.));
#1539=DIRECTION('center_axis',(0.,0.,1.));
#1540=DIRECTION('ref_axis',(-1.,0.,0.));
#1541=DIRECTION('',(0.707106781186547,-8.65956056235493E-17,0.707106781186548));
#1542=DIRECTION('center_axis',(0.,0.,-1.));
#1543=DIRECTION('ref_axis',(-1.,0.,0.));
#1544=DIRECTION('center_axis',(0.,0.,1.));
#1545=DIRECTION('ref_axis',(-1.,0.,0.));
#1546=DIRECTION('center_axis',(0.,0.,1.));
#1547=DIRECTION('ref_axis',(-1.,0.,0.));
#1548=DIRECTION('center_axis',(0.,0.,1.));
#1549=DIRECTION('ref_axis',(-1.,0.,0.));
#1550=DIRECTION('center_axis',(0.,0.,1.));
#1551=DIRECTION('ref_axis',(-1.,0.,0.));
#1552=DIRECTION('center_axis',(0.,0.,1.));
#1553=DIRECTION('ref_axis',(-1.,0.,0.));
#1554=DIRECTION('center_axis',(0.,0.,1.));
#1555=DIRECTION('ref_axis',(-1.,0.,0.));
#1556=DIRECTION('center_axis',(0.,0.,-1.));
#1557=DIRECTION('ref_axis',(-0.5,-0.866025403784439,0.));
#1558=DIRECTION('center_axis',(0.,0.,-1.));
#1559=DIRECTION('ref_axis',(-0.5,-0.866025403784439,0.));
#1560=DIRECTION('',(0.,0.,-1.));
#1561=DIRECTION('center_axis',(0.,0.,1.));
#1562=DIRECTION('ref_axis',(-0.5,-0.866025403784439,0.));
#1563=DIRECTION('center_axis',(0.,0.,1.));
#1564=DIRECTION('ref_axis',(-0.5,-0.866025403784439,0.));
#1565=DIRECTION('center_axis',(0.,0.,-1.));
#1566=DIRECTION('ref_axis',(-1.,0.,0.));
#1567=DIRECTION('center_axis',(0.,0.,-1.));
#1568=DIRECTION('ref_axis',(-1.,0.,0.));
#1569=DIRECTION('',(0.,0.,-1.));
#1570=DIRECTION('center_axis',(0.,0.,1.));
#1571=DIRECTION('ref_axis',(-1.,0.,0.));
#1572=DIRECTION('center_axis',(0.,0.,1.));
#1573=DIRECTION('ref_axis',(-1.,0.,0.));
#1574=DIRECTION('center_axis',(0.,0.,-1.));
#1575=DIRECTION('ref_axis',(-1.,0.,0.));
#1576=DIRECTION('center_axis',(0.,0.,-1.));
#1577=DIRECTION('ref_axis',(-1.,0.,0.));
#1578=DIRECTION('',(0.,0.,-1.));
#1579=DIRECTION('center_axis',(0.,0.,1.));
#1580=DIRECTION('ref_axis',(-1.,0.,0.));
#1581=DIRECTION('center_axis',(0.,0.,1.));
#1582=DIRECTION('ref_axis',(-1.,0.,0.));
#1583=DIRECTION('center_axis',(0.,0.,1.));
#1584=DIRECTION('ref_axis',(-1.,0.,0.));
#1585=DIRECTION('center_axis',(0.,0.,1.));
#1586=DIRECTION('ref_axis',(-1.,0.,0.));
#1587=DIRECTION('center_axis',(0.,0.,1.));
#1588=DIRECTION('ref_axis',(-1.,0.,0.));
#1589=DIRECTION('center_axis',(0.,0.,1.));
#1590=DIRECTION('ref_axis',(1.,0.,0.));
#1591=DIRECTION('center_axis',(0.,0.,1.));
#1592=DIRECTION('ref_axis',(1.,0.,0.));
#1593=DIRECTION('center_axis',(0.,0.,1.));
#1594=DIRECTION('ref_axis',(0.5,-0.866025403784439,0.));
#1595=DIRECTION('center_axis',(0.,0.,1.));
#1596=DIRECTION('ref_axis',(0.5,-0.866025403784439,0.));
#1597=DIRECTION('center_axis',(0.,0.,-1.));
#1598=DIRECTION('ref_axis',(-1.,0.,0.));
#1599=DIRECTION('center_axis',(0.,0.,-1.));
#1600=DIRECTION('ref_axis',(-1.,0.,0.));
#1601=DIRECTION('',(0.,0.,1.));
#1602=DIRECTION('center_axis',(0.,0.,1.));
#1603=DIRECTION('ref_axis',(-1.,0.,0.));
#1604=DIRECTION('center_axis',(0.,0.,1.));
#1605=DIRECTION('ref_axis',(-1.,0.,0.));
#1606=DIRECTION('',(0.707106781186547,-8.65956056235493E-17,0.707106781186547));
#1607=DIRECTION('center_axis',(0.,0.,-1.));
#1608=DIRECTION('ref_axis',(1.,0.,0.));
#1609=DIRECTION('center_axis',(0.,0.,-1.));
#1610=DIRECTION('ref_axis',(1.,0.,0.));
#1611=DIRECTION('',(0.,0.,-1.));
#1612=DIRECTION('center_axis',(0.,0.,-1.));
#1613=DIRECTION('ref_axis',(0.5,-0.866025403784439,0.));
#1614=DIRECTION('center_axis',(0.,0.,-1.));
#1615=DIRECTION('ref_axis',(0.5,-0.866025403784439,0.));
#1616=DIRECTION('',(0.,0.,-1.));
#1617=DIRECTION('center_axis',(0.,0.,-1.));
#1618=DIRECTION('ref_axis',(-1.,0.,0.));
#1619=DIRECTION('center_axis',(0.,0.,-1.));
#1620=DIRECTION('ref_axis',(-1.,0.,0.));
#1621=DIRECTION('',(0.,0.,-1.));
#1622=DIRECTION('center_axis',(0.,0.,-1.));
#1623=DIRECTION('ref_axis',(-1.,0.,0.));
#1624=DIRECTION('center_axis',(0.,0.,1.));
#1625=DIRECTION('ref_axis',(-1.,0.,0.));
#1626=DIRECTION('',(0.,0.,-1.));
#1627=DIRECTION('center_axis',(0.,0.,1.));
#1628=DIRECTION('ref_axis',(-1.,0.,0.));
#1629=DIRECTION('center_axis',(0.,0.,-1.));
#1630=DIRECTION('ref_axis',(-1.,0.,0.));
#1631=DIRECTION('center_axis',(0.,0.,-1.));
#1632=DIRECTION('ref_axis',(-1.,0.,0.));
#1633=DIRECTION('',(0.,0.,-1.));
#1634=DIRECTION('center_axis',(0.,0.,-1.));
#1635=DIRECTION('ref_axis',(-1.,0.,0.));
#1636=DIRECTION('center_axis',(0.,0.,1.));
#1637=DIRECTION('ref_axis',(-1.,0.,0.));
#1638=DIRECTION('center_axis',(0.,0.,1.));
#1639=DIRECTION('ref_axis',(1.,0.,0.));
#1640=DIRECTION('center_axis',(0.,0.,-1.));
#1641=DIRECTION('ref_axis',(1.,0.,0.));
#1642=DIRECTION('center_axis',(0.,0.,-1.));
#1643=DIRECTION('ref_axis',(1.,0.,0.));
#1644=DIRECTION('center_axis',(0.,0.,1.));
#1645=DIRECTION('ref_axis',(1.,0.,0.));
#1646=DIRECTION('center_axis',(0.,0.,-1.));
#1647=DIRECTION('ref_axis',(1.,0.,0.));
#1648=DIRECTION('',(0.,0.,-1.));
#1649=DIRECTION('center_axis',(0.,0.,1.));
#1650=DIRECTION('ref_axis',(1.,0.,0.));
#1651=DIRECTION('axis',(0.,0.,1.));
#1652=DIRECTION('refdir',(1.,0.,0.));
#1653=DIRECTION('center_axis',(0.,0.,-1.));
#1654=DIRECTION('ref_axis',(1.,0.,0.));
#1655=DIRECTION('center_axis',(0.,0.,-1.));
#1656=DIRECTION('ref_axis',(1.,0.,0.));
#1657=DIRECTION('center_axis',(0.,0.,1.));
#1658=DIRECTION('ref_axis',(1.,0.,0.));
#1659=DIRECTION('center_axis',(0.,0.,1.));
#1660=DIRECTION('ref_axis',(-1.,0.,0.));
#1661=DIRECTION('center_axis',(-2.49159978213519E-17,-0.996194698091746,
0.0871557427476583));
#1662=DIRECTION('ref_axis',(0.,-0.0871557427476583,-0.996194698091745));
#1663=DIRECTION('center_axis',(0.862729915662821,0.498097349045873,0.0871557427476555));
#1664=DIRECTION('ref_axis',(-0.075479087305171,-0.0435778713738278,0.996194698091746));
#1665=DIRECTION('center_axis',(0.,0.,1.));
#1666=DIRECTION('ref_axis',(-1.,0.,0.));
#1667=DIRECTION('center_axis',(-0.862729915662821,-0.498097349045873,0.087155742747659));
#1668=DIRECTION('ref_axis',(-0.0754790873051741,-0.0435778713738295,-0.996194698091745));
#1669=DIRECTION('center_axis',(0.,0.,1.));
#1670=DIRECTION('ref_axis',(-1.,0.,0.));
#1671=DIRECTION('center_axis',(0.862729915662821,-0.498097349045872,0.0871557427476558));
#1672=DIRECTION('ref_axis',(-0.0754790873051713,0.0435778713738279,0.996194698091746));
#1673=DIRECTION('center_axis',(0.,0.,1.));
#1674=DIRECTION('ref_axis',(-1.,0.,0.));
#1675=DIRECTION('center_axis',(-0.862729915662821,0.498097349045872,0.0871557427476573));
#1676=DIRECTION('ref_axis',(-0.0754790873051725,0.0435778713738286,-0.996194698091746));
#1677=DIRECTION('center_axis',(0.,0.,1.));
#1678=DIRECTION('ref_axis',(-1.,0.,0.));
#1679=DIRECTION('center_axis',(5.66838950435756E-16,-0.996194698091746,
0.0871557427476581));
#1680=DIRECTION('ref_axis',(0.,-0.0871557427476581,-0.996194698091745));
#1681=DIRECTION('center_axis',(0.,0.,1.));
#1682=DIRECTION('ref_axis',(-1.,0.,0.));
#1683=DIRECTION('center_axis',(-5.8552594880177E-16,0.996194698091746,0.0871557427476581));
#1684=DIRECTION('ref_axis',(0.,-0.0871557427476581,0.996194698091746));
#1685=DIRECTION('center_axis',(0.,0.,1.));
#1686=DIRECTION('ref_axis',(-1.,0.,0.));
#1687=DIRECTION('center_axis',(-0.862729915662821,-0.498097349045873,0.087155742747657));
#1688=DIRECTION('ref_axis',(-0.0754790873051723,-0.0435778713738285,-0.996194698091746));
#1689=DIRECTION('center_axis',(0.,0.,1.));
#1690=DIRECTION('ref_axis',(-1.,0.,0.));
#1691=DIRECTION('center_axis',(0.862729915662821,0.498097349045873,0.0871557427476587));
#1692=DIRECTION('ref_axis',(-0.0754790873051737,-0.0435778713738294,0.996194698091745));
#1693=DIRECTION('center_axis',(0.,0.,1.));
#1694=DIRECTION('ref_axis',(-1.,0.,0.));
#1695=DIRECTION('center_axis',(-0.862729915662822,0.498097349045872,0.087155742747656));
#1696=DIRECTION('ref_axis',(-0.0754790873051714,0.0435778713738279,-0.996194698091746));
#1697=DIRECTION('center_axis',(0.,0.,1.));
#1698=DIRECTION('ref_axis',(-1.,0.,0.));
#1699=DIRECTION('center_axis',(0.862729915662821,-0.498097349045872,0.0871557427476568));
#1700=DIRECTION('ref_axis',(-0.0754790873051722,0.0435778713738284,0.996194698091746));
#1701=DIRECTION('center_axis',(0.,0.,1.));
#1702=DIRECTION('ref_axis',(1.,0.,0.));
#1703=DIRECTION('center_axis',(4.36029961873658E-17,0.996194698091746,0.0871557427476577));
#1704=DIRECTION('ref_axis',(0.,-0.0871557427476577,0.996194698091746));
#1705=DIRECTION('center_axis',(0.,0.,1.));
#1706=DIRECTION('ref_axis',(-1.,0.,0.));
#1707=DIRECTION('',(0.,0.,-1.));
#1708=DIRECTION('center_axis',(0.,0.,1.));
#1709=DIRECTION('ref_axis',(-1.,0.,0.));
#1710=DIRECTION('center_axis',(0.,0.,1.));
#1711=DIRECTION('ref_axis',(-1.,0.,0.));
#1712=DIRECTION('center_axis',(0.,0.,-1.));
#1713=DIRECTION('ref_axis',(1.,0.,0.));
#1714=DIRECTION('center_axis',(0.,0.,-1.));
#1715=DIRECTION('ref_axis',(1.,0.,0.));
#1716=DIRECTION('center_axis',(0.,0.,-1.));
#1717=DIRECTION('ref_axis',(-1.,0.,0.));
#1718=DIRECTION('center_axis',(0.,0.,-1.));
#1719=DIRECTION('ref_axis',(-1.,0.,0.));
#1720=DIRECTION('center_axis',(0.,0.,-1.));
#1721=DIRECTION('ref_axis',(-1.,0.,0.));
#1722=DIRECTION('center_axis',(0.,0.,-1.));
#1723=DIRECTION('ref_axis',(-1.,0.,0.));
#1724=DIRECTION('center_axis',(0.,0.,-1.));
#1725=DIRECTION('ref_axis',(-1.,0.,0.));
#1726=DIRECTION('center_axis',(0.,0.,-1.));
#1727=DIRECTION('ref_axis',(-1.,0.,0.));
#1728=DIRECTION('center_axis',(0.,0.,-1.));
#1729=DIRECTION('ref_axis',(-1.,0.,0.));
#1730=DIRECTION('center_axis',(0.,0.,-1.));
#1731=DIRECTION('ref_axis',(-1.,0.,0.));
#1732=DIRECTION('center_axis',(0.,7.73685104942483E-16,1.));
#1733=DIRECTION('ref_axis',(-1.,-3.19980078913351E-17,0.));
#1734=DIRECTION('center_axis',(0.,0.,-1.));
#1735=DIRECTION('ref_axis',(-1.,0.,0.));
#1736=DIRECTION('',(0.737277336810124,4.55995053657748E-16,0.67559020761566));
#1737=DIRECTION('center_axis',(0.,0.,1.));
#1738=DIRECTION('ref_axis',(-1.,-6.12323399573677E-17,0.));
#1739=DIRECTION('center_axis',(0.,0.,1.));
#1740=DIRECTION('ref_axis',(-1.,0.,0.));
#1741=DIRECTION('',(0.0871557427476582,1.0673500138323E-17,0.996194698091746));
#1742=DIRECTION('center_axis',(-9.98288275314377E-32,2.14443227207762E-32,
-1.));
#1743=DIRECTION('ref_axis',(-1.,0.,0.));
#1744=DIRECTION('center_axis',(0.,0.,1.));
#1745=DIRECTION('ref_axis',(-1.,0.,0.));
#1746=DIRECTION('center_axis',(-2.49159978213519E-17,-0.996194698091746,
0.0871557427476583));
#1747=DIRECTION('ref_axis',(1.,-2.50111728852599E-17,0.));
#1748=DIRECTION('',(-1.,2.50111728852599E-17,0.));
#1749=DIRECTION('',(-1.,2.50111728852599E-17,0.));
#1750=DIRECTION('center_axis',(0.,0.,-1.));
#1751=DIRECTION('ref_axis',(-1.,0.,0.));
#1752=DIRECTION('center_axis',(0.,0.,-1.));
#1753=DIRECTION('ref_axis',(-1.,0.,0.));
#1754=DIRECTION('center_axis',(0.,0.,-1.));
#1755=DIRECTION('ref_axis',(-1.,0.,0.));
#1756=DIRECTION('center_axis',(0.862729915662821,0.498097349045873,0.0871557427476555));
#1757=DIRECTION('ref_axis',(-0.5,0.866025403784438,0.));
#1758=DIRECTION('',(0.5,-0.866025403784438,0.));
#1759=DIRECTION('',(0.5,-0.866025403784438,0.));
#1760=DIRECTION('center_axis',(0.,0.,-1.));
#1761=DIRECTION('ref_axis',(0.453990499739546,-0.891006524188368,0.));
#1762=DIRECTION('center_axis',(0.,0.,-1.));
#1763=DIRECTION('ref_axis',(0.453990499739546,-0.891006524188369,0.));
#1764=DIRECTION('center_axis',(-0.862729915662821,-0.498097349045873,0.087155742747659));
#1765=DIRECTION('ref_axis',(0.5,-0.866025403784439,0.));
#1766=DIRECTION('',(-0.5,0.866025403784439,0.));
#1767=DIRECTION('',(-0.5,0.866025403784439,0.));
#1768=DIRECTION('center_axis',(0.,0.,-1.));
#1769=DIRECTION('ref_axis',(-1.,0.,0.));
#1770=DIRECTION('center_axis',(0.,0.,-1.));
#1771=DIRECTION('ref_axis',(-1.,0.,0.));
#1772=DIRECTION('center_axis',(0.,0.,-1.));
#1773=DIRECTION('ref_axis',(-1.,0.,0.));
#1774=DIRECTION('center_axis',(0.862729915662821,-0.498097349045872,0.0871557427476558));
#1775=DIRECTION('ref_axis',(0.499999999999999,0.866025403784439,0.));
#1776=DIRECTION('',(-0.499999999999999,-0.866025403784439,0.));
#1777=DIRECTION('',(-0.499999999999999,-0.866025403784439,0.));
#1778=DIRECTION('center_axis',(0.,0.,-1.));
#1779=DIRECTION('ref_axis',(-0.544639035015028,-0.838670567945423,0.));
#1780=DIRECTION('center_axis',(0.,0.,-1.));
#1781=DIRECTION('ref_axis',(-0.544639035015028,-0.838670567945423,0.));
#1782=DIRECTION('center_axis',(-0.862729915662821,0.498097349045872,0.0871557427476573));
#1783=DIRECTION('ref_axis',(-0.5,-0.866025403784439,0.));
#1784=DIRECTION('',(0.5,0.866025403784439,0.));
#1785=DIRECTION('',(0.5,0.866025403784439,0.));
#1786=DIRECTION('center_axis',(0.,0.,-1.));
#1787=DIRECTION('ref_axis',(-1.,0.,0.));
#1788=DIRECTION('center_axis',(0.,0.,-1.));
#1789=DIRECTION('ref_axis',(-1.,0.,0.));
#1790=DIRECTION('center_axis',(0.,0.,-1.));
#1791=DIRECTION('ref_axis',(-1.,0.,0.));
#1792=DIRECTION('center_axis',(5.66838950435756E-16,-0.996194698091746,
0.0871557427476581));
#1793=DIRECTION('ref_axis',(1.,5.69004183139662E-16,0.));
#1794=DIRECTION('',(-1.,-5.69004183139662E-16,0.));
#1795=DIRECTION('',(-1.,-5.69004183139662E-16,0.));
#1796=DIRECTION('center_axis',(0.,0.,-1.));
#1797=DIRECTION('ref_axis',(-0.998629534754574,0.0523359562429447,0.));
#1798=DIRECTION('center_axis',(0.,0.,-1.));
#1799=DIRECTION('ref_axis',(-0.998629534754574,0.0523359562429447,0.));
#1800=DIRECTION('center_axis',(-5.8552594880177E-16,0.996194698091746,0.0871557427476581));
#1801=DIRECTION('ref_axis',(-1.,-5.87762562803607E-16,0.));
#1802=DIRECTION('',(1.,5.87762562803607E-16,0.));
#1803=DIRECTION('',(1.,5.87762562803607E-16,0.));
#1804=DIRECTION('center_axis',(0.,0.,-1.));
#1805=DIRECTION('ref_axis',(-1.,0.,0.));
#1806=DIRECTION('center_axis',(0.,0.,-1.));
#1807=DIRECTION('ref_axis',(-1.,0.,0.));
#1808=DIRECTION('center_axis',(0.,0.,-1.));
#1809=DIRECTION('ref_axis',(-1.,0.,0.));
#1810=DIRECTION('center_axis',(-0.862729915662821,-0.498097349045873,0.087155742747657));
#1811=DIRECTION('ref_axis',(0.500000000000001,-0.866025403784438,0.));
#1812=DIRECTION('',(-0.500000000000001,0.866025403784438,0.));
#1813=DIRECTION('',(-0.500000000000001,0.866025403784438,0.));
#1814=DIRECTION('center_axis',(0.,0.,-1.));
#1815=DIRECTION('ref_axis',(-0.453990499739546,0.891006524188368,0.));
#1816=DIRECTION('center_axis',(0.,0.,-1.));
#1817=DIRECTION('ref_axis',(-0.453990499739546,0.891006524188368,0.));
#1818=DIRECTION('center_axis',(0.862729915662821,0.498097349045873,0.0871557427476587));
#1819=DIRECTION('ref_axis',(-0.5,0.866025403784438,0.));
#1820=DIRECTION('',(0.5,-0.866025403784438,0.));
#1821=DIRECTION('',(0.5,-0.866025403784438,0.));
#1822=DIRECTION('center_axis',(0.,0.,-1.));
#1823=DIRECTION('ref_axis',(-1.,0.,0.));
#1824=DIRECTION('center_axis',(0.,0.,-1.));
#1825=DIRECTION('ref_axis',(-1.,0.,0.));
#1826=DIRECTION('center_axis',(0.,0.,-1.));
#1827=DIRECTION('ref_axis',(-1.,0.,0.));
#1828=DIRECTION('center_axis',(-0.862729915662822,0.498097349045872,0.087155742747656));
#1829=DIRECTION('ref_axis',(-0.499999999999999,-0.866025403784439,0.));
#1830=DIRECTION('',(0.499999999999999,0.866025403784439,0.));
#1831=DIRECTION('',(0.499999999999999,0.866025403784439,0.));
#1832=DIRECTION('center_axis',(0.,0.,-1.));
#1833=DIRECTION('ref_axis',(0.544639035015028,0.838670567945424,0.));
#1834=DIRECTION('center_axis',(0.,0.,-1.));
#1835=DIRECTION('ref_axis',(0.544639035015028,0.838670567945424,0.));
#1836=DIRECTION('center_axis',(0.862729915662821,-0.498097349045872,0.0871557427476568));
#1837=DIRECTION('ref_axis',(0.5,0.866025403784439,0.));
#1838=DIRECTION('',(-0.5,-0.866025403784439,0.));
#1839=DIRECTION('',(-0.5,-0.866025403784439,0.));
#1840=DIRECTION('center_axis',(0.,0.,-1.));
#1841=DIRECTION('ref_axis',(-1.,0.,0.));
#1842=DIRECTION('center_axis',(0.,0.,-1.));
#1843=DIRECTION('ref_axis',(-1.,0.,0.));
#1844=DIRECTION('center_axis',(0.,0.,-1.));
#1845=DIRECTION('ref_axis',(-1.,0.,0.));
#1846=DIRECTION('center_axis',(4.36029961873658E-17,0.996194698091746,0.0871557427476577));
#1847=DIRECTION('ref_axis',(-1.,4.37695525492048E-17,0.));
#1848=DIRECTION('',(1.,-4.37695525492048E-17,0.));
#1849=DIRECTION('',(1.,-4.37695525492048E-17,0.));
#1850=DIRECTION('center_axis',(0.,0.,-1.));
#1851=DIRECTION('ref_axis',(0.998629534754574,-0.0523359562429453,0.));
#1852=DIRECTION('center_axis',(0.,0.,-1.));
#1853=DIRECTION('ref_axis',(0.998629534754574,-0.0523359562429453,0.));
#1854=DIRECTION('center_axis',(9.98288275314377E-32,-2.14443227207762E-32,
1.));
#1855=DIRECTION('ref_axis',(1.,0.,-9.98288275314377E-32));
#1856=DIRECTION('center_axis',(0.,0.,1.));
#1857=DIRECTION('ref_axis',(-1.,0.,0.));
#1858=DIRECTION('center_axis',(0.,0.,-1.));
#1859=DIRECTION('ref_axis',(-1.,0.,0.));
#1860=DIRECTION('center_axis',(0.,0.,1.));
#1861=DIRECTION('ref_axis',(-1.,0.,0.));
#1862=DIRECTION('center_axis',(0.,0.,-1.));
#1863=DIRECTION('ref_axis',(-1.,0.,0.));
#1864=DIRECTION('center_axis',(0.,0.,1.));
#1865=DIRECTION('ref_axis',(-1.,0.,0.));
#1866=DIRECTION('center_axis',(0.,0.,-1.));
#1867=DIRECTION('ref_axis',(-1.,0.,0.));
#1868=DIRECTION('center_axis',(0.,0.,1.));
#1869=DIRECTION('ref_axis',(-1.,0.,0.));
#1870=DIRECTION('center_axis',(0.,0.,-1.));
#1871=DIRECTION('ref_axis',(-1.,0.,0.));
#1872=DIRECTION('center_axis',(0.,0.,1.));
#1873=DIRECTION('ref_axis',(-1.,0.,0.));
#1874=DIRECTION('center_axis',(0.,0.,-1.));
#1875=DIRECTION('ref_axis',(-1.,0.,0.));
#1876=DIRECTION('center_axis',(0.,0.,1.));
#1877=DIRECTION('ref_axis',(-1.,0.,0.));
#1878=DIRECTION('center_axis',(0.,0.,-1.));
#1879=DIRECTION('ref_axis',(-1.,0.,0.));
#1880=DIRECTION('center_axis',(0.,0.,-1.));
#1881=DIRECTION('ref_axis',(1.,0.,0.));
#1882=DIRECTION('center_axis',(0.,0.,1.));
#1883=DIRECTION('ref_axis',(1.,0.,0.));
#1884=DIRECTION('',(0.707106781186548,-8.65956056235493E-17,0.707106781186548));
#1885=DIRECTION('center_axis',(0.,0.,1.));
#1886=DIRECTION('ref_axis',(1.,0.,0.));
#1887=DIRECTION('center_axis',(0.,0.,-1.));
#1888=DIRECTION('ref_axis',(1.,0.,0.));
#1889=DIRECTION('center_axis',(0.,0.,1.));
#1890=DIRECTION('ref_axis',(-1.,0.,0.));
#1891=DIRECTION('',(0.,0.,-1.));
#1892=DIRECTION('center_axis',(0.,0.,-1.));
#1893=DIRECTION('ref_axis',(-1.,0.,0.));
#1894=DIRECTION('center_axis',(0.,0.,1.));
#1895=DIRECTION('ref_axis',(-1.,0.,0.));
#1896=DIRECTION('',(0.,0.,-1.));
#1897=DIRECTION('center_axis',(0.,0.,-1.));
#1898=DIRECTION('ref_axis',(-1.,0.,0.));
#1899=DIRECTION('center_axis',(0.,0.,1.));
#1900=DIRECTION('ref_axis',(-1.,0.,0.));
#1901=DIRECTION('',(0.,0.,-1.));
#1902=DIRECTION('center_axis',(0.,0.,-1.));
#1903=DIRECTION('ref_axis',(-1.,0.,0.));
#1904=DIRECTION('center_axis',(0.,0.,1.));
#1905=DIRECTION('ref_axis',(-1.,0.,0.));
#1906=DIRECTION('',(0.,0.,-1.));
#1907=DIRECTION('center_axis',(0.,0.,-1.));
#1908=DIRECTION('ref_axis',(-1.,0.,0.));
#1909=DIRECTION('center_axis',(0.,0.,1.));
#1910=DIRECTION('ref_axis',(-1.,0.,0.));
#1911=DIRECTION('',(0.,0.,-1.));
#1912=DIRECTION('center_axis',(0.,0.,-1.));
#1913=DIRECTION('ref_axis',(-1.,0.,0.));
#1914=DIRECTION('center_axis',(0.,0.,1.));
#1915=DIRECTION('ref_axis',(-1.,0.,0.));
#1916=DIRECTION('',(0.,0.,-1.));
#1917=DIRECTION('center_axis',(0.,0.,-1.));
#1918=DIRECTION('ref_axis',(-1.,0.,0.));
#1919=DIRECTION('center_axis',(0.,0.,1.));
#1920=DIRECTION('ref_axis',(-1.,0.,0.));
#1921=DIRECTION('',(0.,0.,1.));
#1922=DIRECTION('',(1.,0.,0.));
#1923=DIRECTION('',(0.,0.,1.));
#1924=DIRECTION('',(1.,0.,0.));
#1925=CARTESIAN_POINT('',(0.,0.,0.));
#1926=CARTESIAN_POINT('',(0.,0.,0.));
#1927=CARTESIAN_POINT('Origin',(0.,0.,-0.0500000000000031));
#1928=CARTESIAN_POINT('',(-1.00000003510573,-1.22464684213947E-16,-0.1));
#1929=CARTESIAN_POINT('Origin',(0.,0.,-0.1));
#1930=CARTESIAN_POINT('',(-1.1,1.34711147906209E-16,-6.16304907370658E-15));
#1931=CARTESIAN_POINT('',(-1.05000001755286,1.28587916060078E-16,-0.0500000000000031));
#1932=CARTESIAN_POINT('Origin',(0.,0.,-6.16304907370658E-15));
#1933=CARTESIAN_POINT('Origin',(0.,0.,0.));
#1934=CARTESIAN_POINT('',(1.1,1.34711147906209E-16,0.4));
#1935=CARTESIAN_POINT('',(-1.1,-1.34711147906209E-16,0.4));
#1936=CARTESIAN_POINT('Origin',(0.,0.,0.4));
#1937=CARTESIAN_POINT('Origin',(0.,0.,0.4));
#1938=CARTESIAN_POINT('',(-1.1,-1.34711147906209E-16,0.));
#1939=CARTESIAN_POINT('Origin',(0.,0.,-0.1));
#1940=CARTESIAN_POINT('Origin',(0.,0.,0.55));
#1941=CARTESIAN_POINT('',(1.45199327924621,-0.783719029387345,0.5));
#1942=CARTESIAN_POINT('',(1.40471722850183,-0.865603551257818,0.5));
#1943=CARTESIAN_POINT('Ctrl Pts',(1.45199327924621,-0.783719029387345,0.5));
#1944=CARTESIAN_POINT('Ctrl Pts',(1.45195081976205,-0.784253016367582,0.500216269619529));
#1945=CARTESIAN_POINT('Ctrl Pts',(1.45190438990246,-0.784787567023623,0.500429531429764));
#1946=CARTESIAN_POINT('Ctrl Pts',(1.45113435462427,-0.792957054920799,0.503639016900051));
#1947=CARTESIAN_POINT('Ctrl Pts',(1.44958722952675,-0.800701390205469,0.506008972865938));
#1948=CARTESIAN_POINT('Ctrl Pts',(1.44480203283534,-0.815792983475039,0.50918985408513));
#1949=CARTESIAN_POINT('Ctrl Pts',(1.44156277589867,-0.823140029843474,0.51));
#1950=CARTESIAN_POINT('Ctrl Pts',(1.43364156466566,-0.836859970156526,0.51));
#1951=CARTESIAN_POINT('Ctrl Pts',(1.42889846433615,-0.843338772137287,0.50918985408513));
#1952=CARTESIAN_POINT('Ctrl Pts',(1.41822135952683,-0.85502867066894,0.506008972865938));
#1953=CARTESIAN_POINT('Ctrl Pts',(1.41228813098364,-0.860240687948556,0.503639016900051));
#1954=CARTESIAN_POINT('Ctrl Pts',(1.40559816456787,-0.864992302009866,0.500429531429764));
#1955=CARTESIAN_POINT('Ctrl Pts',(1.40515844504993,-0.865299786775789,0.500216269619529));
#1956=CARTESIAN_POINT('Ctrl Pts',(1.40471722850183,-0.865603551257818,0.5));
#1957=CARTESIAN_POINT('',(1.65,-2.02066721859313E-16,0.5));
#1958=CARTESIAN_POINT('Origin',(0.,0.,0.5));
#1959=CARTESIAN_POINT('',(1.75,-2.14313189850787E-16,0.6));
#1960=CARTESIAN_POINT('',(1.7,-2.0818995585505E-16,0.55));
#1961=CARTESIAN_POINT('Origin',(0.,0.,0.6));
#1962=CARTESIAN_POINT('',(1.45199327924621,0.783719029387343,0.5));
#1963=CARTESIAN_POINT('Origin',(0.,0.,0.5));
#1964=CARTESIAN_POINT('',(1.40471722850183,0.865603551257816,0.5));
#1965=CARTESIAN_POINT('Ctrl Pts',(1.40471722850183,0.865603551257817,0.5));
#1966=CARTESIAN_POINT('Ctrl Pts',(1.40515844504993,0.865299786775788,0.500216269619529));
#1967=CARTESIAN_POINT('Ctrl Pts',(1.40559816456787,0.864992302009864,0.500429531429764));
#1968=CARTESIAN_POINT('Ctrl Pts',(1.41228813098364,0.860240687948554,0.503639016900051));
#1969=CARTESIAN_POINT('Ctrl Pts',(1.41822135952683,0.855028670668938,0.506008972865938));
#1970=CARTESIAN_POINT('Ctrl Pts',(1.42889846433615,0.843338772137285,0.50918985408513));
#1971=CARTESIAN_POINT('Ctrl Pts',(1.43364156466567,0.836859970156525,0.51));
#1972=CARTESIAN_POINT('Ctrl Pts',(1.44156277589867,0.823140029843473,0.51));
#1973=CARTESIAN_POINT('Ctrl Pts',(1.44480203283534,0.815792983475037,0.50918985408513));
#1974=CARTESIAN_POINT('Ctrl Pts',(1.44958722952676,0.800701390205467,0.506008972865938));
#1975=CARTESIAN_POINT('Ctrl Pts',(1.45113435462427,0.792957054920798,0.503639016900051));
#1976=CARTESIAN_POINT('Ctrl Pts',(1.45190438990246,0.784787567023621,0.500429531429764));
#1977=CARTESIAN_POINT('Ctrl Pts',(1.45195081976205,0.78425301636758,0.500216269619529));
#1978=CARTESIAN_POINT('Ctrl Pts',(1.45199327924621,0.783719029387343,0.5));
#1979=CARTESIAN_POINT('',(0.0472760507443818,1.64932258064516,0.5));
#1980=CARTESIAN_POINT('Origin',(0.,0.,0.5));
#1981=CARTESIAN_POINT('',(-0.0472760507443818,1.64932258064516,0.5));
#1982=CARTESIAN_POINT('Ctrl Pts',(-0.0472760507443818,1.64932258064516,
0.5));
#1983=CARTESIAN_POINT('Ctrl Pts',(-0.0467923747121284,1.64955280314337,
0.500216269619529));
#1984=CARTESIAN_POINT('Ctrl Pts',(-0.0463062253345905,1.64977986903349,
0.500429531429764));
#1985=CARTESIAN_POINT('Ctrl Pts',(-0.0388462236406313,1.65319774286935,
0.503639016900051));
#1986=CARTESIAN_POINT('Ctrl Pts',(-0.0313658699999254,1.65573006087441,
0.506008972865938));
#1987=CARTESIAN_POINT('Ctrl Pts',(-0.0159035684991892,1.65913175561232,
0.50918985408513));
#1988=CARTESIAN_POINT('Ctrl Pts',(-0.00792121123300628,1.66,0.51));
#1989=CARTESIAN_POINT('Ctrl Pts',(0.00792121123300628,1.66,0.51));
#1990=CARTESIAN_POINT('Ctrl Pts',(0.0159035684991893,1.65913175561232,0.50918985408513));
#1991=CARTESIAN_POINT('Ctrl Pts',(0.0313658699999255,1.65573006087441,0.506008972865938));
#1992=CARTESIAN_POINT('Ctrl Pts',(0.0388462236406312,1.65319774286935,0.503639016900051));
#1993=CARTESIAN_POINT('Ctrl Pts',(0.0463062253345904,1.64977986903349,0.500429531429764));
#1994=CARTESIAN_POINT('Ctrl Pts',(0.0467923747121284,1.64955280314337,0.500216269619529));
#1995=CARTESIAN_POINT('Ctrl Pts',(0.0472760507443818,1.64932258064516,0.5));
#1996=CARTESIAN_POINT('',(-1.40471722850183,0.865603551257818,0.5));
#1997=CARTESIAN_POINT('Origin',(0.,0.,0.5));
#1998=CARTESIAN_POINT('',(-1.45199327924621,0.783719029387344,0.5));
#1999=CARTESIAN_POINT('Ctrl Pts',(-1.45199327924621,0.783719029387344,0.5));
#2000=CARTESIAN_POINT('Ctrl Pts',(-1.45195081976205,0.784253016367581,0.500216269619529));
#2001=CARTESIAN_POINT('Ctrl Pts',(-1.45190438990246,0.784787567023622,0.500429531429764));
#2002=CARTESIAN_POINT('Ctrl Pts',(-1.45113435462427,0.792957054920799,0.503639016900051));
#2003=CARTESIAN_POINT('Ctrl Pts',(-1.44958722952675,0.800701390205468,0.506008972865938));
#2004=CARTESIAN_POINT('Ctrl Pts',(-1.44480203283534,0.815792983475039,0.50918985408513));
#2005=CARTESIAN_POINT('Ctrl Pts',(-1.44156277589867,0.823140029843474,0.51));
#2006=CARTESIAN_POINT('Ctrl Pts',(-1.43364156466567,0.836859970156526,0.51));
#2007=CARTESIAN_POINT('Ctrl Pts',(-1.42889846433615,0.843338772137286,0.50918985408513));
#2008=CARTESIAN_POINT('Ctrl Pts',(-1.41822135952683,0.85502867066894,0.506008972865938));
#2009=CARTESIAN_POINT('Ctrl Pts',(-1.41228813098364,0.860240687948555,0.503639016900051));
#2010=CARTESIAN_POINT('Ctrl Pts',(-1.40559816456787,0.864992302009865,0.500429531429764));
#2011=CARTESIAN_POINT('Ctrl Pts',(-1.40515844504993,0.865299786775789,0.500216269619529));
#2012=CARTESIAN_POINT('Ctrl Pts',(-1.40471722850183,0.865603551257818,0.5));
#2013=CARTESIAN_POINT('',(-1.45199327924621,-0.783719029387344,0.5));
#2014=CARTESIAN_POINT('Origin',(0.,0.,0.5));
#2015=CARTESIAN_POINT('',(-1.40471722850183,-0.865603551257817,0.5));
#2016=CARTESIAN_POINT('Ctrl Pts',(-1.40471722850183,-0.865603551257817,
0.5));
#2017=CARTESIAN_POINT('Ctrl Pts',(-1.40515844504993,-0.865299786775788,
0.500216269619529));
#2018=CARTESIAN_POINT('Ctrl Pts',(-1.40559816456787,-0.864992302009865,
0.500429531429764));
#2019=CARTESIAN_POINT('Ctrl Pts',(-1.41228813098364,-0.860240687948555,
0.503639016900051));
#2020=CARTESIAN_POINT('Ctrl Pts',(-1.41822135952683,-0.855028670668939,
0.506008972865938));
#2021=CARTESIAN_POINT('Ctrl Pts',(-1.42889846433615,-0.843338772137286,
0.50918985408513));
#2022=CARTESIAN_POINT('Ctrl Pts',(-1.43364156466567,-0.836859970156526,
0.51));
#2023=CARTESIAN_POINT('Ctrl Pts',(-1.44156277589867,-0.823140029843473,
0.51));
#2024=CARTESIAN_POINT('Ctrl Pts',(-1.44480203283534,-0.815792983475038,
0.50918985408513));
#2025=CARTESIAN_POINT('Ctrl Pts',(-1.44958722952676,-0.800701390205468,
0.506008972865938));
#2026=CARTESIAN_POINT('Ctrl Pts',(-1.45113435462427,-0.792957054920798,
0.503639016900051));
#2027=CARTESIAN_POINT('Ctrl Pts',(-1.45190438990246,-0.784787567023621,
0.500429531429764));
#2028=CARTESIAN_POINT('Ctrl Pts',(-1.45195081976205,-0.784253016367581,
0.500216269619529));
#2029=CARTESIAN_POINT('Ctrl Pts',(-1.45199327924621,-0.783719029387344,
0.5));
#2030=CARTESIAN_POINT('',(-0.047276050744382,-1.64932258064516,0.5));
#2031=CARTESIAN_POINT('Origin',(0.,0.,0.5));
#2032=CARTESIAN_POINT('',(0.0472760507443816,-1.64932258064516,0.5));
#2033=CARTESIAN_POINT('Ctrl Pts',(0.0472760507443816,-1.64932258064516,
0.5));
#2034=CARTESIAN_POINT('Ctrl Pts',(0.0467923747121282,-1.64955280314337,
0.500216269619529));
#2035=CARTESIAN_POINT('Ctrl Pts',(0.0463062253345903,-1.64977986903349,
0.500429531429764));
#2036=CARTESIAN_POINT('Ctrl Pts',(0.0388462236406311,-1.65319774286935,
0.503639016900051));
#2037=CARTESIAN_POINT('Ctrl Pts',(0.0313658699999255,-1.65573006087441,
0.506008972865938));
#2038=CARTESIAN_POINT('Ctrl Pts',(0.0159035684991893,-1.65913175561232,
0.50918985408513));
#2039=CARTESIAN_POINT('Ctrl Pts',(0.0079212112330061,-1.66,0.51));
#2040=CARTESIAN_POINT('Ctrl Pts',(-0.00792121123300647,-1.66,0.51));
#2041=CARTESIAN_POINT('Ctrl Pts',(-0.0159035684991895,-1.65913175561232,
0.50918985408513));
#2042=CARTESIAN_POINT('Ctrl Pts',(-0.0313658699999257,-1.65573006087441,
0.506008972865938));
#2043=CARTESIAN_POINT('Ctrl Pts',(-0.0388462236406314,-1.65319774286935,
0.503639016900051));
#2044=CARTESIAN_POINT('Ctrl Pts',(-0.0463062253345906,-1.64977986903349,
0.500429531429764));
#2045=CARTESIAN_POINT('Ctrl Pts',(-0.0467923747121286,-1.64955280314337,
0.500216269619529));
#2046=CARTESIAN_POINT('Ctrl Pts',(-0.047276050744382,-1.64932258064516,
0.5));
#2047=CARTESIAN_POINT('Origin',(0.,0.,0.5));
#2048=CARTESIAN_POINT('Origin',(-1.34233937586588,0.775,0.75));
#2049=CARTESIAN_POINT('',(-1.28733937586588,0.870262794416288,0.75));
#2050=CARTESIAN_POINT('Origin',(-1.34233937586588,0.775,0.75));
#2051=CARTESIAN_POINT('',(-1.28733937586588,0.870262794416288,0.5));
#2052=CARTESIAN_POINT('',(-1.28733937586588,0.870262794416288,0.75));
#2053=CARTESIAN_POINT('Origin',(-1.34233937586588,0.775,0.5));
#2054=CARTESIAN_POINT('Origin',(-1.34233937586588,0.775,0.5));
#2055=CARTESIAN_POINT('Origin',(0.,1.55,0.75));
#2056=CARTESIAN_POINT('',(0.11,1.55,0.75));
#2057=CARTESIAN_POINT('Origin',(0.,1.55,0.75));
#2058=CARTESIAN_POINT('',(0.11,1.55,0.5));
#2059=CARTESIAN_POINT('',(0.11,1.55,0.75));
#2060=CARTESIAN_POINT('Origin',(0.,1.55,0.5));
#2061=CARTESIAN_POINT('Origin',(0.,1.55,0.5));
#2062=CARTESIAN_POINT('Origin',(1.34233937586588,0.774999999999999,0.75));
#2063=CARTESIAN_POINT('',(1.45233937586588,0.774999999999999,0.75));
#2064=CARTESIAN_POINT('Origin',(1.34233937586588,0.774999999999999,0.75));
#2065=CARTESIAN_POINT('',(1.45233937586588,0.774999999999999,0.5));
#2066=CARTESIAN_POINT('',(1.45233937586588,0.774999999999999,0.75));
#2067=CARTESIAN_POINT('Origin',(1.34233937586588,0.774999999999999,0.5));
#2068=CARTESIAN_POINT('Origin',(1.34233937586588,0.774999999999999,0.5));
#2069=CARTESIAN_POINT('Origin',(0.,0.,0.5));
#2070=CARTESIAN_POINT('',(1.45233937586588,-0.775,0.5));
#2071=CARTESIAN_POINT('Origin',(1.34233937586588,-0.775,0.5));
#2072=CARTESIAN_POINT('Origin',(1.34233937586588,-0.775,0.5));
#2073=CARTESIAN_POINT('',(-0.11,-1.55,0.5));
#2074=CARTESIAN_POINT('Origin',(-1.8982025386784E-16,-1.55,0.5));
#2075=CARTESIAN_POINT('Origin',(-1.8982025386784E-16,-1.55,0.5));
#2076=CARTESIAN_POINT('',(-1.39733937586588,-0.679737205583711,0.5));
#2077=CARTESIAN_POINT('Origin',(-1.34233937586588,-0.775,0.5));
#2078=CARTESIAN_POINT('Origin',(-1.34233937586588,-0.775,0.5));
#2079=CARTESIAN_POINT('',(1.2,-1.46957615897682E-16,0.5));
#2080=CARTESIAN_POINT('Origin',(0.,0.,0.5));
#2081=CARTESIAN_POINT('Origin',(0.,0.,0.75));
#2082=CARTESIAN_POINT('',(1.75,2.14313189850787E-16,0.75));
#2083=CARTESIAN_POINT('',(1.75,-2.14313189850787E-16,0.75));
#2084=CARTESIAN_POINT('Origin',(0.,0.,0.75));
#2085=CARTESIAN_POINT('Origin',(0.,0.,0.45));
#2086=CARTESIAN_POINT('',(1.15,-1.40834381901946E-16,0.45));
#2087=CARTESIAN_POINT('Origin',(-1.8982025386784E-16,-1.55,0.75));
#2088=CARTESIAN_POINT('',(-0.11,-1.55,0.75));
#2089=CARTESIAN_POINT('Origin',(-1.8982025386784E-16,-1.55,0.75));
#2090=CARTESIAN_POINT('',(-0.11,-1.55,0.75));
#2091=CARTESIAN_POINT('Origin',(-1.34233937586588,-0.775,0.75));
#2092=CARTESIAN_POINT('',(-1.39733937586588,-0.679737205583711,0.75));
#2093=CARTESIAN_POINT('Origin',(-1.34233937586588,-0.775,0.75));
#2094=CARTESIAN_POINT('',(-1.39733937586588,-0.679737205583711,0.75));
#2095=CARTESIAN_POINT('Origin',(1.34233937586588,-0.775,0.75));
#2096=CARTESIAN_POINT('',(1.45233937586588,-0.775,0.75));
#2097=CARTESIAN_POINT('Origin',(1.34233937586588,-0.775,0.75));
#2098=CARTESIAN_POINT('',(1.45233937586588,-0.775,0.75));
#2099=CARTESIAN_POINT('Origin',(0.,0.,0.75));
#2100=CARTESIAN_POINT('',(1.125,1.37772764904077E-16,0.75));
#2101=CARTESIAN_POINT('Origin',(0.,0.,0.75));
#2102=CARTESIAN_POINT('',(1.125,1.37772764904077E-16,0.609));
#2103=CARTESIAN_POINT('',(1.125,-1.37772764904077E-16,0.75));
#2104=CARTESIAN_POINT('Origin',(0.,0.,0.609));
#2105=CARTESIAN_POINT('Origin',(0.,0.,0.75));
#2106=CARTESIAN_POINT('',(1.387,1.69858511041738E-16,0.75));
#2107=CARTESIAN_POINT('Origin',(0.,0.,0.75));
#2108=CARTESIAN_POINT('',(1.387,1.69858511041738E-16,0.609));
#2109=CARTESIAN_POINT('',(1.387,-1.69858511041738E-16,0.75));
#2110=CARTESIAN_POINT('Origin',(0.,0.,0.609));
#2111=CARTESIAN_POINT('Origin',(0.,0.,0.609));
#2112=CARTESIAN_POINT('Origin',(0.,0.,0.75));
#2113=CARTESIAN_POINT('Origin',(0.,0.,0.));
#2114=CARTESIAN_POINT('',(-1.025,-1.25526296912604E-16,0.));
#2115=CARTESIAN_POINT('Origin',(0.,0.,0.));
#2116=CARTESIAN_POINT('Origin',(0.,0.,0.));
#2117=CARTESIAN_POINT('',(-1.025,-1.25526296912604E-16,0.75));
#2118=CARTESIAN_POINT('Origin',(0.,0.,0.75));
#2119=CARTESIAN_POINT('',(-1.025,-1.25526296912604E-16,0.));
#2120=CARTESIAN_POINT('Origin',(0.,0.,0.75));
#2121=CARTESIAN_POINT('',(0.,0.,0.));
#2122=CARTESIAN_POINT('Origin',(0.,0.,0.95));
#2123=CARTESIAN_POINT('',(1.74712121177012,-0.100336789777747,0.9));
#2124=CARTESIAN_POINT('',(1.64745611543454,-0.0915879234251543,1.));
#2125=CARTESIAN_POINT('Ctrl Pts',(1.64745611543541,-0.091587923425232,0.999999999999111));
#2126=CARTESIAN_POINT('Ctrl Pts',(1.69582700049755,-0.0958339228550868,
0.951468004438376));
#2127=CARTESIAN_POINT('Ctrl Pts',(1.74712121177014,-0.100336789777745,0.900000000000015));
#2128=CARTESIAN_POINT('',(0.903045526083315,-1.38094488587377,1.));
#2129=CARTESIAN_POINT('Origin',(0.,0.,1.));
#2130=CARTESIAN_POINT('',(0.960454814766765,-1.46288295799471,0.9));
#2131=CARTESIAN_POINT('Ctrl Pts',(0.960454814766771,-1.46288295799472,0.900000000000016));
#2132=CARTESIAN_POINT('Ctrl Pts',(0.930908111986552,-1.42071230142827,0.951468004436712));
#2133=CARTESIAN_POINT('Ctrl Pts',(0.903045526083817,-1.38094488587448,0.999999999999112));
#2134=CARTESIAN_POINT('Origin',(0.,0.,0.9));
#2135=CARTESIAN_POINT('Origin',(0.,0.,0.75));
#2136=CARTESIAN_POINT('',(1.7476016858205,-0.0915879234251543,1.));
#2137=CARTESIAN_POINT('Origin',(0.,0.,2.04685475505081));
#2138=CARTESIAN_POINT('',(0.953118311276297,-1.46767349390449,1.));
#2139=CARTESIAN_POINT('Origin',(0.,0.,2.0468547550508));
#2140=CARTESIAN_POINT('',(0.794483374544204,-1.55926141732964,1.));
#2141=CARTESIAN_POINT('Origin',(0.,0.,1.));
#2142=CARTESIAN_POINT('',(0.786666397003353,-1.56321974777245,0.9));
#2143=CARTESIAN_POINT('Origin',(0.,0.,2.04685475505081));
#2144=CARTESIAN_POINT('',(-0.786666397003356,-1.56321974777245,0.9));
#2145=CARTESIAN_POINT('Origin',(0.,0.,0.9));
#2146=CARTESIAN_POINT('',(-0.794483374544207,-1.55926141732964,1.));
#2147=CARTESIAN_POINT('Origin',(0.,0.,2.0468547550508));
#2148=CARTESIAN_POINT('',(-0.953118311276298,-1.46767349390449,1.));
#2149=CARTESIAN_POINT('Origin',(0.,0.,1.));
#2150=CARTESIAN_POINT('',(-0.960454814766767,-1.4628829579947,0.9));
#2151=CARTESIAN_POINT('Origin',(0.,0.,2.04685475505082));
#2152=CARTESIAN_POINT('',(-1.74712121177012,-0.100336789777744,0.9));
#2153=CARTESIAN_POINT('Origin',(0.,0.,0.9));
#2154=CARTESIAN_POINT('',(-1.7476016858205,-0.0915879234251528,1.));
#2155=CARTESIAN_POINT('Origin',(0.,0.,2.04685475505077));
#2156=CARTESIAN_POINT('',(-1.7476016858205,0.0915879234251532,1.));
#2157=CARTESIAN_POINT('Origin',(0.,0.,1.));
#2158=CARTESIAN_POINT('',(-1.74712121177012,0.100336789777746,0.9));
#2159=CARTESIAN_POINT('Origin',(0.,0.,2.04685475505081));
#2160=CARTESIAN_POINT('',(-0.960454814766765,1.4628829579947,0.9));
#2161=CARTESIAN_POINT('Origin',(0.,0.,0.9));
#2162=CARTESIAN_POINT('',(-0.953118311276298,1.46767349390449,1.));
#2163=CARTESIAN_POINT('Origin',(0.,0.,2.04685475505078));
#2164=CARTESIAN_POINT('',(-0.794483374544205,1.55926141732964,1.));
#2165=CARTESIAN_POINT('Origin',(0.,0.,1.));
#2166=CARTESIAN_POINT('',(-0.786666397003354,1.56321974777245,0.9));
#2167=CARTESIAN_POINT('Origin',(0.,0.,2.04685475505081));
#2168=CARTESIAN_POINT('',(0.786666397003355,1.56321974777245,0.9));
#2169=CARTESIAN_POINT('Origin',(0.,0.,0.9));
#2170=CARTESIAN_POINT('',(0.794483374544206,1.55926141732964,1.));
#2171=CARTESIAN_POINT('Origin',(0.,0.,2.0468547550508));
#2172=CARTESIAN_POINT('',(0.953118311276298,1.46767349390449,1.));
#2173=CARTESIAN_POINT('Origin',(0.,0.,1.));
#2174=CARTESIAN_POINT('',(0.960454814766767,1.4628829579947,0.9));
#2175=CARTESIAN_POINT('Origin',(0.,0.,2.04685475505083));
#2176=CARTESIAN_POINT('',(1.74712121177012,0.100336789777743,0.9));
#2177=CARTESIAN_POINT('Origin',(0.,0.,0.9));
#2178=CARTESIAN_POINT('',(1.7476016858205,0.0915879234251517,1.));
#2179=CARTESIAN_POINT('Origin',(0.,0.,2.04685475505077));
#2180=CARTESIAN_POINT('',(1.75,2.14313189850787E-16,1.));
#2181=CARTESIAN_POINT('Origin',(0.,0.,1.));
#2182=CARTESIAN_POINT('',(1.75,2.14313189850787E-16,0.75));
#2183=CARTESIAN_POINT('',(1.75,2.14313189850787E-16,0.75));
#2184=CARTESIAN_POINT('Origin',(0.,0.,0.75));
#2185=CARTESIAN_POINT('Origin',(0.,0.,1.));
#2186=CARTESIAN_POINT('Origin',(0.,0.,0.95));
#2187=CARTESIAN_POINT('',(0.903045526083317,1.38094488587376,1.));
#2188=CARTESIAN_POINT('Ctrl Pts',(0.903045526083823,1.38094488587449,0.999999999999121));
#2189=CARTESIAN_POINT('Ctrl Pts',(0.930908111934585,1.42071230135409,0.951468004527225));
#2190=CARTESIAN_POINT('Ctrl Pts',(0.960454814766765,1.4628829579947,0.899999999999995));
#2191=CARTESIAN_POINT('',(1.64745611543454,0.0915879234251503,1.));
#2192=CARTESIAN_POINT('Origin',(0.,0.,1.));
#2193=CARTESIAN_POINT('Ctrl Pts',(1.74712121177011,0.100336789777743,0.899999999999992));
#2194=CARTESIAN_POINT('Ctrl Pts',(1.6958270003941,0.0958339228460023,0.951468004542167));
#2195=CARTESIAN_POINT('Ctrl Pts',(1.64745611543542,0.0915879234252269,0.999999999999123));
#2196=CARTESIAN_POINT('Origin',(0.,0.,0.95));
#2197=CARTESIAN_POINT('',(-0.744410589351224,1.47253280929892,1.));
#2198=CARTESIAN_POINT('Ctrl Pts',(-0.744410589351597,1.47253280929972,0.999999999999121));
#2199=CARTESIAN_POINT('Ctrl Pts',(-0.764918888476585,1.51654622420609,0.951468004522063));
#2200=CARTESIAN_POINT('Ctrl Pts',(-0.786666397003352,1.56321974777245,0.899999999999997));
#2201=CARTESIAN_POINT('',(0.744410589351225,1.47253280929892,1.));
#2202=CARTESIAN_POINT('Origin',(0.,0.,1.));
#2203=CARTESIAN_POINT('Ctrl Pts',(0.78666639700336,1.56321974777246,0.900000000000009));
#2204=CARTESIAN_POINT('Ctrl Pts',(0.764918888498247,1.51654622425257,0.951468004470813));
#2205=CARTESIAN_POINT('Ctrl Pts',(0.744410589351595,1.47253280929971,0.999999999999115));
#2206=CARTESIAN_POINT('Origin',(0.,0.,0.95));
#2207=CARTESIAN_POINT('',(0.744410589351223,-1.47253280929892,1.));
#2208=CARTESIAN_POINT('Ctrl Pts',(0.744410589351596,-1.47253280929972,0.999999999999121));
#2209=CARTESIAN_POINT('Ctrl Pts',(0.764918888476727,-1.51654622420639,0.951468004521726));
#2210=CARTESIAN_POINT('Ctrl Pts',(0.786666397003351,-1.56321974777245,0.899999999999997));
#2211=CARTESIAN_POINT('',(-0.744410589351225,-1.47253280929892,1.));
#2212=CARTESIAN_POINT('Origin',(0.,0.,1.));
#2213=CARTESIAN_POINT('Ctrl Pts',(-0.786666397003354,-1.56321974777245,
0.899999999999997));
#2214=CARTESIAN_POINT('Ctrl Pts',(-0.764918888476693,-1.51654622420631,
0.951468004521813));
#2215=CARTESIAN_POINT('Ctrl Pts',(-0.744410589351598,-1.47253280929972,
0.999999999999121));
#2216=CARTESIAN_POINT('Origin',(0.,0.,0.95));
#2217=CARTESIAN_POINT('',(-0.903045526083317,-1.38094488587376,1.));
#2218=CARTESIAN_POINT('Ctrl Pts',(-0.903045526083828,-1.3809448858745,0.999999999999132));
#2219=CARTESIAN_POINT('Ctrl Pts',(-0.930908111884523,-1.42071230128264,
0.951468004614417));
#2220=CARTESIAN_POINT('Ctrl Pts',(-0.960454814766756,-1.46288295799468,
0.899999999999976));
#2221=CARTESIAN_POINT('',(-1.64745611543454,-0.0915879234251513,1.));
#2222=CARTESIAN_POINT('Origin',(0.,0.,1.));
#2223=CARTESIAN_POINT('Ctrl Pts',(-1.74712121177015,-0.100336789777741,
0.900000000000029));
#2224=CARTESIAN_POINT('Ctrl Pts',(-1.69582700055621,-0.0958339228602325,
0.951468004379527));
#2225=CARTESIAN_POINT('Ctrl Pts',(-1.6474561154354,-0.0915879234252296,
0.999999999999105));
#2226=CARTESIAN_POINT('Origin',(0.,0.,0.95));
#2227=CARTESIAN_POINT('',(-1.64745611543454,0.0915879234251533,1.));
#2228=CARTESIAN_POINT('Ctrl Pts',(-1.64745611543541,0.0915879234252308,
0.999999999999113));
#2229=CARTESIAN_POINT('Ctrl Pts',(-1.69582700048253,0.0958339228537674,
0.951468004453445));
#2230=CARTESIAN_POINT('Ctrl Pts',(-1.74712121177013,0.100336789777745,0.900000000000012));
#2231=CARTESIAN_POINT('',(-0.903045526083315,1.38094488587376,1.));
#2232=CARTESIAN_POINT('Origin',(0.,0.,1.));
#2233=CARTESIAN_POINT('Ctrl Pts',(-0.960454814766763,1.4628829579947,0.899999999999994));
#2234=CARTESIAN_POINT('Ctrl Pts',(-0.930908111931279,1.42071230134938,0.951468004532981));
#2235=CARTESIAN_POINT('Ctrl Pts',(-0.903045526083822,1.38094488587449,0.999999999999122));
#2236=CARTESIAN_POINT('Origin',(0.,3.85370499768129E-17,1.04980973490459));
#2237=CARTESIAN_POINT('',(1.15,-1.40834381901946E-16,1.));
#2238=CARTESIAN_POINT('Origin',(0.,0.,1.));
#2239=CARTESIAN_POINT('',(1.25871557427477,3.08296399814503E-16,1.09961946980917));
#2240=CARTESIAN_POINT('',(1.20435778713738,-7.04171909509728E-17,1.04980973490459));
#2241=CARTESIAN_POINT('Origin',(0.,7.70740999536257E-17,1.09961946980917));
#2242=CARTESIAN_POINT('Origin',(0.,0.,1.));
#2243=CARTESIAN_POINT('',(1.25874886635259,-1.54152277010906E-16,1.1));
#2244=CARTESIAN_POINT('',(1.25,1.53080849893419E-16,1.));
#2245=CARTESIAN_POINT('Origin',(0.,0.,1.1));
#2246=CARTESIAN_POINT('Origin',(0.,0.,1.));
#2247=CARTESIAN_POINT('Origin',(1.7476016858205,-0.0915879234251543,1.));
#2248=CARTESIAN_POINT('',(1.73927950630475,-0.0828390570725619,1.1));
#2249=CARTESIAN_POINT('',(1.33869051469478,-0.0828390570725618,1.1));
#2250=CARTESIAN_POINT('',(6.08316967683205E-17,-0.0828390570725618,1.1));
#2251=CARTESIAN_POINT('',(1.34688962141768,-0.0915879234251543,1.));
#2252=CARTESIAN_POINT('Ctrl Pts',(1.34688962141768,-0.0915879234251544,
0.999999999999998));
#2253=CARTESIAN_POINT('Ctrl Pts',(1.34279006805404,-0.0872001350522418,
1.05015265059584));
#2254=CARTESIAN_POINT('Ctrl Pts',(1.33869051469478,-0.0828390570725606,
1.10000000000001));
#2255=CARTESIAN_POINT('',(0.873800842910252,-0.0915879234251543,1.));
#2256=CARTESIAN_POINT('Ctrl Pts',(1.7476016858205,-0.0915879234251543,0.999999999999999));
#2257=CARTESIAN_POINT('Ctrl Pts',(1.74344059605973,-0.0872030497357489,
1.0501193356109));
#2258=CARTESIAN_POINT('Ctrl Pts',(1.73927950630475,-0.0828390570725615,
1.1));
#2259=CARTESIAN_POINT('Origin',(0.,0.,1.));
#2260=CARTESIAN_POINT('',(0.741085985197777,-1.11792046499467,1.1));
#2261=CARTESIAN_POINT('Origin',(0.,0.,1.1));
#2262=CARTESIAN_POINT('',(0.752762279074886,-1.12064666652874,1.));
#2263=CARTESIAN_POINT('Ctrl Pts',(0.752762279074886,-1.12064666652874,0.999999999999999));
#2264=CARTESIAN_POINT('Ctrl Pts',(0.746912566198621,-1.1192902433588,1.05015265057076));
#2265=CARTESIAN_POINT('Ctrl Pts',(0.741085985197775,-1.11792046499467,1.10000000000001));
#2266=CARTESIAN_POINT('Origin',(0.,0.,1.));
#2267=CARTESIAN_POINT('Origin',(0.752762279074886,-1.12064666652874,1.));
#2268=CARTESIAN_POINT('',(0.941380481002763,-1.4648407082053,1.1));
#2269=CARTESIAN_POINT('',(0.945541570760636,-1.47204792708079,1.1));
#2270=CARTESIAN_POINT('Ctrl Pts',(0.953118311276296,-1.46767349390449,0.999999999999999));
#2271=CARTESIAN_POINT('Ctrl Pts',(0.947240354388413,-1.46626232130892,1.05011933561164));
#2272=CARTESIAN_POINT('Ctrl Pts',(0.941380481002762,-1.4648407082053,1.1));
#2273=CARTESIAN_POINT('',(0.416039873720465,-0.537426352408084,1.));
#2274=CARTESIAN_POINT('Origin',(0.,0.,1.));
#2275=CARTESIAN_POINT('',(0.797899025301989,-1.54767976527785,1.1));
#2276=CARTESIAN_POINT('Origin',(0.,0.,1.1));
#2277=CARTESIAN_POINT('Ctrl Pts',(0.794483374544204,-1.55926141732964,1.));
#2278=CARTESIAN_POINT('Ctrl Pts',(0.796200241669823,-1.55346537104945,1.05011933556975));
#2279=CARTESIAN_POINT('Ctrl Pts',(0.797899025301989,-1.54767976527785,1.1));
#2280=CARTESIAN_POINT('Origin',(0.794483374544204,-1.55926141732964,1.));
#2281=CARTESIAN_POINT('',(0.597604529497004,-1.20075952206723,1.1));
#2282=CARTESIAN_POINT('',(-0.0717407278503875,-0.041419528536281,1.1));
#2283=CARTESIAN_POINT('',(0.594127342342794,-1.2122345899539,1.));
#2284=CARTESIAN_POINT('Ctrl Pts',(0.594127342342794,-1.2122345899539,0.999999999999999));
#2285=CARTESIAN_POINT('Ctrl Pts',(0.595877501857452,-1.2064903784133,1.05015265057015));
#2286=CARTESIAN_POINT('Ctrl Pts',(0.597604529497005,-1.20075952206723,1.10000000000001));
#2287=CARTESIAN_POINT('',(0.357582953089078,-0.802527689521111,1.));
#2288=CARTESIAN_POINT('Origin',(0.,0.,1.));
#2289=CARTESIAN_POINT('',(-0.597604529497007,-1.20075952206723,1.1));
#2290=CARTESIAN_POINT('Origin',(0.,0.,1.1));
#2291=CARTESIAN_POINT('',(-0.594127342342796,-1.21223458995389,1.));
#2292=CARTESIAN_POINT('Ctrl Pts',(-0.594127342342797,-1.21223458995389,
0.999999999999999));
#2293=CARTESIAN_POINT('Ctrl Pts',(-0.595877501857498,-1.20649037841316,
1.0501526505714));
#2294=CARTESIAN_POINT('Ctrl Pts',(-0.597604529497007,-1.20075952206723,
1.10000000000001));
#2295=CARTESIAN_POINT('Origin',(0.,0.,1.));
#2296=CARTESIAN_POINT('Origin',(-0.594127342342796,-1.21223458995389,1.));
#2297=CARTESIAN_POINT('',(-0.797899025301992,-1.54767976527785,1.1));
#2298=CARTESIAN_POINT('',(-0.802060115059866,-1.55488698415335,1.1));
#2299=CARTESIAN_POINT('Ctrl Pts',(-0.794483374544206,-1.55926141732964,
1.));
#2300=CARTESIAN_POINT('Ctrl Pts',(-0.796200241671298,-1.55346537104446,
1.05011933561287));
#2301=CARTESIAN_POINT('Ctrl Pts',(-0.797899025301992,-1.54767976527785,
1.1));
#2302=CARTESIAN_POINT('',(-0.257404936988376,-0.629014275833235,1.));
#2303=CARTESIAN_POINT('Origin',(0.,0.,1.));
#2304=CARTESIAN_POINT('',(-0.941380481002765,-1.46484070820529,1.1));
#2305=CARTESIAN_POINT('Origin',(0.,0.,1.1));
#2306=CARTESIAN_POINT('Ctrl Pts',(-0.953118311276298,-1.46767349390449,
0.999999999999999));
#2307=CARTESIAN_POINT('Ctrl Pts',(-0.947240354388483,-1.46626232130893,
1.05011933561106));
#2308=CARTESIAN_POINT('Ctrl Pts',(-0.941380481002764,-1.46484070820529,
1.1));
#2309=CARTESIAN_POINT('Origin',(-0.953118311276298,-1.46767349390449,1.));
#2310=CARTESIAN_POINT('',(-0.741085985197779,-1.11792046499467,1.1));
#2311=CARTESIAN_POINT('',(-0.0717407278503876,0.0414195285362808,1.1));
#2312=CARTESIAN_POINT('',(-0.752762279074888,-1.12064666652874,1.));
#2313=CARTESIAN_POINT('Ctrl Pts',(-0.752762279074888,-1.12064666652874,
0.999999999999998));
#2314=CARTESIAN_POINT('Ctrl Pts',(-0.746912566198669,-1.11929024335881,
1.05015265057037));
#2315=CARTESIAN_POINT('Ctrl Pts',(-0.741085985197777,-1.11792046499467,
1.10000000000001));
#2316=CARTESIAN_POINT('',(-0.516217889821173,-0.710939766095957,1.));
#2317=CARTESIAN_POINT('Origin',(0.,0.,1.));
#2318=CARTESIAN_POINT('',(-1.33869051469478,-0.0828390570725587,1.1));
#2319=CARTESIAN_POINT('Origin',(0.,0.,1.1));
#2320=CARTESIAN_POINT('',(-1.34688962141768,-0.0915879234251511,1.));
#2321=CARTESIAN_POINT('Ctrl Pts',(-1.34688962141768,-0.0915879234251512,
0.999999999999999));
#2322=CARTESIAN_POINT('Ctrl Pts',(-1.34279006805406,-0.0872001350522621,
1.05015265059557));
#2323=CARTESIAN_POINT('Ctrl Pts',(-1.33869051469478,-0.0828390570725574,
1.10000000000001));
#2324=CARTESIAN_POINT('Origin',(0.,0.,1.));
#2325=CARTESIAN_POINT('Origin',(-1.34688962141768,-0.0915879234251511,1.));
#2326=CARTESIAN_POINT('',(-1.73927950630476,-0.0828390570725589,1.1));
#2327=CARTESIAN_POINT('',(-1.7476016858205,-0.0828390570725589,1.1));
#2328=CARTESIAN_POINT('Ctrl Pts',(-1.7476016858205,-0.0915879234251514,
0.999999999999999));
#2329=CARTESIAN_POINT('Ctrl Pts',(-1.74344059605963,-0.0872030497356354,
1.05011933561217));
#2330=CARTESIAN_POINT('Ctrl Pts',(-1.73927950630476,-0.0828390570725586,
1.1));
#2331=CARTESIAN_POINT('',(-0.673444810708841,-0.0915879234251507,1.));
#2332=CARTESIAN_POINT('Origin',(0.,0.,1.));
#2333=CARTESIAN_POINT('',(-1.73927950630476,0.0828390570725608,1.1));
#2334=CARTESIAN_POINT('Origin',(0.,0.,1.1));
#2335=CARTESIAN_POINT('Ctrl Pts',(-1.7476016858205,0.0915879234251532,1.));
#2336=CARTESIAN_POINT('Ctrl Pts',(-1.7434405960597,0.0872030497357125,1.05011933561131));
#2337=CARTESIAN_POINT('Ctrl Pts',(-1.73927950630475,0.0828390570725605,
1.1));
#2338=CARTESIAN_POINT('Origin',(-1.7476016858205,0.0915879234251532,1.));
#2339=CARTESIAN_POINT('',(-1.33869051469478,0.082839057072561,1.1));
#2340=CARTESIAN_POINT('',(-1.06351290132397E-16,0.0828390570725618,1.1));
#2341=CARTESIAN_POINT('',(-1.34688962141768,0.0915879234251534,1.));
#2342=CARTESIAN_POINT('Ctrl Pts',(-1.34688962141768,0.0915879234251536,
0.999999999999998));
#2343=CARTESIAN_POINT('Ctrl Pts',(-1.34279006805407,0.0872001350522671,
1.05015265059554));
#2344=CARTESIAN_POINT('Ctrl Pts',(-1.33869051469478,0.0828390570725598,
1.10000000000001));
#2345=CARTESIAN_POINT('',(-0.873800842910252,0.0915879234251537,1.));
#2346=CARTESIAN_POINT('Origin',(0.,0.,1.));
#2347=CARTESIAN_POINT('',(-0.741085985197777,1.11792046499467,1.1));
#2348=CARTESIAN_POINT('Origin',(0.,0.,1.1));
#2349=CARTESIAN_POINT('',(-0.752762279074886,1.12064666652874,1.));
#2350=CARTESIAN_POINT('Ctrl Pts',(-0.752762279074886,1.12064666652874,0.999999999999999));
#2351=CARTESIAN_POINT('Ctrl Pts',(-0.746912566198679,1.11929024335881,1.05015265057026));
#2352=CARTESIAN_POINT('Ctrl Pts',(-0.741085985197775,1.11792046499467,1.10000000000001));
#2353=CARTESIAN_POINT('Origin',(0.,0.,1.));
#2354=CARTESIAN_POINT('Origin',(-0.752762279074886,1.12064666652874,1.));
#2355=CARTESIAN_POINT('',(-0.941380481002763,1.4648407082053,1.1));
#2356=CARTESIAN_POINT('',(-0.945541570760636,1.47204792708079,1.1));
#2357=CARTESIAN_POINT('Ctrl Pts',(-0.953118311276296,1.46767349390449,1.));
#2358=CARTESIAN_POINT('Ctrl Pts',(-0.947240354388378,1.46626232130891,1.05011933561194));
#2359=CARTESIAN_POINT('Ctrl Pts',(-0.941380481002763,1.46484070820529,1.1));
#2360=CARTESIAN_POINT('',(-0.416039873720465,0.537426352408084,1.));
#2361=CARTESIAN_POINT('Origin',(0.,0.,1.));
#2362=CARTESIAN_POINT('',(-0.797899025301991,1.54767976527786,1.1));
#2363=CARTESIAN_POINT('Origin',(0.,0.,1.1));
#2364=CARTESIAN_POINT('Ctrl Pts',(-0.794483374544204,1.55926141732964,0.999999999999999));
#2365=CARTESIAN_POINT('Ctrl Pts',(-0.796200241671275,1.55346537104453,1.05011933561226));
#2366=CARTESIAN_POINT('Ctrl Pts',(-0.797899025301991,1.54767976527785,1.1));
#2367=CARTESIAN_POINT('Origin',(-0.794483374544205,1.55926141732964,1.));
#2368=CARTESIAN_POINT('',(-0.597604529497005,1.20075952206723,1.1));
#2369=CARTESIAN_POINT('',(0.0717407278503875,0.041419528536281,1.1));
#2370=CARTESIAN_POINT('',(-0.594127342342794,1.21223458995389,1.));
#2371=CARTESIAN_POINT('Ctrl Pts',(-0.594127342342794,1.21223458995389,0.999999999999999));
#2372=CARTESIAN_POINT('Ctrl Pts',(-0.595877501857463,1.20649037841327,1.05015265057045));
#2373=CARTESIAN_POINT('Ctrl Pts',(-0.597604529497005,1.20075952206723,1.10000000000001));
#2374=CARTESIAN_POINT('',(-0.357582953089079,0.802527689521111,1.));
#2375=CARTESIAN_POINT('Origin',(0.,0.,1.));
#2376=CARTESIAN_POINT('',(0.597604529497007,1.20075952206723,1.1));
#2377=CARTESIAN_POINT('Origin',(0.,0.,1.1));
#2378=CARTESIAN_POINT('',(0.594127342342796,1.21223458995389,1.));
#2379=CARTESIAN_POINT('Ctrl Pts',(0.594127342342796,1.21223458995389,0.999999999999998));
#2380=CARTESIAN_POINT('Ctrl Pts',(0.595877501857484,1.2064903784132,1.05015265057101));
#2381=CARTESIAN_POINT('Ctrl Pts',(0.597604529497007,1.20075952206723,1.10000000000001));
#2382=CARTESIAN_POINT('Origin',(0.,0.,1.));
#2383=CARTESIAN_POINT('Origin',(0.594127342342796,1.21223458995389,1.));
#2384=CARTESIAN_POINT('',(0.797899025301992,1.54767976527785,1.1));
#2385=CARTESIAN_POINT('',(0.802060115059866,1.55488698415335,1.1));
#2386=CARTESIAN_POINT('Ctrl Pts',(0.794483374544205,1.55926141732964,0.999999999999999));
#2387=CARTESIAN_POINT('Ctrl Pts',(0.796200241671245,1.55346537104464,1.05011933561132));
#2388=CARTESIAN_POINT('Ctrl Pts',(0.797899025301992,1.54767976527785,1.1));
#2389=CARTESIAN_POINT('',(0.257404936988376,0.629014275833235,1.));
#2390=CARTESIAN_POINT('Origin',(0.,0.,1.));
#2391=CARTESIAN_POINT('',(0.941380481002764,1.46484070820529,1.1));
#2392=CARTESIAN_POINT('Origin',(0.,0.,1.1));
#2393=CARTESIAN_POINT('Ctrl Pts',(0.953118311276297,1.46767349390449,0.999999999999999));
#2394=CARTESIAN_POINT('Ctrl Pts',(0.947240354388287,1.46626232130888,1.05011933561272));
#2395=CARTESIAN_POINT('Ctrl Pts',(0.941380481002764,1.46484070820529,1.1));
#2396=CARTESIAN_POINT('Origin',(0.953118311276298,1.46767349390449,1.));
#2397=CARTESIAN_POINT('',(0.741085985197779,1.11792046499467,1.1));
#2398=CARTESIAN_POINT('',(0.0717407278503876,-0.0414195285362808,1.1));
#2399=CARTESIAN_POINT('',(0.752762279074888,1.12064666652874,1.));
#2400=CARTESIAN_POINT('Ctrl Pts',(0.752762279074887,1.12064666652874,0.999999999999999));
#2401=CARTESIAN_POINT('Ctrl Pts',(0.746912566195622,1.1192902433581,1.05015265059646));
#2402=CARTESIAN_POINT('Ctrl Pts',(0.741085985197778,1.11792046499467,1.10000000000001));
#2403=CARTESIAN_POINT('',(0.516217889821173,0.710939766095957,1.));
#2404=CARTESIAN_POINT('Origin',(0.,0.,1.));
#2405=CARTESIAN_POINT('',(1.33869051469478,0.0828390570725579,1.1));
#2406=CARTESIAN_POINT('Origin',(0.,0.,1.1));
#2407=CARTESIAN_POINT('',(1.34688962141768,0.0915879234251503,1.));
#2408=CARTESIAN_POINT('Ctrl Pts',(1.34688962141768,0.0915879234251504,0.999999999999998));
#2409=CARTESIAN_POINT('Ctrl Pts',(1.34279006805405,0.0872001350522478,1.05015265059572));
#2410=CARTESIAN_POINT('Ctrl Pts',(1.33869051469478,0.0828390570725567,1.10000000000001));
#2411=CARTESIAN_POINT('Origin',(0.,0.,1.));
#2412=CARTESIAN_POINT('Origin',(1.34688962141768,0.0915879234251503,1.));
#2413=CARTESIAN_POINT('',(1.73927950630475,0.0828390570725579,1.1));
#2414=CARTESIAN_POINT('',(1.7476016858205,0.0828390570725579,1.1));
#2415=CARTESIAN_POINT('Ctrl Pts',(1.7476016858205,0.0915879234251503,0.999999999999999));
#2416=CARTESIAN_POINT('Ctrl Pts',(1.7434405960632,0.0872030497393887,1.05011933556926));
#2417=CARTESIAN_POINT('Ctrl Pts',(1.73927950630475,0.0828390570725576,1.1));
#2418=CARTESIAN_POINT('',(0.673444810708841,0.0915879234251503,1.));
#2419=CARTESIAN_POINT('Origin',(0.,0.,1.));
#2420=CARTESIAN_POINT('Origin',(0.,0.,1.1));
#2421=CARTESIAN_POINT('Origin',(5.46369598732853E-18,-3.34651379223872E-17,
1.1));
#2422=CARTESIAN_POINT('Origin',(0.,0.,1.));
#2423=CARTESIAN_POINT('',(0.0885,1.55,1.));
#2424=CARTESIAN_POINT('Origin',(0.,1.55,1.));
#2425=CARTESIAN_POINT('Origin',(0.,0.,1.));
#2426=CARTESIAN_POINT('',(1.43083937586588,0.774999999999999,1.));
#2427=CARTESIAN_POINT('Origin',(1.34233937586588,0.774999999999999,1.));
#2428=CARTESIAN_POINT('Origin',(0.,0.,1.));
#2429=CARTESIAN_POINT('',(1.43083937586588,-0.775,1.));
#2430=CARTESIAN_POINT('Origin',(1.34233937586588,-0.775,1.));
#2431=CARTESIAN_POINT('Origin',(0.,0.,1.));
#2432=CARTESIAN_POINT('',(0.0884999999999998,-1.55,1.));
#2433=CARTESIAN_POINT('Origin',(-1.74838271594513E-16,-1.55,1.));
#2434=CARTESIAN_POINT('Origin',(0.,0.,1.));
#2435=CARTESIAN_POINT('',(-1.25383937586588,-0.775,1.));
#2436=CARTESIAN_POINT('Origin',(-1.34233937586588,-0.775,1.));
#2437=CARTESIAN_POINT('Origin',(0.,0.,1.));
#2438=CARTESIAN_POINT('',(-1.25383937586588,0.775,1.));
#2439=CARTESIAN_POINT('Origin',(-1.34233937586588,0.775,1.));
#2440=CARTESIAN_POINT('Origin',(0.,0.,0.7725));
#2441=CARTESIAN_POINT('',(-0.700000022340009,8.57252786761767E-17,0.75));
#2442=CARTESIAN_POINT('Origin',(0.,0.,0.75));
#2443=CARTESIAN_POINT('',(-0.655000022340009,-8.02143680800136E-17,0.795));
#2444=CARTESIAN_POINT('',(-0.677500022340009,8.29698233780952E-17,0.7725));
#2445=CARTESIAN_POINT('Origin',(0.,0.,0.795));
#2446=CARTESIAN_POINT('Origin',(0.,0.,0.795));
#2447=CARTESIAN_POINT('Origin',(-1.74838271594513E-16,-1.55,0.75));
#2448=CARTESIAN_POINT('',(0.0884999999999998,-1.55,0.75));
#2449=CARTESIAN_POINT('',(0.0884999999999998,-1.55,0.75));
#2450=CARTESIAN_POINT('Origin',(-1.74838271594513E-16,-1.55,0.75));
#2451=CARTESIAN_POINT('Origin',(1.34233937586588,-0.775,0.75));
#2452=CARTESIAN_POINT('',(1.43083937586588,-0.775,0.75));
#2453=CARTESIAN_POINT('',(1.43083937586588,-0.775,0.75));
#2454=CARTESIAN_POINT('Origin',(1.34233937586588,-0.775,0.75));
#2455=CARTESIAN_POINT('Origin',(-1.34233937586588,0.775,0.75));
#2456=CARTESIAN_POINT('',(-1.25383937586588,0.775,0.75));
#2457=CARTESIAN_POINT('',(-1.25383937586588,0.775,0.75));
#2458=CARTESIAN_POINT('Origin',(-1.34233937586588,0.775,0.75));
#2459=CARTESIAN_POINT('Origin',(1.34233937586588,0.774999999999999,0.75));
#2460=CARTESIAN_POINT('',(1.43083937586588,0.774999999999999,0.75));
#2461=CARTESIAN_POINT('',(1.43083937586588,0.774999999999999,0.75));
#2462=CARTESIAN_POINT('Origin',(1.34233937586588,0.774999999999999,0.75));
#2463=CARTESIAN_POINT('Origin',(0.,1.55,0.75));
#2464=CARTESIAN_POINT('',(0.0885,1.55,0.75));
#2465=CARTESIAN_POINT('',(0.0885,1.55,0.75));
#2466=CARTESIAN_POINT('Origin',(0.,1.55,0.75));
#2467=CARTESIAN_POINT('Origin',(-1.34233937586588,-0.775,0.75));
#2468=CARTESIAN_POINT('',(-1.25383937586588,-0.775,0.75));
#2469=CARTESIAN_POINT('',(-1.25383937586588,-0.775,0.75));
#2470=CARTESIAN_POINT('Origin',(-1.34233937586588,-0.775,0.75));
#2471=CARTESIAN_POINT('Origin',(0.,0.,0.75));
#2472=CARTESIAN_POINT('',(0.,0.,0.));
#2473=CARTESIAN_POINT('',(0.,0.,0.));
#2474=UNCERTAINTY_MEASURE_WITH_UNIT(LENGTH_MEASURE(0.000393700787401575),
#2483,'DISTANCE_ACCURACY_VALUE',
'Maximum model space distance between geometric entities at asserted c
onnectivities');
#2475=UNCERTAINTY_MEASURE_WITH_UNIT(LENGTH_MEASURE(0.000393700787401575),
#2483,'DISTANCE_ACCURACY_VALUE',
'Maximum model space distance between geometric entities at asserted c
onnectivities');
#2476=UNCERTAINTY_MEASURE_WITH_UNIT(LENGTH_MEASURE(0.000393700787401575),
#2483,'DISTANCE_ACCURACY_VALUE',
'Maximum model space distance between geometric entities at asserted c
onnectivities');
#2477=UNCERTAINTY_MEASURE_WITH_UNIT(LENGTH_MEASURE(0.000393700787401575),
#2483,'DISTANCE_ACCURACY_VALUE',
'Maximum model space distance between geometric entities at asserted c
onnectivities');
#2478=(
GEOMETRIC_REPRESENTATION_CONTEXT(3)
GLOBAL_UNCERTAINTY_ASSIGNED_CONTEXT((#2474))
GLOBAL_UNIT_ASSIGNED_CONTEXT((#2483,#2487,#2488))
REPRESENTATION_CONTEXT('','3D')
);
#2479=(
GEOMETRIC_REPRESENTATION_CONTEXT(3)
GLOBAL_UNCERTAINTY_ASSIGNED_CONTEXT((#2475))
GLOBAL_UNIT_ASSIGNED_CONTEXT((#2483,#2487,#2488))
REPRESENTATION_CONTEXT('','3D')
);
#2480=(
GEOMETRIC_REPRESENTATION_CONTEXT(3)
GLOBAL_UNCERTAINTY_ASSIGNED_CONTEXT((#2476))
GLOBAL_UNIT_ASSIGNED_CONTEXT((#2483,#2487,#2488))
REPRESENTATION_CONTEXT('','3D')
);
#2481=(
GEOMETRIC_REPRESENTATION_CONTEXT(3)
GLOBAL_UNCERTAINTY_ASSIGNED_CONTEXT((#2477))
GLOBAL_UNIT_ASSIGNED_CONTEXT((#2483,#2487,#2488))
REPRESENTATION_CONTEXT('','3D')
);
#2482=DIMENSIONAL_EXPONENTS(1.,0.,0.,0.,0.,0.,0.);
#2483=(
CONVERSION_BASED_UNIT('inch',#2486)
LENGTH_UNIT()
NAMED_UNIT(#2482)
);
#2484=(
LENGTH_UNIT()
NAMED_UNIT(*)
SI_UNIT(.MILLI.,.METRE.)
);
#2485=(
LENGTH_UNIT()
NAMED_UNIT(*)
SI_UNIT($,.METRE.)
);
#2486=LENGTH_MEASURE_WITH_UNIT(LENGTH_MEASURE(25.4),#2484);
#2487=(
NAMED_UNIT(*)
PLANE_ANGLE_UNIT()
SI_UNIT($,.RADIAN.)
);
#2488=(
NAMED_UNIT(*)
SI_UNIT($,.STERADIAN.)
SOLID_ANGLE_UNIT()
);
#2489=SHAPE_DEFINITION_REPRESENTATION(#2492,#2497);
#2490=SHAPE_DEFINITION_REPRESENTATION(#2493,#2498);
#2491=SHAPE_DEFINITION_REPRESENTATION(#2494,#2499);
#2492=PRODUCT_DEFINITION_SHAPE('',$,#2501);
#2493=PRODUCT_DEFINITION_SHAPE('',$,#2502);
#2494=PRODUCT_DEFINITION_SHAPE('',$,#2503);
#2495=PRODUCT_DEFINITION_SHAPE($,$,#17);
#2496=PRODUCT_DEFINITION_SHAPE($,$,#18);
#2497=SHAPE_REPRESENTATION('',(#1337,#1515,#1516),#2478);
#2498=SHAPE_REPRESENTATION('',(#1338),#2479);
#2499=SHAPE_REPRESENTATION('',(#1397),#2480);
#2500=PRODUCT_DEFINITION_CONTEXT('part definition',#2511,'design');
#2501=PRODUCT_DEFINITION('2026-09-13-15-34-45-653','Turbidity Sensor',#2504,
#2500);
#2502=PRODUCT_DEFINITION('2026-09-13-15-35-02-799','Body ',#2505,#2500);
#2503=PRODUCT_DEFINITION('2026-09-13-15-47-38-661','Lid',#2506,#2500);
#2504=PRODUCT_DEFINITION_FORMATION('',$,#2513);
#2505=PRODUCT_DEFINITION_FORMATION('',$,#2514);
#2506=PRODUCT_DEFINITION_FORMATION('',$,#2515);
#2507=PRODUCT_RELATED_PRODUCT_CATEGORY('Turbidity Sensor',
'Turbidity Sensor',(#2513));
#2508=PRODUCT_RELATED_PRODUCT_CATEGORY('Body ','Body ',(#2514));
#2509=PRODUCT_RELATED_PRODUCT_CATEGORY('Lid','Lid',(#2515));
#2510=APPLICATION_PROTOCOL_DEFINITION('international standard',
'automotive_design',2009,#2511);
#2511=APPLICATION_CONTEXT(
'Core Data for Automotive Mechanical Design Process');
#2512=PRODUCT_CONTEXT('part definition',#2511,'mechanical');
#2513=PRODUCT('2026-09-13-15-34-45-653','Turbidity Sensor',$,(#2512));
#2514=PRODUCT('2026-09-13-15-35-02-799','Body ',$,(#2512));
#2515=PRODUCT('2026-09-13-15-47-38-661','Lid',$,(#2512));
#2516=PRESENTATION_STYLE_ASSIGNMENT((#2517));
#2517=SURFACE_STYLE_USAGE(.BOTH.,#2518);
#2518=SURFACE_SIDE_STYLE('',(#2519));
#2519=SURFACE_STYLE_FILL_AREA(#2520);
#2520=FILL_AREA_STYLE('Steel - Satin',(#2521));
#2521=FILL_AREA_STYLE_COLOUR('Steel - Satin',#2522);
#2522=COLOUR_RGB('Steel - Satin',0.627450980392157,0.627450980392157,0.627450980392157);
ENDSEC;
END-ISO-10303-21;
