ISO-10303-21;
HEADER;
/* Generated by software containing ST-Developer
 * from STEP Tools, Inc. (www.steptools.com) 
 */
/* OPTION: using custom renumber hook */

FILE_DESCRIPTION(
/* description */ ('STEP AP242 Edition 2',
'CAx-IF Rec.Pracs.---Representation and Presentation of Product Manufa
cturing Information (PMI)---4.0---2014-10-13',
'CAx-IF Rec.Pracs.---3D Tessellated Geometry---0.4---2014-09-14','2;1',
'CAx-IF Rec.Pracs.---User Defined Attributes---1.5---2016-08-15'),
/* implementation_level */ '2;1');

FILE_NAME(
/* name */ 'Body(No Port) - AS568-137O ring Copy 1 Copy 2 - Part 1',
/* time_stamp */ '2026-08-16T03:23:07Z',
/* author */ (''),
/* organization */ (''),
/* preprocessor_version */ 'ST-DEVELOPER v20',
/* originating_system */ 'ONSHAPE BY PTC INC, 1.219',
/* authorisation */ '  ');

FILE_SCHEMA (('AP242_MANAGED_MODEL_BASED_3D_ENGINEERING_MIM_LF { 1 0 10303 442 3 1 4 }'));
ENDSEC;

DATA;
#10=SHAPE_REPRESENTATION_RELATIONSHIP('','',#724,#11);
#11=ADVANCED_BREP_SHAPE_REPRESENTATION('',(#722),#1725);
#12=LINE('',#1668,#30);
#13=LINE('',#1672,#31);
#14=LINE('',#1674,#32);
#15=LINE('',#1676,#33);
#16=LINE('',#1678,#34);
#17=LINE('',#1680,#35);
#18=LINE('',#1682,#36);
#19=LINE('',#1686,#37);
#20=LINE('',#1688,#38);
#21=LINE('',#1690,#39);
#22=LINE('',#1692,#40);
#23=LINE('',#1694,#41);
#24=LINE('',#1696,#42);
#25=LINE('',#1700,#43);
#26=LINE('',#1702,#44);
#27=LINE('',#1704,#45);
#28=LINE('',#1710,#46);
#29=LINE('',#1712,#47);
#30=VECTOR('',#895,1.);
#31=VECTOR('',#898,1.);
#32=VECTOR('',#901,1.);
#33=VECTOR('',#902,1.);
#34=VECTOR('',#905,1.);
#35=VECTOR('',#906,1.);
#36=VECTOR('',#907,1.);
#37=VECTOR('',#912,1.);
#38=VECTOR('',#915,1.);
#39=VECTOR('',#916,1.);
#40=VECTOR('',#919,1.);
#41=VECTOR('',#920,1.);
#42=VECTOR('',#921,1.);
#43=VECTOR('',#926,1.);
#44=VECTOR('',#929,1.);
#45=VECTOR('',#930,1.);
#46=VECTOR('',#939,1.);
#47=VECTOR('',#942,1.);
#48=TOROIDAL_SURFACE('',#756,0.022225,0.003175);
#49=TOROIDAL_SURFACE('',#760,0.022225,0.003175);
#50=TOROIDAL_SURFACE('',#764,0.022225,0.003175);
#51=(
BOUNDED_SURFACE()
B_SPLINE_SURFACE(3,2,((#1058,#1059,#1060),(#1061,#1062,#1063),(#1064,#1065,
#1066),(#1067,#1068,#1069),(#1070,#1071,#1072),(#1073,#1074,#1075),(#1076,
#1077,#1078),(#1079,#1080,#1081),(#1082,#1083,#1084),(#1085,#1086,#1087),
(#1088,#1089,#1090)),.UNSPECIFIED.,.F.,.F.,.F.)
B_SPLINE_SURFACE_WITH_KNOTS((4,1,1,1,1,1,1,1,4),(3,3),(0.00751095218163274,
0.00834707368631536,0.00918319519099797,0.0100193166956806,0.0108554382003632,
0.0116915597050458,0.0125276812097284,0.013363802714411,0.0141999242190936),
(0.,1.),.UNSPECIFIED.)
GEOMETRIC_REPRESENTATION_ITEM()
RATIONAL_B_SPLINE_SURFACE(((1.,0.72676969785602,1.),(1.,0.753767923943011,
1.),(1.,0.80274626161475,1.),(1.,0.864840141540919,1.),(1.,0.910941326425862,
1.),(1.,0.930354503135663,1.),(1.,0.910917780817384,1.),(1.,0.864953969712378,
1.),(1.,0.803299291891372,1.),(1.,0.753593765543466,1.),(1.,0.72676969785602,
1.)))
REPRESENTATION_ITEM('')
SURFACE()
);
#52=(
BOUNDED_SURFACE()
B_SPLINE_SURFACE(3,2,((#1107,#1108,#1109),(#1110,#1111,#1112),(#1113,#1114,
#1115),(#1116,#1117,#1118)),.UNSPECIFIED.,.F.,.F.,.F.)
B_SPLINE_SURFACE_WITH_KNOTS((4,4),(3,3),(1.73472347597681E-17,0.00653804124447526),
(0.,1.),.PIECEWISE_BEZIER_KNOTS.)
GEOMETRIC_REPRESENTATION_ITEM()
RATIONAL_B_SPLINE_SURFACE(((1.,0.72676969785602,1.),(1.,0.728108253862061,
1.),(1.,0.72970199515159,1.),(1.,0.731813556844921,1.)))
REPRESENTATION_ITEM('')
SURFACE()
);
#53=(
BOUNDED_SURFACE()
B_SPLINE_SURFACE(3,2,((#1131,#1132,#1133),(#1134,#1135,#1136),(#1137,#1138,
#1139),(#1140,#1141,#1142)),.UNSPECIFIED.,.F.,.F.,.F.)
B_SPLINE_SURFACE_WITH_KNOTS((4,4),(3,3),(0.,0.00653791087015475),(0.,1.),
 .PIECEWISE_BEZIER_KNOTS.)
GEOMETRIC_REPRESENTATION_ITEM()
RATIONAL_B_SPLINE_SURFACE(((1.,0.72676969785602,1.),(1.,0.72810822716862,
1.),(1.,0.729701932479377,1.),(1.,0.731813430526346,1.)))
REPRESENTATION_ITEM('')
SURFACE()
);
#54=(
BOUNDED_SURFACE()
B_SPLINE_SURFACE(3,2,((#1157,#1158,#1159),(#1160,#1161,#1162),(#1163,#1164,
#1165),(#1166,#1167,#1168),(#1169,#1170,#1171),(#1172,#1173,#1174),(#1175,
#1176,#1177),(#1178,#1179,#1180),(#1181,#1182,#1183),(#1184,#1185,#1186),
(#1187,#1188,#1189)),.UNSPECIFIED.,.F.,.F.,.F.)
B_SPLINE_SURFACE_WITH_KNOTS((4,1,1,1,1,1,1,1,4),(3,3),(0.00751095218163272,
0.00834707368631533,0.00918319519099794,0.0100193166956805,0.0108554382003631,
0.0116915597050458,0.0125276812097284,0.013363802714411,0.0141999242190936),
(0.,1.),.UNSPECIFIED.)
GEOMETRIC_REPRESENTATION_ITEM()
RATIONAL_B_SPLINE_SURFACE(((1.,0.726769697856019,1.),(1.,0.753767923944947,
1.),(1.,0.802746261613856,1.),(1.,0.864840141541162,1.),(1.,0.910941326425797,
1.),(1.,0.930354503135684,1.),(1.,0.910917780817363,1.),(1.,0.864953969712445,
1.),(1.,0.803299291891128,1.),(1.,0.753593765543994,1.),(1.,0.726769697856021,
1.)))
REPRESENTATION_ITEM('')
SURFACE()
);
#55=(
BOUNDED_SURFACE()
B_SPLINE_SURFACE(3,2,((#1204,#1205,#1206),(#1207,#1208,#1209),(#1210,#1211,
#1212),(#1213,#1214,#1215)),.UNSPECIFIED.,.F.,.F.,.F.)
B_SPLINE_SURFACE_WITH_KNOTS((4,4),(3,3),(0.,0.00653804124447524),(0.,1.),
 .PIECEWISE_BEZIER_KNOTS.)
GEOMETRIC_REPRESENTATION_ITEM()
RATIONAL_B_SPLINE_SURFACE(((1.,0.72676969785602,1.),(1.,0.728108253859884,
1.),(1.,0.729701995151348,1.),(1.,0.731813556844921,1.)))
REPRESENTATION_ITEM('')
SURFACE()
);
#56=(
BOUNDED_SURFACE()
B_SPLINE_SURFACE(3,2,((#1228,#1229,#1230),(#1231,#1232,#1233),(#1234,#1235,
#1236),(#1237,#1238,#1239)),.UNSPECIFIED.,.F.,.F.,.F.)
B_SPLINE_SURFACE_WITH_KNOTS((4,4),(3,3),(-2.42861286636753E-17,0.00653791087015475),
(0.,1.),.PIECEWISE_BEZIER_KNOTS.)
GEOMETRIC_REPRESENTATION_ITEM()
RATIONAL_B_SPLINE_SURFACE(((1.,0.726769697856019,1.),(1.,0.728108227169346,
1.),(1.,0.729701932479619,1.),(1.,0.731813430526346,1.)))
REPRESENTATION_ITEM('')
SURFACE()
);
#57=(
BOUNDED_SURFACE()
B_SPLINE_SURFACE(3,2,((#1254,#1255,#1256),(#1257,#1258,#1259),(#1260,#1261,
#1262),(#1263,#1264,#1265),(#1266,#1267,#1268),(#1269,#1270,#1271),(#1272,
#1273,#1274),(#1275,#1276,#1277),(#1278,#1279,#1280),(#1281,#1282,#1283),
(#1284,#1285,#1286)),.UNSPECIFIED.,.F.,.F.,.F.)
B_SPLINE_SURFACE_WITH_KNOTS((4,1,1,1,1,1,1,1,4),(3,3),(0.00751095218163273,
0.00834707368631534,0.00918319519099794,0.0100193166956805,0.0108554382003631,
0.0116915597050457,0.0125276812097283,0.013363802714411,0.0141999242190936),
(0.,1.),.UNSPECIFIED.)
GEOMETRIC_REPRESENTATION_ITEM()
RATIONAL_B_SPLINE_SURFACE(((1.,0.726769697856019,1.),(1.,0.753767923943526,
1.),(1.,0.802746261614511,1.),(1.,0.864840141540984,1.),(1.,0.910941326425842,
1.),(1.,0.930354503135675,1.),(1.,0.910917780817354,1.),(1.,0.864953969712492,
1.),(1.,0.803299291890949,1.),(1.,0.753593765544379,1.),(1.,0.726769697856019,
1.)))
REPRESENTATION_ITEM('')
SURFACE()
);
#58=(
BOUNDED_SURFACE()
B_SPLINE_SURFACE(3,2,((#1301,#1302,#1303),(#1304,#1305,#1306),(#1307,#1308,
#1309),(#1310,#1311,#1312)),.UNSPECIFIED.,.F.,.F.,.F.)
B_SPLINE_SURFACE_WITH_KNOTS((4,4),(3,3),(-2.42861286636753E-17,0.00653804124447524),
(0.,1.),.PIECEWISE_BEZIER_KNOTS.)
GEOMETRIC_REPRESENTATION_ITEM()
RATIONAL_B_SPLINE_SURFACE(((1.,0.72676969785602,1.),(1.,0.72810825386061,
1.),(1.,0.729701995150743,1.),(1.,0.731813556844921,1.)))
REPRESENTATION_ITEM('')
SURFACE()
);
#59=(
BOUNDED_SURFACE()
B_SPLINE_SURFACE(3,2,((#1328,#1329,#1330),(#1331,#1332,#1333),(#1334,#1335,
#1336),(#1337,#1338,#1339),(#1340,#1341,#1342),(#1343,#1344,#1345),(#1346,
#1347,#1348),(#1349,#1350,#1351),(#1352,#1353,#1354),(#1355,#1356,#1357),
(#1358,#1359,#1360)),.UNSPECIFIED.,.F.,.F.,.F.)
B_SPLINE_SURFACE_WITH_KNOTS((4,1,1,1,1,1,1,1,4),(3,3),(0.00548893046487492,
0.00788834991072122,0.0102877693565675,0.0126871888024138,0.0150866082482601,
0.0174860276941064,0.0198854471399527,0.022284866585799,0.0246842860316453),
(0.,1.),.UNSPECIFIED.)
GEOMETRIC_REPRESENTATION_ITEM()
RATIONAL_B_SPLINE_SURFACE(((1.,0.558399962524966,1.),(1.,0.591507092295759,
1.),(1.,0.654107070225241,1.),(1.,0.734207272008364,1.),(1.,0.80022534543024,
1.),(1.,0.85350631588593,1.),(1.,0.892909449816012,1.),(1.,0.917274631836158,
1.),(1.,0.926652641847929,1.),(1.,0.925607720976922,1.),(1.,0.923879532511286,
1.)))
REPRESENTATION_ITEM('')
SURFACE()
);
#60=(
BOUNDED_SURFACE()
B_SPLINE_SURFACE(3,2,((#1382,#1383,#1384),(#1385,#1386,#1387),(#1388,#1389,
#1390),(#1391,#1392,#1393),(#1394,#1395,#1396),(#1397,#1398,#1399),(#1400,
#1401,#1402),(#1403,#1404,#1405),(#1406,#1407,#1408),(#1409,#1410,#1411),
(#1412,#1413,#1414)),.UNSPECIFIED.,.F.,.F.,.F.)
B_SPLINE_SURFACE_WITH_KNOTS((4,1,1,1,1,1,1,1,4),(3,3),(0.0253763609509537,
0.027776618380439,0.0301768758099243,0.0325771332394096,0.0349773906688949,
0.0373776480983802,0.0397779055278655,0.0421781629573508,0.0445784203868361),
(0.,1.),.UNSPECIFIED.)
GEOMETRIC_REPRESENTATION_ITEM()
RATIONAL_B_SPLINE_SURFACE(((1.,0.923879532511285,1.),(1.,0.925607020563157,
1.),(1.,0.926653794476528,1.),(1.,0.917281551763255,1.),(1.,0.892749359420798,
1.),(1.,0.853446700636315,1.),(1.,0.79992681706131,1.),(1.,0.734083801961836,
1.),(1.,0.653436862971566,1.),(1.,0.591589004999551,1.),(1.,0.558388487723085,
1.)))
REPRESENTATION_ITEM('')
SURFACE()
);
#61=(
BOUNDED_SURFACE()
B_SPLINE_SURFACE(3,2,((#1430,#1431,#1432),(#1433,#1434,#1435),(#1436,#1437,
#1438),(#1439,#1440,#1441),(#1442,#1443,#1444),(#1445,#1446,#1447),(#1448,
#1449,#1450),(#1451,#1452,#1453),(#1454,#1455,#1456),(#1457,#1458,#1459),
(#1460,#1461,#1462)),.UNSPECIFIED.,.F.,.F.,.F.)
B_SPLINE_SURFACE_WITH_KNOTS((4,1,1,1,1,1,1,1,4),(3,3),(0.00548893046487489,
0.0078883499107212,0.0102877693565675,0.0126871888024138,0.0150866082482601,
0.0174860276941065,0.0198854471399528,0.0222848665857991,0.0246842860316454),
(0.,1.),.UNSPECIFIED.)
GEOMETRIC_REPRESENTATION_ITEM()
RATIONAL_B_SPLINE_SURFACE(((1.,0.558399962524963,1.),(1.,0.591507092296731,
1.),(1.,0.654107070224787,1.),(1.,0.734207272008485,1.),(1.,0.800225345430206,
1.),(1.,0.85350631588594,1.),(1.,0.892909449816001,1.),(1.,0.917274631836191,
1.),(1.,0.926652641847804,1.),(1.,0.925607720977192,1.),(1.,0.923879532511286,
1.)))
REPRESENTATION_ITEM('')
SURFACE()
);
#62=(
BOUNDED_SURFACE()
B_SPLINE_SURFACE(3,2,((#1484,#1485,#1486),(#1487,#1488,#1489),(#1490,#1491,
#1492),(#1493,#1494,#1495),(#1496,#1497,#1498),(#1499,#1500,#1501),(#1502,
#1503,#1504),(#1505,#1506,#1507),(#1508,#1509,#1510),(#1511,#1512,#1513),
(#1514,#1515,#1516)),.UNSPECIFIED.,.F.,.F.,.F.)
B_SPLINE_SURFACE_WITH_KNOTS((4,1,1,1,1,1,1,1,4),(3,3),(0.0253763609509536,
0.0277766183804389,0.0301768758099242,0.0325771332394095,0.0349773906688948,
0.0373776480983801,0.0397779055278654,0.0421781629573507,0.044578420386836),
(0.,1.),.UNSPECIFIED.)
GEOMETRIC_REPRESENTATION_ITEM()
RATIONAL_B_SPLINE_SURFACE(((1.,0.923879532511287,1.),(1.,0.925607020560866,
1.),(1.,0.926653794477591,1.),(1.,0.917281551762969,1.),(1.,0.892749359420877,
1.),(1.,0.85344670063628,1.),(1.,0.799926817061366,1.),(1.,0.734083801961633,
1.),(1.,0.653436862972308,1.),(1.,0.591589004997947,1.),(1.,0.55838848772308,
1.)))
REPRESENTATION_ITEM('')
SURFACE()
);
#63=(
BOUNDED_SURFACE()
B_SPLINE_SURFACE(3,2,((#1532,#1533,#1534),(#1535,#1536,#1537),(#1538,#1539,
#1540),(#1541,#1542,#1543),(#1544,#1545,#1546),(#1547,#1548,#1549),(#1550,
#1551,#1552),(#1553,#1554,#1555),(#1556,#1557,#1558),(#1559,#1560,#1561),
(#1562,#1563,#1564)),.UNSPECIFIED.,.F.,.F.,.F.)
B_SPLINE_SURFACE_WITH_KNOTS((4,1,1,1,1,1,1,1,4),(3,3),(0.00548893046487491,
0.00788834991072121,0.0102877693565675,0.0126871888024138,0.0150866082482601,
0.0174860276941064,0.0198854471399527,0.022284866585799,0.0246842860316453),
(0.,1.),.UNSPECIFIED.)
GEOMETRIC_REPRESENTATION_ITEM()
RATIONAL_B_SPLINE_SURFACE(((1.,0.558399962524967,1.),(1.,0.591507092295981,
1.),(1.,0.654107070225137,1.),(1.,0.734207272008393,1.),(1.,0.80022534543023,
1.),(1.,0.853506315885942,1.),(1.,0.892909449815974,1.),(1.,0.917274631836297,
1.),(1.,0.926652641847408,1.),(1.,0.925607720978046,1.),(1.,0.923879532511286,
1.)))
REPRESENTATION_ITEM('')
SURFACE()
);
#64=(
BOUNDED_SURFACE()
B_SPLINE_SURFACE(3,2,((#1586,#1587,#1588),(#1589,#1590,#1591),(#1592,#1593,
#1594),(#1595,#1596,#1597),(#1598,#1599,#1600),(#1601,#1602,#1603),(#1604,
#1605,#1606),(#1607,#1608,#1609),(#1610,#1611,#1612),(#1613,#1614,#1615),
(#1616,#1617,#1618)),.UNSPECIFIED.,.F.,.F.,.F.)
B_SPLINE_SURFACE_WITH_KNOTS((4,1,1,1,1,1,1,1,4),(3,3),(0.0253763609509536,
0.0277766183804389,0.0301768758099242,0.0325771332394095,0.0349773906688949,
0.0373776480983802,0.0397779055278655,0.0421781629573508,0.0445784203868361),
(0.,1.),.UNSPECIFIED.)
GEOMETRIC_REPRESENTATION_ITEM()
RATIONAL_B_SPLINE_SURFACE(((1.,0.923879532511286,1.),(1.,0.925607020562214,
1.),(1.,0.926653794476966,1.),(1.,0.917281551763137,1.),(1.,0.892749359420828,
1.),(1.,0.85344670063631,1.),(1.,0.799926817061299,1.),(1.,0.734083801961879,
1.),(1.,0.6534368629714,1.),(1.,0.591589004999904,1.),(1.,0.558388487723082,
1.)))
REPRESENTATION_ITEM('')
SURFACE()
);
#65=(
BOUNDED_SURFACE()
B_SPLINE_SURFACE(3,2,((#1642,#1643,#1644),(#1645,#1646,#1647),(#1648,#1649,
#1650),(#1651,#1652,#1653)),.UNSPECIFIED.,.F.,.F.,.F.)
B_SPLINE_SURFACE_WITH_KNOTS((4,4),(3,3),(-1.73472347597681E-17,0.00653791087015478),
(0.,1.),.PIECEWISE_BEZIER_KNOTS.)
GEOMETRIC_REPRESENTATION_ITEM()
RATIONAL_B_SPLINE_SURFACE(((1.,0.726769697856019,1.),(1.,0.7281082271662,
1.),(1.,0.729701932479013,1.),(1.,0.731813430526346,1.)))
REPRESENTATION_ITEM('')
SURFACE()
);
#66=B_SPLINE_CURVE_WITH_KNOTS('',3,(#984,#985,#986,#987),.UNSPECIFIED.,
 .F.,.F.,(4,4),(0.,0.00646651599960288),.UNSPECIFIED.);
#67=B_SPLINE_CURVE_WITH_KNOTS('',3,(#990,#991,#992,#993,#994),
 .UNSPECIFIED.,.F.,.F.,(4,1,4),(0.,0.0017251577337098,0.0034503154674196),
 .UNSPECIFIED.);
#68=B_SPLINE_CURVE_WITH_KNOTS('',3,(#996,#997,#998,#999,#1000),
 .UNSPECIFIED.,.F.,.F.,(4,1,4),(-0.00163667872491704,0.000104286274642075,
0.00184525127420119),.UNSPECIFIED.);
#69=B_SPLINE_CURVE_WITH_KNOTS('',3,(#1002,#1003,#1004,#1005),
 .UNSPECIFIED.,.F.,.F.,(4,4),(0.,0.00646651599960288),.UNSPECIFIED.);
#70=B_SPLINE_CURVE_WITH_KNOTS('',3,(#1009,#1010,#1011,#1012),
 .UNSPECIFIED.,.F.,.F.,(4,4),(0.,0.00646651599960286),.UNSPECIFIED.);
#71=B_SPLINE_CURVE_WITH_KNOTS('',3,(#1015,#1016,#1017,#1018,#1019),
 .UNSPECIFIED.,.F.,.F.,(4,1,4),(0.,0.0017251577337098,0.00345031546741961),
 .UNSPECIFIED.);
#72=B_SPLINE_CURVE_WITH_KNOTS('',3,(#1021,#1022,#1023,#1024,#1025),
 .UNSPECIFIED.,.F.,.F.,(4,1,4),(-0.001636678724917,0.000104286274642109,
0.00184525127420122),.UNSPECIFIED.);
#73=B_SPLINE_CURVE_WITH_KNOTS('',3,(#1027,#1028,#1029,#1030),
 .UNSPECIFIED.,.F.,.F.,(4,4),(0.,0.00646651599960287),.UNSPECIFIED.);
#74=B_SPLINE_CURVE_WITH_KNOTS('',3,(#1034,#1035,#1036,#1037),
 .UNSPECIFIED.,.F.,.F.,(4,4),(0.,0.00646651599960287),.UNSPECIFIED.);
#75=B_SPLINE_CURVE_WITH_KNOTS('',3,(#1040,#1041,#1042,#1043,#1044),
 .UNSPECIFIED.,.F.,.F.,(4,1,4),(0.,0.0017251577337098,0.0034503154674196),
 .UNSPECIFIED.);
#76=B_SPLINE_CURVE_WITH_KNOTS('',3,(#1046,#1047,#1048,#1049,#1050),
 .UNSPECIFIED.,.F.,.F.,(4,1,4),(-0.00163667872491708,0.00010428627464203,
0.00184525127420113),.UNSPECIFIED.);
#77=B_SPLINE_CURVE_WITH_KNOTS('',3,(#1052,#1053,#1054,#1055),
 .UNSPECIFIED.,.F.,.F.,(4,4),(0.,0.00646651599960287),.UNSPECIFIED.);
#78=B_SPLINE_CURVE_WITH_KNOTS('',3,(#1095,#1096,#1097,#1098,#1099),
 .UNSPECIFIED.,.F.,.F.,(4,1,4),(0.,0.00401641508490446,0.00803283016980893),
 .UNSPECIFIED.);
#79=B_SPLINE_CURVE_WITH_KNOTS('',3,(#1101,#1102,#1103,#1104,#1105,#1106),
 .UNSPECIFIED.,.F.,.F.,(4,1,1,4),(0.,0.00198631142889325,0.00397262285778651,
0.00794524571557301),.UNSPECIFIED.);
#80=B_SPLINE_CURVE_WITH_KNOTS('',3,(#1119,#1120,#1121,#1122,#1123,#1124,
#1125),.UNSPECIFIED.,.F.,.F.,(4,1,1,1,4),(0.,0.00170533834907339,0.00341067669814678,
0.00511601504722017,0.00682135339629356),.UNSPECIFIED.);
#81=B_SPLINE_CURVE_WITH_KNOTS('',3,(#1127,#1128,#1129,#1130),
 .UNSPECIFIED.,.F.,.F.,(4,4),(0.,0.00217358664572162),.UNSPECIFIED.);
#82=B_SPLINE_CURVE_WITH_KNOTS('',3,(#1143,#1144,#1145,#1146,#1147,#1148,
#1149),.UNSPECIFIED.,.F.,.F.,(4,1,1,1,4),(0.,0.00170423957461593,0.00340847914923185,
0.00511271872384778,0.00681695829846371),.UNSPECIFIED.);
#83=B_SPLINE_CURVE_WITH_KNOTS('',3,(#1151,#1152,#1153,#1154),
 .UNSPECIFIED.,.F.,.F.,(4,4),(0.,0.00217358664572162),.UNSPECIFIED.);
#84=B_SPLINE_CURVE_WITH_KNOTS('',3,(#1192,#1193,#1194,#1195,#1196),
 .UNSPECIFIED.,.F.,.F.,(4,1,4),(0.,0.00401641508490446,0.00803283016980892),
 .UNSPECIFIED.);
#85=B_SPLINE_CURVE_WITH_KNOTS('',3,(#1198,#1199,#1200,#1201,#1202,#1203),
 .UNSPECIFIED.,.F.,.F.,(4,1,1,4),(0.,0.00198631142889325,0.0039726228577865,
0.007945245715573),.UNSPECIFIED.);
#86=B_SPLINE_CURVE_WITH_KNOTS('',3,(#1216,#1217,#1218,#1219,#1220,#1221,
#1222),.UNSPECIFIED.,.F.,.F.,(4,1,1,1,4),(0.,0.00170533834907334,0.00341067669814668,
0.00511601504722003,0.00682135339629337),.UNSPECIFIED.);
#87=B_SPLINE_CURVE_WITH_KNOTS('',3,(#1224,#1225,#1226,#1227),
 .UNSPECIFIED.,.F.,.F.,(4,4),(0.,0.00217358664572161),.UNSPECIFIED.);
#88=B_SPLINE_CURVE_WITH_KNOTS('',3,(#1240,#1241,#1242,#1243,#1244,#1245,
#1246),.UNSPECIFIED.,.F.,.F.,(4,1,1,1,4),(0.,0.00170423957461594,0.00340847914923188,
0.00511271872384783,0.00681695829846377),.UNSPECIFIED.);
#89=B_SPLINE_CURVE_WITH_KNOTS('',3,(#1248,#1249,#1250,#1251),
 .UNSPECIFIED.,.F.,.F.,(4,4),(0.,0.00217358664572158),.UNSPECIFIED.);
#90=B_SPLINE_CURVE_WITH_KNOTS('',3,(#1289,#1290,#1291,#1292,#1293),
 .UNSPECIFIED.,.F.,.F.,(4,1,4),(5.28257506288009E-19,0.00401641508490447,
0.00803283016980894),.UNSPECIFIED.);
#91=B_SPLINE_CURVE_WITH_KNOTS('',3,(#1295,#1296,#1297,#1298,#1299,#1300),
 .UNSPECIFIED.,.F.,.F.,(4,1,1,4),(0.,0.00198631142889325,0.0039726228577865,
0.00794524571557299),.UNSPECIFIED.);
#92=B_SPLINE_CURVE_WITH_KNOTS('',3,(#1313,#1314,#1315,#1316,#1317,#1318,
#1319),.UNSPECIFIED.,.F.,.F.,(4,1,1,1,4),(0.,0.00170533834907334,0.00341067669814667,
0.00511601504722001,0.00682135339629334),.UNSPECIFIED.);
#93=B_SPLINE_CURVE_WITH_KNOTS('',3,(#1321,#1322,#1323,#1324),
 .UNSPECIFIED.,.F.,.F.,(4,4),(0.,0.00217358664572158),.UNSPECIFIED.);
#94=B_SPLINE_CURVE_WITH_KNOTS('',3,(#1361,#1362,#1363,#1364,#1365),
 .UNSPECIFIED.,.F.,.F.,(4,1,4),(0.,0.0040560246023659,0.0081120492047318),
 .UNSPECIFIED.);
#95=B_SPLINE_CURVE_WITH_KNOTS('',3,(#1367,#1368,#1369,#1370,#1371,#1372,
#1373,#1374,#1375),.UNSPECIFIED.,.F.,.F.,(4,1,1,1,1,1,4),(0.,0.00227661573124228,
0.00455323146248456,0.00682984719372685,0.00910646292496913,0.0136596943874537,
0.0182129258499383),.UNSPECIFIED.);
#96=B_SPLINE_CURVE_WITH_KNOTS('',3,(#1415,#1416,#1417,#1418,#1419,#1420,
#1421,#1422,#1423),.UNSPECIFIED.,.F.,.F.,(4,1,1,1,1,1,4),(0.,0.00455094016566243,
0.00910188033132485,0.0113773504141561,0.0136528204969873,0.0159282905798185,
0.0182037606626497),.UNSPECIFIED.);
#97=B_SPLINE_CURVE_WITH_KNOTS('',3,(#1425,#1426,#1427,#1428,#1429),
 .UNSPECIFIED.,.F.,.F.,(4,1,4),(0.,0.00405602460236586,0.00811204920473172),
 .UNSPECIFIED.);
#98=B_SPLINE_CURVE_WITH_KNOTS('',3,(#1463,#1464,#1465,#1466,#1467),
 .UNSPECIFIED.,.F.,.F.,(4,1,4),(0.,0.00405602460236591,0.00811204920473182),
 .UNSPECIFIED.);
#99=B_SPLINE_CURVE_WITH_KNOTS('',3,(#1469,#1470,#1471,#1472,#1473,#1474,
#1475,#1476,#1477),.UNSPECIFIED.,.F.,.F.,(4,1,1,1,1,1,4),(0.,0.00227661573124227,
0.00455323146248453,0.0068298471937268,0.00910646292496907,0.0136596943874536,
0.0182129258499381),.UNSPECIFIED.);
#100=B_SPLINE_CURVE_WITH_KNOTS('',3,(#1517,#1518,#1519,#1520,#1521,#1522,
#1523,#1524,#1525),.UNSPECIFIED.,.F.,.F.,(4,1,1,1,1,1,4),(7.35980840008019E-18,
0.00455094016566244,0.00910188033132488,0.0113773504141561,0.0136528204969873,
0.0159282905798185,0.0182037606626498),.UNSPECIFIED.);
#101=B_SPLINE_CURVE_WITH_KNOTS('',3,(#1527,#1528,#1529,#1530,#1531),
 .UNSPECIFIED.,.F.,.F.,(4,1,4),(0.,0.00405602460236587,0.00811204920473173),
 .UNSPECIFIED.);
#102=B_SPLINE_CURVE_WITH_KNOTS('',3,(#1565,#1566,#1567,#1568,#1569),
 .UNSPECIFIED.,.F.,.F.,(4,1,4),(0.,0.00405602460236586,0.00811204920473173),
 .UNSPECIFIED.);
#103=B_SPLINE_CURVE_WITH_KNOTS('',3,(#1571,#1572,#1573,#1574,#1575,#1576,
#1577,#1578,#1579),.UNSPECIFIED.,.F.,.F.,(4,1,1,1,1,1,4),(0.,0.00227661573124225,
0.00455323146248451,0.00682984719372676,0.00910646292496901,0.0136596943874535,
0.018212925849938),.UNSPECIFIED.);
#104=B_SPLINE_CURVE_WITH_KNOTS('',3,(#1619,#1620,#1621,#1622,#1623,#1624,
#1625,#1626,#1627),.UNSPECIFIED.,.F.,.F.,(4,1,1,1,1,1,4),(0.,0.00455094016566243,
0.00910188033132486,0.0113773504141561,0.0136528204969873,0.0159282905798185,
0.0182037606626497),.UNSPECIFIED.);
#105=B_SPLINE_CURVE_WITH_KNOTS('',3,(#1629,#1630,#1631,#1632,#1633),
 .UNSPECIFIED.,.F.,.F.,(4,1,4),(0.,0.00405602460236587,0.00811204920473174),
 .UNSPECIFIED.);
#106=B_SPLINE_CURVE_WITH_KNOTS('',3,(#1635,#1636,#1637,#1638,#1639,#1640,
#1641),.UNSPECIFIED.,.F.,.F.,(4,1,1,1,4),(0.,0.00170423957461594,0.00340847914923187,
0.00511271872384781,0.00681695829846374),.UNSPECIFIED.);
#107=B_SPLINE_CURVE_WITH_KNOTS('',3,(#1654,#1655,#1656,#1657),
 .UNSPECIFIED.,.F.,.F.,(4,4),(0.,0.00217358664572161),.UNSPECIFIED.);
#108=CONICAL_SURFACE('',#741,0.02667,0.785398163397448);
#109=CONICAL_SURFACE('',#743,0.02667,0.785398163397449);
#110=CONICAL_SURFACE('',#745,0.01905,0.785398163397448);
#111=CONICAL_SURFACE('',#796,0.015875,0.785398163397448);
#112=PLANE('',#729);
#113=PLANE('',#736);
#114=PLANE('',#740);
#115=PLANE('',#753);
#116=PLANE('',#767);
#117=PLANE('',#769);
#118=PLANE('',#771);
#119=PLANE('',#775);
#120=PLANE('',#776);
#121=PLANE('',#779);
#122=PLANE('',#780);
#123=PLANE('',#783);
#124=PLANE('',#788);
#125=PLANE('',#795);
#126=ORIENTED_EDGE('',*,*,#324,.T.);
#127=ORIENTED_EDGE('',*,*,#325,.T.);
#128=ORIENTED_EDGE('',*,*,#326,.F.);
#129=ORIENTED_EDGE('',*,*,#327,.T.);
#130=ORIENTED_EDGE('',*,*,#326,.T.);
#131=ORIENTED_EDGE('',*,*,#328,.F.);
#132=ORIENTED_EDGE('',*,*,#329,.T.);
#133=ORIENTED_EDGE('',*,*,#325,.F.);
#134=ORIENTED_EDGE('',*,*,#328,.T.);
#135=ORIENTED_EDGE('',*,*,#330,.F.);
#136=ORIENTED_EDGE('',*,*,#331,.T.);
#137=ORIENTED_EDGE('',*,*,#329,.F.);
#138=ORIENTED_EDGE('',*,*,#330,.T.);
#139=ORIENTED_EDGE('',*,*,#332,.T.);
#140=ORIENTED_EDGE('',*,*,#333,.T.);
#141=ORIENTED_EDGE('',*,*,#334,.T.);
#142=ORIENTED_EDGE('',*,*,#335,.T.);
#143=ORIENTED_EDGE('',*,*,#336,.T.);
#144=ORIENTED_EDGE('',*,*,#337,.T.);
#145=ORIENTED_EDGE('',*,*,#338,.T.);
#146=ORIENTED_EDGE('',*,*,#339,.T.);
#147=ORIENTED_EDGE('',*,*,#340,.T.);
#148=ORIENTED_EDGE('',*,*,#341,.T.);
#149=ORIENTED_EDGE('',*,*,#342,.T.);
#150=ORIENTED_EDGE('',*,*,#343,.T.);
#151=ORIENTED_EDGE('',*,*,#344,.T.);
#152=ORIENTED_EDGE('',*,*,#345,.T.);
#153=ORIENTED_EDGE('',*,*,#346,.T.);
#154=ORIENTED_EDGE('',*,*,#347,.T.);
#155=ORIENTED_EDGE('',*,*,#344,.F.);
#156=ORIENTED_EDGE('',*,*,#343,.F.);
#157=ORIENTED_EDGE('',*,*,#348,.T.);
#158=ORIENTED_EDGE('',*,*,#349,.F.);
#159=ORIENTED_EDGE('',*,*,#350,.F.);
#160=ORIENTED_EDGE('',*,*,#351,.T.);
#161=ORIENTED_EDGE('',*,*,#345,.F.);
#162=ORIENTED_EDGE('',*,*,#347,.F.);
#163=ORIENTED_EDGE('',*,*,#352,.F.);
#164=ORIENTED_EDGE('',*,*,#353,.T.);
#165=ORIENTED_EDGE('',*,*,#354,.F.);
#166=ORIENTED_EDGE('',*,*,#355,.F.);
#167=ORIENTED_EDGE('',*,*,#337,.F.);
#168=ORIENTED_EDGE('',*,*,#356,.T.);
#169=ORIENTED_EDGE('',*,*,#339,.F.);
#170=ORIENTED_EDGE('',*,*,#338,.F.);
#171=ORIENTED_EDGE('',*,*,#355,.T.);
#172=ORIENTED_EDGE('',*,*,#357,.F.);
#173=ORIENTED_EDGE('',*,*,#358,.F.);
#174=ORIENTED_EDGE('',*,*,#359,.T.);
#175=ORIENTED_EDGE('',*,*,#340,.F.);
#176=ORIENTED_EDGE('',*,*,#356,.F.);
#177=ORIENTED_EDGE('',*,*,#360,.F.);
#178=ORIENTED_EDGE('',*,*,#361,.T.);
#179=ORIENTED_EDGE('',*,*,#362,.F.);
#180=ORIENTED_EDGE('',*,*,#363,.F.);
#181=ORIENTED_EDGE('',*,*,#332,.F.);
#182=ORIENTED_EDGE('',*,*,#364,.T.);
#183=ORIENTED_EDGE('',*,*,#334,.F.);
#184=ORIENTED_EDGE('',*,*,#333,.F.);
#185=ORIENTED_EDGE('',*,*,#363,.T.);
#186=ORIENTED_EDGE('',*,*,#365,.F.);
#187=ORIENTED_EDGE('',*,*,#366,.F.);
#188=ORIENTED_EDGE('',*,*,#367,.T.);
#189=ORIENTED_EDGE('',*,*,#335,.F.);
#190=ORIENTED_EDGE('',*,*,#364,.F.);
#191=ORIENTED_EDGE('',*,*,#368,.F.);
#192=ORIENTED_EDGE('',*,*,#369,.F.);
#193=ORIENTED_EDGE('',*,*,#370,.F.);
#194=ORIENTED_EDGE('',*,*,#371,.F.);
#195=ORIENTED_EDGE('',*,*,#372,.F.);
#196=ORIENTED_EDGE('',*,*,#367,.F.);
#197=ORIENTED_EDGE('',*,*,#372,.T.);
#198=ORIENTED_EDGE('',*,*,#373,.F.);
#199=ORIENTED_EDGE('',*,*,#374,.F.);
#200=ORIENTED_EDGE('',*,*,#336,.F.);
#201=ORIENTED_EDGE('',*,*,#375,.F.);
#202=ORIENTED_EDGE('',*,*,#376,.F.);
#203=ORIENTED_EDGE('',*,*,#361,.F.);
#204=ORIENTED_EDGE('',*,*,#374,.T.);
#205=ORIENTED_EDGE('',*,*,#377,.F.);
#206=ORIENTED_EDGE('',*,*,#378,.F.);
#207=ORIENTED_EDGE('',*,*,#379,.F.);
#208=ORIENTED_EDGE('',*,*,#359,.F.);
#209=ORIENTED_EDGE('',*,*,#379,.T.);
#210=ORIENTED_EDGE('',*,*,#380,.F.);
#211=ORIENTED_EDGE('',*,*,#381,.F.);
#212=ORIENTED_EDGE('',*,*,#341,.F.);
#213=ORIENTED_EDGE('',*,*,#382,.F.);
#214=ORIENTED_EDGE('',*,*,#383,.F.);
#215=ORIENTED_EDGE('',*,*,#353,.F.);
#216=ORIENTED_EDGE('',*,*,#381,.T.);
#217=ORIENTED_EDGE('',*,*,#384,.F.);
#218=ORIENTED_EDGE('',*,*,#385,.F.);
#219=ORIENTED_EDGE('',*,*,#386,.F.);
#220=ORIENTED_EDGE('',*,*,#351,.F.);
#221=ORIENTED_EDGE('',*,*,#386,.T.);
#222=ORIENTED_EDGE('',*,*,#387,.F.);
#223=ORIENTED_EDGE('',*,*,#388,.F.);
#224=ORIENTED_EDGE('',*,*,#346,.F.);
#225=ORIENTED_EDGE('',*,*,#389,.F.);
#226=ORIENTED_EDGE('',*,*,#390,.F.);
#227=ORIENTED_EDGE('',*,*,#391,.F.);
#228=ORIENTED_EDGE('',*,*,#388,.T.);
#229=ORIENTED_EDGE('',*,*,#391,.T.);
#230=ORIENTED_EDGE('',*,*,#392,.F.);
#231=ORIENTED_EDGE('',*,*,#348,.F.);
#232=ORIENTED_EDGE('',*,*,#342,.F.);
#233=ORIENTED_EDGE('',*,*,#393,.T.);
#234=ORIENTED_EDGE('',*,*,#394,.T.);
#235=ORIENTED_EDGE('',*,*,#395,.T.);
#236=ORIENTED_EDGE('',*,*,#350,.T.);
#237=ORIENTED_EDGE('',*,*,#349,.T.);
#238=ORIENTED_EDGE('',*,*,#396,.T.);
#239=ORIENTED_EDGE('',*,*,#397,.F.);
#240=ORIENTED_EDGE('',*,*,#398,.F.);
#241=ORIENTED_EDGE('',*,*,#384,.T.);
#242=ORIENTED_EDGE('',*,*,#352,.T.);
#243=ORIENTED_EDGE('',*,*,#398,.T.);
#244=ORIENTED_EDGE('',*,*,#399,.T.);
#245=ORIENTED_EDGE('',*,*,#400,.F.);
#246=ORIENTED_EDGE('',*,*,#401,.F.);
#247=ORIENTED_EDGE('',*,*,#354,.T.);
#248=ORIENTED_EDGE('',*,*,#383,.T.);
#249=ORIENTED_EDGE('',*,*,#402,.F.);
#250=ORIENTED_EDGE('',*,*,#403,.F.);
#251=ORIENTED_EDGE('',*,*,#358,.T.);
#252=ORIENTED_EDGE('',*,*,#357,.T.);
#253=ORIENTED_EDGE('',*,*,#401,.T.);
#254=ORIENTED_EDGE('',*,*,#404,.F.);
#255=ORIENTED_EDGE('',*,*,#405,.F.);
#256=ORIENTED_EDGE('',*,*,#377,.T.);
#257=ORIENTED_EDGE('',*,*,#360,.T.);
#258=ORIENTED_EDGE('',*,*,#405,.T.);
#259=ORIENTED_EDGE('',*,*,#406,.T.);
#260=ORIENTED_EDGE('',*,*,#407,.T.);
#261=ORIENTED_EDGE('',*,*,#408,.F.);
#262=ORIENTED_EDGE('',*,*,#362,.T.);
#263=ORIENTED_EDGE('',*,*,#376,.T.);
#264=ORIENTED_EDGE('',*,*,#409,.F.);
#265=ORIENTED_EDGE('',*,*,#410,.F.);
#266=ORIENTED_EDGE('',*,*,#366,.T.);
#267=ORIENTED_EDGE('',*,*,#365,.T.);
#268=ORIENTED_EDGE('',*,*,#408,.T.);
#269=ORIENTED_EDGE('',*,*,#411,.F.);
#270=ORIENTED_EDGE('',*,*,#412,.F.);
#271=ORIENTED_EDGE('',*,*,#370,.T.);
#272=ORIENTED_EDGE('',*,*,#368,.T.);
#273=ORIENTED_EDGE('',*,*,#412,.T.);
#274=ORIENTED_EDGE('',*,*,#413,.T.);
#275=ORIENTED_EDGE('',*,*,#414,.T.);
#276=ORIENTED_EDGE('',*,*,#387,.T.);
#277=ORIENTED_EDGE('',*,*,#385,.T.);
#278=ORIENTED_EDGE('',*,*,#400,.T.);
#279=ORIENTED_EDGE('',*,*,#415,.F.);
#280=ORIENTED_EDGE('',*,*,#402,.T.);
#281=ORIENTED_EDGE('',*,*,#382,.T.);
#282=ORIENTED_EDGE('',*,*,#380,.T.);
#283=ORIENTED_EDGE('',*,*,#378,.T.);
#284=ORIENTED_EDGE('',*,*,#407,.F.);
#285=ORIENTED_EDGE('',*,*,#416,.F.);
#286=ORIENTED_EDGE('',*,*,#409,.T.);
#287=ORIENTED_EDGE('',*,*,#375,.T.);
#288=ORIENTED_EDGE('',*,*,#373,.T.);
#289=ORIENTED_EDGE('',*,*,#371,.T.);
#290=ORIENTED_EDGE('',*,*,#414,.F.);
#291=ORIENTED_EDGE('',*,*,#417,.F.);
#292=ORIENTED_EDGE('',*,*,#418,.F.);
#293=ORIENTED_EDGE('',*,*,#389,.T.);
#294=ORIENTED_EDGE('',*,*,#369,.T.);
#295=ORIENTED_EDGE('',*,*,#396,.F.);
#296=ORIENTED_EDGE('',*,*,#392,.T.);
#297=ORIENTED_EDGE('',*,*,#390,.T.);
#298=ORIENTED_EDGE('',*,*,#418,.T.);
#299=ORIENTED_EDGE('',*,*,#419,.F.);
#300=ORIENTED_EDGE('',*,*,#393,.F.);
#301=ORIENTED_EDGE('',*,*,#420,.T.);
#302=ORIENTED_EDGE('',*,*,#394,.F.);
#303=ORIENTED_EDGE('',*,*,#421,.T.);
#304=ORIENTED_EDGE('',*,*,#395,.F.);
#305=ORIENTED_EDGE('',*,*,#422,.T.);
#306=ORIENTED_EDGE('',*,*,#331,.F.);
#307=ORIENTED_EDGE('',*,*,#422,.F.);
#308=ORIENTED_EDGE('',*,*,#421,.F.);
#309=ORIENTED_EDGE('',*,*,#420,.F.);
#310=ORIENTED_EDGE('',*,*,#419,.T.);
#311=ORIENTED_EDGE('',*,*,#417,.T.);
#312=ORIENTED_EDGE('',*,*,#413,.F.);
#313=ORIENTED_EDGE('',*,*,#411,.T.);
#314=ORIENTED_EDGE('',*,*,#410,.T.);
#315=ORIENTED_EDGE('',*,*,#416,.T.);
#316=ORIENTED_EDGE('',*,*,#406,.F.);
#317=ORIENTED_EDGE('',*,*,#404,.T.);
#318=ORIENTED_EDGE('',*,*,#403,.T.);
#319=ORIENTED_EDGE('',*,*,#415,.T.);
#320=ORIENTED_EDGE('',*,*,#399,.F.);
#321=ORIENTED_EDGE('',*,*,#397,.T.);
#322=ORIENTED_EDGE('',*,*,#324,.F.);
#323=ORIENTED_EDGE('',*,*,#327,.F.);
#324=EDGE_CURVE('',#423,#423,#492,.T.);
#325=EDGE_CURVE('',#424,#424,#493,.T.);
#326=EDGE_CURVE('',#425,#425,#494,.T.);
#327=EDGE_CURVE('',#426,#426,#495,.T.);
#328=EDGE_CURVE('',#427,#427,#496,.T.);
#329=EDGE_CURVE('',#428,#428,#497,.T.);
#330=EDGE_CURVE('',#429,#429,#498,.T.);
#331=EDGE_CURVE('',#430,#430,#499,.T.);
#332=EDGE_CURVE('',#431,#432,#66,.T.);
#333=EDGE_CURVE('',#432,#433,#67,.T.);
#334=EDGE_CURVE('',#433,#434,#68,.T.);
#335=EDGE_CURVE('',#434,#435,#69,.T.);
#336=EDGE_CURVE('',#435,#431,#500,.T.);
#337=EDGE_CURVE('',#436,#437,#70,.T.);
#338=EDGE_CURVE('',#437,#438,#71,.T.);
#339=EDGE_CURVE('',#438,#439,#72,.T.);
#340=EDGE_CURVE('',#439,#440,#73,.T.);
#341=EDGE_CURVE('',#440,#436,#501,.T.);
#342=EDGE_CURVE('',#441,#442,#74,.T.);
#343=EDGE_CURVE('',#442,#443,#75,.T.);
#344=EDGE_CURVE('',#443,#444,#76,.T.);
#345=EDGE_CURVE('',#444,#445,#77,.T.);
#346=EDGE_CURVE('',#445,#441,#502,.T.);
#347=EDGE_CURVE('',#446,#444,#503,.T.);
#348=EDGE_CURVE('',#442,#447,#504,.T.);
#349=EDGE_CURVE('',#448,#447,#78,.T.);
#350=EDGE_CURVE('',#446,#448,#79,.T.);
#351=EDGE_CURVE('',#449,#445,#80,.T.);
#352=EDGE_CURVE('',#449,#446,#81,.T.);
#353=EDGE_CURVE('',#436,#450,#82,.T.);
#354=EDGE_CURVE('',#451,#450,#83,.T.);
#355=EDGE_CURVE('',#437,#451,#505,.T.);
#356=EDGE_CURVE('',#452,#439,#506,.T.);
#357=EDGE_CURVE('',#453,#451,#84,.T.);
#358=EDGE_CURVE('',#452,#453,#85,.T.);
#359=EDGE_CURVE('',#454,#440,#86,.T.);
#360=EDGE_CURVE('',#454,#452,#87,.T.);
#361=EDGE_CURVE('',#431,#455,#88,.T.);
#362=EDGE_CURVE('',#456,#455,#89,.T.);
#363=EDGE_CURVE('',#432,#456,#507,.T.);
#364=EDGE_CURVE('',#457,#434,#508,.T.);
#365=EDGE_CURVE('',#458,#456,#90,.T.);
#366=EDGE_CURVE('',#457,#458,#91,.T.);
#367=EDGE_CURVE('',#459,#435,#92,.T.);
#368=EDGE_CURVE('',#459,#457,#93,.T.);
#369=EDGE_CURVE('',#460,#460,#509,.T.);
#370=EDGE_CURVE('',#461,#459,#94,.T.);
#371=EDGE_CURVE('',#462,#461,#95,.T.);
#372=EDGE_CURVE('',#435,#462,#510,.T.);
#373=EDGE_CURVE('',#463,#462,#511,.T.);
#374=EDGE_CURVE('',#431,#463,#512,.T.);
#375=EDGE_CURVE('',#464,#463,#96,.T.);
#376=EDGE_CURVE('',#455,#464,#97,.F.);
#377=EDGE_CURVE('',#465,#454,#98,.T.);
#378=EDGE_CURVE('',#466,#465,#99,.T.);
#379=EDGE_CURVE('',#440,#466,#513,.T.);
#380=EDGE_CURVE('',#467,#466,#514,.T.);
#381=EDGE_CURVE('',#436,#467,#515,.T.);
#382=EDGE_CURVE('',#468,#467,#100,.T.);
#383=EDGE_CURVE('',#450,#468,#101,.F.);
#384=EDGE_CURVE('',#469,#449,#102,.T.);
#385=EDGE_CURVE('',#470,#469,#103,.T.);
#386=EDGE_CURVE('',#445,#470,#516,.T.);
#387=EDGE_CURVE('',#471,#470,#517,.T.);
#388=EDGE_CURVE('',#441,#471,#518,.T.);
#389=EDGE_CURVE('',#472,#471,#104,.T.);
#390=EDGE_CURVE('',#473,#472,#105,.F.);
#391=EDGE_CURVE('',#441,#473,#106,.T.);
#392=EDGE_CURVE('',#447,#473,#107,.T.);
#393=EDGE_CURVE('',#474,#474,#519,.T.);
#394=EDGE_CURVE('',#475,#475,#520,.T.);
#395=EDGE_CURVE('',#476,#476,#521,.T.);
#396=EDGE_CURVE('',#447,#477,#12,.T.);
#397=EDGE_CURVE('',#478,#477,#522,.T.);
#398=EDGE_CURVE('',#446,#478,#13,.T.);
#399=EDGE_CURVE('',#478,#479,#14,.T.);
#400=EDGE_CURVE('',#469,#479,#15,.F.);
#401=EDGE_CURVE('',#451,#480,#16,.T.);
#402=EDGE_CURVE('',#481,#468,#17,.T.);
#403=EDGE_CURVE('',#480,#481,#18,.T.);
#404=EDGE_CURVE('',#482,#480,#523,.T.);
#405=EDGE_CURVE('',#452,#482,#19,.T.);
#406=EDGE_CURVE('',#482,#483,#20,.T.);
#407=EDGE_CURVE('',#483,#465,#21,.T.);
#408=EDGE_CURVE('',#456,#484,#22,.T.);
#409=EDGE_CURVE('',#485,#464,#23,.T.);
#410=EDGE_CURVE('',#484,#485,#24,.T.);
#411=EDGE_CURVE('',#486,#484,#524,.T.);
#412=EDGE_CURVE('',#457,#486,#25,.T.);
#413=EDGE_CURVE('',#486,#487,#26,.T.);
#414=EDGE_CURVE('',#487,#461,#27,.T.);
#415=EDGE_CURVE('',#481,#479,#525,.T.);
#416=EDGE_CURVE('',#485,#483,#526,.T.);
#417=EDGE_CURVE('',#488,#487,#527,.T.);
#418=EDGE_CURVE('',#472,#488,#28,.F.);
#419=EDGE_CURVE('',#477,#488,#29,.T.);
#420=EDGE_CURVE('',#489,#489,#528,.T.);
#421=EDGE_CURVE('',#490,#490,#529,.T.);
#422=EDGE_CURVE('',#491,#491,#530,.T.);
#423=VERTEX_POINT('',#962);
#424=VERTEX_POINT('',#964);
#425=VERTEX_POINT('',#967);
#426=VERTEX_POINT('',#970);
#427=VERTEX_POINT('',#973);
#428=VERTEX_POINT('',#975);
#429=VERTEX_POINT('',#979);
#430=VERTEX_POINT('',#981);
#431=VERTEX_POINT('',#988);
#432=VERTEX_POINT('',#989);
#433=VERTEX_POINT('',#995);
#434=VERTEX_POINT('',#1001);
#435=VERTEX_POINT('',#1006);
#436=VERTEX_POINT('',#1013);
#437=VERTEX_POINT('',#1014);
#438=VERTEX_POINT('',#1020);
#439=VERTEX_POINT('',#1026);
#440=VERTEX_POINT('',#1031);
#441=VERTEX_POINT('',#1038);
#442=VERTEX_POINT('',#1039);
#443=VERTEX_POINT('',#1045);
#444=VERTEX_POINT('',#1051);
#445=VERTEX_POINT('',#1056);
#446=VERTEX_POINT('',#1092);
#447=VERTEX_POINT('',#1094);
#448=VERTEX_POINT('',#1100);
#449=VERTEX_POINT('',#1126);
#450=VERTEX_POINT('',#1150);
#451=VERTEX_POINT('',#1155);
#452=VERTEX_POINT('',#1191);
#453=VERTEX_POINT('',#1197);
#454=VERTEX_POINT('',#1223);
#455=VERTEX_POINT('',#1247);
#456=VERTEX_POINT('',#1252);
#457=VERTEX_POINT('',#1288);
#458=VERTEX_POINT('',#1294);
#459=VERTEX_POINT('',#1320);
#460=VERTEX_POINT('',#1327);
#461=VERTEX_POINT('',#1366);
#462=VERTEX_POINT('',#1376);
#463=VERTEX_POINT('',#1380);
#464=VERTEX_POINT('',#1424);
#465=VERTEX_POINT('',#1468);
#466=VERTEX_POINT('',#1478);
#467=VERTEX_POINT('',#1482);
#468=VERTEX_POINT('',#1526);
#469=VERTEX_POINT('',#1570);
#470=VERTEX_POINT('',#1580);
#471=VERTEX_POINT('',#1584);
#472=VERTEX_POINT('',#1628);
#473=VERTEX_POINT('',#1634);
#474=VERTEX_POINT('',#1660);
#475=VERTEX_POINT('',#1663);
#476=VERTEX_POINT('',#1666);
#477=VERTEX_POINT('',#1669);
#478=VERTEX_POINT('',#1671);
#479=VERTEX_POINT('',#1675);
#480=VERTEX_POINT('',#1679);
#481=VERTEX_POINT('',#1681);
#482=VERTEX_POINT('',#1685);
#483=VERTEX_POINT('',#1689);
#484=VERTEX_POINT('',#1693);
#485=VERTEX_POINT('',#1695);
#486=VERTEX_POINT('',#1699);
#487=VERTEX_POINT('',#1703);
#488=VERTEX_POINT('',#1709);
#489=VERTEX_POINT('',#1715);
#490=VERTEX_POINT('',#1718);
#491=VERTEX_POINT('',#1721);
#492=CIRCLE('',#727,0.0127);
#493=CIRCLE('',#728,0.0127);
#494=CIRCLE('',#730,0.015875);
#495=CIRCLE('',#732,0.015875);
#496=CIRCLE('',#734,0.015748);
#497=CIRCLE('',#735,0.015748);
#498=CIRCLE('',#738,0.01778);
#499=CIRCLE('',#739,0.01778);
#500=CIRCLE('',#742,0.0199799359697327);
#501=CIRCLE('',#744,0.0199799359697327);
#502=CIRCLE('',#746,0.0199799359697327);
#503=CIRCLE('',#747,0.003175);
#504=CIRCLE('',#748,0.003175);
#505=CIRCLE('',#749,0.003175);
#506=CIRCLE('',#750,0.003175);
#507=CIRCLE('',#751,0.003175);
#508=CIRCLE('',#752,0.003175);
#509=CIRCLE('',#754,0.01905);
#510=CIRCLE('',#755,0.003175);
#511=CIRCLE('',#757,0.01905);
#512=CIRCLE('',#758,0.003175);
#513=CIRCLE('',#759,0.003175);
#514=CIRCLE('',#761,0.01905);
#515=CIRCLE('',#762,0.003175);
#516=CIRCLE('',#763,0.003175);
#517=CIRCLE('',#765,0.01905);
#518=CIRCLE('',#766,0.003175);
#519=CIRCLE('',#768,0.0028956);
#520=CIRCLE('',#770,0.0028956);
#521=CIRCLE('',#772,0.0028956);
#522=CIRCLE('',#774,0.004953);
#523=CIRCLE('',#778,0.004953);
#524=CIRCLE('',#782,0.004953);
#525=CIRCLE('',#785,0.01905);
#526=CIRCLE('',#786,0.01905);
#527=CIRCLE('',#787,0.01905);
#528=CIRCLE('',#790,0.0028956);
#529=CIRCLE('',#792,0.0028956);
#530=CIRCLE('',#794,0.0028956);
#531=EDGE_LOOP('',(#126));
#532=EDGE_LOOP('',(#127));
#533=EDGE_LOOP('',(#128));
#534=EDGE_LOOP('',(#129));
#535=EDGE_LOOP('',(#130));
#536=EDGE_LOOP('',(#131));
#537=EDGE_LOOP('',(#132));
#538=EDGE_LOOP('',(#133));
#539=EDGE_LOOP('',(#134));
#540=EDGE_LOOP('',(#135));
#541=EDGE_LOOP('',(#136));
#542=EDGE_LOOP('',(#137));
#543=EDGE_LOOP('',(#138));
#544=EDGE_LOOP('',(#139,#140,#141,#142,#143));
#545=EDGE_LOOP('',(#144,#145,#146,#147,#148));
#546=EDGE_LOOP('',(#149,#150,#151,#152,#153));
#547=EDGE_LOOP('',(#154,#155,#156,#157,#158,#159));
#548=EDGE_LOOP('',(#160,#161,#162,#163));
#549=EDGE_LOOP('',(#164,#165,#166,#167));
#550=EDGE_LOOP('',(#168,#169,#170,#171,#172,#173));
#551=EDGE_LOOP('',(#174,#175,#176,#177));
#552=EDGE_LOOP('',(#178,#179,#180,#181));
#553=EDGE_LOOP('',(#182,#183,#184,#185,#186,#187));
#554=EDGE_LOOP('',(#188,#189,#190,#191));
#555=EDGE_LOOP('',(#192));
#556=EDGE_LOOP('',(#193,#194,#195,#196));
#557=EDGE_LOOP('',(#197,#198,#199,#200));
#558=EDGE_LOOP('',(#201,#202,#203,#204));
#559=EDGE_LOOP('',(#205,#206,#207,#208));
#560=EDGE_LOOP('',(#209,#210,#211,#212));
#561=EDGE_LOOP('',(#213,#214,#215,#216));
#562=EDGE_LOOP('',(#217,#218,#219,#220));
#563=EDGE_LOOP('',(#221,#222,#223,#224));
#564=EDGE_LOOP('',(#225,#226,#227,#228));
#565=EDGE_LOOP('',(#229,#230,#231,#232));
#566=EDGE_LOOP('',(#233));
#567=EDGE_LOOP('',(#234));
#568=EDGE_LOOP('',(#235));
#569=EDGE_LOOP('',(#236,#237,#238,#239,#240));
#570=EDGE_LOOP('',(#241,#242,#243,#244,#245));
#571=EDGE_LOOP('',(#246,#247,#248,#249,#250));
#572=EDGE_LOOP('',(#251,#252,#253,#254,#255));
#573=EDGE_LOOP('',(#256,#257,#258,#259,#260));
#574=EDGE_LOOP('',(#261,#262,#263,#264,#265));
#575=EDGE_LOOP('',(#266,#267,#268,#269,#270));
#576=EDGE_LOOP('',(#271,#272,#273,#274,#275));
#577=EDGE_LOOP('',(#276,#277,#278,#279,#280,#281,#282,#283,#284,#285,#286,
#287,#288,#289,#290,#291,#292,#293));
#578=EDGE_LOOP('',(#294));
#579=EDGE_LOOP('',(#295,#296,#297,#298,#299));
#580=EDGE_LOOP('',(#300));
#581=EDGE_LOOP('',(#301));
#582=EDGE_LOOP('',(#302));
#583=EDGE_LOOP('',(#303));
#584=EDGE_LOOP('',(#304));
#585=EDGE_LOOP('',(#305));
#586=EDGE_LOOP('',(#306));
#587=EDGE_LOOP('',(#307));
#588=EDGE_LOOP('',(#308));
#589=EDGE_LOOP('',(#309));
#590=EDGE_LOOP('',(#310,#311,#312,#313,#314,#315,#316,#317,#318,#319,#320,
#321));
#591=EDGE_LOOP('',(#322));
#592=EDGE_LOOP('',(#323));
#593=FACE_BOUND('',#531,.T.);
#594=FACE_BOUND('',#532,.T.);
#595=FACE_BOUND('',#533,.T.);
#596=FACE_BOUND('',#534,.T.);
#597=FACE_BOUND('',#535,.T.);
#598=FACE_BOUND('',#536,.T.);
#599=FACE_BOUND('',#537,.T.);
#600=FACE_BOUND('',#538,.T.);
#601=FACE_BOUND('',#539,.T.);
#602=FACE_BOUND('',#540,.T.);
#603=FACE_BOUND('',#541,.T.);
#604=FACE_BOUND('',#542,.T.);
#605=FACE_BOUND('',#543,.T.);
#606=FACE_BOUND('',#544,.T.);
#607=FACE_BOUND('',#545,.T.);
#608=FACE_BOUND('',#546,.T.);
#609=FACE_BOUND('',#547,.T.);
#610=FACE_BOUND('',#548,.T.);
#611=FACE_BOUND('',#549,.T.);
#612=FACE_BOUND('',#550,.T.);
#613=FACE_BOUND('',#551,.T.);
#614=FACE_BOUND('',#552,.T.);
#615=FACE_BOUND('',#553,.T.);
#616=FACE_BOUND('',#554,.T.);
#617=FACE_BOUND('',#555,.T.);
#618=FACE_BOUND('',#556,.T.);
#619=FACE_BOUND('',#557,.T.);
#620=FACE_BOUND('',#558,.T.);
#621=FACE_BOUND('',#559,.T.);
#622=FACE_BOUND('',#560,.T.);
#623=FACE_BOUND('',#561,.T.);
#624=FACE_BOUND('',#562,.T.);
#625=FACE_BOUND('',#563,.T.);
#626=FACE_BOUND('',#564,.T.);
#627=FACE_BOUND('',#565,.T.);
#628=FACE_BOUND('',#566,.T.);
#629=FACE_BOUND('',#567,.T.);
#630=FACE_BOUND('',#568,.T.);
#631=FACE_BOUND('',#569,.T.);
#632=FACE_BOUND('',#570,.T.);
#633=FACE_BOUND('',#571,.T.);
#634=FACE_BOUND('',#572,.T.);
#635=FACE_BOUND('',#573,.T.);
#636=FACE_BOUND('',#574,.T.);
#637=FACE_BOUND('',#575,.T.);
#638=FACE_BOUND('',#576,.T.);
#639=FACE_BOUND('',#577,.T.);
#640=FACE_BOUND('',#578,.T.);
#641=FACE_BOUND('',#579,.T.);
#642=FACE_BOUND('',#580,.T.);
#643=FACE_BOUND('',#581,.T.);
#644=FACE_BOUND('',#582,.T.);
#645=FACE_BOUND('',#583,.T.);
#646=FACE_BOUND('',#584,.T.);
#647=FACE_BOUND('',#585,.T.);
#648=FACE_BOUND('',#586,.T.);
#649=FACE_BOUND('',#587,.T.);
#650=FACE_BOUND('',#588,.T.);
#651=FACE_BOUND('',#589,.T.);
#652=FACE_BOUND('',#590,.T.);
#653=FACE_BOUND('',#591,.T.);
#654=FACE_BOUND('',#592,.T.);
#655=CYLINDRICAL_SURFACE('',#726,0.0127);
#656=CYLINDRICAL_SURFACE('',#731,0.015875);
#657=CYLINDRICAL_SURFACE('',#733,0.015748);
#658=CYLINDRICAL_SURFACE('',#737,0.01778);
#659=CYLINDRICAL_SURFACE('',#773,0.004953);
#660=CYLINDRICAL_SURFACE('',#777,0.004953);
#661=CYLINDRICAL_SURFACE('',#781,0.004953);
#662=CYLINDRICAL_SURFACE('',#784,0.01905);
#663=CYLINDRICAL_SURFACE('',#789,0.0028956);
#664=CYLINDRICAL_SURFACE('',#791,0.0028956);
#665=CYLINDRICAL_SURFACE('',#793,0.0028956);
#666=ADVANCED_FACE('',(#593,#594),#655,.F.);
#667=ADVANCED_FACE('',(#595),#112,.F.);
#668=ADVANCED_FACE('',(#596,#597),#656,.F.);
#669=ADVANCED_FACE('',(#598,#599),#657,.T.);
#670=ADVANCED_FACE('',(#600,#601),#113,.T.);
#671=ADVANCED_FACE('',(#602,#603),#658,.F.);
#672=ADVANCED_FACE('',(#604,#605),#114,.T.);
#673=ADVANCED_FACE('',(#606),#108,.T.);
#674=ADVANCED_FACE('',(#607),#109,.T.);
#675=ADVANCED_FACE('',(#608),#110,.T.);
#676=ADVANCED_FACE('',(#609),#51,.T.);
#677=ADVANCED_FACE('',(#610),#52,.T.);
#678=ADVANCED_FACE('',(#611),#53,.T.);
#679=ADVANCED_FACE('',(#612),#54,.T.);
#680=ADVANCED_FACE('',(#613),#55,.T.);
#681=ADVANCED_FACE('',(#614),#56,.T.);
#682=ADVANCED_FACE('',(#615),#57,.T.);
#683=ADVANCED_FACE('',(#616),#58,.T.);
#684=ADVANCED_FACE('',(#617),#115,.F.);
#685=ADVANCED_FACE('',(#618),#59,.F.);
#686=ADVANCED_FACE('',(#619),#48,.F.);
#687=ADVANCED_FACE('',(#620),#60,.F.);
#688=ADVANCED_FACE('',(#621),#61,.F.);
#689=ADVANCED_FACE('',(#622),#49,.F.);
#690=ADVANCED_FACE('',(#623),#62,.F.);
#691=ADVANCED_FACE('',(#624),#63,.F.);
#692=ADVANCED_FACE('',(#625),#50,.F.);
#693=ADVANCED_FACE('',(#626),#64,.F.);
#694=ADVANCED_FACE('',(#627),#65,.T.);
#695=ADVANCED_FACE('',(#628),#116,.T.);
#696=ADVANCED_FACE('',(#629),#117,.T.);
#697=ADVANCED_FACE('',(#630),#118,.T.);
#698=ADVANCED_FACE('',(#631),#659,.T.);
#699=ADVANCED_FACE('',(#632),#119,.F.);
#700=ADVANCED_FACE('',(#633),#120,.T.);
#701=ADVANCED_FACE('',(#634),#660,.T.);
#702=ADVANCED_FACE('',(#635),#121,.F.);
#703=ADVANCED_FACE('',(#636),#122,.T.);
#704=ADVANCED_FACE('',(#637),#661,.T.);
#705=ADVANCED_FACE('',(#638),#123,.F.);
#706=ADVANCED_FACE('',(#639,#640),#662,.T.);
#707=ADVANCED_FACE('',(#641),#124,.T.);
#708=ADVANCED_FACE('',(#642,#643),#663,.F.);
#709=ADVANCED_FACE('',(#644,#645),#664,.F.);
#710=ADVANCED_FACE('',(#646,#647),#665,.F.);
#711=ADVANCED_FACE('',(#648,#649,#650,#651,#652),#125,.T.);
#712=ADVANCED_FACE('',(#653,#654),#111,.F.);
#713=CLOSED_SHELL('',(#666,#667,#668,#669,#670,#671,#672,#673,#674,#675,
#676,#677,#678,#679,#680,#681,#682,#683,#684,#685,#686,#687,#688,#689,#690,
#691,#692,#693,#694,#695,#696,#697,#698,#699,#700,#701,#702,#703,#704,#705,
#706,#707,#708,#709,#710,#711,#712));
#714=STYLED_ITEM('',(#715),#722);
#715=PRESENTATION_STYLE_ASSIGNMENT((#716));
#716=SURFACE_STYLE_USAGE(.BOTH.,#717);
#717=SURFACE_SIDE_STYLE('',(#718));
#718=SURFACE_STYLE_FILL_AREA(#719);
#719=FILL_AREA_STYLE('',(#720));
#720=FILL_AREA_STYLE_COLOUR('',#721);
#721=COLOUR_RGB('',0.647058823529412,0.647058823529412,0.647058823529412);
#722=MANIFOLD_SOLID_BREP('Part 1',#713);
#723=SHAPE_DEFINITION_REPRESENTATION(#1730,#724);
#724=SHAPE_REPRESENTATION('Part 1',(#725),#1725);
#725=AXIS2_PLACEMENT_3D('',#959,#797,#798);
#726=AXIS2_PLACEMENT_3D('',#960,#799,#800);
#727=AXIS2_PLACEMENT_3D('',#961,#801,#802);
#728=AXIS2_PLACEMENT_3D('',#963,#803,#804);
#729=AXIS2_PLACEMENT_3D('',#965,#805,#806);
#730=AXIS2_PLACEMENT_3D('',#966,#807,#808);
#731=AXIS2_PLACEMENT_3D('',#968,#809,#810);
#732=AXIS2_PLACEMENT_3D('',#969,#811,#812);
#733=AXIS2_PLACEMENT_3D('',#971,#813,#814);
#734=AXIS2_PLACEMENT_3D('',#972,#815,#816);
#735=AXIS2_PLACEMENT_3D('',#974,#817,#818);
#736=AXIS2_PLACEMENT_3D('',#976,#819,#820);
#737=AXIS2_PLACEMENT_3D('',#977,#821,#822);
#738=AXIS2_PLACEMENT_3D('',#978,#823,#824);
#739=AXIS2_PLACEMENT_3D('',#980,#825,#826);
#740=AXIS2_PLACEMENT_3D('',#982,#827,#828);
#741=AXIS2_PLACEMENT_3D('',#983,#829,#830);
#742=AXIS2_PLACEMENT_3D('',#1007,#831,#832);
#743=AXIS2_PLACEMENT_3D('',#1008,#833,#834);
#744=AXIS2_PLACEMENT_3D('',#1032,#835,#836);
#745=AXIS2_PLACEMENT_3D('',#1033,#837,#838);
#746=AXIS2_PLACEMENT_3D('',#1057,#839,#840);
#747=AXIS2_PLACEMENT_3D('',#1091,#841,#842);
#748=AXIS2_PLACEMENT_3D('',#1093,#843,#844);
#749=AXIS2_PLACEMENT_3D('',#1156,#845,#846);
#750=AXIS2_PLACEMENT_3D('',#1190,#847,#848);
#751=AXIS2_PLACEMENT_3D('',#1253,#849,#850);
#752=AXIS2_PLACEMENT_3D('',#1287,#851,#852);
#753=AXIS2_PLACEMENT_3D('',#1325,#853,#854);
#754=AXIS2_PLACEMENT_3D('',#1326,#855,#856);
#755=AXIS2_PLACEMENT_3D('',#1377,#857,#858);
#756=AXIS2_PLACEMENT_3D('',#1378,#859,#860);
#757=AXIS2_PLACEMENT_3D('',#1379,#861,#862);
#758=AXIS2_PLACEMENT_3D('',#1381,#863,#864);
#759=AXIS2_PLACEMENT_3D('',#1479,#865,#866);
#760=AXIS2_PLACEMENT_3D('',#1480,#867,#868);
#761=AXIS2_PLACEMENT_3D('',#1481,#869,#870);
#762=AXIS2_PLACEMENT_3D('',#1483,#871,#872);
#763=AXIS2_PLACEMENT_3D('',#1581,#873,#874);
#764=AXIS2_PLACEMENT_3D('',#1582,#875,#876);
#765=AXIS2_PLACEMENT_3D('',#1583,#877,#878);
#766=AXIS2_PLACEMENT_3D('',#1585,#879,#880);
#767=AXIS2_PLACEMENT_3D('',#1658,#881,#882);
#768=AXIS2_PLACEMENT_3D('',#1659,#883,#884);
#769=AXIS2_PLACEMENT_3D('',#1661,#885,#886);
#770=AXIS2_PLACEMENT_3D('',#1662,#887,#888);
#771=AXIS2_PLACEMENT_3D('',#1664,#889,#890);
#772=AXIS2_PLACEMENT_3D('',#1665,#891,#892);
#773=AXIS2_PLACEMENT_3D('',#1667,#893,#894);
#774=AXIS2_PLACEMENT_3D('',#1670,#896,#897);
#775=AXIS2_PLACEMENT_3D('',#1673,#899,#900);
#776=AXIS2_PLACEMENT_3D('',#1677,#903,#904);
#777=AXIS2_PLACEMENT_3D('',#1683,#908,#909);
#778=AXIS2_PLACEMENT_3D('',#1684,#910,#911);
#779=AXIS2_PLACEMENT_3D('',#1687,#913,#914);
#780=AXIS2_PLACEMENT_3D('',#1691,#917,#918);
#781=AXIS2_PLACEMENT_3D('',#1697,#922,#923);
#782=AXIS2_PLACEMENT_3D('',#1698,#924,#925);
#783=AXIS2_PLACEMENT_3D('',#1701,#927,#928);
#784=AXIS2_PLACEMENT_3D('',#1705,#931,#932);
#785=AXIS2_PLACEMENT_3D('',#1706,#933,#934);
#786=AXIS2_PLACEMENT_3D('',#1707,#935,#936);
#787=AXIS2_PLACEMENT_3D('',#1708,#937,#938);
#788=AXIS2_PLACEMENT_3D('',#1711,#940,#941);
#789=AXIS2_PLACEMENT_3D('',#1713,#943,#944);
#790=AXIS2_PLACEMENT_3D('',#1714,#945,#946);
#791=AXIS2_PLACEMENT_3D('',#1716,#947,#948);
#792=AXIS2_PLACEMENT_3D('',#1717,#949,#950);
#793=AXIS2_PLACEMENT_3D('',#1719,#951,#952);
#794=AXIS2_PLACEMENT_3D('',#1720,#953,#954);
#795=AXIS2_PLACEMENT_3D('',#1722,#955,#956);
#796=AXIS2_PLACEMENT_3D('',#1723,#957,#958);
#797=DIRECTION('',(0.,0.,1.));
#798=DIRECTION('',(1.,0.,0.));
#799=DIRECTION('',(0.,0.,-1.));
#800=DIRECTION('',(-1.,0.,0.));
#801=DIRECTION('',(0.,0.,-1.));
#802=DIRECTION('',(-1.,0.,0.));
#803=DIRECTION('',(0.,0.,1.));
#804=DIRECTION('',(1.,0.,0.));
#805=DIRECTION('',(0.,0.,-1.));
#806=DIRECTION('',(1.,0.,0.));
#807=DIRECTION('',(0.,0.,-1.));
#808=DIRECTION('',(-1.,0.,0.));
#809=DIRECTION('',(0.,0.,-1.));
#810=DIRECTION('',(-1.,0.,0.));
#811=DIRECTION('',(0.,0.,1.));
#812=DIRECTION('',(1.,0.,0.));
#813=DIRECTION('',(0.,0.,-1.));
#814=DIRECTION('',(-1.,0.,0.));
#815=DIRECTION('',(0.,0.,1.));
#816=DIRECTION('',(1.,0.,0.));
#817=DIRECTION('',(0.,0.,1.));
#818=DIRECTION('',(1.,0.,0.));
#819=DIRECTION('',(0.,0.,1.));
#820=DIRECTION('',(1.,0.,0.));
#821=DIRECTION('',(0.,0.,1.));
#822=DIRECTION('',(1.,0.,0.));
#823=DIRECTION('',(0.,0.,1.));
#824=DIRECTION('',(1.,0.,0.));
#825=DIRECTION('',(0.,0.,1.));
#826=DIRECTION('',(1.,0.,0.));
#827=DIRECTION('',(0.,0.,1.));
#828=DIRECTION('',(1.,0.,0.));
#829=DIRECTION('',(0.,0.,1.));
#830=DIRECTION('',(1.,0.,0.));
#831=DIRECTION('',(0.,0.,1.));
#832=DIRECTION('',(1.,0.,0.));
#833=DIRECTION('',(0.,0.,1.));
#834=DIRECTION('',(1.,0.,0.));
#835=DIRECTION('',(0.,0.,1.));
#836=DIRECTION('',(1.,0.,0.));
#837=DIRECTION('',(0.,0.,1.));
#838=DIRECTION('',(1.,0.,0.));
#839=DIRECTION('',(0.,0.,1.));
#840=DIRECTION('',(1.,0.,0.));
#841=DIRECTION('',(0.613348328642707,-0.354116822648875,0.705978118406132));
#842=DIRECTION('',(0.754894371246224,0.,-0.655846390750737));
#843=DIRECTION('',(0.613348328642709,-0.354116822648874,0.705978118406132));
#844=DIRECTION('',(0.754894371246222,0.,-0.655846390750739));
#845=DIRECTION('',(-0.61334832864271,-0.354116822648875,0.70597811840613));
#846=DIRECTION('',(0.754894371246221,0.,0.65584639075074));
#847=DIRECTION('',(-0.613348328642709,-0.354116822648876,0.705978118406131));
#848=DIRECTION('',(0.754894371246222,0.,0.655846390750739));
#849=DIRECTION('',(0.,0.708233645297749,0.705978118406132));
#850=DIRECTION('',(0.,-0.705978118406132,0.708233645297749));
#851=DIRECTION('',(0.,0.708233645297749,0.705978118406132));
#852=DIRECTION('',(0.,-0.705978118406132,0.708233645297749));
#853=DIRECTION('',(0.,0.,1.));
#854=DIRECTION('',(1.,0.,0.));
#855=DIRECTION('',(0.,0.,1.));
#856=DIRECTION('',(1.,0.,0.));
#857=DIRECTION('',(0.994961830100565,-0.100254459466573,-1.48538096817396E-17));
#858=DIRECTION('',(0.100254459466573,0.994961830100565,0.));
#859=DIRECTION('',(0.,0.,-1.));
#860=DIRECTION('',(-1.,0.,0.));
#861=DIRECTION('',(0.,0.,-1.));
#862=DIRECTION('',(-1.,0.,0.));
#863=DIRECTION('',(0.994961830100565,0.100254459466573,1.18830477453917E-16));
#864=DIRECTION('',(-0.100254459466573,0.994961830100565,0.));
#865=DIRECTION('',(-0.410658006309553,0.911789450396232,-1.18830477453916E-16));
#866=DIRECTION('',(-0.911789450396232,-0.410658006309553,0.));
#867=DIRECTION('',(0.,0.,-1.));
#868=DIRECTION('',(-1.,0.,0.));
#869=DIRECTION('',(0.,0.,-1.));
#870=DIRECTION('',(-1.,0.,0.));
#871=DIRECTION('',(-0.584303823791012,0.811534990929659,4.75321909815665E-16));
#872=DIRECTION('',(-0.811534990929659,-0.584303823791012,0.));
#873=DIRECTION('',(-0.584303823791013,-0.811534990929659,5.34737148542624E-16));
#874=DIRECTION('',(0.811534990929659,-0.584303823791013,0.));
#875=DIRECTION('',(0.,0.,-1.));
#876=DIRECTION('',(-1.,0.,0.));
#877=DIRECTION('',(0.,0.,-1.));
#878=DIRECTION('',(-1.,0.,0.));
#879=DIRECTION('',(-0.410658006309554,-0.911789450396232,-2.37660954907833E-16));
#880=DIRECTION('',(0.911789450396232,-0.410658006309554,0.));
#881=DIRECTION('',(0.,0.,1.));
#882=DIRECTION('',(1.,0.,0.));
#883=DIRECTION('',(0.,0.,1.));
#884=DIRECTION('',(1.,0.,0.));
#885=DIRECTION('',(0.,0.,1.));
#886=DIRECTION('',(1.,0.,0.));
#887=DIRECTION('',(0.,0.,1.));
#888=DIRECTION('',(1.,0.,0.));
#889=DIRECTION('',(0.,0.,1.));
#890=DIRECTION('',(1.,0.,0.));
#891=DIRECTION('',(0.,0.,1.));
#892=DIRECTION('',(1.,0.,0.));
#893=DIRECTION('',(0.,0.,1.));
#894=DIRECTION('',(-0.5,-0.866025403784438,0.));
#895=DIRECTION('',(0.,0.,1.));
#896=DIRECTION('',(0.,0.,1.));
#897=DIRECTION('',(-0.5,-0.866025403784438,0.));
#898=DIRECTION('',(0.,0.,1.));
#899=DIRECTION('',(0.5,0.866025403784439,0.));
#900=DIRECTION('',(-0.866025403784439,0.5,0.));
#901=DIRECTION('',(-0.866025403784439,0.5,0.));
#902=DIRECTION('',(0.,0.,-1.));
#903=DIRECTION('',(0.5,-0.866025403784439,0.));
#904=DIRECTION('',(0.866025403784439,0.5,0.));
#905=DIRECTION('',(0.,0.,1.));
#906=DIRECTION('',(0.,0.,-1.));
#907=DIRECTION('',(0.866025403784439,0.5,0.));
#908=DIRECTION('',(0.,0.,1.));
#909=DIRECTION('',(-0.5,0.866025403784439,0.));
#910=DIRECTION('',(0.,0.,1.));
#911=DIRECTION('',(-0.5,0.866025403784439,0.));
#912=DIRECTION('',(0.,0.,1.));
#913=DIRECTION('',(0.5,-0.866025403784439,0.));
#914=DIRECTION('',(0.866025403784439,0.5,0.));
#915=DIRECTION('',(0.866025403784439,0.5,0.));
#916=DIRECTION('',(0.,0.,-1.));
#917=DIRECTION('',(-1.,-2.73184799366426E-16,0.));
#918=DIRECTION('',(2.73184799366426E-16,-1.,0.));
#919=DIRECTION('',(0.,0.,1.));
#920=DIRECTION('',(0.,0.,-1.));
#921=DIRECTION('',(2.73184799366426E-16,-1.,0.));
#922=DIRECTION('',(0.,0.,1.));
#923=DIRECTION('',(1.,0.,0.));
#924=DIRECTION('',(0.,0.,1.));
#925=DIRECTION('',(1.,0.,0.));
#926=DIRECTION('',(0.,0.,1.));
#927=DIRECTION('',(-1.,-2.73184799366426E-16,0.));
#928=DIRECTION('',(2.73184799366426E-16,-1.,0.));
#929=DIRECTION('',(2.73184799366426E-16,-1.,0.));
#930=DIRECTION('',(0.,0.,-1.));
#931=DIRECTION('',(0.,0.,-1.));
#932=DIRECTION('',(-1.,0.,0.));
#933=DIRECTION('',(0.,0.,1.));
#934=DIRECTION('',(1.,0.,0.));
#935=DIRECTION('',(0.,0.,1.));
#936=DIRECTION('',(1.,0.,0.));
#937=DIRECTION('',(0.,0.,1.));
#938=DIRECTION('',(1.,0.,0.));
#939=DIRECTION('',(0.,0.,-1.));
#940=DIRECTION('',(0.5,0.866025403784439,0.));
#941=DIRECTION('',(-0.866025403784439,0.5,0.));
#942=DIRECTION('',(-0.866025403784439,0.5,0.));
#943=DIRECTION('',(0.,0.,1.));
#944=DIRECTION('',(1.,0.,0.));
#945=DIRECTION('',(0.,0.,1.));
#946=DIRECTION('',(1.,0.,0.));
#947=DIRECTION('',(0.,0.,1.));
#948=DIRECTION('',(1.,0.,0.));
#949=DIRECTION('',(0.,0.,1.));
#950=DIRECTION('',(1.,0.,0.));
#951=DIRECTION('',(0.,0.,1.));
#952=DIRECTION('',(1.,0.,0.));
#953=DIRECTION('',(0.,0.,1.));
#954=DIRECTION('',(1.,0.,0.));
#955=DIRECTION('',(0.,0.,1.));
#956=DIRECTION('',(-0.5,-0.866025403784438,0.));
#957=DIRECTION('',(0.,0.,-1.));
#958=DIRECTION('',(-1.,0.,0.));
#959=CARTESIAN_POINT('',(0.,0.,0.));
#960=CARTESIAN_POINT('',(0.,7.77650717458569E-19,0.0508));
#961=CARTESIAN_POINT('',(0.,9.72063396823212E-19,0.040005));
#962=CARTESIAN_POINT('',(-0.0127,9.72063396823212E-19,0.040005));
#963=CARTESIAN_POINT('',(0.,7.77650717458569E-19,0.05715));
#964=CARTESIAN_POINT('',(0.0127,7.77650717458569E-19,0.05715));
#965=CARTESIAN_POINT('',(0.,0.,0.00635));
#966=CARTESIAN_POINT('',(0.,9.72063396823212E-19,0.00635));
#967=CARTESIAN_POINT('',(-0.015875,9.72063396823212E-19,0.00635));
#968=CARTESIAN_POINT('',(0.,9.72063396823212E-19,0.0508));
#969=CARTESIAN_POINT('',(0.,9.72063396823212E-19,0.03683));
#970=CARTESIAN_POINT('',(0.015875,9.72063396823212E-19,0.03683));
#971=CARTESIAN_POINT('',(-3.46944695195361E-18,8.98738296604136E-18,0.05715));
#972=CARTESIAN_POINT('',(-3.46944695195361E-18,8.98738296604136E-18,0.05715));
#973=CARTESIAN_POINT('',(0.015748,8.98738296604136E-18,0.05715));
#974=CARTESIAN_POINT('',(-3.46944695195361E-18,8.98738296604136E-18,0.04953));
#975=CARTESIAN_POINT('',(0.015748,8.98738296604136E-18,0.04953));
#976=CARTESIAN_POINT('',(-3.46944695195361E-18,0.004064,0.05715));
#977=CARTESIAN_POINT('',(-3.46944695195361E-18,9.11180708083473E-18,0.04953));
#978=CARTESIAN_POINT('',(-3.46944695195361E-18,9.11180708083473E-18,0.04953));
#979=CARTESIAN_POINT('',(0.01778,9.11180708083473E-18,0.04953));
#980=CARTESIAN_POINT('',(-3.46944695195361E-18,9.11180708083473E-18,0.0508));
#981=CARTESIAN_POINT('',(0.01778,9.11180708083473E-18,0.0508));
#982=CARTESIAN_POINT('',(-3.46944695195361E-18,0.004064,0.04953));
#983=CARTESIAN_POINT('',(-3.57786716920216E-18,8.02309607639273E-18,0.04318));
#984=CARTESIAN_POINT('',(-0.0020030776808223,0.0198792736577374,0.0364899359697327));
#985=CARTESIAN_POINT('',(-0.00198379600889392,0.0214081984378337,0.0380092246934267));
#986=CARTESIAN_POINT('',(-0.0019692483340529,0.0229358484287215,0.0395298422860676));
#987=CARTESIAN_POINT('',(-0.00195703313013299,0.0244629141266623,0.0410510706009517));
#988=CARTESIAN_POINT('',(-0.0020030776808223,0.0198792736577374,0.0364899359697327));
#989=CARTESIAN_POINT('',(-0.00195703313013299,0.0244629141266623,0.0410510706009517));
#990=CARTESIAN_POINT('',(-0.00195703313013299,0.0244629141266623,0.0410510706009517));
#991=CARTESIAN_POINT('',(-0.00195371934880028,0.0248771816114151,0.041463754500925));
#992=CARTESIAN_POINT('',(-0.0016564886054883,0.0257168940463441,0.0422721136922858));
#993=CARTESIAN_POINT('',(-0.000588652188155286,0.0262480640302673,0.0427580640302673));
#994=CARTESIAN_POINT('',(-1.00068338662137E-18,0.0262480640302673,0.0427580640302673));
#995=CARTESIAN_POINT('',(2.97690201147593E-19,0.0262480640302673,0.0427580640302673));
#996=CARTESIAN_POINT('',(2.97690201147593E-19,0.0262480640302673,0.0427580640302673));
#997=CARTESIAN_POINT('',(0.000588004111887993,0.0262480640302673,0.0427580640302673));
#998=CARTESIAN_POINT('',(0.00165579329201101,0.0257180234778193,0.0422731830714188));
#999=CARTESIAN_POINT('',(0.00195372049500108,0.0248770383208123,0.0414636117580668));
#1000=CARTESIAN_POINT('',(0.00195703313013299,0.0244629141266623,0.0410510706009517));
#1001=CARTESIAN_POINT('',(0.00195703313013299,0.0244629141266623,0.0410510706009517));
#1002=CARTESIAN_POINT('',(0.00195703313013299,0.0244629141266623,0.0410510706009517));
#1003=CARTESIAN_POINT('',(0.0019692483340529,0.0229358484287215,0.0395298422860676));
#1004=CARTESIAN_POINT('',(0.00198379600889392,0.0214081984378337,0.0380092246934267));
#1005=CARTESIAN_POINT('',(0.00200307768082229,0.0198792736577374,0.0364899359697327));
#1006=CARTESIAN_POINT('',(0.0020030776808223,0.0198792736577374,0.0364899359697327));
#1007=CARTESIAN_POINT('',(-3.57786716920216E-18,8.02309607639273E-18,0.0364899359697327));
#1008=CARTESIAN_POINT('',(-3.57786716920216E-18,8.02309607639273E-18,0.04318));
#1009=CARTESIAN_POINT('',(-0.0162144171559722,-0.0116743529862144,0.0364899359697327));
#1010=CARTESIAN_POINT('',(-0.0175481456919754,-0.0124221169585452,0.0380092246934267));
#1011=CARTESIAN_POINT('',(-0.0188784032295958,-0.0131733432980107,0.0395298422860676));
#1012=CARTESIAN_POINT('',(-0.0202069885192203,-0.0139262974700741,0.0410510706009517));
#1013=CARTESIAN_POINT('',(-0.0162144171559722,-0.0116743529862144,0.0364899359697327));
#1014=CARTESIAN_POINT('',(-0.0202069885192203,-0.0139262974700741,0.0410510706009517));
#1015=CARTESIAN_POINT('',(-0.0202069885192203,-0.0139262974700741,0.0410510706009517));
#1016=CARTESIAN_POINT('',(-0.0205674115756445,-0.0141305613936338,0.041463754500925));
#1017=CARTESIAN_POINT('',(-0.0214432392478226,-0.0142930082366044,0.0422721136922858));
#1018=CARTESIAN_POINT('',(-0.0224371641562944,-0.0136338197640694,0.0427580640302673));
#1019=CARTESIAN_POINT('',(-0.022731490250372,-0.0131240320151336,0.0427580640302673));
#1020=CARTESIAN_POINT('',(-0.022731490250372,-0.0131240320151336,0.0427580640302673));
#1021=CARTESIAN_POINT('',(-0.022731490250372,-0.0131240320151336,0.0427580640302673));
#1022=CARTESIAN_POINT('',(-0.023025492306316,-0.0126148055167089,0.0427580640302673));
#1023=CARTESIAN_POINT('',(-0.0231003583129216,-0.0114250526846122,0.0422731830714188));
#1024=CARTESIAN_POINT('',(-0.022521007404243,-0.0107465475798409,0.0414636117580668));
#1025=CARTESIAN_POINT('',(-0.0221640216493533,-0.0105366166565882,0.0410510706009517));
#1026=CARTESIAN_POINT('',(-0.0221640216493533,-0.0105366166565882,0.0410510706009517));
#1027=CARTESIAN_POINT('',(-0.0221640216493533,-0.0105366166565882,0.0410510706009517));
#1028=CARTESIAN_POINT('',(-0.0208476515636487,-0.00976250513071075,0.0395298422860676));
#1029=CARTESIAN_POINT('',(-0.0195319417008693,-0.00898608147928854,0.0380092246934267));
#1030=CARTESIAN_POINT('',(-0.0182174948367945,-0.00820492067152296,0.0364899359697327));
#1031=CARTESIAN_POINT('',(-0.0182174948367945,-0.00820492067152295,0.0364899359697327));
#1032=CARTESIAN_POINT('',(-3.57786716920216E-18,8.02309607639273E-18,0.0364899359697327));
#1033=CARTESIAN_POINT('',(-3.57786716920216E-18,8.02309607639273E-18,0.03556));
#1034=CARTESIAN_POINT('',(0.0182174948367945,-0.00820492067152297,0.0364899359697327));
#1035=CARTESIAN_POINT('',(0.0195319417008693,-0.00898608147928855,0.0380092246934267));
#1036=CARTESIAN_POINT('',(0.0208476515636487,-0.00976250513071077,0.0395298422860676));
#1037=CARTESIAN_POINT('',(0.0221640216493533,-0.0105366166565882,0.0410510706009517));
#1038=CARTESIAN_POINT('',(0.0182174948367945,-0.00820492067152297,0.0364899359697327));
#1039=CARTESIAN_POINT('',(0.0221640216493533,-0.0105366166565882,0.0410510706009517));
#1040=CARTESIAN_POINT('',(0.0221640216493533,-0.0105366166565882,0.0410510706009517));
#1041=CARTESIAN_POINT('',(0.0225211309244448,-0.0107466202177813,0.041463754500925));
#1042=CARTESIAN_POINT('',(0.0230997278533109,-0.0114238858097397,0.0422721136922858));
#1043=CARTESIAN_POINT('',(0.0230258163444497,-0.0126142442661979,0.0427580640302673));
#1044=CARTESIAN_POINT('',(0.022731490250372,-0.0131240320151337,0.0427580640302673));
#1045=CARTESIAN_POINT('',(0.022731490250372,-0.0131240320151337,0.0427580640302673));
#1046=CARTESIAN_POINT('',(0.022731490250372,-0.0131240320151337,0.0427580640302673));
#1047=CARTESIAN_POINT('',(0.022437488194428,-0.0136332585135584,0.0427580640302673));
#1048=CARTESIAN_POINT('',(0.0214445650209106,-0.0142929707932071,0.0422731830714188));
#1049=CARTESIAN_POINT('',(0.0205672869092419,-0.0141304907409714,0.0414636117580668));
#1050=CARTESIAN_POINT('',(0.0202069885192203,-0.0139262974700741,0.0410510706009517));
#1051=CARTESIAN_POINT('',(0.0202069885192203,-0.0139262974700741,0.0410510706009517));
#1052=CARTESIAN_POINT('',(0.0202069885192203,-0.0139262974700741,0.0410510706009517));
#1053=CARTESIAN_POINT('',(0.0188784032295958,-0.0131733432980108,0.0395298422860676));
#1054=CARTESIAN_POINT('',(0.0175481456919754,-0.0124221169585452,0.0380092246934267));
#1055=CARTESIAN_POINT('',(0.0162144171559722,-0.0116743529862144,0.0364899359697327));
#1056=CARTESIAN_POINT('',(0.0162144171559722,-0.0116743529862144,0.0364899359697327));
#1057=CARTESIAN_POINT('',(-3.57786716920216E-18,8.02309607639273E-18,0.0364899359697327));
#1058=CARTESIAN_POINT('',(0.0202069885192203,-0.0139262974700741,0.0410510706009517));
#1059=CARTESIAN_POINT('',(0.0186055527948848,-0.016461152681141,0.0411709086660789));
#1060=CARTESIAN_POINT('',(0.0167709145991092,-0.0154019238249443,0.043296134631219));
#1061=CARTESIAN_POINT('',(0.0203804505686338,-0.0140246042706985,0.0412496844050966));
#1062=CARTESIAN_POINT('',(0.0190362885421395,-0.0164455294731187,0.0415146499535616));
#1063=CARTESIAN_POINT('',(0.017251601123728,-0.0156794483193288,0.0434947484352588));
#1064=CARTESIAN_POINT('',(0.0207590741266374,-0.0141575425182314,0.0416367461287842));
#1065=CARTESIAN_POINT('',(0.0198721524050664,-0.0163332191976255,0.0421278640787914));
#1066=CARTESIAN_POINT('',(0.0182911946864067,-0.016071693855919,0.0438818101591002));
#1067=CARTESIAN_POINT('',(0.0214282215394139,-0.0141438358030757,0.0421836628213615));
#1068=CARTESIAN_POINT('',(0.0211740627160429,-0.0158713416423658,0.0429190022443736));
#1069=CARTESIAN_POINT('',(0.0201021396927334,-0.0161121910669449,0.0444287268516157));
#1070=CARTESIAN_POINT('',(0.0221508454761587,-0.0138434486425142,0.0426268450652545));
#1071=CARTESIAN_POINT('',(0.022468818380731,-0.0150270315326021,0.043515812721566));
#1072=CARTESIAN_POINT('',(0.0220306917727678,-0.0154058572738529,0.0448719090955256));
#1073=CARTESIAN_POINT('',(0.0227928183648699,-0.013161091313866,0.0428237364824191));
#1074=CARTESIAN_POINT('',(0.0236228649489485,-0.013641814121945,0.0437723787370185));
#1075=CARTESIAN_POINT('',(0.0237066262644596,-0.0136912326944885,0.0450688005126845));
#1076=CARTESIAN_POINT('',(0.0230645405250669,-0.0122603291615012,0.0426265924311704));
#1077=CARTESIAN_POINT('',(0.0242489914551222,-0.0119428657343231,0.0435154740670135));
#1078=CARTESIAN_POINT('',(0.024358020182498,-0.0113732767336644,0.0448716564614415));
#1079=CARTESIAN_POINT('',(0.022963055920052,-0.0114880523440027,0.0421848655232002));
#1080=CARTESIAN_POINT('',(0.0243313834101453,-0.0104069404279686,0.0429207696786142));
#1081=CARTESIAN_POINT('',(0.0240049555223007,-0.00935958170157725,0.0444299295534542));
#1082=CARTESIAN_POINT('',(0.0226437344143042,-0.0109023395520791,0.0416411999296444));
#1083=CARTESIAN_POINT('',(0.024084439109665,-0.00905200643611055,0.0421345528120876));
#1084=CARTESIAN_POINT('',(0.0230737345195657,-0.00781344890450343,0.0438862639599611));
#1085=CARTESIAN_POINT('',(0.0223347801913803,-0.0106370338230504,0.041248403198612));
#1086=CARTESIAN_POINT('',(0.0237591349168232,-0.00826077547526792,0.0415125114942879));
#1087=CARTESIAN_POINT('',(0.0222015003380998,-0.00709881043002308,0.0434934672287727));
#1088=CARTESIAN_POINT('',(0.0221640216493533,-0.0105366166565882,0.0410510706009517));
#1089=CARTESIAN_POINT('',(0.0235585527948848,-0.00788230503125233,0.0411709086660789));
#1090=CARTESIAN_POINT('',(0.0217239145991092,-0.00682307617505568,0.043296134631219));
#1091=CARTESIAN_POINT('',(0.0183584145991092,-0.0126522931679287,0.043296134631219));
#1092=CARTESIAN_POINT('',(0.0167709145991092,-0.0154019238249444,0.043296134631219));
#1093=CARTESIAN_POINT('',(0.0201364145991091,-0.00957270683207129,0.043296134631219));
#1094=CARTESIAN_POINT('',(0.0217239145991092,-0.00682307617505569,0.043296134631219));
#1095=CARTESIAN_POINT('',(0.0235368384240535,-0.013589,0.0450031280605346));
#1096=CARTESIAN_POINT('',(0.0242097011885526,-0.0124235675053663,0.0450031280605346));
#1097=CARTESIAN_POINT('',(0.0245059266775965,-0.00956712215663606,0.0446172417210389));
#1098=CARTESIAN_POINT('',(0.0228196035617942,-0.00745567249260999,0.0437488599359766));
#1099=CARTESIAN_POINT('',(0.0217239145991092,-0.00682307617505569,0.043296134631219));
#1100=CARTESIAN_POINT('',(0.0235368384240535,-0.013589,0.0450031280605346));
#1101=CARTESIAN_POINT('',(0.0167709145991092,-0.0154019238249444,0.043296134631219));
#1102=CARTESIAN_POINT('',(0.0173183776816001,-0.0157180017829919,0.0435223396942479));
#1103=CARTESIAN_POINT('',(0.0185167643126181,-0.0161337895267058,0.0439611451886096));
#1104=CARTESIAN_POINT('',(0.0211356401304182,-0.0160180283578484,0.0447179487986837));
#1105=CARTESIAN_POINT('',(0.0228646466856599,-0.0147532702433257,0.0450031280605346));
#1106=CARTESIAN_POINT('',(0.0235368384240535,-0.013589,0.0450031280605346));
#1107=CARTESIAN_POINT('',(0.0167709145991092,-0.0154019238249443,0.043296134631219));
#1108=CARTESIAN_POINT('',(0.0186055527948848,-0.016461152681141,0.0411709086660789));
#1109=CARTESIAN_POINT('',(0.0202069885192203,-0.0139262974700741,0.0410510706009517));
#1110=CARTESIAN_POINT('',(0.0154341753360461,-0.0146301570515785,0.0417575168089566));
#1111=CARTESIAN_POINT('',(0.0172637166014436,-0.0156864431936658,0.0396429334839637));
#1112=CARTESIAN_POINT('',(0.0188632158685001,-0.0131647361073384,0.039512452778661));
#1113=CARTESIAN_POINT('',(0.0140970282305326,-0.0138581548102642,0.0402193788288008));
#1114=CARTESIAN_POINT('',(0.0159189770437151,-0.01491005744801,0.038115664568341));
#1115=CARTESIAN_POINT('',(0.017517611846069,-0.0124048674835156,0.0379743147985169));
#1116=CARTESIAN_POINT('',(0.0127590386537237,-0.0130856661679207,0.0386822320480548));
#1117=CARTESIAN_POINT('',(0.0145650551302277,-0.0141283702667912,0.0365862004034556));
#1118=CARTESIAN_POINT('',(0.016168092124569,-0.0116483828173951,0.0364371680177876));
#1119=CARTESIAN_POINT('',(0.0154375916808528,-0.0146321294791723,0.0417618121203598));
#1120=CARTESIAN_POINT('',(0.0152812985604392,-0.014541893604029,0.0412210574286968));
#1121=CARTESIAN_POINT('',(0.0150244895436426,-0.014323984478886,0.0401303548887834));
#1122=CARTESIAN_POINT('',(0.0148871065455221,-0.01383159712685,0.0385021688408122));
#1123=CARTESIAN_POINT('',(0.0151809341140252,-0.0130327672315552,0.0369518815042964));
#1124=CARTESIAN_POINT('',(0.0158548158230996,-0.0121247300205305,0.0364612639286202));
#1125=CARTESIAN_POINT('',(0.0162144171559722,-0.0116743529862144,0.0364899359697327));
#1126=CARTESIAN_POINT('',(0.0154375916808528,-0.0146321294791723,0.0417618121203598));
#1127=CARTESIAN_POINT('',(0.0154375916808528,-0.0146321294791723,0.0417618121203598));
#1128=CARTESIAN_POINT('',(0.0158820889300065,-0.0148887600856253,0.0422731877518857));
#1129=CARTESIAN_POINT('',(0.0163265260172292,-0.0151453559575712,0.0427846330908609));
#1130=CARTESIAN_POINT('',(0.0167709145991092,-0.0154019238249444,0.043296134631219));
#1131=CARTESIAN_POINT('',(-0.0202069885192203,-0.0139262974700741,0.0410510706009517));
#1132=CARTESIAN_POINT('',(-0.0186055527948848,-0.016461152681141,0.0411709086660789));
#1133=CARTESIAN_POINT('',(-0.0167709145991092,-0.0154019238249443,0.043296134631219));
#1134=CARTESIAN_POINT('',(-0.0188632426645175,-0.0131647512935281,0.0395124834600531));
#1135=CARTESIAN_POINT('',(-0.0172637433097578,-0.0156864586137021,0.0396429638970022));
#1136=CARTESIAN_POINT('',(-0.0154342019918896,-0.0146301724413369,0.0417575474902423));
#1137=CARTESIAN_POINT('',(-0.0175176655035447,-0.0124048977940087,0.0379743761439595));
#1138=CARTESIAN_POINT('',(-0.0159190305289425,-0.0149100883277076,0.0381157253283417));
#1139=CARTESIAN_POINT('',(-0.0140970815568036,-0.0138581855982011,0.0402194401742456));
#1140=CARTESIAN_POINT('',(-0.0161681728564118,-0.0116484280723177,0.0364372599739846));
#1141=CARTESIAN_POINT('',(-0.0145651358917194,-0.0141284168944601,0.0365862916360591));
#1142=CARTESIAN_POINT('',(-0.0127591186958066,-0.0130857123802387,0.0386823240042519));
#1143=CARTESIAN_POINT('',(-0.0162144171559722,-0.0116743529862144,0.0364899359697327));
#1144=CARTESIAN_POINT('',(-0.0158548450441364,-0.0121246934231025,0.0364612662584969));
#1145=CARTESIAN_POINT('',(-0.0151838788203919,-0.013028226509187,0.0369474546471641));
#1146=CARTESIAN_POINT('',(-0.0148861648049202,-0.0138319182026468,0.0385006355419872));
#1147=CARTESIAN_POINT('',(-0.0150255642997864,-0.014325135670049,0.0401357733739602));
#1148=CARTESIAN_POINT('',(-0.0152812416116653,-0.0145418607246391,0.0412208603930464));
#1149=CARTESIAN_POINT('',(-0.0154375916808528,-0.0146321294791723,0.0417618121203598));
#1150=CARTESIAN_POINT('',(-0.0154375916808528,-0.0146321294791723,0.0417618121203598));
#1151=CARTESIAN_POINT('',(-0.0167709145991092,-0.0154019238249444,0.043296134631219));
#1152=CARTESIAN_POINT('',(-0.0163265260172292,-0.0151453559575712,0.0427846330908609));
#1153=CARTESIAN_POINT('',(-0.0158820889300065,-0.0148887600856253,0.0422731877518857));
#1154=CARTESIAN_POINT('',(-0.0154375916808528,-0.0146321294791723,0.0417618121203598));
#1155=CARTESIAN_POINT('',(-0.0167709145991092,-0.0154019238249444,0.043296134631219));
#1156=CARTESIAN_POINT('',(-0.0183584145991092,-0.0126522931679287,0.043296134631219));
#1157=CARTESIAN_POINT('',(-0.0221640216493533,-0.0105366166565882,0.0410510706009517));
#1158=CARTESIAN_POINT('',(-0.0235585527948848,-0.00788230503125233,0.0411709086660789));
#1159=CARTESIAN_POINT('',(-0.0217239145991091,-0.00682307617505568,0.043296134631219));
#1160=CARTESIAN_POINT('',(-0.0223358888607687,-0.0106376857976605,0.0412496844050994));
#1161=CARTESIAN_POINT('',(-0.0237603905734926,-0.00826314473472945,0.0415146499535611));
#1162=CARTESIAN_POINT('',(-0.0222046011237656,-0.00710060066946193,0.043494748435251));
#1163=CARTESIAN_POINT('',(-0.022640328539264,-0.0108991142935966,0.0416367461287828));
#1164=CARTESIAN_POINT('',(-0.0240810589532498,-0.00904317921184069,0.0421278640787923));
#1165=CARTESIAN_POINT('',(-0.0230640925042581,-0.00780479233602559,0.0438818101591038));
#1166=CARTESIAN_POINT('',(-0.0229630318821268,-0.0114854663095155,0.0421836628213619));
#1167=CARTESIAN_POINT('',(-0.0243320164124537,-0.0104016053922374,0.0429190022443731));
#1168=CARTESIAN_POINT('',(-0.0240046366209744,-0.00935286811086094,0.0444287268516147));
#1169=CARTESIAN_POINT('',(-0.0230642009384818,-0.0122614705764,0.0426268450652544));
#1170=CARTESIAN_POINT('',(-0.0242482002410683,-0.0119450517444303,0.0435158127215662));
#1171=CARTESIAN_POINT('',(-0.0243572096526165,-0.0113762101012346,0.0448719090955258));
#1172=CARTESIAN_POINT('',(-0.0227942486017697,-0.0131586140708888,0.0428237364824191));
#1173=CARTESIAN_POINT('',(-0.023625590057784,-0.013637094094986,0.0437723787370183));
#1174=CARTESIAN_POINT('',(-0.0237102684547813,-0.0136849242358013,0.0450688005126843));
#1175=CARTESIAN_POINT('',(-0.0221500267751527,-0.013844313440573,0.0426265924311704));
#1176=CARTESIAN_POINT('',(-0.0224673208474717,-0.0150288097491261,0.0435154740670137));
#1177=CARTESIAN_POINT('',(-0.0220285566668729,-0.0154080258971051,0.0448716564614416));
#1178=CARTESIAN_POINT('',(-0.0214304731299377,-0.0141425636032863,0.0421848655232002));
#1179=CARTESIAN_POINT('',(-0.0211783664913645,-0.0158681259284203,0.0429207696786136));
#1180=CARTESIAN_POINT('',(-0.0201081132835121,-0.0161091104482393,0.0444299295534538));
#1181=CARTESIAN_POINT('',(-0.0207635702199367,-0.0141588794632958,0.0416411999296445));
#1182=CARTESIAN_POINT('',(-0.0198814870837252,-0.0163317328868161,0.0421345528120897));
#1183=CARTESIAN_POINT('',(-0.0183035125022552,-0.0160757158018705,0.0438862639599625));
#1184=CARTESIAN_POINT('',(-0.0203793316073654,-0.0140239701221518,0.0412484031986115));
#1185=CARTESIAN_POINT('',(-0.0190336088749521,-0.016445626672272,0.0415125114942833));
#1186=CARTESIAN_POINT('',(-0.0172485003380984,-0.0156776580799109,0.0434934672287697));
#1187=CARTESIAN_POINT('',(-0.0202069885192203,-0.0139262974700741,0.0410510706009516));
#1188=CARTESIAN_POINT('',(-0.0186055527948848,-0.016461152681141,0.0411709086660789));
#1189=CARTESIAN_POINT('',(-0.0167709145991092,-0.0154019238249443,0.0432961346312189));
#1190=CARTESIAN_POINT('',(-0.0201364145991091,-0.00957270683207127,0.043296134631219));
#1191=CARTESIAN_POINT('',(-0.0217239145991092,-0.00682307617505567,0.043296134631219));
#1192=CARTESIAN_POINT('',(-0.0235368384240535,-0.013589,0.0450031280605346));
#1193=CARTESIAN_POINT('',(-0.0228639756595544,-0.0147544324946337,0.0450031280605346));
#1194=CARTESIAN_POINT('',(-0.0205383341675541,-0.0164391939677593,0.0446172417210389));
#1195=CARTESIAN_POINT('',(-0.0178666035617942,-0.0160345201424986,0.0437488599359766));
#1196=CARTESIAN_POINT('',(-0.0167709145991092,-0.0154019238249444,0.043296134631219));
#1197=CARTESIAN_POINT('',(-0.0235368384240535,-0.013589,0.0450031280605346));
#1198=CARTESIAN_POINT('',(-0.0217239145991092,-0.00682307617505567,0.043296134631219));
#1199=CARTESIAN_POINT('',(-0.0222713776816001,-0.0071391541331032,0.0435223396942479));
#1200=CARTESIAN_POINT('',(-0.0232306537457475,-0.00796909352726347,0.0439611451886096));
#1201=CARTESIAN_POINT('',(-0.0244398395416453,-0.0102949870992638,0.0447179487986837));
#1202=CARTESIAN_POINT('',(-0.0242090301624471,-0.0124247297566743,0.0450031280605346));
#1203=CARTESIAN_POINT('',(-0.0235368384240535,-0.013589,0.0450031280605346));
#1204=CARTESIAN_POINT('',(-0.0217239145991091,-0.00682307617505568,0.043296134631219));
#1205=CARTESIAN_POINT('',(-0.0235585527948848,-0.00788230503125233,0.0411709086660789));
#1206=CARTESIAN_POINT('',(-0.0221640216493533,-0.0105366166565882,0.0410510706009517));
#1207=CARTESIAN_POINT('',(-0.0203871753361232,-0.00605130940173443,0.0417575168088659));
#1208=CARTESIAN_POINT('',(-0.0222167166015269,-0.00710759554382725,0.0396429334838694));
#1209=CARTESIAN_POINT('',(-0.0208326038373106,-0.00975365608555385,0.0395124527786633));
#1210=CARTESIAN_POINT('',(-0.0190500282305324,-0.00527930716037541,0.0402193788288083));
#1211=CARTESIAN_POINT('',(-0.0208719770437323,-0.00633120979811611,0.0381156645683328));
#1212=CARTESIAN_POINT('',(-0.0195017362943458,-0.0089682631305594,0.0379743147985179));
#1213=CARTESIAN_POINT('',(-0.0177120386537237,-0.00450681851803202,0.0386822320480548));
#1214=CARTESIAN_POINT('',(-0.0195180551302278,-0.00554952261690252,0.0365862004034556));
#1215=CARTESIAN_POINT('',(-0.0181718414951548,-0.00817778710190633,0.0364371680177875));
#1216=CARTESIAN_POINT('',(-0.0203905916808528,-0.00605328182928368,0.0417618121203598));
#1217=CARTESIAN_POINT('',(-0.0202342985604392,-0.00596304595414039,0.0412210574286968));
#1218=CARTESIAN_POINT('',(-0.0199171792139506,-0.00584959738424516,0.0401303548887834));
#1219=CARTESIAN_POINT('',(-0.0194220677595251,-0.00597681389384275,0.0385021688408123));
#1220=CARTESIAN_POINT('',(-0.0188771745611488,-0.00663069098014604,0.0369518815042964));
#1221=CARTESIAN_POINT('',(-0.0184277321233571,-0.0076683082648624,0.0364612639286202));
#1222=CARTESIAN_POINT('',(-0.0182174948367945,-0.00820492067152296,0.0364899359697327));
#1223=CARTESIAN_POINT('',(-0.0203905916808528,-0.00605328182928368,0.0417618121203598));
#1224=CARTESIAN_POINT('',(-0.0203905916808528,-0.00605328182928368,0.0417618121203598));
#1225=CARTESIAN_POINT('',(-0.0208350889300065,-0.00630991243573662,0.0422731877518857));
#1226=CARTESIAN_POINT('',(-0.0212795260172292,-0.0065665083076825,0.0427846330908609));
#1227=CARTESIAN_POINT('',(-0.0217239145991092,-0.00682307617505568,0.043296134631219));
#1228=CARTESIAN_POINT('',(-0.00195703313013299,0.0244629141266623,0.0410510706009517));
#1229=CARTESIAN_POINT('',(-0.004953,0.0243434577123933,0.0411709086660789));
#1230=CARTESIAN_POINT('',(-0.004953,0.022225,0.043296134631219));
#1231=CARTESIAN_POINT('',(-0.00196938772244423,0.0229184229919969,0.0395124834600636));
#1232=CARTESIAN_POINT('',(-0.00495299999999584,0.0227940695774423,0.0396429638971081));
#1233=CARTESIAN_POINT('',(-0.004953,0.0206814972327132,0.0417575474903331));
#1234=CARTESIAN_POINT('',(-0.00198412386918711,0.021373192238081,0.0379743761439679));
#1235=CARTESIAN_POINT('',(-0.00495299999999834,0.0212413290055387,0.0381157253283135));
#1236=CARTESIAN_POINT('',(-0.004953,0.0191375235465125,0.0402194401742456));
#1237=CARTESIAN_POINT('',(-0.00200374819657699,0.0198262624625894,0.0364372599739846));
#1238=CARTESIAN_POINT('',(-0.004953,0.0196779861390315,0.0365862916360591));
#1239=CARTESIAN_POINT('',(-0.004953,0.0175925771105888,0.0386823240042519));
#1240=CARTESIAN_POINT('',(-0.0020030776808223,0.0198792736577374,0.0364899359697327));
#1241=CARTESIAN_POINT('',(-0.00257286999543673,0.0197930452928392,0.0364612662584969));
#1242=CARTESIAN_POINT('',(-0.00369083571301784,0.0196637380410374,0.0369474546471641));
#1243=CARTESIAN_POINT('',(-0.00453571014410039,0.0198077559873062,0.0385006355419872));
#1244=CARTESIAN_POINT('',(-0.0048931492530279,0.020175088224836,0.0401357733739603));
#1245=CARTESIAN_POINT('',(-0.004953,0.0205048737993896,0.0412208603930464));
#1246=CARTESIAN_POINT('',(-0.004953,0.020685411308456,0.0417618121203598));
#1247=CARTESIAN_POINT('',(-0.004953,0.020685411308456,0.0417618121203598));
#1248=CARTESIAN_POINT('',(-0.004953,0.022225,0.043296134631219));
#1249=CARTESIAN_POINT('',(-0.004953,0.0217118642652536,0.0427846330908609));
#1250=CARTESIAN_POINT('',(-0.004953,0.0211986725213619,0.0422731877518857));
#1251=CARTESIAN_POINT('',(-0.004953,0.020685411308456,0.0417618121203598));
#1252=CARTESIAN_POINT('',(-0.004953,0.022225,0.043296134631219));
#1253=CARTESIAN_POINT('',(-0.001778,0.022225,0.043296134631219));
#1254=CARTESIAN_POINT('',(0.00195703313013299,0.0244629141266623,0.0410510706009517));
#1255=CARTESIAN_POINT('',(0.004953,0.0243434577123933,0.0411709086660789));
#1256=CARTESIAN_POINT('',(0.004953,0.022225,0.043296134631219));
#1257=CARTESIAN_POINT('',(0.00195543829213326,0.0246622900683597,0.0412496844050973));
#1258=CARTESIAN_POINT('',(0.00472410203133352,0.0247086742078351,0.0415146499535617));
#1259=CARTESIAN_POINT('',(0.004953,0.0227800489887851,0.0434947484352559));
#1260=CARTESIAN_POINT('',(0.00188125441262732,0.0250566568118278,0.0416367461287838));
#1261=CARTESIAN_POINT('',(0.00420890654819141,0.0253763984094711,0.0421278640787915));
#1262=CARTESIAN_POINT('',(0.00477289781786883,0.0238764861919472,0.0438818101591016));
#1263=CARTESIAN_POINT('',(0.00153481034271271,0.0256293021125913,0.0421836628213616));
#1264=CARTESIAN_POINT('',(0.00315795369640893,0.0262729470346022,0.0429190022443735));
#1265=CARTESIAN_POINT('',(0.00390249692823626,0.0254650591778051,0.0444287268516153));
#1266=CARTESIAN_POINT('',(0.000913355462323163,0.0261049192189141,0.0426268450652545));
#1267=CARTESIAN_POINT('',(0.00177938186033784,0.0269720832770325,0.0435158127215661));
#1268=CARTESIAN_POINT('',(0.00232651787985007,0.0267820673750876,0.0448719090955257));
#1269=CARTESIAN_POINT('',(1.43023689977981E-6,0.0263197053847549,0.0428237364824191));
#1270=CARTESIAN_POINT('',(2.72510883546001E-6,0.027278908216931,0.0437723787370185));
#1271=CARTESIAN_POINT('',(3.6421903213769E-6,0.02737615693029,0.0450688005126845));
#1272=CARTESIAN_POINT('',(-0.000914513749914218,0.0261046426020742,0.0426265924311703));
#1273=CARTESIAN_POINT('',(-0.00178167060765068,0.026971675483449,0.0435154740670135));
#1274=CARTESIAN_POINT('',(-0.00232946351562503,0.0267813026307691,0.0448716564614415));
#1275=CARTESIAN_POINT('',(-0.00153258279011429,0.0256306159472893,0.0421848655232006));
#1276=CARTESIAN_POINT('',(-0.00315301691877985,0.02627506635639,0.0429207696786143));
#1277=CARTESIAN_POINT('',(-0.0038968422387885,0.0254686921498183,0.0444299295534542));
#1278=CARTESIAN_POINT('',(-0.00188016419436763,0.0250612190153737,0.0416411999296432));
#1279=CARTESIAN_POINT('',(-0.00420295202594383,0.0253837393229216,0.0421345528120866));
#1280=CARTESIAN_POINT('',(-0.00477022201731116,0.0238891647063671,0.0438862639599611));
#1281=CARTESIAN_POINT('',(-0.00195544858401457,0.0246610039452046,0.0412484031986146));
#1282=CARTESIAN_POINT('',(-0.00472552604186182,0.0247064021475524,0.0415125114942908));
#1283=CARTESIAN_POINT('',(-0.004953,0.0227764685099486,0.0434934672287727));
#1284=CARTESIAN_POINT('',(-0.00195703313013299,0.0244629141266623,0.0410510706009517));
#1285=CARTESIAN_POINT('',(-0.00495300000000001,0.0243434577123933,0.0411709086660789));
#1286=CARTESIAN_POINT('',(-0.004953,0.022225,0.0432961346312189));
#1287=CARTESIAN_POINT('',(0.001778,0.022225,0.043296134631219));
#1288=CARTESIAN_POINT('',(0.004953,0.022225,0.043296134631219));
#1289=CARTESIAN_POINT('',(1.4547138838098E-18,0.027178,0.0450031280605346));
#1290=CARTESIAN_POINT('',(-0.0013457255289982,0.027178,0.0450031280605346));
#1291=CARTESIAN_POINT('',(-0.00396759251004246,0.0260063161243954,0.0446172417210389));
#1292=CARTESIAN_POINT('',(-0.004953,0.0234901926351086,0.0437488599359766));
#1293=CARTESIAN_POINT('',(-0.004953,0.022225,0.043296134631219));
#1294=CARTESIAN_POINT('',(1.98844680300939E-18,0.027178,0.0450031280605346));
#1295=CARTESIAN_POINT('',(0.004953,0.022225,0.043296134631219));
#1296=CARTESIAN_POINT('',(0.004953,0.0228571559160951,0.0435223396942479));
#1297=CARTESIAN_POINT('',(0.00471388943312946,0.0241028830539692,0.0439611451886096));
#1298=CARTESIAN_POINT('',(0.00330419941122716,0.0263130154571122,0.0447179487986837));
#1299=CARTESIAN_POINT('',(0.00134438347678713,0.027178,0.0450031280605346));
#1300=CARTESIAN_POINT('',(1.98844680300939E-18,0.027178,0.0450031280605346));
#1301=CARTESIAN_POINT('',(0.004953,0.022225,0.043296134631219));
#1302=CARTESIAN_POINT('',(0.004953,0.0243434577123933,0.0411709086660789));
#1303=CARTESIAN_POINT('',(0.00195703313013299,0.0244629141266623,0.0410510706009517));
#1304=CARTESIAN_POINT('',(0.004953,0.020681466453294,0.0417575168089339));
#1305=CARTESIAN_POINT('',(0.00495299999999559,0.0227940387374653,0.0396429334839285));
#1306=CARTESIAN_POINT('',(0.0019693879688031,0.0229183921928648,0.0395124527786642));
#1307=CARTESIAN_POINT('',(0.004953,0.0191374619706201,0.0402193788288083));
#1308=CARTESIAN_POINT('',(0.00495299999999989,0.0212412672461279,0.0381156645683541));
#1309=CARTESIAN_POINT('',(0.00198412444827195,0.0213731306140875,0.0379743147985159));
#1310=CARTESIAN_POINT('',(0.004953,0.0175924846859527,0.0386822320480548));
#1311=CARTESIAN_POINT('',(0.004953,0.0196778928836937,0.0365862004034556));
#1312=CARTESIAN_POINT('',(0.0020037493705858,0.0198261699193014,0.0364371680177875));
#1313=CARTESIAN_POINT('',(0.004953,0.020685411308456,0.0417618121203598));
#1314=CARTESIAN_POINT('',(0.00495299999999999,0.0205049395581695,0.0412210574286968));
#1315=CARTESIAN_POINT('',(0.004892689670308,0.0201735818631312,0.0401303548887834));
#1316=CARTESIAN_POINT('',(0.00453496121400294,0.0198084110206928,0.0385021688408123));
#1317=CARTESIAN_POINT('',(0.00369624044712358,0.0196634582117013,0.0369518815042965));
#1318=CARTESIAN_POINT('',(0.00257291630025754,0.019793038285393,0.0364612639286202));
#1319=CARTESIAN_POINT('',(0.0020030776808223,0.0198792736577374,0.0364899359697327));
#1320=CARTESIAN_POINT('',(0.004953,0.020685411308456,0.0417618121203598));
#1321=CARTESIAN_POINT('',(0.004953,0.020685411308456,0.0417618121203598));
#1322=CARTESIAN_POINT('',(0.004953,0.0211986725213619,0.0422731877518857));
#1323=CARTESIAN_POINT('',(0.004953,0.0217118642652536,0.0427846330908609));
#1324=CARTESIAN_POINT('',(0.004953,0.022225,0.043296134631219));
#1325=CARTESIAN_POINT('',(0.,0.,0.));
#1326=CARTESIAN_POINT('',(-3.57786716920216E-18,8.02309607639273E-18,0.));
#1327=CARTESIAN_POINT('',(0.01905,8.02309607639273E-18,0.));
#1328=CARTESIAN_POINT('',(0.00374542744487583,0.0232380755415605,0.0478255126214245));
#1329=CARTESIAN_POINT('',(0.00124932750697267,0.019380052556884,0.0467606894882375));
#1330=CARTESIAN_POINT('',(0.00489673276264421,0.018409902450889,0.0495898144815879));
#1331=CARTESIAN_POINT('',(0.00397666822931116,0.0229860638762972,0.0473162722634933));
#1332=CARTESIAN_POINT('',(0.00173551481891146,0.0193301222737475,0.0466702553161421));
#1333=CARTESIAN_POINT('',(0.00529314553423856,0.0183044631411819,0.048951384457148));
#1334=CARTESIAN_POINT('',(0.00436183809535708,0.0224637599490569,0.0462221037479972));
#1335=CARTESIAN_POINT('',(0.00271823165196591,0.0191685002106222,0.0461249011930433));
#1336=CARTESIAN_POINT('',(0.00595343673569725,0.0181025659459107,0.0475699811513944));
#1337=CARTESIAN_POINT('',(0.00475186667781942,0.0216910541354898,0.0444617240238546));
#1338=CARTESIAN_POINT('',(0.00392498685652245,0.0188666545834371,0.0446182068122637));
#1339=CARTESIAN_POINT('',(0.0066220571617633,0.0178646569792163,0.0453133672236587));
#1340=CARTESIAN_POINT('',(0.0049589598383236,0.0209838046092581,0.0426648391644883));
#1341=CARTESIAN_POINT('',(0.00474666595736476,0.018605608503385,0.0428022130941394));
#1342=CARTESIAN_POINT('',(0.00697707400861198,0.0177265173850453,0.0429688349385741));
#1343=CARTESIAN_POINT('',(0.00496601604722284,0.0203769456342474,0.0408579384715593));
#1344=CARTESIAN_POINT('',(0.00517559749133721,0.0184357035687382,0.04081549823267));
#1345=CARTESIAN_POINT('',(0.00698917036665159,0.0177216166941547,0.040558595239569));
#1346=CARTESIAN_POINT('',(0.00471823648724007,0.0199321178827471,0.039137520251185));
#1347=CARTESIAN_POINT('',(0.00514385668144051,0.018403829012714,0.0388183300185764));
#1348=CARTESIAN_POINT('',(0.00656440540670416,0.0178876855236393,0.0381966864424904));
#1349=CARTESIAN_POINT('',(0.00414014738719611,0.0197075335295399,0.0376576437470714));
#1350=CARTESIAN_POINT('',(0.00456026082549902,0.0185315699106492,0.0370323459304444));
#1351=CARTESIAN_POINT('',(0.00557339552089578,0.0182333761343592,0.0360854905035174));
#1352=CARTESIAN_POINT('',(0.00319646805135134,0.0197158544844661,0.0366692820296993));
#1353=CARTESIAN_POINT('',(0.00340898558296424,0.0187651876274326,0.0358040063914728));
#1354=CARTESIAN_POINT('',(0.00395565951664274,0.018667414688937,0.0345960693273217));
#1355=CARTESIAN_POINT('',(0.00240607619164681,0.0198182866960427,0.0364696586685813));
#1356=CARTESIAN_POINT('',(0.00241257498761055,0.0189033669728454,0.0355432330988476));
#1357=CARTESIAN_POINT('',(0.00260070204273663,0.0188844108930015,0.0342448719425879));
#1358=CARTESIAN_POINT('',(0.0020030776808223,0.0198792736577374,0.0364899359697327));
#1359=CARTESIAN_POINT('',(0.00190984745283822,0.0189540228634158,0.03556));
#1360=CARTESIAN_POINT('',(0.00190984745283822,0.0189540228634158,0.0342448719394655));
#1361=CARTESIAN_POINT('',(0.004953,0.0183948441417698,0.0494980864104783));
#1362=CARTESIAN_POINT('',(0.004953,0.0183948441417698,0.0481254095688355));
#1363=CARTESIAN_POINT('',(0.00495299999999999,0.0189110391398805,0.045463485365624));
#1364=CARTESIAN_POINT('',(0.00495300000000002,0.0200088095041274,0.0429323402803708));
#1365=CARTESIAN_POINT('',(0.004953,0.020685411308456,0.0417618121203597));
#1366=CARTESIAN_POINT('',(0.004953,0.0183948441417698,0.0494980864104783));
#1367=CARTESIAN_POINT('',(0.00190984745283822,0.0189540228634157,0.0342448719394654));
#1368=CARTESIAN_POINT('',(0.00267864109065507,0.0188765575896043,0.0342448719394654));
#1369=CARTESIAN_POINT('',(0.00416674175980246,0.0186246095728009,0.0346890953676524));
#1370=CARTESIAN_POINT('',(0.00575877748163721,0.0181729485752001,0.0363657349762539));
#1371=CARTESIAN_POINT('',(0.00663670402104476,0.0178597938420063,0.0384798059960434));
#1372=CARTESIAN_POINT('',(0.00711395831253832,0.0176721376786001,0.0415072665800116));
#1373=CARTESIAN_POINT('',(0.00675743273746791,0.0178171786708001,0.0453218609719754));
#1374=CARTESIAN_POINT('',(0.00573952521736458,0.0181830641793203,0.0482002284049999));
#1375=CARTESIAN_POINT('',(0.004953,0.0183948441417698,0.0494980864104783));
#1376=CARTESIAN_POINT('',(0.00190984745283822,0.0189540228634157,0.0342448719394654));
#1377=CARTESIAN_POINT('',(0.00222815536164459,0.022113026673985,0.0342448719394654));
#1378=CARTESIAN_POINT('',(-3.57786716920216E-18,8.02309607639273E-18,0.0342448719394654));
#1379=CARTESIAN_POINT('',(-3.57786716920216E-18,8.02309607639273E-18,0.0342448719394654));
#1380=CARTESIAN_POINT('',(-0.00190984745283822,0.0189540228634157,0.0342448719394654));
#1381=CARTESIAN_POINT('',(-0.00222815536164459,0.022113026673985,0.0342448719394654));
#1382=CARTESIAN_POINT('',(-0.0020030776808223,0.0198792736577374,0.0364899359697327));
#1383=CARTESIAN_POINT('',(-0.00190984745283822,0.0189540228634158,0.03556));
#1384=CARTESIAN_POINT('',(-0.00190984745283822,0.0189540228634158,0.0342448719394654));
#1385=CARTESIAN_POINT('',(-0.0024059128611337,0.0198183114133941,0.0364696668867901));
#1386=CARTESIAN_POINT('',(-0.00241237161836974,0.018903387464751,0.0355432398817251));
#1387=CARTESIAN_POINT('',(-0.00260042204756506,0.0188844391059075,0.0342448719427749));
#1388=CARTESIAN_POINT('',(-0.00319538838423834,0.0197159740370723,0.0366686396718895));
#1389=CARTESIAN_POINT('',(-0.0034076107861782,0.0187654455190796,0.0358031425270862));
#1390=CARTESIAN_POINT('',(-0.00395380865873768,0.0186678432807013,0.0345950440852249));
#1391=CARTESIAN_POINT('',(-0.00414142268626175,0.0197072900242609,0.0376582228334761));
#1392=CARTESIAN_POINT('',(-0.00456198522541056,0.0185312019011668,0.037033292659487));
#1393=CARTESIAN_POINT('',(-0.0055755817478645,0.0182328155788484,0.0360864830342272));
#1394=CARTESIAN_POINT('',(-0.0047201209029942,0.0199338144596547,0.0391454541213984));
#1395=CARTESIAN_POINT('',(-0.00514520676942269,0.0184036075375139,0.0388275801552335));
#1396=CARTESIAN_POINT('',(-0.00656763583371211,0.0178864643461227,0.0382077571972041));
#1397=CARTESIAN_POINT('',(-0.00496613531254803,0.0203776869443223,0.0408603584323525));
#1398=CARTESIAN_POINT('',(-0.00517519754001321,0.0184359033201468,0.0408184325363893));
#1399=CARTESIAN_POINT('',(-0.00698937482149162,0.0177215314420047,0.0405618593502987));
#1400=CARTESIAN_POINT('',(-0.00495840526510312,0.0209870538809681,0.0426737464936941));
#1401=CARTESIAN_POINT('',(-0.00474373160880232,0.0186066110935778,0.0428114099137137));
#1402=CARTESIAN_POINT('',(-0.00697612331166921,0.0177268725540545,0.042980586474615));
#1403=CARTESIAN_POINT('',(-0.00475147946435997,0.0216924819380087,0.0444652410530003));
#1404=CARTESIAN_POINT('',(-0.00392288633275753,0.0188673780299361,0.0446223997935269));
#1405=CARTESIAN_POINT('',(-0.00662139336723833,0.0178649831868853,0.045317934194126));
#1406=CARTESIAN_POINT('',(-0.00435796562753906,0.0224696120395632,0.0462347332727935));
#1407=CARTESIAN_POINT('',(-0.00270824288157367,0.0191704346884053,0.0461328665825245));
#1408=CARTESIAN_POINT('',(-0.00594679821951815,0.0181046692983181,0.0475860152211352));
#1409=CARTESIAN_POINT('',(-0.00397724682649255,0.0229854455630158,0.047315027384209));
#1410=CARTESIAN_POINT('',(-0.00173662362872054,0.0193300160144761,0.046670094932194));
#1411=CARTESIAN_POINT('',(-0.00529413741494887,0.0183042024934316,0.0489498248958943));
#1412=CARTESIAN_POINT('',(-0.00374534729660451,0.0232381628869188,0.0478256891195391));
#1413=CARTESIAN_POINT('',(-0.00124914900668671,0.0193800708870453,0.0467607226821148));
#1414=CARTESIAN_POINT('',(-0.00489659536560774,0.0184099389957031,0.0495900357554794));
#1415=CARTESIAN_POINT('',(-0.004953,0.0183948441417698,0.0494980864104783));
#1416=CARTESIAN_POINT('',(-0.00574078778612582,0.0181827242197629,0.0481981450198308));
#1417=CARTESIAN_POINT('',(-0.0067564191507578,0.0178174974902588,0.0453279992941003));
#1418=CARTESIAN_POINT('',(-0.00711298600241504,0.0176724879579611,0.0415028623177064));
#1419=CARTESIAN_POINT('',(-0.00663859789931413,0.0178591226200972,0.0384856894566454));
#1420=CARTESIAN_POINT('',(-0.00575608404969885,0.0181738444793272,0.0363604011506723));
#1421=CARTESIAN_POINT('',(-0.00416599798101915,0.0186246795034136,0.0346897130194737));
#1422=CARTESIAN_POINT('',(-0.00267872410620987,0.0188765492247813,0.0342448719394655));
#1423=CARTESIAN_POINT('',(-0.00190984745283821,0.0189540228634157,0.0342448719394655));
#1424=CARTESIAN_POINT('',(-0.004953,0.0183948441417698,0.0494980864104783));
#1425=CARTESIAN_POINT('',(-0.004953,0.0183948441417698,0.0494980864104783));
#1426=CARTESIAN_POINT('',(-0.004953,0.0183948441417698,0.0481254095688355));
#1427=CARTESIAN_POINT('',(-0.004953,0.0189110391398909,0.0454634853656301));
#1428=CARTESIAN_POINT('',(-0.00495300000000001,0.0200088095041062,0.0429323402803586));
#1429=CARTESIAN_POINT('',(-0.004953,0.020685411308456,0.0417618121203598));
#1430=CARTESIAN_POINT('',(-0.0219974774764911,-0.00837540245548634,0.0478255126214245));
#1431=CARTESIAN_POINT('',(-0.0174082815944254,-0.00860807691975701,0.0467606894882375));
#1432=CARTESIAN_POINT('',(-0.0183918095849854,-0.00496425625745107,0.0495898144815879));
#1433=CARTESIAN_POINT('',(-0.0218948493645327,-0.00804913622914288,0.0473162722634911));
#1434=CARTESIAN_POINT('',(-0.0176081343567807,-0.00816206121505483,0.046670255316133));
#1435=CARTESIAN_POINT('',(-0.0184987028500163,-0.00456823307202101,0.048951384457148));
#1436=CARTESIAN_POINT('',(-0.021635105828081,-0.00745441737675441,0.0462221037479982));
#1437=CARTESIAN_POINT('',(-0.0179595239608293,-0.00723019244133593,0.0461249011930467));
#1438=CARTESIAN_POINT('',(-0.0186540003506915,-0.00389545552001397,0.0475699811513943));
#1439=CARTESIAN_POINT('',(-0.0211609372551064,-0.00673028980935656,0.0444617240238543));
#1440=CARTESIAN_POINT('',(-0.0183014955819438,-0.00603418896445073,0.0446182068122631));
#1441=CARTESIAN_POINT('',(-0.0187822753547776,-0.00319745876220955,0.0453133672236587));
#1442=CARTESIAN_POINT('',(-0.0206519877788286,-0.00619731710829408,0.0426648391644884));
#1443=CARTESIAN_POINT('',(-0.0184862625954816,-0.00519207094933568,0.0428022130941395));
#1444=CARTESIAN_POINT('',(-0.0188401513803817,-0.00282093535698027,0.0429688349385741));
#1445=CARTESIAN_POINT('',(-0.020129960594404,-0.00588777676462744,0.0408579384715593));
#1446=CARTESIAN_POINT('',(-0.0185535863728354,-0.00473565287710802,0.0408154982326699));
#1447=CARTESIAN_POINT('',(-0.0188419554365942,-0.0028080092581796,0.040558595239569));
#1448=CARTESIAN_POINT('',(-0.019620838681305,-0.0058799462823613,0.0391375202511849));
#1449=CARTESIAN_POINT('',(-0.0185101117926355,-0.00474720394680363,0.0388183300185768));
#1450=CARTESIAN_POINT('',(-0.0187733927817306,-0.00325890091887445,0.0381966864424903));
#1451=CARTESIAN_POINT('',(-0.0191372983761137,-0.00626829395204515,0.0376576437470714));
#1452=CARTESIAN_POINT('',(-0.0183289407273798,-0.00531648323255779,0.0370323459304426));
#1453=CARTESIAN_POINT('',(-0.0185772646895608,-0.00428998596074342,0.0360854905035174));
#1454=CARTESIAN_POINT('',(-0.0186726648665387,-0.00708970470738182,0.0366692820296993));
#1455=CARTESIAN_POINT('',(-0.0179556219836173,-0.00643032569774057,0.035804006391479));
#1456=CARTESIAN_POINT('',(-0.0181442851019162,-0.00590800571434174,0.0345960693273217));
#1457=CARTESIAN_POINT('',(-0.0183661778340837,-0.00782542024260488,0.0364696586685812));
#1458=CARTESIAN_POINT('',(-0.0175770835093555,-0.0073623322586034,0.0355432330988342));
#1459=CARTESIAN_POINT('',(-0.0176547305902185,-0.00718993140980051,0.0342448719425879));
#1460=CARTESIAN_POINT('',(-0.0182174948367945,-0.00820492067152296,0.0364899359697327));
#1461=CARTESIAN_POINT('',(-0.0173695890300482,-0.00782303502019698,0.03556));
#1462=CARTESIAN_POINT('',(-0.0173695890300482,-0.00782303502019698,0.0342448719394654));
#1463=CARTESIAN_POINT('',(-0.018406902325428,-0.00490799824594053,0.0494980864104783));
#1464=CARTESIAN_POINT('',(-0.018406902325428,-0.00490799824594053,0.0481254095688355));
#1465=CARTESIAN_POINT('',(-0.0188539403071068,-0.0051660957450008,0.0454634853656296));
#1466=CARTESIAN_POINT('',(-0.0198046373300409,-0.00571498092710959,0.0429323402803595));
#1467=CARTESIAN_POINT('',(-0.0203905916808528,-0.00605328182928368,0.0417618121203597));
#1468=CARTESIAN_POINT('',(-0.018406902325428,-0.00490799824594053,0.0494980864104783));
#1469=CARTESIAN_POINT('',(-0.0173695890300482,-0.00782303502019698,0.0342448719394654));
#1470=CARTESIAN_POINT('',(-0.0176868989539248,-0.00711850756267402,0.0342448719394654));
#1471=CARTESIAN_POINT('',(-0.0182127559055137,-0.00570380057140206,0.0346890953676523));
#1472=CARTESIAN_POINT('',(-0.0186176238686101,-0.00409922669376045,0.0363657349762539));
#1473=CARTESIAN_POINT('',(-0.0187853871840527,-0.00318234264138006,0.0384798059960434));
#1474=CARTESIAN_POINT('',(-0.018861499325113,-0.00267520021917836,0.0415072665800116));
#1475=CARTESIAN_POINT('',(-0.0188088457214131,-0.00305648092038824,0.0453218609719754));
#1476=CARTESIAN_POINT('',(-0.0186167581066165,-0.00412095744576102,0.0482002284049999));
#1477=CARTESIAN_POINT('',(-0.018406902325428,-0.00490799824594053,0.0494980864104783));
#1478=CARTESIAN_POINT('',(-0.0173695890300482,-0.00782303502019698,0.0342448719394654));
#1479=CARTESIAN_POINT('',(-0.0202645205350563,-0.00912687419022981,0.0342448719394654));
#1480=CARTESIAN_POINT('',(-3.57786716920216E-18,8.02309607639273E-18,0.0342448719394654));
#1481=CARTESIAN_POINT('',(-3.57786716920216E-18,8.02309607639273E-18,0.0342448719394654));
#1482=CARTESIAN_POINT('',(-0.01545974157721,-0.0111309878432188,0.0342448719394654));
#1483=CARTESIAN_POINT('',(-0.0180363651734116,-0.0129861524837552,0.0342448719394654));
#1484=CARTESIAN_POINT('',(-0.0162144171559722,-0.0116743529862144,0.0364899359697327));
#1485=CARTESIAN_POINT('',(-0.01545974157721,-0.0111309878432188,0.03556));
#1486=CARTESIAN_POINT('',(-0.01545974157721,-0.0111309878432188,0.0342448719394655));
#1487=CARTESIAN_POINT('',(-0.0159602047135288,-0.0119927373637322,0.0364696668867792));
#1488=CARTESIAN_POINT('',(-0.0151646279528682,-0.0115408688372683,0.0355432398816705));
#1489=CARTESIAN_POINT('',(-0.0150541929781452,-0.0116942511067179,0.0342448719426794));
#1490=CARTESIAN_POINT('',(-0.0154768401843467,-0.0126252745342435,0.0366686396718945));
#1491=CARTESIAN_POINT('',(-0.0145475471397681,-0.0123338002665717,0.0358031425271112));
#1492=CARTESIAN_POINT('',(-0.014189922185589,-0.012758020380515,0.0345950440852692));
#1493=CARTESIAN_POINT('',(-0.0149963024576249,-0.0134402222662425,0.0376582228334747));
#1494=CARTESIAN_POINT('',(-0.013767498996363,-0.0132163960474807,0.0370332926594806));
#1495=CARTESIAN_POINT('',(-0.0130022905998661,-0.0139450032239531,0.0360864830342153));
#1496=CARTESIAN_POINT('',(-0.01490312926489,-0.0140546518407542,0.0391454541213988));
#1497=CARTESIAN_POINT('',(-0.0133653882640547,-0.0136576835388,0.0388275801552352));
#1498=CARTESIAN_POINT('',(-0.0122063145907711,-0.0146309716478607,0.0382077571972073));
#1499=CARTESIAN_POINT('',(-0.0151645269078755,-0.0144896428114587,0.0408603584323524));
#1500=CARTESIAN_POINT('',(-0.0133783618469543,-0.0136998041993277,0.0408184325363887));
#1501=CARTESIAN_POINT('',(-0.011852609011995,-0.0149137418729855,0.0405618593502979));
#1502=CARTESIAN_POINT('',(-0.0156961191789596,-0.014787631862322,0.042673746493694));
#1503=CARTESIAN_POINT('',(-0.0137419320809745,-0.0134114976287472,0.0428114099137142));
#1504=CARTESIAN_POINT('',(-0.0118638603056254,-0.0149049362848658,0.0429805864746152));
#1505=CARTESIAN_POINT('',(-0.0164105006972708,-0.0149611428906996,0.0444652410530009));
#1506=CARTESIAN_POINT('',(-0.0143781855103508,-0.0128310082352931,0.0446223997935258));
#1507=CARTESIAN_POINT('',(-0.0121608325944064,-0.0146667864579198,0.0453179341941259));
#1508=CARTESIAN_POINT('',(-0.0172802720256722,-0.0150089149620517,0.0462347332727917));
#1509=CARTESIAN_POINT('',(-0.0152479620009595,-0.0119306244792722,0.0461328665825273));
#1510=CARTESIAN_POINT('',(-0.0127057044296968,-0.0142024129784457,0.0475860152211353));
#1511=CARTESIAN_POINT('',(-0.0179173563616312,-0.0149371195703673,0.0473150273842129));
#1512=CARTESIAN_POINT('',(-0.0158719731097452,-0.0111689681865001,0.0466700949321887));
#1513=CARTESIAN_POINT('',(-0.0132048356478601,-0.0137369587391788,0.0489498248958943));
#1514=CARTESIAN_POINT('',(-0.0182521657490502,-0.0148626473483143,0.0478256891195391));
#1515=CARTESIAN_POINT('',(-0.0161590592119811,-0.0107718302164253,0.0467607226821147));
#1516=CARTESIAN_POINT('',(-0.0134951771695968,-0.0134455454765209,0.0495900357554794));
#1517=CARTESIAN_POINT('',(-0.0134539023254279,-0.0134868458958292,0.0494980864104783));
#1518=CARTESIAN_POINT('',(-0.0128763071912583,-0.0140630301704018,0.0481981450198308));
#1519=CARTESIAN_POINT('',(-0.0120521958830507,-0.0147599793683013,0.0453279992941003));
#1520=CARTESIAN_POINT('',(-0.0117483305184614,-0.0149962705538351,0.0415028623177063));
#1521=CARTESIAN_POINT('',(-0.0121471549286484,-0.0146787557363646,0.0384856894566454));
#1522=CARTESIAN_POINT('',(-0.0128609689786755,-0.0140718372530212,0.0363604011506722));
#1523=CARTESIAN_POINT('',(-0.01404644659679,-0.0129201998353841,0.0346897130194737));
#1524=CARTESIAN_POINT('',(-0.0150082091113432,-0.0117581177380982,0.0342448719394655));
#1525=CARTESIAN_POINT('',(-0.01545974157721,-0.0111309878432188,0.0342448719394655));
#1526=CARTESIAN_POINT('',(-0.0134539023254279,-0.0134868458958292,0.0494980864104783));
#1527=CARTESIAN_POINT('',(-0.0134539023254279,-0.0134868458958292,0.0494980864104783));
#1528=CARTESIAN_POINT('',(-0.0134539023254279,-0.0134868458958292,0.0481254095688355));
#1529=CARTESIAN_POINT('',(-0.0139009403071016,-0.0137449433948865,0.0454634853656263));
#1530=CARTESIAN_POINT('',(-0.0148516373300509,-0.014293828577004,0.0429323402803662));
#1531=CARTESIAN_POINT('',(-0.0154375916808528,-0.0146321294791723,0.0417618121203598));
#1532=CARTESIAN_POINT('',(0.0182520500316153,-0.0148626730860741,0.0478255126214245));
#1533=CARTESIAN_POINT('',(0.0161589540874527,-0.010771975637127,0.0467606894882375));
#1534=CARTESIAN_POINT('',(0.0134950768223411,-0.0134456461934379,0.0495898144815879));
#1535=CARTESIAN_POINT('',(0.0179181811352263,-0.0149369276471534,0.0473162722634891));
#1536=CARTESIAN_POINT('',(0.0158726195378703,-0.0111680610586961,0.046670255316141));
#1537=CARTESIAN_POINT('',(0.0132055573157837,-0.0137362300691661,0.048951384457137));
#1538=CARTESIAN_POINT('',(0.0172732677327217,-0.0150093425723029,0.0462221037479992));
#1539=CARTESIAN_POINT('',(0.0152412923088626,-0.0119383077692844,0.0461249011930437));
#1540=CARTESIAN_POINT('',(0.0127005636149914,-0.0142071104258944,0.0475699811513995));
#1541=CARTESIAN_POINT('',(0.0164090705772875,-0.0149607643261332,0.0444617240238541));
#1542=CARTESIAN_POINT('',(0.0143765087254216,-0.0128324656189871,0.0446182068122637));
#1543=CARTESIAN_POINT('',(0.0121602181930151,-0.0146671982170074,0.0453133672236573));
#1544=CARTESIAN_POINT('',(0.0156930279405048,-0.0147864875009641,0.0426648391644885));
#1545=CARTESIAN_POINT('',(0.0137395966381167,-0.0134135375540491,0.0428022130941393));
#1546=CARTESIAN_POINT('',(0.0118630773717696,-0.0149055820280648,0.0429688349385744));
#1547=CARTESIAN_POINT('',(0.0151639445471813,-0.01448916886962,0.0408579384715594));
#1548=CARTESIAN_POINT('',(0.0133779888814982,-0.0137000506916302,0.0408154982326704));
#1549=CARTESIAN_POINT('',(0.0118527850699426,-0.014913607435975,0.0405585952395694));
#1550=CARTESIAN_POINT('',(0.0149026021940646,-0.0140521716003856,0.0391375202511844));
#1551=CARTESIAN_POINT('',(0.013366255111195,-0.0136566250659106,0.0388183300185751));
#1552=CARTESIAN_POINT('',(0.0122089873750268,-0.0146287846047652,0.0381966864424887));
#1553=CARTESIAN_POINT('',(0.0149971509889185,-0.0134392395774952,0.0376576437470736));
#1554=CARTESIAN_POINT('',(0.0137686799018803,-0.0132150866780907,0.0370323459304494));
#1555=CARTESIAN_POINT('',(0.0130038691686637,-0.0139433901736142,0.0360854905035237));
#1556=CARTESIAN_POINT('',(0.015476196815184,-0.0126261497770824,0.0366692820296914));
#1557=CARTESIAN_POINT('',(0.014546636400655,-0.0123348619296943,0.0358040063914536));
#1558=CARTESIAN_POINT('',(0.0141886255852781,-0.012759408974601,0.0345960693272983));
#1559=CARTESIAN_POINT('',(0.015960101642444,-0.011992866453442,0.0364696586685983));
#1560=CARTESIAN_POINT('',(0.0151645085217398,-0.011541034714238,0.0355432330988895));
#1561=CARTESIAN_POINT('',(0.0150540285474718,-0.0116944794831886,0.0342448719426385));
#1562=CARTESIAN_POINT('',(0.0162144171559722,-0.0116743529862144,0.0364899359697327));
#1563=CARTESIAN_POINT('',(0.01545974157721,-0.0111309878432188,0.03556));
#1564=CARTESIAN_POINT('',(0.01545974157721,-0.0111309878432188,0.0342448719394654));
#1565=CARTESIAN_POINT('',(0.0134539023254279,-0.0134868458958292,0.0494980864104783));
#1566=CARTESIAN_POINT('',(0.0134539023254279,-0.0134868458958292,0.0481254095688355));
#1567=CARTESIAN_POINT('',(0.0139009403070905,-0.0137449433948801,0.0454634853656188));
#1568=CARTESIAN_POINT('',(0.0148516373300734,-0.014293828577017,0.0429323402803813));
#1569=CARTESIAN_POINT('',(0.0154375916808528,-0.0146321294791723,0.0417618121203598));
#1570=CARTESIAN_POINT('',(0.0134539023254279,-0.0134868458958292,0.0494980864104783));
#1571=CARTESIAN_POINT('',(0.01545974157721,-0.0111309878432188,0.0342448719394655));
#1572=CARTESIAN_POINT('',(0.0150082578632698,-0.0117580500269303,0.0342448719394655));
#1573=CARTESIAN_POINT('',(0.0140460141457112,-0.0129208090013989,0.0346890953676523));
#1574=CARTESIAN_POINT('',(0.0128588463869729,-0.0140737218814397,0.0363657349762539));
#1575=CARTESIAN_POINT('',(0.0121486831630079,-0.0146774512006262,0.0384798059960434));
#1576=CARTESIAN_POINT('',(0.0117475410125746,-0.0149969374594217,0.0415072665800116));
#1577=CARTESIAN_POINT('',(0.0120514129839452,-0.0147606977504119,0.0453218609719754));
#1578=CARTESIAN_POINT('',(0.0128772328892519,-0.0140621067335593,0.0482002284049999));
#1579=CARTESIAN_POINT('',(0.0134539023254279,-0.0134868458958292,0.0494980864104783));
#1580=CARTESIAN_POINT('',(0.01545974157721,-0.0111309878432188,0.0342448719394655));
#1581=CARTESIAN_POINT('',(0.0180363651734116,-0.0129861524837552,0.0342448719394655));
#1582=CARTESIAN_POINT('',(-3.57786716920216E-18,8.02309607639273E-18,0.0342448719394655));
#1583=CARTESIAN_POINT('',(-3.57786716920216E-18,8.02309607639273E-18,0.0342448719394655));
#1584=CARTESIAN_POINT('',(0.0173695890300482,-0.00782303502019699,0.0342448719394655));
#1585=CARTESIAN_POINT('',(0.0202645205350563,-0.00912687419022982,0.0342448719394655));
#1586=CARTESIAN_POINT('',(0.0182174948367945,-0.00820492067152297,0.0364899359697327));
#1587=CARTESIAN_POINT('',(0.0173695890300482,-0.00782303502019699,0.03556));
#1588=CARTESIAN_POINT('',(0.0173695890300482,-0.00782303502019699,0.0342448719394655));
#1589=CARTESIAN_POINT('',(0.0183661175746563,-0.00782557404964628,0.036469666886764));
#1590=CARTESIAN_POINT('',(0.0175769995712295,-0.0073625186274835,0.0355432398816794));
#1591=CARTESIAN_POINT('',(0.0176546150257233,-0.007190187999191,0.0342448719427075));
#1592=CARTESIAN_POINT('',(0.0186722285685879,-0.00709069950283609,0.0366686396719016));
#1593=CARTESIAN_POINT('',(0.0179551579259494,-0.00643164525250713,0.0358031425271072));
#1594=CARTESIAN_POINT('',(0.0181437308443207,-0.00590982290018572,0.0345950440852562));
#1595=CARTESIAN_POINT('',(0.0191377251438859,-0.00626706775801644,0.0376582228334728));
#1596=CARTESIAN_POINT('',(0.018329484221773,-0.00531480585368639,0.0370332926594815));
#1597=CARTESIAN_POINT('',(0.0185778723477322,-0.00428781235489541,0.0360864830342188));
#1598=CARTESIAN_POINT('',(0.0196232501678844,-0.00587916261890103,0.0391454541213993));
#1599=CARTESIAN_POINT('',(0.0185105950334775,-0.00474592399871386,0.038827580155235));
#1600=CARTESIAN_POINT('',(0.0187739504244828,-0.00325549269826203,0.0382077571972063));
#1601=CARTESIAN_POINT('',(0.0201306622204235,-0.00588804413286344,0.0408603584323523));
#1602=CARTESIAN_POINT('',(0.0185535593869675,-0.00473609912081908,0.0408184325363889));
#1603=CARTESIAN_POINT('',(0.0188419838334866,-0.0028077895690192,0.0405618593502982));
#1604=CARTESIAN_POINT('',(0.0206545244440627,-0.00619942201864633,0.0426737464936942));
#1605=CARTESIAN_POINT('',(0.0184856636897769,-0.00519511346483081,0.0428114099137138));
#1606=CARTESIAN_POINT('',(0.0188399836172948,-0.00282193626918895,0.0429805864746152));
#1607=CARTESIAN_POINT('',(0.0211619801616309,-0.00673133904730835,0.0444652410530002));
#1608=CARTESIAN_POINT('',(0.0183010718431076,-0.00603636979464167,0.044622399793527));
#1609=CARTESIAN_POINT('',(0.0187822259616437,-0.00319819672896426,0.0453179341941256));
#1610=CARTESIAN_POINT('',(0.0216382376532108,-0.00746069707751411,0.0462347332727942));
#1611=CARTESIAN_POINT('',(0.0179562048825369,-0.00723981020914011,0.0461328665825244));
#1612=CARTESIAN_POINT('',(0.0186525026492185,-0.00390225631987699,0.0475860152211365));
#1613=CARTESIAN_POINT('',(0.0218946031881247,-0.00804832599264281,0.0473150273842075));
#1614=CARTESIAN_POINT('',(0.0176085967384553,-0.00816104782795661,0.0466700949321941));
#1615=CARTESIAN_POINT('',(0.018498973062801,-0.00456724375424288,0.0489498248958915));
#1616=CARTESIAN_POINT('',(0.0219975130456547,-0.00837551553860457,0.0478256891195391));
#1617=CARTESIAN_POINT('',(0.0174082082186677,-0.00860824067061989,0.0467607226821148));
#1618=CARTESIAN_POINT('',(0.0183917725352045,-0.00496439351918213,0.0495900357554794));
#1619=CARTESIAN_POINT('',(0.018406902325428,-0.00490799824594054,0.0494980864104783));
#1620=CARTESIAN_POINT('',(0.0186170949773841,-0.00411969404936103,0.0481981450198308));
#1621=CARTESIAN_POINT('',(0.0188086150338085,-0.00305751812195748,0.0453279992941003));
#1622=CARTESIAN_POINT('',(0.0188613165208764,-0.00267621740412602,0.0415028623177064));
#1623=CARTESIAN_POINT('',(0.0187857528279625,-0.00318036688373256,0.0384856894566454));
#1624=CARTESIAN_POINT('',(0.0186170530283743,-0.004102007226306,0.0363604011506723));
#1625=CARTESIAN_POINT('',(0.0182124445778091,-0.00570447966802954,0.0346897130194737));
#1626=CARTESIAN_POINT('',(0.017686933217553,-0.00711843148668318,0.0342448719394655));
#1627=CARTESIAN_POINT('',(0.0173695890300482,-0.007823035020197,0.0342448719394655));
#1628=CARTESIAN_POINT('',(0.018406902325428,-0.00490799824594054,0.0494980864104783));
#1629=CARTESIAN_POINT('',(0.018406902325428,-0.00490799824594054,0.0494980864104783));
#1630=CARTESIAN_POINT('',(0.018406902325428,-0.00490799824594054,0.0481254095688355));
#1631=CARTESIAN_POINT('',(0.0188539403071049,-0.00516609574499976,0.0454634853656285));
#1632=CARTESIAN_POINT('',(0.0198046373300443,-0.00571498092711155,0.0429323402803618));
#1633=CARTESIAN_POINT('',(0.0203905916808528,-0.00605328182928369,0.0417618121203598));
#1634=CARTESIAN_POINT('',(0.0203905916808528,-0.00605328182928369,0.0417618121203598));
#1635=CARTESIAN_POINT('',(0.0182174948367945,-0.00820492067152297,0.0364899359697327));
#1636=CARTESIAN_POINT('',(0.0184277150395731,-0.00766835186973664,0.0364612662584969));
#1637=CARTESIAN_POINT('',(0.0188747145334098,-0.00663551153185043,0.0369474546471641));
#1638=CARTESIAN_POINT('',(0.0194218749490206,-0.00597583778465936,0.0385006355419872));
#1639=CARTESIAN_POINT('',(0.0199187135528142,-0.00584995255478701,0.0401357733739603));
#1640=CARTESIAN_POINT('',(0.0202342416116653,-0.00596301307475049,0.0412208603930464));
#1641=CARTESIAN_POINT('',(0.0203905916808528,-0.00605328182928369,0.0417618121203598));
#1642=CARTESIAN_POINT('',(0.0221640216493533,-0.0105366166565882,0.0410510706009517));
#1643=CARTESIAN_POINT('',(0.0235585527948848,-0.00788230503125234,0.0411709086660789));
#1644=CARTESIAN_POINT('',(0.0217239145991091,-0.00682307617505569,0.043296134631219));
#1645=CARTESIAN_POINT('',(0.0208326303869968,-0.00975367169848578,0.0395124834600998));
#1646=CARTESIAN_POINT('',(0.0222167433097207,-0.00710761096377742,0.0396429638971547));
#1647=CARTESIAN_POINT('',(0.0203872019918429,-0.00605132479142133,0.0417575474903784));
#1648=CARTESIAN_POINT('',(0.0195017893727433,-0.00896829444406853,0.0379743761439706));
#1649=CARTESIAN_POINT('',(0.0208720305289639,-0.00633124067783096,0.0381157253283296));
#1650=CARTESIAN_POINT('',(0.0190500815568066,-0.00527933794831417,0.0402194401742456));
#1651=CARTESIAN_POINT('',(0.0181719210529887,-0.00817783439027179,0.0364372599739846));
#1652=CARTESIAN_POINT('',(0.0195181358917194,-0.00554956924457145,0.0365862916360591));
#1653=CARTESIAN_POINT('',(0.0177121186958065,-0.00450686473035007,0.0386823240042519));
#1654=CARTESIAN_POINT('',(0.0217239145991092,-0.00682307617505569,0.043296134631219));
#1655=CARTESIAN_POINT('',(0.0212795260172292,-0.00656650830768251,0.0427846330908609));
#1656=CARTESIAN_POINT('',(0.0208350889300065,-0.00630991243573663,0.0422731877518857));
#1657=CARTESIAN_POINT('',(0.0203905916808528,-0.00605328182928369,0.0417618121203598));
#1658=CARTESIAN_POINT('',(-3.46944695195361E-18,0.004064,0.042799));
#1659=CARTESIAN_POINT('',(0.0192474145991092,-0.0111125,0.042799));
#1660=CARTESIAN_POINT('',(0.0221430145991092,-0.0111125,0.042799));
#1661=CARTESIAN_POINT('',(-3.46944695195361E-18,0.004064,0.042799));
#1662=CARTESIAN_POINT('',(-0.0192474145991092,-0.0111125,0.042799));
#1663=CARTESIAN_POINT('',(-0.0163518145991092,-0.0111125,0.042799));
#1664=CARTESIAN_POINT('',(-3.46944695195361E-18,0.004064,0.042799));
#1665=CARTESIAN_POINT('',(-8.67361737988404E-19,0.022225,0.042799));
#1666=CARTESIAN_POINT('',(0.0028956,0.022225,0.042799));
#1667=CARTESIAN_POINT('',(0.0192474145991092,-0.0111125,0.04318));
#1668=CARTESIAN_POINT('',(0.0217239145991092,-0.00682307617505569,0.04318));
#1669=CARTESIAN_POINT('',(0.0217239145991092,-0.00682307617505569,0.0508));
#1670=CARTESIAN_POINT('',(0.0192474145991092,-0.0111125,0.0508));
#1671=CARTESIAN_POINT('',(0.0167709145991092,-0.0154019238249444,0.0508));
#1672=CARTESIAN_POINT('',(0.0167709145991092,-0.0154019238249444,0.04318));
#1673=CARTESIAN_POINT('',(0.0140212839420935,-0.0138144238249443,0.04318));
#1674=CARTESIAN_POINT('',(0.0140212839420935,-0.0138144238249443,0.0508));
#1675=CARTESIAN_POINT('',(0.0134539023254279,-0.0134868458958292,0.0508));
#1676=CARTESIAN_POINT('',(0.0134539023254279,-0.0134868458958292,0.0508));
#1677=CARTESIAN_POINT('',(-0.0140212839420936,-0.0138144238249443,0.04318));
#1678=CARTESIAN_POINT('',(-0.0167709145991092,-0.0154019238249444,0.04318));
#1679=CARTESIAN_POINT('',(-0.0167709145991092,-0.0154019238249444,0.0508));
#1680=CARTESIAN_POINT('',(-0.0134539023254279,-0.0134868458958292,0.0508));
#1681=CARTESIAN_POINT('',(-0.0134539023254279,-0.0134868458958292,0.0508));
#1682=CARTESIAN_POINT('',(-0.0140212839420936,-0.0138144238249443,0.0508));
#1683=CARTESIAN_POINT('',(-0.0192474145991092,-0.0111125,0.04318));
#1684=CARTESIAN_POINT('',(-0.0192474145991092,-0.0111125,0.0508));
#1685=CARTESIAN_POINT('',(-0.0217239145991092,-0.00682307617505567,0.0508));
#1686=CARTESIAN_POINT('',(-0.0217239145991092,-0.00682307617505567,0.04318));
#1687=CARTESIAN_POINT('',(-0.0189742839420936,-0.00523557617505567,0.04318));
#1688=CARTESIAN_POINT('',(-0.0189742839420936,-0.00523557617505567,0.0508));
#1689=CARTESIAN_POINT('',(-0.018406902325428,-0.00490799824594053,0.0508));
#1690=CARTESIAN_POINT('',(-0.018406902325428,-0.00490799824594053,0.0508));
#1691=CARTESIAN_POINT('',(-0.004953,0.01905,0.04318));
#1692=CARTESIAN_POINT('',(-0.004953,0.022225,0.04318));
#1693=CARTESIAN_POINT('',(-0.004953,0.022225,0.0508));
#1694=CARTESIAN_POINT('',(-0.004953,0.0183948441417698,0.0508));
#1695=CARTESIAN_POINT('',(-0.004953,0.0183948441417698,0.0508));
#1696=CARTESIAN_POINT('',(-0.004953,0.01905,0.0508));
#1697=CARTESIAN_POINT('',(-8.67361737988404E-19,0.022225,0.04318));
#1698=CARTESIAN_POINT('',(-8.67361737988404E-19,0.022225,0.0508));
#1699=CARTESIAN_POINT('',(0.004953,0.022225,0.0508));
#1700=CARTESIAN_POINT('',(0.004953,0.022225,0.04318));
#1701=CARTESIAN_POINT('',(0.004953,0.01905,0.04318));
#1702=CARTESIAN_POINT('',(0.004953,0.01905,0.0508));
#1703=CARTESIAN_POINT('',(0.004953,0.0183948441417698,0.0508));
#1704=CARTESIAN_POINT('',(0.004953,0.0183948441417698,0.0508));
#1705=CARTESIAN_POINT('',(-3.57786716920216E-18,8.02309607639273E-18,0.0508));
#1706=CARTESIAN_POINT('',(-3.57786716920216E-18,8.02309607639273E-18,0.0508));
#1707=CARTESIAN_POINT('',(-3.57786716920216E-18,8.02309607639273E-18,0.0508));
#1708=CARTESIAN_POINT('',(-3.57786716920216E-18,8.02309607639273E-18,0.0508));
#1709=CARTESIAN_POINT('',(0.018406902325428,-0.00490799824594054,0.0508));
#1710=CARTESIAN_POINT('',(0.018406902325428,-0.00490799824594054,0.0508));
#1711=CARTESIAN_POINT('',(0.0189742839420936,-0.00523557617505569,0.04318));
#1712=CARTESIAN_POINT('',(0.0189742839420936,-0.00523557617505569,0.0508));
#1713=CARTESIAN_POINT('',(0.0192474145991092,-0.0111125,0.042799));
#1714=CARTESIAN_POINT('',(0.0192474145991092,-0.0111125,0.0508));
#1715=CARTESIAN_POINT('',(0.0221430145991092,-0.0111125,0.0508));
#1716=CARTESIAN_POINT('',(-0.0192474145991092,-0.0111125,0.042799));
#1717=CARTESIAN_POINT('',(-0.0192474145991092,-0.0111125,0.0508));
#1718=CARTESIAN_POINT('',(-0.0163518145991092,-0.0111125,0.0508));
#1719=CARTESIAN_POINT('',(-8.67361737988404E-19,0.022225,0.042799));
#1720=CARTESIAN_POINT('',(-8.67361737988404E-19,0.022225,0.0508));
#1721=CARTESIAN_POINT('',(0.0028956,0.022225,0.0508));
#1722=CARTESIAN_POINT('',(0.00351952724097996,-0.002032,0.0508));
#1723=CARTESIAN_POINT('',(0.,9.72063396823212E-19,0.03683));
#1724=MECHANICAL_DESIGN_GEOMETRIC_PRESENTATION_REPRESENTATION('',(#714),
#1725);
#1725=(
GEOMETRIC_REPRESENTATION_CONTEXT(3)
GLOBAL_UNCERTAINTY_ASSIGNED_CONTEXT((#1726))
GLOBAL_UNIT_ASSIGNED_CONTEXT((#1729,#1728,#1727))
REPRESENTATION_CONTEXT('Part 1','TOP_LEVEL_ASSEMBLY_PART')
);
#1726=UNCERTAINTY_MEASURE_WITH_UNIT(LENGTH_MEASURE(2.E-5),#1729,
'DISTANCE_ACCURACY_VALUE','Maximum Tolerance applied to model');
#1727=(
NAMED_UNIT(*)
SI_UNIT($,.STERADIAN.)
SOLID_ANGLE_UNIT()
);
#1728=(
NAMED_UNIT(*)
PLANE_ANGLE_UNIT()
SI_UNIT($,.RADIAN.)
);
#1729=(
LENGTH_UNIT()
NAMED_UNIT(*)
SI_UNIT($,.METRE.)
);
#1730=PRODUCT_DEFINITION_SHAPE('','',#1731);
#1731=PRODUCT_DEFINITION('','',#1733,#1732);
#1732=PRODUCT_DEFINITION_CONTEXT('',#1739,'design');
#1733=PRODUCT_DEFINITION_FORMATION_WITH_SPECIFIED_SOURCE('','',#1735,
 .NOT_KNOWN.);
#1734=PRODUCT_RELATED_PRODUCT_CATEGORY('','',(#1735));
#1735=PRODUCT('Part 1','Part 1','Part 1',(#1737));
#1736=PRODUCT_CATEGORY('','');
#1737=PRODUCT_CONTEXT('',#1739,'mechanical');
#1738=APPLICATION_PROTOCOL_DEFINITION('international standard',
'ap242_managed_model_based_3d_engineering',2020,#1739);
#1739=APPLICATION_CONTEXT('managed model based 3d engineering');
ENDSEC;
END-ISO-10303-21;
