ISO-10303-21;
HEADER;
/* Generated by software containing ST-Developer
 * from STEP Tools, Inc. (www.steptools.com) 
 */
/* OPTION: using custom renumber hook */

FILE_DESCRIPTION(
/* description */ ('STEP AP242 Edition 2',
'CAx-IF Rec.Pracs.---Representation and Presentation of Product Manufa
cturing Information (PMI)---4.0---2014-10-13',
'CAx-IF Rec.Pracs.---3D Tessellated Geometry---0.4---2014-09-14','2;1',
'CAx-IF Rec.Pracs.---User Defined Attributes---1.5---2016-08-15'),
/* implementation_level */ '2;1');

FILE_NAME(
/* name */ 'Master V3 Copy 1 - Part 1',
/* time_stamp */ '2026-08-16T04:14:25Z',
/* author */ (''),
/* organization */ (''),
/* preprocessor_version */ 'ST-DEVELOPER v20',
/* originating_system */ 'ONSHAPE BY PTC INC, 1.219',
/* authorisation */ '  ');

FILE_SCHEMA (('AP242_MANAGED_MODEL_BASED_3D_ENGINEERING_MIM_LF { 1 0 10303 442 3 1 4 }'));
ENDSEC;

DATA;
#10=SHAPE_REPRESENTATION_RELATIONSHIP('','',#861,#11);
#11=ADVANCED_BREP_SHAPE_REPRESENTATION('',(#859),#1807);
#12=PLANE('',#869);
#13=PLANE('',#870);
#14=PLANE('',#871);
#15=PLANE('',#878);
#16=PLANE('',#879);
#17=PLANE('',#880);
#18=PLANE('',#887);
#19=PLANE('',#888);
#20=PLANE('',#889);
#21=PLANE('',#892);
#22=PLANE('',#895);
#23=PLANE('',#898);
#24=PLANE('',#901);
#25=PLANE('',#904);
#26=PLANE('',#907);
#27=PLANE('',#910);
#28=PLANE('',#913);
#29=PLANE('',#916);
#30=PLANE('',#919);
#31=PLANE('',#922);
#32=PLANE('',#925);
#33=PLANE('',#928);
#34=PLANE('',#931);
#35=PLANE('',#934);
#36=PLANE('',#937);
#37=PLANE('',#940);
#38=PLANE('',#943);
#39=PLANE('',#946);
#40=PLANE('',#949);
#41=PLANE('',#952);
#42=PLANE('',#955);
#43=PLANE('',#958);
#44=PLANE('',#961);
#45=PLANE('',#964);
#46=PLANE('',#967);
#47=PLANE('',#970);
#48=PLANE('',#973);
#49=PLANE('',#976);
#50=PLANE('',#979);
#51=CIRCLE('',#864,0.073025);
#52=CIRCLE('',#865,0.073025);
#53=CIRCLE('',#867,0.057785);
#54=CIRCLE('',#868,0.057785);
#55=CIRCLE('',#873,0.0028448);
#56=CIRCLE('',#875,0.0028448);
#57=CIRCLE('',#877,0.0028448);
#58=CIRCLE('',#882,0.0028448);
#59=CIRCLE('',#884,0.0028448);
#60=CIRCLE('',#886,0.0028448);
#61=CIRCLE('',#891,0.0028448);
#62=CIRCLE('',#894,0.0028448);
#63=CIRCLE('',#897,0.0028448);
#64=CIRCLE('',#900,0.0028448);
#65=CIRCLE('',#903,0.0028448);
#66=CIRCLE('',#906,0.0028448);
#67=CIRCLE('',#909,0.0028448);
#68=CIRCLE('',#912,0.0028448);
#69=CIRCLE('',#915,0.0028448);
#70=CIRCLE('',#918,0.0028448);
#71=CIRCLE('',#921,0.0028448);
#72=CIRCLE('',#924,0.0028448);
#73=CIRCLE('',#927,0.0028448);
#74=CIRCLE('',#930,0.0028448);
#75=CIRCLE('',#933,0.0028448);
#76=CIRCLE('',#936,0.0028448);
#77=CIRCLE('',#939,0.0028448);
#78=CIRCLE('',#942,0.0028448);
#79=CIRCLE('',#945,0.0028448);
#80=CIRCLE('',#948,0.0028448);
#81=CIRCLE('',#951,0.0028448);
#82=CIRCLE('',#954,0.0028448);
#83=CIRCLE('',#957,0.0028448);
#84=CIRCLE('',#960,0.0028448);
#85=CIRCLE('',#963,0.0028448);
#86=CIRCLE('',#966,0.0028448);
#87=CIRCLE('',#969,0.0028448);
#88=CIRCLE('',#972,0.0028448);
#89=CIRCLE('',#975,0.0028448);
#90=CIRCLE('',#978,0.0028448);
#91=ORIENTED_EDGE('',*,*,#243,.F.);
#92=ORIENTED_EDGE('',*,*,#244,.F.);
#93=ORIENTED_EDGE('',*,*,#245,.F.);
#94=ORIENTED_EDGE('',*,*,#246,.F.);
#95=ORIENTED_EDGE('',*,*,#247,.T.);
#96=ORIENTED_EDGE('',*,*,#248,.F.);
#97=ORIENTED_EDGE('',*,*,#249,.F.);
#98=ORIENTED_EDGE('',*,*,#250,.F.);
#99=ORIENTED_EDGE('',*,*,#251,.F.);
#100=ORIENTED_EDGE('',*,*,#252,.F.);
#101=ORIENTED_EDGE('',*,*,#253,.F.);
#102=ORIENTED_EDGE('',*,*,#254,.F.);
#103=ORIENTED_EDGE('',*,*,#255,.F.);
#104=ORIENTED_EDGE('',*,*,#256,.F.);
#105=ORIENTED_EDGE('',*,*,#257,.F.);
#106=ORIENTED_EDGE('',*,*,#258,.F.);
#107=ORIENTED_EDGE('',*,*,#259,.F.);
#108=ORIENTED_EDGE('',*,*,#260,.F.);
#109=ORIENTED_EDGE('',*,*,#261,.F.);
#110=ORIENTED_EDGE('',*,*,#262,.F.);
#111=ORIENTED_EDGE('',*,*,#263,.F.);
#112=ORIENTED_EDGE('',*,*,#264,.F.);
#113=ORIENTED_EDGE('',*,*,#265,.F.);
#114=ORIENTED_EDGE('',*,*,#266,.F.);
#115=ORIENTED_EDGE('',*,*,#267,.F.);
#116=ORIENTED_EDGE('',*,*,#268,.F.);
#117=ORIENTED_EDGE('',*,*,#269,.F.);
#118=ORIENTED_EDGE('',*,*,#270,.F.);
#119=ORIENTED_EDGE('',*,*,#271,.F.);
#120=ORIENTED_EDGE('',*,*,#272,.F.);
#121=ORIENTED_EDGE('',*,*,#273,.F.);
#122=ORIENTED_EDGE('',*,*,#274,.F.);
#123=ORIENTED_EDGE('',*,*,#275,.F.);
#124=ORIENTED_EDGE('',*,*,#276,.F.);
#125=ORIENTED_EDGE('',*,*,#277,.F.);
#126=ORIENTED_EDGE('',*,*,#278,.F.);
#127=ORIENTED_EDGE('',*,*,#279,.F.);
#128=ORIENTED_EDGE('',*,*,#280,.F.);
#129=ORIENTED_EDGE('',*,*,#281,.T.);
#130=ORIENTED_EDGE('',*,*,#282,.F.);
#131=ORIENTED_EDGE('',*,*,#281,.F.);
#132=ORIENTED_EDGE('',*,*,#246,.T.);
#133=ORIENTED_EDGE('',*,*,#282,.T.);
#134=ORIENTED_EDGE('',*,*,#247,.F.);
#135=ORIENTED_EDGE('',*,*,#283,.F.);
#136=ORIENTED_EDGE('',*,*,#244,.T.);
#137=ORIENTED_EDGE('',*,*,#284,.F.);
#138=ORIENTED_EDGE('',*,*,#245,.T.);
#139=ORIENTED_EDGE('',*,*,#285,.F.);
#140=ORIENTED_EDGE('',*,*,#248,.T.);
#141=ORIENTED_EDGE('',*,*,#283,.T.);
#142=ORIENTED_EDGE('',*,*,#284,.T.);
#143=ORIENTED_EDGE('',*,*,#285,.T.);
#144=ORIENTED_EDGE('',*,*,#286,.F.);
#145=ORIENTED_EDGE('',*,*,#250,.T.);
#146=ORIENTED_EDGE('',*,*,#287,.F.);
#147=ORIENTED_EDGE('',*,*,#249,.T.);
#148=ORIENTED_EDGE('',*,*,#288,.F.);
#149=ORIENTED_EDGE('',*,*,#243,.T.);
#150=ORIENTED_EDGE('',*,*,#286,.T.);
#151=ORIENTED_EDGE('',*,*,#287,.T.);
#152=ORIENTED_EDGE('',*,*,#288,.T.);
#153=ORIENTED_EDGE('',*,*,#289,.F.);
#154=ORIENTED_EDGE('',*,*,#251,.T.);
#155=ORIENTED_EDGE('',*,*,#289,.T.);
#156=ORIENTED_EDGE('',*,*,#290,.F.);
#157=ORIENTED_EDGE('',*,*,#252,.T.);
#158=ORIENTED_EDGE('',*,*,#290,.T.);
#159=ORIENTED_EDGE('',*,*,#291,.F.);
#160=ORIENTED_EDGE('',*,*,#253,.T.);
#161=ORIENTED_EDGE('',*,*,#291,.T.);
#162=ORIENTED_EDGE('',*,*,#292,.F.);
#163=ORIENTED_EDGE('',*,*,#254,.T.);
#164=ORIENTED_EDGE('',*,*,#292,.T.);
#165=ORIENTED_EDGE('',*,*,#293,.F.);
#166=ORIENTED_EDGE('',*,*,#255,.T.);
#167=ORIENTED_EDGE('',*,*,#293,.T.);
#168=ORIENTED_EDGE('',*,*,#294,.F.);
#169=ORIENTED_EDGE('',*,*,#256,.T.);
#170=ORIENTED_EDGE('',*,*,#294,.T.);
#171=ORIENTED_EDGE('',*,*,#295,.F.);
#172=ORIENTED_EDGE('',*,*,#257,.T.);
#173=ORIENTED_EDGE('',*,*,#295,.T.);
#174=ORIENTED_EDGE('',*,*,#296,.F.);
#175=ORIENTED_EDGE('',*,*,#258,.T.);
#176=ORIENTED_EDGE('',*,*,#296,.T.);
#177=ORIENTED_EDGE('',*,*,#297,.F.);
#178=ORIENTED_EDGE('',*,*,#259,.T.);
#179=ORIENTED_EDGE('',*,*,#297,.T.);
#180=ORIENTED_EDGE('',*,*,#298,.F.);
#181=ORIENTED_EDGE('',*,*,#260,.T.);
#182=ORIENTED_EDGE('',*,*,#298,.T.);
#183=ORIENTED_EDGE('',*,*,#299,.F.);
#184=ORIENTED_EDGE('',*,*,#261,.T.);
#185=ORIENTED_EDGE('',*,*,#299,.T.);
#186=ORIENTED_EDGE('',*,*,#300,.F.);
#187=ORIENTED_EDGE('',*,*,#262,.T.);
#188=ORIENTED_EDGE('',*,*,#300,.T.);
#189=ORIENTED_EDGE('',*,*,#301,.F.);
#190=ORIENTED_EDGE('',*,*,#263,.T.);
#191=ORIENTED_EDGE('',*,*,#301,.T.);
#192=ORIENTED_EDGE('',*,*,#302,.F.);
#193=ORIENTED_EDGE('',*,*,#264,.T.);
#194=ORIENTED_EDGE('',*,*,#302,.T.);
#195=ORIENTED_EDGE('',*,*,#303,.F.);
#196=ORIENTED_EDGE('',*,*,#265,.T.);
#197=ORIENTED_EDGE('',*,*,#303,.T.);
#198=ORIENTED_EDGE('',*,*,#304,.F.);
#199=ORIENTED_EDGE('',*,*,#266,.T.);
#200=ORIENTED_EDGE('',*,*,#304,.T.);
#201=ORIENTED_EDGE('',*,*,#305,.F.);
#202=ORIENTED_EDGE('',*,*,#267,.T.);
#203=ORIENTED_EDGE('',*,*,#305,.T.);
#204=ORIENTED_EDGE('',*,*,#306,.F.);
#205=ORIENTED_EDGE('',*,*,#268,.T.);
#206=ORIENTED_EDGE('',*,*,#306,.T.);
#207=ORIENTED_EDGE('',*,*,#307,.F.);
#208=ORIENTED_EDGE('',*,*,#269,.T.);
#209=ORIENTED_EDGE('',*,*,#307,.T.);
#210=ORIENTED_EDGE('',*,*,#308,.F.);
#211=ORIENTED_EDGE('',*,*,#270,.T.);
#212=ORIENTED_EDGE('',*,*,#308,.T.);
#213=ORIENTED_EDGE('',*,*,#309,.F.);
#214=ORIENTED_EDGE('',*,*,#271,.T.);
#215=ORIENTED_EDGE('',*,*,#309,.T.);
#216=ORIENTED_EDGE('',*,*,#310,.F.);
#217=ORIENTED_EDGE('',*,*,#272,.T.);
#218=ORIENTED_EDGE('',*,*,#310,.T.);
#219=ORIENTED_EDGE('',*,*,#311,.F.);
#220=ORIENTED_EDGE('',*,*,#273,.T.);
#221=ORIENTED_EDGE('',*,*,#311,.T.);
#222=ORIENTED_EDGE('',*,*,#312,.F.);
#223=ORIENTED_EDGE('',*,*,#274,.T.);
#224=ORIENTED_EDGE('',*,*,#312,.T.);
#225=ORIENTED_EDGE('',*,*,#313,.F.);
#226=ORIENTED_EDGE('',*,*,#275,.T.);
#227=ORIENTED_EDGE('',*,*,#313,.T.);
#228=ORIENTED_EDGE('',*,*,#314,.F.);
#229=ORIENTED_EDGE('',*,*,#276,.T.);
#230=ORIENTED_EDGE('',*,*,#314,.T.);
#231=ORIENTED_EDGE('',*,*,#315,.F.);
#232=ORIENTED_EDGE('',*,*,#277,.T.);
#233=ORIENTED_EDGE('',*,*,#315,.T.);
#234=ORIENTED_EDGE('',*,*,#316,.F.);
#235=ORIENTED_EDGE('',*,*,#278,.T.);
#236=ORIENTED_EDGE('',*,*,#316,.T.);
#237=ORIENTED_EDGE('',*,*,#317,.F.);
#238=ORIENTED_EDGE('',*,*,#279,.T.);
#239=ORIENTED_EDGE('',*,*,#317,.T.);
#240=ORIENTED_EDGE('',*,*,#318,.F.);
#241=ORIENTED_EDGE('',*,*,#280,.T.);
#242=ORIENTED_EDGE('',*,*,#318,.T.);
#243=EDGE_CURVE('',#319,#319,#395,.T.);
#244=EDGE_CURVE('',#320,#320,#396,.T.);
#245=EDGE_CURVE('',#321,#321,#397,.T.);
#246=EDGE_CURVE('',#322,#322,#51,.T.);
#247=EDGE_CURVE('',#323,#323,#52,.T.);
#248=EDGE_CURVE('',#324,#324,#398,.T.);
#249=EDGE_CURVE('',#325,#325,#399,.T.);
#250=EDGE_CURVE('',#326,#326,#400,.T.);
#251=EDGE_CURVE('',#327,#327,#401,.T.);
#252=EDGE_CURVE('',#328,#328,#402,.T.);
#253=EDGE_CURVE('',#329,#329,#403,.T.);
#254=EDGE_CURVE('',#330,#330,#404,.T.);
#255=EDGE_CURVE('',#331,#331,#405,.T.);
#256=EDGE_CURVE('',#332,#332,#406,.T.);
#257=EDGE_CURVE('',#333,#333,#407,.T.);
#258=EDGE_CURVE('',#334,#334,#408,.T.);
#259=EDGE_CURVE('',#335,#335,#409,.T.);
#260=EDGE_CURVE('',#336,#336,#410,.T.);
#261=EDGE_CURVE('',#337,#337,#411,.T.);
#262=EDGE_CURVE('',#338,#338,#412,.T.);
#263=EDGE_CURVE('',#339,#339,#413,.T.);
#264=EDGE_CURVE('',#340,#340,#414,.T.);
#265=EDGE_CURVE('',#341,#341,#415,.T.);
#266=EDGE_CURVE('',#342,#342,#416,.T.);
#267=EDGE_CURVE('',#343,#343,#417,.T.);
#268=EDGE_CURVE('',#344,#344,#418,.T.);
#269=EDGE_CURVE('',#345,#345,#419,.T.);
#270=EDGE_CURVE('',#346,#346,#420,.T.);
#271=EDGE_CURVE('',#347,#347,#421,.T.);
#272=EDGE_CURVE('',#348,#348,#422,.T.);
#273=EDGE_CURVE('',#349,#349,#423,.T.);
#274=EDGE_CURVE('',#350,#350,#424,.T.);
#275=EDGE_CURVE('',#351,#351,#425,.T.);
#276=EDGE_CURVE('',#352,#352,#426,.T.);
#277=EDGE_CURVE('',#353,#353,#427,.T.);
#278=EDGE_CURVE('',#354,#354,#428,.T.);
#279=EDGE_CURVE('',#355,#355,#429,.T.);
#280=EDGE_CURVE('',#356,#356,#430,.T.);
#281=EDGE_CURVE('',#357,#357,#53,.T.);
#282=EDGE_CURVE('',#358,#358,#54,.T.);
#283=EDGE_CURVE('',#359,#359,#55,.T.);
#284=EDGE_CURVE('',#360,#360,#56,.T.);
#285=EDGE_CURVE('',#361,#361,#57,.T.);
#286=EDGE_CURVE('',#362,#362,#58,.T.);
#287=EDGE_CURVE('',#363,#363,#59,.T.);
#288=EDGE_CURVE('',#364,#364,#60,.T.);
#289=EDGE_CURVE('',#365,#365,#61,.T.);
#290=EDGE_CURVE('',#366,#366,#62,.T.);
#291=EDGE_CURVE('',#367,#367,#63,.T.);
#292=EDGE_CURVE('',#368,#368,#64,.T.);
#293=EDGE_CURVE('',#369,#369,#65,.T.);
#294=EDGE_CURVE('',#370,#370,#66,.T.);
#295=EDGE_CURVE('',#371,#371,#67,.T.);
#296=EDGE_CURVE('',#372,#372,#68,.T.);
#297=EDGE_CURVE('',#373,#373,#69,.T.);
#298=EDGE_CURVE('',#374,#374,#70,.T.);
#299=EDGE_CURVE('',#375,#375,#71,.T.);
#300=EDGE_CURVE('',#376,#376,#72,.T.);
#301=EDGE_CURVE('',#377,#377,#73,.T.);
#302=EDGE_CURVE('',#378,#378,#74,.T.);
#303=EDGE_CURVE('',#379,#379,#75,.T.);
#304=EDGE_CURVE('',#380,#380,#76,.T.);
#305=EDGE_CURVE('',#381,#381,#77,.T.);
#306=EDGE_CURVE('',#382,#382,#78,.T.);
#307=EDGE_CURVE('',#383,#383,#79,.T.);
#308=EDGE_CURVE('',#384,#384,#80,.T.);
#309=EDGE_CURVE('',#385,#385,#81,.T.);
#310=EDGE_CURVE('',#386,#386,#82,.T.);
#311=EDGE_CURVE('',#387,#387,#83,.T.);
#312=EDGE_CURVE('',#388,#388,#84,.T.);
#313=EDGE_CURVE('',#389,#389,#85,.T.);
#314=EDGE_CURVE('',#390,#390,#86,.T.);
#315=EDGE_CURVE('',#391,#391,#87,.T.);
#316=EDGE_CURVE('',#392,#392,#88,.T.);
#317=EDGE_CURVE('',#393,#393,#89,.T.);
#318=EDGE_CURVE('',#394,#394,#90,.T.);
#319=VERTEX_POINT('',#1229);
#320=VERTEX_POINT('',#1241);
#321=VERTEX_POINT('',#1253);
#322=VERTEX_POINT('',#1255);
#323=VERTEX_POINT('',#1257);
#324=VERTEX_POINT('',#1269);
#325=VERTEX_POINT('',#1281);
#326=VERTEX_POINT('',#1293);
#327=VERTEX_POINT('',#1305);
#328=VERTEX_POINT('',#1317);
#329=VERTEX_POINT('',#1329);
#330=VERTEX_POINT('',#1341);
#331=VERTEX_POINT('',#1353);
#332=VERTEX_POINT('',#1365);
#333=VERTEX_POINT('',#1377);
#334=VERTEX_POINT('',#1389);
#335=VERTEX_POINT('',#1401);
#336=VERTEX_POINT('',#1413);
#337=VERTEX_POINT('',#1425);
#338=VERTEX_POINT('',#1437);
#339=VERTEX_POINT('',#1449);
#340=VERTEX_POINT('',#1461);
#341=VERTEX_POINT('',#1473);
#342=VERTEX_POINT('',#1485);
#343=VERTEX_POINT('',#1497);
#344=VERTEX_POINT('',#1509);
#345=VERTEX_POINT('',#1521);
#346=VERTEX_POINT('',#1533);
#347=VERTEX_POINT('',#1545);
#348=VERTEX_POINT('',#1557);
#349=VERTEX_POINT('',#1569);
#350=VERTEX_POINT('',#1581);
#351=VERTEX_POINT('',#1593);
#352=VERTEX_POINT('',#1605);
#353=VERTEX_POINT('',#1617);
#354=VERTEX_POINT('',#1629);
#355=VERTEX_POINT('',#1641);
#356=VERTEX_POINT('',#1653);
#357=VERTEX_POINT('',#1656);
#358=VERTEX_POINT('',#1658);
#359=VERTEX_POINT('',#1664);
#360=VERTEX_POINT('',#1667);
#361=VERTEX_POINT('',#1670);
#362=VERTEX_POINT('',#1676);
#363=VERTEX_POINT('',#1679);
#364=VERTEX_POINT('',#1682);
#365=VERTEX_POINT('',#1688);
#366=VERTEX_POINT('',#1692);
#367=VERTEX_POINT('',#1696);
#368=VERTEX_POINT('',#1700);
#369=VERTEX_POINT('',#1704);
#370=VERTEX_POINT('',#1708);
#371=VERTEX_POINT('',#1712);
#372=VERTEX_POINT('',#1716);
#373=VERTEX_POINT('',#1720);
#374=VERTEX_POINT('',#1724);
#375=VERTEX_POINT('',#1728);
#376=VERTEX_POINT('',#1732);
#377=VERTEX_POINT('',#1736);
#378=VERTEX_POINT('',#1740);
#379=VERTEX_POINT('',#1744);
#380=VERTEX_POINT('',#1748);
#381=VERTEX_POINT('',#1752);
#382=VERTEX_POINT('',#1756);
#383=VERTEX_POINT('',#1760);
#384=VERTEX_POINT('',#1764);
#385=VERTEX_POINT('',#1768);
#386=VERTEX_POINT('',#1772);
#387=VERTEX_POINT('',#1776);
#388=VERTEX_POINT('',#1780);
#389=VERTEX_POINT('',#1784);
#390=VERTEX_POINT('',#1788);
#391=VERTEX_POINT('',#1792);
#392=VERTEX_POINT('',#1796);
#393=VERTEX_POINT('',#1800);
#394=VERTEX_POINT('',#1804);
#395=B_SPLINE_CURVE_WITH_KNOTS('',3,(#1218,#1219,#1220,#1221,#1222,#1223,
#1224,#1225,#1226,#1227,#1228),.UNSPECIFIED.,.T.,.F.,(1,1,1,1,1,1,1,1,1,
1,1,1,1,1,1),(-0.00667081987795119,-0.00444721325196746,-0.00222360662598373,
0.,0.00222360662598373,0.00444721325196746,0.00667081987795119,0.00889442650393492,
0.0111180331299186,0.0133416397559024,0.0155652463818861,0.0177888530078698,
0.0200124596338536,0.0222360662598373,0.024459672885821),.UNSPECIFIED.);
#396=B_SPLINE_CURVE_WITH_KNOTS('',3,(#1230,#1231,#1232,#1233,#1234,#1235,
#1236,#1237,#1238,#1239,#1240),.UNSPECIFIED.,.T.,.F.,(1,1,1,1,1,1,1,1,1,
1,1,1,1,1,1),(-0.00667124575127752,-0.00444749716751835,-0.00222374858375917,
0.,0.00222374858375917,0.00444749716751835,0.00667124575127752,0.0088949943350367,
0.0111187429187959,0.013342491502555,0.0155662400863142,0.0177899886700734,
0.0200137372538326,0.0222374858375917,0.0244612344213509),.UNSPECIFIED.);
#397=B_SPLINE_CURVE_WITH_KNOTS('',3,(#1242,#1243,#1244,#1245,#1246,#1247,
#1248,#1249,#1250,#1251,#1252),.UNSPECIFIED.,.T.,.F.,(1,1,1,1,1,1,1,1,1,
1,1,1,1,1,1),(-0.00667124575127753,-0.00444749716751835,-0.00222374858375918,
0.,0.00222374858375918,0.00444749716751836,0.00667124575127753,0.00889499433503671,
0.0111187429187959,0.0133424915025551,0.0155662400863142,0.0177899886700734,
0.0200137372538326,0.0222374858375918,0.024461234421351),.UNSPECIFIED.);
#398=B_SPLINE_CURVE_WITH_KNOTS('',3,(#1258,#1259,#1260,#1261,#1262,#1263,
#1264,#1265,#1266,#1267,#1268),.UNSPECIFIED.,.T.,.F.,(1,1,1,1,1,1,1,1,1,
1,1,1,1,1,1),(-0.00667124575127754,-0.00444749716751835,-0.00222374858375918,
3.46944695195361E-18,0.00222374858375918,0.00444749716751836,0.00667124575127754,
0.00889499433503672,0.0111187429187959,0.0133424915025551,0.0155662400863143,
0.0177899886700734,0.0200137372538326,0.0222374858375918,0.024461234421351),
 .UNSPECIFIED.);
#399=B_SPLINE_CURVE_WITH_KNOTS('',3,(#1270,#1271,#1272,#1273,#1274,#1275,
#1276,#1277,#1278,#1279,#1280),.UNSPECIFIED.,.T.,.F.,(1,1,1,1,1,1,1,1,1,
1,1,1,1,1,1),(-0.00667081987795101,-0.00444721325196734,-0.00222360662598367,
0.,0.00222360662598367,0.00444721325196734,0.00667081987795101,0.00889442650393468,
0.0111180331299183,0.013341639755902,0.0155652463818857,0.0177888530078694,
0.020012459633853,0.0222360662598367,0.0244596728858204),.UNSPECIFIED.);
#400=B_SPLINE_CURVE_WITH_KNOTS('',3,(#1282,#1283,#1284,#1285,#1286,#1287,
#1288,#1289,#1290,#1291,#1292),.UNSPECIFIED.,.T.,.F.,(1,1,1,1,1,1,1,1,1,
1,1,1,1,1,1),(-0.00667081987795102,-0.00444721325196734,-0.00222360662598367,
0.,0.00222360662598367,0.00444721325196734,0.00667081987795102,0.00889442650393469,
0.0111180331299184,0.013341639755902,0.0155652463818857,0.0177888530078694,
0.020012459633853,0.0222360662598367,0.0244596728858204),.UNSPECIFIED.);
#401=B_SPLINE_CURVE_WITH_KNOTS('',3,(#1294,#1295,#1296,#1297,#1298,#1299,
#1300,#1301,#1302,#1303,#1304),.UNSPECIFIED.,.T.,.F.,(1,1,1,1,1,1,1,1,1,
1,1,1,1,1,1),(-0.00667124575127752,-0.00444749716751835,-0.00222374858375917,
0.,0.00222374858375917,0.00444749716751835,0.00667124575127752,0.0088949943350367,
0.0111187429187959,0.013342491502555,0.0155662400863142,0.0177899886700734,
0.0200137372538326,0.0222374858375917,0.0244612344213509),.UNSPECIFIED.);
#402=B_SPLINE_CURVE_WITH_KNOTS('',3,(#1306,#1307,#1308,#1309,#1310,#1311,
#1312,#1313,#1314,#1315,#1316),.UNSPECIFIED.,.T.,.F.,(1,1,1,1,1,1,1,1,1,
1,1,1,1,1,1),(-0.00667124575127753,-0.00444749716751835,-0.00222374858375918,
0.,0.00222374858375918,0.00444749716751835,0.00667124575127753,0.0088949943350367,
0.0111187429187959,0.0133424915025551,0.0155662400863142,0.0177899886700734,
0.0200137372538326,0.0222374858375918,0.0244612344213509),.UNSPECIFIED.);
#403=B_SPLINE_CURVE_WITH_KNOTS('',3,(#1318,#1319,#1320,#1321,#1322,#1323,
#1324,#1325,#1326,#1327,#1328),.UNSPECIFIED.,.T.,.F.,(1,1,1,1,1,1,1,1,1,
1,1,1,1,1,1),(-0.00667124575127751,-0.00444749716751834,-0.00222374858375917,
0.,0.00222374858375917,0.00444749716751834,0.00667124575127751,0.00889499433503668,
0.0111187429187958,0.013342491502555,0.0155662400863142,0.0177899886700734,
0.0200137372538325,0.0222374858375917,0.0244612344213509),.UNSPECIFIED.);
#404=B_SPLINE_CURVE_WITH_KNOTS('',3,(#1330,#1331,#1332,#1333,#1334,#1335,
#1336,#1337,#1338,#1339,#1340),.UNSPECIFIED.,.T.,.F.,(1,1,1,1,1,1,1,1,1,
1,1,1,1,1,1),(-0.00667081987795127,-0.00444721325196751,-0.00222360662598376,
0.,0.00222360662598376,0.00444721325196751,0.00667081987795127,0.00889442650393502,
0.0111180331299188,0.0133416397559025,0.0155652463818863,0.01778885300787,
0.0200124596338538,0.0222360662598376,0.0244596728858213),.UNSPECIFIED.);
#405=B_SPLINE_CURVE_WITH_KNOTS('',3,(#1342,#1343,#1344,#1345,#1346,#1347,
#1348,#1349,#1350,#1351,#1352),.UNSPECIFIED.,.T.,.F.,(1,1,1,1,1,1,1,1,1,
1,1,1,1,1,1),(-0.00667081987795144,-0.00444721325196762,-0.00222360662598381,
0.,0.00222360662598381,0.00444721325196762,0.00667081987795144,0.00889442650393525,
0.0111180331299191,0.0133416397559029,0.0155652463818867,0.0177888530078705,
0.0200124596338543,0.0222360662598381,0.0244596728858219),.UNSPECIFIED.);
#406=B_SPLINE_CURVE_WITH_KNOTS('',3,(#1354,#1355,#1356,#1357,#1358,#1359,
#1360,#1361,#1362,#1363,#1364),.UNSPECIFIED.,.T.,.F.,(1,1,1,1,1,1,1,1,1,
1,1,1,1,1,1),(-0.00667081987795122,-0.00444721325196748,-0.00222360662598374,
0.,0.00222360662598374,0.00444721325196748,0.00667081987795122,0.00889442650393496,
0.0111180331299187,0.0133416397559024,0.0155652463818862,0.0177888530078699,
0.0200124596338537,0.0222360662598374,0.0244596728858211),.UNSPECIFIED.);
#407=B_SPLINE_CURVE_WITH_KNOTS('',3,(#1366,#1367,#1368,#1369,#1370,#1371,
#1372,#1373,#1374,#1375,#1376),.UNSPECIFIED.,.T.,.F.,(1,1,1,1,1,1,1,1,1,
1,1,1,1,1,1),(-0.00667124575127746,-0.0044474971675183,-0.00222374858375914,
1.38777878078145E-17,0.00222374858375917,0.00444749716751833,0.00667124575127749,
0.00889499433503665,0.0111187429187958,0.013342491502555,0.0155662400863141,
0.0177899886700733,0.0200137372538324,0.0222374858375916,0.0244612344213508),
 .UNSPECIFIED.);
#408=B_SPLINE_CURVE_WITH_KNOTS('',3,(#1378,#1379,#1380,#1381,#1382,#1383,
#1384,#1385,#1386,#1387,#1388),.UNSPECIFIED.,.T.,.F.,(1,1,1,1,1,1,1,1,1,
1,1,1,1,1,1),(-0.00667124575127747,-0.00444749716751831,-0.00222374858375915,
1.04083408558608E-17,0.00222374858375917,0.00444749716751833,0.00667124575127749,
0.00889499433503665,0.0111187429187958,0.013342491502555,0.0155662400863141,
0.0177899886700733,0.0200137372538324,0.0222374858375916,0.0244612344213508),
 .UNSPECIFIED.);
#409=B_SPLINE_CURVE_WITH_KNOTS('',3,(#1390,#1391,#1392,#1393,#1394,#1395,
#1396,#1397,#1398,#1399,#1400),.UNSPECIFIED.,.T.,.F.,(1,1,1,1,1,1,1,1,1,
1,1,1,1,1,1),(-0.00667124575127746,-0.00444749716751831,-0.00222374858375915,
0.,0.00222374858375915,0.00444749716751831,0.00667124575127746,0.00889499433503661,
0.0111187429187958,0.0133424915025549,0.0155662400863141,0.0177899886700732,
0.0200137372538324,0.0222374858375915,0.0244612344213507),.UNSPECIFIED.);
#410=B_SPLINE_CURVE_WITH_KNOTS('',3,(#1402,#1403,#1404,#1405,#1406,#1407,
#1408,#1409,#1410,#1411,#1412),.UNSPECIFIED.,.T.,.F.,(1,1,1,1,1,1,1,1,1,
1,1,1,1,1,1),(-0.00667081987795114,-0.00444721325196743,-0.00222360662598371,
0.,0.00222360662598371,0.00444721325196743,0.00667081987795114,0.00889442650393485,
0.0111180331299186,0.0133416397559023,0.015565246381886,0.0177888530078697,
0.0200124596338534,0.0222360662598371,0.0244596728858208),.UNSPECIFIED.);
#411=B_SPLINE_CURVE_WITH_KNOTS('',3,(#1414,#1415,#1416,#1417,#1418,#1419,
#1420,#1421,#1422,#1423,#1424),.UNSPECIFIED.,.T.,.F.,(1,1,1,1,1,1,1,1,1,
1,1,1,1,1,1),(-0.00667081987795115,-0.00444721325196743,-0.00222360662598372,
0.,0.00222360662598372,0.00444721325196743,0.00667081987795115,0.00889442650393487,
0.0111180331299186,0.0133416397559023,0.015565246381886,0.0177888530078697,
0.0200124596338534,0.0222360662598372,0.0244596728858209),.UNSPECIFIED.);
#412=B_SPLINE_CURVE_WITH_KNOTS('',3,(#1426,#1427,#1428,#1429,#1430,#1431,
#1432,#1433,#1434,#1435,#1436),.UNSPECIFIED.,.T.,.F.,(1,1,1,1,1,1,1,1,1,
1,1,1,1,1,1),(-0.00667081987795116,-0.00444721325196744,-0.00222360662598372,
0.,0.00222360662598372,0.00444721325196744,0.00667081987795116,0.00889442650393488,
0.0111180331299186,0.0133416397559023,0.015565246381886,0.0177888530078698,
0.0200124596338535,0.0222360662598372,0.0244596728858209),.UNSPECIFIED.);
#413=B_SPLINE_CURVE_WITH_KNOTS('',3,(#1438,#1439,#1440,#1441,#1442,#1443,
#1444,#1445,#1446,#1447,#1448),.UNSPECIFIED.,.T.,.F.,(1,1,1,1,1,1,1,1,1,
1,1,1,1,1,1),(-0.00667124575127754,-0.00444749716751836,-0.00222374858375918,
0.,0.00222374858375918,0.00444749716751836,0.00667124575127754,0.00889499433503672,
0.0111187429187959,0.0133424915025551,0.0155662400863143,0.0177899886700734,
0.0200137372538326,0.0222374858375918,0.024461234421351),.UNSPECIFIED.);
#414=B_SPLINE_CURVE_WITH_KNOTS('',3,(#1450,#1451,#1452,#1453,#1454,#1455,
#1456,#1457,#1458,#1459,#1460),.UNSPECIFIED.,.T.,.F.,(1,1,1,1,1,1,1,1,1,
1,1,1,1,1,1),(-0.00667124575127753,-0.00444749716751835,-0.00222374858375917,
6.93889390390723E-18,0.00222374858375919,0.00444749716751837,0.00667124575127755,
0.00889499433503673,0.0111187429187959,0.0133424915025551,0.0155662400863143,
0.0177899886700734,0.0200137372538326,0.0222374858375918,0.024461234421351),
 .UNSPECIFIED.);
#415=B_SPLINE_CURVE_WITH_KNOTS('',3,(#1462,#1463,#1464,#1465,#1466,#1467,
#1468,#1469,#1470,#1471,#1472),.UNSPECIFIED.,.T.,.F.,(1,1,1,1,1,1,1,1,1,
1,1,1,1,1,1),(-0.00667124575127752,-0.00444749716751835,-0.00222374858375917,
0.,0.00222374858375917,0.00444749716751835,0.00667124575127752,0.00889499433503669,
0.0111187429187959,0.013342491502555,0.0155662400863142,0.0177899886700734,
0.0200137372538326,0.0222374858375917,0.0244612344213509),.UNSPECIFIED.);
#416=B_SPLINE_CURVE_WITH_KNOTS('',3,(#1474,#1475,#1476,#1477,#1478,#1479,
#1480,#1481,#1482,#1483,#1484),.UNSPECIFIED.,.T.,.F.,(1,1,1,1,1,1,1,1,1,
1,1,1,1,1,1),(-0.00667081987795101,-0.00444721325196734,-0.00222360662598367,
0.,0.00222360662598367,0.00444721325196734,0.00667081987795101,0.00889442650393468,
0.0111180331299183,0.013341639755902,0.0155652463818857,0.0177888530078694,
0.020012459633853,0.0222360662598367,0.0244596728858204),.UNSPECIFIED.);
#417=B_SPLINE_CURVE_WITH_KNOTS('',3,(#1486,#1487,#1488,#1489,#1490,#1491,
#1492,#1493,#1494,#1495,#1496),.UNSPECIFIED.,.T.,.F.,(1,1,1,1,1,1,1,1,1,
1,1,1,1,1,1),(-0.00667081987795097,-0.00444721325196731,-0.00222360662598365,
6.93889390390723E-18,0.00222360662598367,0.00444721325196732,0.00667081987795098,
0.00889442650393464,0.0111180331299183,0.013341639755902,0.0155652463818856,
0.0177888530078693,0.0200124596338529,0.0222360662598366,0.0244596728858203),
 .UNSPECIFIED.);
#418=B_SPLINE_CURVE_WITH_KNOTS('',3,(#1498,#1499,#1500,#1501,#1502,#1503,
#1504,#1505,#1506,#1507,#1508),.UNSPECIFIED.,.T.,.F.,(1,1,1,1,1,1,1,1,1,
1,1,1,1,1,1),(-0.00667081987795102,-0.00444721325196734,-0.00222360662598367,
0.,0.00222360662598367,0.00444721325196735,0.00667081987795102,0.00889442650393469,
0.0111180331299184,0.013341639755902,0.0155652463818857,0.0177888530078694,
0.0200124596338531,0.0222360662598367,0.0244596728858204),.UNSPECIFIED.);
#419=B_SPLINE_CURVE_WITH_KNOTS('',3,(#1510,#1511,#1512,#1513,#1514,#1515,
#1516,#1517,#1518,#1519,#1520),.UNSPECIFIED.,.T.,.F.,(1,1,1,1,1,1,1,1,1,
1,1,1,1,1,1),(-0.00667124575127742,-0.00444749716751828,-0.00222374858375914,
0.,0.00222374858375914,0.00444749716751828,0.00667124575127742,0.00889499433503657,
0.0111187429187957,0.0133424915025548,0.015566240086314,0.0177899886700731,
0.0200137372538323,0.0222374858375914,0.0244612344213506),.UNSPECIFIED.);
#420=B_SPLINE_CURVE_WITH_KNOTS('',3,(#1522,#1523,#1524,#1525,#1526,#1527,
#1528,#1529,#1530,#1531,#1532),.UNSPECIFIED.,.T.,.F.,(1,1,1,1,1,1,1,1,1,
1,1,1,1,1,1),(-0.00667124575127742,-0.00444749716751828,-0.00222374858375914,
0.,0.00222374858375914,0.00444749716751828,0.00667124575127743,0.00889499433503657,
0.0111187429187957,0.0133424915025549,0.015566240086314,0.0177899886700731,
0.0200137372538323,0.0222374858375914,0.0244612344213506),.UNSPECIFIED.);
#421=B_SPLINE_CURVE_WITH_KNOTS('',3,(#1534,#1535,#1536,#1537,#1538,#1539,
#1540,#1541,#1542,#1543,#1544),.UNSPECIFIED.,.T.,.F.,(1,1,1,1,1,1,1,1,1,
1,1,1,1,1,1),(-0.00667124575127741,-0.00444749716751827,-0.00222374858375914,
0.,0.00222374858375914,0.00444749716751827,0.00667124575127741,0.00889499433503655,
0.0111187429187957,0.0133424915025548,0.015566240086314,0.0177899886700731,
0.0200137372538322,0.0222374858375914,0.0244612344213505),.UNSPECIFIED.);
#422=B_SPLINE_CURVE_WITH_KNOTS('',3,(#1546,#1547,#1548,#1549,#1550,#1551,
#1552,#1553,#1554,#1555,#1556),.UNSPECIFIED.,.T.,.F.,(1,1,1,1,1,1,1,1,1,
1,1,1,1,1,1),(-0.0066708198779514,-0.0044472132519676,-0.0022236066259838,
0.,0.0022236066259838,0.0044472132519676,0.0066708198779514,0.0088944265039352,
0.011118033129919,0.0133416397559028,0.0155652463818866,0.0177888530078704,
0.0200124596338542,0.022236066259838,0.0244596728858218),.UNSPECIFIED.);
#423=B_SPLINE_CURVE_WITH_KNOTS('',3,(#1558,#1559,#1560,#1561,#1562,#1563,
#1564,#1565,#1566,#1567,#1568),.UNSPECIFIED.,.T.,.F.,(1,1,1,1,1,1,1,1,1,
1,1,1,1,1,1),(-0.00667081987795138,-0.00444721325196759,-0.0022236066259838,
0.,0.00222360662598379,0.00444721325196759,0.00667081987795138,0.00889442650393518,
0.011118033129919,0.0133416397559028,0.0155652463818866,0.0177888530078704,
0.0200124596338542,0.0222360662598379,0.0244596728858217),.UNSPECIFIED.);
#424=B_SPLINE_CURVE_WITH_KNOTS('',3,(#1570,#1571,#1572,#1573,#1574,#1575,
#1576,#1577,#1578,#1579,#1580),.UNSPECIFIED.,.T.,.F.,(1,1,1,1,1,1,1,1,1,
1,1,1,1,1,1),(-0.00667081987795141,-0.00444721325196761,-0.0022236066259838,
0.,0.0022236066259838,0.00444721325196761,0.00667081987795141,0.00889442650393522,
0.011118033129919,0.0133416397559028,0.0155652463818866,0.0177888530078704,
0.0200124596338542,0.022236066259838,0.0244596728858218),.UNSPECIFIED.);
#425=B_SPLINE_CURVE_WITH_KNOTS('',3,(#1582,#1583,#1584,#1585,#1586,#1587,
#1588,#1589,#1590,#1591,#1592),.UNSPECIFIED.,.T.,.F.,(1,1,1,1,1,1,1,1,1,
1,1,1,1,1,1),(-0.00667124575127711,-0.00444749716751807,-0.00222374858375904,
0.,0.00222374858375904,0.00444749716751807,0.00667124575127711,0.00889499433503615,
0.0111187429187952,0.0133424915025542,0.0155662400863133,0.0177899886700723,
0.0200137372538313,0.0222374858375904,0.0244612344213494),.UNSPECIFIED.);
#426=B_SPLINE_CURVE_WITH_KNOTS('',3,(#1594,#1595,#1596,#1597,#1598,#1599,
#1600,#1601,#1602,#1603,#1604),.UNSPECIFIED.,.T.,.F.,(1,1,1,1,1,1,1,1,1,
1,1,1,1,1,1),(-0.00667124575127711,-0.00444749716751807,-0.00222374858375903,
1.04083408558608E-17,0.00222374858375905,0.00444749716751809,0.00667124575127712,
0.00889499433503616,0.0111187429187952,0.0133424915025542,0.0155662400863133,
0.0177899886700723,0.0200137372538314,0.0222374858375904,0.0244612344213494),
 .UNSPECIFIED.);
#427=B_SPLINE_CURVE_WITH_KNOTS('',3,(#1606,#1607,#1608,#1609,#1610,#1611,
#1612,#1613,#1614,#1615,#1616),.UNSPECIFIED.,.T.,.F.,(1,1,1,1,1,1,1,1,1,
1,1,1,1,1,1),(-0.0066712457512771,-0.00444749716751806,-0.00222374858375903,
0.,0.00222374858375903,0.00444749716751806,0.0066712457512771,0.00889499433503613,
0.0111187429187952,0.0133424915025542,0.0155662400863132,0.0177899886700723,
0.0200137372538313,0.0222374858375903,0.0244612344213494),.UNSPECIFIED.);
#428=B_SPLINE_CURVE_WITH_KNOTS('',3,(#1618,#1619,#1620,#1621,#1622,#1623,
#1624,#1625,#1626,#1627,#1628),.UNSPECIFIED.,.T.,.F.,(1,1,1,1,1,1,1,1,1,
1,1,1,1,1,1),(-0.00667081987795117,-0.00444721325196745,-0.00222360662598372,
0.,0.00222360662598372,0.00444721325196744,0.00667081987795117,0.00889442650393489,
0.0111180331299186,0.0133416397559023,0.0155652463818861,0.0177888530078698,
0.0200124596338535,0.0222360662598372,0.0244596728858209),.UNSPECIFIED.);
#429=B_SPLINE_CURVE_WITH_KNOTS('',3,(#1630,#1631,#1632,#1633,#1634,#1635,
#1636,#1637,#1638,#1639,#1640),.UNSPECIFIED.,.T.,.F.,(1,1,1,1,1,1,1,1,1,
1,1,1,1,1,1),(-0.00667081987795116,-0.00444721325196744,-0.00222360662598372,
0.,0.00222360662598372,0.00444721325196744,0.00667081987795117,0.00889442650393489,
0.0111180331299186,0.0133416397559023,0.0155652463818861,0.0177888530078698,
0.0200124596338535,0.0222360662598372,0.0244596728858209),.UNSPECIFIED.);
#430=B_SPLINE_CURVE_WITH_KNOTS('',3,(#1642,#1643,#1644,#1645,#1646,#1647,
#1648,#1649,#1650,#1651,#1652),.UNSPECIFIED.,.T.,.F.,(1,1,1,1,1,1,1,1,1,
1,1,1,1,1,1),(-0.00667081987795117,-0.00444721325196745,-0.00222360662598372,
0.,0.00222360662598372,0.00444721325196745,0.00667081987795117,0.0088944265039349,
0.0111180331299186,0.0133416397559023,0.0155652463818861,0.0177888530078698,
0.0200124596338535,0.0222360662598372,0.024459672885821),.UNSPECIFIED.);
#431=EDGE_LOOP('',(#91));
#432=EDGE_LOOP('',(#92));
#433=EDGE_LOOP('',(#93));
#434=EDGE_LOOP('',(#94));
#435=EDGE_LOOP('',(#95));
#436=EDGE_LOOP('',(#96));
#437=EDGE_LOOP('',(#97));
#438=EDGE_LOOP('',(#98));
#439=EDGE_LOOP('',(#99));
#440=EDGE_LOOP('',(#100));
#441=EDGE_LOOP('',(#101));
#442=EDGE_LOOP('',(#102));
#443=EDGE_LOOP('',(#103));
#444=EDGE_LOOP('',(#104));
#445=EDGE_LOOP('',(#105));
#446=EDGE_LOOP('',(#106));
#447=EDGE_LOOP('',(#107));
#448=EDGE_LOOP('',(#108));
#449=EDGE_LOOP('',(#109));
#450=EDGE_LOOP('',(#110));
#451=EDGE_LOOP('',(#111));
#452=EDGE_LOOP('',(#112));
#453=EDGE_LOOP('',(#113));
#454=EDGE_LOOP('',(#114));
#455=EDGE_LOOP('',(#115));
#456=EDGE_LOOP('',(#116));
#457=EDGE_LOOP('',(#117));
#458=EDGE_LOOP('',(#118));
#459=EDGE_LOOP('',(#119));
#460=EDGE_LOOP('',(#120));
#461=EDGE_LOOP('',(#121));
#462=EDGE_LOOP('',(#122));
#463=EDGE_LOOP('',(#123));
#464=EDGE_LOOP('',(#124));
#465=EDGE_LOOP('',(#125));
#466=EDGE_LOOP('',(#126));
#467=EDGE_LOOP('',(#127));
#468=EDGE_LOOP('',(#128));
#469=EDGE_LOOP('',(#129));
#470=EDGE_LOOP('',(#130));
#471=EDGE_LOOP('',(#131));
#472=EDGE_LOOP('',(#132));
#473=EDGE_LOOP('',(#133));
#474=EDGE_LOOP('',(#134));
#475=EDGE_LOOP('',(#135));
#476=EDGE_LOOP('',(#136));
#477=EDGE_LOOP('',(#137));
#478=EDGE_LOOP('',(#138));
#479=EDGE_LOOP('',(#139));
#480=EDGE_LOOP('',(#140));
#481=EDGE_LOOP('',(#141));
#482=EDGE_LOOP('',(#142));
#483=EDGE_LOOP('',(#143));
#484=EDGE_LOOP('',(#144));
#485=EDGE_LOOP('',(#145));
#486=EDGE_LOOP('',(#146));
#487=EDGE_LOOP('',(#147));
#488=EDGE_LOOP('',(#148));
#489=EDGE_LOOP('',(#149));
#490=EDGE_LOOP('',(#150));
#491=EDGE_LOOP('',(#151));
#492=EDGE_LOOP('',(#152));
#493=EDGE_LOOP('',(#153));
#494=EDGE_LOOP('',(#154));
#495=EDGE_LOOP('',(#155));
#496=EDGE_LOOP('',(#156));
#497=EDGE_LOOP('',(#157));
#498=EDGE_LOOP('',(#158));
#499=EDGE_LOOP('',(#159));
#500=EDGE_LOOP('',(#160));
#501=EDGE_LOOP('',(#161));
#502=EDGE_LOOP('',(#162));
#503=EDGE_LOOP('',(#163));
#504=EDGE_LOOP('',(#164));
#505=EDGE_LOOP('',(#165));
#506=EDGE_LOOP('',(#166));
#507=EDGE_LOOP('',(#167));
#508=EDGE_LOOP('',(#168));
#509=EDGE_LOOP('',(#169));
#510=EDGE_LOOP('',(#170));
#511=EDGE_LOOP('',(#171));
#512=EDGE_LOOP('',(#172));
#513=EDGE_LOOP('',(#173));
#514=EDGE_LOOP('',(#174));
#515=EDGE_LOOP('',(#175));
#516=EDGE_LOOP('',(#176));
#517=EDGE_LOOP('',(#177));
#518=EDGE_LOOP('',(#178));
#519=EDGE_LOOP('',(#179));
#520=EDGE_LOOP('',(#180));
#521=EDGE_LOOP('',(#181));
#522=EDGE_LOOP('',(#182));
#523=EDGE_LOOP('',(#183));
#524=EDGE_LOOP('',(#184));
#525=EDGE_LOOP('',(#185));
#526=EDGE_LOOP('',(#186));
#527=EDGE_LOOP('',(#187));
#528=EDGE_LOOP('',(#188));
#529=EDGE_LOOP('',(#189));
#530=EDGE_LOOP('',(#190));
#531=EDGE_LOOP('',(#191));
#532=EDGE_LOOP('',(#192));
#533=EDGE_LOOP('',(#193));
#534=EDGE_LOOP('',(#194));
#535=EDGE_LOOP('',(#195));
#536=EDGE_LOOP('',(#196));
#537=EDGE_LOOP('',(#197));
#538=EDGE_LOOP('',(#198));
#539=EDGE_LOOP('',(#199));
#540=EDGE_LOOP('',(#200));
#541=EDGE_LOOP('',(#201));
#542=EDGE_LOOP('',(#202));
#543=EDGE_LOOP('',(#203));
#544=EDGE_LOOP('',(#204));
#545=EDGE_LOOP('',(#205));
#546=EDGE_LOOP('',(#206));
#547=EDGE_LOOP('',(#207));
#548=EDGE_LOOP('',(#208));
#549=EDGE_LOOP('',(#209));
#550=EDGE_LOOP('',(#210));
#551=EDGE_LOOP('',(#211));
#552=EDGE_LOOP('',(#212));
#553=EDGE_LOOP('',(#213));
#554=EDGE_LOOP('',(#214));
#555=EDGE_LOOP('',(#215));
#556=EDGE_LOOP('',(#216));
#557=EDGE_LOOP('',(#217));
#558=EDGE_LOOP('',(#218));
#559=EDGE_LOOP('',(#219));
#560=EDGE_LOOP('',(#220));
#561=EDGE_LOOP('',(#221));
#562=EDGE_LOOP('',(#222));
#563=EDGE_LOOP('',(#223));
#564=EDGE_LOOP('',(#224));
#565=EDGE_LOOP('',(#225));
#566=EDGE_LOOP('',(#226));
#567=EDGE_LOOP('',(#227));
#568=EDGE_LOOP('',(#228));
#569=EDGE_LOOP('',(#229));
#570=EDGE_LOOP('',(#230));
#571=EDGE_LOOP('',(#231));
#572=EDGE_LOOP('',(#232));
#573=EDGE_LOOP('',(#233));
#574=EDGE_LOOP('',(#234));
#575=EDGE_LOOP('',(#235));
#576=EDGE_LOOP('',(#236));
#577=EDGE_LOOP('',(#237));
#578=EDGE_LOOP('',(#238));
#579=EDGE_LOOP('',(#239));
#580=EDGE_LOOP('',(#240));
#581=EDGE_LOOP('',(#241));
#582=EDGE_LOOP('',(#242));
#583=FACE_BOUND('',#431,.T.);
#584=FACE_BOUND('',#432,.T.);
#585=FACE_BOUND('',#433,.T.);
#586=FACE_BOUND('',#434,.T.);
#587=FACE_BOUND('',#435,.T.);
#588=FACE_BOUND('',#436,.T.);
#589=FACE_BOUND('',#437,.T.);
#590=FACE_BOUND('',#438,.T.);
#591=FACE_BOUND('',#439,.T.);
#592=FACE_BOUND('',#440,.T.);
#593=FACE_BOUND('',#441,.T.);
#594=FACE_BOUND('',#442,.T.);
#595=FACE_BOUND('',#443,.T.);
#596=FACE_BOUND('',#444,.T.);
#597=FACE_BOUND('',#445,.T.);
#598=FACE_BOUND('',#446,.T.);
#599=FACE_BOUND('',#447,.T.);
#600=FACE_BOUND('',#448,.T.);
#601=FACE_BOUND('',#449,.T.);
#602=FACE_BOUND('',#450,.T.);
#603=FACE_BOUND('',#451,.T.);
#604=FACE_BOUND('',#452,.T.);
#605=FACE_BOUND('',#453,.T.);
#606=FACE_BOUND('',#454,.T.);
#607=FACE_BOUND('',#455,.T.);
#608=FACE_BOUND('',#456,.T.);
#609=FACE_BOUND('',#457,.T.);
#610=FACE_BOUND('',#458,.T.);
#611=FACE_BOUND('',#459,.T.);
#612=FACE_BOUND('',#460,.T.);
#613=FACE_BOUND('',#461,.T.);
#614=FACE_BOUND('',#462,.T.);
#615=FACE_BOUND('',#463,.T.);
#616=FACE_BOUND('',#464,.T.);
#617=FACE_BOUND('',#465,.T.);
#618=FACE_BOUND('',#466,.T.);
#619=FACE_BOUND('',#467,.T.);
#620=FACE_BOUND('',#468,.T.);
#621=FACE_BOUND('',#469,.T.);
#622=FACE_BOUND('',#470,.T.);
#623=FACE_BOUND('',#471,.T.);
#624=FACE_BOUND('',#472,.T.);
#625=FACE_BOUND('',#473,.T.);
#626=FACE_BOUND('',#474,.T.);
#627=FACE_BOUND('',#475,.T.);
#628=FACE_BOUND('',#476,.T.);
#629=FACE_BOUND('',#477,.T.);
#630=FACE_BOUND('',#478,.T.);
#631=FACE_BOUND('',#479,.T.);
#632=FACE_BOUND('',#480,.T.);
#633=FACE_BOUND('',#481,.T.);
#634=FACE_BOUND('',#482,.T.);
#635=FACE_BOUND('',#483,.T.);
#636=FACE_BOUND('',#484,.T.);
#637=FACE_BOUND('',#485,.T.);
#638=FACE_BOUND('',#486,.T.);
#639=FACE_BOUND('',#487,.T.);
#640=FACE_BOUND('',#488,.T.);
#641=FACE_BOUND('',#489,.T.);
#642=FACE_BOUND('',#490,.T.);
#643=FACE_BOUND('',#491,.T.);
#644=FACE_BOUND('',#492,.T.);
#645=FACE_BOUND('',#493,.T.);
#646=FACE_BOUND('',#494,.T.);
#647=FACE_BOUND('',#495,.T.);
#648=FACE_BOUND('',#496,.T.);
#649=FACE_BOUND('',#497,.T.);
#650=FACE_BOUND('',#498,.T.);
#651=FACE_BOUND('',#499,.T.);
#652=FACE_BOUND('',#500,.T.);
#653=FACE_BOUND('',#501,.T.);
#654=FACE_BOUND('',#502,.T.);
#655=FACE_BOUND('',#503,.T.);
#656=FACE_BOUND('',#504,.T.);
#657=FACE_BOUND('',#505,.T.);
#658=FACE_BOUND('',#506,.T.);
#659=FACE_BOUND('',#507,.T.);
#660=FACE_BOUND('',#508,.T.);
#661=FACE_BOUND('',#509,.T.);
#662=FACE_BOUND('',#510,.T.);
#663=FACE_BOUND('',#511,.T.);
#664=FACE_BOUND('',#512,.T.);
#665=FACE_BOUND('',#513,.T.);
#666=FACE_BOUND('',#514,.T.);
#667=FACE_BOUND('',#515,.T.);
#668=FACE_BOUND('',#516,.T.);
#669=FACE_BOUND('',#517,.T.);
#670=FACE_BOUND('',#518,.T.);
#671=FACE_BOUND('',#519,.T.);
#672=FACE_BOUND('',#520,.T.);
#673=FACE_BOUND('',#521,.T.);
#674=FACE_BOUND('',#522,.T.);
#675=FACE_BOUND('',#523,.T.);
#676=FACE_BOUND('',#524,.T.);
#677=FACE_BOUND('',#525,.T.);
#678=FACE_BOUND('',#526,.T.);
#679=FACE_BOUND('',#527,.T.);
#680=FACE_BOUND('',#528,.T.);
#681=FACE_BOUND('',#529,.T.);
#682=FACE_BOUND('',#530,.T.);
#683=FACE_BOUND('',#531,.T.);
#684=FACE_BOUND('',#532,.T.);
#685=FACE_BOUND('',#533,.T.);
#686=FACE_BOUND('',#534,.T.);
#687=FACE_BOUND('',#535,.T.);
#688=FACE_BOUND('',#536,.T.);
#689=FACE_BOUND('',#537,.T.);
#690=FACE_BOUND('',#538,.T.);
#691=FACE_BOUND('',#539,.T.);
#692=FACE_BOUND('',#540,.T.);
#693=FACE_BOUND('',#541,.T.);
#694=FACE_BOUND('',#542,.T.);
#695=FACE_BOUND('',#543,.T.);
#696=FACE_BOUND('',#544,.T.);
#697=FACE_BOUND('',#545,.T.);
#698=FACE_BOUND('',#546,.T.);
#699=FACE_BOUND('',#547,.T.);
#700=FACE_BOUND('',#548,.T.);
#701=FACE_BOUND('',#549,.T.);
#702=FACE_BOUND('',#550,.T.);
#703=FACE_BOUND('',#551,.T.);
#704=FACE_BOUND('',#552,.T.);
#705=FACE_BOUND('',#553,.T.);
#706=FACE_BOUND('',#554,.T.);
#707=FACE_BOUND('',#555,.T.);
#708=FACE_BOUND('',#556,.T.);
#709=FACE_BOUND('',#557,.T.);
#710=FACE_BOUND('',#558,.T.);
#711=FACE_BOUND('',#559,.T.);
#712=FACE_BOUND('',#560,.T.);
#713=FACE_BOUND('',#561,.T.);
#714=FACE_BOUND('',#562,.T.);
#715=FACE_BOUND('',#563,.T.);
#716=FACE_BOUND('',#564,.T.);
#717=FACE_BOUND('',#565,.T.);
#718=FACE_BOUND('',#566,.T.);
#719=FACE_BOUND('',#567,.T.);
#720=FACE_BOUND('',#568,.T.);
#721=FACE_BOUND('',#569,.T.);
#722=FACE_BOUND('',#570,.T.);
#723=FACE_BOUND('',#571,.T.);
#724=FACE_BOUND('',#572,.T.);
#725=FACE_BOUND('',#573,.T.);
#726=FACE_BOUND('',#574,.T.);
#727=FACE_BOUND('',#575,.T.);
#728=FACE_BOUND('',#576,.T.);
#729=FACE_BOUND('',#577,.T.);
#730=FACE_BOUND('',#578,.T.);
#731=FACE_BOUND('',#579,.T.);
#732=FACE_BOUND('',#580,.T.);
#733=FACE_BOUND('',#581,.T.);
#734=FACE_BOUND('',#582,.T.);
#735=CYLINDRICAL_SURFACE('',#863,0.073025);
#736=CYLINDRICAL_SURFACE('',#866,0.057785);
#737=CYLINDRICAL_SURFACE('',#872,0.0028448);
#738=CYLINDRICAL_SURFACE('',#874,0.0028448);
#739=CYLINDRICAL_SURFACE('',#876,0.0028448);
#740=CYLINDRICAL_SURFACE('',#881,0.0028448);
#741=CYLINDRICAL_SURFACE('',#883,0.0028448);
#742=CYLINDRICAL_SURFACE('',#885,0.0028448);
#743=CYLINDRICAL_SURFACE('',#890,0.0028448);
#744=CYLINDRICAL_SURFACE('',#893,0.0028448);
#745=CYLINDRICAL_SURFACE('',#896,0.0028448);
#746=CYLINDRICAL_SURFACE('',#899,0.0028448);
#747=CYLINDRICAL_SURFACE('',#902,0.0028448);
#748=CYLINDRICAL_SURFACE('',#905,0.0028448);
#749=CYLINDRICAL_SURFACE('',#908,0.0028448);
#750=CYLINDRICAL_SURFACE('',#911,0.0028448);
#751=CYLINDRICAL_SURFACE('',#914,0.0028448);
#752=CYLINDRICAL_SURFACE('',#917,0.0028448);
#753=CYLINDRICAL_SURFACE('',#920,0.0028448);
#754=CYLINDRICAL_SURFACE('',#923,0.0028448);
#755=CYLINDRICAL_SURFACE('',#926,0.0028448);
#756=CYLINDRICAL_SURFACE('',#929,0.0028448);
#757=CYLINDRICAL_SURFACE('',#932,0.0028448);
#758=CYLINDRICAL_SURFACE('',#935,0.0028448);
#759=CYLINDRICAL_SURFACE('',#938,0.0028448);
#760=CYLINDRICAL_SURFACE('',#941,0.0028448);
#761=CYLINDRICAL_SURFACE('',#944,0.0028448);
#762=CYLINDRICAL_SURFACE('',#947,0.0028448);
#763=CYLINDRICAL_SURFACE('',#950,0.0028448);
#764=CYLINDRICAL_SURFACE('',#953,0.0028448);
#765=CYLINDRICAL_SURFACE('',#956,0.0028448);
#766=CYLINDRICAL_SURFACE('',#959,0.0028448);
#767=CYLINDRICAL_SURFACE('',#962,0.0028448);
#768=CYLINDRICAL_SURFACE('',#965,0.0028448);
#769=CYLINDRICAL_SURFACE('',#968,0.0028448);
#770=CYLINDRICAL_SURFACE('',#971,0.0028448);
#771=CYLINDRICAL_SURFACE('',#974,0.0028448);
#772=CYLINDRICAL_SURFACE('',#977,0.0028448);
#773=ADVANCED_FACE('',(#583,#584,#585,#586,#587,#588,#589,#590,#591,#592,
#593,#594,#595,#596,#597,#598,#599,#600,#601,#602,#603,#604,#605,#606,#607,
#608,#609,#610,#611,#612,#613,#614,#615,#616,#617,#618,#619,#620),#735,
 .T.);
#774=ADVANCED_FACE('',(#621,#622),#736,.F.);
#775=ADVANCED_FACE('',(#623,#624),#12,.T.);
#776=ADVANCED_FACE('',(#625),#13,.F.);
#777=ADVANCED_FACE('',(#626),#14,.T.);
#778=ADVANCED_FACE('',(#627,#628),#737,.F.);
#779=ADVANCED_FACE('',(#629,#630),#738,.F.);
#780=ADVANCED_FACE('',(#631,#632),#739,.F.);
#781=ADVANCED_FACE('',(#633),#15,.T.);
#782=ADVANCED_FACE('',(#634),#16,.T.);
#783=ADVANCED_FACE('',(#635),#17,.T.);
#784=ADVANCED_FACE('',(#636,#637),#740,.F.);
#785=ADVANCED_FACE('',(#638,#639),#741,.F.);
#786=ADVANCED_FACE('',(#640,#641),#742,.F.);
#787=ADVANCED_FACE('',(#642),#18,.T.);
#788=ADVANCED_FACE('',(#643),#19,.T.);
#789=ADVANCED_FACE('',(#644),#20,.T.);
#790=ADVANCED_FACE('',(#645,#646),#743,.F.);
#791=ADVANCED_FACE('',(#647),#21,.T.);
#792=ADVANCED_FACE('',(#648,#649),#744,.F.);
#793=ADVANCED_FACE('',(#650),#22,.T.);
#794=ADVANCED_FACE('',(#651,#652),#745,.F.);
#795=ADVANCED_FACE('',(#653),#23,.T.);
#796=ADVANCED_FACE('',(#654,#655),#746,.F.);
#797=ADVANCED_FACE('',(#656),#24,.T.);
#798=ADVANCED_FACE('',(#657,#658),#747,.F.);
#799=ADVANCED_FACE('',(#659),#25,.T.);
#800=ADVANCED_FACE('',(#660,#661),#748,.F.);
#801=ADVANCED_FACE('',(#662),#26,.T.);
#802=ADVANCED_FACE('',(#663,#664),#749,.F.);
#803=ADVANCED_FACE('',(#665),#27,.T.);
#804=ADVANCED_FACE('',(#666,#667),#750,.F.);
#805=ADVANCED_FACE('',(#668),#28,.T.);
#806=ADVANCED_FACE('',(#669,#670),#751,.F.);
#807=ADVANCED_FACE('',(#671),#29,.T.);
#808=ADVANCED_FACE('',(#672,#673),#752,.F.);
#809=ADVANCED_FACE('',(#674),#30,.T.);
#810=ADVANCED_FACE('',(#675,#676),#753,.F.);
#811=ADVANCED_FACE('',(#677),#31,.T.);
#812=ADVANCED_FACE('',(#678,#679),#754,.F.);
#813=ADVANCED_FACE('',(#680),#32,.T.);
#814=ADVANCED_FACE('',(#681,#682),#755,.F.);
#815=ADVANCED_FACE('',(#683),#33,.T.);
#816=ADVANCED_FACE('',(#684,#685),#756,.F.);
#817=ADVANCED_FACE('',(#686),#34,.T.);
#818=ADVANCED_FACE('',(#687,#688),#757,.F.);
#819=ADVANCED_FACE('',(#689),#35,.T.);
#820=ADVANCED_FACE('',(#690,#691),#758,.F.);
#821=ADVANCED_FACE('',(#692),#36,.T.);
#822=ADVANCED_FACE('',(#693,#694),#759,.F.);
#823=ADVANCED_FACE('',(#695),#37,.T.);
#824=ADVANCED_FACE('',(#696,#697),#760,.F.);
#825=ADVANCED_FACE('',(#698),#38,.T.);
#826=ADVANCED_FACE('',(#699,#700),#761,.F.);
#827=ADVANCED_FACE('',(#701),#39,.T.);
#828=ADVANCED_FACE('',(#702,#703),#762,.F.);
#829=ADVANCED_FACE('',(#704),#40,.T.);
#830=ADVANCED_FACE('',(#705,#706),#763,.F.);
#831=ADVANCED_FACE('',(#707),#41,.T.);
#832=ADVANCED_FACE('',(#708,#709),#764,.F.);
#833=ADVANCED_FACE('',(#710),#42,.T.);
#834=ADVANCED_FACE('',(#711,#712),#765,.F.);
#835=ADVANCED_FACE('',(#713),#43,.T.);
#836=ADVANCED_FACE('',(#714,#715),#766,.F.);
#837=ADVANCED_FACE('',(#716),#44,.T.);
#838=ADVANCED_FACE('',(#717,#718),#767,.F.);
#839=ADVANCED_FACE('',(#719),#45,.T.);
#840=ADVANCED_FACE('',(#720,#721),#768,.F.);
#841=ADVANCED_FACE('',(#722),#46,.T.);
#842=ADVANCED_FACE('',(#723,#724),#769,.F.);
#843=ADVANCED_FACE('',(#725),#47,.T.);
#844=ADVANCED_FACE('',(#726,#727),#770,.F.);
#845=ADVANCED_FACE('',(#728),#48,.T.);
#846=ADVANCED_FACE('',(#729,#730),#771,.F.);
#847=ADVANCED_FACE('',(#731),#49,.T.);
#848=ADVANCED_FACE('',(#732,#733),#772,.F.);
#849=ADVANCED_FACE('',(#734),#50,.T.);
#850=CLOSED_SHELL('',(#773,#774,#775,#776,#777,#778,#779,#780,#781,#782,
#783,#784,#785,#786,#787,#788,#789,#790,#791,#792,#793,#794,#795,#796,#797,
#798,#799,#800,#801,#802,#803,#804,#805,#806,#807,#808,#809,#810,#811,#812,
#813,#814,#815,#816,#817,#818,#819,#820,#821,#822,#823,#824,#825,#826,#827,
#828,#829,#830,#831,#832,#833,#834,#835,#836,#837,#838,#839,#840,#841,#842,
#843,#844,#845,#846,#847,#848,#849));
#851=STYLED_ITEM('',(#852),#859);
#852=PRESENTATION_STYLE_ASSIGNMENT((#853));
#853=SURFACE_STYLE_USAGE(.BOTH.,#854);
#854=SURFACE_SIDE_STYLE('',(#855));
#855=SURFACE_STYLE_FILL_AREA(#856);
#856=FILL_AREA_STYLE('',(#857));
#857=FILL_AREA_STYLE_COLOUR('',#858);
#858=COLOUR_RGB('',0.615686274509804,0.811764705882353,0.929411764705882);
#859=MANIFOLD_SOLID_BREP('Part 1',#850);
#860=SHAPE_DEFINITION_REPRESENTATION(#1812,#861);
#861=SHAPE_REPRESENTATION('Part 1',(#862),#1807);
#862=AXIS2_PLACEMENT_3D('',#1216,#980,#981);
#863=AXIS2_PLACEMENT_3D('',#1217,#982,#983);
#864=AXIS2_PLACEMENT_3D('',#1254,#984,#985);
#865=AXIS2_PLACEMENT_3D('',#1256,#986,#987);
#866=AXIS2_PLACEMENT_3D('',#1654,#988,#989);
#867=AXIS2_PLACEMENT_3D('',#1655,#990,#991);
#868=AXIS2_PLACEMENT_3D('',#1657,#992,#993);
#869=AXIS2_PLACEMENT_3D('',#1659,#994,#995);
#870=AXIS2_PLACEMENT_3D('',#1660,#996,#997);
#871=AXIS2_PLACEMENT_3D('',#1661,#998,#999);
#872=AXIS2_PLACEMENT_3D('',#1662,#1000,#1001);
#873=AXIS2_PLACEMENT_3D('',#1663,#1002,#1003);
#874=AXIS2_PLACEMENT_3D('',#1665,#1004,#1005);
#875=AXIS2_PLACEMENT_3D('',#1666,#1006,#1007);
#876=AXIS2_PLACEMENT_3D('',#1668,#1008,#1009);
#877=AXIS2_PLACEMENT_3D('',#1669,#1010,#1011);
#878=AXIS2_PLACEMENT_3D('',#1671,#1012,#1013);
#879=AXIS2_PLACEMENT_3D('',#1672,#1014,#1015);
#880=AXIS2_PLACEMENT_3D('',#1673,#1016,#1017);
#881=AXIS2_PLACEMENT_3D('',#1674,#1018,#1019);
#882=AXIS2_PLACEMENT_3D('',#1675,#1020,#1021);
#883=AXIS2_PLACEMENT_3D('',#1677,#1022,#1023);
#884=AXIS2_PLACEMENT_3D('',#1678,#1024,#1025);
#885=AXIS2_PLACEMENT_3D('',#1680,#1026,#1027);
#886=AXIS2_PLACEMENT_3D('',#1681,#1028,#1029);
#887=AXIS2_PLACEMENT_3D('',#1683,#1030,#1031);
#888=AXIS2_PLACEMENT_3D('',#1684,#1032,#1033);
#889=AXIS2_PLACEMENT_3D('',#1685,#1034,#1035);
#890=AXIS2_PLACEMENT_3D('',#1686,#1036,#1037);
#891=AXIS2_PLACEMENT_3D('',#1687,#1038,#1039);
#892=AXIS2_PLACEMENT_3D('',#1689,#1040,#1041);
#893=AXIS2_PLACEMENT_3D('',#1690,#1042,#1043);
#894=AXIS2_PLACEMENT_3D('',#1691,#1044,#1045);
#895=AXIS2_PLACEMENT_3D('',#1693,#1046,#1047);
#896=AXIS2_PLACEMENT_3D('',#1694,#1048,#1049);
#897=AXIS2_PLACEMENT_3D('',#1695,#1050,#1051);
#898=AXIS2_PLACEMENT_3D('',#1697,#1052,#1053);
#899=AXIS2_PLACEMENT_3D('',#1698,#1054,#1055);
#900=AXIS2_PLACEMENT_3D('',#1699,#1056,#1057);
#901=AXIS2_PLACEMENT_3D('',#1701,#1058,#1059);
#902=AXIS2_PLACEMENT_3D('',#1702,#1060,#1061);
#903=AXIS2_PLACEMENT_3D('',#1703,#1062,#1063);
#904=AXIS2_PLACEMENT_3D('',#1705,#1064,#1065);
#905=AXIS2_PLACEMENT_3D('',#1706,#1066,#1067);
#906=AXIS2_PLACEMENT_3D('',#1707,#1068,#1069);
#907=AXIS2_PLACEMENT_3D('',#1709,#1070,#1071);
#908=AXIS2_PLACEMENT_3D('',#1710,#1072,#1073);
#909=AXIS2_PLACEMENT_3D('',#1711,#1074,#1075);
#910=AXIS2_PLACEMENT_3D('',#1713,#1076,#1077);
#911=AXIS2_PLACEMENT_3D('',#1714,#1078,#1079);
#912=AXIS2_PLACEMENT_3D('',#1715,#1080,#1081);
#913=AXIS2_PLACEMENT_3D('',#1717,#1082,#1083);
#914=AXIS2_PLACEMENT_3D('',#1718,#1084,#1085);
#915=AXIS2_PLACEMENT_3D('',#1719,#1086,#1087);
#916=AXIS2_PLACEMENT_3D('',#1721,#1088,#1089);
#917=AXIS2_PLACEMENT_3D('',#1722,#1090,#1091);
#918=AXIS2_PLACEMENT_3D('',#1723,#1092,#1093);
#919=AXIS2_PLACEMENT_3D('',#1725,#1094,#1095);
#920=AXIS2_PLACEMENT_3D('',#1726,#1096,#1097);
#921=AXIS2_PLACEMENT_3D('',#1727,#1098,#1099);
#922=AXIS2_PLACEMENT_3D('',#1729,#1100,#1101);
#923=AXIS2_PLACEMENT_3D('',#1730,#1102,#1103);
#924=AXIS2_PLACEMENT_3D('',#1731,#1104,#1105);
#925=AXIS2_PLACEMENT_3D('',#1733,#1106,#1107);
#926=AXIS2_PLACEMENT_3D('',#1734,#1108,#1109);
#927=AXIS2_PLACEMENT_3D('',#1735,#1110,#1111);
#928=AXIS2_PLACEMENT_3D('',#1737,#1112,#1113);
#929=AXIS2_PLACEMENT_3D('',#1738,#1114,#1115);
#930=AXIS2_PLACEMENT_3D('',#1739,#1116,#1117);
#931=AXIS2_PLACEMENT_3D('',#1741,#1118,#1119);
#932=AXIS2_PLACEMENT_3D('',#1742,#1120,#1121);
#933=AXIS2_PLACEMENT_3D('',#1743,#1122,#1123);
#934=AXIS2_PLACEMENT_3D('',#1745,#1124,#1125);
#935=AXIS2_PLACEMENT_3D('',#1746,#1126,#1127);
#936=AXIS2_PLACEMENT_3D('',#1747,#1128,#1129);
#937=AXIS2_PLACEMENT_3D('',#1749,#1130,#1131);
#938=AXIS2_PLACEMENT_3D('',#1750,#1132,#1133);
#939=AXIS2_PLACEMENT_3D('',#1751,#1134,#1135);
#940=AXIS2_PLACEMENT_3D('',#1753,#1136,#1137);
#941=AXIS2_PLACEMENT_3D('',#1754,#1138,#1139);
#942=AXIS2_PLACEMENT_3D('',#1755,#1140,#1141);
#943=AXIS2_PLACEMENT_3D('',#1757,#1142,#1143);
#944=AXIS2_PLACEMENT_3D('',#1758,#1144,#1145);
#945=AXIS2_PLACEMENT_3D('',#1759,#1146,#1147);
#946=AXIS2_PLACEMENT_3D('',#1761,#1148,#1149);
#947=AXIS2_PLACEMENT_3D('',#1762,#1150,#1151);
#948=AXIS2_PLACEMENT_3D('',#1763,#1152,#1153);
#949=AXIS2_PLACEMENT_3D('',#1765,#1154,#1155);
#950=AXIS2_PLACEMENT_3D('',#1766,#1156,#1157);
#951=AXIS2_PLACEMENT_3D('',#1767,#1158,#1159);
#952=AXIS2_PLACEMENT_3D('',#1769,#1160,#1161);
#953=AXIS2_PLACEMENT_3D('',#1770,#1162,#1163);
#954=AXIS2_PLACEMENT_3D('',#1771,#1164,#1165);
#955=AXIS2_PLACEMENT_3D('',#1773,#1166,#1167);
#956=AXIS2_PLACEMENT_3D('',#1774,#1168,#1169);
#957=AXIS2_PLACEMENT_3D('',#1775,#1170,#1171);
#958=AXIS2_PLACEMENT_3D('',#1777,#1172,#1173);
#959=AXIS2_PLACEMENT_3D('',#1778,#1174,#1175);
#960=AXIS2_PLACEMENT_3D('',#1779,#1176,#1177);
#961=AXIS2_PLACEMENT_3D('',#1781,#1178,#1179);
#962=AXIS2_PLACEMENT_3D('',#1782,#1180,#1181);
#963=AXIS2_PLACEMENT_3D('',#1783,#1182,#1183);
#964=AXIS2_PLACEMENT_3D('',#1785,#1184,#1185);
#965=AXIS2_PLACEMENT_3D('',#1786,#1186,#1187);
#966=AXIS2_PLACEMENT_3D('',#1787,#1188,#1189);
#967=AXIS2_PLACEMENT_3D('',#1789,#1190,#1191);
#968=AXIS2_PLACEMENT_3D('',#1790,#1192,#1193);
#969=AXIS2_PLACEMENT_3D('',#1791,#1194,#1195);
#970=AXIS2_PLACEMENT_3D('',#1793,#1196,#1197);
#971=AXIS2_PLACEMENT_3D('',#1794,#1198,#1199);
#972=AXIS2_PLACEMENT_3D('',#1795,#1200,#1201);
#973=AXIS2_PLACEMENT_3D('',#1797,#1202,#1203);
#974=AXIS2_PLACEMENT_3D('',#1798,#1204,#1205);
#975=AXIS2_PLACEMENT_3D('',#1799,#1206,#1207);
#976=AXIS2_PLACEMENT_3D('',#1801,#1208,#1209);
#977=AXIS2_PLACEMENT_3D('',#1802,#1210,#1211);
#978=AXIS2_PLACEMENT_3D('',#1803,#1212,#1213);
#979=AXIS2_PLACEMENT_3D('',#1805,#1214,#1215);
#980=DIRECTION('',(0.,0.,1.));
#981=DIRECTION('',(1.,0.,0.));
#982=DIRECTION('',(0.,0.,-1.));
#983=DIRECTION('',(-1.,0.,0.));
#984=DIRECTION('',(0.,0.,1.));
#985=DIRECTION('',(1.,0.,0.));
#986=DIRECTION('',(0.,0.,1.));
#987=DIRECTION('',(1.,0.,0.));
#988=DIRECTION('',(0.,0.,-1.));
#989=DIRECTION('',(-1.,0.,0.));
#990=DIRECTION('',(0.,0.,1.));
#991=DIRECTION('',(1.,0.,0.));
#992=DIRECTION('',(0.,0.,1.));
#993=DIRECTION('',(1.,0.,0.));
#994=DIRECTION('',(0.,0.,1.));
#995=DIRECTION('',(1.,0.,0.));
#996=DIRECTION('',(0.,0.,-1.));
#997=DIRECTION('',(1.,0.,0.));
#998=DIRECTION('',(0.,0.,-1.));
#999=DIRECTION('',(1.,0.,0.));
#1000=DIRECTION('',(0.38268343236509,-0.923879532511287,0.));
#1001=DIRECTION('',(0.923879532511287,0.38268343236509,0.));
#1002=DIRECTION('',(-0.38268343236509,0.923879532511287,0.));
#1003=DIRECTION('',(-0.923879532511287,-0.38268343236509,0.));
#1004=DIRECTION('',(0.38268343236509,-0.923879532511287,0.));
#1005=DIRECTION('',(0.923879532511287,0.38268343236509,0.));
#1006=DIRECTION('',(-0.38268343236509,0.923879532511287,0.));
#1007=DIRECTION('',(-0.923879532511287,-0.38268343236509,0.));
#1008=DIRECTION('',(0.38268343236509,-0.923879532511287,0.));
#1009=DIRECTION('',(0.923879532511287,0.38268343236509,0.));
#1010=DIRECTION('',(-0.38268343236509,0.923879532511287,0.));
#1011=DIRECTION('',(-0.923879532511287,-0.38268343236509,0.));
#1012=DIRECTION('',(-0.38268343236509,0.923879532511287,0.));
#1013=DIRECTION('',(-0.923879532511287,-0.38268343236509,0.));
#1014=DIRECTION('',(-0.38268343236509,0.923879532511287,0.));
#1015=DIRECTION('',(-0.923879532511287,-0.38268343236509,0.));
#1016=DIRECTION('',(-0.38268343236509,0.923879532511287,0.));
#1017=DIRECTION('',(-0.923879532511287,-0.38268343236509,0.));
#1018=DIRECTION('',(-0.38268343236509,-0.923879532511287,0.));
#1019=DIRECTION('',(0.923879532511287,-0.38268343236509,0.));
#1020=DIRECTION('',(0.38268343236509,0.923879532511287,0.));
#1021=DIRECTION('',(-0.923879532511287,0.38268343236509,0.));
#1022=DIRECTION('',(-0.38268343236509,-0.923879532511287,0.));
#1023=DIRECTION('',(0.923879532511287,-0.38268343236509,0.));
#1024=DIRECTION('',(0.38268343236509,0.923879532511287,0.));
#1025=DIRECTION('',(-0.923879532511287,0.38268343236509,0.));
#1026=DIRECTION('',(-0.38268343236509,-0.923879532511287,0.));
#1027=DIRECTION('',(0.923879532511287,-0.38268343236509,0.));
#1028=DIRECTION('',(0.38268343236509,0.923879532511287,0.));
#1029=DIRECTION('',(-0.923879532511287,0.38268343236509,0.));
#1030=DIRECTION('',(0.38268343236509,0.923879532511287,0.));
#1031=DIRECTION('',(-0.923879532511287,0.38268343236509,0.));
#1032=DIRECTION('',(0.38268343236509,0.923879532511287,0.));
#1033=DIRECTION('',(-0.923879532511287,0.38268343236509,0.));
#1034=DIRECTION('',(0.38268343236509,0.923879532511287,0.));
#1035=DIRECTION('',(-0.923879532511287,0.38268343236509,0.));
#1036=DIRECTION('',(0.99144486137381,-0.130526192220052,0.));
#1037=DIRECTION('',(0.130526192220052,0.99144486137381,0.));
#1038=DIRECTION('',(-0.99144486137381,0.130526192220052,0.));
#1039=DIRECTION('',(-0.130526192220052,-0.99144486137381,0.));
#1040=DIRECTION('',(-0.99144486137381,0.130526192220052,0.));
#1041=DIRECTION('',(-0.130526192220052,-0.99144486137381,0.));
#1042=DIRECTION('',(0.99144486137381,-0.130526192220052,0.));
#1043=DIRECTION('',(0.130526192220052,0.99144486137381,0.));
#1044=DIRECTION('',(-0.99144486137381,0.130526192220052,0.));
#1045=DIRECTION('',(-0.130526192220052,-0.99144486137381,0.));
#1046=DIRECTION('',(-0.99144486137381,0.130526192220052,0.));
#1047=DIRECTION('',(-0.130526192220052,-0.99144486137381,0.));
#1048=DIRECTION('',(0.99144486137381,-0.130526192220052,0.));
#1049=DIRECTION('',(0.130526192220052,0.99144486137381,0.));
#1050=DIRECTION('',(-0.99144486137381,0.130526192220052,0.));
#1051=DIRECTION('',(-0.130526192220052,-0.99144486137381,0.));
#1052=DIRECTION('',(-0.99144486137381,0.130526192220052,0.));
#1053=DIRECTION('',(-0.130526192220052,-0.99144486137381,0.));
#1054=DIRECTION('',(0.60876142900872,-0.793353340291235,0.));
#1055=DIRECTION('',(0.793353340291235,0.60876142900872,0.));
#1056=DIRECTION('',(-0.60876142900872,0.793353340291235,0.));
#1057=DIRECTION('',(-0.793353340291235,-0.60876142900872,0.));
#1058=DIRECTION('',(-0.60876142900872,0.793353340291235,0.));
#1059=DIRECTION('',(-0.793353340291235,-0.60876142900872,0.));
#1060=DIRECTION('',(0.60876142900872,-0.793353340291235,0.));
#1061=DIRECTION('',(0.793353340291235,0.60876142900872,0.));
#1062=DIRECTION('',(-0.60876142900872,0.793353340291235,0.));
#1063=DIRECTION('',(-0.793353340291235,-0.60876142900872,0.));
#1064=DIRECTION('',(-0.60876142900872,0.793353340291235,0.));
#1065=DIRECTION('',(-0.793353340291235,-0.60876142900872,0.));
#1066=DIRECTION('',(0.60876142900872,-0.793353340291235,0.));
#1067=DIRECTION('',(0.793353340291235,0.60876142900872,0.));
#1068=DIRECTION('',(-0.60876142900872,0.793353340291235,0.));
#1069=DIRECTION('',(-0.793353340291235,-0.60876142900872,0.));
#1070=DIRECTION('',(-0.60876142900872,0.793353340291235,0.));
#1071=DIRECTION('',(-0.793353340291235,-0.60876142900872,0.));
#1072=DIRECTION('',(0.608761429008721,0.793353340291235,0.));
#1073=DIRECTION('',(-0.793353340291235,0.608761429008721,0.));
#1074=DIRECTION('',(-0.608761429008721,-0.793353340291235,0.));
#1075=DIRECTION('',(0.793353340291235,-0.608761429008721,0.));
#1076=DIRECTION('',(-0.608761429008721,-0.793353340291235,0.));
#1077=DIRECTION('',(0.793353340291235,-0.608761429008721,0.));
#1078=DIRECTION('',(0.608761429008721,0.793353340291235,0.));
#1079=DIRECTION('',(-0.793353340291235,0.608761429008721,0.));
#1080=DIRECTION('',(-0.608761429008721,-0.793353340291235,0.));
#1081=DIRECTION('',(0.793353340291235,-0.608761429008721,0.));
#1082=DIRECTION('',(-0.608761429008721,-0.793353340291235,0.));
#1083=DIRECTION('',(0.793353340291235,-0.608761429008721,0.));
#1084=DIRECTION('',(0.608761429008721,0.793353340291235,0.));
#1085=DIRECTION('',(-0.793353340291235,0.608761429008721,0.));
#1086=DIRECTION('',(-0.608761429008721,-0.793353340291235,0.));
#1087=DIRECTION('',(0.793353340291235,-0.608761429008721,0.));
#1088=DIRECTION('',(-0.608761429008721,-0.793353340291235,0.));
#1089=DIRECTION('',(0.793353340291235,-0.608761429008721,0.));
#1090=DIRECTION('',(0.99144486137381,0.130526192220051,0.));
#1091=DIRECTION('',(-0.130526192220051,0.99144486137381,0.));
#1092=DIRECTION('',(-0.99144486137381,-0.130526192220051,0.));
#1093=DIRECTION('',(0.130526192220051,-0.99144486137381,0.));
#1094=DIRECTION('',(-0.99144486137381,-0.130526192220051,0.));
#1095=DIRECTION('',(0.130526192220051,-0.99144486137381,0.));
#1096=DIRECTION('',(0.99144486137381,0.130526192220051,0.));
#1097=DIRECTION('',(-0.130526192220051,0.99144486137381,0.));
#1098=DIRECTION('',(-0.99144486137381,-0.130526192220051,0.));
#1099=DIRECTION('',(0.130526192220051,-0.99144486137381,0.));
#1100=DIRECTION('',(-0.99144486137381,-0.130526192220051,0.));
#1101=DIRECTION('',(0.130526192220051,-0.99144486137381,0.));
#1102=DIRECTION('',(0.99144486137381,0.130526192220051,0.));
#1103=DIRECTION('',(-0.130526192220051,0.99144486137381,0.));
#1104=DIRECTION('',(-0.99144486137381,-0.130526192220051,0.));
#1105=DIRECTION('',(0.130526192220051,-0.99144486137381,0.));
#1106=DIRECTION('',(-0.99144486137381,-0.130526192220051,0.));
#1107=DIRECTION('',(0.130526192220051,-0.99144486137381,0.));
#1108=DIRECTION('',(-0.38268343236509,0.923879532511287,0.));
#1109=DIRECTION('',(-0.923879532511287,-0.38268343236509,0.));
#1110=DIRECTION('',(0.38268343236509,-0.923879532511287,0.));
#1111=DIRECTION('',(0.923879532511287,0.38268343236509,0.));
#1112=DIRECTION('',(0.38268343236509,-0.923879532511287,0.));
#1113=DIRECTION('',(0.923879532511287,0.38268343236509,0.));
#1114=DIRECTION('',(-0.38268343236509,0.923879532511287,0.));
#1115=DIRECTION('',(-0.923879532511287,-0.38268343236509,0.));
#1116=DIRECTION('',(0.38268343236509,-0.923879532511287,0.));
#1117=DIRECTION('',(0.923879532511287,0.38268343236509,0.));
#1118=DIRECTION('',(0.38268343236509,-0.923879532511287,0.));
#1119=DIRECTION('',(0.923879532511287,0.38268343236509,0.));
#1120=DIRECTION('',(-0.38268343236509,0.923879532511287,0.));
#1121=DIRECTION('',(-0.923879532511287,-0.38268343236509,0.));
#1122=DIRECTION('',(0.38268343236509,-0.923879532511287,0.));
#1123=DIRECTION('',(0.923879532511287,0.38268343236509,0.));
#1124=DIRECTION('',(0.38268343236509,-0.923879532511287,0.));
#1125=DIRECTION('',(0.923879532511287,0.38268343236509,0.));
#1126=DIRECTION('',(0.38268343236509,0.923879532511287,0.));
#1127=DIRECTION('',(-0.923879532511287,0.38268343236509,0.));
#1128=DIRECTION('',(-0.38268343236509,-0.923879532511287,0.));
#1129=DIRECTION('',(0.923879532511287,-0.38268343236509,0.));
#1130=DIRECTION('',(-0.38268343236509,-0.923879532511287,0.));
#1131=DIRECTION('',(0.923879532511287,-0.38268343236509,0.));
#1132=DIRECTION('',(0.38268343236509,0.923879532511287,0.));
#1133=DIRECTION('',(-0.923879532511287,0.38268343236509,0.));
#1134=DIRECTION('',(-0.38268343236509,-0.923879532511287,0.));
#1135=DIRECTION('',(0.923879532511287,-0.38268343236509,0.));
#1136=DIRECTION('',(-0.38268343236509,-0.923879532511287,0.));
#1137=DIRECTION('',(0.923879532511287,-0.38268343236509,0.));
#1138=DIRECTION('',(0.38268343236509,0.923879532511287,0.));
#1139=DIRECTION('',(-0.923879532511287,0.38268343236509,0.));
#1140=DIRECTION('',(-0.38268343236509,-0.923879532511287,0.));
#1141=DIRECTION('',(0.923879532511287,-0.38268343236509,0.));
#1142=DIRECTION('',(-0.38268343236509,-0.923879532511287,0.));
#1143=DIRECTION('',(0.923879532511287,-0.38268343236509,0.));
#1144=DIRECTION('',(-0.99144486137381,0.130526192220052,0.));
#1145=DIRECTION('',(-0.130526192220052,-0.99144486137381,0.));
#1146=DIRECTION('',(0.99144486137381,-0.130526192220052,0.));
#1147=DIRECTION('',(0.130526192220052,0.99144486137381,0.));
#1148=DIRECTION('',(0.99144486137381,-0.130526192220052,0.));
#1149=DIRECTION('',(0.130526192220052,0.99144486137381,0.));
#1150=DIRECTION('',(-0.99144486137381,0.130526192220052,0.));
#1151=DIRECTION('',(-0.130526192220052,-0.99144486137381,0.));
#1152=DIRECTION('',(0.99144486137381,-0.130526192220052,0.));
#1153=DIRECTION('',(0.130526192220052,0.99144486137381,0.));
#1154=DIRECTION('',(0.99144486137381,-0.130526192220052,0.));
#1155=DIRECTION('',(0.130526192220052,0.99144486137381,0.));
#1156=DIRECTION('',(-0.99144486137381,0.130526192220052,0.));
#1157=DIRECTION('',(-0.130526192220052,-0.99144486137381,0.));
#1158=DIRECTION('',(0.99144486137381,-0.130526192220052,0.));
#1159=DIRECTION('',(0.130526192220052,0.99144486137381,0.));
#1160=DIRECTION('',(0.99144486137381,-0.130526192220052,0.));
#1161=DIRECTION('',(0.130526192220052,0.99144486137381,0.));
#1162=DIRECTION('',(-0.60876142900872,0.793353340291236,0.));
#1163=DIRECTION('',(-0.793353340291236,-0.60876142900872,0.));
#1164=DIRECTION('',(0.60876142900872,-0.793353340291236,0.));
#1165=DIRECTION('',(0.793353340291236,0.60876142900872,0.));
#1166=DIRECTION('',(0.60876142900872,-0.793353340291236,0.));
#1167=DIRECTION('',(0.793353340291236,0.60876142900872,0.));
#1168=DIRECTION('',(-0.60876142900872,0.793353340291236,0.));
#1169=DIRECTION('',(-0.793353340291236,-0.60876142900872,0.));
#1170=DIRECTION('',(0.60876142900872,-0.793353340291236,0.));
#1171=DIRECTION('',(0.793353340291236,0.60876142900872,0.));
#1172=DIRECTION('',(0.60876142900872,-0.793353340291236,0.));
#1173=DIRECTION('',(0.793353340291236,0.60876142900872,0.));
#1174=DIRECTION('',(-0.60876142900872,0.793353340291236,0.));
#1175=DIRECTION('',(-0.793353340291236,-0.60876142900872,0.));
#1176=DIRECTION('',(0.60876142900872,-0.793353340291236,0.));
#1177=DIRECTION('',(0.793353340291236,0.60876142900872,0.));
#1178=DIRECTION('',(0.60876142900872,-0.793353340291236,0.));
#1179=DIRECTION('',(0.793353340291236,0.60876142900872,0.));
#1180=DIRECTION('',(-0.608761429008721,-0.793353340291235,0.));
#1181=DIRECTION('',(0.793353340291235,-0.608761429008721,0.));
#1182=DIRECTION('',(0.608761429008722,0.793353340291235,0.));
#1183=DIRECTION('',(-0.793353340291235,0.608761429008722,0.));
#1184=DIRECTION('',(0.608761429008722,0.793353340291235,0.));
#1185=DIRECTION('',(-0.793353340291235,0.608761429008722,0.));
#1186=DIRECTION('',(-0.608761429008721,-0.793353340291235,0.));
#1187=DIRECTION('',(0.793353340291235,-0.608761429008721,0.));
#1188=DIRECTION('',(0.608761429008722,0.793353340291235,0.));
#1189=DIRECTION('',(-0.793353340291235,0.608761429008722,0.));
#1190=DIRECTION('',(0.608761429008722,0.793353340291235,0.));
#1191=DIRECTION('',(-0.793353340291235,0.608761429008722,0.));
#1192=DIRECTION('',(-0.608761429008721,-0.793353340291235,0.));
#1193=DIRECTION('',(0.793353340291235,-0.608761429008721,0.));
#1194=DIRECTION('',(0.608761429008722,0.793353340291235,0.));
#1195=DIRECTION('',(-0.793353340291235,0.608761429008722,0.));
#1196=DIRECTION('',(0.608761429008722,0.793353340291235,0.));
#1197=DIRECTION('',(-0.793353340291235,0.608761429008722,0.));
#1198=DIRECTION('',(-0.99144486137381,-0.130526192220051,0.));
#1199=DIRECTION('',(0.130526192220051,-0.991444861373811,0.));
#1200=DIRECTION('',(0.991444861373811,0.130526192220051,0.));
#1201=DIRECTION('',(-0.130526192220051,0.991444861373811,0.));
#1202=DIRECTION('',(0.991444861373811,0.130526192220051,0.));
#1203=DIRECTION('',(-0.130526192220051,0.991444861373811,0.));
#1204=DIRECTION('',(-0.99144486137381,-0.130526192220051,0.));
#1205=DIRECTION('',(0.130526192220051,-0.991444861373811,0.));
#1206=DIRECTION('',(0.991444861373811,0.130526192220051,0.));
#1207=DIRECTION('',(-0.130526192220051,0.991444861373811,0.));
#1208=DIRECTION('',(0.991444861373811,0.130526192220051,0.));
#1209=DIRECTION('',(-0.130526192220051,0.991444861373811,0.));
#1210=DIRECTION('',(-0.99144486137381,-0.130526192220051,0.));
#1211=DIRECTION('',(0.130526192220051,-0.991444861373811,0.));
#1212=DIRECTION('',(0.991444861373811,0.130526192220051,0.));
#1213=DIRECTION('',(-0.130526192220051,0.991444861373811,0.));
#1214=DIRECTION('',(0.991444861373811,0.130526192220051,0.));
#1215=DIRECTION('',(-0.130526192220051,0.991444861373811,0.));
#1216=CARTESIAN_POINT('',(0.,0.,0.));
#1217=CARTESIAN_POINT('',(0.,4.47149162538678E-18,0.2032));
#1218=CARTESIAN_POINT('',(0.029040981681341,0.0670089433277301,0.0276320454326469));
#1219=CARTESIAN_POINT('',(0.0298855538798843,0.0666282828557498,0.0253994233640752));
#1220=CARTESIAN_POINT('',(0.0290416410310823,0.0670086223788036,0.0231702611110523));
#1221=CARTESIAN_POINT('',(0.0269883040364771,0.067869754066316,0.0222478889336316));
#1222=CARTESIAN_POINT('',(0.0249001815882333,0.0686553570260122,0.0231693841890777));
#1223=CARTESIAN_POINT('',(0.0240255121538212,0.0689583069221519,0.0253995485600852));
#1224=CARTESIAN_POINT('',(0.0248973277452793,0.0686563553371079,0.0276262796057047));
#1225=CARTESIAN_POINT('',(0.0269830520070855,0.0678718616813669,0.0285526156799817));
#1226=CARTESIAN_POINT('',(0.029040981681341,0.0670089433277301,0.0276320454326469));
#1227=CARTESIAN_POINT('',(0.0298855538798843,0.0666282828557498,0.0253994233640752));
#1228=CARTESIAN_POINT('',(0.0290416410310823,0.0670086223788036,0.0231702611110523));
#1229=CARTESIAN_POINT('',(0.0296041397053267,0.0667551161882555,0.0254));
#1230=CARTESIAN_POINT('',(-0.0244328400530356,0.0688230612925353,0.180031616920433));
#1231=CARTESIAN_POINT('',(-0.0235538048504236,0.0691208620665492,0.177799441412241));
#1232=CARTESIAN_POINT('',(-0.0244321747140593,0.0688232636889832,0.175570617430601));
#1233=CARTESIAN_POINT('',(-0.0265211894797767,0.0680536464845611,0.174647953134814));
#1234=CARTESIAN_POINT('',(-0.0285850553742364,0.0672047007176533,0.175568775517668));
#1235=CARTESIAN_POINT('',(-0.029430408475526,0.0668305587183885,0.177799598467824));
#1236=CARTESIAN_POINT('',(-0.0285878343076283,0.0672034816295165,0.180026859572953));
#1237=CARTESIAN_POINT('',(-0.026526407214031,0.0680516325909951,0.180952579749868));
#1238=CARTESIAN_POINT('',(-0.0244328400530356,0.0688230612925353,0.180031616920433));
#1239=CARTESIAN_POINT('',(-0.0235538048504236,0.0691208620665492,0.177799441412241));
#1240=CARTESIAN_POINT('',(-0.0244321747140593,0.0688232636889832,0.175570617430601));
#1241=CARTESIAN_POINT('',(-0.0238467056947983,0.0690216288746193,0.1778));
#1242=CARTESIAN_POINT('',(-0.0244328400530356,0.0688230612925353,0.103831616920433));
#1243=CARTESIAN_POINT('',(-0.0235538048504236,0.0691208620665492,0.101599441412241));
#1244=CARTESIAN_POINT('',(-0.0244321747140593,0.0688232636889832,0.0993706174306012));
#1245=CARTESIAN_POINT('',(-0.0265211894797767,0.0680536464845611,0.0984479531348137));
#1246=CARTESIAN_POINT('',(-0.0285850553742364,0.0672047007176533,0.0993687755176675));
#1247=CARTESIAN_POINT('',(-0.029430408475526,0.0668305587183884,0.101599598467824));
#1248=CARTESIAN_POINT('',(-0.0285878343076283,0.0672034816295165,0.103826859572952));
#1249=CARTESIAN_POINT('',(-0.026526407214031,0.0680516325909951,0.104752579749868));
#1250=CARTESIAN_POINT('',(-0.0244328400530356,0.0688230612925353,0.103831616920433));
#1251=CARTESIAN_POINT('',(-0.0235538048504236,0.0691208620665492,0.101599441412241));
#1252=CARTESIAN_POINT('',(-0.0244321747140593,0.0688232636889832,0.0993706174306012));
#1253=CARTESIAN_POINT('',(-0.0238467056947983,0.0690216288746193,0.1016));
#1254=CARTESIAN_POINT('',(0.,4.47149162538678E-18,0.2032));
#1255=CARTESIAN_POINT('',(0.073025,4.47149162538678E-18,0.2032));
#1256=CARTESIAN_POINT('',(0.,4.47149162538678E-18,-0.0762));
#1257=CARTESIAN_POINT('',(0.073025,4.47149162538678E-18,-0.0762));
#1258=CARTESIAN_POINT('',(-0.0244328400530356,0.0688230612925353,0.027631616920433));
#1259=CARTESIAN_POINT('',(-0.0235538048504236,0.0691208620665492,0.0253994414122415));
#1260=CARTESIAN_POINT('',(-0.0244321747140593,0.0688232636889832,0.0231706174306012));
#1261=CARTESIAN_POINT('',(-0.0265211894797767,0.0680536464845611,0.0222479531348137));
#1262=CARTESIAN_POINT('',(-0.0285850553742364,0.0672047007176532,0.0231687755176675));
#1263=CARTESIAN_POINT('',(-0.029430408475526,0.0668305587183884,0.0253995984678239));
#1264=CARTESIAN_POINT('',(-0.0285878343076283,0.0672034816295165,0.0276268595729525));
#1265=CARTESIAN_POINT('',(-0.0265264072140311,0.0680516325909951,0.0285525797498682));
#1266=CARTESIAN_POINT('',(-0.0244328400530356,0.0688230612925353,0.027631616920433));
#1267=CARTESIAN_POINT('',(-0.0235538048504236,0.0691208620665492,0.0253994414122415));
#1268=CARTESIAN_POINT('',(-0.0244321747140593,0.0688232636889832,0.0231706174306012));
#1269=CARTESIAN_POINT('',(-0.0238467056947983,0.0690216288746193,0.0254));
#1270=CARTESIAN_POINT('',(0.0290409816813411,0.0670089433277301,0.103832045432647));
#1271=CARTESIAN_POINT('',(0.0298855538798843,0.0666282828557498,0.101599423364075));
#1272=CARTESIAN_POINT('',(0.0290416410310824,0.0670086223788036,0.0993702611110523));
#1273=CARTESIAN_POINT('',(0.0269883040364772,0.067869754066316,0.0984478889336316));
#1274=CARTESIAN_POINT('',(0.0249001815882334,0.0686553570260122,0.0993693841890777));
#1275=CARTESIAN_POINT('',(0.0240255121538213,0.0689583069221518,0.101599548560085));
#1276=CARTESIAN_POINT('',(0.0248973277452794,0.0686563553371079,0.103826279605705));
#1277=CARTESIAN_POINT('',(0.0269830520070855,0.0678718616813668,0.104752615679982));
#1278=CARTESIAN_POINT('',(0.0290409816813411,0.0670089433277301,0.103832045432647));
#1279=CARTESIAN_POINT('',(0.0298855538798843,0.0666282828557498,0.101599423364075));
#1280=CARTESIAN_POINT('',(0.0290416410310824,0.0670086223788036,0.0993702611110523));
#1281=CARTESIAN_POINT('',(0.0296041397053268,0.0667551161882555,0.1016));
#1282=CARTESIAN_POINT('',(0.0290409816813411,0.0670089433277301,0.180032045432647));
#1283=CARTESIAN_POINT('',(0.0298855538798843,0.0666282828557499,0.177799423364075));
#1284=CARTESIAN_POINT('',(0.0290416410310824,0.0670086223788035,0.175570261111052));
#1285=CARTESIAN_POINT('',(0.0269883040364772,0.0678697540663159,0.174647888933632));
#1286=CARTESIAN_POINT('',(0.0249001815882334,0.0686553570260122,0.175569384189078));
#1287=CARTESIAN_POINT('',(0.0240255121538213,0.0689583069221518,0.177799548560085));
#1288=CARTESIAN_POINT('',(0.0248973277452794,0.0686563553371078,0.180026279605705));
#1289=CARTESIAN_POINT('',(0.0269830520070855,0.0678718616813668,0.180952615679982));
#1290=CARTESIAN_POINT('',(0.0290409816813411,0.0670089433277301,0.180032045432647));
#1291=CARTESIAN_POINT('',(0.0298855538798843,0.0666282828557499,0.177799423364075));
#1292=CARTESIAN_POINT('',(0.0290416410310824,0.0670086223788035,0.175570261111052));
#1293=CARTESIAN_POINT('',(0.0296041397053268,0.0667551161882555,0.1778));
#1294=CARTESIAN_POINT('',(-0.0718189394720669,0.0132520704737369,0.103831616920433));
#1295=CARTESIAN_POINT('',(-0.0716373249063237,0.0141622376770266,0.101599441412241));
#1296=CARTESIAN_POINT('',(-0.0718187820830442,0.0132527478724164,0.0993706174306012));
#1297=CARTESIAN_POINT('',(-0.0721967814156838,0.0110587994142133,0.0984479531348137));
#1298=CARTESIAN_POINT('',(-0.0724935057623362,0.00884696623615301,0.0993687755176675));
#1299=CARTESIAN_POINT('',(-0.072592165836995,0.00792779797563584,0.101599598467824));
#1300=CARTESIAN_POINT('',(-0.0724938394677363,0.00884395006517185,0.103826859572952));
#1301=CARTESIAN_POINT('',(-0.0721976461998223,0.0110532737770159,0.104752579749868));
#1302=CARTESIAN_POINT('',(-0.0718189394720669,0.0132520704737369,0.103831616920433));
#1303=CARTESIAN_POINT('',(-0.0716373249063237,0.0141622376770266,0.101599441412241));
#1304=CARTESIAN_POINT('',(-0.0718187820830442,0.0132527478724164,0.0993706174306012));
#1305=CARTESIAN_POINT('',(-0.071697836863401,0.0138589615090433,0.1016));
#1306=CARTESIAN_POINT('',(-0.0718189394720669,0.0132520704737369,0.027631616920433));
#1307=CARTESIAN_POINT('',(-0.0716373249063238,0.0141622376770266,0.0253994414122415));
#1308=CARTESIAN_POINT('',(-0.0718187820830442,0.0132527478724164,0.0231706174306012));
#1309=CARTESIAN_POINT('',(-0.0721967814156838,0.0110587994142133,0.0222479531348137));
#1310=CARTESIAN_POINT('',(-0.0724935057623362,0.00884696623615302,0.0231687755176675));
#1311=CARTESIAN_POINT('',(-0.072592165836995,0.00792779797563583,0.0253995984678239));
#1312=CARTESIAN_POINT('',(-0.0724938394677363,0.00884395006517187,0.0276268595729525));
#1313=CARTESIAN_POINT('',(-0.0721976461998223,0.0110532737770158,0.0285525797498682));
#1314=CARTESIAN_POINT('',(-0.0718189394720669,0.0132520704737369,0.027631616920433));
#1315=CARTESIAN_POINT('',(-0.0716373249063238,0.0141622376770266,0.0253994414122415));
#1316=CARTESIAN_POINT('',(-0.0718187820830442,0.0132527478724164,0.0231706174306012));
#1317=CARTESIAN_POINT('',(-0.071697836863401,0.0138589615090433,0.0254));
#1318=CARTESIAN_POINT('',(-0.0718189394720668,0.0132520704737369,0.180031616920433));
#1319=CARTESIAN_POINT('',(-0.0716373249063238,0.0141622376770266,0.177799441412241));
#1320=CARTESIAN_POINT('',(-0.0718187820830442,0.0132527478724164,0.175570617430601));
#1321=CARTESIAN_POINT('',(-0.0721967814156838,0.0110587994142133,0.174647953134814));
#1322=CARTESIAN_POINT('',(-0.0724935057623362,0.00884696623615305,0.175568775517668));
#1323=CARTESIAN_POINT('',(-0.072592165836995,0.00792779797563583,0.177799598467824));
#1324=CARTESIAN_POINT('',(-0.0724938394677363,0.00884395006517186,0.180026859572953));
#1325=CARTESIAN_POINT('',(-0.0721976461998223,0.0110532737770159,0.180952579749868));
#1326=CARTESIAN_POINT('',(-0.0718189394720668,0.0132520704737369,0.180031616920433));
#1327=CARTESIAN_POINT('',(-0.0716373249063238,0.0141622376770266,0.177799441412241));
#1328=CARTESIAN_POINT('',(-0.0718187820830442,0.0132527478724164,0.175570617430601));
#1329=CARTESIAN_POINT('',(-0.071697836863401,0.0138589615090433,0.1778));
#1330=CARTESIAN_POINT('',(-0.0435109563618955,0.0586546995507449,0.103832045432647));
#1331=CARTESIAN_POINT('',(-0.0427590086236724,0.0591957902940233,0.101599423364075));
#1332=CARTESIAN_POINT('',(-0.0435103487371012,0.0586551100899076,0.0993702611110523));
#1333=CARTESIAN_POINT('',(-0.0452827791517933,0.0573074339338053,0.0984478889336316));
#1334=CARTESIAN_POINT('',(-0.0470071924963004,0.0558918683272618,0.0993693841890777));
#1335=CARTESIAN_POINT('',(-0.0477068895196372,0.0552858573252169,0.101599548560085));
#1336=CARTESIAN_POINT('',(-0.0470094839805471,0.055889895982313,0.103826279605705));
#1337=CARTESIAN_POINT('',(-0.0452872304146646,0.0573039393504561,0.104752615679982));
#1338=CARTESIAN_POINT('',(-0.0435109563618955,0.0586546995507449,0.103832045432647));
#1339=CARTESIAN_POINT('',(-0.0427590086236724,0.0591957902940233,0.101599423364075));
#1340=CARTESIAN_POINT('',(-0.0435103487371012,0.0586551100899076,0.0993702611110523));
#1341=CARTESIAN_POINT('',(-0.0430095565989477,0.0590154951361243,0.1016));
#1342=CARTESIAN_POINT('',(-0.0435109563618956,0.0586546995507448,0.0276320454326469));
#1343=CARTESIAN_POINT('',(-0.0427590086236723,0.0591957902940234,0.0253994233640752));
#1344=CARTESIAN_POINT('',(-0.0435103487371013,0.0586551100899075,0.0231702611110523));
#1345=CARTESIAN_POINT('',(-0.0452827791517934,0.0573074339338053,0.0222478889336316));
#1346=CARTESIAN_POINT('',(-0.0470071924963004,0.0558918683272617,0.0231693841890777));
#1347=CARTESIAN_POINT('',(-0.0477068895196373,0.0552858573252168,0.0253995485600852));
#1348=CARTESIAN_POINT('',(-0.0470094839805472,0.0558898959823129,0.0276262796057047));
#1349=CARTESIAN_POINT('',(-0.0452872304146646,0.0573039393504561,0.0285526156799817));
#1350=CARTESIAN_POINT('',(-0.0435109563618956,0.0586546995507448,0.0276320454326469));
#1351=CARTESIAN_POINT('',(-0.0427590086236723,0.0591957902940234,0.0253994233640752));
#1352=CARTESIAN_POINT('',(-0.0435103487371013,0.0586551100899075,0.0231702611110523));
#1353=CARTESIAN_POINT('',(-0.0430095565989477,0.0590154951361243,0.0254));
#1354=CARTESIAN_POINT('',(-0.0435109563618955,0.0586546995507449,0.180032045432647));
#1355=CARTESIAN_POINT('',(-0.0427590086236724,0.0591957902940233,0.177799423364075));
#1356=CARTESIAN_POINT('',(-0.0435103487371012,0.0586551100899076,0.175570261111052));
#1357=CARTESIAN_POINT('',(-0.0452827791517933,0.0573074339338053,0.174647888933632));
#1358=CARTESIAN_POINT('',(-0.0470071924963003,0.0558918683272617,0.175569384189078));
#1359=CARTESIAN_POINT('',(-0.0477068895196372,0.0552858573252169,0.177799548560085));
#1360=CARTESIAN_POINT('',(-0.0470094839805471,0.055889895982313,0.180026279605705));
#1361=CARTESIAN_POINT('',(-0.0452872304146646,0.0573039393504561,0.180952615679982));
#1362=CARTESIAN_POINT('',(-0.0435109563618955,0.0586546995507449,0.180032045432647));
#1363=CARTESIAN_POINT('',(-0.0427590086236724,0.0591957902940233,0.177799423364075));
#1364=CARTESIAN_POINT('',(-0.0435103487371012,0.0586551100899076,0.175570261111052));
#1365=CARTESIAN_POINT('',(-0.0430095565989477,0.0590154951361243,0.1778));
#1366=CARTESIAN_POINT('',(-0.0473860994190314,-0.0555709908187984,0.103831616920433));
#1367=CARTESIAN_POINT('',(-0.0480835200559,-0.0549586243895226,0.101599441412241));
#1368=CARTESIAN_POINT('',(-0.047386607368985,-0.0555705158165667,0.0993706174306012));
#1369=CARTESIAN_POINT('',(-0.0456755919359071,-0.0569948470703477,0.0984479531348136));
#1370=CARTESIAN_POINT('',(-0.0439084503880999,-0.0583577344815002,0.0993687755176676));
#1371=CARTESIAN_POINT('',(-0.043161757361469,-0.0589027607427526,0.101599598467824));
#1372=CARTESIAN_POINT('',(-0.0439060051601081,-0.0583595315643446,0.103826859572953));
#1373=CARTESIAN_POINT('',(-0.0456712389857913,-0.0569983588139791,0.104752579749868));
#1374=CARTESIAN_POINT('',(-0.0473860994190314,-0.0555709908187984,0.103831616920433));
#1375=CARTESIAN_POINT('',(-0.0480835200559,-0.0549586243895226,0.101599441412241));
#1376=CARTESIAN_POINT('',(-0.047386607368985,-0.0555705158165667,0.0993706174306012));
#1377=CARTESIAN_POINT('',(-0.0478511311686027,-0.055162667365576,0.1016));
#1378=CARTESIAN_POINT('',(-0.0473860994190313,-0.0555709908187983,0.027631616920433));
#1379=CARTESIAN_POINT('',(-0.0480835200559,-0.0549586243895226,0.0253994414122415));
#1380=CARTESIAN_POINT('',(-0.047386607368985,-0.0555705158165667,0.0231706174306012));
#1381=CARTESIAN_POINT('',(-0.0456755919359071,-0.0569948470703477,0.0222479531348137));
#1382=CARTESIAN_POINT('',(-0.0439084503880999,-0.0583577344815002,0.0231687755176676));
#1383=CARTESIAN_POINT('',(-0.043161757361469,-0.0589027607427525,0.0253995984678239));
#1384=CARTESIAN_POINT('',(-0.0439060051601081,-0.0583595315643446,0.0276268595729525));
#1385=CARTESIAN_POINT('',(-0.0456712389857913,-0.0569983588139792,0.0285525797498682));
#1386=CARTESIAN_POINT('',(-0.0473860994190313,-0.0555709908187983,0.027631616920433));
#1387=CARTESIAN_POINT('',(-0.0480835200559,-0.0549586243895226,0.0253994414122415));
#1388=CARTESIAN_POINT('',(-0.047386607368985,-0.0555705158165667,0.0231706174306012));
#1389=CARTESIAN_POINT('',(-0.0478511311686027,-0.055162667365576,0.0254));
#1390=CARTESIAN_POINT('',(-0.0473860994190313,-0.0555709908187984,0.180031616920433));
#1391=CARTESIAN_POINT('',(-0.0480835200559,-0.0549586243895226,0.177799441412241));
#1392=CARTESIAN_POINT('',(-0.047386607368985,-0.0555705158165667,0.175570617430601));
#1393=CARTESIAN_POINT('',(-0.0456755919359071,-0.0569948470703477,0.174647953134814));
#1394=CARTESIAN_POINT('',(-0.0439084503880999,-0.0583577344815002,0.175568775517668));
#1395=CARTESIAN_POINT('',(-0.0431617573614691,-0.0589027607427526,0.177799598467824));
#1396=CARTESIAN_POINT('',(-0.043906005160108,-0.0583595315643446,0.180026859572953));
#1397=CARTESIAN_POINT('',(-0.0456712389857913,-0.0569983588139791,0.180952579749868));
#1398=CARTESIAN_POINT('',(-0.0473860994190313,-0.0555709908187984,0.180031616920433));
#1399=CARTESIAN_POINT('',(-0.0480835200559,-0.0549586243895226,0.177799441412241));
#1400=CARTESIAN_POINT('',(-0.047386607368985,-0.0555705158165667,0.175570617430601));
#1401=CARTESIAN_POINT('',(-0.0478511311686027,-0.055162667365576,0.1778));
#1402=CARTESIAN_POINT('',(-0.0725519380432365,-0.00835424377698515,0.103832045432647));
#1403=CARTESIAN_POINT('',(-0.0726445625035568,-0.0074324925617265,0.101599423364075));
#1404=CARTESIAN_POINT('',(-0.0725519897681835,-0.00835351228889594,0.0993702611110523));
#1405=CARTESIAN_POINT('',(-0.0722710831882704,-0.0105623201325107,0.0984478889336316));
#1406=CARTESIAN_POINT('',(-0.0719073740845337,-0.0127634886987504,0.0993693841890777));
#1407=CARTESIAN_POINT('',(-0.0717324016734584,-0.0136724495969349,0.101599548560085));
#1408=CARTESIAN_POINT('',(-0.0719068117258264,-0.0127664593547949,0.103826279605705));
#1409=CARTESIAN_POINT('',(-0.0722702824217501,-0.0105679223309107,0.104752615679982));
#1410=CARTESIAN_POINT('',(-0.0725519380432365,-0.00835424377698515,0.103832045432647));
#1411=CARTESIAN_POINT('',(-0.0726445625035568,-0.0074324925617265,0.101599423364075));
#1412=CARTESIAN_POINT('',(-0.0725519897681835,-0.00835351228889594,0.0993702611110523));
#1413=CARTESIAN_POINT('',(-0.0726136963042745,-0.00773962105213118,0.1016));
#1414=CARTESIAN_POINT('',(-0.0725519380432365,-0.00835424377698515,0.0276320454326469));
#1415=CARTESIAN_POINT('',(-0.0726445625035567,-0.00743249256172651,0.0253994233640752));
#1416=CARTESIAN_POINT('',(-0.0725519897681835,-0.00835351228889595,0.0231702611110523));
#1417=CARTESIAN_POINT('',(-0.0722710831882704,-0.0105623201325107,0.0222478889336316));
#1418=CARTESIAN_POINT('',(-0.0719073740845337,-0.0127634886987505,0.0231693841890777));
#1419=CARTESIAN_POINT('',(-0.0717324016734584,-0.0136724495969349,0.0253995485600852));
#1420=CARTESIAN_POINT('',(-0.0719068117258264,-0.0127664593547949,0.0276262796057047));
#1421=CARTESIAN_POINT('',(-0.07227028242175,-0.0105679223309107,0.0285526156799817));
#1422=CARTESIAN_POINT('',(-0.0725519380432365,-0.00835424377698515,0.0276320454326469));
#1423=CARTESIAN_POINT('',(-0.0726445625035567,-0.00743249256172651,0.0253994233640752));
#1424=CARTESIAN_POINT('',(-0.0725519897681835,-0.00835351228889595,0.0231702611110523));
#1425=CARTESIAN_POINT('',(-0.0726136963042745,-0.00773962105213119,0.0254));
#1426=CARTESIAN_POINT('',(-0.0725519380432365,-0.00835424377698511,0.180032045432647));
#1427=CARTESIAN_POINT('',(-0.0726445625035567,-0.00743249256172649,0.177799423364075));
#1428=CARTESIAN_POINT('',(-0.0725519897681835,-0.00835351228889594,0.175570261111052));
#1429=CARTESIAN_POINT('',(-0.0722710831882705,-0.0105623201325107,0.174647888933632));
#1430=CARTESIAN_POINT('',(-0.0719073740845337,-0.0127634886987505,0.175569384189078));
#1431=CARTESIAN_POINT('',(-0.0717324016734584,-0.0136724495969349,0.177799548560085));
#1432=CARTESIAN_POINT('',(-0.0719068117258264,-0.0127664593547949,0.180026279605705));
#1433=CARTESIAN_POINT('',(-0.07227028242175,-0.0105679223309107,0.180952615679982));
#1434=CARTESIAN_POINT('',(-0.0725519380432365,-0.00835424377698511,0.180032045432647));
#1435=CARTESIAN_POINT('',(-0.0726445625035567,-0.00743249256172649,0.177799423364075));
#1436=CARTESIAN_POINT('',(-0.0725519897681835,-0.00835351228889594,0.175570261111052));
#1437=CARTESIAN_POINT('',(-0.0726136963042745,-0.00773962105213117,0.1778));
#1438=CARTESIAN_POINT('',(0.0244328400530356,-0.0688230612925353,0.103831616920433));
#1439=CARTESIAN_POINT('',(0.0235538048504236,-0.0691208620665492,0.101599441412241));
#1440=CARTESIAN_POINT('',(0.0244321747140593,-0.0688232636889832,0.0993706174306012));
#1441=CARTESIAN_POINT('',(0.0265211894797767,-0.068053646484561,0.0984479531348137));
#1442=CARTESIAN_POINT('',(0.0285850553742364,-0.0672047007176532,0.0993687755176675));
#1443=CARTESIAN_POINT('',(0.029430408475526,-0.0668305587183885,0.101599598467824));
#1444=CARTESIAN_POINT('',(0.0285878343076283,-0.0672034816295165,0.103826859572952));
#1445=CARTESIAN_POINT('',(0.026526407214031,-0.0680516325909951,0.104752579749868));
#1446=CARTESIAN_POINT('',(0.0244328400530356,-0.0688230612925353,0.103831616920433));
#1447=CARTESIAN_POINT('',(0.0235538048504236,-0.0691208620665492,0.101599441412241));
#1448=CARTESIAN_POINT('',(0.0244321747140593,-0.0688232636889832,0.0993706174306012));
#1449=CARTESIAN_POINT('',(0.0238467056947983,-0.0690216288746193,0.1016));
#1450=CARTESIAN_POINT('',(0.0244328400530356,-0.0688230612925353,0.027631616920433));
#1451=CARTESIAN_POINT('',(0.0235538048504236,-0.0691208620665492,0.0253994414122415));
#1452=CARTESIAN_POINT('',(0.0244321747140593,-0.0688232636889832,0.0231706174306012));
#1453=CARTESIAN_POINT('',(0.0265211894797767,-0.0680536464845611,0.0222479531348137));
#1454=CARTESIAN_POINT('',(0.0285850553742364,-0.0672047007176532,0.0231687755176675));
#1455=CARTESIAN_POINT('',(0.029430408475526,-0.0668305587183884,0.0253995984678239));
#1456=CARTESIAN_POINT('',(0.0285878343076283,-0.0672034816295165,0.0276268595729525));
#1457=CARTESIAN_POINT('',(0.0265264072140311,-0.0680516325909951,0.0285525797498682));
#1458=CARTESIAN_POINT('',(0.0244328400530356,-0.0688230612925353,0.027631616920433));
#1459=CARTESIAN_POINT('',(0.0235538048504236,-0.0691208620665492,0.0253994414122415));
#1460=CARTESIAN_POINT('',(0.0244321747140593,-0.0688232636889832,0.0231706174306012));
#1461=CARTESIAN_POINT('',(0.0238467056947982,-0.0690216288746193,0.0254));
#1462=CARTESIAN_POINT('',(0.0244328400530356,-0.0688230612925353,0.180031616920433));
#1463=CARTESIAN_POINT('',(0.0235538048504237,-0.0691208620665492,0.177799441412241));
#1464=CARTESIAN_POINT('',(0.0244321747140593,-0.0688232636889832,0.175570617430601));
#1465=CARTESIAN_POINT('',(0.0265211894797767,-0.068053646484561,0.174647953134814));
#1466=CARTESIAN_POINT('',(0.0285850553742364,-0.0672047007176533,0.175568775517668));
#1467=CARTESIAN_POINT('',(0.029430408475526,-0.0668305587183884,0.177799598467824));
#1468=CARTESIAN_POINT('',(0.0285878343076283,-0.0672034816295165,0.180026859572953));
#1469=CARTESIAN_POINT('',(0.0265264072140311,-0.0680516325909951,0.180952579749868));
#1470=CARTESIAN_POINT('',(0.0244328400530356,-0.0688230612925353,0.180031616920433));
#1471=CARTESIAN_POINT('',(0.0235538048504237,-0.0691208620665492,0.177799441412241));
#1472=CARTESIAN_POINT('',(0.0244321747140593,-0.0688232636889832,0.175570617430601));
#1473=CARTESIAN_POINT('',(0.0238467056947982,-0.0690216288746193,0.1778));
#1474=CARTESIAN_POINT('',(-0.0290409816813411,-0.06700894332773,0.103832045432647));
#1475=CARTESIAN_POINT('',(-0.0298855538798843,-0.0666282828557498,0.101599423364075));
#1476=CARTESIAN_POINT('',(-0.0290416410310824,-0.0670086223788035,0.0993702611110523));
#1477=CARTESIAN_POINT('',(-0.0269883040364772,-0.0678697540663159,0.0984478889336316));
#1478=CARTESIAN_POINT('',(-0.0249001815882334,-0.0686553570260122,0.0993693841890777));
#1479=CARTESIAN_POINT('',(-0.0240255121538213,-0.0689583069221518,0.101599548560085));
#1480=CARTESIAN_POINT('',(-0.0248973277452794,-0.0686563553371079,0.103826279605705));
#1481=CARTESIAN_POINT('',(-0.0269830520070856,-0.0678718616813668,0.104752615679982));
#1482=CARTESIAN_POINT('',(-0.0290409816813411,-0.06700894332773,0.103832045432647));
#1483=CARTESIAN_POINT('',(-0.0298855538798843,-0.0666282828557498,0.101599423364075));
#1484=CARTESIAN_POINT('',(-0.0290416410310824,-0.0670086223788035,0.0993702611110523));
#1485=CARTESIAN_POINT('',(-0.0296041397053268,-0.0667551161882555,0.1016));
#1486=CARTESIAN_POINT('',(-0.0290409816813412,-0.0670089433277301,0.0276320454326469));
#1487=CARTESIAN_POINT('',(-0.0298855538798842,-0.0666282828557498,0.0253994233640752));
#1488=CARTESIAN_POINT('',(-0.0290416410310824,-0.0670086223788035,0.0231702611110523));
#1489=CARTESIAN_POINT('',(-0.0269883040364772,-0.067869754066316,0.0222478889336316));
#1490=CARTESIAN_POINT('',(-0.0249001815882334,-0.0686553570260122,0.0231693841890777));
#1491=CARTESIAN_POINT('',(-0.0240255121538213,-0.0689583069221518,0.0253995485600852));
#1492=CARTESIAN_POINT('',(-0.0248973277452794,-0.0686563553371078,0.0276262796057047));
#1493=CARTESIAN_POINT('',(-0.0269830520070855,-0.0678718616813668,0.0285526156799817));
#1494=CARTESIAN_POINT('',(-0.0290409816813412,-0.0670089433277301,0.0276320454326469));
#1495=CARTESIAN_POINT('',(-0.0298855538798842,-0.0666282828557498,0.0253994233640752));
#1496=CARTESIAN_POINT('',(-0.0290416410310824,-0.0670086223788035,0.0231702611110523));
#1497=CARTESIAN_POINT('',(-0.0296041397053268,-0.0667551161882555,0.0254));
#1498=CARTESIAN_POINT('',(-0.0290409816813411,-0.0670089433277301,0.180032045432647));
#1499=CARTESIAN_POINT('',(-0.0298855538798843,-0.0666282828557498,0.177799423364075));
#1500=CARTESIAN_POINT('',(-0.0290416410310824,-0.0670086223788036,0.175570261111052));
#1501=CARTESIAN_POINT('',(-0.0269883040364772,-0.067869754066316,0.174647888933632));
#1502=CARTESIAN_POINT('',(-0.0249001815882334,-0.0686553570260122,0.175569384189078));
#1503=CARTESIAN_POINT('',(-0.0240255121538213,-0.0689583069221518,0.177799548560085));
#1504=CARTESIAN_POINT('',(-0.0248973277452794,-0.0686563553371078,0.180026279605705));
#1505=CARTESIAN_POINT('',(-0.0269830520070855,-0.0678718616813668,0.180952615679982));
#1506=CARTESIAN_POINT('',(-0.0290409816813411,-0.0670089433277301,0.180032045432647));
#1507=CARTESIAN_POINT('',(-0.0298855538798843,-0.0666282828557498,0.177799423364075));
#1508=CARTESIAN_POINT('',(-0.0290416410310824,-0.0670086223788036,0.175570261111052));
#1509=CARTESIAN_POINT('',(-0.0296041397053268,-0.0667551161882555,0.1778));
#1510=CARTESIAN_POINT('',(0.0718189394720668,-0.0132520704737369,0.103831616920433));
#1511=CARTESIAN_POINT('',(0.0716373249063238,-0.0141622376770266,0.101599441412241));
#1512=CARTESIAN_POINT('',(0.0718187820830441,-0.0132527478724165,0.0993706174306012));
#1513=CARTESIAN_POINT('',(0.0721967814156838,-0.0110587994142134,0.0984479531348137));
#1514=CARTESIAN_POINT('',(0.0724935057623362,-0.00884696623615307,0.0993687755176676));
#1515=CARTESIAN_POINT('',(0.072592165836995,-0.0079277979756359,0.101599598467824));
#1516=CARTESIAN_POINT('',(0.0724938394677363,-0.00884395006517191,0.103826859572952));
#1517=CARTESIAN_POINT('',(0.0721976461998223,-0.0110532737770159,0.104752579749868));
#1518=CARTESIAN_POINT('',(0.0718189394720668,-0.0132520704737369,0.103831616920433));
#1519=CARTESIAN_POINT('',(0.0716373249063238,-0.0141622376770266,0.101599441412241));
#1520=CARTESIAN_POINT('',(0.0718187820830441,-0.0132527478724165,0.0993706174306012));
#1521=CARTESIAN_POINT('',(0.071697836863401,-0.0138589615090433,0.1016));
#1522=CARTESIAN_POINT('',(0.0718189394720668,-0.013252070473737,0.027631616920433));
#1523=CARTESIAN_POINT('',(0.0716373249063238,-0.0141622376770266,0.0253994414122415));
#1524=CARTESIAN_POINT('',(0.0718187820830441,-0.0132527478724165,0.0231706174306012));
#1525=CARTESIAN_POINT('',(0.0721967814156838,-0.0110587994142134,0.0222479531348137));
#1526=CARTESIAN_POINT('',(0.0724935057623362,-0.00884696623615308,0.0231687755176676));
#1527=CARTESIAN_POINT('',(0.072592165836995,-0.0079277979756359,0.0253995984678239));
#1528=CARTESIAN_POINT('',(0.0724938394677362,-0.00884395006517194,0.0276268595729525));
#1529=CARTESIAN_POINT('',(0.0721976461998223,-0.0110532737770159,0.0285525797498682));
#1530=CARTESIAN_POINT('',(0.0718189394720668,-0.013252070473737,0.027631616920433));
#1531=CARTESIAN_POINT('',(0.0716373249063238,-0.0141622376770266,0.0253994414122415));
#1532=CARTESIAN_POINT('',(0.0718187820830441,-0.0132527478724165,0.0231706174306012));
#1533=CARTESIAN_POINT('',(0.071697836863401,-0.0138589615090433,0.0254));
#1534=CARTESIAN_POINT('',(0.0718189394720668,-0.0132520704737369,0.180031616920433));
#1535=CARTESIAN_POINT('',(0.0716373249063238,-0.0141622376770266,0.177799441412241));
#1536=CARTESIAN_POINT('',(0.0718187820830441,-0.0132527478724165,0.175570617430601));
#1537=CARTESIAN_POINT('',(0.0721967814156838,-0.0110587994142134,0.174647953134814));
#1538=CARTESIAN_POINT('',(0.0724935057623362,-0.00884696623615312,0.175568775517668));
#1539=CARTESIAN_POINT('',(0.072592165836995,-0.00792779797563589,0.177799598467824));
#1540=CARTESIAN_POINT('',(0.0724938394677363,-0.00884395006517192,0.180026859572953));
#1541=CARTESIAN_POINT('',(0.0721976461998223,-0.0110532737770159,0.180952579749868));
#1542=CARTESIAN_POINT('',(0.0718189394720668,-0.0132520704737369,0.180031616920433));
#1543=CARTESIAN_POINT('',(0.0716373249063238,-0.0141622376770266,0.177799441412241));
#1544=CARTESIAN_POINT('',(0.0718187820830441,-0.0132527478724165,0.175570617430601));
#1545=CARTESIAN_POINT('',(0.071697836863401,-0.0138589615090433,0.1778));
#1546=CARTESIAN_POINT('',(0.0435109563618956,-0.0586546995507449,0.103832045432647));
#1547=CARTESIAN_POINT('',(0.0427590086236723,-0.0591957902940233,0.101599423364075));
#1548=CARTESIAN_POINT('',(0.0435103487371013,-0.0586551100899076,0.0993702611110523));
#1549=CARTESIAN_POINT('',(0.0452827791517933,-0.0573074339338053,0.0984478889336316));
#1550=CARTESIAN_POINT('',(0.0470071924963004,-0.0558918683272617,0.0993693841890777));
#1551=CARTESIAN_POINT('',(0.0477068895196372,-0.0552858573252169,0.101599548560085));
#1552=CARTESIAN_POINT('',(0.0470094839805471,-0.0558898959823129,0.103826279605705));
#1553=CARTESIAN_POINT('',(0.0452872304146645,-0.0573039393504561,0.104752615679982));
#1554=CARTESIAN_POINT('',(0.0435109563618956,-0.0586546995507449,0.103832045432647));
#1555=CARTESIAN_POINT('',(0.0427590086236723,-0.0591957902940233,0.101599423364075));
#1556=CARTESIAN_POINT('',(0.0435103487371013,-0.0586551100899076,0.0993702611110523));
#1557=CARTESIAN_POINT('',(0.0430095565989477,-0.0590154951361243,0.1016));
#1558=CARTESIAN_POINT('',(0.0435109563618956,-0.0586546995507448,0.0276320454326469));
#1559=CARTESIAN_POINT('',(0.0427590086236723,-0.0591957902940234,0.0253994233640752));
#1560=CARTESIAN_POINT('',(0.0435103487371012,-0.0586551100899075,0.0231702611110523));
#1561=CARTESIAN_POINT('',(0.0452827791517933,-0.0573074339338053,0.0222478889336316));
#1562=CARTESIAN_POINT('',(0.0470071924963004,-0.0558918683272617,0.0231693841890777));
#1563=CARTESIAN_POINT('',(0.0477068895196372,-0.0552858573252168,0.0253995485600852));
#1564=CARTESIAN_POINT('',(0.0470094839805471,-0.0558898959823129,0.0276262796057047));
#1565=CARTESIAN_POINT('',(0.0452872304146646,-0.0573039393504561,0.0285526156799817));
#1566=CARTESIAN_POINT('',(0.0435109563618956,-0.0586546995507448,0.0276320454326469));
#1567=CARTESIAN_POINT('',(0.0427590086236723,-0.0591957902940234,0.0253994233640752));
#1568=CARTESIAN_POINT('',(0.0435103487371012,-0.0586551100899075,0.0231702611110523));
#1569=CARTESIAN_POINT('',(0.0430095565989477,-0.0590154951361243,0.0254));
#1570=CARTESIAN_POINT('',(0.0435109563618956,-0.0586546995507449,0.180032045432647));
#1571=CARTESIAN_POINT('',(0.0427590086236723,-0.0591957902940234,0.177799423364075));
#1572=CARTESIAN_POINT('',(0.0435103487371012,-0.0586551100899076,0.175570261111052));
#1573=CARTESIAN_POINT('',(0.0452827791517933,-0.0573074339338052,0.174647888933632));
#1574=CARTESIAN_POINT('',(0.0470071924963004,-0.0558918683272617,0.175569384189078));
#1575=CARTESIAN_POINT('',(0.0477068895196372,-0.0552858573252169,0.177799548560085));
#1576=CARTESIAN_POINT('',(0.0470094839805471,-0.0558898959823129,0.180026279605705));
#1577=CARTESIAN_POINT('',(0.0452872304146646,-0.0573039393504561,0.180952615679982));
#1578=CARTESIAN_POINT('',(0.0435109563618956,-0.0586546995507449,0.180032045432647));
#1579=CARTESIAN_POINT('',(0.0427590086236723,-0.0591957902940234,0.177799423364075));
#1580=CARTESIAN_POINT('',(0.0435103487371012,-0.0586551100899076,0.175570261111052));
#1581=CARTESIAN_POINT('',(0.0430095565989477,-0.0590154951361243,0.1778));
#1582=CARTESIAN_POINT('',(0.0473860994190315,0.0555709908187982,0.103831616920433));
#1583=CARTESIAN_POINT('',(0.0480835200558999,0.0549586243895226,0.101599441412241));
#1584=CARTESIAN_POINT('',(0.0473866073689852,0.0555705158165665,0.0993706174306012));
#1585=CARTESIAN_POINT('',(0.0456755919359072,0.0569948470703476,0.0984479531348137));
#1586=CARTESIAN_POINT('',(0.0439084503881,0.0583577344815001,0.0993687755176675));
#1587=CARTESIAN_POINT('',(0.0431617573614692,0.0589027607427525,0.101599598467824));
#1588=CARTESIAN_POINT('',(0.0439060051601082,0.0583595315643445,0.103826859572953));
#1589=CARTESIAN_POINT('',(0.0456712389857914,0.0569983588139791,0.104752579749868));
#1590=CARTESIAN_POINT('',(0.0473860994190315,0.0555709908187982,0.103831616920433));
#1591=CARTESIAN_POINT('',(0.0480835200558999,0.0549586243895226,0.101599441412241));
#1592=CARTESIAN_POINT('',(0.0473866073689852,0.0555705158165665,0.0993706174306012));
#1593=CARTESIAN_POINT('',(0.0478511311686027,0.0551626673655759,0.1016));
#1594=CARTESIAN_POINT('',(0.0473860994190315,0.0555709908187982,0.027631616920433));
#1595=CARTESIAN_POINT('',(0.0480835200558999,0.0549586243895227,0.0253994414122415));
#1596=CARTESIAN_POINT('',(0.0473866073689851,0.0555705158165665,0.0231706174306012));
#1597=CARTESIAN_POINT('',(0.0456755919359073,0.0569948470703476,0.0222479531348137));
#1598=CARTESIAN_POINT('',(0.0439084503881,0.0583577344815001,0.0231687755176676));
#1599=CARTESIAN_POINT('',(0.0431617573614692,0.0589027607427525,0.0253995984678239));
#1600=CARTESIAN_POINT('',(0.0439060051601082,0.0583595315643445,0.0276268595729525));
#1601=CARTESIAN_POINT('',(0.0456712389857914,0.0569983588139791,0.0285525797498682));
#1602=CARTESIAN_POINT('',(0.0473860994190315,0.0555709908187982,0.027631616920433));
#1603=CARTESIAN_POINT('',(0.0480835200558999,0.0549586243895227,0.0253994414122415));
#1604=CARTESIAN_POINT('',(0.0473866073689851,0.0555705158165665,0.0231706174306012));
#1605=CARTESIAN_POINT('',(0.0478511311686027,0.055162667365576,0.0254));
#1606=CARTESIAN_POINT('',(0.0473860994190315,0.0555709908187983,0.180031616920433));
#1607=CARTESIAN_POINT('',(0.0480835200558999,0.0549586243895226,0.177799441412241));
#1608=CARTESIAN_POINT('',(0.0473866073689852,0.0555705158165665,0.175570617430601));
#1609=CARTESIAN_POINT('',(0.0456755919359072,0.0569948470703476,0.174647953134814));
#1610=CARTESIAN_POINT('',(0.0439084503881,0.0583577344815001,0.175568775517668));
#1611=CARTESIAN_POINT('',(0.0431617573614692,0.0589027607427525,0.177799598467824));
#1612=CARTESIAN_POINT('',(0.0439060051601082,0.0583595315643445,0.180026859572953));
#1613=CARTESIAN_POINT('',(0.0456712389857914,0.0569983588139791,0.180952579749868));
#1614=CARTESIAN_POINT('',(0.0473860994190315,0.0555709908187983,0.180031616920433));
#1615=CARTESIAN_POINT('',(0.0480835200558999,0.0549586243895226,0.177799441412241));
#1616=CARTESIAN_POINT('',(0.0473866073689852,0.0555705158165665,0.175570617430601));
#1617=CARTESIAN_POINT('',(0.0478511311686027,0.0551626673655759,0.1778));
#1618=CARTESIAN_POINT('',(0.0725519380432365,0.00835424377698512,0.103832045432647));
#1619=CARTESIAN_POINT('',(0.0726445625035568,0.00743249256172645,0.101599423364075));
#1620=CARTESIAN_POINT('',(0.0725519897681835,0.00835351228889594,0.0993702611110523));
#1621=CARTESIAN_POINT('',(0.0722710831882704,0.0105623201325106,0.0984478889336316));
#1622=CARTESIAN_POINT('',(0.0719073740845337,0.0127634886987504,0.0993693841890777));
#1623=CARTESIAN_POINT('',(0.0717324016734584,0.0136724495969349,0.101599548560085));
#1624=CARTESIAN_POINT('',(0.0719068117258264,0.0127664593547948,0.103826279605705));
#1625=CARTESIAN_POINT('',(0.07227028242175,0.0105679223309107,0.104752615679982));
#1626=CARTESIAN_POINT('',(0.0725519380432365,0.00835424377698512,0.103832045432647));
#1627=CARTESIAN_POINT('',(0.0726445625035568,0.00743249256172645,0.101599423364075));
#1628=CARTESIAN_POINT('',(0.0725519897681835,0.00835351228889594,0.0993702611110523));
#1629=CARTESIAN_POINT('',(0.0726136963042745,0.00773962105213115,0.1016));
#1630=CARTESIAN_POINT('',(0.0725519380432366,0.00835424377698511,0.0276320454326469));
#1631=CARTESIAN_POINT('',(0.0726445625035566,0.00743249256172646,0.0253994233640752));
#1632=CARTESIAN_POINT('',(0.0725519897681836,0.00835351228889593,0.0231702611110523));
#1633=CARTESIAN_POINT('',(0.0722710831882704,0.0105623201325106,0.0222478889336316));
#1634=CARTESIAN_POINT('',(0.0719073740845337,0.0127634886987504,0.0231693841890777));
#1635=CARTESIAN_POINT('',(0.0717324016734584,0.0136724495969349,0.0253995485600852));
#1636=CARTESIAN_POINT('',(0.0719068117258264,0.0127664593547948,0.0276262796057047));
#1637=CARTESIAN_POINT('',(0.07227028242175,0.0105679223309106,0.0285526156799817));
#1638=CARTESIAN_POINT('',(0.0725519380432366,0.00835424377698511,0.0276320454326469));
#1639=CARTESIAN_POINT('',(0.0726445625035566,0.00743249256172646,0.0253994233640752));
#1640=CARTESIAN_POINT('',(0.0725519897681836,0.00835351228889593,0.0231702611110523));
#1641=CARTESIAN_POINT('',(0.0726136963042745,0.00773962105213116,0.0254));
#1642=CARTESIAN_POINT('',(0.0725519380432365,0.00835424377698512,0.180032045432647));
#1643=CARTESIAN_POINT('',(0.0726445625035567,0.00743249256172646,0.177799423364075));
#1644=CARTESIAN_POINT('',(0.0725519897681835,0.00835351228889591,0.175570261111052));
#1645=CARTESIAN_POINT('',(0.0722710831882704,0.0105623201325106,0.174647888933632));
#1646=CARTESIAN_POINT('',(0.0719073740845337,0.0127634886987504,0.175569384189078));
#1647=CARTESIAN_POINT('',(0.0717324016734584,0.0136724495969349,0.177799548560085));
#1648=CARTESIAN_POINT('',(0.0719068117258264,0.0127664593547948,0.180026279605705));
#1649=CARTESIAN_POINT('',(0.07227028242175,0.0105679223309107,0.180952615679982));
#1650=CARTESIAN_POINT('',(0.0725519380432365,0.00835424377698512,0.180032045432647));
#1651=CARTESIAN_POINT('',(0.0726445625035567,0.00743249256172646,0.177799423364075));
#1652=CARTESIAN_POINT('',(0.0725519897681835,0.00835351228889591,0.175570261111052));
#1653=CARTESIAN_POINT('',(0.0726136963042745,0.00773962105213114,0.1778));
#1654=CARTESIAN_POINT('',(0.,3.53831076443649E-18,0.2032));
#1655=CARTESIAN_POINT('',(0.,3.53831076443649E-18,0.2032));
#1656=CARTESIAN_POINT('',(0.057785,3.53831076443649E-18,0.2032));
#1657=CARTESIAN_POINT('',(0.,3.53831076443649E-18,0.));
#1658=CARTESIAN_POINT('',(0.057785,3.53831076443649E-18,0.));
#1659=CARTESIAN_POINT('',(0.,0.,0.2032));
#1660=CARTESIAN_POINT('',(0.,0.,0.));
#1661=CARTESIAN_POINT('',(0.,0.,-0.0762));
#1662=CARTESIAN_POINT('',(-0.0607803299657461,0.150753464852173,0.1778));
#1663=CARTESIAN_POINT('',(-0.0228717091556603,0.0592339583616049,0.1778));
#1664=CARTESIAN_POINT('',(-0.0254999616497484,0.0581453005332127,0.1778));
#1665=CARTESIAN_POINT('',(-0.0607803299657461,0.150753464852173,0.1016));
#1666=CARTESIAN_POINT('',(-0.0228717091556603,0.0592339583616049,0.1016));
#1667=CARTESIAN_POINT('',(-0.0254999616497484,0.0581453005332127,0.1016));
#1668=CARTESIAN_POINT('',(-0.0607803299657461,0.150753464852173,0.0254));
#1669=CARTESIAN_POINT('',(-0.0228717091556603,0.0592339583616049,0.0254));
#1670=CARTESIAN_POINT('',(-0.0254999616497484,0.0581453005332127,0.0254));
#1671=CARTESIAN_POINT('',(-0.0216317840361097,0.0597475521624499,0.1016));
#1672=CARTESIAN_POINT('',(-0.0216317840361097,0.0597475521624499,0.1016));
#1673=CARTESIAN_POINT('',(-0.0216317840361097,0.0597475521624499,0.1016));
#1674=CARTESIAN_POINT('',(0.0503528572595381,0.124280772154442,0.1778));
#1675=CARTESIAN_POINT('',(0.0233308147333743,0.0590437906047547,0.1778));
#1676=CARTESIAN_POINT('',(0.0207025622392862,0.0601324484331469,0.1778));
#1677=CARTESIAN_POINT('',(0.0503528572595381,0.124280772154442,0.1016));
#1678=CARTESIAN_POINT('',(0.0233308147333743,0.0590437906047547,0.1016));
#1679=CARTESIAN_POINT('',(0.0207025622392862,0.0601324484331469,0.1016));
#1680=CARTESIAN_POINT('',(0.050352857259538,0.124280772154442,0.0254));
#1681=CARTESIAN_POINT('',(0.0233308147333743,0.0590437906047547,0.0254));
#1682=CARTESIAN_POINT('',(0.0207025622392862,0.0601324484331469,0.0254));
#1683=CARTESIAN_POINT('',(0.0228717091556603,0.0592339583616049,0.1016));
#1684=CARTESIAN_POINT('',(0.0228717091556603,0.0592339583616049,0.1016));
#1685=CARTESIAN_POINT('',(0.0228717091556603,0.0592339583616049,0.1016));
#1686=CARTESIAN_POINT('',(-0.16094649525338,0.0227394226253499,0.1016));
#1687=CARTESIAN_POINT('',(-0.0627339672856897,0.00980949802403151,0.1016));
#1688=CARTESIAN_POINT('',(-0.0631052881973173,0.00698903568239529,0.1016));
#1689=CARTESIAN_POINT('',(-0.0627339672856897,0.00980949802403151,0.1016));
#1690=CARTESIAN_POINT('',(-0.16094649525338,0.0227394226253499,0.0254));
#1691=CARTESIAN_POINT('',(-0.0627339672856897,0.00980949802403151,0.0254));
#1692=CARTESIAN_POINT('',(-0.0631052881973173,0.00698903568239529,0.0254));
#1693=CARTESIAN_POINT('',(-0.0627339672856897,0.00980949802403151,0.1016));
#1694=CARTESIAN_POINT('',(-0.16094649525338,0.0227394226253499,0.1778));
#1695=CARTESIAN_POINT('',(-0.0627339672856897,0.00980949802403151,0.1778));
#1696=CARTESIAN_POINT('',(-0.0631052881973173,0.00698903568239529,0.1778));
#1697=CARTESIAN_POINT('',(-0.0627339672856897,0.00980949802403151,0.1016));
#1698=CARTESIAN_POINT('',(-0.0824538772579231,0.105747239617112,0.1016));
#1699=CARTESIAN_POINT('',(-0.0394680152327593,0.0497269735524678,0.1016));
#1700=CARTESIAN_POINT('',(-0.0417249468152199,0.0479951690392238,0.1016));
#1701=CARTESIAN_POINT('',(-0.0394680152327593,0.0497269735524678,0.1016));
#1702=CARTESIAN_POINT('',(-0.0824538772579232,0.105747239617112,0.0254));
#1703=CARTESIAN_POINT('',(-0.0394680152327594,0.0497269735524678,0.0254));
#1704=CARTESIAN_POINT('',(-0.0417249468152199,0.0479951690392238,0.0254));
#1705=CARTESIAN_POINT('',(-0.0394680152327593,0.0497269735524678,0.1016));
#1706=CARTESIAN_POINT('',(-0.0824538772579231,0.105747239617112,0.1778));
#1707=CARTESIAN_POINT('',(-0.0394680152327593,0.0497269735524678,0.1778));
#1708=CARTESIAN_POINT('',(-0.0417249468152199,0.0479951690392238,0.1778));
#1709=CARTESIAN_POINT('',(-0.0394680152327593,0.0497269735524678,0.1016));
#1710=CARTESIAN_POINT('',(-0.100166165287633,-0.128014042226823,0.1016));
#1711=CARTESIAN_POINT('',(-0.0398622581300294,-0.0494244603375734,0.1016));
#1712=CARTESIAN_POINT('',(-0.0376053265475689,-0.0511562648508174,0.1016));
#1713=CARTESIAN_POINT('',(-0.0398622581300294,-0.0494244603375734,0.1016));
#1714=CARTESIAN_POINT('',(-0.100166165287633,-0.128014042226823,0.0254));
#1715=CARTESIAN_POINT('',(-0.0398622581300294,-0.0494244603375734,0.0254));
#1716=CARTESIAN_POINT('',(-0.0376053265475689,-0.0511562648508174,0.0254));
#1717=CARTESIAN_POINT('',(-0.0398622581300294,-0.0494244603375734,0.1016));
#1718=CARTESIAN_POINT('',(-0.100166165287633,-0.128014042226823,0.1778));
#1719=CARTESIAN_POINT('',(-0.0398622581300294,-0.0494244603375734,0.1778));
#1720=CARTESIAN_POINT('',(-0.0376053265475689,-0.0511562648508174,0.1778));
#1721=CARTESIAN_POINT('',(-0.0398622581300294,-0.0494244603375734,0.1016));
#1722=CARTESIAN_POINT('',(-0.132806734517461,-0.0185335325373292,0.1016));
#1723=CARTESIAN_POINT('',(-0.0627988299661337,-0.00931681705228691,0.1016));
#1724=CARTESIAN_POINT('',(-0.0624275090545061,-0.0121372793939231,0.1016));
#1725=CARTESIAN_POINT('',(-0.0627988299661337,-0.00931681705228691,0.1016));
#1726=CARTESIAN_POINT('',(-0.132806734517461,-0.0185335325373292,0.0254));
#1727=CARTESIAN_POINT('',(-0.0627988299661337,-0.00931681705228692,0.0254));
#1728=CARTESIAN_POINT('',(-0.0624275090545061,-0.0121372793939231,0.0254));
#1729=CARTESIAN_POINT('',(-0.0627988299661337,-0.00931681705228691,0.1016));
#1730=CARTESIAN_POINT('',(-0.132806734517461,-0.0185335325373292,0.1778));
#1731=CARTESIAN_POINT('',(-0.0627988299661337,-0.00931681705228691,0.1778));
#1732=CARTESIAN_POINT('',(-0.0624275090545061,-0.0121372793939231,0.1778));
#1733=CARTESIAN_POINT('',(-0.0627988299661337,-0.00931681705228691,0.1016));
#1734=CARTESIAN_POINT('',(0.0607803299657461,-0.150753464852173,0.1016));
#1735=CARTESIAN_POINT('',(0.0228717091556603,-0.0592339583616049,0.1016));
#1736=CARTESIAN_POINT('',(0.0254999616497484,-0.0581453005332127,0.1016));
#1737=CARTESIAN_POINT('',(0.0228717091556603,-0.0592339583616049,0.1016));
#1738=CARTESIAN_POINT('',(0.0607803299657461,-0.150753464852173,0.0254));
#1739=CARTESIAN_POINT('',(0.0228717091556603,-0.0592339583616049,0.0254));
#1740=CARTESIAN_POINT('',(0.0254999616497484,-0.0581453005332127,0.0254));
#1741=CARTESIAN_POINT('',(0.0228717091556603,-0.0592339583616049,0.1016));
#1742=CARTESIAN_POINT('',(0.0607803299657461,-0.150753464852173,0.1778));
#1743=CARTESIAN_POINT('',(0.0228717091556603,-0.0592339583616049,0.1778));
#1744=CARTESIAN_POINT('',(0.0254999616497484,-0.0581453005332127,0.1778));
#1745=CARTESIAN_POINT('',(0.0228717091556603,-0.0592339583616049,0.1016));
#1746=CARTESIAN_POINT('',(-0.0503528572595381,-0.124280772154442,0.1016));
#1747=CARTESIAN_POINT('',(-0.0233308147333743,-0.0590437906047547,0.1016));
#1748=CARTESIAN_POINT('',(-0.0207025622392862,-0.0601324484331469,0.1016));
#1749=CARTESIAN_POINT('',(-0.0233308147333743,-0.0590437906047547,0.1016));
#1750=CARTESIAN_POINT('',(-0.0503528572595381,-0.124280772154442,0.0254));
#1751=CARTESIAN_POINT('',(-0.0233308147333743,-0.0590437906047547,0.0254));
#1752=CARTESIAN_POINT('',(-0.0207025622392862,-0.0601324484331469,0.0254));
#1753=CARTESIAN_POINT('',(-0.0233308147333743,-0.0590437906047547,0.1016));
#1754=CARTESIAN_POINT('',(-0.0503528572595381,-0.124280772154442,0.1778));
#1755=CARTESIAN_POINT('',(-0.0233308147333743,-0.0590437906047547,0.1778));
#1756=CARTESIAN_POINT('',(-0.0207025622392862,-0.0601324484331469,0.1778));
#1757=CARTESIAN_POINT('',(-0.0233308147333743,-0.0590437906047547,0.1016));
#1758=CARTESIAN_POINT('',(0.16094649525338,-0.02273942262535,0.1016));
#1759=CARTESIAN_POINT('',(0.0627339672856897,-0.00980949802403153,0.1016));
#1760=CARTESIAN_POINT('',(0.0631052881973173,-0.00698903568239531,0.1016));
#1761=CARTESIAN_POINT('',(0.0627339672856897,-0.00980949802403154,0.1016));
#1762=CARTESIAN_POINT('',(0.16094649525338,-0.02273942262535,0.0254));
#1763=CARTESIAN_POINT('',(0.0627339672856897,-0.00980949802403153,0.0254));
#1764=CARTESIAN_POINT('',(0.0631052881973173,-0.00698903568239531,0.0254));
#1765=CARTESIAN_POINT('',(0.0627339672856897,-0.00980949802403154,0.1016));
#1766=CARTESIAN_POINT('',(0.16094649525338,-0.02273942262535,0.1778));
#1767=CARTESIAN_POINT('',(0.0627339672856897,-0.00980949802403154,0.1778));
#1768=CARTESIAN_POINT('',(0.0631052881973173,-0.00698903568239533,0.1778));
#1769=CARTESIAN_POINT('',(0.0627339672856897,-0.00980949802403154,0.1016));
#1770=CARTESIAN_POINT('',(0.0824538772579231,-0.105747239617112,0.1016));
#1771=CARTESIAN_POINT('',(0.0394680152327593,-0.0497269735524678,0.1016));
#1772=CARTESIAN_POINT('',(0.0417249468152199,-0.0479951690392238,0.1016));
#1773=CARTESIAN_POINT('',(0.0394680152327593,-0.0497269735524678,0.1016));
#1774=CARTESIAN_POINT('',(0.0824538772579231,-0.105747239617112,0.0254));
#1775=CARTESIAN_POINT('',(0.0394680152327593,-0.0497269735524678,0.0254));
#1776=CARTESIAN_POINT('',(0.0417249468152199,-0.0479951690392238,0.0254));
#1777=CARTESIAN_POINT('',(0.0394680152327593,-0.0497269735524678,0.1016));
#1778=CARTESIAN_POINT('',(0.0824538772579231,-0.105747239617112,0.1778));
#1779=CARTESIAN_POINT('',(0.0394680152327593,-0.0497269735524678,0.1778));
#1780=CARTESIAN_POINT('',(0.0417249468152199,-0.0479951690392238,0.1778));
#1781=CARTESIAN_POINT('',(0.0394680152327593,-0.0497269735524678,0.1016));
#1782=CARTESIAN_POINT('',(0.100166165287633,0.128014042226823,0.1016));
#1783=CARTESIAN_POINT('',(0.0398622581300294,0.0494244603375734,0.1016));
#1784=CARTESIAN_POINT('',(0.0376053265475689,0.0511562648508174,0.1016));
#1785=CARTESIAN_POINT('',(0.0398622581300294,0.0494244603375734,0.1016));
#1786=CARTESIAN_POINT('',(0.100166165287633,0.128014042226823,0.0254));
#1787=CARTESIAN_POINT('',(0.0398622581300294,0.0494244603375734,0.0254));
#1788=CARTESIAN_POINT('',(0.0376053265475689,0.0511562648508174,0.0254));
#1789=CARTESIAN_POINT('',(0.0398622581300294,0.0494244603375734,0.1016));
#1790=CARTESIAN_POINT('',(0.100166165287633,0.128014042226823,0.1778));
#1791=CARTESIAN_POINT('',(0.0398622581300294,0.0494244603375734,0.1778));
#1792=CARTESIAN_POINT('',(0.0376053265475689,0.0511562648508174,0.1778));
#1793=CARTESIAN_POINT('',(0.0398622581300294,0.0494244603375734,0.1016));
#1794=CARTESIAN_POINT('',(0.132806734517461,0.0185335325373291,0.1016));
#1795=CARTESIAN_POINT('',(0.0627988299661337,0.00931681705228688,0.1016));
#1796=CARTESIAN_POINT('',(0.0624275090545061,0.0121372793939231,0.1016));
#1797=CARTESIAN_POINT('',(0.0627988299661337,0.00931681705228688,0.1016));
#1798=CARTESIAN_POINT('',(0.132806734517461,0.0185335325373291,0.0254));
#1799=CARTESIAN_POINT('',(0.0627988299661337,0.00931681705228689,0.0254));
#1800=CARTESIAN_POINT('',(0.0624275090545061,0.0121372793939231,0.0254));
#1801=CARTESIAN_POINT('',(0.0627988299661337,0.00931681705228688,0.1016));
#1802=CARTESIAN_POINT('',(0.132806734517461,0.0185335325373291,0.1778));
#1803=CARTESIAN_POINT('',(0.0627988299661337,0.00931681705228687,0.1778));
#1804=CARTESIAN_POINT('',(0.0624275090545061,0.0121372793939231,0.1778));
#1805=CARTESIAN_POINT('',(0.0627988299661337,0.00931681705228688,0.1016));
#1806=MECHANICAL_DESIGN_GEOMETRIC_PRESENTATION_REPRESENTATION('',(#851),
#1807);
#1807=(
GEOMETRIC_REPRESENTATION_CONTEXT(3)
GLOBAL_UNCERTAINTY_ASSIGNED_CONTEXT((#1808))
GLOBAL_UNIT_ASSIGNED_CONTEXT((#1811,#1810,#1809))
REPRESENTATION_CONTEXT('Part 1','TOP_LEVEL_ASSEMBLY_PART')
);
#1808=UNCERTAINTY_MEASURE_WITH_UNIT(LENGTH_MEASURE(2.E-5),#1811,
'DISTANCE_ACCURACY_VALUE','Maximum Tolerance applied to model');
#1809=(
NAMED_UNIT(*)
SI_UNIT($,.STERADIAN.)
SOLID_ANGLE_UNIT()
);
#1810=(
NAMED_UNIT(*)
PLANE_ANGLE_UNIT()
SI_UNIT($,.RADIAN.)
);
#1811=(
LENGTH_UNIT()
NAMED_UNIT(*)
SI_UNIT($,.METRE.)
);
#1812=PRODUCT_DEFINITION_SHAPE('','',#1813);
#1813=PRODUCT_DEFINITION('','',#1815,#1814);
#1814=PRODUCT_DEFINITION_CONTEXT('',#1821,'design');
#1815=PRODUCT_DEFINITION_FORMATION_WITH_SPECIFIED_SOURCE('','',#1817,
 .NOT_KNOWN.);
#1816=PRODUCT_RELATED_PRODUCT_CATEGORY('','',(#1817));
#1817=PRODUCT('Part 1','Part 1','Part 1',(#1819));
#1818=PRODUCT_CATEGORY('','');
#1819=PRODUCT_CONTEXT('',#1821,'mechanical');
#1820=APPLICATION_PROTOCOL_DEFINITION('international standard',
'ap242_managed_model_based_3d_engineering',2020,#1821);
#1821=APPLICATION_CONTEXT('managed model based 3d engineering');
ENDSEC;
END-ISO-10303-21;
