ISO-10303-21;
HEADER;
/* Generated by software containing ST-Developer
 * from STEP Tools, Inc. (www.steptools.com) 
 */
/* OPTION: using custom renumber hook */

FILE_DESCRIPTION(
/* description */ ('STEP AP242 Edition 2',
'CAx-IF Rec.Pracs.---Representation and Presentation of Product Manufa
cturing Information (PMI)---4.0---2014-10-13',
'CAx-IF Rec.Pracs.---3D Tessellated Geometry---0.4---2014-09-14','2;1',
'CAx-IF Rec.Pracs.---User Defined Attributes---1.5---2016-08-15'),
/* implementation_level */ '2;1');

FILE_NAME(
/* name */ 'Master Reference Copy 1 - Chassis',
/* time_stamp */ '2026-08-15T18:31:06Z',
/* author */ (''),
/* organization */ (''),
/* preprocessor_version */ 'ST-DEVELOPER v20',
/* originating_system */ 'ONSHAPE BY PTC INC, 1.219',
/* authorisation */ '  ');

FILE_SCHEMA (('AP242_MANAGED_MODEL_BASED_3D_ENGINEERING_MIM_LF { 1 0 10303 442 3 1 4 }'));
ENDSEC;

DATA;
#10=SHAPE_REPRESENTATION_RELATIONSHIP('','',#3364,#11);
#11=ADVANCED_BREP_SHAPE_REPRESENTATION('',(#3362),#5523);
#12=CYLINDRICAL_SURFACE('',#3415,0.00381);
#13=CYLINDRICAL_SURFACE('',#3423,0.00381);
#14=CYLINDRICAL_SURFACE('',#3430,0.00381);
#15=CYLINDRICAL_SURFACE('',#3437,0.00381);
#16=CYLINDRICAL_SURFACE('',#3444,0.00381);
#17=CYLINDRICAL_SURFACE('',#3451,0.00381);
#18=CYLINDRICAL_SURFACE('',#3457,0.073025);
#19=CYLINDRICAL_SURFACE('',#3491,0.00381);
#20=CYLINDRICAL_SURFACE('',#3493,0.057785);
#21=CYLINDRICAL_SURFACE('',#3547,0.003683);
#22=CYLINDRICAL_SURFACE('',#3550,0.003683);
#23=CYLINDRICAL_SURFACE('',#3552,0.22225);
#24=CYLINDRICAL_SURFACE('',#3553,0.228599999999523);
#25=CYLINDRICAL_SURFACE('',#3554,0.22225);
#26=CYLINDRICAL_SURFACE('',#3570,0.003683);
#27=CYLINDRICAL_SURFACE('',#3572,0.22225);
#28=CYLINDRICAL_SURFACE('',#3573,0.22225);
#29=CYLINDRICAL_SURFACE('',#3583,0.003683);
#30=CYLINDRICAL_SURFACE('',#3585,0.22225);
#31=CYLINDRICAL_SURFACE('',#3586,0.22225);
#32=CYLINDRICAL_SURFACE('',#3596,0.003683);
#33=CYLINDRICAL_SURFACE('',#3598,0.22225);
#34=CYLINDRICAL_SURFACE('',#3599,0.22225);
#35=CYLINDRICAL_SURFACE('',#3609,0.003683);
#36=CYLINDRICAL_SURFACE('',#3611,0.22225);
#37=CYLINDRICAL_SURFACE('',#3612,0.22225);
#38=CYLINDRICAL_SURFACE('',#3622,0.003683);
#39=CYLINDRICAL_SURFACE('',#3624,0.22225);
#40=CYLINDRICAL_SURFACE('',#3625,0.22225);
#41=CIRCLE('',#3375,0.073025);
#42=CIRCLE('',#3377,0.073025);
#43=CIRCLE('',#3379,0.003683);
#44=CIRCLE('',#3380,0.073025);
#45=CIRCLE('',#3381,0.00381);
#46=CIRCLE('',#3382,0.073025);
#47=CIRCLE('',#3384,0.073025);
#48=CIRCLE('',#3386,0.003683);
#49=CIRCLE('',#3387,0.073025);
#50=CIRCLE('',#3388,0.00381);
#51=CIRCLE('',#3389,0.073025);
#52=CIRCLE('',#3391,0.073025);
#53=CIRCLE('',#3393,0.003683);
#54=CIRCLE('',#3394,0.073025);
#55=CIRCLE('',#3395,0.00381);
#56=CIRCLE('',#3396,0.073025);
#57=CIRCLE('',#3398,0.073025);
#58=CIRCLE('',#3400,0.003683);
#59=CIRCLE('',#3401,0.073025);
#60=CIRCLE('',#3402,0.00381);
#61=CIRCLE('',#3403,0.073025);
#62=CIRCLE('',#3405,0.073025);
#63=CIRCLE('',#3407,0.003683);
#64=CIRCLE('',#3408,0.00381);
#65=CIRCLE('',#3409,0.073025);
#66=CIRCLE('',#3411,0.003683);
#67=CIRCLE('',#3412,0.073025);
#68=CIRCLE('',#3413,0.00381);
#69=CIRCLE('',#3414,0.073025);
#70=CIRCLE('',#3416,0.00381);
#71=CIRCLE('',#3417,0.00381);
#72=CIRCLE('',#3424,0.00381);
#73=CIRCLE('',#3431,0.00381);
#74=CIRCLE('',#3438,0.00381);
#75=CIRCLE('',#3445,0.00381);
#76=CIRCLE('',#3452,0.00381);
#77=CIRCLE('',#3458,0.073025);
#78=CIRCLE('',#3459,0.073025);
#79=CIRCLE('',#3460,0.073025);
#80=CIRCLE('',#3461,0.073025);
#81=CIRCLE('',#3462,0.073025);
#82=CIRCLE('',#3463,0.073025);
#83=CIRCLE('',#3464,0.073025);
#84=CIRCLE('',#3465,0.073025);
#85=CIRCLE('',#3466,0.073025);
#86=CIRCLE('',#3467,0.073025);
#87=CIRCLE('',#3468,0.073025);
#88=CIRCLE('',#3469,0.073025);
#89=CIRCLE('',#3470,0.073025);
#90=CIRCLE('',#3471,0.073025);
#91=CIRCLE('',#3472,0.073025);
#92=CIRCLE('',#3473,0.073025);
#93=CIRCLE('',#3474,0.073025);
#94=CIRCLE('',#3475,0.073025);
#95=CIRCLE('',#3476,0.073025);
#96=CIRCLE('',#3477,0.073025);
#97=CIRCLE('',#3478,0.073025);
#98=CIRCLE('',#3479,0.073025);
#99=CIRCLE('',#3480,0.073025);
#100=CIRCLE('',#3481,0.073025);
#101=CIRCLE('',#3482,0.073025);
#102=CIRCLE('',#3483,0.073025);
#103=CIRCLE('',#3484,0.073025);
#104=CIRCLE('',#3485,0.073025);
#105=CIRCLE('',#3486,0.073025);
#106=CIRCLE('',#3487,0.073025);
#107=CIRCLE('',#3488,0.073025);
#108=CIRCLE('',#3489,0.073025);
#109=CIRCLE('',#3492,0.00381);
#110=CIRCLE('',#3494,0.057785);
#111=CIRCLE('',#3495,0.057785);
#112=CIRCLE('',#3497,0.003683);
#113=CIRCLE('',#3498,0.22225);
#114=CIRCLE('',#3499,0.22225);
#115=CIRCLE('',#3500,0.003683);
#116=CIRCLE('',#3501,0.22225);
#117=CIRCLE('',#3502,0.22225);
#118=CIRCLE('',#3503,0.003683);
#119=CIRCLE('',#3504,0.22225);
#120=CIRCLE('',#3505,0.22225);
#121=CIRCLE('',#3506,0.003683);
#122=CIRCLE('',#3507,0.22225);
#123=CIRCLE('',#3508,0.22225);
#124=CIRCLE('',#3509,0.003683);
#125=CIRCLE('',#3510,0.22225);
#126=CIRCLE('',#3511,0.22225);
#127=CIRCLE('',#3512,0.003683);
#128=CIRCLE('',#3513,0.22225);
#129=CIRCLE('',#3514,0.22225);
#130=CIRCLE('',#3515,0.003683);
#131=CIRCLE('',#3516,0.228599999999523);
#132=CIRCLE('',#3525,0.003683);
#133=CIRCLE('',#3528,0.228599999999523);
#134=CIRCLE('',#3529,0.22225);
#135=CIRCLE('',#3530,0.22225);
#136=CIRCLE('',#3531,0.22225);
#137=CIRCLE('',#3532,0.22225);
#138=CIRCLE('',#3533,0.22225);
#139=CIRCLE('',#3534,0.22225);
#140=CIRCLE('',#3535,0.22225);
#141=CIRCLE('',#3536,0.22225);
#142=CIRCLE('',#3537,0.22225);
#143=CIRCLE('',#3538,0.22225);
#144=CIRCLE('',#3539,0.22225);
#145=CIRCLE('',#3540,0.22225);
#146=ORIENTED_EDGE('',*,*,#1140,.F.);
#147=ORIENTED_EDGE('',*,*,#1141,.F.);
#148=ORIENTED_EDGE('',*,*,#1142,.T.);
#149=ORIENTED_EDGE('',*,*,#1143,.T.);
#150=ORIENTED_EDGE('',*,*,#1144,.F.);
#151=ORIENTED_EDGE('',*,*,#1145,.F.);
#152=ORIENTED_EDGE('',*,*,#1146,.T.);
#153=ORIENTED_EDGE('',*,*,#1147,.T.);
#154=ORIENTED_EDGE('',*,*,#1148,.F.);
#155=ORIENTED_EDGE('',*,*,#1149,.F.);
#156=ORIENTED_EDGE('',*,*,#1150,.T.);
#157=ORIENTED_EDGE('',*,*,#1151,.T.);
#158=ORIENTED_EDGE('',*,*,#1152,.F.);
#159=ORIENTED_EDGE('',*,*,#1153,.F.);
#160=ORIENTED_EDGE('',*,*,#1154,.T.);
#161=ORIENTED_EDGE('',*,*,#1155,.T.);
#162=ORIENTED_EDGE('',*,*,#1156,.F.);
#163=ORIENTED_EDGE('',*,*,#1157,.F.);
#164=ORIENTED_EDGE('',*,*,#1158,.T.);
#165=ORIENTED_EDGE('',*,*,#1159,.T.);
#166=ORIENTED_EDGE('',*,*,#1160,.F.);
#167=ORIENTED_EDGE('',*,*,#1161,.F.);
#168=ORIENTED_EDGE('',*,*,#1162,.T.);
#169=ORIENTED_EDGE('',*,*,#1163,.T.);
#170=ORIENTED_EDGE('',*,*,#1164,.F.);
#171=ORIENTED_EDGE('',*,*,#1165,.T.);
#172=ORIENTED_EDGE('',*,*,#1166,.T.);
#173=ORIENTED_EDGE('',*,*,#1167,.T.);
#174=ORIENTED_EDGE('',*,*,#1168,.T.);
#175=ORIENTED_EDGE('',*,*,#1169,.T.);
#176=ORIENTED_EDGE('',*,*,#1170,.F.);
#177=ORIENTED_EDGE('',*,*,#1171,.F.);
#178=ORIENTED_EDGE('',*,*,#1172,.F.);
#179=ORIENTED_EDGE('',*,*,#1163,.F.);
#180=ORIENTED_EDGE('',*,*,#1173,.F.);
#181=ORIENTED_EDGE('',*,*,#1174,.F.);
#182=ORIENTED_EDGE('',*,*,#1175,.F.);
#183=ORIENTED_EDGE('',*,*,#1159,.F.);
#184=ORIENTED_EDGE('',*,*,#1176,.F.);
#185=ORIENTED_EDGE('',*,*,#1177,.F.);
#186=ORIENTED_EDGE('',*,*,#1178,.F.);
#187=ORIENTED_EDGE('',*,*,#1179,.F.);
#188=ORIENTED_EDGE('',*,*,#1180,.T.);
#189=ORIENTED_EDGE('',*,*,#1181,.F.);
#190=ORIENTED_EDGE('',*,*,#1182,.T.);
#191=ORIENTED_EDGE('',*,*,#1183,.T.);
#192=ORIENTED_EDGE('',*,*,#1184,.F.);
#193=ORIENTED_EDGE('',*,*,#1185,.F.);
#194=ORIENTED_EDGE('',*,*,#1186,.F.);
#195=ORIENTED_EDGE('',*,*,#1155,.F.);
#196=ORIENTED_EDGE('',*,*,#1187,.F.);
#197=ORIENTED_EDGE('',*,*,#1188,.F.);
#198=ORIENTED_EDGE('',*,*,#1189,.F.);
#199=ORIENTED_EDGE('',*,*,#1190,.F.);
#200=ORIENTED_EDGE('',*,*,#1191,.T.);
#201=ORIENTED_EDGE('',*,*,#1192,.F.);
#202=ORIENTED_EDGE('',*,*,#1193,.T.);
#203=ORIENTED_EDGE('',*,*,#1194,.T.);
#204=ORIENTED_EDGE('',*,*,#1195,.F.);
#205=ORIENTED_EDGE('',*,*,#1196,.F.);
#206=ORIENTED_EDGE('',*,*,#1197,.F.);
#207=ORIENTED_EDGE('',*,*,#1151,.F.);
#208=ORIENTED_EDGE('',*,*,#1198,.F.);
#209=ORIENTED_EDGE('',*,*,#1199,.F.);
#210=ORIENTED_EDGE('',*,*,#1200,.F.);
#211=ORIENTED_EDGE('',*,*,#1201,.F.);
#212=ORIENTED_EDGE('',*,*,#1202,.T.);
#213=ORIENTED_EDGE('',*,*,#1203,.F.);
#214=ORIENTED_EDGE('',*,*,#1204,.T.);
#215=ORIENTED_EDGE('',*,*,#1205,.T.);
#216=ORIENTED_EDGE('',*,*,#1206,.F.);
#217=ORIENTED_EDGE('',*,*,#1207,.F.);
#218=ORIENTED_EDGE('',*,*,#1208,.F.);
#219=ORIENTED_EDGE('',*,*,#1147,.F.);
#220=ORIENTED_EDGE('',*,*,#1209,.F.);
#221=ORIENTED_EDGE('',*,*,#1210,.F.);
#222=ORIENTED_EDGE('',*,*,#1211,.F.);
#223=ORIENTED_EDGE('',*,*,#1212,.F.);
#224=ORIENTED_EDGE('',*,*,#1213,.T.);
#225=ORIENTED_EDGE('',*,*,#1214,.F.);
#226=ORIENTED_EDGE('',*,*,#1215,.T.);
#227=ORIENTED_EDGE('',*,*,#1216,.T.);
#228=ORIENTED_EDGE('',*,*,#1217,.F.);
#229=ORIENTED_EDGE('',*,*,#1218,.F.);
#230=ORIENTED_EDGE('',*,*,#1219,.F.);
#231=ORIENTED_EDGE('',*,*,#1143,.F.);
#232=ORIENTED_EDGE('',*,*,#1220,.F.);
#233=ORIENTED_EDGE('',*,*,#1221,.F.);
#234=ORIENTED_EDGE('',*,*,#1222,.F.);
#235=ORIENTED_EDGE('',*,*,#1223,.F.);
#236=ORIENTED_EDGE('',*,*,#1164,.T.);
#237=ORIENTED_EDGE('',*,*,#1224,.T.);
#238=ORIENTED_EDGE('',*,*,#1225,.F.);
#239=ORIENTED_EDGE('',*,*,#1226,.F.);
#240=ORIENTED_EDGE('',*,*,#1227,.F.);
#241=ORIENTED_EDGE('',*,*,#1228,.F.);
#242=ORIENTED_EDGE('',*,*,#1229,.T.);
#243=ORIENTED_EDGE('',*,*,#1230,.F.);
#244=ORIENTED_EDGE('',*,*,#1231,.T.);
#245=ORIENTED_EDGE('',*,*,#1232,.T.);
#246=ORIENTED_EDGE('',*,*,#1233,.F.);
#247=ORIENTED_EDGE('',*,*,#1234,.F.);
#248=ORIENTED_EDGE('',*,*,#1235,.F.);
#249=ORIENTED_EDGE('',*,*,#1236,.F.);
#250=ORIENTED_EDGE('',*,*,#1237,.T.);
#251=ORIENTED_EDGE('',*,*,#1171,.T.);
#252=ORIENTED_EDGE('',*,*,#1238,.F.);
#253=ORIENTED_EDGE('',*,*,#1239,.F.);
#254=ORIENTED_EDGE('',*,*,#1240,.T.);
#255=ORIENTED_EDGE('',*,*,#1236,.T.);
#256=ORIENTED_EDGE('',*,*,#1220,.T.);
#257=ORIENTED_EDGE('',*,*,#1142,.F.);
#258=ORIENTED_EDGE('',*,*,#1241,.F.);
#259=ORIENTED_EDGE('',*,*,#1242,.T.);
#260=ORIENTED_EDGE('',*,*,#1243,.F.);
#261=ORIENTED_EDGE('',*,*,#1244,.T.);
#262=ORIENTED_EDGE('',*,*,#1245,.T.);
#263=ORIENTED_EDGE('',*,*,#1246,.F.);
#264=ORIENTED_EDGE('',*,*,#1247,.T.);
#265=ORIENTED_EDGE('',*,*,#1248,.F.);
#266=ORIENTED_EDGE('',*,*,#1249,.F.);
#267=ORIENTED_EDGE('',*,*,#1246,.T.);
#268=ORIENTED_EDGE('',*,*,#1233,.T.);
#269=ORIENTED_EDGE('',*,*,#1250,.F.);
#270=ORIENTED_EDGE('',*,*,#1251,.F.);
#271=ORIENTED_EDGE('',*,*,#1252,.T.);
#272=ORIENTED_EDGE('',*,*,#1232,.F.);
#273=ORIENTED_EDGE('',*,*,#1253,.F.);
#274=ORIENTED_EDGE('',*,*,#1254,.T.);
#275=ORIENTED_EDGE('',*,*,#1250,.T.);
#276=ORIENTED_EDGE('',*,*,#1231,.F.);
#277=ORIENTED_EDGE('',*,*,#1255,.F.);
#278=ORIENTED_EDGE('',*,*,#1256,.T.);
#279=ORIENTED_EDGE('',*,*,#1253,.T.);
#280=ORIENTED_EDGE('',*,*,#1209,.T.);
#281=ORIENTED_EDGE('',*,*,#1146,.F.);
#282=ORIENTED_EDGE('',*,*,#1257,.F.);
#283=ORIENTED_EDGE('',*,*,#1258,.T.);
#284=ORIENTED_EDGE('',*,*,#1259,.F.);
#285=ORIENTED_EDGE('',*,*,#1260,.T.);
#286=ORIENTED_EDGE('',*,*,#1261,.T.);
#287=ORIENTED_EDGE('',*,*,#1262,.F.);
#288=ORIENTED_EDGE('',*,*,#1263,.T.);
#289=ORIENTED_EDGE('',*,*,#1264,.F.);
#290=ORIENTED_EDGE('',*,*,#1265,.F.);
#291=ORIENTED_EDGE('',*,*,#1262,.T.);
#292=ORIENTED_EDGE('',*,*,#1217,.T.);
#293=ORIENTED_EDGE('',*,*,#1266,.F.);
#294=ORIENTED_EDGE('',*,*,#1267,.F.);
#295=ORIENTED_EDGE('',*,*,#1268,.T.);
#296=ORIENTED_EDGE('',*,*,#1216,.F.);
#297=ORIENTED_EDGE('',*,*,#1269,.F.);
#298=ORIENTED_EDGE('',*,*,#1270,.T.);
#299=ORIENTED_EDGE('',*,*,#1266,.T.);
#300=ORIENTED_EDGE('',*,*,#1215,.F.);
#301=ORIENTED_EDGE('',*,*,#1271,.F.);
#302=ORIENTED_EDGE('',*,*,#1272,.T.);
#303=ORIENTED_EDGE('',*,*,#1269,.T.);
#304=ORIENTED_EDGE('',*,*,#1198,.T.);
#305=ORIENTED_EDGE('',*,*,#1150,.F.);
#306=ORIENTED_EDGE('',*,*,#1273,.F.);
#307=ORIENTED_EDGE('',*,*,#1274,.T.);
#308=ORIENTED_EDGE('',*,*,#1275,.F.);
#309=ORIENTED_EDGE('',*,*,#1276,.T.);
#310=ORIENTED_EDGE('',*,*,#1277,.T.);
#311=ORIENTED_EDGE('',*,*,#1278,.F.);
#312=ORIENTED_EDGE('',*,*,#1279,.T.);
#313=ORIENTED_EDGE('',*,*,#1280,.F.);
#314=ORIENTED_EDGE('',*,*,#1281,.F.);
#315=ORIENTED_EDGE('',*,*,#1278,.T.);
#316=ORIENTED_EDGE('',*,*,#1206,.T.);
#317=ORIENTED_EDGE('',*,*,#1282,.F.);
#318=ORIENTED_EDGE('',*,*,#1283,.F.);
#319=ORIENTED_EDGE('',*,*,#1284,.T.);
#320=ORIENTED_EDGE('',*,*,#1205,.F.);
#321=ORIENTED_EDGE('',*,*,#1285,.F.);
#322=ORIENTED_EDGE('',*,*,#1286,.T.);
#323=ORIENTED_EDGE('',*,*,#1282,.T.);
#324=ORIENTED_EDGE('',*,*,#1204,.F.);
#325=ORIENTED_EDGE('',*,*,#1287,.F.);
#326=ORIENTED_EDGE('',*,*,#1288,.T.);
#327=ORIENTED_EDGE('',*,*,#1285,.T.);
#328=ORIENTED_EDGE('',*,*,#1187,.T.);
#329=ORIENTED_EDGE('',*,*,#1154,.F.);
#330=ORIENTED_EDGE('',*,*,#1289,.F.);
#331=ORIENTED_EDGE('',*,*,#1290,.T.);
#332=ORIENTED_EDGE('',*,*,#1291,.F.);
#333=ORIENTED_EDGE('',*,*,#1292,.T.);
#334=ORIENTED_EDGE('',*,*,#1293,.T.);
#335=ORIENTED_EDGE('',*,*,#1294,.F.);
#336=ORIENTED_EDGE('',*,*,#1295,.T.);
#337=ORIENTED_EDGE('',*,*,#1296,.F.);
#338=ORIENTED_EDGE('',*,*,#1297,.F.);
#339=ORIENTED_EDGE('',*,*,#1294,.T.);
#340=ORIENTED_EDGE('',*,*,#1195,.T.);
#341=ORIENTED_EDGE('',*,*,#1298,.F.);
#342=ORIENTED_EDGE('',*,*,#1299,.F.);
#343=ORIENTED_EDGE('',*,*,#1300,.T.);
#344=ORIENTED_EDGE('',*,*,#1194,.F.);
#345=ORIENTED_EDGE('',*,*,#1301,.F.);
#346=ORIENTED_EDGE('',*,*,#1302,.T.);
#347=ORIENTED_EDGE('',*,*,#1298,.T.);
#348=ORIENTED_EDGE('',*,*,#1193,.F.);
#349=ORIENTED_EDGE('',*,*,#1303,.F.);
#350=ORIENTED_EDGE('',*,*,#1304,.T.);
#351=ORIENTED_EDGE('',*,*,#1301,.T.);
#352=ORIENTED_EDGE('',*,*,#1176,.T.);
#353=ORIENTED_EDGE('',*,*,#1158,.F.);
#354=ORIENTED_EDGE('',*,*,#1305,.F.);
#355=ORIENTED_EDGE('',*,*,#1306,.T.);
#356=ORIENTED_EDGE('',*,*,#1307,.F.);
#357=ORIENTED_EDGE('',*,*,#1308,.T.);
#358=ORIENTED_EDGE('',*,*,#1309,.T.);
#359=ORIENTED_EDGE('',*,*,#1310,.F.);
#360=ORIENTED_EDGE('',*,*,#1311,.T.);
#361=ORIENTED_EDGE('',*,*,#1312,.F.);
#362=ORIENTED_EDGE('',*,*,#1313,.F.);
#363=ORIENTED_EDGE('',*,*,#1310,.T.);
#364=ORIENTED_EDGE('',*,*,#1184,.T.);
#365=ORIENTED_EDGE('',*,*,#1314,.F.);
#366=ORIENTED_EDGE('',*,*,#1315,.F.);
#367=ORIENTED_EDGE('',*,*,#1316,.T.);
#368=ORIENTED_EDGE('',*,*,#1183,.F.);
#369=ORIENTED_EDGE('',*,*,#1317,.F.);
#370=ORIENTED_EDGE('',*,*,#1318,.T.);
#371=ORIENTED_EDGE('',*,*,#1314,.T.);
#372=ORIENTED_EDGE('',*,*,#1182,.F.);
#373=ORIENTED_EDGE('',*,*,#1319,.F.);
#374=ORIENTED_EDGE('',*,*,#1320,.T.);
#375=ORIENTED_EDGE('',*,*,#1317,.T.);
#376=ORIENTED_EDGE('',*,*,#1173,.T.);
#377=ORIENTED_EDGE('',*,*,#1162,.F.);
#378=ORIENTED_EDGE('',*,*,#1321,.F.);
#379=ORIENTED_EDGE('',*,*,#1322,.T.);
#380=ORIENTED_EDGE('',*,*,#1323,.F.);
#381=ORIENTED_EDGE('',*,*,#1324,.T.);
#382=ORIENTED_EDGE('',*,*,#1325,.T.);
#383=ORIENTED_EDGE('',*,*,#1326,.F.);
#384=ORIENTED_EDGE('',*,*,#1327,.T.);
#385=ORIENTED_EDGE('',*,*,#1328,.F.);
#386=ORIENTED_EDGE('',*,*,#1329,.F.);
#387=ORIENTED_EDGE('',*,*,#1326,.T.);
#388=ORIENTED_EDGE('',*,*,#1328,.T.);
#389=ORIENTED_EDGE('',*,*,#1330,.T.);
#390=ORIENTED_EDGE('',*,*,#1331,.T.);
#391=ORIENTED_EDGE('',*,*,#1174,.T.);
#392=ORIENTED_EDGE('',*,*,#1322,.F.);
#393=ORIENTED_EDGE('',*,*,#1332,.F.);
#394=ORIENTED_EDGE('',*,*,#1319,.T.);
#395=ORIENTED_EDGE('',*,*,#1181,.T.);
#396=ORIENTED_EDGE('',*,*,#1333,.T.);
#397=ORIENTED_EDGE('',*,*,#1185,.T.);
#398=ORIENTED_EDGE('',*,*,#1316,.F.);
#399=ORIENTED_EDGE('',*,*,#1334,.F.);
#400=ORIENTED_EDGE('',*,*,#1312,.T.);
#401=ORIENTED_EDGE('',*,*,#1335,.T.);
#402=ORIENTED_EDGE('',*,*,#1336,.T.);
#403=ORIENTED_EDGE('',*,*,#1177,.T.);
#404=ORIENTED_EDGE('',*,*,#1306,.F.);
#405=ORIENTED_EDGE('',*,*,#1337,.F.);
#406=ORIENTED_EDGE('',*,*,#1303,.T.);
#407=ORIENTED_EDGE('',*,*,#1192,.T.);
#408=ORIENTED_EDGE('',*,*,#1338,.T.);
#409=ORIENTED_EDGE('',*,*,#1196,.T.);
#410=ORIENTED_EDGE('',*,*,#1300,.F.);
#411=ORIENTED_EDGE('',*,*,#1339,.F.);
#412=ORIENTED_EDGE('',*,*,#1296,.T.);
#413=ORIENTED_EDGE('',*,*,#1340,.T.);
#414=ORIENTED_EDGE('',*,*,#1341,.T.);
#415=ORIENTED_EDGE('',*,*,#1188,.T.);
#416=ORIENTED_EDGE('',*,*,#1290,.F.);
#417=ORIENTED_EDGE('',*,*,#1342,.F.);
#418=ORIENTED_EDGE('',*,*,#1287,.T.);
#419=ORIENTED_EDGE('',*,*,#1203,.T.);
#420=ORIENTED_EDGE('',*,*,#1343,.T.);
#421=ORIENTED_EDGE('',*,*,#1207,.T.);
#422=ORIENTED_EDGE('',*,*,#1284,.F.);
#423=ORIENTED_EDGE('',*,*,#1344,.F.);
#424=ORIENTED_EDGE('',*,*,#1280,.T.);
#425=ORIENTED_EDGE('',*,*,#1345,.T.);
#426=ORIENTED_EDGE('',*,*,#1346,.T.);
#427=ORIENTED_EDGE('',*,*,#1199,.T.);
#428=ORIENTED_EDGE('',*,*,#1274,.F.);
#429=ORIENTED_EDGE('',*,*,#1347,.F.);
#430=ORIENTED_EDGE('',*,*,#1271,.T.);
#431=ORIENTED_EDGE('',*,*,#1214,.T.);
#432=ORIENTED_EDGE('',*,*,#1348,.T.);
#433=ORIENTED_EDGE('',*,*,#1218,.T.);
#434=ORIENTED_EDGE('',*,*,#1268,.F.);
#435=ORIENTED_EDGE('',*,*,#1349,.F.);
#436=ORIENTED_EDGE('',*,*,#1264,.T.);
#437=ORIENTED_EDGE('',*,*,#1350,.T.);
#438=ORIENTED_EDGE('',*,*,#1351,.T.);
#439=ORIENTED_EDGE('',*,*,#1210,.T.);
#440=ORIENTED_EDGE('',*,*,#1258,.F.);
#441=ORIENTED_EDGE('',*,*,#1352,.F.);
#442=ORIENTED_EDGE('',*,*,#1255,.T.);
#443=ORIENTED_EDGE('',*,*,#1230,.T.);
#444=ORIENTED_EDGE('',*,*,#1353,.T.);
#445=ORIENTED_EDGE('',*,*,#1234,.T.);
#446=ORIENTED_EDGE('',*,*,#1252,.F.);
#447=ORIENTED_EDGE('',*,*,#1354,.F.);
#448=ORIENTED_EDGE('',*,*,#1248,.T.);
#449=ORIENTED_EDGE('',*,*,#1355,.T.);
#450=ORIENTED_EDGE('',*,*,#1356,.T.);
#451=ORIENTED_EDGE('',*,*,#1221,.T.);
#452=ORIENTED_EDGE('',*,*,#1242,.F.);
#453=ORIENTED_EDGE('',*,*,#1357,.F.);
#454=ORIENTED_EDGE('',*,*,#1239,.T.);
#455=ORIENTED_EDGE('',*,*,#1358,.T.);
#456=ORIENTED_EDGE('',*,*,#1359,.T.);
#457=ORIENTED_EDGE('',*,*,#1226,.T.);
#458=ORIENTED_EDGE('',*,*,#1360,.F.);
#459=ORIENTED_EDGE('',*,*,#1361,.F.);
#460=ORIENTED_EDGE('',*,*,#1362,.F.);
#461=ORIENTED_EDGE('',*,*,#1225,.T.);
#462=ORIENTED_EDGE('',*,*,#1363,.F.);
#463=ORIENTED_EDGE('',*,*,#1364,.F.);
#464=ORIENTED_EDGE('',*,*,#1360,.T.);
#465=ORIENTED_EDGE('',*,*,#1224,.F.);
#466=ORIENTED_EDGE('',*,*,#1167,.F.);
#467=ORIENTED_EDGE('',*,*,#1365,.T.);
#468=ORIENTED_EDGE('',*,*,#1363,.T.);
#469=ORIENTED_EDGE('',*,*,#1366,.T.);
#470=ORIENTED_EDGE('',*,*,#1367,.F.);
#471=ORIENTED_EDGE('',*,*,#1166,.F.);
#472=ORIENTED_EDGE('',*,*,#1368,.T.);
#473=ORIENTED_EDGE('',*,*,#1369,.T.);
#474=ORIENTED_EDGE('',*,*,#1370,.T.);
#475=ORIENTED_EDGE('',*,*,#1371,.F.);
#476=ORIENTED_EDGE('',*,*,#1372,.T.);
#477=ORIENTED_EDGE('',*,*,#1373,.T.);
#478=ORIENTED_EDGE('',*,*,#1374,.T.);
#479=ORIENTED_EDGE('',*,*,#1375,.F.);
#480=ORIENTED_EDGE('',*,*,#1376,.T.);
#481=ORIENTED_EDGE('',*,*,#1377,.T.);
#482=ORIENTED_EDGE('',*,*,#1378,.T.);
#483=ORIENTED_EDGE('',*,*,#1379,.F.);
#484=ORIENTED_EDGE('',*,*,#1380,.F.);
#485=ORIENTED_EDGE('',*,*,#1381,.T.);
#486=ORIENTED_EDGE('',*,*,#1382,.T.);
#487=ORIENTED_EDGE('',*,*,#1383,.F.);
#488=ORIENTED_EDGE('',*,*,#1384,.T.);
#489=ORIENTED_EDGE('',*,*,#1385,.T.);
#490=ORIENTED_EDGE('',*,*,#1386,.T.);
#491=ORIENTED_EDGE('',*,*,#1387,.F.);
#492=ORIENTED_EDGE('',*,*,#1388,.F.);
#493=ORIENTED_EDGE('',*,*,#1389,.T.);
#494=ORIENTED_EDGE('',*,*,#1390,.T.);
#495=ORIENTED_EDGE('',*,*,#1391,.F.);
#496=ORIENTED_EDGE('',*,*,#1392,.T.);
#497=ORIENTED_EDGE('',*,*,#1393,.T.);
#498=ORIENTED_EDGE('',*,*,#1394,.T.);
#499=ORIENTED_EDGE('',*,*,#1395,.F.);
#500=ORIENTED_EDGE('',*,*,#1396,.F.);
#501=ORIENTED_EDGE('',*,*,#1397,.T.);
#502=ORIENTED_EDGE('',*,*,#1398,.T.);
#503=ORIENTED_EDGE('',*,*,#1399,.F.);
#504=ORIENTED_EDGE('',*,*,#1400,.T.);
#505=ORIENTED_EDGE('',*,*,#1401,.T.);
#506=ORIENTED_EDGE('',*,*,#1402,.T.);
#507=ORIENTED_EDGE('',*,*,#1403,.F.);
#508=ORIENTED_EDGE('',*,*,#1404,.F.);
#509=ORIENTED_EDGE('',*,*,#1405,.T.);
#510=ORIENTED_EDGE('',*,*,#1406,.T.);
#511=ORIENTED_EDGE('',*,*,#1407,.F.);
#512=ORIENTED_EDGE('',*,*,#1408,.T.);
#513=ORIENTED_EDGE('',*,*,#1409,.T.);
#514=ORIENTED_EDGE('',*,*,#1410,.T.);
#515=ORIENTED_EDGE('',*,*,#1411,.F.);
#516=ORIENTED_EDGE('',*,*,#1412,.F.);
#517=ORIENTED_EDGE('',*,*,#1413,.T.);
#518=ORIENTED_EDGE('',*,*,#1414,.T.);
#519=ORIENTED_EDGE('',*,*,#1415,.F.);
#520=ORIENTED_EDGE('',*,*,#1416,.T.);
#521=ORIENTED_EDGE('',*,*,#1168,.F.);
#522=ORIENTED_EDGE('',*,*,#1237,.F.);
#523=ORIENTED_EDGE('',*,*,#1240,.F.);
#524=ORIENTED_EDGE('',*,*,#1357,.T.);
#525=ORIENTED_EDGE('',*,*,#1241,.T.);
#526=ORIENTED_EDGE('',*,*,#1141,.T.);
#527=ORIENTED_EDGE('',*,*,#1417,.T.);
#528=ORIENTED_EDGE('',*,*,#1418,.T.);
#529=ORIENTED_EDGE('',*,*,#1419,.F.);
#530=ORIENTED_EDGE('',*,*,#1243,.T.);
#531=ORIENTED_EDGE('',*,*,#1249,.T.);
#532=ORIENTED_EDGE('',*,*,#1354,.T.);
#533=ORIENTED_EDGE('',*,*,#1251,.T.);
#534=ORIENTED_EDGE('',*,*,#1254,.F.);
#535=ORIENTED_EDGE('',*,*,#1256,.F.);
#536=ORIENTED_EDGE('',*,*,#1352,.T.);
#537=ORIENTED_EDGE('',*,*,#1257,.T.);
#538=ORIENTED_EDGE('',*,*,#1145,.T.);
#539=ORIENTED_EDGE('',*,*,#1420,.T.);
#540=ORIENTED_EDGE('',*,*,#1421,.T.);
#541=ORIENTED_EDGE('',*,*,#1422,.F.);
#542=ORIENTED_EDGE('',*,*,#1259,.T.);
#543=ORIENTED_EDGE('',*,*,#1265,.T.);
#544=ORIENTED_EDGE('',*,*,#1349,.T.);
#545=ORIENTED_EDGE('',*,*,#1267,.T.);
#546=ORIENTED_EDGE('',*,*,#1270,.F.);
#547=ORIENTED_EDGE('',*,*,#1272,.F.);
#548=ORIENTED_EDGE('',*,*,#1347,.T.);
#549=ORIENTED_EDGE('',*,*,#1273,.T.);
#550=ORIENTED_EDGE('',*,*,#1149,.T.);
#551=ORIENTED_EDGE('',*,*,#1423,.T.);
#552=ORIENTED_EDGE('',*,*,#1424,.T.);
#553=ORIENTED_EDGE('',*,*,#1425,.F.);
#554=ORIENTED_EDGE('',*,*,#1275,.T.);
#555=ORIENTED_EDGE('',*,*,#1281,.T.);
#556=ORIENTED_EDGE('',*,*,#1344,.T.);
#557=ORIENTED_EDGE('',*,*,#1283,.T.);
#558=ORIENTED_EDGE('',*,*,#1286,.F.);
#559=ORIENTED_EDGE('',*,*,#1288,.F.);
#560=ORIENTED_EDGE('',*,*,#1342,.T.);
#561=ORIENTED_EDGE('',*,*,#1289,.T.);
#562=ORIENTED_EDGE('',*,*,#1153,.T.);
#563=ORIENTED_EDGE('',*,*,#1426,.T.);
#564=ORIENTED_EDGE('',*,*,#1427,.T.);
#565=ORIENTED_EDGE('',*,*,#1428,.F.);
#566=ORIENTED_EDGE('',*,*,#1291,.T.);
#567=ORIENTED_EDGE('',*,*,#1297,.T.);
#568=ORIENTED_EDGE('',*,*,#1339,.T.);
#569=ORIENTED_EDGE('',*,*,#1299,.T.);
#570=ORIENTED_EDGE('',*,*,#1302,.F.);
#571=ORIENTED_EDGE('',*,*,#1304,.F.);
#572=ORIENTED_EDGE('',*,*,#1337,.T.);
#573=ORIENTED_EDGE('',*,*,#1305,.T.);
#574=ORIENTED_EDGE('',*,*,#1157,.T.);
#575=ORIENTED_EDGE('',*,*,#1429,.T.);
#576=ORIENTED_EDGE('',*,*,#1430,.T.);
#577=ORIENTED_EDGE('',*,*,#1431,.F.);
#578=ORIENTED_EDGE('',*,*,#1307,.T.);
#579=ORIENTED_EDGE('',*,*,#1313,.T.);
#580=ORIENTED_EDGE('',*,*,#1334,.T.);
#581=ORIENTED_EDGE('',*,*,#1315,.T.);
#582=ORIENTED_EDGE('',*,*,#1318,.F.);
#583=ORIENTED_EDGE('',*,*,#1320,.F.);
#584=ORIENTED_EDGE('',*,*,#1332,.T.);
#585=ORIENTED_EDGE('',*,*,#1321,.T.);
#586=ORIENTED_EDGE('',*,*,#1161,.T.);
#587=ORIENTED_EDGE('',*,*,#1432,.T.);
#588=ORIENTED_EDGE('',*,*,#1433,.F.);
#589=ORIENTED_EDGE('',*,*,#1434,.F.);
#590=ORIENTED_EDGE('',*,*,#1323,.T.);
#591=ORIENTED_EDGE('',*,*,#1329,.T.);
#592=ORIENTED_EDGE('',*,*,#1361,.T.);
#593=ORIENTED_EDGE('',*,*,#1364,.T.);
#594=ORIENTED_EDGE('',*,*,#1365,.F.);
#595=ORIENTED_EDGE('',*,*,#1366,.F.);
#596=ORIENTED_EDGE('',*,*,#1435,.F.);
#597=ORIENTED_EDGE('',*,*,#1367,.T.);
#598=ORIENTED_EDGE('',*,*,#1325,.F.);
#599=ORIENTED_EDGE('',*,*,#1436,.T.);
#600=ORIENTED_EDGE('',*,*,#1330,.F.);
#601=ORIENTED_EDGE('',*,*,#1327,.F.);
#602=ORIENTED_EDGE('',*,*,#1309,.F.);
#603=ORIENTED_EDGE('',*,*,#1437,.T.);
#604=ORIENTED_EDGE('',*,*,#1335,.F.);
#605=ORIENTED_EDGE('',*,*,#1311,.F.);
#606=ORIENTED_EDGE('',*,*,#1293,.F.);
#607=ORIENTED_EDGE('',*,*,#1438,.T.);
#608=ORIENTED_EDGE('',*,*,#1340,.F.);
#609=ORIENTED_EDGE('',*,*,#1295,.F.);
#610=ORIENTED_EDGE('',*,*,#1277,.F.);
#611=ORIENTED_EDGE('',*,*,#1439,.T.);
#612=ORIENTED_EDGE('',*,*,#1345,.F.);
#613=ORIENTED_EDGE('',*,*,#1279,.F.);
#614=ORIENTED_EDGE('',*,*,#1261,.F.);
#615=ORIENTED_EDGE('',*,*,#1440,.T.);
#616=ORIENTED_EDGE('',*,*,#1350,.F.);
#617=ORIENTED_EDGE('',*,*,#1263,.F.);
#618=ORIENTED_EDGE('',*,*,#1245,.F.);
#619=ORIENTED_EDGE('',*,*,#1441,.T.);
#620=ORIENTED_EDGE('',*,*,#1355,.F.);
#621=ORIENTED_EDGE('',*,*,#1247,.F.);
#622=ORIENTED_EDGE('',*,*,#1442,.F.);
#623=ORIENTED_EDGE('',*,*,#1443,.T.);
#624=ORIENTED_EDGE('',*,*,#1358,.F.);
#625=ORIENTED_EDGE('',*,*,#1238,.T.);
#626=ORIENTED_EDGE('',*,*,#1235,.T.);
#627=ORIENTED_EDGE('',*,*,#1170,.T.);
#628=ORIENTED_EDGE('',*,*,#1362,.T.);
#629=ORIENTED_EDGE('',*,*,#1444,.T.);
#630=ORIENTED_EDGE('',*,*,#1333,.F.);
#631=ORIENTED_EDGE('',*,*,#1445,.T.);
#632=ORIENTED_EDGE('',*,*,#1446,.F.);
#633=ORIENTED_EDGE('',*,*,#1447,.F.);
#634=ORIENTED_EDGE('',*,*,#1448,.F.);
#635=ORIENTED_EDGE('',*,*,#1449,.T.);
#636=ORIENTED_EDGE('',*,*,#1450,.F.);
#637=ORIENTED_EDGE('',*,*,#1451,.F.);
#638=ORIENTED_EDGE('',*,*,#1359,.F.);
#639=ORIENTED_EDGE('',*,*,#1452,.T.);
#640=ORIENTED_EDGE('',*,*,#1453,.F.);
#641=ORIENTED_EDGE('',*,*,#1454,.F.);
#642=ORIENTED_EDGE('',*,*,#1455,.T.);
#643=ORIENTED_EDGE('',*,*,#1456,.T.);
#644=ORIENTED_EDGE('',*,*,#1457,.F.);
#645=ORIENTED_EDGE('',*,*,#1458,.F.);
#646=ORIENTED_EDGE('',*,*,#1353,.F.);
#647=ORIENTED_EDGE('',*,*,#1459,.T.);
#648=ORIENTED_EDGE('',*,*,#1460,.F.);
#649=ORIENTED_EDGE('',*,*,#1461,.F.);
#650=ORIENTED_EDGE('',*,*,#1462,.T.);
#651=ORIENTED_EDGE('',*,*,#1463,.T.);
#652=ORIENTED_EDGE('',*,*,#1464,.F.);
#653=ORIENTED_EDGE('',*,*,#1465,.F.);
#654=ORIENTED_EDGE('',*,*,#1348,.F.);
#655=ORIENTED_EDGE('',*,*,#1466,.T.);
#656=ORIENTED_EDGE('',*,*,#1467,.F.);
#657=ORIENTED_EDGE('',*,*,#1468,.F.);
#658=ORIENTED_EDGE('',*,*,#1469,.T.);
#659=ORIENTED_EDGE('',*,*,#1470,.T.);
#660=ORIENTED_EDGE('',*,*,#1471,.F.);
#661=ORIENTED_EDGE('',*,*,#1472,.F.);
#662=ORIENTED_EDGE('',*,*,#1343,.F.);
#663=ORIENTED_EDGE('',*,*,#1473,.T.);
#664=ORIENTED_EDGE('',*,*,#1474,.F.);
#665=ORIENTED_EDGE('',*,*,#1475,.F.);
#666=ORIENTED_EDGE('',*,*,#1476,.T.);
#667=ORIENTED_EDGE('',*,*,#1477,.T.);
#668=ORIENTED_EDGE('',*,*,#1478,.F.);
#669=ORIENTED_EDGE('',*,*,#1479,.F.);
#670=ORIENTED_EDGE('',*,*,#1338,.F.);
#671=ORIENTED_EDGE('',*,*,#1480,.T.);
#672=ORIENTED_EDGE('',*,*,#1481,.F.);
#673=ORIENTED_EDGE('',*,*,#1482,.F.);
#674=ORIENTED_EDGE('',*,*,#1483,.T.);
#675=ORIENTED_EDGE('',*,*,#1484,.T.);
#676=ORIENTED_EDGE('',*,*,#1485,.F.);
#677=ORIENTED_EDGE('',*,*,#1486,.F.);
#678=ORIENTED_EDGE('',*,*,#1356,.F.);
#679=ORIENTED_EDGE('',*,*,#1487,.T.);
#680=ORIENTED_EDGE('',*,*,#1488,.F.);
#681=ORIENTED_EDGE('',*,*,#1489,.F.);
#682=ORIENTED_EDGE('',*,*,#1331,.F.);
#683=ORIENTED_EDGE('',*,*,#1490,.T.);
#684=ORIENTED_EDGE('',*,*,#1491,.T.);
#685=ORIENTED_EDGE('',*,*,#1492,.F.);
#686=ORIENTED_EDGE('',*,*,#1351,.F.);
#687=ORIENTED_EDGE('',*,*,#1493,.T.);
#688=ORIENTED_EDGE('',*,*,#1494,.F.);
#689=ORIENTED_EDGE('',*,*,#1495,.F.);
#690=ORIENTED_EDGE('',*,*,#1346,.F.);
#691=ORIENTED_EDGE('',*,*,#1496,.T.);
#692=ORIENTED_EDGE('',*,*,#1497,.F.);
#693=ORIENTED_EDGE('',*,*,#1498,.F.);
#694=ORIENTED_EDGE('',*,*,#1341,.F.);
#695=ORIENTED_EDGE('',*,*,#1499,.T.);
#696=ORIENTED_EDGE('',*,*,#1500,.F.);
#697=ORIENTED_EDGE('',*,*,#1501,.F.);
#698=ORIENTED_EDGE('',*,*,#1336,.F.);
#699=ORIENTED_EDGE('',*,*,#1502,.T.);
#700=ORIENTED_EDGE('',*,*,#1503,.F.);
#701=ORIENTED_EDGE('',*,*,#1504,.F.);
#702=ORIENTED_EDGE('',*,*,#1165,.F.);
#703=ORIENTED_EDGE('',*,*,#1223,.T.);
#704=ORIENTED_EDGE('',*,*,#1505,.F.);
#705=ORIENTED_EDGE('',*,*,#1368,.F.);
#706=ORIENTED_EDGE('',*,*,#1506,.F.);
#707=ORIENTED_EDGE('',*,*,#1507,.F.);
#708=ORIENTED_EDGE('',*,*,#1508,.T.);
#709=ORIENTED_EDGE('',*,*,#1371,.T.);
#710=ORIENTED_EDGE('',*,*,#1509,.T.);
#711=ORIENTED_EDGE('',*,*,#1449,.F.);
#712=ORIENTED_EDGE('',*,*,#1510,.F.);
#713=ORIENTED_EDGE('',*,*,#1511,.T.);
#714=ORIENTED_EDGE('',*,*,#1512,.T.);
#715=ORIENTED_EDGE('',*,*,#1490,.F.);
#716=ORIENTED_EDGE('',*,*,#1436,.F.);
#717=ORIENTED_EDGE('',*,*,#1324,.F.);
#718=ORIENTED_EDGE('',*,*,#1434,.T.);
#719=ORIENTED_EDGE('',*,*,#1413,.F.);
#720=ORIENTED_EDGE('',*,*,#1513,.T.);
#721=ORIENTED_EDGE('',*,*,#1514,.T.);
#722=ORIENTED_EDGE('',*,*,#1515,.F.);
#723=ORIENTED_EDGE('',*,*,#1417,.F.);
#724=ORIENTED_EDGE('',*,*,#1140,.T.);
#725=ORIENTED_EDGE('',*,*,#1219,.T.);
#726=ORIENTED_EDGE('',*,*,#1489,.T.);
#727=ORIENTED_EDGE('',*,*,#1516,.T.);
#728=ORIENTED_EDGE('',*,*,#1517,.F.);
#729=ORIENTED_EDGE('',*,*,#1518,.F.);
#730=ORIENTED_EDGE('',*,*,#1454,.T.);
#731=ORIENTED_EDGE('',*,*,#1519,.F.);
#732=ORIENTED_EDGE('',*,*,#1169,.F.);
#733=ORIENTED_EDGE('',*,*,#1416,.F.);
#734=ORIENTED_EDGE('',*,*,#1520,.T.);
#735=ORIENTED_EDGE('',*,*,#1442,.T.);
#736=ORIENTED_EDGE('',*,*,#1222,.T.);
#737=ORIENTED_EDGE('',*,*,#1451,.T.);
#738=ORIENTED_EDGE('',*,*,#1521,.F.);
#739=ORIENTED_EDGE('',*,*,#1369,.F.);
#740=ORIENTED_EDGE('',*,*,#1505,.T.);
#741=ORIENTED_EDGE('',*,*,#1450,.T.);
#742=ORIENTED_EDGE('',*,*,#1509,.F.);
#743=ORIENTED_EDGE('',*,*,#1370,.F.);
#744=ORIENTED_EDGE('',*,*,#1521,.T.);
#745=ORIENTED_EDGE('',*,*,#1444,.F.);
#746=ORIENTED_EDGE('',*,*,#1435,.T.);
#747=ORIENTED_EDGE('',*,*,#1453,.T.);
#748=ORIENTED_EDGE('',*,*,#1522,.F.);
#749=ORIENTED_EDGE('',*,*,#1414,.F.);
#750=ORIENTED_EDGE('',*,*,#1519,.T.);
#751=ORIENTED_EDGE('',*,*,#1443,.F.);
#752=ORIENTED_EDGE('',*,*,#1520,.F.);
#753=ORIENTED_EDGE('',*,*,#1415,.T.);
#754=ORIENTED_EDGE('',*,*,#1522,.T.);
#755=ORIENTED_EDGE('',*,*,#1452,.F.);
#756=ORIENTED_EDGE('',*,*,#1517,.T.);
#757=ORIENTED_EDGE('',*,*,#1523,.T.);
#758=ORIENTED_EDGE('',*,*,#1524,.F.);
#759=ORIENTED_EDGE('',*,*,#1525,.F.);
#760=ORIENTED_EDGE('',*,*,#1518,.T.);
#761=ORIENTED_EDGE('',*,*,#1525,.T.);
#762=ORIENTED_EDGE('',*,*,#1526,.T.);
#763=ORIENTED_EDGE('',*,*,#1455,.F.);
#764=ORIENTED_EDGE('',*,*,#1488,.T.);
#765=ORIENTED_EDGE('',*,*,#1527,.F.);
#766=ORIENTED_EDGE('',*,*,#1523,.F.);
#767=ORIENTED_EDGE('',*,*,#1516,.F.);
#768=ORIENTED_EDGE('',*,*,#1528,.T.);
#769=ORIENTED_EDGE('',*,*,#1529,.T.);
#770=ORIENTED_EDGE('',*,*,#1530,.F.);
#771=ORIENTED_EDGE('',*,*,#1514,.F.);
#772=ORIENTED_EDGE('',*,*,#1412,.T.);
#773=ORIENTED_EDGE('',*,*,#1531,.F.);
#774=ORIENTED_EDGE('',*,*,#1528,.F.);
#775=ORIENTED_EDGE('',*,*,#1513,.F.);
#776=ORIENTED_EDGE('',*,*,#1515,.T.);
#777=ORIENTED_EDGE('',*,*,#1530,.T.);
#778=ORIENTED_EDGE('',*,*,#1532,.T.);
#779=ORIENTED_EDGE('',*,*,#1418,.F.);
#780=ORIENTED_EDGE('',*,*,#1533,.T.);
#781=ORIENTED_EDGE('',*,*,#1534,.F.);
#782=ORIENTED_EDGE('',*,*,#1491,.F.);
#783=ORIENTED_EDGE('',*,*,#1512,.F.);
#784=ORIENTED_EDGE('',*,*,#1510,.T.);
#785=ORIENTED_EDGE('',*,*,#1448,.T.);
#786=ORIENTED_EDGE('',*,*,#1535,.T.);
#787=ORIENTED_EDGE('',*,*,#1536,.F.);
#788=ORIENTED_EDGE('',*,*,#1536,.T.);
#789=ORIENTED_EDGE('',*,*,#1537,.T.);
#790=ORIENTED_EDGE('',*,*,#1533,.F.);
#791=ORIENTED_EDGE('',*,*,#1511,.F.);
#792=ORIENTED_EDGE('',*,*,#1506,.T.);
#793=ORIENTED_EDGE('',*,*,#1433,.T.);
#794=ORIENTED_EDGE('',*,*,#1538,.T.);
#795=ORIENTED_EDGE('',*,*,#1539,.F.);
#796=ORIENTED_EDGE('',*,*,#1507,.T.);
#797=ORIENTED_EDGE('',*,*,#1539,.T.);
#798=ORIENTED_EDGE('',*,*,#1540,.F.);
#799=ORIENTED_EDGE('',*,*,#1541,.F.);
#800=ORIENTED_EDGE('',*,*,#1541,.T.);
#801=ORIENTED_EDGE('',*,*,#1542,.F.);
#802=ORIENTED_EDGE('',*,*,#1372,.F.);
#803=ORIENTED_EDGE('',*,*,#1508,.F.);
#804=ORIENTED_EDGE('',*,*,#1532,.F.);
#805=ORIENTED_EDGE('',*,*,#1529,.F.);
#806=ORIENTED_EDGE('',*,*,#1531,.T.);
#807=ORIENTED_EDGE('',*,*,#1411,.T.);
#808=ORIENTED_EDGE('',*,*,#1543,.T.);
#809=ORIENTED_EDGE('',*,*,#1456,.F.);
#810=ORIENTED_EDGE('',*,*,#1526,.F.);
#811=ORIENTED_EDGE('',*,*,#1524,.T.);
#812=ORIENTED_EDGE('',*,*,#1527,.T.);
#813=ORIENTED_EDGE('',*,*,#1487,.F.);
#814=ORIENTED_EDGE('',*,*,#1441,.F.);
#815=ORIENTED_EDGE('',*,*,#1244,.F.);
#816=ORIENTED_EDGE('',*,*,#1419,.T.);
#817=ORIENTED_EDGE('',*,*,#1405,.F.);
#818=ORIENTED_EDGE('',*,*,#1544,.T.);
#819=ORIENTED_EDGE('',*,*,#1545,.T.);
#820=ORIENTED_EDGE('',*,*,#1546,.F.);
#821=ORIENTED_EDGE('',*,*,#1420,.F.);
#822=ORIENTED_EDGE('',*,*,#1144,.T.);
#823=ORIENTED_EDGE('',*,*,#1208,.T.);
#824=ORIENTED_EDGE('',*,*,#1495,.T.);
#825=ORIENTED_EDGE('',*,*,#1547,.T.);
#826=ORIENTED_EDGE('',*,*,#1548,.F.);
#827=ORIENTED_EDGE('',*,*,#1549,.F.);
#828=ORIENTED_EDGE('',*,*,#1461,.T.);
#829=ORIENTED_EDGE('',*,*,#1550,.F.);
#830=ORIENTED_EDGE('',*,*,#1228,.T.);
#831=ORIENTED_EDGE('',*,*,#1551,.F.);
#832=ORIENTED_EDGE('',*,*,#1408,.F.);
#833=ORIENTED_EDGE('',*,*,#1552,.T.);
#834=ORIENTED_EDGE('',*,*,#1227,.T.);
#835=ORIENTED_EDGE('',*,*,#1458,.T.);
#836=ORIENTED_EDGE('',*,*,#1553,.F.);
#837=ORIENTED_EDGE('',*,*,#1409,.F.);
#838=ORIENTED_EDGE('',*,*,#1551,.T.);
#839=ORIENTED_EDGE('',*,*,#1457,.T.);
#840=ORIENTED_EDGE('',*,*,#1543,.F.);
#841=ORIENTED_EDGE('',*,*,#1410,.F.);
#842=ORIENTED_EDGE('',*,*,#1553,.T.);
#843=ORIENTED_EDGE('',*,*,#1460,.T.);
#844=ORIENTED_EDGE('',*,*,#1554,.F.);
#845=ORIENTED_EDGE('',*,*,#1406,.F.);
#846=ORIENTED_EDGE('',*,*,#1550,.T.);
#847=ORIENTED_EDGE('',*,*,#1229,.F.);
#848=ORIENTED_EDGE('',*,*,#1552,.F.);
#849=ORIENTED_EDGE('',*,*,#1407,.T.);
#850=ORIENTED_EDGE('',*,*,#1554,.T.);
#851=ORIENTED_EDGE('',*,*,#1459,.F.);
#852=ORIENTED_EDGE('',*,*,#1548,.T.);
#853=ORIENTED_EDGE('',*,*,#1555,.T.);
#854=ORIENTED_EDGE('',*,*,#1556,.F.);
#855=ORIENTED_EDGE('',*,*,#1557,.F.);
#856=ORIENTED_EDGE('',*,*,#1549,.T.);
#857=ORIENTED_EDGE('',*,*,#1557,.T.);
#858=ORIENTED_EDGE('',*,*,#1558,.T.);
#859=ORIENTED_EDGE('',*,*,#1462,.F.);
#860=ORIENTED_EDGE('',*,*,#1494,.T.);
#861=ORIENTED_EDGE('',*,*,#1559,.F.);
#862=ORIENTED_EDGE('',*,*,#1555,.F.);
#863=ORIENTED_EDGE('',*,*,#1547,.F.);
#864=ORIENTED_EDGE('',*,*,#1560,.T.);
#865=ORIENTED_EDGE('',*,*,#1561,.T.);
#866=ORIENTED_EDGE('',*,*,#1562,.F.);
#867=ORIENTED_EDGE('',*,*,#1545,.F.);
#868=ORIENTED_EDGE('',*,*,#1404,.T.);
#869=ORIENTED_EDGE('',*,*,#1563,.F.);
#870=ORIENTED_EDGE('',*,*,#1560,.F.);
#871=ORIENTED_EDGE('',*,*,#1544,.F.);
#872=ORIENTED_EDGE('',*,*,#1546,.T.);
#873=ORIENTED_EDGE('',*,*,#1562,.T.);
#874=ORIENTED_EDGE('',*,*,#1564,.T.);
#875=ORIENTED_EDGE('',*,*,#1421,.F.);
#876=ORIENTED_EDGE('',*,*,#1564,.F.);
#877=ORIENTED_EDGE('',*,*,#1561,.F.);
#878=ORIENTED_EDGE('',*,*,#1563,.T.);
#879=ORIENTED_EDGE('',*,*,#1403,.T.);
#880=ORIENTED_EDGE('',*,*,#1565,.T.);
#881=ORIENTED_EDGE('',*,*,#1463,.F.);
#882=ORIENTED_EDGE('',*,*,#1558,.F.);
#883=ORIENTED_EDGE('',*,*,#1556,.T.);
#884=ORIENTED_EDGE('',*,*,#1559,.T.);
#885=ORIENTED_EDGE('',*,*,#1493,.F.);
#886=ORIENTED_EDGE('',*,*,#1440,.F.);
#887=ORIENTED_EDGE('',*,*,#1260,.F.);
#888=ORIENTED_EDGE('',*,*,#1422,.T.);
#889=ORIENTED_EDGE('',*,*,#1397,.F.);
#890=ORIENTED_EDGE('',*,*,#1566,.T.);
#891=ORIENTED_EDGE('',*,*,#1567,.T.);
#892=ORIENTED_EDGE('',*,*,#1568,.F.);
#893=ORIENTED_EDGE('',*,*,#1423,.F.);
#894=ORIENTED_EDGE('',*,*,#1148,.T.);
#895=ORIENTED_EDGE('',*,*,#1197,.T.);
#896=ORIENTED_EDGE('',*,*,#1498,.T.);
#897=ORIENTED_EDGE('',*,*,#1569,.T.);
#898=ORIENTED_EDGE('',*,*,#1570,.F.);
#899=ORIENTED_EDGE('',*,*,#1571,.F.);
#900=ORIENTED_EDGE('',*,*,#1468,.T.);
#901=ORIENTED_EDGE('',*,*,#1572,.F.);
#902=ORIENTED_EDGE('',*,*,#1212,.T.);
#903=ORIENTED_EDGE('',*,*,#1573,.F.);
#904=ORIENTED_EDGE('',*,*,#1400,.F.);
#905=ORIENTED_EDGE('',*,*,#1574,.T.);
#906=ORIENTED_EDGE('',*,*,#1211,.T.);
#907=ORIENTED_EDGE('',*,*,#1465,.T.);
#908=ORIENTED_EDGE('',*,*,#1575,.F.);
#909=ORIENTED_EDGE('',*,*,#1401,.F.);
#910=ORIENTED_EDGE('',*,*,#1573,.T.);
#911=ORIENTED_EDGE('',*,*,#1464,.T.);
#912=ORIENTED_EDGE('',*,*,#1565,.F.);
#913=ORIENTED_EDGE('',*,*,#1402,.F.);
#914=ORIENTED_EDGE('',*,*,#1575,.T.);
#915=ORIENTED_EDGE('',*,*,#1467,.T.);
#916=ORIENTED_EDGE('',*,*,#1576,.F.);
#917=ORIENTED_EDGE('',*,*,#1398,.F.);
#918=ORIENTED_EDGE('',*,*,#1572,.T.);
#919=ORIENTED_EDGE('',*,*,#1213,.F.);
#920=ORIENTED_EDGE('',*,*,#1574,.F.);
#921=ORIENTED_EDGE('',*,*,#1399,.T.);
#922=ORIENTED_EDGE('',*,*,#1576,.T.);
#923=ORIENTED_EDGE('',*,*,#1466,.F.);
#924=ORIENTED_EDGE('',*,*,#1570,.T.);
#925=ORIENTED_EDGE('',*,*,#1577,.T.);
#926=ORIENTED_EDGE('',*,*,#1578,.F.);
#927=ORIENTED_EDGE('',*,*,#1579,.F.);
#928=ORIENTED_EDGE('',*,*,#1571,.T.);
#929=ORIENTED_EDGE('',*,*,#1579,.T.);
#930=ORIENTED_EDGE('',*,*,#1580,.T.);
#931=ORIENTED_EDGE('',*,*,#1469,.F.);
#932=ORIENTED_EDGE('',*,*,#1497,.T.);
#933=ORIENTED_EDGE('',*,*,#1581,.F.);
#934=ORIENTED_EDGE('',*,*,#1577,.F.);
#935=ORIENTED_EDGE('',*,*,#1569,.F.);
#936=ORIENTED_EDGE('',*,*,#1582,.T.);
#937=ORIENTED_EDGE('',*,*,#1583,.T.);
#938=ORIENTED_EDGE('',*,*,#1584,.F.);
#939=ORIENTED_EDGE('',*,*,#1567,.F.);
#940=ORIENTED_EDGE('',*,*,#1396,.T.);
#941=ORIENTED_EDGE('',*,*,#1585,.F.);
#942=ORIENTED_EDGE('',*,*,#1582,.F.);
#943=ORIENTED_EDGE('',*,*,#1566,.F.);
#944=ORIENTED_EDGE('',*,*,#1568,.T.);
#945=ORIENTED_EDGE('',*,*,#1584,.T.);
#946=ORIENTED_EDGE('',*,*,#1586,.T.);
#947=ORIENTED_EDGE('',*,*,#1424,.F.);
#948=ORIENTED_EDGE('',*,*,#1586,.F.);
#949=ORIENTED_EDGE('',*,*,#1583,.F.);
#950=ORIENTED_EDGE('',*,*,#1585,.T.);
#951=ORIENTED_EDGE('',*,*,#1395,.T.);
#952=ORIENTED_EDGE('',*,*,#1587,.T.);
#953=ORIENTED_EDGE('',*,*,#1470,.F.);
#954=ORIENTED_EDGE('',*,*,#1580,.F.);
#955=ORIENTED_EDGE('',*,*,#1578,.T.);
#956=ORIENTED_EDGE('',*,*,#1581,.T.);
#957=ORIENTED_EDGE('',*,*,#1496,.F.);
#958=ORIENTED_EDGE('',*,*,#1439,.F.);
#959=ORIENTED_EDGE('',*,*,#1276,.F.);
#960=ORIENTED_EDGE('',*,*,#1425,.T.);
#961=ORIENTED_EDGE('',*,*,#1389,.F.);
#962=ORIENTED_EDGE('',*,*,#1588,.T.);
#963=ORIENTED_EDGE('',*,*,#1589,.T.);
#964=ORIENTED_EDGE('',*,*,#1590,.F.);
#965=ORIENTED_EDGE('',*,*,#1426,.F.);
#966=ORIENTED_EDGE('',*,*,#1152,.T.);
#967=ORIENTED_EDGE('',*,*,#1186,.T.);
#968=ORIENTED_EDGE('',*,*,#1501,.T.);
#969=ORIENTED_EDGE('',*,*,#1591,.T.);
#970=ORIENTED_EDGE('',*,*,#1592,.F.);
#971=ORIENTED_EDGE('',*,*,#1593,.F.);
#972=ORIENTED_EDGE('',*,*,#1475,.T.);
#973=ORIENTED_EDGE('',*,*,#1594,.F.);
#974=ORIENTED_EDGE('',*,*,#1201,.T.);
#975=ORIENTED_EDGE('',*,*,#1595,.F.);
#976=ORIENTED_EDGE('',*,*,#1392,.F.);
#977=ORIENTED_EDGE('',*,*,#1596,.T.);
#978=ORIENTED_EDGE('',*,*,#1200,.T.);
#979=ORIENTED_EDGE('',*,*,#1472,.T.);
#980=ORIENTED_EDGE('',*,*,#1597,.F.);
#981=ORIENTED_EDGE('',*,*,#1393,.F.);
#982=ORIENTED_EDGE('',*,*,#1595,.T.);
#983=ORIENTED_EDGE('',*,*,#1471,.T.);
#984=ORIENTED_EDGE('',*,*,#1587,.F.);
#985=ORIENTED_EDGE('',*,*,#1394,.F.);
#986=ORIENTED_EDGE('',*,*,#1597,.T.);
#987=ORIENTED_EDGE('',*,*,#1474,.T.);
#988=ORIENTED_EDGE('',*,*,#1598,.F.);
#989=ORIENTED_EDGE('',*,*,#1390,.F.);
#990=ORIENTED_EDGE('',*,*,#1594,.T.);
#991=ORIENTED_EDGE('',*,*,#1202,.F.);
#992=ORIENTED_EDGE('',*,*,#1596,.F.);
#993=ORIENTED_EDGE('',*,*,#1391,.T.);
#994=ORIENTED_EDGE('',*,*,#1598,.T.);
#995=ORIENTED_EDGE('',*,*,#1473,.F.);
#996=ORIENTED_EDGE('',*,*,#1592,.T.);
#997=ORIENTED_EDGE('',*,*,#1599,.T.);
#998=ORIENTED_EDGE('',*,*,#1600,.F.);
#999=ORIENTED_EDGE('',*,*,#1601,.F.);
#1000=ORIENTED_EDGE('',*,*,#1593,.T.);
#1001=ORIENTED_EDGE('',*,*,#1601,.T.);
#1002=ORIENTED_EDGE('',*,*,#1602,.T.);
#1003=ORIENTED_EDGE('',*,*,#1476,.F.);
#1004=ORIENTED_EDGE('',*,*,#1500,.T.);
#1005=ORIENTED_EDGE('',*,*,#1603,.F.);
#1006=ORIENTED_EDGE('',*,*,#1599,.F.);
#1007=ORIENTED_EDGE('',*,*,#1591,.F.);
#1008=ORIENTED_EDGE('',*,*,#1604,.T.);
#1009=ORIENTED_EDGE('',*,*,#1605,.T.);
#1010=ORIENTED_EDGE('',*,*,#1606,.F.);
#1011=ORIENTED_EDGE('',*,*,#1589,.F.);
#1012=ORIENTED_EDGE('',*,*,#1388,.T.);
#1013=ORIENTED_EDGE('',*,*,#1607,.F.);
#1014=ORIENTED_EDGE('',*,*,#1604,.F.);
#1015=ORIENTED_EDGE('',*,*,#1588,.F.);
#1016=ORIENTED_EDGE('',*,*,#1590,.T.);
#1017=ORIENTED_EDGE('',*,*,#1606,.T.);
#1018=ORIENTED_EDGE('',*,*,#1608,.T.);
#1019=ORIENTED_EDGE('',*,*,#1427,.F.);
#1020=ORIENTED_EDGE('',*,*,#1608,.F.);
#1021=ORIENTED_EDGE('',*,*,#1605,.F.);
#1022=ORIENTED_EDGE('',*,*,#1607,.T.);
#1023=ORIENTED_EDGE('',*,*,#1387,.T.);
#1024=ORIENTED_EDGE('',*,*,#1609,.T.);
#1025=ORIENTED_EDGE('',*,*,#1477,.F.);
#1026=ORIENTED_EDGE('',*,*,#1602,.F.);
#1027=ORIENTED_EDGE('',*,*,#1600,.T.);
#1028=ORIENTED_EDGE('',*,*,#1603,.T.);
#1029=ORIENTED_EDGE('',*,*,#1499,.F.);
#1030=ORIENTED_EDGE('',*,*,#1438,.F.);
#1031=ORIENTED_EDGE('',*,*,#1292,.F.);
#1032=ORIENTED_EDGE('',*,*,#1428,.T.);
#1033=ORIENTED_EDGE('',*,*,#1381,.F.);
#1034=ORIENTED_EDGE('',*,*,#1610,.T.);
#1035=ORIENTED_EDGE('',*,*,#1611,.T.);
#1036=ORIENTED_EDGE('',*,*,#1612,.F.);
#1037=ORIENTED_EDGE('',*,*,#1429,.F.);
#1038=ORIENTED_EDGE('',*,*,#1156,.T.);
#1039=ORIENTED_EDGE('',*,*,#1175,.T.);
#1040=ORIENTED_EDGE('',*,*,#1504,.T.);
#1041=ORIENTED_EDGE('',*,*,#1613,.T.);
#1042=ORIENTED_EDGE('',*,*,#1614,.F.);
#1043=ORIENTED_EDGE('',*,*,#1615,.F.);
#1044=ORIENTED_EDGE('',*,*,#1482,.T.);
#1045=ORIENTED_EDGE('',*,*,#1616,.F.);
#1046=ORIENTED_EDGE('',*,*,#1190,.T.);
#1047=ORIENTED_EDGE('',*,*,#1617,.F.);
#1048=ORIENTED_EDGE('',*,*,#1384,.F.);
#1049=ORIENTED_EDGE('',*,*,#1618,.T.);
#1050=ORIENTED_EDGE('',*,*,#1189,.T.);
#1051=ORIENTED_EDGE('',*,*,#1479,.T.);
#1052=ORIENTED_EDGE('',*,*,#1619,.F.);
#1053=ORIENTED_EDGE('',*,*,#1385,.F.);
#1054=ORIENTED_EDGE('',*,*,#1617,.T.);
#1055=ORIENTED_EDGE('',*,*,#1478,.T.);
#1056=ORIENTED_EDGE('',*,*,#1609,.F.);
#1057=ORIENTED_EDGE('',*,*,#1386,.F.);
#1058=ORIENTED_EDGE('',*,*,#1619,.T.);
#1059=ORIENTED_EDGE('',*,*,#1481,.T.);
#1060=ORIENTED_EDGE('',*,*,#1620,.F.);
#1061=ORIENTED_EDGE('',*,*,#1382,.F.);
#1062=ORIENTED_EDGE('',*,*,#1616,.T.);
#1063=ORIENTED_EDGE('',*,*,#1191,.F.);
#1064=ORIENTED_EDGE('',*,*,#1618,.F.);
#1065=ORIENTED_EDGE('',*,*,#1383,.T.);
#1066=ORIENTED_EDGE('',*,*,#1620,.T.);
#1067=ORIENTED_EDGE('',*,*,#1480,.F.);
#1068=ORIENTED_EDGE('',*,*,#1614,.T.);
#1069=ORIENTED_EDGE('',*,*,#1621,.T.);
#1070=ORIENTED_EDGE('',*,*,#1622,.F.);
#1071=ORIENTED_EDGE('',*,*,#1623,.F.);
#1072=ORIENTED_EDGE('',*,*,#1615,.T.);
#1073=ORIENTED_EDGE('',*,*,#1623,.T.);
#1074=ORIENTED_EDGE('',*,*,#1624,.T.);
#1075=ORIENTED_EDGE('',*,*,#1483,.F.);
#1076=ORIENTED_EDGE('',*,*,#1503,.T.);
#1077=ORIENTED_EDGE('',*,*,#1625,.F.);
#1078=ORIENTED_EDGE('',*,*,#1621,.F.);
#1079=ORIENTED_EDGE('',*,*,#1613,.F.);
#1080=ORIENTED_EDGE('',*,*,#1626,.T.);
#1081=ORIENTED_EDGE('',*,*,#1627,.T.);
#1082=ORIENTED_EDGE('',*,*,#1628,.F.);
#1083=ORIENTED_EDGE('',*,*,#1611,.F.);
#1084=ORIENTED_EDGE('',*,*,#1380,.T.);
#1085=ORIENTED_EDGE('',*,*,#1629,.F.);
#1086=ORIENTED_EDGE('',*,*,#1626,.F.);
#1087=ORIENTED_EDGE('',*,*,#1610,.F.);
#1088=ORIENTED_EDGE('',*,*,#1612,.T.);
#1089=ORIENTED_EDGE('',*,*,#1628,.T.);
#1090=ORIENTED_EDGE('',*,*,#1630,.T.);
#1091=ORIENTED_EDGE('',*,*,#1430,.F.);
#1092=ORIENTED_EDGE('',*,*,#1630,.F.);
#1093=ORIENTED_EDGE('',*,*,#1627,.F.);
#1094=ORIENTED_EDGE('',*,*,#1629,.T.);
#1095=ORIENTED_EDGE('',*,*,#1379,.T.);
#1096=ORIENTED_EDGE('',*,*,#1631,.T.);
#1097=ORIENTED_EDGE('',*,*,#1484,.F.);
#1098=ORIENTED_EDGE('',*,*,#1624,.F.);
#1099=ORIENTED_EDGE('',*,*,#1622,.T.);
#1100=ORIENTED_EDGE('',*,*,#1625,.T.);
#1101=ORIENTED_EDGE('',*,*,#1502,.F.);
#1102=ORIENTED_EDGE('',*,*,#1437,.F.);
#1103=ORIENTED_EDGE('',*,*,#1308,.F.);
#1104=ORIENTED_EDGE('',*,*,#1431,.T.);
#1105=ORIENTED_EDGE('',*,*,#1373,.F.);
#1106=ORIENTED_EDGE('',*,*,#1542,.T.);
#1107=ORIENTED_EDGE('',*,*,#1540,.T.);
#1108=ORIENTED_EDGE('',*,*,#1538,.F.);
#1109=ORIENTED_EDGE('',*,*,#1432,.F.);
#1110=ORIENTED_EDGE('',*,*,#1160,.T.);
#1111=ORIENTED_EDGE('',*,*,#1172,.T.);
#1112=ORIENTED_EDGE('',*,*,#1492,.T.);
#1113=ORIENTED_EDGE('',*,*,#1534,.T.);
#1114=ORIENTED_EDGE('',*,*,#1537,.F.);
#1115=ORIENTED_EDGE('',*,*,#1535,.F.);
#1116=ORIENTED_EDGE('',*,*,#1447,.T.);
#1117=ORIENTED_EDGE('',*,*,#1632,.F.);
#1118=ORIENTED_EDGE('',*,*,#1179,.T.);
#1119=ORIENTED_EDGE('',*,*,#1633,.F.);
#1120=ORIENTED_EDGE('',*,*,#1376,.F.);
#1121=ORIENTED_EDGE('',*,*,#1634,.T.);
#1122=ORIENTED_EDGE('',*,*,#1178,.T.);
#1123=ORIENTED_EDGE('',*,*,#1486,.T.);
#1124=ORIENTED_EDGE('',*,*,#1635,.F.);
#1125=ORIENTED_EDGE('',*,*,#1377,.F.);
#1126=ORIENTED_EDGE('',*,*,#1633,.T.);
#1127=ORIENTED_EDGE('',*,*,#1485,.T.);
#1128=ORIENTED_EDGE('',*,*,#1631,.F.);
#1129=ORIENTED_EDGE('',*,*,#1378,.F.);
#1130=ORIENTED_EDGE('',*,*,#1635,.T.);
#1131=ORIENTED_EDGE('',*,*,#1446,.T.);
#1132=ORIENTED_EDGE('',*,*,#1636,.F.);
#1133=ORIENTED_EDGE('',*,*,#1374,.F.);
#1134=ORIENTED_EDGE('',*,*,#1632,.T.);
#1135=ORIENTED_EDGE('',*,*,#1180,.F.);
#1136=ORIENTED_EDGE('',*,*,#1634,.F.);
#1137=ORIENTED_EDGE('',*,*,#1375,.T.);
#1138=ORIENTED_EDGE('',*,*,#1636,.T.);
#1139=ORIENTED_EDGE('',*,*,#1445,.F.);
#1140=EDGE_CURVE('',#1637,#1638,#1962,.T.);
#1141=EDGE_CURVE('',#1639,#1637,#1963,.T.);
#1142=EDGE_CURVE('',#1639,#1640,#1964,.T.);
#1143=EDGE_CURVE('',#1640,#1638,#1965,.T.);
#1144=EDGE_CURVE('',#1641,#1642,#1966,.T.);
#1145=EDGE_CURVE('',#1643,#1641,#1967,.T.);
#1146=EDGE_CURVE('',#1643,#1644,#1968,.T.);
#1147=EDGE_CURVE('',#1644,#1642,#1969,.T.);
#1148=EDGE_CURVE('',#1645,#1646,#1970,.T.);
#1149=EDGE_CURVE('',#1647,#1645,#1971,.T.);
#1150=EDGE_CURVE('',#1647,#1648,#1972,.T.);
#1151=EDGE_CURVE('',#1648,#1646,#1973,.T.);
#1152=EDGE_CURVE('',#1649,#1650,#1974,.T.);
#1153=EDGE_CURVE('',#1651,#1649,#1975,.T.);
#1154=EDGE_CURVE('',#1651,#1652,#1976,.T.);
#1155=EDGE_CURVE('',#1652,#1650,#1977,.T.);
#1156=EDGE_CURVE('',#1653,#1654,#1978,.T.);
#1157=EDGE_CURVE('',#1655,#1653,#1979,.T.);
#1158=EDGE_CURVE('',#1655,#1656,#1980,.T.);
#1159=EDGE_CURVE('',#1656,#1654,#1981,.T.);
#1160=EDGE_CURVE('',#1657,#1658,#1982,.T.);
#1161=EDGE_CURVE('',#1659,#1657,#1983,.T.);
#1162=EDGE_CURVE('',#1659,#1660,#1984,.T.);
#1163=EDGE_CURVE('',#1660,#1658,#1985,.T.);
#1164=EDGE_CURVE('',#1661,#1662,#1986,.T.);
#1165=EDGE_CURVE('',#1661,#1663,#1987,.F.);
#1166=EDGE_CURVE('',#1663,#1664,#1988,.T.);
#1167=EDGE_CURVE('',#1664,#1662,#1989,.T.);
#1168=EDGE_CURVE('',#1665,#1666,#1990,.T.);
#1169=EDGE_CURVE('',#1666,#1667,#1991,.T.);
#1170=EDGE_CURVE('',#1668,#1667,#1992,.T.);
#1171=EDGE_CURVE('',#1665,#1668,#1993,.T.);
#1172=EDGE_CURVE('',#1658,#1669,#1994,.T.);
#1173=EDGE_CURVE('',#1670,#1660,#1995,.T.);
#1174=EDGE_CURVE('',#1669,#1670,#41,.T.);
#1175=EDGE_CURVE('',#1654,#1671,#1996,.T.);
#1176=EDGE_CURVE('',#1672,#1656,#1997,.T.);
#1177=EDGE_CURVE('',#1671,#1672,#42,.T.);
#1178=EDGE_CURVE('',#1673,#1674,#1998,.T.);
#1179=EDGE_CURVE('',#1675,#1673,#43,.T.);
#1180=EDGE_CURVE('',#1675,#1676,#1999,.T.);
#1181=EDGE_CURVE('',#1677,#1676,#44,.T.);
#1182=EDGE_CURVE('',#1677,#1678,#2000,.T.);
#1183=EDGE_CURVE('',#1678,#1679,#45,.T.);
#1184=EDGE_CURVE('',#1680,#1679,#2001,.T.);
#1185=EDGE_CURVE('',#1674,#1680,#46,.T.);
#1186=EDGE_CURVE('',#1650,#1681,#2002,.T.);
#1187=EDGE_CURVE('',#1682,#1652,#2003,.T.);
#1188=EDGE_CURVE('',#1681,#1682,#47,.T.);
#1189=EDGE_CURVE('',#1683,#1684,#2004,.T.);
#1190=EDGE_CURVE('',#1685,#1683,#48,.T.);
#1191=EDGE_CURVE('',#1685,#1686,#2005,.T.);
#1192=EDGE_CURVE('',#1687,#1686,#49,.T.);
#1193=EDGE_CURVE('',#1687,#1688,#2006,.T.);
#1194=EDGE_CURVE('',#1688,#1689,#50,.T.);
#1195=EDGE_CURVE('',#1690,#1689,#2007,.T.);
#1196=EDGE_CURVE('',#1684,#1690,#51,.T.);
#1197=EDGE_CURVE('',#1646,#1691,#2008,.T.);
#1198=EDGE_CURVE('',#1692,#1648,#2009,.T.);
#1199=EDGE_CURVE('',#1691,#1692,#52,.T.);
#1200=EDGE_CURVE('',#1693,#1694,#2010,.T.);
#1201=EDGE_CURVE('',#1695,#1693,#53,.T.);
#1202=EDGE_CURVE('',#1695,#1696,#2011,.T.);
#1203=EDGE_CURVE('',#1697,#1696,#54,.T.);
#1204=EDGE_CURVE('',#1697,#1698,#2012,.T.);
#1205=EDGE_CURVE('',#1698,#1699,#55,.T.);
#1206=EDGE_CURVE('',#1700,#1699,#2013,.T.);
#1207=EDGE_CURVE('',#1694,#1700,#56,.T.);
#1208=EDGE_CURVE('',#1642,#1701,#2014,.T.);
#1209=EDGE_CURVE('',#1702,#1644,#2015,.T.);
#1210=EDGE_CURVE('',#1701,#1702,#57,.T.);
#1211=EDGE_CURVE('',#1703,#1704,#2016,.T.);
#1212=EDGE_CURVE('',#1705,#1703,#58,.T.);
#1213=EDGE_CURVE('',#1705,#1706,#2017,.T.);
#1214=EDGE_CURVE('',#1707,#1706,#59,.T.);
#1215=EDGE_CURVE('',#1707,#1708,#2018,.T.);
#1216=EDGE_CURVE('',#1708,#1709,#60,.T.);
#1217=EDGE_CURVE('',#1710,#1709,#2019,.T.);
#1218=EDGE_CURVE('',#1704,#1710,#61,.T.);
#1219=EDGE_CURVE('',#1638,#1711,#2020,.T.);
#1220=EDGE_CURVE('',#1712,#1640,#2021,.T.);
#1221=EDGE_CURVE('',#1711,#1712,#62,.T.);
#1222=EDGE_CURVE('',#1713,#1714,#2022,.T.);
#1223=EDGE_CURVE('',#1661,#1713,#63,.F.);
#1224=EDGE_CURVE('',#1662,#1715,#64,.T.);
#1225=EDGE_CURVE('',#1716,#1715,#2023,.T.);
#1226=EDGE_CURVE('',#1714,#1716,#65,.T.);
#1227=EDGE_CURVE('',#1717,#1718,#2024,.T.);
#1228=EDGE_CURVE('',#1719,#1717,#66,.T.);
#1229=EDGE_CURVE('',#1719,#1720,#2025,.T.);
#1230=EDGE_CURVE('',#1721,#1720,#67,.T.);
#1231=EDGE_CURVE('',#1721,#1722,#2026,.T.);
#1232=EDGE_CURVE('',#1722,#1723,#68,.T.);
#1233=EDGE_CURVE('',#1724,#1723,#2027,.T.);
#1234=EDGE_CURVE('',#1718,#1724,#69,.T.);
#1235=EDGE_CURVE('',#1725,#1668,#70,.T.);
#1236=EDGE_CURVE('',#1726,#1725,#2028,.T.);
#1237=EDGE_CURVE('',#1726,#1665,#71,.T.);
#1238=EDGE_CURVE('',#1727,#1725,#2029,.T.);
#1239=EDGE_CURVE('',#1728,#1727,#2030,.T.);
#1240=EDGE_CURVE('',#1728,#1726,#2031,.T.);
#1241=EDGE_CURVE('',#1729,#1639,#2032,.T.);
#1242=EDGE_CURVE('',#1729,#1712,#2033,.T.);
#1243=EDGE_CURVE('',#1730,#1731,#2034,.T.);
#1244=EDGE_CURVE('',#1730,#1732,#2035,.T.);
#1245=EDGE_CURVE('',#1732,#1733,#2036,.T.);
#1246=EDGE_CURVE('',#1731,#1733,#2037,.T.);
#1247=EDGE_CURVE('',#1733,#1734,#2038,.T.);
#1248=EDGE_CURVE('',#1735,#1734,#2039,.T.);
#1249=EDGE_CURVE('',#1731,#1735,#2040,.T.);
#1250=EDGE_CURVE('',#1736,#1723,#2041,.T.);
#1251=EDGE_CURVE('',#1737,#1736,#2042,.T.);
#1252=EDGE_CURVE('',#1737,#1724,#2043,.T.);
#1253=EDGE_CURVE('',#1738,#1722,#2044,.T.);
#1254=EDGE_CURVE('',#1738,#1736,#72,.T.);
#1255=EDGE_CURVE('',#1739,#1721,#2045,.T.);
#1256=EDGE_CURVE('',#1739,#1738,#2046,.T.);
#1257=EDGE_CURVE('',#1740,#1643,#2047,.T.);
#1258=EDGE_CURVE('',#1740,#1702,#2048,.T.);
#1259=EDGE_CURVE('',#1741,#1742,#2049,.T.);
#1260=EDGE_CURVE('',#1741,#1743,#2050,.T.);
#1261=EDGE_CURVE('',#1743,#1744,#2051,.T.);
#1262=EDGE_CURVE('',#1742,#1744,#2052,.T.);
#1263=EDGE_CURVE('',#1744,#1745,#2053,.T.);
#1264=EDGE_CURVE('',#1746,#1745,#2054,.T.);
#1265=EDGE_CURVE('',#1742,#1746,#2055,.T.);
#1266=EDGE_CURVE('',#1747,#1709,#2056,.T.);
#1267=EDGE_CURVE('',#1748,#1747,#2057,.T.);
#1268=EDGE_CURVE('',#1748,#1710,#2058,.T.);
#1269=EDGE_CURVE('',#1749,#1708,#2059,.T.);
#1270=EDGE_CURVE('',#1749,#1747,#73,.T.);
#1271=EDGE_CURVE('',#1750,#1707,#2060,.T.);
#1272=EDGE_CURVE('',#1750,#1749,#2061,.T.);
#1273=EDGE_CURVE('',#1751,#1647,#2062,.T.);
#1274=EDGE_CURVE('',#1751,#1692,#2063,.T.);
#1275=EDGE_CURVE('',#1752,#1753,#2064,.T.);
#1276=EDGE_CURVE('',#1752,#1754,#2065,.T.);
#1277=EDGE_CURVE('',#1754,#1755,#2066,.T.);
#1278=EDGE_CURVE('',#1753,#1755,#2067,.T.);
#1279=EDGE_CURVE('',#1755,#1756,#2068,.T.);
#1280=EDGE_CURVE('',#1757,#1756,#2069,.T.);
#1281=EDGE_CURVE('',#1753,#1757,#2070,.T.);
#1282=EDGE_CURVE('',#1758,#1699,#2071,.T.);
#1283=EDGE_CURVE('',#1759,#1758,#2072,.T.);
#1284=EDGE_CURVE('',#1759,#1700,#2073,.T.);
#1285=EDGE_CURVE('',#1760,#1698,#2074,.T.);
#1286=EDGE_CURVE('',#1760,#1758,#74,.T.);
#1287=EDGE_CURVE('',#1761,#1697,#2075,.T.);
#1288=EDGE_CURVE('',#1761,#1760,#2076,.T.);
#1289=EDGE_CURVE('',#1762,#1651,#2077,.T.);
#1290=EDGE_CURVE('',#1762,#1682,#2078,.T.);
#1291=EDGE_CURVE('',#1763,#1764,#2079,.T.);
#1292=EDGE_CURVE('',#1763,#1765,#2080,.T.);
#1293=EDGE_CURVE('',#1765,#1766,#2081,.T.);
#1294=EDGE_CURVE('',#1764,#1766,#2082,.T.);
#1295=EDGE_CURVE('',#1766,#1767,#2083,.T.);
#1296=EDGE_CURVE('',#1768,#1767,#2084,.T.);
#1297=EDGE_CURVE('',#1764,#1768,#2085,.T.);
#1298=EDGE_CURVE('',#1769,#1689,#2086,.T.);
#1299=EDGE_CURVE('',#1770,#1769,#2087,.T.);
#1300=EDGE_CURVE('',#1770,#1690,#2088,.T.);
#1301=EDGE_CURVE('',#1771,#1688,#2089,.T.);
#1302=EDGE_CURVE('',#1771,#1769,#75,.T.);
#1303=EDGE_CURVE('',#1772,#1687,#2090,.T.);
#1304=EDGE_CURVE('',#1772,#1771,#2091,.T.);
#1305=EDGE_CURVE('',#1773,#1655,#2092,.T.);
#1306=EDGE_CURVE('',#1773,#1672,#2093,.T.);
#1307=EDGE_CURVE('',#1774,#1775,#2094,.T.);
#1308=EDGE_CURVE('',#1774,#1776,#2095,.T.);
#1309=EDGE_CURVE('',#1776,#1777,#2096,.T.);
#1310=EDGE_CURVE('',#1775,#1777,#2097,.T.);
#1311=EDGE_CURVE('',#1777,#1778,#2098,.T.);
#1312=EDGE_CURVE('',#1779,#1778,#2099,.T.);
#1313=EDGE_CURVE('',#1775,#1779,#2100,.T.);
#1314=EDGE_CURVE('',#1780,#1679,#2101,.T.);
#1315=EDGE_CURVE('',#1781,#1780,#2102,.T.);
#1316=EDGE_CURVE('',#1781,#1680,#2103,.T.);
#1317=EDGE_CURVE('',#1782,#1678,#2104,.T.);
#1318=EDGE_CURVE('',#1782,#1780,#76,.T.);
#1319=EDGE_CURVE('',#1783,#1677,#2105,.T.);
#1320=EDGE_CURVE('',#1783,#1782,#2106,.T.);
#1321=EDGE_CURVE('',#1784,#1659,#2107,.T.);
#1322=EDGE_CURVE('',#1784,#1670,#2108,.T.);
#1323=EDGE_CURVE('',#1785,#1786,#2109,.T.);
#1324=EDGE_CURVE('',#1785,#1787,#2110,.T.);
#1325=EDGE_CURVE('',#1787,#1788,#2111,.T.);
#1326=EDGE_CURVE('',#1786,#1788,#2112,.T.);
#1327=EDGE_CURVE('',#1788,#1789,#2113,.T.);
#1328=EDGE_CURVE('',#1790,#1789,#2114,.T.);
#1329=EDGE_CURVE('',#1786,#1790,#2115,.T.);
#1330=EDGE_CURVE('',#1789,#1791,#77,.T.);
#1331=EDGE_CURVE('',#1791,#1669,#78,.T.);
#1332=EDGE_CURVE('',#1783,#1784,#79,.T.);
#1333=EDGE_CURVE('',#1676,#1674,#80,.T.);
#1334=EDGE_CURVE('',#1779,#1781,#81,.T.);
#1335=EDGE_CURVE('',#1778,#1792,#82,.T.);
#1336=EDGE_CURVE('',#1792,#1671,#83,.T.);
#1337=EDGE_CURVE('',#1772,#1773,#84,.T.);
#1338=EDGE_CURVE('',#1686,#1684,#85,.T.);
#1339=EDGE_CURVE('',#1768,#1770,#86,.T.);
#1340=EDGE_CURVE('',#1767,#1793,#87,.T.);
#1341=EDGE_CURVE('',#1793,#1681,#88,.T.);
#1342=EDGE_CURVE('',#1761,#1762,#89,.T.);
#1343=EDGE_CURVE('',#1696,#1694,#90,.T.);
#1344=EDGE_CURVE('',#1757,#1759,#91,.T.);
#1345=EDGE_CURVE('',#1756,#1794,#92,.T.);
#1346=EDGE_CURVE('',#1794,#1691,#93,.T.);
#1347=EDGE_CURVE('',#1750,#1751,#94,.T.);
#1348=EDGE_CURVE('',#1706,#1704,#95,.T.);
#1349=EDGE_CURVE('',#1746,#1748,#96,.T.);
#1350=EDGE_CURVE('',#1745,#1795,#97,.T.);
#1351=EDGE_CURVE('',#1795,#1701,#98,.T.);
#1352=EDGE_CURVE('',#1739,#1740,#99,.T.);
#1353=EDGE_CURVE('',#1720,#1718,#100,.T.);
#1354=EDGE_CURVE('',#1735,#1737,#101,.T.);
#1355=EDGE_CURVE('',#1734,#1796,#102,.T.);
#1356=EDGE_CURVE('',#1796,#1711,#103,.T.);
#1357=EDGE_CURVE('',#1728,#1729,#104,.T.);
#1358=EDGE_CURVE('',#1727,#1797,#105,.T.);
#1359=EDGE_CURVE('',#1797,#1714,#106,.T.);
#1360=EDGE_CURVE('',#1798,#1716,#2116,.T.);
#1361=EDGE_CURVE('',#1790,#1798,#107,.T.);
#1362=EDGE_CURVE('',#1799,#1799,#108,.T.);
#1363=EDGE_CURVE('',#1800,#1715,#2117,.T.);
#1364=EDGE_CURVE('',#1798,#1800,#2118,.T.);
#1365=EDGE_CURVE('',#1664,#1800,#109,.T.);
#1366=EDGE_CURVE('',#1801,#1801,#110,.T.);
#1367=EDGE_CURVE('',#1802,#1802,#111,.T.);
#1368=EDGE_CURVE('',#1663,#1803,#112,.T.);
#1369=EDGE_CURVE('',#1803,#1804,#2119,.T.);
#1370=EDGE_CURVE('',#1804,#1805,#113,.T.);
#1371=EDGE_CURVE('',#1806,#1805,#2120,.T.);
#1372=EDGE_CURVE('',#1806,#1807,#2121,.T.);
#1373=EDGE_CURVE('',#1807,#1808,#2122,.T.);
#1374=EDGE_CURVE('',#1808,#1809,#114,.T.);
#1375=EDGE_CURVE('',#1810,#1809,#2123,.T.);
#1376=EDGE_CURVE('',#1810,#1811,#115,.T.);
#1377=EDGE_CURVE('',#1811,#1812,#2124,.T.);
#1378=EDGE_CURVE('',#1812,#1813,#116,.T.);
#1379=EDGE_CURVE('',#1814,#1813,#2125,.T.);
#1380=EDGE_CURVE('',#1815,#1814,#2126,.T.);
#1381=EDGE_CURVE('',#1815,#1816,#2127,.T.);
#1382=EDGE_CURVE('',#1816,#1817,#117,.T.);
#1383=EDGE_CURVE('',#1818,#1817,#2128,.T.);
#1384=EDGE_CURVE('',#1818,#1819,#118,.T.);
#1385=EDGE_CURVE('',#1819,#1820,#2129,.T.);
#1386=EDGE_CURVE('',#1820,#1821,#119,.T.);
#1387=EDGE_CURVE('',#1822,#1821,#2130,.T.);
#1388=EDGE_CURVE('',#1823,#1822,#2131,.T.);
#1389=EDGE_CURVE('',#1823,#1824,#2132,.T.);
#1390=EDGE_CURVE('',#1824,#1825,#120,.T.);
#1391=EDGE_CURVE('',#1826,#1825,#2133,.T.);
#1392=EDGE_CURVE('',#1826,#1827,#121,.T.);
#1393=EDGE_CURVE('',#1827,#1828,#2134,.T.);
#1394=EDGE_CURVE('',#1828,#1829,#122,.T.);
#1395=EDGE_CURVE('',#1830,#1829,#2135,.T.);
#1396=EDGE_CURVE('',#1831,#1830,#2136,.T.);
#1397=EDGE_CURVE('',#1831,#1832,#2137,.T.);
#1398=EDGE_CURVE('',#1832,#1833,#123,.T.);
#1399=EDGE_CURVE('',#1834,#1833,#2138,.T.);
#1400=EDGE_CURVE('',#1834,#1835,#124,.T.);
#1401=EDGE_CURVE('',#1835,#1836,#2139,.T.);
#1402=EDGE_CURVE('',#1836,#1837,#125,.T.);
#1403=EDGE_CURVE('',#1838,#1837,#2140,.T.);
#1404=EDGE_CURVE('',#1839,#1838,#2141,.T.);
#1405=EDGE_CURVE('',#1839,#1840,#2142,.T.);
#1406=EDGE_CURVE('',#1840,#1841,#126,.T.);
#1407=EDGE_CURVE('',#1842,#1841,#2143,.T.);
#1408=EDGE_CURVE('',#1842,#1843,#127,.T.);
#1409=EDGE_CURVE('',#1843,#1844,#2144,.T.);
#1410=EDGE_CURVE('',#1844,#1845,#128,.T.);
#1411=EDGE_CURVE('',#1846,#1845,#2145,.T.);
#1412=EDGE_CURVE('',#1847,#1846,#2146,.T.);
#1413=EDGE_CURVE('',#1847,#1848,#2147,.T.);
#1414=EDGE_CURVE('',#1848,#1849,#129,.T.);
#1415=EDGE_CURVE('',#1850,#1849,#2148,.T.);
#1416=EDGE_CURVE('',#1850,#1666,#130,.T.);
#1417=EDGE_CURVE('',#1637,#1851,#2149,.T.);
#1418=EDGE_CURVE('',#1851,#1852,#2150,.T.);
#1419=EDGE_CURVE('',#1730,#1852,#2151,.T.);
#1420=EDGE_CURVE('',#1641,#1853,#2152,.T.);
#1421=EDGE_CURVE('',#1853,#1854,#2153,.T.);
#1422=EDGE_CURVE('',#1741,#1854,#2154,.T.);
#1423=EDGE_CURVE('',#1645,#1855,#2155,.T.);
#1424=EDGE_CURVE('',#1855,#1856,#2156,.T.);
#1425=EDGE_CURVE('',#1752,#1856,#2157,.T.);
#1426=EDGE_CURVE('',#1649,#1857,#2158,.T.);
#1427=EDGE_CURVE('',#1857,#1858,#2159,.T.);
#1428=EDGE_CURVE('',#1763,#1858,#2160,.T.);
#1429=EDGE_CURVE('',#1653,#1859,#2161,.T.);
#1430=EDGE_CURVE('',#1859,#1860,#2162,.T.);
#1431=EDGE_CURVE('',#1774,#1860,#2163,.T.);
#1432=EDGE_CURVE('',#1657,#1861,#2164,.T.);
#1433=EDGE_CURVE('',#1862,#1861,#2165,.T.);
#1434=EDGE_CURVE('',#1785,#1862,#2166,.T.);
#1435=EDGE_CURVE('',#1863,#1863,#131,.T.);
#1436=EDGE_CURVE('',#1787,#1791,#2167,.T.);
#1437=EDGE_CURVE('',#1776,#1792,#2168,.T.);
#1438=EDGE_CURVE('',#1765,#1793,#2169,.T.);
#1439=EDGE_CURVE('',#1754,#1794,#2170,.T.);
#1440=EDGE_CURVE('',#1743,#1795,#2171,.T.);
#1441=EDGE_CURVE('',#1732,#1796,#2172,.T.);
#1442=EDGE_CURVE('',#1864,#1667,#132,.T.);
#1443=EDGE_CURVE('',#1864,#1797,#2173,.T.);
#1444=EDGE_CURVE('',#1865,#1865,#133,.T.);
#1445=EDGE_CURVE('',#1676,#1866,#2174,.T.);
#1446=EDGE_CURVE('',#1867,#1866,#134,.T.);
#1447=EDGE_CURVE('',#1868,#1867,#2175,.T.);
#1448=EDGE_CURVE('',#1869,#1868,#2176,.T.);
#1449=EDGE_CURVE('',#1869,#1870,#2177,.T.);
#1450=EDGE_CURVE('',#1871,#1870,#135,.T.);
#1451=EDGE_CURVE('',#1714,#1871,#2178,.T.);
#1452=EDGE_CURVE('',#1797,#1872,#2179,.T.);
#1453=EDGE_CURVE('',#1873,#1872,#136,.T.);
#1454=EDGE_CURVE('',#1874,#1873,#2180,.T.);
#1455=EDGE_CURVE('',#1874,#1875,#2181,.T.);
#1456=EDGE_CURVE('',#1875,#1876,#2182,.T.);
#1457=EDGE_CURVE('',#1877,#1876,#137,.T.);
#1458=EDGE_CURVE('',#1718,#1877,#2183,.T.);
#1459=EDGE_CURVE('',#1720,#1878,#2184,.T.);
#1460=EDGE_CURVE('',#1879,#1878,#138,.T.);
#1461=EDGE_CURVE('',#1880,#1879,#2185,.T.);
#1462=EDGE_CURVE('',#1880,#1881,#2186,.T.);
#1463=EDGE_CURVE('',#1881,#1882,#2187,.T.);
#1464=EDGE_CURVE('',#1883,#1882,#139,.T.);
#1465=EDGE_CURVE('',#1704,#1883,#2188,.T.);
#1466=EDGE_CURVE('',#1706,#1884,#2189,.T.);
#1467=EDGE_CURVE('',#1885,#1884,#140,.T.);
#1468=EDGE_CURVE('',#1886,#1885,#2190,.T.);
#1469=EDGE_CURVE('',#1886,#1887,#2191,.T.);
#1470=EDGE_CURVE('',#1887,#1888,#2192,.T.);
#1471=EDGE_CURVE('',#1889,#1888,#141,.T.);
#1472=EDGE_CURVE('',#1694,#1889,#2193,.T.);
#1473=EDGE_CURVE('',#1696,#1890,#2194,.T.);
#1474=EDGE_CURVE('',#1891,#1890,#142,.T.);
#1475=EDGE_CURVE('',#1892,#1891,#2195,.T.);
#1476=EDGE_CURVE('',#1892,#1893,#2196,.T.);
#1477=EDGE_CURVE('',#1893,#1894,#2197,.T.);
#1478=EDGE_CURVE('',#1895,#1894,#143,.T.);
#1479=EDGE_CURVE('',#1684,#1895,#2198,.T.);
#1480=EDGE_CURVE('',#1686,#1896,#2199,.T.);
#1481=EDGE_CURVE('',#1897,#1896,#144,.T.);
#1482=EDGE_CURVE('',#1898,#1897,#2200,.T.);
#1483=EDGE_CURVE('',#1898,#1899,#2201,.T.);
#1484=EDGE_CURVE('',#1899,#1900,#2202,.T.);
#1485=EDGE_CURVE('',#1901,#1900,#145,.T.);
#1486=EDGE_CURVE('',#1674,#1901,#2203,.T.);
#1487=EDGE_CURVE('',#1796,#1902,#2204,.T.);
#1488=EDGE_CURVE('',#1903,#1902,#2205,.T.);
#1489=EDGE_CURVE('',#1711,#1903,#2206,.T.);
#1490=EDGE_CURVE('',#1791,#1904,#2207,.T.);
#1491=EDGE_CURVE('',#1904,#1905,#2208,.T.);
#1492=EDGE_CURVE('',#1669,#1905,#2209,.T.);
#1493=EDGE_CURVE('',#1795,#1906,#2210,.T.);
#1494=EDGE_CURVE('',#1907,#1906,#2211,.T.);
#1495=EDGE_CURVE('',#1701,#1907,#2212,.T.);
#1496=EDGE_CURVE('',#1794,#1908,#2213,.T.);
#1497=EDGE_CURVE('',#1909,#1908,#2214,.T.);
#1498=EDGE_CURVE('',#1691,#1909,#2215,.T.);
#1499=EDGE_CURVE('',#1793,#1910,#2216,.T.);
#1500=EDGE_CURVE('',#1911,#1910,#2217,.T.);
#1501=EDGE_CURVE('',#1681,#1911,#2218,.T.);
#1502=EDGE_CURVE('',#1792,#1912,#2219,.T.);
#1503=EDGE_CURVE('',#1913,#1912,#2220,.T.);
#1504=EDGE_CURVE('',#1671,#1913,#2221,.T.);
#1505=EDGE_CURVE('',#1803,#1713,#2222,.T.);
#1506=EDGE_CURVE('',#1914,#1862,#2223,.T.);
#1507=EDGE_CURVE('',#1915,#1914,#2224,.T.);
#1508=EDGE_CURVE('',#1915,#1806,#2225,.T.);
#1509=EDGE_CURVE('',#1805,#1870,#2226,.T.);
#1510=EDGE_CURVE('',#1916,#1869,#2227,.T.);
#1511=EDGE_CURVE('',#1916,#1917,#2228,.T.);
#1512=EDGE_CURVE('',#1917,#1904,#2229,.T.);
#1513=EDGE_CURVE('',#1847,#1918,#2230,.T.);
#1514=EDGE_CURVE('',#1918,#1919,#2231,.T.);
#1515=EDGE_CURVE('',#1851,#1919,#2232,.T.);
#1516=EDGE_CURVE('',#1903,#1920,#2233,.T.);
#1517=EDGE_CURVE('',#1921,#1920,#2234,.T.);
#1518=EDGE_CURVE('',#1874,#1921,#2235,.T.);
#1519=EDGE_CURVE('',#1848,#1873,#2236,.T.);
#1520=EDGE_CURVE('',#1850,#1864,#2237,.T.);
#1521=EDGE_CURVE('',#1804,#1871,#2238,.T.);
#1522=EDGE_CURVE('',#1849,#1872,#2239,.T.);
#1523=EDGE_CURVE('',#1920,#1922,#2240,.T.);
#1524=EDGE_CURVE('',#1923,#1922,#2241,.T.);
#1525=EDGE_CURVE('',#1921,#1923,#2242,.T.);
#1526=EDGE_CURVE('',#1923,#1875,#2243,.T.);
#1527=EDGE_CURVE('',#1922,#1902,#2244,.T.);
#1528=EDGE_CURVE('',#1918,#1924,#2245,.T.);
#1529=EDGE_CURVE('',#1924,#1925,#2246,.T.);
#1530=EDGE_CURVE('',#1919,#1925,#2247,.T.);
#1531=EDGE_CURVE('',#1924,#1846,#2248,.T.);
#1532=EDGE_CURVE('',#1925,#1852,#2249,.T.);
#1533=EDGE_CURVE('',#1917,#1926,#2250,.T.);
#1534=EDGE_CURVE('',#1905,#1926,#2251,.T.);
#1535=EDGE_CURVE('',#1868,#1927,#2252,.T.);
#1536=EDGE_CURVE('',#1916,#1927,#2253,.T.);
#1537=EDGE_CURVE('',#1927,#1926,#2254,.T.);
#1538=EDGE_CURVE('',#1861,#1928,#2255,.T.);
#1539=EDGE_CURVE('',#1914,#1928,#2256,.T.);
#1540=EDGE_CURVE('',#1929,#1928,#2257,.T.);
#1541=EDGE_CURVE('',#1915,#1929,#2258,.T.);
#1542=EDGE_CURVE('',#1807,#1929,#2259,.T.);
#1543=EDGE_CURVE('',#1845,#1876,#2260,.T.);
#1544=EDGE_CURVE('',#1839,#1930,#2261,.T.);
#1545=EDGE_CURVE('',#1930,#1931,#2262,.T.);
#1546=EDGE_CURVE('',#1853,#1931,#2263,.T.);
#1547=EDGE_CURVE('',#1907,#1932,#2264,.T.);
#1548=EDGE_CURVE('',#1933,#1932,#2265,.T.);
#1549=EDGE_CURVE('',#1880,#1933,#2266,.T.);
#1550=EDGE_CURVE('',#1840,#1879,#2267,.T.);
#1551=EDGE_CURVE('',#1843,#1717,#2268,.T.);
#1552=EDGE_CURVE('',#1842,#1719,#2269,.T.);
#1553=EDGE_CURVE('',#1844,#1877,#2270,.T.);
#1554=EDGE_CURVE('',#1841,#1878,#2271,.T.);
#1555=EDGE_CURVE('',#1932,#1934,#2272,.T.);
#1556=EDGE_CURVE('',#1935,#1934,#2273,.T.);
#1557=EDGE_CURVE('',#1933,#1935,#2274,.T.);
#1558=EDGE_CURVE('',#1935,#1881,#2275,.T.);
#1559=EDGE_CURVE('',#1934,#1906,#2276,.T.);
#1560=EDGE_CURVE('',#1930,#1936,#2277,.T.);
#1561=EDGE_CURVE('',#1936,#1937,#2278,.T.);
#1562=EDGE_CURVE('',#1931,#1937,#2279,.T.);
#1563=EDGE_CURVE('',#1936,#1838,#2280,.T.);
#1564=EDGE_CURVE('',#1937,#1854,#2281,.T.);
#1565=EDGE_CURVE('',#1837,#1882,#2282,.T.);
#1566=EDGE_CURVE('',#1831,#1938,#2283,.T.);
#1567=EDGE_CURVE('',#1938,#1939,#2284,.T.);
#1568=EDGE_CURVE('',#1855,#1939,#2285,.T.);
#1569=EDGE_CURVE('',#1909,#1940,#2286,.T.);
#1570=EDGE_CURVE('',#1941,#1940,#2287,.T.);
#1571=EDGE_CURVE('',#1886,#1941,#2288,.T.);
#1572=EDGE_CURVE('',#1832,#1885,#2289,.T.);
#1573=EDGE_CURVE('',#1835,#1703,#2290,.T.);
#1574=EDGE_CURVE('',#1834,#1705,#2291,.T.);
#1575=EDGE_CURVE('',#1836,#1883,#2292,.T.);
#1576=EDGE_CURVE('',#1833,#1884,#2293,.T.);
#1577=EDGE_CURVE('',#1940,#1942,#2294,.T.);
#1578=EDGE_CURVE('',#1943,#1942,#2295,.T.);
#1579=EDGE_CURVE('',#1941,#1943,#2296,.T.);
#1580=EDGE_CURVE('',#1943,#1887,#2297,.T.);
#1581=EDGE_CURVE('',#1942,#1908,#2298,.T.);
#1582=EDGE_CURVE('',#1938,#1944,#2299,.T.);
#1583=EDGE_CURVE('',#1944,#1945,#2300,.T.);
#1584=EDGE_CURVE('',#1939,#1945,#2301,.T.);
#1585=EDGE_CURVE('',#1944,#1830,#2302,.T.);
#1586=EDGE_CURVE('',#1945,#1856,#2303,.T.);
#1587=EDGE_CURVE('',#1829,#1888,#2304,.T.);
#1588=EDGE_CURVE('',#1823,#1946,#2305,.T.);
#1589=EDGE_CURVE('',#1946,#1947,#2306,.T.);
#1590=EDGE_CURVE('',#1857,#1947,#2307,.T.);
#1591=EDGE_CURVE('',#1911,#1948,#2308,.T.);
#1592=EDGE_CURVE('',#1949,#1948,#2309,.T.);
#1593=EDGE_CURVE('',#1892,#1949,#2310,.T.);
#1594=EDGE_CURVE('',#1824,#1891,#2311,.T.);
#1595=EDGE_CURVE('',#1827,#1693,#2312,.T.);
#1596=EDGE_CURVE('',#1826,#1695,#2313,.T.);
#1597=EDGE_CURVE('',#1828,#1889,#2314,.T.);
#1598=EDGE_CURVE('',#1825,#1890,#2315,.T.);
#1599=EDGE_CURVE('',#1948,#1950,#2316,.T.);
#1600=EDGE_CURVE('',#1951,#1950,#2317,.T.);
#1601=EDGE_CURVE('',#1949,#1951,#2318,.T.);
#1602=EDGE_CURVE('',#1951,#1893,#2319,.T.);
#1603=EDGE_CURVE('',#1950,#1910,#2320,.T.);
#1604=EDGE_CURVE('',#1946,#1952,#2321,.T.);
#1605=EDGE_CURVE('',#1952,#1953,#2322,.T.);
#1606=EDGE_CURVE('',#1947,#1953,#2323,.T.);
#1607=EDGE_CURVE('',#1952,#1822,#2324,.T.);
#1608=EDGE_CURVE('',#1953,#1858,#2325,.T.);
#1609=EDGE_CURVE('',#1821,#1894,#2326,.T.);
#1610=EDGE_CURVE('',#1815,#1954,#2327,.T.);
#1611=EDGE_CURVE('',#1954,#1955,#2328,.T.);
#1612=EDGE_CURVE('',#1859,#1955,#2329,.T.);
#1613=EDGE_CURVE('',#1913,#1956,#2330,.T.);
#1614=EDGE_CURVE('',#1957,#1956,#2331,.T.);
#1615=EDGE_CURVE('',#1898,#1957,#2332,.T.);
#1616=EDGE_CURVE('',#1816,#1897,#2333,.T.);
#1617=EDGE_CURVE('',#1819,#1683,#2334,.T.);
#1618=EDGE_CURVE('',#1818,#1685,#2335,.T.);
#1619=EDGE_CURVE('',#1820,#1895,#2336,.T.);
#1620=EDGE_CURVE('',#1817,#1896,#2337,.T.);
#1621=EDGE_CURVE('',#1956,#1958,#2338,.T.);
#1622=EDGE_CURVE('',#1959,#1958,#2339,.T.);
#1623=EDGE_CURVE('',#1957,#1959,#2340,.T.);
#1624=EDGE_CURVE('',#1959,#1899,#2341,.T.);
#1625=EDGE_CURVE('',#1958,#1912,#2342,.T.);
#1626=EDGE_CURVE('',#1954,#1960,#2343,.T.);
#1627=EDGE_CURVE('',#1960,#1961,#2344,.T.);
#1628=EDGE_CURVE('',#1955,#1961,#2345,.T.);
#1629=EDGE_CURVE('',#1960,#1814,#2346,.T.);
#1630=EDGE_CURVE('',#1961,#1860,#2347,.T.);
#1631=EDGE_CURVE('',#1813,#1900,#2348,.T.);
#1632=EDGE_CURVE('',#1808,#1867,#2349,.T.);
#1633=EDGE_CURVE('',#1811,#1673,#2350,.T.);
#1634=EDGE_CURVE('',#1810,#1675,#2351,.T.);
#1635=EDGE_CURVE('',#1812,#1901,#2352,.T.);
#1636=EDGE_CURVE('',#1809,#1866,#2353,.T.);
#1637=VERTEX_POINT('',#4546);
#1638=VERTEX_POINT('',#4547);
#1639=VERTEX_POINT('',#4549);
#1640=VERTEX_POINT('',#4551);
#1641=VERTEX_POINT('',#4555);
#1642=VERTEX_POINT('',#4556);
#1643=VERTEX_POINT('',#4558);
#1644=VERTEX_POINT('',#4560);
#1645=VERTEX_POINT('',#4564);
#1646=VERTEX_POINT('',#4565);
#1647=VERTEX_POINT('',#4567);
#1648=VERTEX_POINT('',#4569);
#1649=VERTEX_POINT('',#4573);
#1650=VERTEX_POINT('',#4574);
#1651=VERTEX_POINT('',#4576);
#1652=VERTEX_POINT('',#4578);
#1653=VERTEX_POINT('',#4582);
#1654=VERTEX_POINT('',#4583);
#1655=VERTEX_POINT('',#4585);
#1656=VERTEX_POINT('',#4587);
#1657=VERTEX_POINT('',#4591);
#1658=VERTEX_POINT('',#4592);
#1659=VERTEX_POINT('',#4594);
#1660=VERTEX_POINT('',#4596);
#1661=VERTEX_POINT('',#4600);
#1662=VERTEX_POINT('',#4601);
#1663=VERTEX_POINT('',#4603);
#1664=VERTEX_POINT('',#4605);
#1665=VERTEX_POINT('',#4609);
#1666=VERTEX_POINT('',#4610);
#1667=VERTEX_POINT('',#4612);
#1668=VERTEX_POINT('',#4614);
#1669=VERTEX_POINT('',#4618);
#1670=VERTEX_POINT('',#4620);
#1671=VERTEX_POINT('',#4624);
#1672=VERTEX_POINT('',#4626);
#1673=VERTEX_POINT('',#4630);
#1674=VERTEX_POINT('',#4631);
#1675=VERTEX_POINT('',#4633);
#1676=VERTEX_POINT('',#4635);
#1677=VERTEX_POINT('',#4637);
#1678=VERTEX_POINT('',#4639);
#1679=VERTEX_POINT('',#4641);
#1680=VERTEX_POINT('',#4643);
#1681=VERTEX_POINT('',#4647);
#1682=VERTEX_POINT('',#4649);
#1683=VERTEX_POINT('',#4653);
#1684=VERTEX_POINT('',#4654);
#1685=VERTEX_POINT('',#4656);
#1686=VERTEX_POINT('',#4658);
#1687=VERTEX_POINT('',#4660);
#1688=VERTEX_POINT('',#4662);
#1689=VERTEX_POINT('',#4664);
#1690=VERTEX_POINT('',#4666);
#1691=VERTEX_POINT('',#4670);
#1692=VERTEX_POINT('',#4672);
#1693=VERTEX_POINT('',#4676);
#1694=VERTEX_POINT('',#4677);
#1695=VERTEX_POINT('',#4679);
#1696=VERTEX_POINT('',#4681);
#1697=VERTEX_POINT('',#4683);
#1698=VERTEX_POINT('',#4685);
#1699=VERTEX_POINT('',#4687);
#1700=VERTEX_POINT('',#4689);
#1701=VERTEX_POINT('',#4693);
#1702=VERTEX_POINT('',#4695);
#1703=VERTEX_POINT('',#4699);
#1704=VERTEX_POINT('',#4700);
#1705=VERTEX_POINT('',#4702);
#1706=VERTEX_POINT('',#4704);
#1707=VERTEX_POINT('',#4706);
#1708=VERTEX_POINT('',#4708);
#1709=VERTEX_POINT('',#4710);
#1710=VERTEX_POINT('',#4712);
#1711=VERTEX_POINT('',#4716);
#1712=VERTEX_POINT('',#4718);
#1713=VERTEX_POINT('',#4722);
#1714=VERTEX_POINT('',#4723);
#1715=VERTEX_POINT('',#4726);
#1716=VERTEX_POINT('',#4728);
#1717=VERTEX_POINT('',#4732);
#1718=VERTEX_POINT('',#4733);
#1719=VERTEX_POINT('',#4735);
#1720=VERTEX_POINT('',#4737);
#1721=VERTEX_POINT('',#4739);
#1722=VERTEX_POINT('',#4741);
#1723=VERTEX_POINT('',#4743);
#1724=VERTEX_POINT('',#4745);
#1725=VERTEX_POINT('',#4749);
#1726=VERTEX_POINT('',#4751);
#1727=VERTEX_POINT('',#4755);
#1728=VERTEX_POINT('',#4757);
#1729=VERTEX_POINT('',#4761);
#1730=VERTEX_POINT('',#4765);
#1731=VERTEX_POINT('',#4766);
#1732=VERTEX_POINT('',#4768);
#1733=VERTEX_POINT('',#4770);
#1734=VERTEX_POINT('',#4774);
#1735=VERTEX_POINT('',#4776);
#1736=VERTEX_POINT('',#4780);
#1737=VERTEX_POINT('',#4782);
#1738=VERTEX_POINT('',#4786);
#1739=VERTEX_POINT('',#4790);
#1740=VERTEX_POINT('',#4794);
#1741=VERTEX_POINT('',#4798);
#1742=VERTEX_POINT('',#4799);
#1743=VERTEX_POINT('',#4801);
#1744=VERTEX_POINT('',#4803);
#1745=VERTEX_POINT('',#4807);
#1746=VERTEX_POINT('',#4809);
#1747=VERTEX_POINT('',#4813);
#1748=VERTEX_POINT('',#4815);
#1749=VERTEX_POINT('',#4819);
#1750=VERTEX_POINT('',#4823);
#1751=VERTEX_POINT('',#4827);
#1752=VERTEX_POINT('',#4831);
#1753=VERTEX_POINT('',#4832);
#1754=VERTEX_POINT('',#4834);
#1755=VERTEX_POINT('',#4836);
#1756=VERTEX_POINT('',#4840);
#1757=VERTEX_POINT('',#4842);
#1758=VERTEX_POINT('',#4846);
#1759=VERTEX_POINT('',#4848);
#1760=VERTEX_POINT('',#4852);
#1761=VERTEX_POINT('',#4856);
#1762=VERTEX_POINT('',#4860);
#1763=VERTEX_POINT('',#4864);
#1764=VERTEX_POINT('',#4865);
#1765=VERTEX_POINT('',#4867);
#1766=VERTEX_POINT('',#4869);
#1767=VERTEX_POINT('',#4873);
#1768=VERTEX_POINT('',#4875);
#1769=VERTEX_POINT('',#4879);
#1770=VERTEX_POINT('',#4881);
#1771=VERTEX_POINT('',#4885);
#1772=VERTEX_POINT('',#4889);
#1773=VERTEX_POINT('',#4893);
#1774=VERTEX_POINT('',#4897);
#1775=VERTEX_POINT('',#4898);
#1776=VERTEX_POINT('',#4900);
#1777=VERTEX_POINT('',#4902);
#1778=VERTEX_POINT('',#4906);
#1779=VERTEX_POINT('',#4908);
#1780=VERTEX_POINT('',#4912);
#1781=VERTEX_POINT('',#4914);
#1782=VERTEX_POINT('',#4918);
#1783=VERTEX_POINT('',#4922);
#1784=VERTEX_POINT('',#4926);
#1785=VERTEX_POINT('',#4930);
#1786=VERTEX_POINT('',#4931);
#1787=VERTEX_POINT('',#4933);
#1788=VERTEX_POINT('',#4935);
#1789=VERTEX_POINT('',#4939);
#1790=VERTEX_POINT('',#4941);
#1791=VERTEX_POINT('',#4945);
#1792=VERTEX_POINT('',#4951);
#1793=VERTEX_POINT('',#4957);
#1794=VERTEX_POINT('',#4963);
#1795=VERTEX_POINT('',#4969);
#1796=VERTEX_POINT('',#4975);
#1797=VERTEX_POINT('',#4979);
#1798=VERTEX_POINT('',#4982);
#1799=VERTEX_POINT('',#4985);
#1800=VERTEX_POINT('',#4988);
#1801=VERTEX_POINT('',#4994);
#1802=VERTEX_POINT('',#4996);
#1803=VERTEX_POINT('',#4999);
#1804=VERTEX_POINT('',#5001);
#1805=VERTEX_POINT('',#5003);
#1806=VERTEX_POINT('',#5005);
#1807=VERTEX_POINT('',#5007);
#1808=VERTEX_POINT('',#5009);
#1809=VERTEX_POINT('',#5011);
#1810=VERTEX_POINT('',#5013);
#1811=VERTEX_POINT('',#5015);
#1812=VERTEX_POINT('',#5017);
#1813=VERTEX_POINT('',#5019);
#1814=VERTEX_POINT('',#5021);
#1815=VERTEX_POINT('',#5023);
#1816=VERTEX_POINT('',#5025);
#1817=VERTEX_POINT('',#5027);
#1818=VERTEX_POINT('',#5029);
#1819=VERTEX_POINT('',#5031);
#1820=VERTEX_POINT('',#5033);
#1821=VERTEX_POINT('',#5035);
#1822=VERTEX_POINT('',#5037);
#1823=VERTEX_POINT('',#5039);
#1824=VERTEX_POINT('',#5041);
#1825=VERTEX_POINT('',#5043);
#1826=VERTEX_POINT('',#5045);
#1827=VERTEX_POINT('',#5047);
#1828=VERTEX_POINT('',#5049);
#1829=VERTEX_POINT('',#5051);
#1830=VERTEX_POINT('',#5053);
#1831=VERTEX_POINT('',#5055);
#1832=VERTEX_POINT('',#5057);
#1833=VERTEX_POINT('',#5059);
#1834=VERTEX_POINT('',#5061);
#1835=VERTEX_POINT('',#5063);
#1836=VERTEX_POINT('',#5065);
#1837=VERTEX_POINT('',#5067);
#1838=VERTEX_POINT('',#5069);
#1839=VERTEX_POINT('',#5071);
#1840=VERTEX_POINT('',#5073);
#1841=VERTEX_POINT('',#5075);
#1842=VERTEX_POINT('',#5077);
#1843=VERTEX_POINT('',#5079);
#1844=VERTEX_POINT('',#5081);
#1845=VERTEX_POINT('',#5083);
#1846=VERTEX_POINT('',#5085);
#1847=VERTEX_POINT('',#5087);
#1848=VERTEX_POINT('',#5089);
#1849=VERTEX_POINT('',#5091);
#1850=VERTEX_POINT('',#5093);
#1851=VERTEX_POINT('',#5096);
#1852=VERTEX_POINT('',#5098);
#1853=VERTEX_POINT('',#5101);
#1854=VERTEX_POINT('',#5103);
#1855=VERTEX_POINT('',#5106);
#1856=VERTEX_POINT('',#5108);
#1857=VERTEX_POINT('',#5111);
#1858=VERTEX_POINT('',#5113);
#1859=VERTEX_POINT('',#5116);
#1860=VERTEX_POINT('',#5118);
#1861=VERTEX_POINT('',#5121);
#1862=VERTEX_POINT('',#5123);
#1863=VERTEX_POINT('',#5126);
#1864=VERTEX_POINT('',#5142);
#1865=VERTEX_POINT('',#5147);
#1866=VERTEX_POINT('',#5149);
#1867=VERTEX_POINT('',#5151);
#1868=VERTEX_POINT('',#5153);
#1869=VERTEX_POINT('',#5155);
#1870=VERTEX_POINT('',#5157);
#1871=VERTEX_POINT('',#5159);
#1872=VERTEX_POINT('',#5162);
#1873=VERTEX_POINT('',#5164);
#1874=VERTEX_POINT('',#5166);
#1875=VERTEX_POINT('',#5168);
#1876=VERTEX_POINT('',#5170);
#1877=VERTEX_POINT('',#5172);
#1878=VERTEX_POINT('',#5175);
#1879=VERTEX_POINT('',#5177);
#1880=VERTEX_POINT('',#5179);
#1881=VERTEX_POINT('',#5181);
#1882=VERTEX_POINT('',#5183);
#1883=VERTEX_POINT('',#5185);
#1884=VERTEX_POINT('',#5188);
#1885=VERTEX_POINT('',#5190);
#1886=VERTEX_POINT('',#5192);
#1887=VERTEX_POINT('',#5194);
#1888=VERTEX_POINT('',#5196);
#1889=VERTEX_POINT('',#5198);
#1890=VERTEX_POINT('',#5201);
#1891=VERTEX_POINT('',#5203);
#1892=VERTEX_POINT('',#5205);
#1893=VERTEX_POINT('',#5207);
#1894=VERTEX_POINT('',#5209);
#1895=VERTEX_POINT('',#5211);
#1896=VERTEX_POINT('',#5214);
#1897=VERTEX_POINT('',#5216);
#1898=VERTEX_POINT('',#5218);
#1899=VERTEX_POINT('',#5220);
#1900=VERTEX_POINT('',#5222);
#1901=VERTEX_POINT('',#5224);
#1902=VERTEX_POINT('',#5228);
#1903=VERTEX_POINT('',#5230);
#1904=VERTEX_POINT('',#5234);
#1905=VERTEX_POINT('',#5236);
#1906=VERTEX_POINT('',#5240);
#1907=VERTEX_POINT('',#5242);
#1908=VERTEX_POINT('',#5246);
#1909=VERTEX_POINT('',#5248);
#1910=VERTEX_POINT('',#5252);
#1911=VERTEX_POINT('',#5254);
#1912=VERTEX_POINT('',#5258);
#1913=VERTEX_POINT('',#5260);
#1914=VERTEX_POINT('',#5266);
#1915=VERTEX_POINT('',#5268);
#1916=VERTEX_POINT('',#5272);
#1917=VERTEX_POINT('',#5274);
#1918=VERTEX_POINT('',#5278);
#1919=VERTEX_POINT('',#5280);
#1920=VERTEX_POINT('',#5283);
#1921=VERTEX_POINT('',#5285);
#1922=VERTEX_POINT('',#5299);
#1923=VERTEX_POINT('',#5301);
#1924=VERTEX_POINT('',#5309);
#1925=VERTEX_POINT('',#5311);
#1926=VERTEX_POINT('',#5319);
#1927=VERTEX_POINT('',#5323);
#1928=VERTEX_POINT('',#5329);
#1929=VERTEX_POINT('',#5333);
#1930=VERTEX_POINT('',#5341);
#1931=VERTEX_POINT('',#5343);
#1932=VERTEX_POINT('',#5346);
#1933=VERTEX_POINT('',#5348);
#1934=VERTEX_POINT('',#5362);
#1935=VERTEX_POINT('',#5364);
#1936=VERTEX_POINT('',#5372);
#1937=VERTEX_POINT('',#5374);
#1938=VERTEX_POINT('',#5384);
#1939=VERTEX_POINT('',#5386);
#1940=VERTEX_POINT('',#5389);
#1941=VERTEX_POINT('',#5391);
#1942=VERTEX_POINT('',#5405);
#1943=VERTEX_POINT('',#5407);
#1944=VERTEX_POINT('',#5415);
#1945=VERTEX_POINT('',#5417);
#1946=VERTEX_POINT('',#5427);
#1947=VERTEX_POINT('',#5429);
#1948=VERTEX_POINT('',#5432);
#1949=VERTEX_POINT('',#5434);
#1950=VERTEX_POINT('',#5448);
#1951=VERTEX_POINT('',#5450);
#1952=VERTEX_POINT('',#5458);
#1953=VERTEX_POINT('',#5460);
#1954=VERTEX_POINT('',#5470);
#1955=VERTEX_POINT('',#5472);
#1956=VERTEX_POINT('',#5475);
#1957=VERTEX_POINT('',#5477);
#1958=VERTEX_POINT('',#5491);
#1959=VERTEX_POINT('',#5493);
#1960=VERTEX_POINT('',#5501);
#1961=VERTEX_POINT('',#5503);
#1962=LINE('',#4545,#2354);
#1963=LINE('',#4548,#2355);
#1964=LINE('',#4550,#2356);
#1965=LINE('',#4552,#2357);
#1966=LINE('',#4554,#2358);
#1967=LINE('',#4557,#2359);
#1968=LINE('',#4559,#2360);
#1969=LINE('',#4561,#2361);
#1970=LINE('',#4563,#2362);
#1971=LINE('',#4566,#2363);
#1972=LINE('',#4568,#2364);
#1973=LINE('',#4570,#2365);
#1974=LINE('',#4572,#2366);
#1975=LINE('',#4575,#2367);
#1976=LINE('',#4577,#2368);
#1977=LINE('',#4579,#2369);
#1978=LINE('',#4581,#2370);
#1979=LINE('',#4584,#2371);
#1980=LINE('',#4586,#2372);
#1981=LINE('',#4588,#2373);
#1982=LINE('',#4590,#2374);
#1983=LINE('',#4593,#2375);
#1984=LINE('',#4595,#2376);
#1985=LINE('',#4597,#2377);
#1986=LINE('',#4599,#2378);
#1987=LINE('',#4602,#2379);
#1988=LINE('',#4604,#2380);
#1989=LINE('',#4606,#2381);
#1990=LINE('',#4608,#2382);
#1991=LINE('',#4611,#2383);
#1992=LINE('',#4613,#2384);
#1993=LINE('',#4615,#2385);
#1994=LINE('',#4617,#2386);
#1995=LINE('',#4619,#2387);
#1996=LINE('',#4623,#2388);
#1997=LINE('',#4625,#2389);
#1998=LINE('',#4629,#2390);
#1999=LINE('',#4634,#2391);
#2000=LINE('',#4638,#2392);
#2001=LINE('',#4642,#2393);
#2002=LINE('',#4646,#2394);
#2003=LINE('',#4648,#2395);
#2004=LINE('',#4652,#2396);
#2005=LINE('',#4657,#2397);
#2006=LINE('',#4661,#2398);
#2007=LINE('',#4665,#2399);
#2008=LINE('',#4669,#2400);
#2009=LINE('',#4671,#2401);
#2010=LINE('',#4675,#2402);
#2011=LINE('',#4680,#2403);
#2012=LINE('',#4684,#2404);
#2013=LINE('',#4688,#2405);
#2014=LINE('',#4692,#2406);
#2015=LINE('',#4694,#2407);
#2016=LINE('',#4698,#2408);
#2017=LINE('',#4703,#2409);
#2018=LINE('',#4707,#2410);
#2019=LINE('',#4711,#2411);
#2020=LINE('',#4715,#2412);
#2021=LINE('',#4717,#2413);
#2022=LINE('',#4721,#2414);
#2023=LINE('',#4727,#2415);
#2024=LINE('',#4731,#2416);
#2025=LINE('',#4736,#2417);
#2026=LINE('',#4740,#2418);
#2027=LINE('',#4744,#2419);
#2028=LINE('',#4750,#2420);
#2029=LINE('',#4754,#2421);
#2030=LINE('',#4756,#2422);
#2031=LINE('',#4758,#2423);
#2032=LINE('',#4760,#2424);
#2033=LINE('',#4762,#2425);
#2034=LINE('',#4764,#2426);
#2035=LINE('',#4767,#2427);
#2036=LINE('',#4769,#2428);
#2037=LINE('',#4771,#2429);
#2038=LINE('',#4773,#2430);
#2039=LINE('',#4775,#2431);
#2040=LINE('',#4777,#2432);
#2041=LINE('',#4779,#2433);
#2042=LINE('',#4781,#2434);
#2043=LINE('',#4783,#2435);
#2044=LINE('',#4785,#2436);
#2045=LINE('',#4789,#2437);
#2046=LINE('',#4791,#2438);
#2047=LINE('',#4793,#2439);
#2048=LINE('',#4795,#2440);
#2049=LINE('',#4797,#2441);
#2050=LINE('',#4800,#2442);
#2051=LINE('',#4802,#2443);
#2052=LINE('',#4804,#2444);
#2053=LINE('',#4806,#2445);
#2054=LINE('',#4808,#2446);
#2055=LINE('',#4810,#2447);
#2056=LINE('',#4812,#2448);
#2057=LINE('',#4814,#2449);
#2058=LINE('',#4816,#2450);
#2059=LINE('',#4818,#2451);
#2060=LINE('',#4822,#2452);
#2061=LINE('',#4824,#2453);
#2062=LINE('',#4826,#2454);
#2063=LINE('',#4828,#2455);
#2064=LINE('',#4830,#2456);
#2065=LINE('',#4833,#2457);
#2066=LINE('',#4835,#2458);
#2067=LINE('',#4837,#2459);
#2068=LINE('',#4839,#2460);
#2069=LINE('',#4841,#2461);
#2070=LINE('',#4843,#2462);
#2071=LINE('',#4845,#2463);
#2072=LINE('',#4847,#2464);
#2073=LINE('',#4849,#2465);
#2074=LINE('',#4851,#2466);
#2075=LINE('',#4855,#2467);
#2076=LINE('',#4857,#2468);
#2077=LINE('',#4859,#2469);
#2078=LINE('',#4861,#2470);
#2079=LINE('',#4863,#2471);
#2080=LINE('',#4866,#2472);
#2081=LINE('',#4868,#2473);
#2082=LINE('',#4870,#2474);
#2083=LINE('',#4872,#2475);
#2084=LINE('',#4874,#2476);
#2085=LINE('',#4876,#2477);
#2086=LINE('',#4878,#2478);
#2087=LINE('',#4880,#2479);
#2088=LINE('',#4882,#2480);
#2089=LINE('',#4884,#2481);
#2090=LINE('',#4888,#2482);
#2091=LINE('',#4890,#2483);
#2092=LINE('',#4892,#2484);
#2093=LINE('',#4894,#2485);
#2094=LINE('',#4896,#2486);
#2095=LINE('',#4899,#2487);
#2096=LINE('',#4901,#2488);
#2097=LINE('',#4903,#2489);
#2098=LINE('',#4905,#2490);
#2099=LINE('',#4907,#2491);
#2100=LINE('',#4909,#2492);
#2101=LINE('',#4911,#2493);
#2102=LINE('',#4913,#2494);
#2103=LINE('',#4915,#2495);
#2104=LINE('',#4917,#2496);
#2105=LINE('',#4921,#2497);
#2106=LINE('',#4923,#2498);
#2107=LINE('',#4925,#2499);
#2108=LINE('',#4927,#2500);
#2109=LINE('',#4929,#2501);
#2110=LINE('',#4932,#2502);
#2111=LINE('',#4934,#2503);
#2112=LINE('',#4936,#2504);
#2113=LINE('',#4938,#2505);
#2114=LINE('',#4940,#2506);
#2115=LINE('',#4942,#2507);
#2116=LINE('',#4981,#2508);
#2117=LINE('',#4987,#2509);
#2118=LINE('',#4989,#2510);
#2119=LINE('',#5000,#2511);
#2120=LINE('',#5004,#2512);
#2121=LINE('',#5006,#2513);
#2122=LINE('',#5008,#2514);
#2123=LINE('',#5012,#2515);
#2124=LINE('',#5016,#2516);
#2125=LINE('',#5020,#2517);
#2126=LINE('',#5022,#2518);
#2127=LINE('',#5024,#2519);
#2128=LINE('',#5028,#2520);
#2129=LINE('',#5032,#2521);
#2130=LINE('',#5036,#2522);
#2131=LINE('',#5038,#2523);
#2132=LINE('',#5040,#2524);
#2133=LINE('',#5044,#2525);
#2134=LINE('',#5048,#2526);
#2135=LINE('',#5052,#2527);
#2136=LINE('',#5054,#2528);
#2137=LINE('',#5056,#2529);
#2138=LINE('',#5060,#2530);
#2139=LINE('',#5064,#2531);
#2140=LINE('',#5068,#2532);
#2141=LINE('',#5070,#2533);
#2142=LINE('',#5072,#2534);
#2143=LINE('',#5076,#2535);
#2144=LINE('',#5080,#2536);
#2145=LINE('',#5084,#2537);
#2146=LINE('',#5086,#2538);
#2147=LINE('',#5088,#2539);
#2148=LINE('',#5092,#2540);
#2149=LINE('',#5095,#2541);
#2150=LINE('',#5097,#2542);
#2151=LINE('',#5099,#2543);
#2152=LINE('',#5100,#2544);
#2153=LINE('',#5102,#2545);
#2154=LINE('',#5104,#2546);
#2155=LINE('',#5105,#2547);
#2156=LINE('',#5107,#2548);
#2157=LINE('',#5109,#2549);
#2158=LINE('',#5110,#2550);
#2159=LINE('',#5112,#2551);
#2160=LINE('',#5114,#2552);
#2161=LINE('',#5115,#2553);
#2162=LINE('',#5117,#2554);
#2163=LINE('',#5119,#2555);
#2164=LINE('',#5120,#2556);
#2165=LINE('',#5122,#2557);
#2166=LINE('',#5124,#2558);
#2167=LINE('',#5129,#2559);
#2168=LINE('',#5131,#2560);
#2169=LINE('',#5133,#2561);
#2170=LINE('',#5135,#2562);
#2171=LINE('',#5137,#2563);
#2172=LINE('',#5139,#2564);
#2173=LINE('',#5143,#2565);
#2174=LINE('',#5148,#2566);
#2175=LINE('',#5152,#2567);
#2176=LINE('',#5154,#2568);
#2177=LINE('',#5156,#2569);
#2178=LINE('',#5160,#2570);
#2179=LINE('',#5161,#2571);
#2180=LINE('',#5165,#2572);
#2181=LINE('',#5167,#2573);
#2182=LINE('',#5169,#2574);
#2183=LINE('',#5173,#2575);
#2184=LINE('',#5174,#2576);
#2185=LINE('',#5178,#2577);
#2186=LINE('',#5180,#2578);
#2187=LINE('',#5182,#2579);
#2188=LINE('',#5186,#2580);
#2189=LINE('',#5187,#2581);
#2190=LINE('',#5191,#2582);
#2191=LINE('',#5193,#2583);
#2192=LINE('',#5195,#2584);
#2193=LINE('',#5199,#2585);
#2194=LINE('',#5200,#2586);
#2195=LINE('',#5204,#2587);
#2196=LINE('',#5206,#2588);
#2197=LINE('',#5208,#2589);
#2198=LINE('',#5212,#2590);
#2199=LINE('',#5213,#2591);
#2200=LINE('',#5217,#2592);
#2201=LINE('',#5219,#2593);
#2202=LINE('',#5221,#2594);
#2203=LINE('',#5225,#2595);
#2204=LINE('',#5227,#2596);
#2205=LINE('',#5229,#2597);
#2206=LINE('',#5231,#2598);
#2207=LINE('',#5233,#2599);
#2208=LINE('',#5235,#2600);
#2209=LINE('',#5237,#2601);
#2210=LINE('',#5239,#2602);
#2211=LINE('',#5241,#2603);
#2212=LINE('',#5243,#2604);
#2213=LINE('',#5245,#2605);
#2214=LINE('',#5247,#2606);
#2215=LINE('',#5249,#2607);
#2216=LINE('',#5251,#2608);
#2217=LINE('',#5253,#2609);
#2218=LINE('',#5255,#2610);
#2219=LINE('',#5257,#2611);
#2220=LINE('',#5259,#2612);
#2221=LINE('',#5261,#2613);
#2222=LINE('',#5263,#2614);
#2223=LINE('',#5265,#2615);
#2224=LINE('',#5267,#2616);
#2225=LINE('',#5269,#2617);
#2226=LINE('',#5270,#2618);
#2227=LINE('',#5271,#2619);
#2228=LINE('',#5273,#2620);
#2229=LINE('',#5275,#2621);
#2230=LINE('',#5277,#2622);
#2231=LINE('',#5279,#2623);
#2232=LINE('',#5281,#2624);
#2233=LINE('',#5282,#2625);
#2234=LINE('',#5284,#2626);
#2235=LINE('',#5286,#2627);
#2236=LINE('',#5287,#2628);
#2237=LINE('',#5289,#2629);
#2238=LINE('',#5291,#2630);
#2239=LINE('',#5295,#2631);
#2240=LINE('',#5298,#2632);
#2241=LINE('',#5300,#2633);
#2242=LINE('',#5302,#2634);
#2243=LINE('',#5304,#2635);
#2244=LINE('',#5306,#2636);
#2245=LINE('',#5308,#2637);
#2246=LINE('',#5310,#2638);
#2247=LINE('',#5312,#2639);
#2248=LINE('',#5314,#2640);
#2249=LINE('',#5316,#2641);
#2250=LINE('',#5318,#2642);
#2251=LINE('',#5320,#2643);
#2252=LINE('',#5322,#2644);
#2253=LINE('',#5324,#2645);
#2254=LINE('',#5326,#2646);
#2255=LINE('',#5328,#2647);
#2256=LINE('',#5330,#2648);
#2257=LINE('',#5332,#2649);
#2258=LINE('',#5334,#2650);
#2259=LINE('',#5336,#2651);
#2260=LINE('',#5338,#2652);
#2261=LINE('',#5340,#2653);
#2262=LINE('',#5342,#2654);
#2263=LINE('',#5344,#2655);
#2264=LINE('',#5345,#2656);
#2265=LINE('',#5347,#2657);
#2266=LINE('',#5349,#2658);
#2267=LINE('',#5350,#2659);
#2268=LINE('',#5352,#2660);
#2269=LINE('',#5353,#2661);
#2270=LINE('',#5355,#2662);
#2271=LINE('',#5358,#2663);
#2272=LINE('',#5361,#2664);
#2273=LINE('',#5363,#2665);
#2274=LINE('',#5365,#2666);
#2275=LINE('',#5367,#2667);
#2276=LINE('',#5369,#2668);
#2277=LINE('',#5371,#2669);
#2278=LINE('',#5373,#2670);
#2279=LINE('',#5375,#2671);
#2280=LINE('',#5377,#2672);
#2281=LINE('',#5379,#2673);
#2282=LINE('',#5381,#2674);
#2283=LINE('',#5383,#2675);
#2284=LINE('',#5385,#2676);
#2285=LINE('',#5387,#2677);
#2286=LINE('',#5388,#2678);
#2287=LINE('',#5390,#2679);
#2288=LINE('',#5392,#2680);
#2289=LINE('',#5393,#2681);
#2290=LINE('',#5395,#2682);
#2291=LINE('',#5396,#2683);
#2292=LINE('',#5398,#2684);
#2293=LINE('',#5401,#2685);
#2294=LINE('',#5404,#2686);
#2295=LINE('',#5406,#2687);
#2296=LINE('',#5408,#2688);
#2297=LINE('',#5410,#2689);
#2298=LINE('',#5412,#2690);
#2299=LINE('',#5414,#2691);
#2300=LINE('',#5416,#2692);
#2301=LINE('',#5418,#2693);
#2302=LINE('',#5420,#2694);
#2303=LINE('',#5422,#2695);
#2304=LINE('',#5424,#2696);
#2305=LINE('',#5426,#2697);
#2306=LINE('',#5428,#2698);
#2307=LINE('',#5430,#2699);
#2308=LINE('',#5431,#2700);
#2309=LINE('',#5433,#2701);
#2310=LINE('',#5435,#2702);
#2311=LINE('',#5436,#2703);
#2312=LINE('',#5438,#2704);
#2313=LINE('',#5439,#2705);
#2314=LINE('',#5441,#2706);
#2315=LINE('',#5444,#2707);
#2316=LINE('',#5447,#2708);
#2317=LINE('',#5449,#2709);
#2318=LINE('',#5451,#2710);
#2319=LINE('',#5453,#2711);
#2320=LINE('',#5455,#2712);
#2321=LINE('',#5457,#2713);
#2322=LINE('',#5459,#2714);
#2323=LINE('',#5461,#2715);
#2324=LINE('',#5463,#2716);
#2325=LINE('',#5465,#2717);
#2326=LINE('',#5467,#2718);
#2327=LINE('',#5469,#2719);
#2328=LINE('',#5471,#2720);
#2329=LINE('',#5473,#2721);
#2330=LINE('',#5474,#2722);
#2331=LINE('',#5476,#2723);
#2332=LINE('',#5478,#2724);
#2333=LINE('',#5479,#2725);
#2334=LINE('',#5481,#2726);
#2335=LINE('',#5482,#2727);
#2336=LINE('',#5484,#2728);
#2337=LINE('',#5487,#2729);
#2338=LINE('',#5490,#2730);
#2339=LINE('',#5492,#2731);
#2340=LINE('',#5494,#2732);
#2341=LINE('',#5496,#2733);
#2342=LINE('',#5498,#2734);
#2343=LINE('',#5500,#2735);
#2344=LINE('',#5502,#2736);
#2345=LINE('',#5504,#2737);
#2346=LINE('',#5506,#2738);
#2347=LINE('',#5508,#2739);
#2348=LINE('',#5510,#2740);
#2349=LINE('',#5512,#2741);
#2350=LINE('',#5514,#2742);
#2351=LINE('',#5515,#2743);
#2352=LINE('',#5517,#2744);
#2353=LINE('',#5520,#2745);
#2354=VECTOR('',#3631,1.);
#2355=VECTOR('',#3632,1.);
#2356=VECTOR('',#3633,1.);
#2357=VECTOR('',#3634,1.);
#2358=VECTOR('',#3637,1.);
#2359=VECTOR('',#3638,1.);
#2360=VECTOR('',#3639,1.);
#2361=VECTOR('',#3640,1.);
#2362=VECTOR('',#3643,1.);
#2363=VECTOR('',#3644,1.);
#2364=VECTOR('',#3645,1.);
#2365=VECTOR('',#3646,1.);
#2366=VECTOR('',#3649,1.);
#2367=VECTOR('',#3650,1.);
#2368=VECTOR('',#3651,1.);
#2369=VECTOR('',#3652,1.);
#2370=VECTOR('',#3655,1.);
#2371=VECTOR('',#3656,1.);
#2372=VECTOR('',#3657,1.);
#2373=VECTOR('',#3658,1.);
#2374=VECTOR('',#3661,1.);
#2375=VECTOR('',#3662,1.);
#2376=VECTOR('',#3663,1.);
#2377=VECTOR('',#3664,1.);
#2378=VECTOR('',#3667,1.);
#2379=VECTOR('',#3668,1.);
#2380=VECTOR('',#3669,1.);
#2381=VECTOR('',#3670,1.);
#2382=VECTOR('',#3673,1.);
#2383=VECTOR('',#3674,1.);
#2384=VECTOR('',#3675,1.);
#2385=VECTOR('',#3676,1.);
#2386=VECTOR('',#3679,1.);
#2387=VECTOR('',#3680,1.);
#2388=VECTOR('',#3685,1.);
#2389=VECTOR('',#3686,1.);
#2390=VECTOR('',#3691,1.);
#2391=VECTOR('',#3694,1.);
#2392=VECTOR('',#3697,1.);
#2393=VECTOR('',#3700,1.);
#2394=VECTOR('',#3705,1.);
#2395=VECTOR('',#3706,1.);
#2396=VECTOR('',#3711,1.);
#2397=VECTOR('',#3714,1.);
#2398=VECTOR('',#3717,1.);
#2399=VECTOR('',#3720,1.);
#2400=VECTOR('',#3725,1.);
#2401=VECTOR('',#3726,1.);
#2402=VECTOR('',#3731,1.);
#2403=VECTOR('',#3734,1.);
#2404=VECTOR('',#3737,1.);
#2405=VECTOR('',#3740,1.);
#2406=VECTOR('',#3745,1.);
#2407=VECTOR('',#3746,1.);
#2408=VECTOR('',#3751,1.);
#2409=VECTOR('',#3754,1.);
#2410=VECTOR('',#3757,1.);
#2411=VECTOR('',#3760,1.);
#2412=VECTOR('',#3765,1.);
#2413=VECTOR('',#3766,1.);
#2414=VECTOR('',#3771,1.);
#2415=VECTOR('',#3776,1.);
#2416=VECTOR('',#3781,1.);
#2417=VECTOR('',#3784,1.);
#2418=VECTOR('',#3787,1.);
#2419=VECTOR('',#3790,1.);
#2420=VECTOR('',#3797,1.);
#2421=VECTOR('',#3802,1.);
#2422=VECTOR('',#3803,1.);
#2423=VECTOR('',#3804,1.);
#2424=VECTOR('',#3807,1.);
#2425=VECTOR('',#3808,1.);
#2426=VECTOR('',#3811,1.);
#2427=VECTOR('',#3812,1.);
#2428=VECTOR('',#3813,1.);
#2429=VECTOR('',#3814,1.);
#2430=VECTOR('',#3817,1.);
#2431=VECTOR('',#3818,1.);
#2432=VECTOR('',#3819,1.);
#2433=VECTOR('',#3822,1.);
#2434=VECTOR('',#3823,1.);
#2435=VECTOR('',#3824,1.);
#2436=VECTOR('',#3827,1.);
#2437=VECTOR('',#3832,1.);
#2438=VECTOR('',#3833,1.);
#2439=VECTOR('',#3836,1.);
#2440=VECTOR('',#3837,1.);
#2441=VECTOR('',#3840,1.);
#2442=VECTOR('',#3841,1.);
#2443=VECTOR('',#3842,1.);
#2444=VECTOR('',#3843,1.);
#2445=VECTOR('',#3846,1.);
#2446=VECTOR('',#3847,1.);
#2447=VECTOR('',#3848,1.);
#2448=VECTOR('',#3851,1.);
#2449=VECTOR('',#3852,1.);
#2450=VECTOR('',#3853,1.);
#2451=VECTOR('',#3856,1.);
#2452=VECTOR('',#3861,1.);
#2453=VECTOR('',#3862,1.);
#2454=VECTOR('',#3865,1.);
#2455=VECTOR('',#3866,1.);
#2456=VECTOR('',#3869,1.);
#2457=VECTOR('',#3870,1.);
#2458=VECTOR('',#3871,1.);
#2459=VECTOR('',#3872,1.);
#2460=VECTOR('',#3875,1.);
#2461=VECTOR('',#3876,1.);
#2462=VECTOR('',#3877,1.);
#2463=VECTOR('',#3880,1.);
#2464=VECTOR('',#3881,1.);
#2465=VECTOR('',#3882,1.);
#2466=VECTOR('',#3885,1.);
#2467=VECTOR('',#3890,1.);
#2468=VECTOR('',#3891,1.);
#2469=VECTOR('',#3894,1.);
#2470=VECTOR('',#3895,1.);
#2471=VECTOR('',#3898,1.);
#2472=VECTOR('',#3899,1.);
#2473=VECTOR('',#3900,1.);
#2474=VECTOR('',#3901,1.);
#2475=VECTOR('',#3904,1.);
#2476=VECTOR('',#3905,1.);
#2477=VECTOR('',#3906,1.);
#2478=VECTOR('',#3909,1.);
#2479=VECTOR('',#3910,1.);
#2480=VECTOR('',#3911,1.);
#2481=VECTOR('',#3914,1.);
#2482=VECTOR('',#3919,1.);
#2483=VECTOR('',#3920,1.);
#2484=VECTOR('',#3923,1.);
#2485=VECTOR('',#3924,1.);
#2486=VECTOR('',#3927,1.);
#2487=VECTOR('',#3928,1.);
#2488=VECTOR('',#3929,1.);
#2489=VECTOR('',#3930,1.);
#2490=VECTOR('',#3933,1.);
#2491=VECTOR('',#3934,1.);
#2492=VECTOR('',#3935,1.);
#2493=VECTOR('',#3938,1.);
#2494=VECTOR('',#3939,1.);
#2495=VECTOR('',#3940,1.);
#2496=VECTOR('',#3943,1.);
#2497=VECTOR('',#3948,1.);
#2498=VECTOR('',#3949,1.);
#2499=VECTOR('',#3952,1.);
#2500=VECTOR('',#3953,1.);
#2501=VECTOR('',#3956,1.);
#2502=VECTOR('',#3957,1.);
#2503=VECTOR('',#3958,1.);
#2504=VECTOR('',#3959,1.);
#2505=VECTOR('',#3962,1.);
#2506=VECTOR('',#3963,1.);
#2507=VECTOR('',#3964,1.);
#2508=VECTOR('',#4027,1.);
#2509=VECTOR('',#4034,1.);
#2510=VECTOR('',#4035,1.);
#2511=VECTOR('',#4050,1.);
#2512=VECTOR('',#4053,1.);
#2513=VECTOR('',#4054,1.);
#2514=VECTOR('',#4055,1.);
#2515=VECTOR('',#4058,1.);
#2516=VECTOR('',#4061,1.);
#2517=VECTOR('',#4064,1.);
#2518=VECTOR('',#4065,1.);
#2519=VECTOR('',#4066,1.);
#2520=VECTOR('',#4069,1.);
#2521=VECTOR('',#4072,1.);
#2522=VECTOR('',#4075,1.);
#2523=VECTOR('',#4076,1.);
#2524=VECTOR('',#4077,1.);
#2525=VECTOR('',#4080,1.);
#2526=VECTOR('',#4083,1.);
#2527=VECTOR('',#4086,1.);
#2528=VECTOR('',#4087,1.);
#2529=VECTOR('',#4088,1.);
#2530=VECTOR('',#4091,1.);
#2531=VECTOR('',#4094,1.);
#2532=VECTOR('',#4097,1.);
#2533=VECTOR('',#4098,1.);
#2534=VECTOR('',#4099,1.);
#2535=VECTOR('',#4102,1.);
#2536=VECTOR('',#4105,1.);
#2537=VECTOR('',#4108,1.);
#2538=VECTOR('',#4109,1.);
#2539=VECTOR('',#4110,1.);
#2540=VECTOR('',#4113,1.);
#2541=VECTOR('',#4116,1.);
#2542=VECTOR('',#4117,1.);
#2543=VECTOR('',#4118,1.);
#2544=VECTOR('',#4119,1.);
#2545=VECTOR('',#4120,1.);
#2546=VECTOR('',#4121,1.);
#2547=VECTOR('',#4122,1.);
#2548=VECTOR('',#4123,1.);
#2549=VECTOR('',#4124,1.);
#2550=VECTOR('',#4125,1.);
#2551=VECTOR('',#4126,1.);
#2552=VECTOR('',#4127,1.);
#2553=VECTOR('',#4128,1.);
#2554=VECTOR('',#4129,1.);
#2555=VECTOR('',#4130,1.);
#2556=VECTOR('',#4131,1.);
#2557=VECTOR('',#4132,1.);
#2558=VECTOR('',#4133,1.);
#2559=VECTOR('',#4140,1.);
#2560=VECTOR('',#4143,1.);
#2561=VECTOR('',#4146,1.);
#2562=VECTOR('',#4149,1.);
#2563=VECTOR('',#4152,1.);
#2564=VECTOR('',#4155,1.);
#2565=VECTOR('',#4160,1.);
#2566=VECTOR('',#4167,1.);
#2567=VECTOR('',#4170,1.);
#2568=VECTOR('',#4171,1.);
#2569=VECTOR('',#4172,1.);
#2570=VECTOR('',#4175,1.);
#2571=VECTOR('',#4176,1.);
#2572=VECTOR('',#4179,1.);
#2573=VECTOR('',#4180,1.);
#2574=VECTOR('',#4181,1.);
#2575=VECTOR('',#4184,1.);
#2576=VECTOR('',#4185,1.);
#2577=VECTOR('',#4188,1.);
#2578=VECTOR('',#4189,1.);
#2579=VECTOR('',#4190,1.);
#2580=VECTOR('',#4193,1.);
#2581=VECTOR('',#4194,1.);
#2582=VECTOR('',#4197,1.);
#2583=VECTOR('',#4198,1.);
#2584=VECTOR('',#4199,1.);
#2585=VECTOR('',#4202,1.);
#2586=VECTOR('',#4203,1.);
#2587=VECTOR('',#4206,1.);
#2588=VECTOR('',#4207,1.);
#2589=VECTOR('',#4208,1.);
#2590=VECTOR('',#4211,1.);
#2591=VECTOR('',#4212,1.);
#2592=VECTOR('',#4215,1.);
#2593=VECTOR('',#4216,1.);
#2594=VECTOR('',#4217,1.);
#2595=VECTOR('',#4220,1.);
#2596=VECTOR('',#4223,1.);
#2597=VECTOR('',#4224,1.);
#2598=VECTOR('',#4225,1.);
#2599=VECTOR('',#4228,1.);
#2600=VECTOR('',#4229,1.);
#2601=VECTOR('',#4230,1.);
#2602=VECTOR('',#4233,1.);
#2603=VECTOR('',#4234,1.);
#2604=VECTOR('',#4235,1.);
#2605=VECTOR('',#4238,1.);
#2606=VECTOR('',#4239,1.);
#2607=VECTOR('',#4240,1.);
#2608=VECTOR('',#4243,1.);
#2609=VECTOR('',#4244,1.);
#2610=VECTOR('',#4245,1.);
#2611=VECTOR('',#4248,1.);
#2612=VECTOR('',#4249,1.);
#2613=VECTOR('',#4250,1.);
#2614=VECTOR('',#4253,1.);
#2615=VECTOR('',#4256,1.);
#2616=VECTOR('',#4257,1.);
#2617=VECTOR('',#4258,1.);
#2618=VECTOR('',#4259,1.);
#2619=VECTOR('',#4260,1.);
#2620=VECTOR('',#4261,1.);
#2621=VECTOR('',#4262,1.);
#2622=VECTOR('',#4265,1.);
#2623=VECTOR('',#4266,1.);
#2624=VECTOR('',#4267,1.);
#2625=VECTOR('',#4268,1.);
#2626=VECTOR('',#4269,1.);
#2627=VECTOR('',#4270,1.);
#2628=VECTOR('',#4271,1.);
#2629=VECTOR('',#4274,1.);
#2630=VECTOR('',#4277,1.);
#2631=VECTOR('',#4284,1.);
#2632=VECTOR('',#4289,1.);
#2633=VECTOR('',#4290,1.);
#2634=VECTOR('',#4291,1.);
#2635=VECTOR('',#4294,1.);
#2636=VECTOR('',#4297,1.);
#2637=VECTOR('',#4300,1.);
#2638=VECTOR('',#4301,1.);
#2639=VECTOR('',#4302,1.);
#2640=VECTOR('',#4305,1.);
#2641=VECTOR('',#4308,1.);
#2642=VECTOR('',#4311,1.);
#2643=VECTOR('',#4312,1.);
#2644=VECTOR('',#4315,1.);
#2645=VECTOR('',#4316,1.);
#2646=VECTOR('',#4319,1.);
#2647=VECTOR('',#4322,1.);
#2648=VECTOR('',#4323,1.);
#2649=VECTOR('',#4326,1.);
#2650=VECTOR('',#4327,1.);
#2651=VECTOR('',#4330,1.);
#2652=VECTOR('',#4333,1.);
#2653=VECTOR('',#4336,1.);
#2654=VECTOR('',#4337,1.);
#2655=VECTOR('',#4338,1.);
#2656=VECTOR('',#4339,1.);
#2657=VECTOR('',#4340,1.);
#2658=VECTOR('',#4341,1.);
#2659=VECTOR('',#4342,1.);
#2660=VECTOR('',#4345,1.);
#2661=VECTOR('',#4346,1.);
#2662=VECTOR('',#4349,1.);
#2663=VECTOR('',#4354,1.);
#2664=VECTOR('',#4359,1.);
#2665=VECTOR('',#4360,1.);
#2666=VECTOR('',#4361,1.);
#2667=VECTOR('',#4364,1.);
#2668=VECTOR('',#4367,1.);
#2669=VECTOR('',#4370,1.);
#2670=VECTOR('',#4371,1.);
#2671=VECTOR('',#4372,1.);
#2672=VECTOR('',#4375,1.);
#2673=VECTOR('',#4378,1.);
#2674=VECTOR('',#4381,1.);
#2675=VECTOR('',#4384,1.);
#2676=VECTOR('',#4385,1.);
#2677=VECTOR('',#4386,1.);
#2678=VECTOR('',#4387,1.);
#2679=VECTOR('',#4388,1.);
#2680=VECTOR('',#4389,1.);
#2681=VECTOR('',#4390,1.);
#2682=VECTOR('',#4393,1.);
#2683=VECTOR('',#4394,1.);
#2684=VECTOR('',#4397,1.);
#2685=VECTOR('',#4402,1.);
#2686=VECTOR('',#4407,1.);
#2687=VECTOR('',#4408,1.);
#2688=VECTOR('',#4409,1.);
#2689=VECTOR('',#4412,1.);
#2690=VECTOR('',#4415,1.);
#2691=VECTOR('',#4418,1.);
#2692=VECTOR('',#4419,1.);
#2693=VECTOR('',#4420,1.);
#2694=VECTOR('',#4423,1.);
#2695=VECTOR('',#4426,1.);
#2696=VECTOR('',#4429,1.);
#2697=VECTOR('',#4432,1.);
#2698=VECTOR('',#4433,1.);
#2699=VECTOR('',#4434,1.);
#2700=VECTOR('',#4435,1.);
#2701=VECTOR('',#4436,1.);
#2702=VECTOR('',#4437,1.);
#2703=VECTOR('',#4438,1.);
#2704=VECTOR('',#4441,1.);
#2705=VECTOR('',#4442,1.);
#2706=VECTOR('',#4445,1.);
#2707=VECTOR('',#4450,1.);
#2708=VECTOR('',#4455,1.);
#2709=VECTOR('',#4456,1.);
#2710=VECTOR('',#4457,1.);
#2711=VECTOR('',#4460,1.);
#2712=VECTOR('',#4463,1.);
#2713=VECTOR('',#4466,1.);
#2714=VECTOR('',#4467,1.);
#2715=VECTOR('',#4468,1.);
#2716=VECTOR('',#4471,1.);
#2717=VECTOR('',#4474,1.);
#2718=VECTOR('',#4477,1.);
#2719=VECTOR('',#4480,1.);
#2720=VECTOR('',#4481,1.);
#2721=VECTOR('',#4482,1.);
#2722=VECTOR('',#4483,1.);
#2723=VECTOR('',#4484,1.);
#2724=VECTOR('',#4485,1.);
#2725=VECTOR('',#4486,1.);
#2726=VECTOR('',#4489,1.);
#2727=VECTOR('',#4490,1.);
#2728=VECTOR('',#4493,1.);
#2729=VECTOR('',#4498,1.);
#2730=VECTOR('',#4503,1.);
#2731=VECTOR('',#4504,1.);
#2732=VECTOR('',#4505,1.);
#2733=VECTOR('',#4508,1.);
#2734=VECTOR('',#4511,1.);
#2735=VECTOR('',#4514,1.);
#2736=VECTOR('',#4515,1.);
#2737=VECTOR('',#4516,1.);
#2738=VECTOR('',#4519,1.);
#2739=VECTOR('',#4522,1.);
#2740=VECTOR('',#4525,1.);
#2741=VECTOR('',#4528,1.);
#2742=VECTOR('',#4531,1.);
#2743=VECTOR('',#4532,1.);
#2744=VECTOR('',#4535,1.);
#2745=VECTOR('',#4540,1.);
#2746=EDGE_LOOP('',(#146,#147,#148,#149));
#2747=EDGE_LOOP('',(#150,#151,#152,#153));
#2748=EDGE_LOOP('',(#154,#155,#156,#157));
#2749=EDGE_LOOP('',(#158,#159,#160,#161));
#2750=EDGE_LOOP('',(#162,#163,#164,#165));
#2751=EDGE_LOOP('',(#166,#167,#168,#169));
#2752=EDGE_LOOP('',(#170,#171,#172,#173));
#2753=EDGE_LOOP('',(#174,#175,#176,#177));
#2754=EDGE_LOOP('',(#178,#179,#180,#181));
#2755=EDGE_LOOP('',(#182,#183,#184,#185));
#2756=EDGE_LOOP('',(#186,#187,#188,#189,#190,#191,#192,#193));
#2757=EDGE_LOOP('',(#194,#195,#196,#197));
#2758=EDGE_LOOP('',(#198,#199,#200,#201,#202,#203,#204,#205));
#2759=EDGE_LOOP('',(#206,#207,#208,#209));
#2760=EDGE_LOOP('',(#210,#211,#212,#213,#214,#215,#216,#217));
#2761=EDGE_LOOP('',(#218,#219,#220,#221));
#2762=EDGE_LOOP('',(#222,#223,#224,#225,#226,#227,#228,#229));
#2763=EDGE_LOOP('',(#230,#231,#232,#233));
#2764=EDGE_LOOP('',(#234,#235,#236,#237,#238,#239));
#2765=EDGE_LOOP('',(#240,#241,#242,#243,#244,#245,#246,#247));
#2766=EDGE_LOOP('',(#248,#249,#250,#251));
#2767=EDGE_LOOP('',(#252,#253,#254,#255));
#2768=EDGE_LOOP('',(#256,#257,#258,#259));
#2769=EDGE_LOOP('',(#260,#261,#262,#263));
#2770=EDGE_LOOP('',(#264,#265,#266,#267));
#2771=EDGE_LOOP('',(#268,#269,#270,#271));
#2772=EDGE_LOOP('',(#272,#273,#274,#275));
#2773=EDGE_LOOP('',(#276,#277,#278,#279));
#2774=EDGE_LOOP('',(#280,#281,#282,#283));
#2775=EDGE_LOOP('',(#284,#285,#286,#287));
#2776=EDGE_LOOP('',(#288,#289,#290,#291));
#2777=EDGE_LOOP('',(#292,#293,#294,#295));
#2778=EDGE_LOOP('',(#296,#297,#298,#299));
#2779=EDGE_LOOP('',(#300,#301,#302,#303));
#2780=EDGE_LOOP('',(#304,#305,#306,#307));
#2781=EDGE_LOOP('',(#308,#309,#310,#311));
#2782=EDGE_LOOP('',(#312,#313,#314,#315));
#2783=EDGE_LOOP('',(#316,#317,#318,#319));
#2784=EDGE_LOOP('',(#320,#321,#322,#323));
#2785=EDGE_LOOP('',(#324,#325,#326,#327));
#2786=EDGE_LOOP('',(#328,#329,#330,#331));
#2787=EDGE_LOOP('',(#332,#333,#334,#335));
#2788=EDGE_LOOP('',(#336,#337,#338,#339));
#2789=EDGE_LOOP('',(#340,#341,#342,#343));
#2790=EDGE_LOOP('',(#344,#345,#346,#347));
#2791=EDGE_LOOP('',(#348,#349,#350,#351));
#2792=EDGE_LOOP('',(#352,#353,#354,#355));
#2793=EDGE_LOOP('',(#356,#357,#358,#359));
#2794=EDGE_LOOP('',(#360,#361,#362,#363));
#2795=EDGE_LOOP('',(#364,#365,#366,#367));
#2796=EDGE_LOOP('',(#368,#369,#370,#371));
#2797=EDGE_LOOP('',(#372,#373,#374,#375));
#2798=EDGE_LOOP('',(#376,#377,#378,#379));
#2799=EDGE_LOOP('',(#380,#381,#382,#383));
#2800=EDGE_LOOP('',(#384,#385,#386,#387));
#2801=EDGE_LOOP('',(#388,#389,#390,#391,#392,#393,#394,#395,#396,#397,#398,
#399,#400,#401,#402,#403,#404,#405,#406,#407,#408,#409,#410,#411,#412,#413,
#414,#415,#416,#417,#418,#419,#420,#421,#422,#423,#424,#425,#426,#427,#428,
#429,#430,#431,#432,#433,#434,#435,#436,#437,#438,#439,#440,#441,#442,#443,
#444,#445,#446,#447,#448,#449,#450,#451,#452,#453,#454,#455,#456,#457,#458,
#459));
#2802=EDGE_LOOP('',(#460));
#2803=EDGE_LOOP('',(#461,#462,#463,#464));
#2804=EDGE_LOOP('',(#465,#466,#467,#468));
#2805=EDGE_LOOP('',(#469));
#2806=EDGE_LOOP('',(#470));
#2807=EDGE_LOOP('',(#471,#472,#473,#474,#475,#476,#477,#478,#479,#480,#481,
#482,#483,#484,#485,#486,#487,#488,#489,#490,#491,#492,#493,#494,#495,#496,
#497,#498,#499,#500,#501,#502,#503,#504,#505,#506,#507,#508,#509,#510,#511,
#512,#513,#514,#515,#516,#517,#518,#519,#520,#521,#522,#523,#524,#525,#526,
#527,#528,#529,#530,#531,#532,#533,#534,#535,#536,#537,#538,#539,#540,#541,
#542,#543,#544,#545,#546,#547,#548,#549,#550,#551,#552,#553,#554,#555,#556,
#557,#558,#559,#560,#561,#562,#563,#564,#565,#566,#567,#568,#569,#570,#571,
#572,#573,#574,#575,#576,#577,#578,#579,#580,#581,#582,#583,#584,#585,#586,
#587,#588,#589,#590,#591,#592,#593,#594));
#2808=EDGE_LOOP('',(#595));
#2809=EDGE_LOOP('',(#596));
#2810=EDGE_LOOP('',(#597));
#2811=EDGE_LOOP('',(#598,#599,#600,#601));
#2812=EDGE_LOOP('',(#602,#603,#604,#605));
#2813=EDGE_LOOP('',(#606,#607,#608,#609));
#2814=EDGE_LOOP('',(#610,#611,#612,#613));
#2815=EDGE_LOOP('',(#614,#615,#616,#617));
#2816=EDGE_LOOP('',(#618,#619,#620,#621));
#2817=EDGE_LOOP('',(#622,#623,#624,#625,#626,#627));
#2818=EDGE_LOOP('',(#628));
#2819=EDGE_LOOP('',(#629));
#2820=EDGE_LOOP('',(#630,#631,#632,#633,#634,#635,#636,#637,#638,#639,#640,
#641,#642,#643,#644,#645,#646,#647,#648,#649,#650,#651,#652,#653,#654,#655,
#656,#657,#658,#659,#660,#661,#662,#663,#664,#665,#666,#667,#668,#669,#670,
#671,#672,#673,#674,#675,#676,#677));
#2821=EDGE_LOOP('',(#678,#679,#680,#681));
#2822=EDGE_LOOP('',(#682,#683,#684,#685));
#2823=EDGE_LOOP('',(#686,#687,#688,#689));
#2824=EDGE_LOOP('',(#690,#691,#692,#693));
#2825=EDGE_LOOP('',(#694,#695,#696,#697));
#2826=EDGE_LOOP('',(#698,#699,#700,#701));
#2827=EDGE_LOOP('',(#702,#703,#704,#705));
#2828=EDGE_LOOP('',(#706,#707,#708,#709,#710,#711,#712,#713,#714,#715,#716,
#717,#718));
#2829=EDGE_LOOP('',(#719,#720,#721,#722,#723,#724,#725,#726,#727,#728,#729,
#730,#731));
#2830=EDGE_LOOP('',(#732,#733,#734,#735));
#2831=EDGE_LOOP('',(#736,#737,#738,#739,#740));
#2832=EDGE_LOOP('',(#741,#742,#743,#744));
#2833=EDGE_LOOP('',(#745));
#2834=EDGE_LOOP('',(#746));
#2835=EDGE_LOOP('',(#747,#748,#749,#750));
#2836=EDGE_LOOP('',(#751,#752,#753,#754,#755));
#2837=EDGE_LOOP('',(#756,#757,#758,#759));
#2838=EDGE_LOOP('',(#760,#761,#762,#763));
#2839=EDGE_LOOP('',(#764,#765,#766,#767));
#2840=EDGE_LOOP('',(#768,#769,#770,#771));
#2841=EDGE_LOOP('',(#772,#773,#774,#775));
#2842=EDGE_LOOP('',(#776,#777,#778,#779));
#2843=EDGE_LOOP('',(#780,#781,#782,#783));
#2844=EDGE_LOOP('',(#784,#785,#786,#787));
#2845=EDGE_LOOP('',(#788,#789,#790,#791));
#2846=EDGE_LOOP('',(#792,#793,#794,#795));
#2847=EDGE_LOOP('',(#796,#797,#798,#799));
#2848=EDGE_LOOP('',(#800,#801,#802,#803));
#2849=EDGE_LOOP('',(#804,#805,#806,#807,#808,#809,#810,#811,#812,#813,#814,
#815,#816));
#2850=EDGE_LOOP('',(#817,#818,#819,#820,#821,#822,#823,#824,#825,#826,#827,
#828,#829));
#2851=EDGE_LOOP('',(#830,#831,#832,#833));
#2852=EDGE_LOOP('',(#834,#835,#836,#837,#838));
#2853=EDGE_LOOP('',(#839,#840,#841,#842));
#2854=EDGE_LOOP('',(#843,#844,#845,#846));
#2855=EDGE_LOOP('',(#847,#848,#849,#850,#851));
#2856=EDGE_LOOP('',(#852,#853,#854,#855));
#2857=EDGE_LOOP('',(#856,#857,#858,#859));
#2858=EDGE_LOOP('',(#860,#861,#862,#863));
#2859=EDGE_LOOP('',(#864,#865,#866,#867));
#2860=EDGE_LOOP('',(#868,#869,#870,#871));
#2861=EDGE_LOOP('',(#872,#873,#874,#875));
#2862=EDGE_LOOP('',(#876,#877,#878,#879,#880,#881,#882,#883,#884,#885,#886,
#887,#888));
#2863=EDGE_LOOP('',(#889,#890,#891,#892,#893,#894,#895,#896,#897,#898,#899,
#900,#901));
#2864=EDGE_LOOP('',(#902,#903,#904,#905));
#2865=EDGE_LOOP('',(#906,#907,#908,#909,#910));
#2866=EDGE_LOOP('',(#911,#912,#913,#914));
#2867=EDGE_LOOP('',(#915,#916,#917,#918));
#2868=EDGE_LOOP('',(#919,#920,#921,#922,#923));
#2869=EDGE_LOOP('',(#924,#925,#926,#927));
#2870=EDGE_LOOP('',(#928,#929,#930,#931));
#2871=EDGE_LOOP('',(#932,#933,#934,#935));
#2872=EDGE_LOOP('',(#936,#937,#938,#939));
#2873=EDGE_LOOP('',(#940,#941,#942,#943));
#2874=EDGE_LOOP('',(#944,#945,#946,#947));
#2875=EDGE_LOOP('',(#948,#949,#950,#951,#952,#953,#954,#955,#956,#957,#958,
#959,#960));
#2876=EDGE_LOOP('',(#961,#962,#963,#964,#965,#966,#967,#968,#969,#970,#971,
#972,#973));
#2877=EDGE_LOOP('',(#974,#975,#976,#977));
#2878=EDGE_LOOP('',(#978,#979,#980,#981,#982));
#2879=EDGE_LOOP('',(#983,#984,#985,#986));
#2880=EDGE_LOOP('',(#987,#988,#989,#990));
#2881=EDGE_LOOP('',(#991,#992,#993,#994,#995));
#2882=EDGE_LOOP('',(#996,#997,#998,#999));
#2883=EDGE_LOOP('',(#1000,#1001,#1002,#1003));
#2884=EDGE_LOOP('',(#1004,#1005,#1006,#1007));
#2885=EDGE_LOOP('',(#1008,#1009,#1010,#1011));
#2886=EDGE_LOOP('',(#1012,#1013,#1014,#1015));
#2887=EDGE_LOOP('',(#1016,#1017,#1018,#1019));
#2888=EDGE_LOOP('',(#1020,#1021,#1022,#1023,#1024,#1025,#1026,#1027,#1028,
#1029,#1030,#1031,#1032));
#2889=EDGE_LOOP('',(#1033,#1034,#1035,#1036,#1037,#1038,#1039,#1040,#1041,
#1042,#1043,#1044,#1045));
#2890=EDGE_LOOP('',(#1046,#1047,#1048,#1049));
#2891=EDGE_LOOP('',(#1050,#1051,#1052,#1053,#1054));
#2892=EDGE_LOOP('',(#1055,#1056,#1057,#1058));
#2893=EDGE_LOOP('',(#1059,#1060,#1061,#1062));
#2894=EDGE_LOOP('',(#1063,#1064,#1065,#1066,#1067));
#2895=EDGE_LOOP('',(#1068,#1069,#1070,#1071));
#2896=EDGE_LOOP('',(#1072,#1073,#1074,#1075));
#2897=EDGE_LOOP('',(#1076,#1077,#1078,#1079));
#2898=EDGE_LOOP('',(#1080,#1081,#1082,#1083));
#2899=EDGE_LOOP('',(#1084,#1085,#1086,#1087));
#2900=EDGE_LOOP('',(#1088,#1089,#1090,#1091));
#2901=EDGE_LOOP('',(#1092,#1093,#1094,#1095,#1096,#1097,#1098,#1099,#1100,
#1101,#1102,#1103,#1104));
#2902=EDGE_LOOP('',(#1105,#1106,#1107,#1108,#1109,#1110,#1111,#1112,#1113,
#1114,#1115,#1116,#1117));
#2903=EDGE_LOOP('',(#1118,#1119,#1120,#1121));
#2904=EDGE_LOOP('',(#1122,#1123,#1124,#1125,#1126));
#2905=EDGE_LOOP('',(#1127,#1128,#1129,#1130));
#2906=EDGE_LOOP('',(#1131,#1132,#1133,#1134));
#2907=EDGE_LOOP('',(#1135,#1136,#1137,#1138,#1139));
#2908=FACE_BOUND('',#2746,.T.);
#2909=FACE_BOUND('',#2747,.T.);
#2910=FACE_BOUND('',#2748,.T.);
#2911=FACE_BOUND('',#2749,.T.);
#2912=FACE_BOUND('',#2750,.T.);
#2913=FACE_BOUND('',#2751,.T.);
#2914=FACE_BOUND('',#2752,.T.);
#2915=FACE_BOUND('',#2753,.T.);
#2916=FACE_BOUND('',#2754,.T.);
#2917=FACE_BOUND('',#2755,.T.);
#2918=FACE_BOUND('',#2756,.T.);
#2919=FACE_BOUND('',#2757,.T.);
#2920=FACE_BOUND('',#2758,.T.);
#2921=FACE_BOUND('',#2759,.T.);
#2922=FACE_BOUND('',#2760,.T.);
#2923=FACE_BOUND('',#2761,.T.);
#2924=FACE_BOUND('',#2762,.T.);
#2925=FACE_BOUND('',#2763,.T.);
#2926=FACE_BOUND('',#2764,.T.);
#2927=FACE_BOUND('',#2765,.T.);
#2928=FACE_BOUND('',#2766,.T.);
#2929=FACE_BOUND('',#2767,.T.);
#2930=FACE_BOUND('',#2768,.T.);
#2931=FACE_BOUND('',#2769,.T.);
#2932=FACE_BOUND('',#2770,.T.);
#2933=FACE_BOUND('',#2771,.T.);
#2934=FACE_BOUND('',#2772,.T.);
#2935=FACE_BOUND('',#2773,.T.);
#2936=FACE_BOUND('',#2774,.T.);
#2937=FACE_BOUND('',#2775,.T.);
#2938=FACE_BOUND('',#2776,.T.);
#2939=FACE_BOUND('',#2777,.T.);
#2940=FACE_BOUND('',#2778,.T.);
#2941=FACE_BOUND('',#2779,.T.);
#2942=FACE_BOUND('',#2780,.T.);
#2943=FACE_BOUND('',#2781,.T.);
#2944=FACE_BOUND('',#2782,.T.);
#2945=FACE_BOUND('',#2783,.T.);
#2946=FACE_BOUND('',#2784,.T.);
#2947=FACE_BOUND('',#2785,.T.);
#2948=FACE_BOUND('',#2786,.T.);
#2949=FACE_BOUND('',#2787,.T.);
#2950=FACE_BOUND('',#2788,.T.);
#2951=FACE_BOUND('',#2789,.T.);
#2952=FACE_BOUND('',#2790,.T.);
#2953=FACE_BOUND('',#2791,.T.);
#2954=FACE_BOUND('',#2792,.T.);
#2955=FACE_BOUND('',#2793,.T.);
#2956=FACE_BOUND('',#2794,.T.);
#2957=FACE_BOUND('',#2795,.T.);
#2958=FACE_BOUND('',#2796,.T.);
#2959=FACE_BOUND('',#2797,.T.);
#2960=FACE_BOUND('',#2798,.T.);
#2961=FACE_BOUND('',#2799,.T.);
#2962=FACE_BOUND('',#2800,.T.);
#2963=FACE_BOUND('',#2801,.T.);
#2964=FACE_BOUND('',#2802,.T.);
#2965=FACE_BOUND('',#2803,.T.);
#2966=FACE_BOUND('',#2804,.T.);
#2967=FACE_BOUND('',#2805,.T.);
#2968=FACE_BOUND('',#2806,.T.);
#2969=FACE_BOUND('',#2807,.T.);
#2970=FACE_BOUND('',#2808,.T.);
#2971=FACE_BOUND('',#2809,.T.);
#2972=FACE_BOUND('',#2810,.T.);
#2973=FACE_BOUND('',#2811,.T.);
#2974=FACE_BOUND('',#2812,.T.);
#2975=FACE_BOUND('',#2813,.T.);
#2976=FACE_BOUND('',#2814,.T.);
#2977=FACE_BOUND('',#2815,.T.);
#2978=FACE_BOUND('',#2816,.T.);
#2979=FACE_BOUND('',#2817,.T.);
#2980=FACE_BOUND('',#2818,.T.);
#2981=FACE_BOUND('',#2819,.T.);
#2982=FACE_BOUND('',#2820,.T.);
#2983=FACE_BOUND('',#2821,.T.);
#2984=FACE_BOUND('',#2822,.T.);
#2985=FACE_BOUND('',#2823,.T.);
#2986=FACE_BOUND('',#2824,.T.);
#2987=FACE_BOUND('',#2825,.T.);
#2988=FACE_BOUND('',#2826,.T.);
#2989=FACE_BOUND('',#2827,.T.);
#2990=FACE_BOUND('',#2828,.T.);
#2991=FACE_BOUND('',#2829,.T.);
#2992=FACE_BOUND('',#2830,.T.);
#2993=FACE_BOUND('',#2831,.T.);
#2994=FACE_BOUND('',#2832,.T.);
#2995=FACE_BOUND('',#2833,.T.);
#2996=FACE_BOUND('',#2834,.T.);
#2997=FACE_BOUND('',#2835,.T.);
#2998=FACE_BOUND('',#2836,.T.);
#2999=FACE_BOUND('',#2837,.T.);
#3000=FACE_BOUND('',#2838,.T.);
#3001=FACE_BOUND('',#2839,.T.);
#3002=FACE_BOUND('',#2840,.T.);
#3003=FACE_BOUND('',#2841,.T.);
#3004=FACE_BOUND('',#2842,.T.);
#3005=FACE_BOUND('',#2843,.T.);
#3006=FACE_BOUND('',#2844,.T.);
#3007=FACE_BOUND('',#2845,.T.);
#3008=FACE_BOUND('',#2846,.T.);
#3009=FACE_BOUND('',#2847,.T.);
#3010=FACE_BOUND('',#2848,.T.);
#3011=FACE_BOUND('',#2849,.T.);
#3012=FACE_BOUND('',#2850,.T.);
#3013=FACE_BOUND('',#2851,.T.);
#3014=FACE_BOUND('',#2852,.T.);
#3015=FACE_BOUND('',#2853,.T.);
#3016=FACE_BOUND('',#2854,.T.);
#3017=FACE_BOUND('',#2855,.T.);
#3018=FACE_BOUND('',#2856,.T.);
#3019=FACE_BOUND('',#2857,.T.);
#3020=FACE_BOUND('',#2858,.T.);
#3021=FACE_BOUND('',#2859,.T.);
#3022=FACE_BOUND('',#2860,.T.);
#3023=FACE_BOUND('',#2861,.T.);
#3024=FACE_BOUND('',#2862,.T.);
#3025=FACE_BOUND('',#2863,.T.);
#3026=FACE_BOUND('',#2864,.T.);
#3027=FACE_BOUND('',#2865,.T.);
#3028=FACE_BOUND('',#2866,.T.);
#3029=FACE_BOUND('',#2867,.T.);
#3030=FACE_BOUND('',#2868,.T.);
#3031=FACE_BOUND('',#2869,.T.);
#3032=FACE_BOUND('',#2870,.T.);
#3033=FACE_BOUND('',#2871,.T.);
#3034=FACE_BOUND('',#2872,.T.);
#3035=FACE_BOUND('',#2873,.T.);
#3036=FACE_BOUND('',#2874,.T.);
#3037=FACE_BOUND('',#2875,.T.);
#3038=FACE_BOUND('',#2876,.T.);
#3039=FACE_BOUND('',#2877,.T.);
#3040=FACE_BOUND('',#2878,.T.);
#3041=FACE_BOUND('',#2879,.T.);
#3042=FACE_BOUND('',#2880,.T.);
#3043=FACE_BOUND('',#2881,.T.);
#3044=FACE_BOUND('',#2882,.T.);
#3045=FACE_BOUND('',#2883,.T.);
#3046=FACE_BOUND('',#2884,.T.);
#3047=FACE_BOUND('',#2885,.T.);
#3048=FACE_BOUND('',#2886,.T.);
#3049=FACE_BOUND('',#2887,.T.);
#3050=FACE_BOUND('',#2888,.T.);
#3051=FACE_BOUND('',#2889,.T.);
#3052=FACE_BOUND('',#2890,.T.);
#3053=FACE_BOUND('',#2891,.T.);
#3054=FACE_BOUND('',#2892,.T.);
#3055=FACE_BOUND('',#2893,.T.);
#3056=FACE_BOUND('',#2894,.T.);
#3057=FACE_BOUND('',#2895,.T.);
#3058=FACE_BOUND('',#2896,.T.);
#3059=FACE_BOUND('',#2897,.T.);
#3060=FACE_BOUND('',#2898,.T.);
#3061=FACE_BOUND('',#2899,.T.);
#3062=FACE_BOUND('',#2900,.T.);
#3063=FACE_BOUND('',#2901,.T.);
#3064=FACE_BOUND('',#2902,.T.);
#3065=FACE_BOUND('',#2903,.T.);
#3066=FACE_BOUND('',#2904,.T.);
#3067=FACE_BOUND('',#2905,.T.);
#3068=FACE_BOUND('',#2906,.T.);
#3069=FACE_BOUND('',#2907,.T.);
#3070=PLANE('',#3366);
#3071=PLANE('',#3367);
#3072=PLANE('',#3368);
#3073=PLANE('',#3369);
#3074=PLANE('',#3370);
#3075=PLANE('',#3371);
#3076=PLANE('',#3372);
#3077=PLANE('',#3373);
#3078=PLANE('',#3374);
#3079=PLANE('',#3376);
#3080=PLANE('',#3378);
#3081=PLANE('',#3383);
#3082=PLANE('',#3385);
#3083=PLANE('',#3390);
#3084=PLANE('',#3392);
#3085=PLANE('',#3397);
#3086=PLANE('',#3399);
#3087=PLANE('',#3404);
#3088=PLANE('',#3406);
#3089=PLANE('',#3410);
#3090=PLANE('',#3418);
#3091=PLANE('',#3419);
#3092=PLANE('',#3420);
#3093=PLANE('',#3421);
#3094=PLANE('',#3422);
#3095=PLANE('',#3425);
#3096=PLANE('',#3426);
#3097=PLANE('',#3427);
#3098=PLANE('',#3428);
#3099=PLANE('',#3429);
#3100=PLANE('',#3432);
#3101=PLANE('',#3433);
#3102=PLANE('',#3434);
#3103=PLANE('',#3435);
#3104=PLANE('',#3436);
#3105=PLANE('',#3439);
#3106=PLANE('',#3440);
#3107=PLANE('',#3441);
#3108=PLANE('',#3442);
#3109=PLANE('',#3443);
#3110=PLANE('',#3446);
#3111=PLANE('',#3447);
#3112=PLANE('',#3448);
#3113=PLANE('',#3449);
#3114=PLANE('',#3450);
#3115=PLANE('',#3453);
#3116=PLANE('',#3454);
#3117=PLANE('',#3455);
#3118=PLANE('',#3456);
#3119=PLANE('',#3490);
#3120=PLANE('',#3496);
#3121=PLANE('',#3517);
#3122=PLANE('',#3518);
#3123=PLANE('',#3519);
#3124=PLANE('',#3520);
#3125=PLANE('',#3521);
#3126=PLANE('',#3522);
#3127=PLANE('',#3523);
#3128=PLANE('',#3524);
#3129=PLANE('',#3526);
#3130=PLANE('',#3527);
#3131=PLANE('',#3541);
#3132=PLANE('',#3542);
#3133=PLANE('',#3543);
#3134=PLANE('',#3544);
#3135=PLANE('',#3545);
#3136=PLANE('',#3546);
#3137=PLANE('',#3548);
#3138=PLANE('',#3549);
#3139=PLANE('',#3551);
#3140=PLANE('',#3555);
#3141=PLANE('',#3556);
#3142=PLANE('',#3557);
#3143=PLANE('',#3558);
#3144=PLANE('',#3559);
#3145=PLANE('',#3560);
#3146=PLANE('',#3561);
#3147=PLANE('',#3562);
#3148=PLANE('',#3563);
#3149=PLANE('',#3564);
#3150=PLANE('',#3565);
#3151=PLANE('',#3566);
#3152=PLANE('',#3567);
#3153=PLANE('',#3568);
#3154=PLANE('',#3569);
#3155=PLANE('',#3571);
#3156=PLANE('',#3574);
#3157=PLANE('',#3575);
#3158=PLANE('',#3576);
#3159=PLANE('',#3577);
#3160=PLANE('',#3578);
#3161=PLANE('',#3579);
#3162=PLANE('',#3580);
#3163=PLANE('',#3581);
#3164=PLANE('',#3582);
#3165=PLANE('',#3584);
#3166=PLANE('',#3587);
#3167=PLANE('',#3588);
#3168=PLANE('',#3589);
#3169=PLANE('',#3590);
#3170=PLANE('',#3591);
#3171=PLANE('',#3592);
#3172=PLANE('',#3593);
#3173=PLANE('',#3594);
#3174=PLANE('',#3595);
#3175=PLANE('',#3597);
#3176=PLANE('',#3600);
#3177=PLANE('',#3601);
#3178=PLANE('',#3602);
#3179=PLANE('',#3603);
#3180=PLANE('',#3604);
#3181=PLANE('',#3605);
#3182=PLANE('',#3606);
#3183=PLANE('',#3607);
#3184=PLANE('',#3608);
#3185=PLANE('',#3610);
#3186=PLANE('',#3613);
#3187=PLANE('',#3614);
#3188=PLANE('',#3615);
#3189=PLANE('',#3616);
#3190=PLANE('',#3617);
#3191=PLANE('',#3618);
#3192=PLANE('',#3619);
#3193=PLANE('',#3620);
#3194=PLANE('',#3621);
#3195=PLANE('',#3623);
#3196=PLANE('',#3626);
#3197=ADVANCED_FACE('',(#2908),#3070,.F.);
#3198=ADVANCED_FACE('',(#2909),#3071,.F.);
#3199=ADVANCED_FACE('',(#2910),#3072,.F.);
#3200=ADVANCED_FACE('',(#2911),#3073,.F.);
#3201=ADVANCED_FACE('',(#2912),#3074,.F.);
#3202=ADVANCED_FACE('',(#2913),#3075,.F.);
#3203=ADVANCED_FACE('',(#2914),#3076,.T.);
#3204=ADVANCED_FACE('',(#2915),#3077,.T.);
#3205=ADVANCED_FACE('',(#2916),#3078,.F.);
#3206=ADVANCED_FACE('',(#2917),#3079,.F.);
#3207=ADVANCED_FACE('',(#2918),#3080,.F.);
#3208=ADVANCED_FACE('',(#2919),#3081,.F.);
#3209=ADVANCED_FACE('',(#2920),#3082,.F.);
#3210=ADVANCED_FACE('',(#2921),#3083,.F.);
#3211=ADVANCED_FACE('',(#2922),#3084,.F.);
#3212=ADVANCED_FACE('',(#2923),#3085,.F.);
#3213=ADVANCED_FACE('',(#2924),#3086,.F.);
#3214=ADVANCED_FACE('',(#2925),#3087,.F.);
#3215=ADVANCED_FACE('',(#2926),#3088,.F.);
#3216=ADVANCED_FACE('',(#2927),#3089,.F.);
#3217=ADVANCED_FACE('',(#2928),#12,.F.);
#3218=ADVANCED_FACE('',(#2929),#3090,.T.);
#3219=ADVANCED_FACE('',(#2930),#3091,.F.);
#3220=ADVANCED_FACE('',(#2931),#3092,.F.);
#3221=ADVANCED_FACE('',(#2932),#3093,.F.);
#3222=ADVANCED_FACE('',(#2933),#3094,.F.);
#3223=ADVANCED_FACE('',(#2934),#13,.F.);
#3224=ADVANCED_FACE('',(#2935),#3095,.T.);
#3225=ADVANCED_FACE('',(#2936),#3096,.F.);
#3226=ADVANCED_FACE('',(#2937),#3097,.F.);
#3227=ADVANCED_FACE('',(#2938),#3098,.F.);
#3228=ADVANCED_FACE('',(#2939),#3099,.F.);
#3229=ADVANCED_FACE('',(#2940),#14,.F.);
#3230=ADVANCED_FACE('',(#2941),#3100,.T.);
#3231=ADVANCED_FACE('',(#2942),#3101,.F.);
#3232=ADVANCED_FACE('',(#2943),#3102,.F.);
#3233=ADVANCED_FACE('',(#2944),#3103,.F.);
#3234=ADVANCED_FACE('',(#2945),#3104,.F.);
#3235=ADVANCED_FACE('',(#2946),#15,.F.);
#3236=ADVANCED_FACE('',(#2947),#3105,.T.);
#3237=ADVANCED_FACE('',(#2948),#3106,.F.);
#3238=ADVANCED_FACE('',(#2949),#3107,.F.);
#3239=ADVANCED_FACE('',(#2950),#3108,.F.);
#3240=ADVANCED_FACE('',(#2951),#3109,.F.);
#3241=ADVANCED_FACE('',(#2952),#16,.F.);
#3242=ADVANCED_FACE('',(#2953),#3110,.T.);
#3243=ADVANCED_FACE('',(#2954),#3111,.F.);
#3244=ADVANCED_FACE('',(#2955),#3112,.F.);
#3245=ADVANCED_FACE('',(#2956),#3113,.F.);
#3246=ADVANCED_FACE('',(#2957),#3114,.F.);
#3247=ADVANCED_FACE('',(#2958),#17,.F.);
#3248=ADVANCED_FACE('',(#2959),#3115,.T.);
#3249=ADVANCED_FACE('',(#2960),#3116,.F.);
#3250=ADVANCED_FACE('',(#2961),#3117,.F.);
#3251=ADVANCED_FACE('',(#2962),#3118,.F.);
#3252=ADVANCED_FACE('',(#2963,#2964),#18,.T.);
#3253=ADVANCED_FACE('',(#2965),#3119,.F.);
#3254=ADVANCED_FACE('',(#2966),#19,.F.);
#3255=ADVANCED_FACE('',(#2967,#2968),#20,.F.);
#3256=ADVANCED_FACE('',(#2969,#2970,#2971),#3120,.T.);
#3257=ADVANCED_FACE('',(#2972),#3121,.F.);
#3258=ADVANCED_FACE('',(#2973),#3122,.F.);
#3259=ADVANCED_FACE('',(#2974),#3123,.F.);
#3260=ADVANCED_FACE('',(#2975),#3124,.F.);
#3261=ADVANCED_FACE('',(#2976),#3125,.F.);
#3262=ADVANCED_FACE('',(#2977),#3126,.F.);
#3263=ADVANCED_FACE('',(#2978),#3127,.F.);
#3264=ADVANCED_FACE('',(#2979),#3128,.F.);
#3265=ADVANCED_FACE('',(#2980),#3129,.T.);
#3266=ADVANCED_FACE('',(#2981,#2982),#3130,.F.);
#3267=ADVANCED_FACE('',(#2983),#3131,.F.);
#3268=ADVANCED_FACE('',(#2984),#3132,.F.);
#3269=ADVANCED_FACE('',(#2985),#3133,.F.);
#3270=ADVANCED_FACE('',(#2986),#3134,.F.);
#3271=ADVANCED_FACE('',(#2987),#3135,.F.);
#3272=ADVANCED_FACE('',(#2988),#3136,.F.);
#3273=ADVANCED_FACE('',(#2989),#21,.T.);
#3274=ADVANCED_FACE('',(#2990),#3137,.T.);
#3275=ADVANCED_FACE('',(#2991),#3138,.F.);
#3276=ADVANCED_FACE('',(#2992),#22,.T.);
#3277=ADVANCED_FACE('',(#2993),#3139,.F.);
#3278=ADVANCED_FACE('',(#2994),#23,.F.);
#3279=ADVANCED_FACE('',(#2995,#2996),#24,.T.);
#3280=ADVANCED_FACE('',(#2997),#25,.F.);
#3281=ADVANCED_FACE('',(#2998),#3140,.T.);
#3282=ADVANCED_FACE('',(#2999),#3141,.T.);
#3283=ADVANCED_FACE('',(#3000),#3142,.T.);
#3284=ADVANCED_FACE('',(#3001),#3143,.F.);
#3285=ADVANCED_FACE('',(#3002),#3144,.F.);
#3286=ADVANCED_FACE('',(#3003),#3145,.F.);
#3287=ADVANCED_FACE('',(#3004),#3146,.T.);
#3288=ADVANCED_FACE('',(#3005),#3147,.T.);
#3289=ADVANCED_FACE('',(#3006),#3148,.F.);
#3290=ADVANCED_FACE('',(#3007),#3149,.T.);
#3291=ADVANCED_FACE('',(#3008),#3150,.F.);
#3292=ADVANCED_FACE('',(#3009),#3151,.F.);
#3293=ADVANCED_FACE('',(#3010),#3152,.T.);
#3294=ADVANCED_FACE('',(#3011),#3153,.T.);
#3295=ADVANCED_FACE('',(#3012),#3154,.F.);
#3296=ADVANCED_FACE('',(#3013),#26,.T.);
#3297=ADVANCED_FACE('',(#3014),#3155,.F.);
#3298=ADVANCED_FACE('',(#3015),#27,.F.);
#3299=ADVANCED_FACE('',(#3016),#28,.F.);
#3300=ADVANCED_FACE('',(#3017),#3156,.T.);
#3301=ADVANCED_FACE('',(#3018),#3157,.T.);
#3302=ADVANCED_FACE('',(#3019),#3158,.T.);
#3303=ADVANCED_FACE('',(#3020),#3159,.F.);
#3304=ADVANCED_FACE('',(#3021),#3160,.F.);
#3305=ADVANCED_FACE('',(#3022),#3161,.F.);
#3306=ADVANCED_FACE('',(#3023),#3162,.T.);
#3307=ADVANCED_FACE('',(#3024),#3163,.T.);
#3308=ADVANCED_FACE('',(#3025),#3164,.F.);
#3309=ADVANCED_FACE('',(#3026),#29,.T.);
#3310=ADVANCED_FACE('',(#3027),#3165,.F.);
#3311=ADVANCED_FACE('',(#3028),#30,.F.);
#3312=ADVANCED_FACE('',(#3029),#31,.F.);
#3313=ADVANCED_FACE('',(#3030),#3166,.T.);
#3314=ADVANCED_FACE('',(#3031),#3167,.T.);
#3315=ADVANCED_FACE('',(#3032),#3168,.T.);
#3316=ADVANCED_FACE('',(#3033),#3169,.F.);
#3317=ADVANCED_FACE('',(#3034),#3170,.F.);
#3318=ADVANCED_FACE('',(#3035),#3171,.F.);
#3319=ADVANCED_FACE('',(#3036),#3172,.T.);
#3320=ADVANCED_FACE('',(#3037),#3173,.T.);
#3321=ADVANCED_FACE('',(#3038),#3174,.F.);
#3322=ADVANCED_FACE('',(#3039),#32,.T.);
#3323=ADVANCED_FACE('',(#3040),#3175,.F.);
#3324=ADVANCED_FACE('',(#3041),#33,.F.);
#3325=ADVANCED_FACE('',(#3042),#34,.F.);
#3326=ADVANCED_FACE('',(#3043),#3176,.T.);
#3327=ADVANCED_FACE('',(#3044),#3177,.T.);
#3328=ADVANCED_FACE('',(#3045),#3178,.T.);
#3329=ADVANCED_FACE('',(#3046),#3179,.F.);
#3330=ADVANCED_FACE('',(#3047),#3180,.F.);
#3331=ADVANCED_FACE('',(#3048),#3181,.F.);
#3332=ADVANCED_FACE('',(#3049),#3182,.T.);
#3333=ADVANCED_FACE('',(#3050),#3183,.T.);
#3334=ADVANCED_FACE('',(#3051),#3184,.F.);
#3335=ADVANCED_FACE('',(#3052),#35,.T.);
#3336=ADVANCED_FACE('',(#3053),#3185,.F.);
#3337=ADVANCED_FACE('',(#3054),#36,.F.);
#3338=ADVANCED_FACE('',(#3055),#37,.F.);
#3339=ADVANCED_FACE('',(#3056),#3186,.T.);
#3340=ADVANCED_FACE('',(#3057),#3187,.T.);
#3341=ADVANCED_FACE('',(#3058),#3188,.T.);
#3342=ADVANCED_FACE('',(#3059),#3189,.F.);
#3343=ADVANCED_FACE('',(#3060),#3190,.F.);
#3344=ADVANCED_FACE('',(#3061),#3191,.F.);
#3345=ADVANCED_FACE('',(#3062),#3192,.T.);
#3346=ADVANCED_FACE('',(#3063),#3193,.T.);
#3347=ADVANCED_FACE('',(#3064),#3194,.F.);
#3348=ADVANCED_FACE('',(#3065),#38,.T.);
#3349=ADVANCED_FACE('',(#3066),#3195,.F.);
#3350=ADVANCED_FACE('',(#3067),#39,.F.);
#3351=ADVANCED_FACE('',(#3068),#40,.F.);
#3352=ADVANCED_FACE('',(#3069),#3196,.T.);
#3353=CLOSED_SHELL('',(#3197,#3198,#3199,#3200,#3201,#3202,#3203,#3204,
#3205,#3206,#3207,#3208,#3209,#3210,#3211,#3212,#3213,#3214,#3215,#3216,
#3217,#3218,#3219,#3220,#3221,#3222,#3223,#3224,#3225,#3226,#3227,#3228,
#3229,#3230,#3231,#3232,#3233,#3234,#3235,#3236,#3237,#3238,#3239,#3240,
#3241,#3242,#3243,#3244,#3245,#3246,#3247,#3248,#3249,#3250,#3251,#3252,
#3253,#3254,#3255,#3256,#3257,#3258,#3259,#3260,#3261,#3262,#3263,#3264,
#3265,#3266,#3267,#3268,#3269,#3270,#3271,#3272,#3273,#3274,#3275,#3276,
#3277,#3278,#3279,#3280,#3281,#3282,#3283,#3284,#3285,#3286,#3287,#3288,
#3289,#3290,#3291,#3292,#3293,#3294,#3295,#3296,#3297,#3298,#3299,#3300,
#3301,#3302,#3303,#3304,#3305,#3306,#3307,#3308,#3309,#3310,#3311,#3312,
#3313,#3314,#3315,#3316,#3317,#3318,#3319,#3320,#3321,#3322,#3323,#3324,
#3325,#3326,#3327,#3328,#3329,#3330,#3331,#3332,#3333,#3334,#3335,#3336,
#3337,#3338,#3339,#3340,#3341,#3342,#3343,#3344,#3345,#3346,#3347,#3348,
#3349,#3350,#3351,#3352));
#3354=STYLED_ITEM('',(#3355),#3362);
#3355=PRESENTATION_STYLE_ASSIGNMENT((#3356));
#3356=SURFACE_STYLE_USAGE(.BOTH.,#3357);
#3357=SURFACE_SIDE_STYLE('',(#3358));
#3358=SURFACE_STYLE_FILL_AREA(#3359);
#3359=FILL_AREA_STYLE('',(#3360));
#3360=FILL_AREA_STYLE_COLOUR('',#3361);
#3361=COLOUR_RGB('',0.615686274509804,0.811764705882353,0.929411764705882);
#3362=MANIFOLD_SOLID_BREP('Chassis',#3353);
#3363=SHAPE_DEFINITION_REPRESENTATION(#5528,#3364);
#3364=SHAPE_REPRESENTATION('Chassis',(#3365),#5523);
#3365=AXIS2_PLACEMENT_3D('',#4543,#3627,#3628);
#3366=AXIS2_PLACEMENT_3D('',#4544,#3629,#3630);
#3367=AXIS2_PLACEMENT_3D('',#4553,#3635,#3636);
#3368=AXIS2_PLACEMENT_3D('',#4562,#3641,#3642);
#3369=AXIS2_PLACEMENT_3D('',#4571,#3647,#3648);
#3370=AXIS2_PLACEMENT_3D('',#4580,#3653,#3654);
#3371=AXIS2_PLACEMENT_3D('',#4589,#3659,#3660);
#3372=AXIS2_PLACEMENT_3D('',#4598,#3665,#3666);
#3373=AXIS2_PLACEMENT_3D('',#4607,#3671,#3672);
#3374=AXIS2_PLACEMENT_3D('',#4616,#3677,#3678);
#3375=AXIS2_PLACEMENT_3D('',#4621,#3681,#3682);
#3376=AXIS2_PLACEMENT_3D('',#4622,#3683,#3684);
#3377=AXIS2_PLACEMENT_3D('',#4627,#3687,#3688);
#3378=AXIS2_PLACEMENT_3D('',#4628,#3689,#3690);
#3379=AXIS2_PLACEMENT_3D('',#4632,#3692,#3693);
#3380=AXIS2_PLACEMENT_3D('',#4636,#3695,#3696);
#3381=AXIS2_PLACEMENT_3D('',#4640,#3698,#3699);
#3382=AXIS2_PLACEMENT_3D('',#4644,#3701,#3702);
#3383=AXIS2_PLACEMENT_3D('',#4645,#3703,#3704);
#3384=AXIS2_PLACEMENT_3D('',#4650,#3707,#3708);
#3385=AXIS2_PLACEMENT_3D('',#4651,#3709,#3710);
#3386=AXIS2_PLACEMENT_3D('',#4655,#3712,#3713);
#3387=AXIS2_PLACEMENT_3D('',#4659,#3715,#3716);
#3388=AXIS2_PLACEMENT_3D('',#4663,#3718,#3719);
#3389=AXIS2_PLACEMENT_3D('',#4667,#3721,#3722);
#3390=AXIS2_PLACEMENT_3D('',#4668,#3723,#3724);
#3391=AXIS2_PLACEMENT_3D('',#4673,#3727,#3728);
#3392=AXIS2_PLACEMENT_3D('',#4674,#3729,#3730);
#3393=AXIS2_PLACEMENT_3D('',#4678,#3732,#3733);
#3394=AXIS2_PLACEMENT_3D('',#4682,#3735,#3736);
#3395=AXIS2_PLACEMENT_3D('',#4686,#3738,#3739);
#3396=AXIS2_PLACEMENT_3D('',#4690,#3741,#3742);
#3397=AXIS2_PLACEMENT_3D('',#4691,#3743,#3744);
#3398=AXIS2_PLACEMENT_3D('',#4696,#3747,#3748);
#3399=AXIS2_PLACEMENT_3D('',#4697,#3749,#3750);
#3400=AXIS2_PLACEMENT_3D('',#4701,#3752,#3753);
#3401=AXIS2_PLACEMENT_3D('',#4705,#3755,#3756);
#3402=AXIS2_PLACEMENT_3D('',#4709,#3758,#3759);
#3403=AXIS2_PLACEMENT_3D('',#4713,#3761,#3762);
#3404=AXIS2_PLACEMENT_3D('',#4714,#3763,#3764);
#3405=AXIS2_PLACEMENT_3D('',#4719,#3767,#3768);
#3406=AXIS2_PLACEMENT_3D('',#4720,#3769,#3770);
#3407=AXIS2_PLACEMENT_3D('',#4724,#3772,#3773);
#3408=AXIS2_PLACEMENT_3D('',#4725,#3774,#3775);
#3409=AXIS2_PLACEMENT_3D('',#4729,#3777,#3778);
#3410=AXIS2_PLACEMENT_3D('',#4730,#3779,#3780);
#3411=AXIS2_PLACEMENT_3D('',#4734,#3782,#3783);
#3412=AXIS2_PLACEMENT_3D('',#4738,#3785,#3786);
#3413=AXIS2_PLACEMENT_3D('',#4742,#3788,#3789);
#3414=AXIS2_PLACEMENT_3D('',#4746,#3791,#3792);
#3415=AXIS2_PLACEMENT_3D('',#4747,#3793,#3794);
#3416=AXIS2_PLACEMENT_3D('',#4748,#3795,#3796);
#3417=AXIS2_PLACEMENT_3D('',#4752,#3798,#3799);
#3418=AXIS2_PLACEMENT_3D('',#4753,#3800,#3801);
#3419=AXIS2_PLACEMENT_3D('',#4759,#3805,#3806);
#3420=AXIS2_PLACEMENT_3D('',#4763,#3809,#3810);
#3421=AXIS2_PLACEMENT_3D('',#4772,#3815,#3816);
#3422=AXIS2_PLACEMENT_3D('',#4778,#3820,#3821);
#3423=AXIS2_PLACEMENT_3D('',#4784,#3825,#3826);
#3424=AXIS2_PLACEMENT_3D('',#4787,#3828,#3829);
#3425=AXIS2_PLACEMENT_3D('',#4788,#3830,#3831);
#3426=AXIS2_PLACEMENT_3D('',#4792,#3834,#3835);
#3427=AXIS2_PLACEMENT_3D('',#4796,#3838,#3839);
#3428=AXIS2_PLACEMENT_3D('',#4805,#3844,#3845);
#3429=AXIS2_PLACEMENT_3D('',#4811,#3849,#3850);
#3430=AXIS2_PLACEMENT_3D('',#4817,#3854,#3855);
#3431=AXIS2_PLACEMENT_3D('',#4820,#3857,#3858);
#3432=AXIS2_PLACEMENT_3D('',#4821,#3859,#3860);
#3433=AXIS2_PLACEMENT_3D('',#4825,#3863,#3864);
#3434=AXIS2_PLACEMENT_3D('',#4829,#3867,#3868);
#3435=AXIS2_PLACEMENT_3D('',#4838,#3873,#3874);
#3436=AXIS2_PLACEMENT_3D('',#4844,#3878,#3879);
#3437=AXIS2_PLACEMENT_3D('',#4850,#3883,#3884);
#3438=AXIS2_PLACEMENT_3D('',#4853,#3886,#3887);
#3439=AXIS2_PLACEMENT_3D('',#4854,#3888,#3889);
#3440=AXIS2_PLACEMENT_3D('',#4858,#3892,#3893);
#3441=AXIS2_PLACEMENT_3D('',#4862,#3896,#3897);
#3442=AXIS2_PLACEMENT_3D('',#4871,#3902,#3903);
#3443=AXIS2_PLACEMENT_3D('',#4877,#3907,#3908);
#3444=AXIS2_PLACEMENT_3D('',#4883,#3912,#3913);
#3445=AXIS2_PLACEMENT_3D('',#4886,#3915,#3916);
#3446=AXIS2_PLACEMENT_3D('',#4887,#3917,#3918);
#3447=AXIS2_PLACEMENT_3D('',#4891,#3921,#3922);
#3448=AXIS2_PLACEMENT_3D('',#4895,#3925,#3926);
#3449=AXIS2_PLACEMENT_3D('',#4904,#3931,#3932);
#3450=AXIS2_PLACEMENT_3D('',#4910,#3936,#3937);
#3451=AXIS2_PLACEMENT_3D('',#4916,#3941,#3942);
#3452=AXIS2_PLACEMENT_3D('',#4919,#3944,#3945);
#3453=AXIS2_PLACEMENT_3D('',#4920,#3946,#3947);
#3454=AXIS2_PLACEMENT_3D('',#4924,#3950,#3951);
#3455=AXIS2_PLACEMENT_3D('',#4928,#3954,#3955);
#3456=AXIS2_PLACEMENT_3D('',#4937,#3960,#3961);
#3457=AXIS2_PLACEMENT_3D('',#4943,#3965,#3966);
#3458=AXIS2_PLACEMENT_3D('',#4944,#3967,#3968);
#3459=AXIS2_PLACEMENT_3D('',#4946,#3969,#3970);
#3460=AXIS2_PLACEMENT_3D('',#4947,#3971,#3972);
#3461=AXIS2_PLACEMENT_3D('',#4948,#3973,#3974);
#3462=AXIS2_PLACEMENT_3D('',#4949,#3975,#3976);
#3463=AXIS2_PLACEMENT_3D('',#4950,#3977,#3978);
#3464=AXIS2_PLACEMENT_3D('',#4952,#3979,#3980);
#3465=AXIS2_PLACEMENT_3D('',#4953,#3981,#3982);
#3466=AXIS2_PLACEMENT_3D('',#4954,#3983,#3984);
#3467=AXIS2_PLACEMENT_3D('',#4955,#3985,#3986);
#3468=AXIS2_PLACEMENT_3D('',#4956,#3987,#3988);
#3469=AXIS2_PLACEMENT_3D('',#4958,#3989,#3990);
#3470=AXIS2_PLACEMENT_3D('',#4959,#3991,#3992);
#3471=AXIS2_PLACEMENT_3D('',#4960,#3993,#3994);
#3472=AXIS2_PLACEMENT_3D('',#4961,#3995,#3996);
#3473=AXIS2_PLACEMENT_3D('',#4962,#3997,#3998);
#3474=AXIS2_PLACEMENT_3D('',#4964,#3999,#4000);
#3475=AXIS2_PLACEMENT_3D('',#4965,#4001,#4002);
#3476=AXIS2_PLACEMENT_3D('',#4966,#4003,#4004);
#3477=AXIS2_PLACEMENT_3D('',#4967,#4005,#4006);
#3478=AXIS2_PLACEMENT_3D('',#4968,#4007,#4008);
#3479=AXIS2_PLACEMENT_3D('',#4970,#4009,#4010);
#3480=AXIS2_PLACEMENT_3D('',#4971,#4011,#4012);
#3481=AXIS2_PLACEMENT_3D('',#4972,#4013,#4014);
#3482=AXIS2_PLACEMENT_3D('',#4973,#4015,#4016);
#3483=AXIS2_PLACEMENT_3D('',#4974,#4017,#4018);
#3484=AXIS2_PLACEMENT_3D('',#4976,#4019,#4020);
#3485=AXIS2_PLACEMENT_3D('',#4977,#4021,#4022);
#3486=AXIS2_PLACEMENT_3D('',#4978,#4023,#4024);
#3487=AXIS2_PLACEMENT_3D('',#4980,#4025,#4026);
#3488=AXIS2_PLACEMENT_3D('',#4983,#4028,#4029);
#3489=AXIS2_PLACEMENT_3D('',#4984,#4030,#4031);
#3490=AXIS2_PLACEMENT_3D('',#4986,#4032,#4033);
#3491=AXIS2_PLACEMENT_3D('',#4990,#4036,#4037);
#3492=AXIS2_PLACEMENT_3D('',#4991,#4038,#4039);
#3493=AXIS2_PLACEMENT_3D('',#4992,#4040,#4041);
#3494=AXIS2_PLACEMENT_3D('',#4993,#4042,#4043);
#3495=AXIS2_PLACEMENT_3D('',#4995,#4044,#4045);
#3496=AXIS2_PLACEMENT_3D('',#4997,#4046,#4047);
#3497=AXIS2_PLACEMENT_3D('',#4998,#4048,#4049);
#3498=AXIS2_PLACEMENT_3D('',#5002,#4051,#4052);
#3499=AXIS2_PLACEMENT_3D('',#5010,#4056,#4057);
#3500=AXIS2_PLACEMENT_3D('',#5014,#4059,#4060);
#3501=AXIS2_PLACEMENT_3D('',#5018,#4062,#4063);
#3502=AXIS2_PLACEMENT_3D('',#5026,#4067,#4068);
#3503=AXIS2_PLACEMENT_3D('',#5030,#4070,#4071);
#3504=AXIS2_PLACEMENT_3D('',#5034,#4073,#4074);
#3505=AXIS2_PLACEMENT_3D('',#5042,#4078,#4079);
#3506=AXIS2_PLACEMENT_3D('',#5046,#4081,#4082);
#3507=AXIS2_PLACEMENT_3D('',#5050,#4084,#4085);
#3508=AXIS2_PLACEMENT_3D('',#5058,#4089,#4090);
#3509=AXIS2_PLACEMENT_3D('',#5062,#4092,#4093);
#3510=AXIS2_PLACEMENT_3D('',#5066,#4095,#4096);
#3511=AXIS2_PLACEMENT_3D('',#5074,#4100,#4101);
#3512=AXIS2_PLACEMENT_3D('',#5078,#4103,#4104);
#3513=AXIS2_PLACEMENT_3D('',#5082,#4106,#4107);
#3514=AXIS2_PLACEMENT_3D('',#5090,#4111,#4112);
#3515=AXIS2_PLACEMENT_3D('',#5094,#4114,#4115);
#3516=AXIS2_PLACEMENT_3D('',#5125,#4134,#4135);
#3517=AXIS2_PLACEMENT_3D('',#5127,#4136,#4137);
#3518=AXIS2_PLACEMENT_3D('',#5128,#4138,#4139);
#3519=AXIS2_PLACEMENT_3D('',#5130,#4141,#4142);
#3520=AXIS2_PLACEMENT_3D('',#5132,#4144,#4145);
#3521=AXIS2_PLACEMENT_3D('',#5134,#4147,#4148);
#3522=AXIS2_PLACEMENT_3D('',#5136,#4150,#4151);
#3523=AXIS2_PLACEMENT_3D('',#5138,#4153,#4154);
#3524=AXIS2_PLACEMENT_3D('',#5140,#4156,#4157);
#3525=AXIS2_PLACEMENT_3D('',#5141,#4158,#4159);
#3526=AXIS2_PLACEMENT_3D('',#5144,#4161,#4162);
#3527=AXIS2_PLACEMENT_3D('',#5145,#4163,#4164);
#3528=AXIS2_PLACEMENT_3D('',#5146,#4165,#4166);
#3529=AXIS2_PLACEMENT_3D('',#5150,#4168,#4169);
#3530=AXIS2_PLACEMENT_3D('',#5158,#4173,#4174);
#3531=AXIS2_PLACEMENT_3D('',#5163,#4177,#4178);
#3532=AXIS2_PLACEMENT_3D('',#5171,#4182,#4183);
#3533=AXIS2_PLACEMENT_3D('',#5176,#4186,#4187);
#3534=AXIS2_PLACEMENT_3D('',#5184,#4191,#4192);
#3535=AXIS2_PLACEMENT_3D('',#5189,#4195,#4196);
#3536=AXIS2_PLACEMENT_3D('',#5197,#4200,#4201);
#3537=AXIS2_PLACEMENT_3D('',#5202,#4204,#4205);
#3538=AXIS2_PLACEMENT_3D('',#5210,#4209,#4210);
#3539=AXIS2_PLACEMENT_3D('',#5215,#4213,#4214);
#3540=AXIS2_PLACEMENT_3D('',#5223,#4218,#4219);
#3541=AXIS2_PLACEMENT_3D('',#5226,#4221,#4222);
#3542=AXIS2_PLACEMENT_3D('',#5232,#4226,#4227);
#3543=AXIS2_PLACEMENT_3D('',#5238,#4231,#4232);
#3544=AXIS2_PLACEMENT_3D('',#5244,#4236,#4237);
#3545=AXIS2_PLACEMENT_3D('',#5250,#4241,#4242);
#3546=AXIS2_PLACEMENT_3D('',#5256,#4246,#4247);
#3547=AXIS2_PLACEMENT_3D('',#5262,#4251,#4252);
#3548=AXIS2_PLACEMENT_3D('',#5264,#4254,#4255);
#3549=AXIS2_PLACEMENT_3D('',#5276,#4263,#4264);
#3550=AXIS2_PLACEMENT_3D('',#5288,#4272,#4273);
#3551=AXIS2_PLACEMENT_3D('',#5290,#4275,#4276);
#3552=AXIS2_PLACEMENT_3D('',#5292,#4278,#4279);
#3553=AXIS2_PLACEMENT_3D('',#5293,#4280,#4281);
#3554=AXIS2_PLACEMENT_3D('',#5294,#4282,#4283);
#3555=AXIS2_PLACEMENT_3D('',#5296,#4285,#4286);
#3556=AXIS2_PLACEMENT_3D('',#5297,#4287,#4288);
#3557=AXIS2_PLACEMENT_3D('',#5303,#4292,#4293);
#3558=AXIS2_PLACEMENT_3D('',#5305,#4295,#4296);
#3559=AXIS2_PLACEMENT_3D('',#5307,#4298,#4299);
#3560=AXIS2_PLACEMENT_3D('',#5313,#4303,#4304);
#3561=AXIS2_PLACEMENT_3D('',#5315,#4306,#4307);
#3562=AXIS2_PLACEMENT_3D('',#5317,#4309,#4310);
#3563=AXIS2_PLACEMENT_3D('',#5321,#4313,#4314);
#3564=AXIS2_PLACEMENT_3D('',#5325,#4317,#4318);
#3565=AXIS2_PLACEMENT_3D('',#5327,#4320,#4321);
#3566=AXIS2_PLACEMENT_3D('',#5331,#4324,#4325);
#3567=AXIS2_PLACEMENT_3D('',#5335,#4328,#4329);
#3568=AXIS2_PLACEMENT_3D('',#5337,#4331,#4332);
#3569=AXIS2_PLACEMENT_3D('',#5339,#4334,#4335);
#3570=AXIS2_PLACEMENT_3D('',#5351,#4343,#4344);
#3571=AXIS2_PLACEMENT_3D('',#5354,#4347,#4348);
#3572=AXIS2_PLACEMENT_3D('',#5356,#4350,#4351);
#3573=AXIS2_PLACEMENT_3D('',#5357,#4352,#4353);
#3574=AXIS2_PLACEMENT_3D('',#5359,#4355,#4356);
#3575=AXIS2_PLACEMENT_3D('',#5360,#4357,#4358);
#3576=AXIS2_PLACEMENT_3D('',#5366,#4362,#4363);
#3577=AXIS2_PLACEMENT_3D('',#5368,#4365,#4366);
#3578=AXIS2_PLACEMENT_3D('',#5370,#4368,#4369);
#3579=AXIS2_PLACEMENT_3D('',#5376,#4373,#4374);
#3580=AXIS2_PLACEMENT_3D('',#5378,#4376,#4377);
#3581=AXIS2_PLACEMENT_3D('',#5380,#4379,#4380);
#3582=AXIS2_PLACEMENT_3D('',#5382,#4382,#4383);
#3583=AXIS2_PLACEMENT_3D('',#5394,#4391,#4392);
#3584=AXIS2_PLACEMENT_3D('',#5397,#4395,#4396);
#3585=AXIS2_PLACEMENT_3D('',#5399,#4398,#4399);
#3586=AXIS2_PLACEMENT_3D('',#5400,#4400,#4401);
#3587=AXIS2_PLACEMENT_3D('',#5402,#4403,#4404);
#3588=AXIS2_PLACEMENT_3D('',#5403,#4405,#4406);
#3589=AXIS2_PLACEMENT_3D('',#5409,#4410,#4411);
#3590=AXIS2_PLACEMENT_3D('',#5411,#4413,#4414);
#3591=AXIS2_PLACEMENT_3D('',#5413,#4416,#4417);
#3592=AXIS2_PLACEMENT_3D('',#5419,#4421,#4422);
#3593=AXIS2_PLACEMENT_3D('',#5421,#4424,#4425);
#3594=AXIS2_PLACEMENT_3D('',#5423,#4427,#4428);
#3595=AXIS2_PLACEMENT_3D('',#5425,#4430,#4431);
#3596=AXIS2_PLACEMENT_3D('',#5437,#4439,#4440);
#3597=AXIS2_PLACEMENT_3D('',#5440,#4443,#4444);
#3598=AXIS2_PLACEMENT_3D('',#5442,#4446,#4447);
#3599=AXIS2_PLACEMENT_3D('',#5443,#4448,#4449);
#3600=AXIS2_PLACEMENT_3D('',#5445,#4451,#4452);
#3601=AXIS2_PLACEMENT_3D('',#5446,#4453,#4454);
#3602=AXIS2_PLACEMENT_3D('',#5452,#4458,#4459);
#3603=AXIS2_PLACEMENT_3D('',#5454,#4461,#4462);
#3604=AXIS2_PLACEMENT_3D('',#5456,#4464,#4465);
#3605=AXIS2_PLACEMENT_3D('',#5462,#4469,#4470);
#3606=AXIS2_PLACEMENT_3D('',#5464,#4472,#4473);
#3607=AXIS2_PLACEMENT_3D('',#5466,#4475,#4476);
#3608=AXIS2_PLACEMENT_3D('',#5468,#4478,#4479);
#3609=AXIS2_PLACEMENT_3D('',#5480,#4487,#4488);
#3610=AXIS2_PLACEMENT_3D('',#5483,#4491,#4492);
#3611=AXIS2_PLACEMENT_3D('',#5485,#4494,#4495);
#3612=AXIS2_PLACEMENT_3D('',#5486,#4496,#4497);
#3613=AXIS2_PLACEMENT_3D('',#5488,#4499,#4500);
#3614=AXIS2_PLACEMENT_3D('',#5489,#4501,#4502);
#3615=AXIS2_PLACEMENT_3D('',#5495,#4506,#4507);
#3616=AXIS2_PLACEMENT_3D('',#5497,#4509,#4510);
#3617=AXIS2_PLACEMENT_3D('',#5499,#4512,#4513);
#3618=AXIS2_PLACEMENT_3D('',#5505,#4517,#4518);
#3619=AXIS2_PLACEMENT_3D('',#5507,#4520,#4521);
#3620=AXIS2_PLACEMENT_3D('',#5509,#4523,#4524);
#3621=AXIS2_PLACEMENT_3D('',#5511,#4526,#4527);
#3622=AXIS2_PLACEMENT_3D('',#5513,#4529,#4530);
#3623=AXIS2_PLACEMENT_3D('',#5516,#4533,#4534);
#3624=AXIS2_PLACEMENT_3D('',#5518,#4536,#4537);
#3625=AXIS2_PLACEMENT_3D('',#5519,#4538,#4539);
#3626=AXIS2_PLACEMENT_3D('',#5521,#4541,#4542);
#3627=DIRECTION('',(0.,0.,1.));
#3628=DIRECTION('',(1.,0.,0.));
#3629=DIRECTION('',(0.5,-0.866025403784438,0.));
#3630=DIRECTION('',(0.866025403784438,0.5,0.));
#3631=DIRECTION('',(0.,0.,-1.));
#3632=DIRECTION('',(-0.866025403784438,-0.5,0.));
#3633=DIRECTION('',(0.,0.,-1.));
#3634=DIRECTION('',(-0.866025403784438,-0.5,0.));
#3635=DIRECTION('',(1.,1.36592399683213E-15,0.));
#3636=DIRECTION('',(-1.36592399683213E-15,1.,0.));
#3637=DIRECTION('',(0.,0.,-1.));
#3638=DIRECTION('',(1.36592399683213E-15,-1.,0.));
#3639=DIRECTION('',(0.,0.,-1.));
#3640=DIRECTION('',(1.36592399683213E-15,-1.,0.));
#3641=DIRECTION('',(0.5,0.866025403784439,0.));
#3642=DIRECTION('',(-0.866025403784439,0.5,0.));
#3643=DIRECTION('',(0.,0.,-1.));
#3644=DIRECTION('',(0.866025403784439,-0.5,0.));
#3645=DIRECTION('',(0.,0.,-1.));
#3646=DIRECTION('',(0.866025403784439,-0.5,0.));
#3647=DIRECTION('',(-0.5,0.866025403784439,0.));
#3648=DIRECTION('',(-0.866025403784439,-0.5,0.));
#3649=DIRECTION('',(0.,0.,-1.));
#3650=DIRECTION('',(0.866025403784439,0.5,0.));
#3651=DIRECTION('',(0.,0.,-1.));
#3652=DIRECTION('',(0.866025403784439,0.5,0.));
#3653=DIRECTION('',(-1.,-1.36592399683213E-15,0.));
#3654=DIRECTION('',(1.36592399683213E-15,-1.,0.));
#3655=DIRECTION('',(0.,0.,-1.));
#3656=DIRECTION('',(-1.36592399683213E-15,1.,0.));
#3657=DIRECTION('',(0.,0.,-1.));
#3658=DIRECTION('',(-1.36592399683213E-15,1.,0.));
#3659=DIRECTION('',(-0.5,-0.866025403784439,0.));
#3660=DIRECTION('',(0.866025403784439,-0.5,0.));
#3661=DIRECTION('',(0.,0.,-1.));
#3662=DIRECTION('',(-0.866025403784439,0.5,0.));
#3663=DIRECTION('',(0.,0.,-1.));
#3664=DIRECTION('',(-0.866025403784439,0.5,0.));
#3665=DIRECTION('',(0.,1.,0.));
#3666=DIRECTION('',(0.,0.,1.));
#3667=DIRECTION('',(1.,0.,0.));
#3668=DIRECTION('',(0.,0.,-1.));
#3669=DIRECTION('',(1.,0.,0.));
#3670=DIRECTION('',(0.,0.,-1.));
#3671=DIRECTION('',(0.,1.,0.));
#3672=DIRECTION('',(0.,0.,1.));
#3673=DIRECTION('',(1.,0.,0.));
#3674=DIRECTION('',(0.,0.,-1.));
#3675=DIRECTION('',(1.,0.,0.));
#3676=DIRECTION('',(0.,0.,-1.));
#3677=DIRECTION('',(0.,0.,-1.));
#3678=DIRECTION('',(1.,0.,0.));
#3679=DIRECTION('',(0.5,0.866025403784439,0.));
#3680=DIRECTION('',(-0.5,-0.866025403784439,0.));
#3681=DIRECTION('',(0.,0.,-1.));
#3682=DIRECTION('',(-1.,0.,0.));
#3683=DIRECTION('',(0.,0.,-1.));
#3684=DIRECTION('',(1.,0.,0.));
#3685=DIRECTION('',(1.,4.9960036108132E-16,0.));
#3686=DIRECTION('',(-1.,-5.93144530114023E-16,0.));
#3687=DIRECTION('',(0.,0.,-1.));
#3688=DIRECTION('',(-1.,0.,0.));
#3689=DIRECTION('',(0.,0.,-1.));
#3690=DIRECTION('',(1.,0.,0.));
#3691=DIRECTION('',(0.866025403784439,0.5,0.));
#3692=DIRECTION('',(0.,0.,1.));
#3693=DIRECTION('',(0.5,-0.866025403784439,0.));
#3694=DIRECTION('',(0.866025403784439,0.5,0.));
#3695=DIRECTION('',(0.,0.,-1.));
#3696=DIRECTION('',(-1.,0.,0.));
#3697=DIRECTION('',(-0.866025403784438,-0.5,0.));
#3698=DIRECTION('',(0.,0.,1.));
#3699=DIRECTION('',(1.,0.,0.));
#3700=DIRECTION('',(-0.866025403784439,-0.5,0.));
#3701=DIRECTION('',(0.,0.,-1.));
#3702=DIRECTION('',(-1.,0.,0.));
#3703=DIRECTION('',(0.,0.,-1.));
#3704=DIRECTION('',(1.,0.,0.));
#3705=DIRECTION('',(0.5,-0.866025403784438,0.));
#3706=DIRECTION('',(-0.5,0.866025403784438,0.));
#3707=DIRECTION('',(0.,0.,-1.));
#3708=DIRECTION('',(-1.,0.,0.));
#3709=DIRECTION('',(0.,0.,-1.));
#3710=DIRECTION('',(1.,0.,0.));
#3711=DIRECTION('',(0.866025403784439,-0.5,0.));
#3712=DIRECTION('',(0.,0.,1.));
#3713=DIRECTION('',(-0.5,-0.866025403784438,0.));
#3714=DIRECTION('',(0.866025403784439,-0.5,0.));
#3715=DIRECTION('',(0.,0.,-1.));
#3716=DIRECTION('',(-1.,0.,0.));
#3717=DIRECTION('',(-0.866025403784438,0.5,0.));
#3718=DIRECTION('',(0.,0.,1.));
#3719=DIRECTION('',(1.,0.,0.));
#3720=DIRECTION('',(-0.866025403784439,0.5,0.));
#3721=DIRECTION('',(0.,0.,-1.));
#3722=DIRECTION('',(-1.,0.,0.));
#3723=DIRECTION('',(0.,0.,-1.));
#3724=DIRECTION('',(1.,0.,0.));
#3725=DIRECTION('',(-0.5,-0.866025403784439,0.));
#3726=DIRECTION('',(0.5,0.866025403784439,0.));
#3727=DIRECTION('',(0.,0.,-1.));
#3728=DIRECTION('',(-1.,0.,0.));
#3729=DIRECTION('',(0.,0.,-1.));
#3730=DIRECTION('',(1.,0.,0.));
#3731=DIRECTION('',(-6.78789356599291E-19,-1.,0.));
#3732=DIRECTION('',(0.,0.,1.));
#3733=DIRECTION('',(-1.,1.22464679914735E-16,0.));
#3734=DIRECTION('',(-6.78789356599291E-19,-1.,0.));
#3735=DIRECTION('',(0.,0.,-1.));
#3736=DIRECTION('',(-1.,0.,0.));
#3737=DIRECTION('',(1.13826999736011E-16,1.,0.));
#3738=DIRECTION('',(0.,0.,1.));
#3739=DIRECTION('',(1.,0.,0.));
#3740=DIRECTION('',(1.13826999736011E-16,1.,0.));
#3741=DIRECTION('',(0.,0.,-1.));
#3742=DIRECTION('',(-1.,0.,0.));
#3743=DIRECTION('',(0.,0.,-1.));
#3744=DIRECTION('',(1.,0.,0.));
#3745=DIRECTION('',(-1.,-8.88178419700125E-16,0.));
#3746=DIRECTION('',(1.,8.89716795171035E-16,0.));
#3747=DIRECTION('',(0.,0.,-1.));
#3748=DIRECTION('',(-1.,0.,0.));
#3749=DIRECTION('',(0.,0.,-1.));
#3750=DIRECTION('',(1.,0.,0.));
#3751=DIRECTION('',(-0.866025403784439,-0.5,0.));
#3752=DIRECTION('',(0.,0.,1.));
#3753=DIRECTION('',(-0.5,0.866025403784439,0.));
#3754=DIRECTION('',(-0.866025403784439,-0.5,0.));
#3755=DIRECTION('',(0.,0.,-1.));
#3756=DIRECTION('',(-1.,0.,0.));
#3757=DIRECTION('',(0.866025403784439,0.5,0.));
#3758=DIRECTION('',(0.,0.,1.));
#3759=DIRECTION('',(1.,0.,0.));
#3760=DIRECTION('',(0.866025403784439,0.5,0.));
#3761=DIRECTION('',(0.,0.,-1.));
#3762=DIRECTION('',(-1.,0.,0.));
#3763=DIRECTION('',(0.,0.,-1.));
#3764=DIRECTION('',(1.,0.,0.));
#3765=DIRECTION('',(-0.5,0.866025403784438,0.));
#3766=DIRECTION('',(0.5,-0.866025403784438,0.));
#3767=DIRECTION('',(0.,0.,-1.));
#3768=DIRECTION('',(-1.,0.,0.));
#3769=DIRECTION('',(0.,0.,-1.));
#3770=DIRECTION('',(1.,0.,0.));
#3771=DIRECTION('',(-1.21785890558136E-16,1.,0.));
#3772=DIRECTION('',(0.,0.,-1.));
#3773=DIRECTION('',(-1.,0.,0.));
#3774=DIRECTION('',(0.,0.,1.));
#3775=DIRECTION('',(1.,0.,0.));
#3776=DIRECTION('',(0.,-1.,0.));
#3777=DIRECTION('',(0.,0.,-1.));
#3778=DIRECTION('',(-1.,0.,0.));
#3779=DIRECTION('',(0.,0.,-1.));
#3780=DIRECTION('',(1.,0.,0.));
#3781=DIRECTION('',(-0.866025403784439,0.5,0.));
#3782=DIRECTION('',(0.,0.,1.));
#3783=DIRECTION('',(0.5,0.866025403784439,0.));
#3784=DIRECTION('',(-0.866025403784439,0.5,0.));
#3785=DIRECTION('',(0.,0.,-1.));
#3786=DIRECTION('',(-1.,0.,0.));
#3787=DIRECTION('',(0.866025403784439,-0.5,0.));
#3788=DIRECTION('',(0.,0.,1.));
#3789=DIRECTION('',(1.,0.,0.));
#3790=DIRECTION('',(0.866025403784439,-0.5,0.));
#3791=DIRECTION('',(0.,0.,-1.));
#3792=DIRECTION('',(-1.,0.,0.));
#3793=DIRECTION('',(0.,0.,-1.));
#3794=DIRECTION('',(-1.,0.,0.));
#3795=DIRECTION('',(0.,0.,1.));
#3796=DIRECTION('',(1.,0.,0.));
#3797=DIRECTION('',(0.,0.,-1.));
#3798=DIRECTION('',(0.,0.,1.));
#3799=DIRECTION('',(1.,0.,0.));
#3800=DIRECTION('',(1.,0.,0.));
#3801=DIRECTION('',(0.,0.,-1.));
#3802=DIRECTION('',(0.,-1.,0.));
#3803=DIRECTION('',(0.,0.,-1.));
#3804=DIRECTION('',(0.,-1.,0.));
#3805=DIRECTION('',(0.866025403784438,0.5,0.));
#3806=DIRECTION('',(-0.5,0.866025403784438,0.));
#3807=DIRECTION('',(0.5,-0.866025403784438,0.));
#3808=DIRECTION('',(0.,0.,-1.));
#3809=DIRECTION('',(0.5,-0.866025403784438,0.));
#3810=DIRECTION('',(0.866025403784438,0.5,0.));
#3811=DIRECTION('',(-0.866025403784438,-0.5,0.));
#3812=DIRECTION('',(0.,0.,-1.));
#3813=DIRECTION('',(-0.866025403784438,-0.5,0.));
#3814=DIRECTION('',(0.,0.,-1.));
#3815=DIRECTION('',(-0.866025403784438,-0.5,0.));
#3816=DIRECTION('',(0.5,-0.866025403784439,0.));
#3817=DIRECTION('',(-0.5,0.866025403784439,0.));
#3818=DIRECTION('',(0.,0.,-1.));
#3819=DIRECTION('',(-0.5,0.866025403784439,0.));
#3820=DIRECTION('',(0.5,0.866025403784439,0.));
#3821=DIRECTION('',(-0.866025403784439,0.5,0.));
#3822=DIRECTION('',(0.,0.,-1.));
#3823=DIRECTION('',(0.866025403784439,-0.5,0.));
#3824=DIRECTION('',(0.,0.,-1.));
#3825=DIRECTION('',(0.,0.,-1.));
#3826=DIRECTION('',(-1.,0.,0.));
#3827=DIRECTION('',(0.,0.,-1.));
#3828=DIRECTION('',(0.,0.,1.));
#3829=DIRECTION('',(1.,0.,0.));
#3830=DIRECTION('',(0.5,0.866025403784439,0.));
#3831=DIRECTION('',(-0.866025403784439,0.5,0.));
#3832=DIRECTION('',(0.,0.,-1.));
#3833=DIRECTION('',(0.866025403784439,-0.5,0.));
#3834=DIRECTION('',(-8.89716795171035E-16,1.,0.));
#3835=DIRECTION('',(-1.,-8.89716795171035E-16,0.));
#3836=DIRECTION('',(1.,8.89716795171035E-16,0.));
#3837=DIRECTION('',(0.,0.,-1.));
#3838=DIRECTION('',(1.,1.36592399683213E-15,0.));
#3839=DIRECTION('',(-1.36592399683213E-15,1.,0.));
#3840=DIRECTION('',(1.36592399683213E-15,-1.,0.));
#3841=DIRECTION('',(0.,0.,-1.));
#3842=DIRECTION('',(1.36592399683213E-15,-1.,0.));
#3843=DIRECTION('',(0.,0.,-1.));
#3844=DIRECTION('',(5.93144530114025E-16,-1.,0.));
#3845=DIRECTION('',(1.,5.93144530114025E-16,0.));
#3846=DIRECTION('',(-1.,-5.93144530114025E-16,0.));
#3847=DIRECTION('',(0.,0.,-1.));
#3848=DIRECTION('',(-1.,-5.93144530114025E-16,0.));
#3849=DIRECTION('',(-0.5,0.866025403784439,0.));
#3850=DIRECTION('',(-0.866025403784439,-0.5,0.));
#3851=DIRECTION('',(0.,0.,-1.));
#3852=DIRECTION('',(0.866025403784439,0.5,0.));
#3853=DIRECTION('',(0.,0.,-1.));
#3854=DIRECTION('',(0.,0.,-1.));
#3855=DIRECTION('',(-1.,0.,0.));
#3856=DIRECTION('',(0.,0.,-1.));
#3857=DIRECTION('',(0.,0.,1.));
#3858=DIRECTION('',(1.,0.,0.));
#3859=DIRECTION('',(-0.5,0.866025403784439,0.));
#3860=DIRECTION('',(-0.866025403784439,-0.5,0.));
#3861=DIRECTION('',(0.,0.,-1.));
#3862=DIRECTION('',(0.866025403784439,0.5,0.));
#3863=DIRECTION('',(-0.866025403784439,0.5,0.));
#3864=DIRECTION('',(-0.5,-0.866025403784439,0.));
#3865=DIRECTION('',(0.5,0.866025403784439,0.));
#3866=DIRECTION('',(0.,0.,-1.));
#3867=DIRECTION('',(0.5,0.866025403784439,0.));
#3868=DIRECTION('',(-0.866025403784439,0.5,0.));
#3869=DIRECTION('',(0.866025403784439,-0.5,0.));
#3870=DIRECTION('',(0.,0.,-1.));
#3871=DIRECTION('',(0.866025403784439,-0.5,0.));
#3872=DIRECTION('',(0.,0.,-1.));
#3873=DIRECTION('',(0.866025403784439,-0.5,0.));
#3874=DIRECTION('',(0.5,0.866025403784439,0.));
#3875=DIRECTION('',(-0.5,-0.866025403784439,0.));
#3876=DIRECTION('',(0.,0.,-1.));
#3877=DIRECTION('',(-0.5,-0.866025403784439,0.));
#3878=DIRECTION('',(-1.,1.13826999736011E-16,0.));
#3879=DIRECTION('',(-1.13826999736011E-16,-1.,0.));
#3880=DIRECTION('',(0.,0.,-1.));
#3881=DIRECTION('',(1.13826999736011E-16,1.,0.));
#3882=DIRECTION('',(0.,0.,-1.));
#3883=DIRECTION('',(0.,0.,-1.));
#3884=DIRECTION('',(-1.,0.,0.));
#3885=DIRECTION('',(0.,0.,-1.));
#3886=DIRECTION('',(0.,0.,1.));
#3887=DIRECTION('',(1.,0.,0.));
#3888=DIRECTION('',(-1.,1.13826999736011E-16,0.));
#3889=DIRECTION('',(-1.13826999736011E-16,-1.,0.));
#3890=DIRECTION('',(0.,0.,-1.));
#3891=DIRECTION('',(1.13826999736011E-16,1.,0.));
#3892=DIRECTION('',(-0.866025403784438,-0.5,0.));
#3893=DIRECTION('',(0.5,-0.866025403784439,0.));
#3894=DIRECTION('',(-0.5,0.866025403784438,0.));
#3895=DIRECTION('',(0.,0.,-1.));
#3896=DIRECTION('',(-0.5,0.866025403784439,0.));
#3897=DIRECTION('',(-0.866025403784439,-0.5,0.));
#3898=DIRECTION('',(0.866025403784439,0.5,0.));
#3899=DIRECTION('',(0.,0.,-1.));
#3900=DIRECTION('',(0.866025403784439,0.5,0.));
#3901=DIRECTION('',(0.,0.,-1.));
#3902=DIRECTION('',(0.866025403784438,0.5,0.));
#3903=DIRECTION('',(-0.5,0.866025403784439,0.));
#3904=DIRECTION('',(0.5,-0.866025403784439,0.));
#3905=DIRECTION('',(0.,0.,-1.));
#3906=DIRECTION('',(0.5,-0.866025403784439,0.));
#3907=DIRECTION('',(-0.5,-0.866025403784439,0.));
#3908=DIRECTION('',(0.866025403784439,-0.5,0.));
#3909=DIRECTION('',(0.,0.,-1.));
#3910=DIRECTION('',(-0.866025403784439,0.5,0.));
#3911=DIRECTION('',(0.,0.,-1.));
#3912=DIRECTION('',(0.,0.,-1.));
#3913=DIRECTION('',(-1.,0.,0.));
#3914=DIRECTION('',(0.,0.,-1.));
#3915=DIRECTION('',(0.,0.,1.));
#3916=DIRECTION('',(1.,0.,0.));
#3917=DIRECTION('',(-0.5,-0.866025403784438,0.));
#3918=DIRECTION('',(0.866025403784438,-0.5,0.));
#3919=DIRECTION('',(0.,0.,-1.));
#3920=DIRECTION('',(-0.866025403784438,0.5,0.));
#3921=DIRECTION('',(5.93144530114023E-16,-1.,0.));
#3922=DIRECTION('',(1.,5.93144530114023E-16,0.));
#3923=DIRECTION('',(-1.,-5.93144530114023E-16,0.));
#3924=DIRECTION('',(0.,0.,-1.));
#3925=DIRECTION('',(-1.,-1.36592399683213E-15,0.));
#3926=DIRECTION('',(1.36592399683213E-15,-1.,0.));
#3927=DIRECTION('',(-1.36592399683213E-15,1.,0.));
#3928=DIRECTION('',(0.,0.,-1.));
#3929=DIRECTION('',(-1.36592399683213E-15,1.,0.));
#3930=DIRECTION('',(0.,0.,-1.));
#3931=DIRECTION('',(-9.88574216856708E-17,1.,0.));
#3932=DIRECTION('',(-1.,-9.88574216856709E-17,0.));
#3933=DIRECTION('',(1.,9.88574216856709E-17,0.));
#3934=DIRECTION('',(0.,0.,-1.));
#3935=DIRECTION('',(1.,9.88574216856709E-17,0.));
#3936=DIRECTION('',(0.5,-0.866025403784439,0.));
#3937=DIRECTION('',(0.866025403784439,0.5,0.));
#3938=DIRECTION('',(0.,0.,-1.));
#3939=DIRECTION('',(-0.866025403784439,-0.5,0.));
#3940=DIRECTION('',(0.,0.,-1.));
#3941=DIRECTION('',(0.,0.,-1.));
#3942=DIRECTION('',(-1.,0.,0.));
#3943=DIRECTION('',(0.,0.,-1.));
#3944=DIRECTION('',(0.,0.,1.));
#3945=DIRECTION('',(1.,0.,0.));
#3946=DIRECTION('',(0.5,-0.866025403784438,0.));
#3947=DIRECTION('',(0.866025403784438,0.5,0.));
#3948=DIRECTION('',(0.,0.,-1.));
#3949=DIRECTION('',(-0.866025403784438,-0.5,0.));
#3950=DIRECTION('',(0.866025403784439,-0.5,0.));
#3951=DIRECTION('',(0.5,0.866025403784439,0.));
#3952=DIRECTION('',(-0.5,-0.866025403784439,0.));
#3953=DIRECTION('',(0.,0.,-1.));
#3954=DIRECTION('',(-0.5,-0.866025403784439,0.));
#3955=DIRECTION('',(0.866025403784439,-0.5,0.));
#3956=DIRECTION('',(-0.866025403784439,0.5,0.));
#3957=DIRECTION('',(0.,0.,-1.));
#3958=DIRECTION('',(-0.866025403784439,0.5,0.));
#3959=DIRECTION('',(0.,0.,-1.));
#3960=DIRECTION('',(-0.866025403784439,0.5,0.));
#3961=DIRECTION('',(-0.5,-0.866025403784439,0.));
#3962=DIRECTION('',(0.5,0.866025403784439,0.));
#3963=DIRECTION('',(0.,0.,-1.));
#3964=DIRECTION('',(0.5,0.866025403784439,0.));
#3965=DIRECTION('',(0.,0.,-1.));
#3966=DIRECTION('',(-1.,0.,0.));
#3967=DIRECTION('',(0.,0.,-1.));
#3968=DIRECTION('',(-1.,0.,0.));
#3969=DIRECTION('',(0.,0.,-1.));
#3970=DIRECTION('',(-1.,0.,0.));
#3971=DIRECTION('',(0.,0.,1.));
#3972=DIRECTION('',(1.,0.,0.));
#3973=DIRECTION('',(0.,0.,-1.));
#3974=DIRECTION('',(-1.,0.,0.));
#3975=DIRECTION('',(0.,0.,1.));
#3976=DIRECTION('',(1.,0.,0.));
#3977=DIRECTION('',(0.,0.,-1.));
#3978=DIRECTION('',(-1.,0.,0.));
#3979=DIRECTION('',(0.,0.,-1.));
#3980=DIRECTION('',(-1.,0.,0.));
#3981=DIRECTION('',(0.,0.,1.));
#3982=DIRECTION('',(1.,0.,0.));
#3983=DIRECTION('',(0.,0.,-1.));
#3984=DIRECTION('',(-1.,0.,0.));
#3985=DIRECTION('',(0.,0.,1.));
#3986=DIRECTION('',(1.,0.,0.));
#3987=DIRECTION('',(0.,0.,-1.));
#3988=DIRECTION('',(-1.,0.,0.));
#3989=DIRECTION('',(0.,0.,-1.));
#3990=DIRECTION('',(-1.,0.,0.));
#3991=DIRECTION('',(0.,0.,1.));
#3992=DIRECTION('',(1.,0.,0.));
#3993=DIRECTION('',(0.,0.,-1.));
#3994=DIRECTION('',(-1.,0.,0.));
#3995=DIRECTION('',(0.,0.,1.));
#3996=DIRECTION('',(1.,0.,0.));
#3997=DIRECTION('',(0.,0.,-1.));
#3998=DIRECTION('',(-1.,0.,0.));
#3999=DIRECTION('',(0.,0.,-1.));
#4000=DIRECTION('',(-1.,0.,0.));
#4001=DIRECTION('',(0.,0.,1.));
#4002=DIRECTION('',(1.,0.,0.));
#4003=DIRECTION('',(0.,0.,-1.));
#4004=DIRECTION('',(-1.,0.,0.));
#4005=DIRECTION('',(0.,0.,1.));
#4006=DIRECTION('',(1.,0.,0.));
#4007=DIRECTION('',(0.,0.,-1.));
#4008=DIRECTION('',(-1.,0.,0.));
#4009=DIRECTION('',(0.,0.,-1.));
#4010=DIRECTION('',(-1.,0.,0.));
#4011=DIRECTION('',(0.,0.,1.));
#4012=DIRECTION('',(1.,0.,0.));
#4013=DIRECTION('',(0.,0.,-1.));
#4014=DIRECTION('',(-1.,0.,0.));
#4015=DIRECTION('',(0.,0.,1.));
#4016=DIRECTION('',(1.,0.,0.));
#4017=DIRECTION('',(0.,0.,-1.));
#4018=DIRECTION('',(-1.,0.,0.));
#4019=DIRECTION('',(0.,0.,-1.));
#4020=DIRECTION('',(-1.,0.,0.));
#4021=DIRECTION('',(0.,0.,1.));
#4022=DIRECTION('',(1.,0.,0.));
#4023=DIRECTION('',(0.,0.,-1.));
#4024=DIRECTION('',(-1.,0.,0.));
#4025=DIRECTION('',(0.,0.,-1.));
#4026=DIRECTION('',(-1.,0.,0.));
#4027=DIRECTION('',(0.,0.,-1.));
#4028=DIRECTION('',(0.,0.,1.));
#4029=DIRECTION('',(1.,0.,0.));
#4030=DIRECTION('',(0.,0.,-1.));
#4031=DIRECTION('',(-1.,0.,0.));
#4032=DIRECTION('',(1.,0.,0.));
#4033=DIRECTION('',(0.,0.,-1.));
#4034=DIRECTION('',(0.,0.,-1.));
#4035=DIRECTION('',(0.,-1.,0.));
#4036=DIRECTION('',(0.,0.,-1.));
#4037=DIRECTION('',(-1.,0.,0.));
#4038=DIRECTION('',(0.,0.,1.));
#4039=DIRECTION('',(1.,0.,0.));
#4040=DIRECTION('',(0.,0.,-1.));
#4041=DIRECTION('',(-1.,0.,0.));
#4042=DIRECTION('',(0.,0.,1.));
#4043=DIRECTION('',(1.,0.,0.));
#4044=DIRECTION('',(0.,0.,1.));
#4045=DIRECTION('',(1.,0.,0.));
#4046=DIRECTION('',(0.,0.,1.));
#4047=DIRECTION('',(1.,0.,0.));
#4048=DIRECTION('',(0.,0.,1.));
#4049=DIRECTION('',(1.,0.,0.));
#4050=DIRECTION('',(-1.21785890558136E-16,1.,0.));
#4051=DIRECTION('',(0.,0.,-1.));
#4052=DIRECTION('',(1.,0.,0.));
#4053=DIRECTION('',(0.5,0.866025403784439,0.));
#4054=DIRECTION('',(0.866025403784439,-0.5,0.));
#4055=DIRECTION('',(0.5,0.866025403784439,0.));
#4056=DIRECTION('',(0.,0.,-1.));
#4057=DIRECTION('',(0.5,-0.866025403784439,0.));
#4058=DIRECTION('',(0.866025403784439,0.5,0.));
#4059=DIRECTION('',(0.,0.,1.));
#4060=DIRECTION('',(0.5,-0.866025403784439,0.));
#4061=DIRECTION('',(0.866025403784439,0.5,0.));
#4062=DIRECTION('',(0.,0.,-1.));
#4063=DIRECTION('',(0.5,-0.866025403784439,0.));
#4064=DIRECTION('',(1.,-3.33066907387547E-16,0.));
#4065=DIRECTION('',(-2.22044604925032E-16,1.,0.));
#4066=DIRECTION('',(1.,4.9960036108132E-16,0.));
#4067=DIRECTION('',(0.,0.,-1.));
#4068=DIRECTION('',(-0.5,-0.866025403784438,0.));
#4069=DIRECTION('',(0.866025403784439,-0.5,0.));
#4070=DIRECTION('',(0.,0.,1.));
#4071=DIRECTION('',(-0.5,-0.866025403784438,0.));
#4072=DIRECTION('',(0.866025403784439,-0.5,0.));
#4073=DIRECTION('',(0.,0.,-1.));
#4074=DIRECTION('',(-0.5,-0.866025403784438,0.));
#4075=DIRECTION('',(0.5,-0.866025403784439,0.));
#4076=DIRECTION('',(0.866025403784438,0.5,0.));
#4077=DIRECTION('',(0.5,-0.866025403784438,0.));
#4078=DIRECTION('',(0.,0.,-1.));
#4079=DIRECTION('',(-1.,1.22464679914735E-16,0.));
#4080=DIRECTION('',(-6.78789356599291E-19,-1.,0.));
#4081=DIRECTION('',(0.,0.,1.));
#4082=DIRECTION('',(-1.,1.22464679914735E-16,0.));
#4083=DIRECTION('',(-6.78789356599291E-19,-1.,0.));
#4084=DIRECTION('',(0.,0.,-1.));
#4085=DIRECTION('',(-1.,1.22464679914735E-16,0.));
#4086=DIRECTION('',(-0.5,-0.866025403784439,0.));
#4087=DIRECTION('',(0.866025403784439,-0.5,0.));
#4088=DIRECTION('',(-0.5,-0.866025403784439,0.));
#4089=DIRECTION('',(0.,0.,-1.));
#4090=DIRECTION('',(-0.5,0.866025403784439,0.));
#4091=DIRECTION('',(-0.866025403784439,-0.5,0.));
#4092=DIRECTION('',(0.,0.,1.));
#4093=DIRECTION('',(-0.5,0.866025403784439,0.));
#4094=DIRECTION('',(-0.866025403784439,-0.5,0.));
#4095=DIRECTION('',(0.,0.,-1.));
#4096=DIRECTION('',(-0.5,0.866025403784439,0.));
#4097=DIRECTION('',(-1.,-2.22044604925032E-16,0.));
#4098=DIRECTION('',(6.10622663543836E-16,-1.,0.));
#4099=DIRECTION('',(-1.,-8.88178419700125E-16,0.));
#4100=DIRECTION('',(0.,0.,-1.));
#4101=DIRECTION('',(0.5,0.866025403784439,0.));
#4102=DIRECTION('',(-0.866025403784439,0.5,0.));
#4103=DIRECTION('',(0.,0.,1.));
#4104=DIRECTION('',(0.5,0.866025403784439,0.));
#4105=DIRECTION('',(-0.866025403784439,0.5,0.));
#4106=DIRECTION('',(0.,0.,-1.));
#4107=DIRECTION('',(0.5,0.866025403784439,0.));
#4108=DIRECTION('',(-0.5,0.866025403784439,0.));
#4109=DIRECTION('',(-0.866025403784438,-0.5,0.));
#4110=DIRECTION('',(-0.5,0.866025403784438,0.));
#4111=DIRECTION('',(0.,0.,-1.));
#4112=DIRECTION('',(1.,0.,0.));
#4113=DIRECTION('',(-1.21785890558136E-16,1.,0.));
#4114=DIRECTION('',(0.,0.,1.));
#4115=DIRECTION('',(1.,0.,0.));
#4116=DIRECTION('',(-0.5,0.866025403784438,0.));
#4117=DIRECTION('',(-0.866025403784438,-0.5,0.));
#4118=DIRECTION('',(-0.5,0.866025403784439,0.));
#4119=DIRECTION('',(-1.,-8.88178419700125E-16,0.));
#4120=DIRECTION('',(6.10622663543836E-16,-1.,0.));
#4121=DIRECTION('',(-1.,-2.22044604925032E-16,0.));
#4122=DIRECTION('',(-0.5,-0.866025403784439,0.));
#4123=DIRECTION('',(0.866025403784439,-0.5,0.));
#4124=DIRECTION('',(-0.5,-0.866025403784439,0.));
#4125=DIRECTION('',(0.5,-0.866025403784438,0.));
#4126=DIRECTION('',(0.866025403784438,0.5,0.));
#4127=DIRECTION('',(0.5,-0.866025403784439,0.));
#4128=DIRECTION('',(1.,4.9960036108132E-16,0.));
#4129=DIRECTION('',(-2.22044604925032E-16,1.,0.));
#4130=DIRECTION('',(1.,-3.33066907387547E-16,0.));
#4131=DIRECTION('',(0.5,0.866025403784439,0.));
#4132=DIRECTION('',(0.866025403784439,-0.5,0.));
#4133=DIRECTION('',(0.5,0.866025403784439,0.));
#4134=DIRECTION('',(0.,0.,-1.));
#4135=DIRECTION('',(1.,0.,0.));
#4136=DIRECTION('',(0.,0.,-1.));
#4137=DIRECTION('',(1.,0.,0.));
#4138=DIRECTION('',(0.,0.,-1.));
#4139=DIRECTION('',(1.,0.,0.));
#4140=DIRECTION('',(0.5,0.866025403784439,0.));
#4141=DIRECTION('',(0.,0.,-1.));
#4142=DIRECTION('',(1.,0.,0.));
#4143=DIRECTION('',(1.,-3.33066907387547E-16,0.));
#4144=DIRECTION('',(0.,0.,-1.));
#4145=DIRECTION('',(1.,0.,0.));
#4146=DIRECTION('',(0.5,-0.866025403784439,0.));
#4147=DIRECTION('',(0.,0.,-1.));
#4148=DIRECTION('',(1.,0.,0.));
#4149=DIRECTION('',(-0.5,-0.866025403784439,0.));
#4150=DIRECTION('',(0.,0.,-1.));
#4151=DIRECTION('',(1.,0.,0.));
#4152=DIRECTION('',(-1.,-2.22044604925032E-16,0.));
#4153=DIRECTION('',(0.,0.,-1.));
#4154=DIRECTION('',(1.,0.,0.));
#4155=DIRECTION('',(-0.5,0.866025403784439,0.));
#4156=DIRECTION('',(0.,0.,-1.));
#4157=DIRECTION('',(1.,0.,0.));
#4158=DIRECTION('',(0.,0.,1.));
#4159=DIRECTION('',(1.,0.,0.));
#4160=DIRECTION('',(-1.21785890558136E-16,1.,0.));
#4161=DIRECTION('',(0.,0.,-1.));
#4162=DIRECTION('',(1.,0.,0.));
#4163=DIRECTION('',(0.,0.,1.));
#4164=DIRECTION('',(1.,0.,0.));
#4165=DIRECTION('',(0.,0.,-1.));
#4166=DIRECTION('',(1.,0.,0.));
#4167=DIRECTION('',(0.866025403784439,0.5,0.));
#4168=DIRECTION('',(0.,0.,-1.));
#4169=DIRECTION('',(0.5,-0.866025403784439,0.));
#4170=DIRECTION('',(0.5,0.866025403784439,0.));
#4171=DIRECTION('',(0.866025403784439,-0.5,0.));
#4172=DIRECTION('',(0.5,0.866025403784439,0.));
#4173=DIRECTION('',(0.,0.,-1.));
#4174=DIRECTION('',(1.,0.,0.));
#4175=DIRECTION('',(-1.21785890558136E-16,1.,0.));
#4176=DIRECTION('',(-1.21785890558136E-16,1.,0.));
#4177=DIRECTION('',(0.,0.,-1.));
#4178=DIRECTION('',(1.,0.,0.));
#4179=DIRECTION('',(-0.5,0.866025403784438,0.));
#4180=DIRECTION('',(-0.866025403784438,-0.5,0.));
#4181=DIRECTION('',(-0.5,0.866025403784439,0.));
#4182=DIRECTION('',(0.,0.,-1.));
#4183=DIRECTION('',(0.5,0.866025403784439,0.));
#4184=DIRECTION('',(-0.866025403784439,0.5,0.));
#4185=DIRECTION('',(-0.866025403784439,0.5,0.));
#4186=DIRECTION('',(0.,0.,-1.));
#4187=DIRECTION('',(0.5,0.866025403784439,0.));
#4188=DIRECTION('',(-1.,-8.88178419700125E-16,0.));
#4189=DIRECTION('',(6.10622663543836E-16,-1.,0.));
#4190=DIRECTION('',(-1.,-2.22044604925032E-16,0.));
#4191=DIRECTION('',(0.,0.,-1.));
#4192=DIRECTION('',(-0.5,0.866025403784439,0.));
#4193=DIRECTION('',(-0.866025403784439,-0.5,0.));
#4194=DIRECTION('',(-0.866025403784439,-0.5,0.));
#4195=DIRECTION('',(0.,0.,-1.));
#4196=DIRECTION('',(-0.5,0.866025403784439,0.));
#4197=DIRECTION('',(-0.5,-0.866025403784439,0.));
#4198=DIRECTION('',(0.866025403784439,-0.5,0.));
#4199=DIRECTION('',(-0.5,-0.866025403784439,0.));
#4200=DIRECTION('',(0.,0.,-1.));
#4201=DIRECTION('',(-1.,1.22464679914735E-16,0.));
#4202=DIRECTION('',(-6.78789356599291E-19,-1.,0.));
#4203=DIRECTION('',(-6.78789356599291E-19,-1.,0.));
#4204=DIRECTION('',(0.,0.,-1.));
#4205=DIRECTION('',(-1.,1.22464679914735E-16,0.));
#4206=DIRECTION('',(0.5,-0.866025403784438,0.));
#4207=DIRECTION('',(0.866025403784438,0.5,0.));
#4208=DIRECTION('',(0.5,-0.866025403784439,0.));
#4209=DIRECTION('',(0.,0.,-1.));
#4210=DIRECTION('',(-0.5,-0.866025403784438,0.));
#4211=DIRECTION('',(0.866025403784439,-0.5,0.));
#4212=DIRECTION('',(0.866025403784439,-0.5,0.));
#4213=DIRECTION('',(0.,0.,-1.));
#4214=DIRECTION('',(-0.5,-0.866025403784438,0.));
#4215=DIRECTION('',(1.,4.9960036108132E-16,0.));
#4216=DIRECTION('',(-2.22044604925032E-16,1.,0.));
#4217=DIRECTION('',(1.,-3.33066907387547E-16,0.));
#4218=DIRECTION('',(0.,0.,-1.));
#4219=DIRECTION('',(0.5,-0.866025403784439,0.));
#4220=DIRECTION('',(0.866025403784439,0.5,0.));
#4221=DIRECTION('',(0.,0.,1.));
#4222=DIRECTION('',(1.,0.,0.));
#4223=DIRECTION('',(-0.5,0.866025403784439,0.));
#4224=DIRECTION('',(-0.866025403784438,-0.5,0.));
#4225=DIRECTION('',(-0.5,0.866025403784438,0.));
#4226=DIRECTION('',(0.,0.,1.));
#4227=DIRECTION('',(1.,0.,0.));
#4228=DIRECTION('',(0.5,0.866025403784439,0.));
#4229=DIRECTION('',(0.866025403784439,-0.5,0.));
#4230=DIRECTION('',(0.5,0.866025403784439,0.));
#4231=DIRECTION('',(0.,0.,1.));
#4232=DIRECTION('',(0.5,0.866025403784439,0.));
#4233=DIRECTION('',(-1.,-2.22044604925032E-16,0.));
#4234=DIRECTION('',(6.10622663543836E-16,-1.,0.));
#4235=DIRECTION('',(-1.,-8.88178419700125E-16,0.));
#4236=DIRECTION('',(0.,0.,1.));
#4237=DIRECTION('',(-0.5,0.866025403784439,0.));
#4238=DIRECTION('',(-0.5,-0.866025403784439,0.));
#4239=DIRECTION('',(0.866025403784439,-0.5,0.));
#4240=DIRECTION('',(-0.5,-0.866025403784439,0.));
#4241=DIRECTION('',(0.,0.,1.));
#4242=DIRECTION('',(-1.,1.22464679914735E-16,0.));
#4243=DIRECTION('',(0.5,-0.866025403784439,0.));
#4244=DIRECTION('',(0.866025403784438,0.5,0.));
#4245=DIRECTION('',(0.5,-0.866025403784438,0.));
#4246=DIRECTION('',(0.,0.,1.));
#4247=DIRECTION('',(-0.5,-0.866025403784438,0.));
#4248=DIRECTION('',(1.,-3.33066907387547E-16,0.));
#4249=DIRECTION('',(-2.22044604925032E-16,1.,0.));
#4250=DIRECTION('',(1.,4.9960036108132E-16,0.));
#4251=DIRECTION('',(0.,0.,-1.));
#4252=DIRECTION('',(-1.,0.,0.));
#4253=DIRECTION('',(0.,0.,-1.));
#4254=DIRECTION('',(-0.866025403784439,0.5,0.));
#4255=DIRECTION('',(-0.5,-0.866025403784439,0.));
#4256=DIRECTION('',(0.,0.,1.));
#4257=DIRECTION('',(-0.5,-0.866025403784439,0.));
#4258=DIRECTION('',(0.,0.,1.));
#4259=DIRECTION('',(0.,0.,-1.));
#4260=DIRECTION('',(0.,0.,-1.));
#4261=DIRECTION('',(-0.5,-0.866025403784439,0.));
#4262=DIRECTION('',(0.,0.,-1.));
#4263=DIRECTION('',(-0.866025403784438,-0.5,0.));
#4264=DIRECTION('',(0.5,-0.866025403784438,0.));
#4265=DIRECTION('',(0.,0.,-1.));
#4266=DIRECTION('',(0.5,-0.866025403784438,0.));
#4267=DIRECTION('',(0.,0.,-1.));
#4268=DIRECTION('',(0.,0.,1.));
#4269=DIRECTION('',(0.5,-0.866025403784438,0.));
#4270=DIRECTION('',(0.,0.,1.));
#4271=DIRECTION('',(0.,0.,-1.));
#4272=DIRECTION('',(0.,0.,-1.));
#4273=DIRECTION('',(-1.,0.,0.));
#4274=DIRECTION('',(0.,0.,-1.));
#4275=DIRECTION('',(-1.,-1.21785890558136E-16,0.));
#4276=DIRECTION('',(1.21785890558136E-16,-1.,0.));
#4277=DIRECTION('',(0.,0.,-1.));
#4278=DIRECTION('',(0.,0.,-1.));
#4279=DIRECTION('',(-1.,0.,0.));
#4280=DIRECTION('',(0.,0.,-1.));
#4281=DIRECTION('',(-1.,0.,0.));
#4282=DIRECTION('',(0.,0.,-1.));
#4283=DIRECTION('',(-1.,0.,0.));
#4284=DIRECTION('',(0.,0.,-1.));
#4285=DIRECTION('',(-1.,-1.21785890558136E-16,0.));
#4286=DIRECTION('',(1.21785890558136E-16,-1.,0.));
#4287=DIRECTION('',(0.,0.,-1.));
#4288=DIRECTION('',(-1.,0.,0.));
#4289=DIRECTION('',(-0.866025403784438,-0.5,0.));
#4290=DIRECTION('',(0.5,-0.866025403784439,0.));
#4291=DIRECTION('',(-0.866025403784438,-0.5,0.));
#4292=DIRECTION('',(0.5,-0.866025403784438,0.));
#4293=DIRECTION('',(0.866025403784438,0.5,0.));
#4294=DIRECTION('',(0.,0.,-1.));
#4295=DIRECTION('',(0.5,-0.866025403784438,0.));
#4296=DIRECTION('',(0.866025403784438,0.5,0.));
#4297=DIRECTION('',(0.,0.,-1.));
#4298=DIRECTION('',(0.,0.,-1.));
#4299=DIRECTION('',(-1.,0.,0.));
#4300=DIRECTION('',(-0.866025403784438,-0.5,0.));
#4301=DIRECTION('',(0.5,-0.866025403784439,0.));
#4302=DIRECTION('',(-0.866025403784438,-0.5,0.));
#4303=DIRECTION('',(-0.5,0.866025403784438,0.));
#4304=DIRECTION('',(-0.866025403784438,-0.5,0.));
#4305=DIRECTION('',(0.,0.,1.));
#4306=DIRECTION('',(-0.5,0.866025403784438,0.));
#4307=DIRECTION('',(-0.866025403784438,-0.5,0.));
#4308=DIRECTION('',(0.,0.,1.));
#4309=DIRECTION('',(0.5,0.866025403784439,0.));
#4310=DIRECTION('',(-0.866025403784439,0.5,0.));
#4311=DIRECTION('',(0.866025403784439,-0.5,0.));
#4312=DIRECTION('',(0.,0.,1.));
#4313=DIRECTION('',(0.5,0.866025403784439,0.));
#4314=DIRECTION('',(-0.866025403784439,0.5,0.));
#4315=DIRECTION('',(0.,0.,1.));
#4316=DIRECTION('',(0.866025403784439,-0.5,0.));
#4317=DIRECTION('',(0.,0.,-1.));
#4318=DIRECTION('',(-1.,0.,0.));
#4319=DIRECTION('',(-0.5,-0.866025403784439,0.));
#4320=DIRECTION('',(-0.5,-0.866025403784439,0.));
#4321=DIRECTION('',(0.866025403784439,-0.5,0.));
#4322=DIRECTION('',(0.,0.,-1.));
#4323=DIRECTION('',(0.866025403784439,-0.5,0.));
#4324=DIRECTION('',(0.,0.,-1.));
#4325=DIRECTION('',(-1.,0.,0.));
#4326=DIRECTION('',(-0.5,-0.866025403784439,0.));
#4327=DIRECTION('',(0.866025403784439,-0.5,0.));
#4328=DIRECTION('',(-0.5,-0.866025403784439,0.));
#4329=DIRECTION('',(0.866025403784439,-0.5,0.));
#4330=DIRECTION('',(0.,0.,-1.));
#4331=DIRECTION('',(-0.866025403784439,-0.5,0.));
#4332=DIRECTION('',(0.5,-0.866025403784439,0.));
#4333=DIRECTION('',(0.,0.,-1.));
#4334=DIRECTION('',(8.88178419700125E-16,-1.,0.));
#4335=DIRECTION('',(1.,8.88178419700125E-16,0.));
#4336=DIRECTION('',(0.,0.,-1.));
#4337=DIRECTION('',(1.,8.88178419700125E-16,0.));
#4338=DIRECTION('',(0.,0.,-1.));
#4339=DIRECTION('',(0.,0.,1.));
#4340=DIRECTION('',(1.,8.88178419700125E-16,0.));
#4341=DIRECTION('',(0.,0.,1.));
#4342=DIRECTION('',(0.,0.,-1.));
#4343=DIRECTION('',(0.,0.,-1.));
#4344=DIRECTION('',(-0.5,-0.866025403784439,0.));
#4345=DIRECTION('',(0.,0.,-1.));
#4346=DIRECTION('',(0.,0.,-1.));
#4347=DIRECTION('',(-0.5,-0.866025403784439,0.));
#4348=DIRECTION('',(0.866025403784439,-0.5,0.));
#4349=DIRECTION('',(0.,0.,-1.));
#4350=DIRECTION('',(0.,0.,-1.));
#4351=DIRECTION('',(-0.5,-0.866025403784439,0.));
#4352=DIRECTION('',(0.,0.,-1.));
#4353=DIRECTION('',(-0.5,-0.866025403784439,0.));
#4354=DIRECTION('',(0.,0.,-1.));
#4355=DIRECTION('',(-0.5,-0.866025403784439,0.));
#4356=DIRECTION('',(0.866025403784439,-0.5,0.));
#4357=DIRECTION('',(0.,0.,-1.));
#4358=DIRECTION('',(-0.5,-0.866025403784439,0.));
#4359=DIRECTION('',(6.10622663543836E-16,-1.,0.));
#4360=DIRECTION('',(1.,2.22044604925032E-16,0.));
#4361=DIRECTION('',(6.10622663543836E-16,-1.,0.));
#4362=DIRECTION('',(1.,6.10622663543836E-16,0.));
#4363=DIRECTION('',(-6.10622663543836E-16,1.,0.));
#4364=DIRECTION('',(0.,0.,-1.));
#4365=DIRECTION('',(1.,6.10622663543836E-16,0.));
#4366=DIRECTION('',(-6.10622663543836E-16,1.,0.));
#4367=DIRECTION('',(0.,0.,-1.));
#4368=DIRECTION('',(0.,0.,-1.));
#4369=DIRECTION('',(-0.5,-0.866025403784439,0.));
#4370=DIRECTION('',(6.10622663543836E-16,-1.,0.));
#4371=DIRECTION('',(1.,2.22044604925032E-16,0.));
#4372=DIRECTION('',(6.10622663543836E-16,-1.,0.));
#4373=DIRECTION('',(-1.,-6.10622663543836E-16,0.));
#4374=DIRECTION('',(6.10622663543836E-16,-1.,0.));
#4375=DIRECTION('',(0.,0.,1.));
#4376=DIRECTION('',(-1.,-6.10622663543836E-16,0.));
#4377=DIRECTION('',(6.10622663543836E-16,-1.,0.));
#4378=DIRECTION('',(0.,0.,1.));
#4379=DIRECTION('',(2.22044604925032E-16,-1.,0.));
#4380=DIRECTION('',(1.,2.22044604925032E-16,0.));
#4381=DIRECTION('',(0.,0.,-1.));
#4382=DIRECTION('',(0.866025403784439,-0.5,0.));
#4383=DIRECTION('',(0.5,0.866025403784439,0.));
#4384=DIRECTION('',(0.,0.,-1.));
#4385=DIRECTION('',(0.5,0.866025403784439,0.));
#4386=DIRECTION('',(0.,0.,-1.));
#4387=DIRECTION('',(0.,0.,1.));
#4388=DIRECTION('',(0.5,0.866025403784439,0.));
#4389=DIRECTION('',(0.,0.,1.));
#4390=DIRECTION('',(0.,0.,-1.));
#4391=DIRECTION('',(0.,0.,-1.));
#4392=DIRECTION('',(0.5,-0.866025403784439,0.));
#4393=DIRECTION('',(0.,0.,-1.));
#4394=DIRECTION('',(0.,0.,-1.));
#4395=DIRECTION('',(0.5,-0.866025403784439,0.));
#4396=DIRECTION('',(0.866025403784439,0.5,0.));
#4397=DIRECTION('',(0.,0.,-1.));
#4398=DIRECTION('',(0.,0.,-1.));
#4399=DIRECTION('',(0.5,-0.866025403784439,0.));
#4400=DIRECTION('',(0.,0.,-1.));
#4401=DIRECTION('',(0.5,-0.866025403784439,0.));
#4402=DIRECTION('',(0.,0.,-1.));
#4403=DIRECTION('',(0.5,-0.866025403784439,0.));
#4404=DIRECTION('',(0.866025403784439,0.5,0.));
#4405=DIRECTION('',(0.,0.,-1.));
#4406=DIRECTION('',(0.5,-0.866025403784439,0.));
#4407=DIRECTION('',(0.866025403784439,-0.5,0.));
#4408=DIRECTION('',(0.5,0.866025403784439,0.));
#4409=DIRECTION('',(0.866025403784439,-0.5,0.));
#4410=DIRECTION('',(0.5,0.866025403784439,0.));
#4411=DIRECTION('',(-0.866025403784439,0.5,0.));
#4412=DIRECTION('',(0.,0.,-1.));
#4413=DIRECTION('',(0.5,0.866025403784439,0.));
#4414=DIRECTION('',(-0.866025403784439,0.5,0.));
#4415=DIRECTION('',(0.,0.,-1.));
#4416=DIRECTION('',(0.,0.,-1.));
#4417=DIRECTION('',(0.5,-0.866025403784439,0.));
#4418=DIRECTION('',(0.866025403784439,-0.5,0.));
#4419=DIRECTION('',(0.5,0.866025403784439,0.));
#4420=DIRECTION('',(0.866025403784439,-0.5,0.));
#4421=DIRECTION('',(-0.5,-0.866025403784439,0.));
#4422=DIRECTION('',(0.866025403784439,-0.5,0.));
#4423=DIRECTION('',(0.,0.,1.));
#4424=DIRECTION('',(-0.5,-0.866025403784439,0.));
#4425=DIRECTION('',(0.866025403784439,-0.5,0.));
#4426=DIRECTION('',(0.,0.,1.));
#4427=DIRECTION('',(0.866025403784439,-0.5,0.));
#4428=DIRECTION('',(0.5,0.866025403784439,0.));
#4429=DIRECTION('',(0.,0.,-1.));
#4430=DIRECTION('',(0.866025403784438,0.5,0.));
#4431=DIRECTION('',(-0.5,0.866025403784438,0.));
#4432=DIRECTION('',(0.,0.,-1.));
#4433=DIRECTION('',(-0.5,0.866025403784438,0.));
#4434=DIRECTION('',(0.,0.,-1.));
#4435=DIRECTION('',(0.,0.,1.));
#4436=DIRECTION('',(-0.5,0.866025403784438,0.));
#4437=DIRECTION('',(0.,0.,1.));
#4438=DIRECTION('',(0.,0.,-1.));
#4439=DIRECTION('',(0.,0.,-1.));
#4440=DIRECTION('',(1.,-1.22464679914735E-16,0.));
#4441=DIRECTION('',(0.,0.,-1.));
#4442=DIRECTION('',(0.,0.,-1.));
#4443=DIRECTION('',(1.,-6.78789356599291E-19,0.));
#4444=DIRECTION('',(6.78789356599291E-19,1.,0.));
#4445=DIRECTION('',(0.,0.,-1.));
#4446=DIRECTION('',(0.,0.,-1.));
#4447=DIRECTION('',(1.,-1.22464679914735E-16,0.));
#4448=DIRECTION('',(0.,0.,-1.));
#4449=DIRECTION('',(1.,-1.22464679914735E-16,0.));
#4450=DIRECTION('',(0.,0.,-1.));
#4451=DIRECTION('',(1.,-6.78789356599291E-19,0.));
#4452=DIRECTION('',(6.78789356599291E-19,1.,0.));
#4453=DIRECTION('',(0.,0.,-1.));
#4454=DIRECTION('',(1.,-1.22464679914735E-16,0.));
#4455=DIRECTION('',(0.866025403784438,0.5,0.));
#4456=DIRECTION('',(-0.5,0.866025403784439,0.));
#4457=DIRECTION('',(0.866025403784438,0.5,0.));
#4458=DIRECTION('',(-0.5,0.866025403784438,0.));
#4459=DIRECTION('',(-0.866025403784438,-0.5,0.));
#4460=DIRECTION('',(0.,0.,-1.));
#4461=DIRECTION('',(-0.5,0.866025403784438,0.));
#4462=DIRECTION('',(-0.866025403784438,-0.5,0.));
#4463=DIRECTION('',(0.,0.,-1.));
#4464=DIRECTION('',(0.,0.,-1.));
#4465=DIRECTION('',(1.,-1.22464679914735E-16,0.));
#4466=DIRECTION('',(0.866025403784438,0.5,0.));
#4467=DIRECTION('',(-0.5,0.866025403784439,0.));
#4468=DIRECTION('',(0.866025403784438,0.5,0.));
#4469=DIRECTION('',(0.5,-0.866025403784438,0.));
#4470=DIRECTION('',(0.866025403784438,0.5,0.));
#4471=DIRECTION('',(0.,0.,1.));
#4472=DIRECTION('',(0.5,-0.866025403784438,0.));
#4473=DIRECTION('',(0.866025403784438,0.5,0.));
#4474=DIRECTION('',(0.,0.,1.));
#4475=DIRECTION('',(0.866025403784439,0.5,0.));
#4476=DIRECTION('',(-0.5,0.866025403784439,0.));
#4477=DIRECTION('',(0.,0.,-1.));
#4478=DIRECTION('',(-4.9960036108132E-16,1.,0.));
#4479=DIRECTION('',(-1.,-4.9960036108132E-16,0.));
#4480=DIRECTION('',(0.,0.,-1.));
#4481=DIRECTION('',(-1.,-4.9960036108132E-16,0.));
#4482=DIRECTION('',(0.,0.,-1.));
#4483=DIRECTION('',(0.,0.,1.));
#4484=DIRECTION('',(-1.,-4.9960036108132E-16,0.));
#4485=DIRECTION('',(0.,0.,1.));
#4486=DIRECTION('',(0.,0.,-1.));
#4487=DIRECTION('',(0.,0.,-1.));
#4488=DIRECTION('',(0.5,0.866025403784438,0.));
#4489=DIRECTION('',(0.,0.,-1.));
#4490=DIRECTION('',(0.,0.,-1.));
#4491=DIRECTION('',(0.5,0.866025403784438,0.));
#4492=DIRECTION('',(-0.866025403784439,0.5,0.));
#4493=DIRECTION('',(0.,0.,-1.));
#4494=DIRECTION('',(0.,0.,-1.));
#4495=DIRECTION('',(0.5,0.866025403784438,0.));
#4496=DIRECTION('',(0.,0.,-1.));
#4497=DIRECTION('',(0.5,0.866025403784438,0.));
#4498=DIRECTION('',(0.,0.,-1.));
#4499=DIRECTION('',(0.5,0.866025403784438,0.));
#4500=DIRECTION('',(-0.866025403784439,0.5,0.));
#4501=DIRECTION('',(0.,0.,-1.));
#4502=DIRECTION('',(0.5,0.866025403784438,0.));
#4503=DIRECTION('',(-2.22044604925032E-16,1.,0.));
#4504=DIRECTION('',(-1.,3.33066907387547E-16,0.));
#4505=DIRECTION('',(-2.22044604925032E-16,1.,0.));
#4506=DIRECTION('',(-1.,-2.22044604925032E-16,0.));
#4507=DIRECTION('',(2.22044604925032E-16,-1.,0.));
#4508=DIRECTION('',(0.,0.,-1.));
#4509=DIRECTION('',(-1.,-2.22044604925032E-16,0.));
#4510=DIRECTION('',(2.22044604925032E-16,-1.,0.));
#4511=DIRECTION('',(0.,0.,-1.));
#4512=DIRECTION('',(0.,0.,-1.));
#4513=DIRECTION('',(0.5,0.866025403784438,0.));
#4514=DIRECTION('',(-2.22044604925032E-16,1.,0.));
#4515=DIRECTION('',(-1.,3.33066907387547E-16,0.));
#4516=DIRECTION('',(-2.22044604925032E-16,1.,0.));
#4517=DIRECTION('',(1.,2.22044604925032E-16,0.));
#4518=DIRECTION('',(-2.22044604925032E-16,1.,0.));
#4519=DIRECTION('',(0.,0.,1.));
#4520=DIRECTION('',(1.,2.22044604925032E-16,0.));
#4521=DIRECTION('',(-2.22044604925032E-16,1.,0.));
#4522=DIRECTION('',(0.,0.,1.));
#4523=DIRECTION('',(3.33066907387547E-16,1.,0.));
#4524=DIRECTION('',(-1.,3.33066907387547E-16,0.));
#4525=DIRECTION('',(0.,0.,-1.));
#4526=DIRECTION('',(-0.866025403784439,0.5,0.));
#4527=DIRECTION('',(-0.5,-0.866025403784439,0.));
#4528=DIRECTION('',(0.,0.,-1.));
#4529=DIRECTION('',(0.,0.,-1.));
#4530=DIRECTION('',(-0.5,0.866025403784439,0.));
#4531=DIRECTION('',(0.,0.,-1.));
#4532=DIRECTION('',(0.,0.,-1.));
#4533=DIRECTION('',(-0.5,0.866025403784439,0.));
#4534=DIRECTION('',(-0.866025403784439,-0.5,0.));
#4535=DIRECTION('',(0.,0.,-1.));
#4536=DIRECTION('',(0.,0.,-1.));
#4537=DIRECTION('',(-0.5,0.866025403784439,0.));
#4538=DIRECTION('',(0.,0.,-1.));
#4539=DIRECTION('',(-0.5,0.866025403784439,0.));
#4540=DIRECTION('',(0.,0.,-1.));
#4541=DIRECTION('',(-0.5,0.866025403784439,0.));
#4542=DIRECTION('',(-0.866025403784439,-0.5,0.));
#4543=CARTESIAN_POINT('',(0.,0.,0.));
#4544=CARTESIAN_POINT('',(-0.0320371121955043,0.0554899060503977,0.2032));
#4545=CARTESIAN_POINT('',(-0.0277476883705598,0.0579664060503976,0.2032));
#4546=CARTESIAN_POINT('',(-0.0277476883705598,0.0579664060503976,0.2032));
#4547=CARTESIAN_POINT('',(-0.0277476883705598,0.0579664060503976,0.));
#4548=CARTESIAN_POINT('',(-0.0320371121955043,0.0554899060503977,0.2032));
#4549=CARTESIAN_POINT('',(-0.0276377031442793,0.0580299060503977,0.2032));
#4550=CARTESIAN_POINT('',(-0.0276377031442793,0.0580299060503977,0.2032));
#4551=CARTESIAN_POINT('',(-0.0276377031442793,0.0580299060503977,0.));
#4552=CARTESIAN_POINT('',(-0.0320371121955043,0.0554899060503977,0.));
#4553=CARTESIAN_POINT('',(-0.0640742243910084,-3.46944695195361E-17,0.2032));
#4554=CARTESIAN_POINT('',(-0.0640742243910083,0.004953,0.2032));
#4555=CARTESIAN_POINT('',(-0.0640742243910083,0.004953,0.2032));
#4556=CARTESIAN_POINT('',(-0.0640742243910083,0.004953,0.));
#4557=CARTESIAN_POINT('',(-0.0640742243910084,-3.46944695195361E-17,0.2032));
#4558=CARTESIAN_POINT('',(-0.0640742243910084,0.00508,0.2032));
#4559=CARTESIAN_POINT('',(-0.0640742243910084,0.00508,0.2032));
#4560=CARTESIAN_POINT('',(-0.0640742243910084,0.00508,0.));
#4561=CARTESIAN_POINT('',(-0.0640742243910084,-3.46944695195361E-17,0.));
#4562=CARTESIAN_POINT('',(-0.0320371121955042,-0.0554899060503978,0.2032));
#4563=CARTESIAN_POINT('',(-0.0363265360204484,-0.0530134060503977,0.2032));
#4564=CARTESIAN_POINT('',(-0.0363265360204484,-0.0530134060503977,0.2032));
#4565=CARTESIAN_POINT('',(-0.0363265360204484,-0.0530134060503977,0.));
#4566=CARTESIAN_POINT('',(-0.0320371121955042,-0.0554899060503978,0.2032));
#4567=CARTESIAN_POINT('',(-0.0364365212467291,-0.0529499060503977,0.2032));
#4568=CARTESIAN_POINT('',(-0.0364365212467291,-0.0529499060503977,0.2032));
#4569=CARTESIAN_POINT('',(-0.0364365212467291,-0.0529499060503977,0.));
#4570=CARTESIAN_POINT('',(-0.0320371121955042,-0.0554899060503978,0.));
#4571=CARTESIAN_POINT('',(0.0320371121955043,-0.0554899060503977,0.2032));
#4572=CARTESIAN_POINT('',(0.0277476883705598,-0.0579664060503976,0.2032));
#4573=CARTESIAN_POINT('',(0.0277476883705598,-0.0579664060503976,0.2032));
#4574=CARTESIAN_POINT('',(0.0277476883705598,-0.0579664060503976,0.));
#4575=CARTESIAN_POINT('',(0.0320371121955043,-0.0554899060503977,0.2032));
#4576=CARTESIAN_POINT('',(0.0276377031442793,-0.0580299060503977,0.2032));
#4577=CARTESIAN_POINT('',(0.0276377031442793,-0.0580299060503977,0.2032));
#4578=CARTESIAN_POINT('',(0.0276377031442793,-0.0580299060503977,0.));
#4579=CARTESIAN_POINT('',(0.0320371121955043,-0.0554899060503977,0.));
#4580=CARTESIAN_POINT('',(0.0640742243910084,6.93889390390723E-18,0.2032));
#4581=CARTESIAN_POINT('',(0.0640742243910083,-0.004953,0.2032));
#4582=CARTESIAN_POINT('',(0.0640742243910083,-0.004953,0.2032));
#4583=CARTESIAN_POINT('',(0.0640742243910083,-0.004953,0.));
#4584=CARTESIAN_POINT('',(0.0640742243910084,6.93889390390723E-18,0.2032));
#4585=CARTESIAN_POINT('',(0.0640742243910084,-0.00508,0.2032));
#4586=CARTESIAN_POINT('',(0.0640742243910084,-0.00508,0.2032));
#4587=CARTESIAN_POINT('',(0.0640742243910084,-0.00508,0.));
#4588=CARTESIAN_POINT('',(0.0640742243910084,6.93889390390723E-18,0.));
#4589=CARTESIAN_POINT('',(0.0320371121955041,0.0554899060503978,0.2032));
#4590=CARTESIAN_POINT('',(0.0363265360204484,0.0530134060503977,0.2032));
#4591=CARTESIAN_POINT('',(0.0363265360204485,0.0530134060503977,0.2032));
#4592=CARTESIAN_POINT('',(0.0363265360204485,0.0530134060503977,0.));
#4593=CARTESIAN_POINT('',(0.0320371121955041,0.0554899060503978,0.2032));
#4594=CARTESIAN_POINT('',(0.0364365212467291,0.0529499060503978,0.2032));
#4595=CARTESIAN_POINT('',(0.0364365212467291,0.0529499060503978,0.2032));
#4596=CARTESIAN_POINT('',(0.0364365212467291,0.0529499060503978,0.));
#4597=CARTESIAN_POINT('',(0.0320371121955041,0.0554899060503978,0.));
#4598=CARTESIAN_POINT('',(1.0842021724855E-18,0.0627697929739952,0.2032));
#4599=CARTESIAN_POINT('',(1.0842021724855E-18,0.0627697929739952,0.));
#4600=CARTESIAN_POINT('',(0.000939280591236576,0.0627697929739952,0.));
#4601=CARTESIAN_POINT('',(0.00135420051287604,0.0627697929739952,0.));
#4602=CARTESIAN_POINT('',(0.000939280591236576,0.0627697929739952,0.2032));
#4603=CARTESIAN_POINT('',(0.000939280591236576,0.0627697929739952,0.2032));
#4604=CARTESIAN_POINT('',(1.0842021724855E-18,0.0627697929739952,0.2032));
#4605=CARTESIAN_POINT('',(0.00135420051287604,0.0627697929739952,0.2032));
#4606=CARTESIAN_POINT('',(0.00135420051287604,0.0627697929739952,0.2032));
#4607=CARTESIAN_POINT('',(1.0842021724855E-18,0.0627697929739952,0.2032));
#4608=CARTESIAN_POINT('',(1.0842021724855E-18,0.0627697929739952,0.2032));
#4609=CARTESIAN_POINT('',(-0.00135420051287603,0.0627697929739952,0.2032));
#4610=CARTESIAN_POINT('',(-0.000939280591236572,0.0627697929739952,0.2032));
#4611=CARTESIAN_POINT('',(-0.000939280591236571,0.0627697929739952,0.2032));
#4612=CARTESIAN_POINT('',(-0.000939280591236572,0.0627697929739952,0.));
#4613=CARTESIAN_POINT('',(1.0842021724855E-18,0.0627697929739952,0.));
#4614=CARTESIAN_POINT('',(-0.00135420051287603,0.0627697929739952,0.));
#4615=CARTESIAN_POINT('',(-0.00135420051287603,0.0627697929739952,0.2032));
#4616=CARTESIAN_POINT('',(0.,0.,0.));
#4617=CARTESIAN_POINT('',(0.0758566805662533,0.121481624834273,0.));
#4618=CARTESIAN_POINT('',(0.0407178413585128,0.0606193700074736,0.));
#4619=CARTESIAN_POINT('',(0.0386299876633081,0.0567491013286085,0.));
#4620=CARTESIAN_POINT('',(0.040823454079887,0.0605482966068193,0.));
#4621=CARTESIAN_POINT('',(0.,-4.47149162538678E-18,0.));
#4622=CARTESIAN_POINT('',(0.,0.,0.));
#4623=CARTESIAN_POINT('',(0.143134513482618,-0.004953,0.));
#4624=CARTESIAN_POINT('',(0.072856835067137,-0.004953,0.));
#4625=CARTESIAN_POINT('',(0.0684611572241662,-0.00508,0.));
#4626=CARTESIAN_POINT('',(0.0728480900573241,-0.00508,0.));
#4627=CARTESIAN_POINT('',(0.,-4.47149162538678E-18,0.));
#4628=CARTESIAN_POINT('',(0.,0.,0.));
#4629=CARTESIAN_POINT('',(0.127364896816407,0.0707478650631522,0.));
#4630=CARTESIAN_POINT('',(0.0610604921665303,0.0324669991900881,0.));
#4631=CARTESIAN_POINT('',(0.0644134698846575,0.0344028417782357,0.));
#4632=CARTESIAN_POINT('',(0.057444336589482,0.0331655031933569,0.));
#4633=CARTESIAN_POINT('',(0.0586474921665303,0.0366464377887518,0.));
#4634=CARTESIAN_POINT('',(0.124951896816407,0.0749273036618159,0.));
#4635=CARTESIAN_POINT('',(0.0620004698846576,0.0385822803768994,0.));
#4636=CARTESIAN_POINT('',(0.,-4.47149162538678E-18,0.));
#4637=CARTESIAN_POINT('',(0.0619332378027424,0.0386901108846817,0.));
#4638=CARTESIAN_POINT('',(0.060283459408533,0.0377376108846817,0.));
#4639=CARTESIAN_POINT('',(0.0586336810143236,0.0367851108846817,0.));
#4640=CARTESIAN_POINT('',(0.0574443365894819,0.0331655031933569,0.));
#4641=CARTESIAN_POINT('',(0.0611736810143236,0.0323857018334568,0.));
#4642=CARTESIAN_POINT('',(0.062823459408533,0.0333382018334568,0.));
#4643=CARTESIAN_POINT('',(0.0644732378027424,0.0342907018334567,0.));
#4644=CARTESIAN_POINT('',(0.,-4.47149162538678E-18,0.));
#4645=CARTESIAN_POINT('',(0.,0.,0.));
#4646=CARTESIAN_POINT('',(0.0672778329163648,-0.126434624834273,0.));
#4647=CARTESIAN_POINT('',(0.0321389937086242,-0.0655723700074736,0.));
#4648=CARTESIAN_POINT('',(0.0298311695608582,-0.0618291013286085,0.));
#4649=CARTESIAN_POINT('',(0.0320246359774371,-0.0656282966068193,0.));
#4650=CARTESIAN_POINT('',(0.,-4.47149162538678E-18,0.));
#4651=CARTESIAN_POINT('',(0.,0.,0.));
#4652=CARTESIAN_POINT('',(0.124951896816407,-0.074927303661816,0.));
#4653=CARTESIAN_POINT('',(0.0586474921665302,-0.0366464377887519,0.));
#4654=CARTESIAN_POINT('',(0.0620004698846575,-0.0385822803768995,0.));
#4655=CARTESIAN_POINT('',(0.0574443365894819,-0.0331655031933569,0.));
#4656=CARTESIAN_POINT('',(0.0610604921665302,-0.0324669991900881,0.));
#4657=CARTESIAN_POINT('',(0.127364896816407,-0.0707478650631523,0.));
#4658=CARTESIAN_POINT('',(0.0644134698846575,-0.0344028417782358,0.));
#4659=CARTESIAN_POINT('',(0.,-4.47149162538678E-18,0.));
#4660=CARTESIAN_POINT('',(0.0644732378027424,-0.0342907018334568,0.));
#4661=CARTESIAN_POINT('',(0.062823459408533,-0.0333382018334568,0.));
#4662=CARTESIAN_POINT('',(0.0611736810143237,-0.0323857018334568,0.));
#4663=CARTESIAN_POINT('',(0.0574443365894819,-0.0331655031933569,0.));
#4664=CARTESIAN_POINT('',(0.0586336810143236,-0.0367851108846817,0.));
#4665=CARTESIAN_POINT('',(0.060283459408533,-0.0377376108846817,0.));
#4666=CARTESIAN_POINT('',(0.0619332378027423,-0.0386901108846817,0.));
#4667=CARTESIAN_POINT('',(0.,-4.47149162538678E-18,0.));
#4668=CARTESIAN_POINT('',(0.,0.,0.));
#4669=CARTESIAN_POINT('',(-0.0758566805662533,-0.121481624834273,0.));
#4670=CARTESIAN_POINT('',(-0.0407178413585128,-0.0606193700074736,0.));
#4671=CARTESIAN_POINT('',(-0.0386299876633081,-0.0567491013286085,0.));
#4672=CARTESIAN_POINT('',(-0.040823454079887,-0.0605482966068193,0.));
#4673=CARTESIAN_POINT('',(0.,-4.47149162538678E-18,0.));
#4674=CARTESIAN_POINT('',(0.,0.,0.));
#4675=CARTESIAN_POINT('',(-0.002413,-0.145675168724968,0.));
#4676=CARTESIAN_POINT('',(-0.002413,-0.06911343697884,0.));
#4677=CARTESIAN_POINT('',(-0.002413,-0.0729851221551352,0.));
#4678=CARTESIAN_POINT('',(-1.02476810437481E-17,-0.0663310063867137,0.));
#4679=CARTESIAN_POINT('',(0.002413,-0.06911343697884,0.));
#4680=CARTESIAN_POINT('',(0.002413,-0.145675168724968,0.));
#4681=CARTESIAN_POINT('',(0.002413,-0.0729851221551352,0.));
#4682=CARTESIAN_POINT('',(0.,-4.47149162538678E-18,0.));
#4683=CARTESIAN_POINT('',(0.00254,-0.0729808127181385,0.));
#4684=CARTESIAN_POINT('',(0.00254,-0.0710758127181385,0.));
#4685=CARTESIAN_POINT('',(0.00254,-0.0691708127181385,0.));
#4686=CARTESIAN_POINT('',(-9.15735294346745E-18,-0.0663310063867137,0.));
#4687=CARTESIAN_POINT('',(-0.00254,-0.0691708127181385,0.));
#4688=CARTESIAN_POINT('',(-0.00254,-0.0710758127181385,0.));
#4689=CARTESIAN_POINT('',(-0.00254,-0.0729808127181385,0.));
#4690=CARTESIAN_POINT('',(0.,-4.47149162538678E-18,0.));
#4691=CARTESIAN_POINT('',(0.,0.,0.));
#4692=CARTESIAN_POINT('',(-0.143134513482618,0.0049529999999999,0.));
#4693=CARTESIAN_POINT('',(-0.072856835067137,0.004953,0.));
#4694=CARTESIAN_POINT('',(-0.0684611572241662,0.00508,0.));
#4695=CARTESIAN_POINT('',(-0.0728480900573241,0.00508,0.));
#4696=CARTESIAN_POINT('',(0.,-4.47149162538678E-18,0.));
#4697=CARTESIAN_POINT('',(0.,0.,0.));
#4698=CARTESIAN_POINT('',(-0.127364896816407,-0.0707478650631522,0.));
#4699=CARTESIAN_POINT('',(-0.0610604921665303,-0.0324669991900881,0.));
#4700=CARTESIAN_POINT('',(-0.0644134698846575,-0.0344028417782358,0.));
#4701=CARTESIAN_POINT('',(-0.0574443365894819,-0.0331655031933569,0.));
#4702=CARTESIAN_POINT('',(-0.0586474921665302,-0.0366464377887519,0.));
#4703=CARTESIAN_POINT('',(-0.124951896816407,-0.0749273036618159,0.));
#4704=CARTESIAN_POINT('',(-0.0620004698846575,-0.0385822803768995,0.));
#4705=CARTESIAN_POINT('',(0.,-4.47149162538678E-18,0.));
#4706=CARTESIAN_POINT('',(-0.0619332378027424,-0.0386901108846817,0.));
#4707=CARTESIAN_POINT('',(-0.060283459408533,-0.0377376108846817,0.));
#4708=CARTESIAN_POINT('',(-0.0586336810143237,-0.0367851108846817,0.));
#4709=CARTESIAN_POINT('',(-0.057444336589482,-0.0331655031933569,0.));
#4710=CARTESIAN_POINT('',(-0.0611736810143237,-0.0323857018334568,0.));
#4711=CARTESIAN_POINT('',(-0.062823459408533,-0.0333382018334568,0.));
#4712=CARTESIAN_POINT('',(-0.0644732378027424,-0.0342907018334567,0.));
#4713=CARTESIAN_POINT('',(0.,-4.47149162538678E-18,0.));
#4714=CARTESIAN_POINT('',(0.,0.,0.));
#4715=CARTESIAN_POINT('',(-0.0672778329163648,0.126434624834273,0.));
#4716=CARTESIAN_POINT('',(-0.0321389937086242,0.0655723700074735,0.));
#4717=CARTESIAN_POINT('',(-0.0298311695608582,0.0618291013286085,0.));
#4718=CARTESIAN_POINT('',(-0.0320246359774371,0.0656282966068193,0.));
#4719=CARTESIAN_POINT('',(0.,-4.47149162538678E-18,0.));
#4720=CARTESIAN_POINT('',(0.,0.,0.));
#4721=CARTESIAN_POINT('',(0.002413,0.145675168724968,0.));
#4722=CARTESIAN_POINT('',(0.002413,0.06911343697884,0.));
#4723=CARTESIAN_POINT('',(0.002413,0.0729851221551352,0.));
#4724=CARTESIAN_POINT('',(2.12447557817698E-18,0.0663310063867137,0.));
#4725=CARTESIAN_POINT('',(-4.44522890719057E-18,0.0663310063867137,0.));
#4726=CARTESIAN_POINT('',(0.00254,0.0691708127181385,0.));
#4727=CARTESIAN_POINT('',(0.00254,0.0710758127181385,0.));
#4728=CARTESIAN_POINT('',(0.00254,0.0729808127181385,0.));
#4729=CARTESIAN_POINT('',(0.,-4.47149162538678E-18,0.));
#4730=CARTESIAN_POINT('',(0.,0.,0.));
#4731=CARTESIAN_POINT('',(-0.124951896816407,0.074927303661816,0.));
#4732=CARTESIAN_POINT('',(-0.0586474921665302,0.0366464377887519,0.));
#4733=CARTESIAN_POINT('',(-0.0620004698846575,0.0385822803768995,0.));
#4734=CARTESIAN_POINT('',(-0.0574443365894819,0.0331655031933569,0.));
#4735=CARTESIAN_POINT('',(-0.0610604921665302,0.0324669991900881,0.));
#4736=CARTESIAN_POINT('',(-0.127364896816407,0.0707478650631523,0.));
#4737=CARTESIAN_POINT('',(-0.0644134698846575,0.0344028417782358,0.));
#4738=CARTESIAN_POINT('',(0.,-4.47149162538678E-18,0.));
#4739=CARTESIAN_POINT('',(-0.0644732378027424,0.0342907018334567,0.));
#4740=CARTESIAN_POINT('',(-0.062823459408533,0.0333382018334568,0.));
#4741=CARTESIAN_POINT('',(-0.0611736810143237,0.0323857018334568,0.));
#4742=CARTESIAN_POINT('',(-0.0574443365894819,0.0331655031933569,0.));
#4743=CARTESIAN_POINT('',(-0.0586336810143237,0.0367851108846817,0.));
#4744=CARTESIAN_POINT('',(-0.060283459408533,0.0377376108846817,0.));
#4745=CARTESIAN_POINT('',(-0.0619332378027424,0.0386901108846817,0.));
#4746=CARTESIAN_POINT('',(0.,-4.47149162538678E-18,0.));
#4747=CARTESIAN_POINT('',(5.52943107967607E-18,0.0663310063867137,0.2032));
#4748=CARTESIAN_POINT('',(5.52943107967607E-18,0.0663310063867137,0.));
#4749=CARTESIAN_POINT('',(-0.00254,0.0691708127181385,0.));
#4750=CARTESIAN_POINT('',(-0.00254,0.0691708127181385,0.2032));
#4751=CARTESIAN_POINT('',(-0.00254,0.0691708127181385,0.2032));
#4752=CARTESIAN_POINT('',(5.52943107967607E-18,0.0663310063867137,0.2032));
#4753=CARTESIAN_POINT('',(-0.00254,0.0710758127181385,0.2032));
#4754=CARTESIAN_POINT('',(-0.00254,0.0710758127181385,0.));
#4755=CARTESIAN_POINT('',(-0.00254,0.0729808127181385,0.));
#4756=CARTESIAN_POINT('',(-0.00254,0.0729808127181385,0.2032));
#4757=CARTESIAN_POINT('',(-0.00254,0.0729808127181385,0.2032));
#4758=CARTESIAN_POINT('',(-0.00254,0.0710758127181385,0.2032));
#4759=CARTESIAN_POINT('',(-0.0298311695608582,0.0618291013286085,0.2032));
#4760=CARTESIAN_POINT('',(-0.0298311695608582,0.0618291013286085,0.2032));
#4761=CARTESIAN_POINT('',(-0.0320246359774371,0.0656282966068193,0.2032));
#4762=CARTESIAN_POINT('',(-0.0320246359774371,0.0656282966068193,0.2032));
#4763=CARTESIAN_POINT('',(-0.0320371121955043,0.0554899060503977,0.2032));
#4764=CARTESIAN_POINT('',(-0.0320371121955043,0.0554899060503977,0.2032));
#4765=CARTESIAN_POINT('',(-0.0363265360204486,0.0530134060503977,0.2032));
#4766=CARTESIAN_POINT('',(-0.0364365212467292,0.0529499060503977,0.2032));
#4767=CARTESIAN_POINT('',(-0.0363265360204486,0.0530134060503977,0.2032));
#4768=CARTESIAN_POINT('',(-0.0363265360204486,0.0530134060503977,0.));
#4769=CARTESIAN_POINT('',(-0.0320371121955043,0.0554899060503977,0.));
#4770=CARTESIAN_POINT('',(-0.0364365212467292,0.0529499060503977,0.));
#4771=CARTESIAN_POINT('',(-0.0364365212467292,0.0529499060503977,0.2032));
#4772=CARTESIAN_POINT('',(-0.0386299876633081,0.0567491013286085,0.2032));
#4773=CARTESIAN_POINT('',(-0.0386299876633081,0.0567491013286085,0.));
#4774=CARTESIAN_POINT('',(-0.040823454079887,0.0605482966068192,0.));
#4775=CARTESIAN_POINT('',(-0.040823454079887,0.0605482966068192,0.2032));
#4776=CARTESIAN_POINT('',(-0.040823454079887,0.0605482966068192,0.2032));
#4777=CARTESIAN_POINT('',(-0.0386299876633081,0.0567491013286085,0.2032));
#4778=CARTESIAN_POINT('',(-0.060283459408533,0.0377376108846817,0.2032));
#4779=CARTESIAN_POINT('',(-0.0586336810143237,0.0367851108846817,0.2032));
#4780=CARTESIAN_POINT('',(-0.0586336810143237,0.0367851108846817,0.2032));
#4781=CARTESIAN_POINT('',(-0.060283459408533,0.0377376108846817,0.2032));
#4782=CARTESIAN_POINT('',(-0.0619332378027424,0.0386901108846817,0.2032));
#4783=CARTESIAN_POINT('',(-0.0619332378027424,0.0386901108846817,0.2032));
#4784=CARTESIAN_POINT('',(-0.0574443365894819,0.0331655031933569,0.2032));
#4785=CARTESIAN_POINT('',(-0.0611736810143237,0.0323857018334568,0.2032));
#4786=CARTESIAN_POINT('',(-0.0611736810143237,0.0323857018334568,0.2032));
#4787=CARTESIAN_POINT('',(-0.0574443365894819,0.0331655031933569,0.2032));
#4788=CARTESIAN_POINT('',(-0.062823459408533,0.0333382018334568,0.2032));
#4789=CARTESIAN_POINT('',(-0.0644732378027424,0.0342907018334567,0.2032));
#4790=CARTESIAN_POINT('',(-0.0644732378027424,0.0342907018334567,0.2032));
#4791=CARTESIAN_POINT('',(-0.062823459408533,0.0333382018334568,0.2032));
#4792=CARTESIAN_POINT('',(-0.0684611572241662,0.00508,0.2032));
#4793=CARTESIAN_POINT('',(-0.0684611572241662,0.00508,0.2032));
#4794=CARTESIAN_POINT('',(-0.0728480900573241,0.00508,0.2032));
#4795=CARTESIAN_POINT('',(-0.0728480900573241,0.00508,0.2032));
#4796=CARTESIAN_POINT('',(-0.0640742243910084,-3.46944695195361E-17,0.2032));
#4797=CARTESIAN_POINT('',(-0.0640742243910084,-3.46944695195361E-17,0.2032));
#4798=CARTESIAN_POINT('',(-0.0640742243910084,-0.004953,0.2032));
#4799=CARTESIAN_POINT('',(-0.0640742243910084,-0.00508,0.2032));
#4800=CARTESIAN_POINT('',(-0.0640742243910084,-0.004953,0.2032));
#4801=CARTESIAN_POINT('',(-0.0640742243910084,-0.004953,0.));
#4802=CARTESIAN_POINT('',(-0.0640742243910084,-3.46944695195361E-17,0.));
#4803=CARTESIAN_POINT('',(-0.0640742243910084,-0.00508,0.));
#4804=CARTESIAN_POINT('',(-0.0640742243910084,-0.00508,0.2032));
#4805=CARTESIAN_POINT('',(-0.0684611572241662,-0.00508,0.2032));
#4806=CARTESIAN_POINT('',(-0.0684611572241662,-0.00508,0.));
#4807=CARTESIAN_POINT('',(-0.0728480900573241,-0.00508,0.));
#4808=CARTESIAN_POINT('',(-0.0728480900573241,-0.00508,0.2032));
#4809=CARTESIAN_POINT('',(-0.0728480900573241,-0.00508,0.2032));
#4810=CARTESIAN_POINT('',(-0.0684611572241662,-0.00508,0.2032));
#4811=CARTESIAN_POINT('',(-0.062823459408533,-0.0333382018334568,0.2032));
#4812=CARTESIAN_POINT('',(-0.0611736810143237,-0.0323857018334568,0.2032));
#4813=CARTESIAN_POINT('',(-0.0611736810143237,-0.0323857018334568,0.2032));
#4814=CARTESIAN_POINT('',(-0.062823459408533,-0.0333382018334568,0.2032));
#4815=CARTESIAN_POINT('',(-0.0644732378027424,-0.0342907018334567,0.2032));
#4816=CARTESIAN_POINT('',(-0.0644732378027424,-0.0342907018334567,0.2032));
#4817=CARTESIAN_POINT('',(-0.057444336589482,-0.0331655031933569,0.2032));
#4818=CARTESIAN_POINT('',(-0.0586336810143237,-0.0367851108846817,0.2032));
#4819=CARTESIAN_POINT('',(-0.0586336810143237,-0.0367851108846817,0.2032));
#4820=CARTESIAN_POINT('',(-0.057444336589482,-0.0331655031933569,0.2032));
#4821=CARTESIAN_POINT('',(-0.060283459408533,-0.0377376108846817,0.2032));
#4822=CARTESIAN_POINT('',(-0.0619332378027424,-0.0386901108846817,0.2032));
#4823=CARTESIAN_POINT('',(-0.0619332378027424,-0.0386901108846817,0.2032));
#4824=CARTESIAN_POINT('',(-0.060283459408533,-0.0377376108846817,0.2032));
#4825=CARTESIAN_POINT('',(-0.0386299876633081,-0.0567491013286085,0.2032));
#4826=CARTESIAN_POINT('',(-0.0386299876633081,-0.0567491013286085,0.2032));
#4827=CARTESIAN_POINT('',(-0.040823454079887,-0.0605482966068193,0.2032));
#4828=CARTESIAN_POINT('',(-0.040823454079887,-0.0605482966068193,0.2032));
#4829=CARTESIAN_POINT('',(-0.0320371121955042,-0.0554899060503978,0.2032));
#4830=CARTESIAN_POINT('',(-0.0320371121955042,-0.0554899060503978,0.2032));
#4831=CARTESIAN_POINT('',(-0.0277476883705598,-0.0579664060503978,0.2032));
#4832=CARTESIAN_POINT('',(-0.0276377031442792,-0.0580299060503978,0.2032));
#4833=CARTESIAN_POINT('',(-0.0277476883705598,-0.0579664060503978,0.2032));
#4834=CARTESIAN_POINT('',(-0.0277476883705598,-0.0579664060503978,0.));
#4835=CARTESIAN_POINT('',(-0.0320371121955042,-0.0554899060503978,0.));
#4836=CARTESIAN_POINT('',(-0.0276377031442792,-0.0580299060503978,0.));
#4837=CARTESIAN_POINT('',(-0.0276377031442792,-0.0580299060503978,0.2032));
#4838=CARTESIAN_POINT('',(-0.0298311695608581,-0.0618291013286085,0.2032));
#4839=CARTESIAN_POINT('',(-0.0298311695608581,-0.0618291013286085,0.));
#4840=CARTESIAN_POINT('',(-0.0320246359774371,-0.0656282966068193,0.));
#4841=CARTESIAN_POINT('',(-0.0320246359774371,-0.0656282966068193,0.2032));
#4842=CARTESIAN_POINT('',(-0.0320246359774371,-0.0656282966068193,0.2032));
#4843=CARTESIAN_POINT('',(-0.0298311695608581,-0.0618291013286085,0.2032));
#4844=CARTESIAN_POINT('',(-0.00254,-0.0710758127181385,0.2032));
#4845=CARTESIAN_POINT('',(-0.00254,-0.0691708127181385,0.2032));
#4846=CARTESIAN_POINT('',(-0.00254,-0.0691708127181385,0.2032));
#4847=CARTESIAN_POINT('',(-0.00254,-0.0710758127181385,0.2032));
#4848=CARTESIAN_POINT('',(-0.00254,-0.0729808127181385,0.2032));
#4849=CARTESIAN_POINT('',(-0.00254,-0.0729808127181385,0.2032));
#4850=CARTESIAN_POINT('',(-9.15735294346745E-18,-0.0663310063867137,0.2032));
#4851=CARTESIAN_POINT('',(0.00254,-0.0691708127181385,0.2032));
#4852=CARTESIAN_POINT('',(0.00254,-0.0691708127181385,0.2032));
#4853=CARTESIAN_POINT('',(-9.15735294346745E-18,-0.0663310063867137,0.2032));
#4854=CARTESIAN_POINT('',(0.00254,-0.0710758127181385,0.2032));
#4855=CARTESIAN_POINT('',(0.00254,-0.0729808127181385,0.2032));
#4856=CARTESIAN_POINT('',(0.00254,-0.0729808127181385,0.2032));
#4857=CARTESIAN_POINT('',(0.00254,-0.0710758127181385,0.2032));
#4858=CARTESIAN_POINT('',(0.0298311695608582,-0.0618291013286085,0.2032));
#4859=CARTESIAN_POINT('',(0.0298311695608582,-0.0618291013286085,0.2032));
#4860=CARTESIAN_POINT('',(0.0320246359774371,-0.0656282966068193,0.2032));
#4861=CARTESIAN_POINT('',(0.0320246359774371,-0.0656282966068193,0.2032));
#4862=CARTESIAN_POINT('',(0.0320371121955043,-0.0554899060503977,0.2032));
#4863=CARTESIAN_POINT('',(0.0320371121955043,-0.0554899060503977,0.2032));
#4864=CARTESIAN_POINT('',(0.0363265360204485,-0.0530134060503977,0.2032));
#4865=CARTESIAN_POINT('',(0.0364365212467292,-0.0529499060503977,0.2032));
#4866=CARTESIAN_POINT('',(0.0363265360204485,-0.0530134060503977,0.2032));
#4867=CARTESIAN_POINT('',(0.0363265360204485,-0.0530134060503977,0.));
#4868=CARTESIAN_POINT('',(0.0320371121955043,-0.0554899060503977,0.));
#4869=CARTESIAN_POINT('',(0.0364365212467292,-0.0529499060503977,0.));
#4870=CARTESIAN_POINT('',(0.0364365212467292,-0.0529499060503977,0.2032));
#4871=CARTESIAN_POINT('',(0.0386299876633081,-0.0567491013286085,0.2032));
#4872=CARTESIAN_POINT('',(0.0386299876633081,-0.0567491013286085,0.));
#4873=CARTESIAN_POINT('',(0.040823454079887,-0.0605482966068192,0.));
#4874=CARTESIAN_POINT('',(0.040823454079887,-0.0605482966068192,0.2032));
#4875=CARTESIAN_POINT('',(0.040823454079887,-0.0605482966068192,0.2032));
#4876=CARTESIAN_POINT('',(0.0386299876633081,-0.0567491013286085,0.2032));
#4877=CARTESIAN_POINT('',(0.060283459408533,-0.0377376108846817,0.2032));
#4878=CARTESIAN_POINT('',(0.0586336810143236,-0.0367851108846817,0.2032));
#4879=CARTESIAN_POINT('',(0.0586336810143236,-0.0367851108846817,0.2032));
#4880=CARTESIAN_POINT('',(0.060283459408533,-0.0377376108846817,0.2032));
#4881=CARTESIAN_POINT('',(0.0619332378027423,-0.0386901108846817,0.2032));
#4882=CARTESIAN_POINT('',(0.0619332378027423,-0.0386901108846817,0.2032));
#4883=CARTESIAN_POINT('',(0.0574443365894819,-0.0331655031933569,0.2032));
#4884=CARTESIAN_POINT('',(0.0611736810143237,-0.0323857018334568,0.2032));
#4885=CARTESIAN_POINT('',(0.0611736810143237,-0.0323857018334568,0.2032));
#4886=CARTESIAN_POINT('',(0.0574443365894819,-0.0331655031933569,0.2032));
#4887=CARTESIAN_POINT('',(0.062823459408533,-0.0333382018334568,0.2032));
#4888=CARTESIAN_POINT('',(0.0644732378027424,-0.0342907018334568,0.2032));
#4889=CARTESIAN_POINT('',(0.0644732378027424,-0.0342907018334568,0.2032));
#4890=CARTESIAN_POINT('',(0.062823459408533,-0.0333382018334568,0.2032));
#4891=CARTESIAN_POINT('',(0.0684611572241662,-0.00508,0.2032));
#4892=CARTESIAN_POINT('',(0.0684611572241662,-0.00508,0.2032));
#4893=CARTESIAN_POINT('',(0.0728480900573241,-0.00508,0.2032));
#4894=CARTESIAN_POINT('',(0.0728480900573241,-0.00508,0.2032));
#4895=CARTESIAN_POINT('',(0.0640742243910084,6.93889390390723E-18,0.2032));
#4896=CARTESIAN_POINT('',(0.0640742243910084,6.93889390390723E-18,0.2032));
#4897=CARTESIAN_POINT('',(0.0640742243910084,0.004953,0.2032));
#4898=CARTESIAN_POINT('',(0.0640742243910084,0.00508,0.2032));
#4899=CARTESIAN_POINT('',(0.0640742243910084,0.004953,0.2032));
#4900=CARTESIAN_POINT('',(0.0640742243910084,0.004953,0.));
#4901=CARTESIAN_POINT('',(0.0640742243910084,6.93889390390723E-18,0.));
#4902=CARTESIAN_POINT('',(0.0640742243910084,0.00508,0.));
#4903=CARTESIAN_POINT('',(0.0640742243910084,0.00508,0.2032));
#4904=CARTESIAN_POINT('',(0.0684611572241662,0.00508,0.2032));
#4905=CARTESIAN_POINT('',(0.0684611572241662,0.00508,0.));
#4906=CARTESIAN_POINT('',(0.0728480900573241,0.00508,0.));
#4907=CARTESIAN_POINT('',(0.0728480900573241,0.00508,0.2032));
#4908=CARTESIAN_POINT('',(0.0728480900573241,0.00508,0.2032));
#4909=CARTESIAN_POINT('',(0.0684611572241662,0.00508,0.2032));
#4910=CARTESIAN_POINT('',(0.062823459408533,0.0333382018334568,0.2032));
#4911=CARTESIAN_POINT('',(0.0611736810143236,0.0323857018334568,0.2032));
#4912=CARTESIAN_POINT('',(0.0611736810143236,0.0323857018334568,0.2032));
#4913=CARTESIAN_POINT('',(0.062823459408533,0.0333382018334568,0.2032));
#4914=CARTESIAN_POINT('',(0.0644732378027424,0.0342907018334567,0.2032));
#4915=CARTESIAN_POINT('',(0.0644732378027424,0.0342907018334567,0.2032));
#4916=CARTESIAN_POINT('',(0.0574443365894819,0.0331655031933569,0.2032));
#4917=CARTESIAN_POINT('',(0.0586336810143236,0.0367851108846817,0.2032));
#4918=CARTESIAN_POINT('',(0.0586336810143236,0.0367851108846817,0.2032));
#4919=CARTESIAN_POINT('',(0.0574443365894819,0.0331655031933569,0.2032));
#4920=CARTESIAN_POINT('',(0.060283459408533,0.0377376108846817,0.2032));
#4921=CARTESIAN_POINT('',(0.0619332378027424,0.0386901108846817,0.2032));
#4922=CARTESIAN_POINT('',(0.0619332378027424,0.0386901108846817,0.2032));
#4923=CARTESIAN_POINT('',(0.060283459408533,0.0377376108846817,0.2032));
#4924=CARTESIAN_POINT('',(0.0386299876633081,0.0567491013286085,0.2032));
#4925=CARTESIAN_POINT('',(0.0386299876633081,0.0567491013286085,0.2032));
#4926=CARTESIAN_POINT('',(0.040823454079887,0.0605482966068193,0.2032));
#4927=CARTESIAN_POINT('',(0.040823454079887,0.0605482966068193,0.2032));
#4928=CARTESIAN_POINT('',(0.0320371121955041,0.0554899060503978,0.2032));
#4929=CARTESIAN_POINT('',(0.0320371121955041,0.0554899060503978,0.2032));
#4930=CARTESIAN_POINT('',(0.0277476883705598,0.0579664060503978,0.2032));
#4931=CARTESIAN_POINT('',(0.0276377031442792,0.0580299060503978,0.2032));
#4932=CARTESIAN_POINT('',(0.0277476883705598,0.0579664060503978,0.2032));
#4933=CARTESIAN_POINT('',(0.0277476883705598,0.0579664060503978,0.));
#4934=CARTESIAN_POINT('',(0.0320371121955041,0.0554899060503978,0.));
#4935=CARTESIAN_POINT('',(0.0276377031442792,0.0580299060503978,0.));
#4936=CARTESIAN_POINT('',(0.0276377031442792,0.0580299060503978,0.2032));
#4937=CARTESIAN_POINT('',(0.0298311695608581,0.0618291013286085,0.2032));
#4938=CARTESIAN_POINT('',(0.0298311695608581,0.0618291013286085,0.));
#4939=CARTESIAN_POINT('',(0.0320246359774371,0.0656282966068193,0.));
#4940=CARTESIAN_POINT('',(0.0320246359774371,0.0656282966068193,0.2032));
#4941=CARTESIAN_POINT('',(0.0320246359774371,0.0656282966068193,0.2032));
#4942=CARTESIAN_POINT('',(0.0298311695608581,0.0618291013286085,0.2032));
#4943=CARTESIAN_POINT('',(-6.85215773010839E-17,-1.80411241501588E-16,0.2032));
#4944=CARTESIAN_POINT('',(0.,-4.47149162538678E-18,0.));
#4945=CARTESIAN_POINT('',(0.0321389937086241,0.0655723700074736,0.));
#4946=CARTESIAN_POINT('',(0.,-4.47149162538678E-18,0.));
#4947=CARTESIAN_POINT('',(6.93889390390723E-17,5.55111512312578E-17,0.2032));
#4948=CARTESIAN_POINT('',(0.,-4.47149162538678E-18,0.));
#4949=CARTESIAN_POINT('',(4.16333634234433E-17,3.72965547335013E-17,0.2032));
#4950=CARTESIAN_POINT('',(0.,-4.47149162538678E-18,0.));
#4951=CARTESIAN_POINT('',(0.072856835067137,0.004953,0.));
#4952=CARTESIAN_POINT('',(0.,-4.47149162538678E-18,0.));
#4953=CARTESIAN_POINT('',(1.66533453693773E-16,-6.20163642661709E-17,0.2032));
#4954=CARTESIAN_POINT('',(0.,-4.47149162538678E-18,0.));
#4955=CARTESIAN_POINT('',(-8.67361737988404E-17,5.89805981832114E-17,0.2032));
#4956=CARTESIAN_POINT('',(0.,-4.47149162538678E-18,0.));
#4957=CARTESIAN_POINT('',(0.0407178413585128,-0.0606193700074736,0.));
#4958=CARTESIAN_POINT('',(0.,-4.47149162538678E-18,0.));
#4959=CARTESIAN_POINT('',(1.2338220722885E-16,-2.42861286636753E-16,0.2032));
#4960=CARTESIAN_POINT('',(0.,-4.47149162538678E-18,0.));
#4961=CARTESIAN_POINT('',(8.00141203294302E-17,1.52655665885959E-16,0.2032));
#4962=CARTESIAN_POINT('',(0.,-4.47149162538678E-18,0.));
#4963=CARTESIAN_POINT('',(-0.0321389937086241,-0.0655723700074736,0.));
#4964=CARTESIAN_POINT('',(0.,-4.47149162538678E-18,0.));
#4965=CARTESIAN_POINT('',(-1.7347234759768E-17,0.,0.2032));
#4966=CARTESIAN_POINT('',(0.,-4.47149162538678E-18,0.));
#4967=CARTESIAN_POINT('',(-1.17961196366423E-16,-5.63785129692462E-17,0.2032));
#4968=CARTESIAN_POINT('',(0.,-4.47149162538678E-18,0.));
#4969=CARTESIAN_POINT('',(-0.072856835067137,-0.004953,0.));
#4970=CARTESIAN_POINT('',(0.,-4.47149162538678E-18,0.));
#4971=CARTESIAN_POINT('',(0.,2.03830008427275E-17,0.2032));
#4972=CARTESIAN_POINT('',(0.,-4.47149162538678E-18,0.));
#4973=CARTESIAN_POINT('',(1.14491749414469E-16,-1.07552855510562E-16,0.2032));
#4974=CARTESIAN_POINT('',(0.,-4.47149162538678E-18,0.));
#4975=CARTESIAN_POINT('',(-0.0407178413585129,0.0606193700074735,0.));
#4976=CARTESIAN_POINT('',(0.,-4.47149162538678E-18,0.));
#4977=CARTESIAN_POINT('',(-1.3010426069826E-16,2.42861286636753E-16,0.2032));
#4978=CARTESIAN_POINT('',(0.,-4.47149162538678E-18,0.));
#4979=CARTESIAN_POINT('',(-0.002413,0.0729851221551352,0.));
#4980=CARTESIAN_POINT('',(0.,-4.47149162538678E-18,0.));
#4981=CARTESIAN_POINT('',(0.00254,0.0729808127181385,0.2032));
#4982=CARTESIAN_POINT('',(0.00254,0.0729808127181385,0.2032));
#4983=CARTESIAN_POINT('',(-6.85215773010839E-17,-1.80411241501588E-16,0.2032));
#4984=CARTESIAN_POINT('',(0.,-4.47149162538678E-18,-0.0762));
#4985=CARTESIAN_POINT('',(-0.073025,-4.47149162538678E-18,-0.0762));
#4986=CARTESIAN_POINT('',(0.00254,0.0710758127181385,0.2032));
#4987=CARTESIAN_POINT('',(0.00254,0.0691708127181385,0.2032));
#4988=CARTESIAN_POINT('',(0.00254,0.0691708127181385,0.2032));
#4989=CARTESIAN_POINT('',(0.00254,0.0710758127181385,0.2032));
#4990=CARTESIAN_POINT('',(-4.44522890719057E-18,0.0663310063867137,0.2032));
#4991=CARTESIAN_POINT('',(-4.44522890719057E-18,0.0663310063867137,0.2032));
#4992=CARTESIAN_POINT('',(4.20670442924376E-17,5.89805981832114E-17,0.2032));
#4993=CARTESIAN_POINT('',(4.20670442924376E-17,5.89805981832114E-17,0.2032));
#4994=CARTESIAN_POINT('',(0.057785,5.89805981832114E-17,0.2032));
#4995=CARTESIAN_POINT('',(4.20670442924376E-17,5.89805981832114E-17,0.));
#4996=CARTESIAN_POINT('',(0.057785,5.89805981832114E-17,0.));
#4997=CARTESIAN_POINT('',(0.,0.00144224689243992,0.2032));
#4998=CARTESIAN_POINT('',(2.12447557817698E-18,0.0663310063867137,0.2032));
#4999=CARTESIAN_POINT('',(0.002413,0.06911343697884,0.2032));
#5000=CARTESIAN_POINT('',(0.002413,0.145675168724968,0.2032));
#5001=CARTESIAN_POINT('',(0.002413,0.222236900471096,0.2032));
#5002=CARTESIAN_POINT('',(-8.93382590128056E-17,9.71445146547012E-17,0.2032));
#5003=CARTESIAN_POINT('',(0.106807977462169,0.194902843618149,0.2032));
#5004=CARTESIAN_POINT('',(0.0672778329163646,0.126434624834273,0.2032));
#5005=CARTESIAN_POINT('',(0.0973105761750556,0.178452862048998,0.2032));
#5006=CARTESIAN_POINT('',(0.0796029547438752,0.188676362048998,0.2032));
#5007=CARTESIAN_POINT('',(0.105889423824944,0.173499862048998,0.2032));
#5008=CARTESIAN_POINT('',(0.0758566805662533,0.121481624834273,0.2032));
#5009=CARTESIAN_POINT('',(0.115386825112058,0.189949843618149,0.2032));
#5010=CARTESIAN_POINT('',(3.71514088112751E-17,1.8545205290677E-16,0.2032));
#5011=CARTESIAN_POINT('',(0.191256301466284,0.11320816953488,0.2032));
#5012=CARTESIAN_POINT('',(0.124951896816407,0.0749273036618159,0.2032));
#5013=CARTESIAN_POINT('',(0.0586474921665303,0.0366464377887518,0.2032));
#5014=CARTESIAN_POINT('',(0.057444336589482,0.0331655031933569,0.2032));
#5015=CARTESIAN_POINT('',(0.0610604921665303,0.0324669991900881,0.2032));
#5016=CARTESIAN_POINT('',(0.127364896816407,0.0707478650631522,0.2032));
#5017=CARTESIAN_POINT('',(0.193669301466283,0.109028730936216,0.2032));
#5018=CARTESIAN_POINT('',(3.94604880228782E-17,1.25941459162314E-16,0.2032));
#5019=CARTESIAN_POINT('',(0.222194802574227,0.00495299999999994,0.2032));
#5020=CARTESIAN_POINT('',(0.143134513482618,0.004953,0.2032));
#5021=CARTESIAN_POINT('',(0.2032,0.004953,0.2032));
#5022=CARTESIAN_POINT('',(0.2032,-0.0254,0.2032));
#5023=CARTESIAN_POINT('',(0.2032,-0.00495299999999994,0.2032));
#5024=CARTESIAN_POINT('',(0.143134513482618,-0.004953,0.2032));
#5025=CARTESIAN_POINT('',(0.222194802574227,-0.0049529999999999,0.2032));
#5026=CARTESIAN_POINT('',(1.79181893406876E-16,6.05519626364398E-17,0.2032));
#5027=CARTESIAN_POINT('',(0.193669301466283,-0.109028730936216,0.2032));
#5028=CARTESIAN_POINT('',(0.127364896816407,-0.0707478650631523,0.2032));
#5029=CARTESIAN_POINT('',(0.0610604921665302,-0.0324669991900881,0.2032));
#5030=CARTESIAN_POINT('',(0.0574443365894819,-0.0331655031933569,0.2032));
#5031=CARTESIAN_POINT('',(0.0586474921665302,-0.0366464377887519,0.2032));
#5032=CARTESIAN_POINT('',(0.124951896816407,-0.074927303661816,0.2032));
#5033=CARTESIAN_POINT('',(0.191256301466284,-0.11320816953488,0.2032));
#5034=CARTESIAN_POINT('',(1.28798747035684E-16,2.8796944507613E-17,0.2032));
#5035=CARTESIAN_POINT('',(0.115386825112058,-0.189949843618149,0.2032));
#5036=CARTESIAN_POINT('',(0.0758566805662534,-0.121481624834273,0.2032));
#5037=CARTESIAN_POINT('',(0.105889423824944,-0.173499862048998,0.2032));
#5038=CARTESIAN_POINT('',(0.0796029547438754,-0.188676362048998,0.2032));
#5039=CARTESIAN_POINT('',(0.0973105761750558,-0.178452862048998,0.2032));
#5040=CARTESIAN_POINT('',(0.0672778329163648,-0.126434624834273,0.2032));
#5041=CARTESIAN_POINT('',(0.10680797746217,-0.194902843618149,0.2032));
#5042=CARTESIAN_POINT('',(1.42030484595601E-16,-1.2490009027033E-16,0.2032));
#5043=CARTESIAN_POINT('',(0.002413,-0.222236900471096,0.2032));
#5044=CARTESIAN_POINT('',(0.002413,-0.145675168724968,0.2032));
#5045=CARTESIAN_POINT('',(0.002413,-0.06911343697884,0.2032));
#5046=CARTESIAN_POINT('',(-1.02476810437481E-17,-0.0663310063867137,0.2032));
#5047=CARTESIAN_POINT('',(-0.002413,-0.06911343697884,0.2032));
#5048=CARTESIAN_POINT('',(-0.002413,-0.145675168724968,0.2032));
#5049=CARTESIAN_POINT('',(-0.002413,-0.222236900471096,0.2032));
#5050=CARTESIAN_POINT('',(8.93382590128056E-17,-9.71445146547012E-17,0.2032));
#5051=CARTESIAN_POINT('',(-0.106807977462169,-0.194902843618149,0.2032));
#5052=CARTESIAN_POINT('',(-0.0672778329163646,-0.126434624834273,0.2032));
#5053=CARTESIAN_POINT('',(-0.0973105761750556,-0.178452862048998,0.2032));
#5054=CARTESIAN_POINT('',(-0.123597045256125,-0.163276362048998,0.2032));
#5055=CARTESIAN_POINT('',(-0.105889423824944,-0.173499862048998,0.2032));
#5056=CARTESIAN_POINT('',(-0.0758566805662533,-0.121481624834273,0.2032));
#5057=CARTESIAN_POINT('',(-0.115386825112058,-0.189949843618149,0.2032));
#5058=CARTESIAN_POINT('',(-3.71514088112749E-17,-1.8545205290677E-16,0.2032));
#5059=CARTESIAN_POINT('',(-0.191256301466284,-0.11320816953488,0.2032));
#5060=CARTESIAN_POINT('',(-0.124951896816407,-0.0749273036618159,0.2032));
#5061=CARTESIAN_POINT('',(-0.0586474921665302,-0.0366464377887518,0.2032));
#5062=CARTESIAN_POINT('',(-0.0574443365894819,-0.0331655031933569,0.2032));
#5063=CARTESIAN_POINT('',(-0.0610604921665303,-0.0324669991900881,0.2032));
#5064=CARTESIAN_POINT('',(-0.127364896816407,-0.0707478650631522,0.2032));
#5065=CARTESIAN_POINT('',(-0.193669301466283,-0.109028730936216,0.2032));
#5066=CARTESIAN_POINT('',(-3.94604880228781E-17,-1.25941459162314E-16,0.2032));
#5067=CARTESIAN_POINT('',(-0.222194802574227,-0.00495300000000006,0.2032));
#5068=CARTESIAN_POINT('',(-0.143134513482618,-0.00495300000000007,0.2032));
#5069=CARTESIAN_POINT('',(-0.2032,-0.0049530000000001,0.2032));
#5070=CARTESIAN_POINT('',(-0.2032,0.0254,0.2032));
#5071=CARTESIAN_POINT('',(-0.2032,0.00495299999999985,0.2032));
#5072=CARTESIAN_POINT('',(-0.143134513482618,0.0049529999999999,0.2032));
#5073=CARTESIAN_POINT('',(-0.222194802574227,0.00495299999999982,0.2032));
#5074=CARTESIAN_POINT('',(-1.79181893406876E-16,-6.05519626364399E-17,0.2032));
#5075=CARTESIAN_POINT('',(-0.193669301466283,0.109028730936216,0.2032));
#5076=CARTESIAN_POINT('',(-0.127364896816407,0.0707478650631523,0.2032));
#5077=CARTESIAN_POINT('',(-0.0610604921665302,0.0324669991900881,0.2032));
#5078=CARTESIAN_POINT('',(-0.0574443365894819,0.0331655031933569,0.2032));
#5079=CARTESIAN_POINT('',(-0.0586474921665302,0.0366464377887519,0.2032));
#5080=CARTESIAN_POINT('',(-0.124951896816407,0.074927303661816,0.2032));
#5081=CARTESIAN_POINT('',(-0.191256301466284,0.11320816953488,0.2032));
#5082=CARTESIAN_POINT('',(-1.28798747035684E-16,-2.87969445076131E-17,0.2032));
#5083=CARTESIAN_POINT('',(-0.115386825112058,0.189949843618149,0.2032));
#5084=CARTESIAN_POINT('',(-0.0758566805662534,0.121481624834273,0.2032));
#5085=CARTESIAN_POINT('',(-0.105889423824944,0.173499862048998,0.2032));
#5086=CARTESIAN_POINT('',(-0.0796029547438754,0.188676362048998,0.2032));
#5087=CARTESIAN_POINT('',(-0.0973105761750558,0.178452862048998,0.2032));
#5088=CARTESIAN_POINT('',(-0.0672778329163648,0.126434624834273,0.2032));
#5089=CARTESIAN_POINT('',(-0.10680797746217,0.194902843618149,0.2032));
#5090=CARTESIAN_POINT('',(-1.42030484595601E-16,1.2490009027033E-16,0.2032));
#5091=CARTESIAN_POINT('',(-0.002413,0.222236900471096,0.2032));
#5092=CARTESIAN_POINT('',(-0.002413,0.145675168724968,0.2032));
#5093=CARTESIAN_POINT('',(-0.002413,0.06911343697884,0.2032));
#5094=CARTESIAN_POINT('',(2.12447557817698E-18,0.0663310063867137,0.2032));
#5095=CARTESIAN_POINT('',(-0.0672778329163648,0.126434624834273,0.2032));
#5096=CARTESIAN_POINT('',(-0.0941355761750559,0.172953600734966,0.2032));
#5097=CARTESIAN_POINT('',(-0.0764279547438754,0.183177100734967,0.2032));
#5098=CARTESIAN_POINT('',(-0.102714423824944,0.168000600734967,0.2032));
#5099=CARTESIAN_POINT('',(-0.0758566805662534,0.121481624834273,0.2032));
#5100=CARTESIAN_POINT('',(-0.143134513482618,0.0049529999999999,0.2032));
#5101=CARTESIAN_POINT('',(-0.19685,0.00495299999999985,0.2032));
#5102=CARTESIAN_POINT('',(-0.19685,0.0254,0.2032));
#5103=CARTESIAN_POINT('',(-0.19685,-0.00495300000000007,0.2032));
#5104=CARTESIAN_POINT('',(-0.143134513482618,-0.00495300000000007,0.2032));
#5105=CARTESIAN_POINT('',(-0.0758566805662533,-0.121481624834273,0.2032));
#5106=CARTESIAN_POINT('',(-0.102714423824944,-0.168000600734967,0.2032));
#5107=CARTESIAN_POINT('',(-0.120422045256125,-0.157777100734967,0.2032));
#5108=CARTESIAN_POINT('',(-0.0941355761750556,-0.172953600734967,0.2032));
#5109=CARTESIAN_POINT('',(-0.0672778329163646,-0.126434624834273,0.2032));
#5110=CARTESIAN_POINT('',(0.0672778329163648,-0.126434624834273,0.2032));
#5111=CARTESIAN_POINT('',(0.0941355761750558,-0.172953600734966,0.2032));
#5112=CARTESIAN_POINT('',(0.0764279547438754,-0.183177100734967,0.2032));
#5113=CARTESIAN_POINT('',(0.102714423824944,-0.168000600734967,0.2032));
#5114=CARTESIAN_POINT('',(0.0758566805662534,-0.121481624834273,0.2032));
#5115=CARTESIAN_POINT('',(0.143134513482618,-0.004953,0.2032));
#5116=CARTESIAN_POINT('',(0.19685,-0.00495299999999993,0.2032));
#5117=CARTESIAN_POINT('',(0.19685,-0.0254,0.2032));
#5118=CARTESIAN_POINT('',(0.19685,0.004953,0.2032));
#5119=CARTESIAN_POINT('',(0.143134513482618,0.004953,0.2032));
#5120=CARTESIAN_POINT('',(0.0758566805662533,0.121481624834273,0.2032));
#5121=CARTESIAN_POINT('',(0.102714423824944,0.168000600734967,0.2032));
#5122=CARTESIAN_POINT('',(0.0764279547438751,0.183177100734967,0.2032));
#5123=CARTESIAN_POINT('',(0.0941355761750556,0.172953600734967,0.2032));
#5124=CARTESIAN_POINT('',(0.0672778329163646,0.126434624834273,0.2032));
#5125=CARTESIAN_POINT('',(-1.38777878078145E-17,4.77048955893622E-13,0.2032));
#5126=CARTESIAN_POINT('',(0.228599999999523,4.77048955893622E-13,0.2032));
#5127=CARTESIAN_POINT('',(0.,0.,0.));
#5128=CARTESIAN_POINT('',(0.,0.,0.));
#5129=CARTESIAN_POINT('',(0.0672778329163646,0.126434624834273,0.));
#5130=CARTESIAN_POINT('',(0.,0.,0.));
#5131=CARTESIAN_POINT('',(0.143134513482618,0.004953,0.));
#5132=CARTESIAN_POINT('',(0.,0.,0.));
#5133=CARTESIAN_POINT('',(0.0758566805662534,-0.121481624834273,0.));
#5134=CARTESIAN_POINT('',(0.,0.,0.));
#5135=CARTESIAN_POINT('',(-0.0672778329163646,-0.126434624834273,0.));
#5136=CARTESIAN_POINT('',(0.,0.,0.));
#5137=CARTESIAN_POINT('',(-0.143134513482618,-0.00495300000000007,0.));
#5138=CARTESIAN_POINT('',(0.,0.,0.));
#5139=CARTESIAN_POINT('',(-0.0758566805662534,0.121481624834273,0.));
#5140=CARTESIAN_POINT('',(0.,0.,0.));
#5141=CARTESIAN_POINT('',(2.12447557817698E-18,0.0663310063867137,0.));
#5142=CARTESIAN_POINT('',(-0.002413,0.06911343697884,0.));
#5143=CARTESIAN_POINT('',(-0.002413,0.145675168724968,0.));
#5144=CARTESIAN_POINT('',(0.,0.,-0.0762));
#5145=CARTESIAN_POINT('',(-1.2490009027033E-16,0.1143,0.));
#5146=CARTESIAN_POINT('',(-1.38777878078145E-17,4.77048955893622E-13,0.));
#5147=CARTESIAN_POINT('',(0.228599999999523,4.77048955893622E-13,0.));
#5148=CARTESIAN_POINT('',(0.124951896816407,0.0749273036618159,0.));
#5149=CARTESIAN_POINT('',(0.191256301466284,0.11320816953488,0.));
#5150=CARTESIAN_POINT('',(3.71514088112751E-17,1.8545205290677E-16,0.));
#5151=CARTESIAN_POINT('',(0.115386825112058,0.189949843618149,0.));
#5152=CARTESIAN_POINT('',(0.0758566805662533,0.121481624834273,0.));
#5153=CARTESIAN_POINT('',(0.105889423824944,0.173499862048998,0.));
#5154=CARTESIAN_POINT('',(0.0796029547438752,0.188676362048998,0.));
#5155=CARTESIAN_POINT('',(0.0973105761750556,0.178452862048998,0.));
#5156=CARTESIAN_POINT('',(0.0672778329163646,0.126434624834273,0.));
#5157=CARTESIAN_POINT('',(0.106807977462169,0.194902843618149,0.));
#5158=CARTESIAN_POINT('',(-8.93382590128056E-17,9.71445146547012E-17,0.));
#5159=CARTESIAN_POINT('',(0.002413,0.222236900471096,0.));
#5160=CARTESIAN_POINT('',(0.002413,0.145675168724968,0.));
#5161=CARTESIAN_POINT('',(-0.002413,0.145675168724968,0.));
#5162=CARTESIAN_POINT('',(-0.002413,0.222236900471096,0.));
#5163=CARTESIAN_POINT('',(-1.42030484595601E-16,1.2490009027033E-16,0.));
#5164=CARTESIAN_POINT('',(-0.10680797746217,0.194902843618149,0.));
#5165=CARTESIAN_POINT('',(-0.0672778329163648,0.126434624834273,0.));
#5166=CARTESIAN_POINT('',(-0.0973105761750558,0.178452862048998,0.));
#5167=CARTESIAN_POINT('',(-0.0796029547438754,0.188676362048998,0.));
#5168=CARTESIAN_POINT('',(-0.105889423824944,0.173499862048998,0.));
#5169=CARTESIAN_POINT('',(-0.0758566805662534,0.121481624834273,0.));
#5170=CARTESIAN_POINT('',(-0.115386825112058,0.189949843618149,0.));
#5171=CARTESIAN_POINT('',(-1.28798747035684E-16,-2.87969445076131E-17,0.));
#5172=CARTESIAN_POINT('',(-0.191256301466284,0.11320816953488,0.));
#5173=CARTESIAN_POINT('',(-0.124951896816407,0.074927303661816,0.));
#5174=CARTESIAN_POINT('',(-0.127364896816407,0.0707478650631523,0.));
#5175=CARTESIAN_POINT('',(-0.193669301466283,0.109028730936216,0.));
#5176=CARTESIAN_POINT('',(-1.79181893406876E-16,-6.05519626364399E-17,0.));
#5177=CARTESIAN_POINT('',(-0.222194802574227,0.00495299999999982,0.));
#5178=CARTESIAN_POINT('',(-0.143134513482618,0.0049529999999999,0.));
#5179=CARTESIAN_POINT('',(-0.2032,0.00495299999999985,0.));
#5180=CARTESIAN_POINT('',(-0.2032,0.0254,0.));
#5181=CARTESIAN_POINT('',(-0.2032,-0.0049530000000001,0.));
#5182=CARTESIAN_POINT('',(-0.143134513482618,-0.00495300000000007,0.));
#5183=CARTESIAN_POINT('',(-0.222194802574227,-0.00495300000000006,0.));
#5184=CARTESIAN_POINT('',(-3.94604880228781E-17,-1.25941459162314E-16,0.));
#5185=CARTESIAN_POINT('',(-0.193669301466283,-0.109028730936216,0.));
#5186=CARTESIAN_POINT('',(-0.127364896816407,-0.0707478650631522,0.));
#5187=CARTESIAN_POINT('',(-0.124951896816407,-0.0749273036618159,0.));
#5188=CARTESIAN_POINT('',(-0.191256301466284,-0.11320816953488,0.));
#5189=CARTESIAN_POINT('',(-3.71514088112749E-17,-1.8545205290677E-16,0.));
#5190=CARTESIAN_POINT('',(-0.115386825112058,-0.189949843618149,0.));
#5191=CARTESIAN_POINT('',(-0.0758566805662533,-0.121481624834273,0.));
#5192=CARTESIAN_POINT('',(-0.105889423824944,-0.173499862048998,0.));
#5193=CARTESIAN_POINT('',(-0.123597045256125,-0.163276362048998,0.));
#5194=CARTESIAN_POINT('',(-0.0973105761750556,-0.178452862048998,0.));
#5195=CARTESIAN_POINT('',(-0.0672778329163646,-0.126434624834273,0.));
#5196=CARTESIAN_POINT('',(-0.106807977462169,-0.194902843618149,0.));
#5197=CARTESIAN_POINT('',(8.93382590128056E-17,-9.71445146547012E-17,0.));
#5198=CARTESIAN_POINT('',(-0.002413,-0.222236900471096,0.));
#5199=CARTESIAN_POINT('',(-0.002413,-0.145675168724968,0.));
#5200=CARTESIAN_POINT('',(0.002413,-0.145675168724968,0.));
#5201=CARTESIAN_POINT('',(0.002413,-0.222236900471096,0.));
#5202=CARTESIAN_POINT('',(1.42030484595601E-16,-1.2490009027033E-16,0.));
#5203=CARTESIAN_POINT('',(0.10680797746217,-0.194902843618149,0.));
#5204=CARTESIAN_POINT('',(0.0672778329163648,-0.126434624834273,0.));
#5205=CARTESIAN_POINT('',(0.0973105761750558,-0.178452862048998,0.));
#5206=CARTESIAN_POINT('',(0.0796029547438754,-0.188676362048998,0.));
#5207=CARTESIAN_POINT('',(0.105889423824944,-0.173499862048998,0.));
#5208=CARTESIAN_POINT('',(0.0758566805662534,-0.121481624834273,0.));
#5209=CARTESIAN_POINT('',(0.115386825112058,-0.189949843618149,0.));
#5210=CARTESIAN_POINT('',(1.28798747035684E-16,2.8796944507613E-17,0.));
#5211=CARTESIAN_POINT('',(0.191256301466284,-0.11320816953488,0.));
#5212=CARTESIAN_POINT('',(0.124951896816407,-0.074927303661816,0.));
#5213=CARTESIAN_POINT('',(0.127364896816407,-0.0707478650631523,0.));
#5214=CARTESIAN_POINT('',(0.193669301466283,-0.109028730936216,0.));
#5215=CARTESIAN_POINT('',(1.79181893406876E-16,6.05519626364398E-17,0.));
#5216=CARTESIAN_POINT('',(0.222194802574227,-0.0049529999999999,0.));
#5217=CARTESIAN_POINT('',(0.143134513482618,-0.004953,0.));
#5218=CARTESIAN_POINT('',(0.2032,-0.00495299999999994,0.));
#5219=CARTESIAN_POINT('',(0.2032,-0.0254,0.));
#5220=CARTESIAN_POINT('',(0.2032,0.004953,0.));
#5221=CARTESIAN_POINT('',(0.143134513482618,0.004953,0.));
#5222=CARTESIAN_POINT('',(0.222194802574227,0.00495299999999994,0.));
#5223=CARTESIAN_POINT('',(3.94604880228782E-17,1.25941459162314E-16,0.));
#5224=CARTESIAN_POINT('',(0.193669301466283,0.109028730936216,0.));
#5225=CARTESIAN_POINT('',(0.127364896816407,0.0707478650631522,0.));
#5226=CARTESIAN_POINT('',(-1.2490009027033E-16,0.1143,0.));
#5227=CARTESIAN_POINT('',(-0.0758566805662534,0.121481624834273,0.));
#5228=CARTESIAN_POINT('',(-0.102714423824944,0.168000600734967,0.));
#5229=CARTESIAN_POINT('',(-0.0764279547438754,0.183177100734967,0.));
#5230=CARTESIAN_POINT('',(-0.0941355761750559,0.172953600734966,0.));
#5231=CARTESIAN_POINT('',(-0.0672778329163648,0.126434624834273,0.));
#5232=CARTESIAN_POINT('',(-1.2490009027033E-16,0.1143,0.));
#5233=CARTESIAN_POINT('',(0.0672778329163646,0.126434624834273,0.));
#5234=CARTESIAN_POINT('',(0.0941355761750556,0.172953600734967,0.));
#5235=CARTESIAN_POINT('',(0.0764279547438752,0.183177100734967,0.));
#5236=CARTESIAN_POINT('',(0.102714423824944,0.168000600734967,0.));
#5237=CARTESIAN_POINT('',(0.0758566805662533,0.121481624834273,0.));
#5238=CARTESIAN_POINT('',(-0.0989867036525614,0.05715,0.));
#5239=CARTESIAN_POINT('',(-0.143134513482618,-0.00495300000000007,0.));
#5240=CARTESIAN_POINT('',(-0.19685,-0.00495300000000007,0.));
#5241=CARTESIAN_POINT('',(-0.19685,0.0254,0.));
#5242=CARTESIAN_POINT('',(-0.19685,0.00495299999999985,0.));
#5243=CARTESIAN_POINT('',(-0.143134513482618,0.0049529999999999,0.));
#5244=CARTESIAN_POINT('',(-0.0989867036525613,-0.05715,0.));
#5245=CARTESIAN_POINT('',(-0.0672778329163646,-0.126434624834273,0.));
#5246=CARTESIAN_POINT('',(-0.0941355761750556,-0.172953600734967,0.));
#5247=CARTESIAN_POINT('',(-0.120422045256125,-0.157777100734967,0.));
#5248=CARTESIAN_POINT('',(-0.102714423824944,-0.168000600734967,0.));
#5249=CARTESIAN_POINT('',(-0.0758566805662533,-0.121481624834273,0.));
#5250=CARTESIAN_POINT('',(1.10902377356076E-16,-0.1143,0.));
#5251=CARTESIAN_POINT('',(0.0758566805662534,-0.121481624834273,0.));
#5252=CARTESIAN_POINT('',(0.102714423824944,-0.168000600734967,0.));
#5253=CARTESIAN_POINT('',(0.0764279547438754,-0.183177100734967,0.));
#5254=CARTESIAN_POINT('',(0.0941355761750558,-0.172953600734966,0.));
#5255=CARTESIAN_POINT('',(0.0672778329163648,-0.126434624834273,0.));
#5256=CARTESIAN_POINT('',(0.0989867036525614,-0.05715,0.));
#5257=CARTESIAN_POINT('',(0.143134513482618,0.004953,0.));
#5258=CARTESIAN_POINT('',(0.19685,0.004953,0.));
#5259=CARTESIAN_POINT('',(0.19685,-0.0254,0.));
#5260=CARTESIAN_POINT('',(0.19685,-0.00495299999999993,0.));
#5261=CARTESIAN_POINT('',(0.143134513482618,-0.004953,0.));
#5262=CARTESIAN_POINT('',(2.12447557817698E-18,0.0663310063867137,0.2032));
#5263=CARTESIAN_POINT('',(0.002413,0.06911343697884,0.2032));
#5264=CARTESIAN_POINT('',(0.0672778329163646,0.126434624834273,0.2032));
#5265=CARTESIAN_POINT('',(0.0941355761750556,0.172953600734967,0.2032));
#5266=CARTESIAN_POINT('',(0.0941355761750556,0.172953600734967,0.1778));
#5267=CARTESIAN_POINT('',(0.0672778329163646,0.126434624834273,0.1778));
#5268=CARTESIAN_POINT('',(0.0973105761750556,0.178452862048998,0.1778));
#5269=CARTESIAN_POINT('',(0.0973105761750556,0.178452862048998,0.2032));
#5270=CARTESIAN_POINT('',(0.106807977462169,0.194902843618149,0.2032));
#5271=CARTESIAN_POINT('',(0.0973105761750556,0.178452862048998,0.2032));
#5272=CARTESIAN_POINT('',(0.0973105761750556,0.178452862048998,0.0254));
#5273=CARTESIAN_POINT('',(0.0672778329163646,0.126434624834273,0.0254));
#5274=CARTESIAN_POINT('',(0.0941355761750556,0.172953600734967,0.0254));
#5275=CARTESIAN_POINT('',(0.0941355761750556,0.172953600734967,0.2032));
#5276=CARTESIAN_POINT('',(-0.0672778329163648,0.126434624834273,0.2032));
#5277=CARTESIAN_POINT('',(-0.0973105761750558,0.178452862048998,0.2032));
#5278=CARTESIAN_POINT('',(-0.0973105761750558,0.178452862048998,0.1778));
#5279=CARTESIAN_POINT('',(-0.0672778329163648,0.126434624834273,0.1778));
#5280=CARTESIAN_POINT('',(-0.0941355761750559,0.172953600734966,0.1778));
#5281=CARTESIAN_POINT('',(-0.0941355761750559,0.172953600734966,0.2032));
#5282=CARTESIAN_POINT('',(-0.0941355761750559,0.172953600734966,0.2032));
#5283=CARTESIAN_POINT('',(-0.0941355761750559,0.172953600734966,0.0254));
#5284=CARTESIAN_POINT('',(-0.0672778329163648,0.126434624834273,0.0254));
#5285=CARTESIAN_POINT('',(-0.0973105761750558,0.178452862048998,0.0254));
#5286=CARTESIAN_POINT('',(-0.0973105761750558,0.178452862048998,0.2032));
#5287=CARTESIAN_POINT('',(-0.10680797746217,0.194902843618149,0.2032));
#5288=CARTESIAN_POINT('',(2.12447557817698E-18,0.0663310063867137,0.2032));
#5289=CARTESIAN_POINT('',(-0.002413,0.06911343697884,0.2032));
#5290=CARTESIAN_POINT('',(0.002413,0.145675168724968,0.2032));
#5291=CARTESIAN_POINT('',(0.002413,0.222236900471096,0.2032));
#5292=CARTESIAN_POINT('',(-8.93382590128056E-17,9.71445146547012E-17,0.2032));
#5293=CARTESIAN_POINT('',(-1.38777878078145E-17,4.77048955893622E-13,0.2032));
#5294=CARTESIAN_POINT('',(-1.42030484595601E-16,1.2490009027033E-16,0.2032));
#5295=CARTESIAN_POINT('',(-0.002413,0.222236900471096,0.2032));
#5296=CARTESIAN_POINT('',(-0.002413,0.145675168724968,0.2032));
#5297=CARTESIAN_POINT('',(-0.0780154547438754,0.185926731391983,0.0254));
#5298=CARTESIAN_POINT('',(-0.0764279547438754,0.183177100734967,0.0254));
#5299=CARTESIAN_POINT('',(-0.102714423824944,0.168000600734967,0.0254));
#5300=CARTESIAN_POINT('',(-0.0758566805662534,0.121481624834273,0.0254));
#5301=CARTESIAN_POINT('',(-0.105889423824944,0.173499862048998,0.0254));
#5302=CARTESIAN_POINT('',(-0.0796029547438754,0.188676362048998,0.0254));
#5303=CARTESIAN_POINT('',(-0.0796029547438754,0.188676362048998,0.0127));
#5304=CARTESIAN_POINT('',(-0.105889423824944,0.173499862048998,0.2032));
#5305=CARTESIAN_POINT('',(-0.0764279547438754,0.183177100734967,0.0127));
#5306=CARTESIAN_POINT('',(-0.102714423824944,0.168000600734967,0.2032));
#5307=CARTESIAN_POINT('',(-0.0780154547438754,0.185926731391983,0.1778));
#5308=CARTESIAN_POINT('',(-0.0796029547438754,0.188676362048998,0.1778));
#5309=CARTESIAN_POINT('',(-0.105889423824944,0.173499862048998,0.1778));
#5310=CARTESIAN_POINT('',(-0.0758566805662534,0.121481624834273,0.1778));
#5311=CARTESIAN_POINT('',(-0.102714423824944,0.168000600734967,0.1778));
#5312=CARTESIAN_POINT('',(-0.0764279547438754,0.183177100734967,0.1778));
#5313=CARTESIAN_POINT('',(-0.0796029547438754,0.188676362048998,0.1905));
#5314=CARTESIAN_POINT('',(-0.105889423824944,0.173499862048998,0.2032));
#5315=CARTESIAN_POINT('',(-0.0764279547438754,0.183177100734967,0.1905));
#5316=CARTESIAN_POINT('',(-0.102714423824944,0.168000600734967,0.2032));
#5317=CARTESIAN_POINT('',(0.0764279547438752,0.183177100734967,0.0127));
#5318=CARTESIAN_POINT('',(0.0764279547438751,0.183177100734967,0.0254));
#5319=CARTESIAN_POINT('',(0.102714423824944,0.168000600734967,0.0254));
#5320=CARTESIAN_POINT('',(0.102714423824944,0.168000600734967,0.2032));
#5321=CARTESIAN_POINT('',(0.0796029547438752,0.188676362048998,0.0127));
#5322=CARTESIAN_POINT('',(0.105889423824944,0.173499862048998,0.2032));
#5323=CARTESIAN_POINT('',(0.105889423824944,0.173499862048998,0.0254));
#5324=CARTESIAN_POINT('',(0.0796029547438752,0.188676362048998,0.0254));
#5325=CARTESIAN_POINT('',(0.0780154547438751,0.185926731391983,0.0254));
#5326=CARTESIAN_POINT('',(0.0758566805662533,0.121481624834273,0.0254));
#5327=CARTESIAN_POINT('',(0.0764279547438751,0.183177100734967,0.1905));
#5328=CARTESIAN_POINT('',(0.102714423824944,0.168000600734967,0.2032));
#5329=CARTESIAN_POINT('',(0.102714423824944,0.168000600734967,0.1778));
#5330=CARTESIAN_POINT('',(0.0764279547438751,0.183177100734967,0.1778));
#5331=CARTESIAN_POINT('',(0.0780154547438751,0.185926731391983,0.1778));
#5332=CARTESIAN_POINT('',(0.0758566805662533,0.121481624834273,0.1778));
#5333=CARTESIAN_POINT('',(0.105889423824944,0.173499862048998,0.1778));
#5334=CARTESIAN_POINT('',(0.0796029547438752,0.188676362048998,0.1778));
#5335=CARTESIAN_POINT('',(0.0796029547438752,0.188676362048998,0.1905));
#5336=CARTESIAN_POINT('',(0.105889423824944,0.173499862048998,0.2032));
#5337=CARTESIAN_POINT('',(-0.0758566805662534,0.121481624834273,0.2032));
#5338=CARTESIAN_POINT('',(-0.115386825112058,0.189949843618149,0.2032));
#5339=CARTESIAN_POINT('',(-0.143134513482618,0.0049529999999999,0.2032));
#5340=CARTESIAN_POINT('',(-0.2032,0.00495299999999985,0.2032));
#5341=CARTESIAN_POINT('',(-0.2032,0.00495299999999985,0.1778));
#5342=CARTESIAN_POINT('',(-0.143134513482618,0.0049529999999999,0.1778));
#5343=CARTESIAN_POINT('',(-0.19685,0.00495299999999985,0.1778));
#5344=CARTESIAN_POINT('',(-0.19685,0.00495299999999985,0.2032));
#5345=CARTESIAN_POINT('',(-0.19685,0.00495299999999985,0.2032));
#5346=CARTESIAN_POINT('',(-0.19685,0.00495299999999985,0.0254));
#5347=CARTESIAN_POINT('',(-0.143134513482618,0.0049529999999999,0.0254));
#5348=CARTESIAN_POINT('',(-0.2032,0.00495299999999985,0.0254));
#5349=CARTESIAN_POINT('',(-0.2032,0.00495299999999985,0.2032));
#5350=CARTESIAN_POINT('',(-0.222194802574227,0.00495299999999982,0.2032));
#5351=CARTESIAN_POINT('',(-0.0574443365894819,0.0331655031933569,0.2032));
#5352=CARTESIAN_POINT('',(-0.0586474921665302,0.0366464377887519,0.2032));
#5353=CARTESIAN_POINT('',(-0.0610604921665302,0.0324669991900881,0.2032));
#5354=CARTESIAN_POINT('',(-0.124951896816407,0.074927303661816,0.2032));
#5355=CARTESIAN_POINT('',(-0.191256301466284,0.11320816953488,0.2032));
#5356=CARTESIAN_POINT('',(-1.28798747035684E-16,-2.87969445076131E-17,0.2032));
#5357=CARTESIAN_POINT('',(-1.79181893406876E-16,-6.05519626364399E-17,0.2032));
#5358=CARTESIAN_POINT('',(-0.193669301466283,0.109028730936216,0.2032));
#5359=CARTESIAN_POINT('',(-0.127364896816407,0.0707478650631523,0.2032));
#5360=CARTESIAN_POINT('',(-0.200025,0.0254,0.0254));
#5361=CARTESIAN_POINT('',(-0.19685,0.0254,0.0254));
#5362=CARTESIAN_POINT('',(-0.19685,-0.00495300000000008,0.0254));
#5363=CARTESIAN_POINT('',(-0.143134513482618,-0.00495300000000007,0.0254));
#5364=CARTESIAN_POINT('',(-0.2032,-0.00495300000000008,0.0254));
#5365=CARTESIAN_POINT('',(-0.2032,0.0254,0.0254));
#5366=CARTESIAN_POINT('',(-0.2032,0.0254,0.0127));
#5367=CARTESIAN_POINT('',(-0.2032,-0.00495300000000008,0.2032));
#5368=CARTESIAN_POINT('',(-0.19685,0.0254,0.0127));
#5369=CARTESIAN_POINT('',(-0.19685,-0.00495300000000007,0.2032));
#5370=CARTESIAN_POINT('',(-0.200025,0.0254,0.1778));
#5371=CARTESIAN_POINT('',(-0.2032,0.0254,0.1778));
#5372=CARTESIAN_POINT('',(-0.2032,-0.0049530000000001,0.1778));
#5373=CARTESIAN_POINT('',(-0.143134513482618,-0.00495300000000007,0.1778));
#5374=CARTESIAN_POINT('',(-0.19685,-0.00495300000000008,0.1778));
#5375=CARTESIAN_POINT('',(-0.19685,0.0254,0.1778));
#5376=CARTESIAN_POINT('',(-0.2032,0.0254,0.1905));
#5377=CARTESIAN_POINT('',(-0.2032,-0.00495300000000008,0.2032));
#5378=CARTESIAN_POINT('',(-0.19685,0.0254,0.1905));
#5379=CARTESIAN_POINT('',(-0.19685,-0.00495300000000007,0.2032));
#5380=CARTESIAN_POINT('',(-0.143134513482618,-0.00495300000000007,0.2032));
#5381=CARTESIAN_POINT('',(-0.222194802574227,-0.00495300000000006,0.2032));
#5382=CARTESIAN_POINT('',(-0.0758566805662533,-0.121481624834273,0.2032));
#5383=CARTESIAN_POINT('',(-0.105889423824944,-0.173499862048998,0.2032));
#5384=CARTESIAN_POINT('',(-0.105889423824944,-0.173499862048998,0.1778));
#5385=CARTESIAN_POINT('',(-0.0758566805662533,-0.121481624834273,0.1778));
#5386=CARTESIAN_POINT('',(-0.102714423824944,-0.168000600734967,0.1778));
#5387=CARTESIAN_POINT('',(-0.102714423824944,-0.168000600734967,0.2032));
#5388=CARTESIAN_POINT('',(-0.102714423824944,-0.168000600734967,0.2032));
#5389=CARTESIAN_POINT('',(-0.102714423824944,-0.168000600734967,0.0254));
#5390=CARTESIAN_POINT('',(-0.0758566805662533,-0.121481624834273,0.0254));
#5391=CARTESIAN_POINT('',(-0.105889423824944,-0.173499862048998,0.0254));
#5392=CARTESIAN_POINT('',(-0.105889423824944,-0.173499862048998,0.2032));
#5393=CARTESIAN_POINT('',(-0.115386825112058,-0.189949843618149,0.2032));
#5394=CARTESIAN_POINT('',(-0.0574443365894819,-0.0331655031933569,0.2032));
#5395=CARTESIAN_POINT('',(-0.0610604921665303,-0.0324669991900881,0.2032));
#5396=CARTESIAN_POINT('',(-0.0586474921665302,-0.0366464377887518,0.2032));
#5397=CARTESIAN_POINT('',(-0.127364896816407,-0.0707478650631522,0.2032));
#5398=CARTESIAN_POINT('',(-0.193669301466283,-0.109028730936216,0.2032));
#5399=CARTESIAN_POINT('',(-3.94604880228781E-17,-1.25941459162314E-16,0.2032));
#5400=CARTESIAN_POINT('',(-3.71514088112749E-17,-1.8545205290677E-16,0.2032));
#5401=CARTESIAN_POINT('',(-0.191256301466284,-0.11320816953488,0.2032));
#5402=CARTESIAN_POINT('',(-0.124951896816407,-0.0749273036618159,0.2032));
#5403=CARTESIAN_POINT('',(-0.122009545256125,-0.160526731391983,0.0254));
#5404=CARTESIAN_POINT('',(-0.120422045256125,-0.157777100734967,0.0254));
#5405=CARTESIAN_POINT('',(-0.0941355761750556,-0.172953600734967,0.0254));
#5406=CARTESIAN_POINT('',(-0.0672778329163646,-0.126434624834273,0.0254));
#5407=CARTESIAN_POINT('',(-0.0973105761750556,-0.178452862048998,0.0254));
#5408=CARTESIAN_POINT('',(-0.123597045256125,-0.163276362048998,0.0254));
#5409=CARTESIAN_POINT('',(-0.123597045256125,-0.163276362048998,0.0127));
#5410=CARTESIAN_POINT('',(-0.0973105761750556,-0.178452862048998,0.2032));
#5411=CARTESIAN_POINT('',(-0.120422045256125,-0.157777100734967,0.0127));
#5412=CARTESIAN_POINT('',(-0.0941355761750556,-0.172953600734967,0.2032));
#5413=CARTESIAN_POINT('',(-0.122009545256125,-0.160526731391983,0.1778));
#5414=CARTESIAN_POINT('',(-0.123597045256125,-0.163276362048998,0.1778));
#5415=CARTESIAN_POINT('',(-0.0973105761750556,-0.178452862048998,0.1778));
#5416=CARTESIAN_POINT('',(-0.0672778329163646,-0.126434624834273,0.1778));
#5417=CARTESIAN_POINT('',(-0.0941355761750556,-0.172953600734967,0.1778));
#5418=CARTESIAN_POINT('',(-0.120422045256125,-0.157777100734967,0.1778));
#5419=CARTESIAN_POINT('',(-0.123597045256125,-0.163276362048998,0.1905));
#5420=CARTESIAN_POINT('',(-0.0973105761750556,-0.178452862048998,0.2032));
#5421=CARTESIAN_POINT('',(-0.120422045256125,-0.157777100734967,0.1905));
#5422=CARTESIAN_POINT('',(-0.0941355761750556,-0.172953600734967,0.2032));
#5423=CARTESIAN_POINT('',(-0.0672778329163646,-0.126434624834273,0.2032));
#5424=CARTESIAN_POINT('',(-0.106807977462169,-0.194902843618149,0.2032));
#5425=CARTESIAN_POINT('',(0.0672778329163648,-0.126434624834273,0.2032));
#5426=CARTESIAN_POINT('',(0.0973105761750558,-0.178452862048998,0.2032));
#5427=CARTESIAN_POINT('',(0.0973105761750558,-0.178452862048998,0.1778));
#5428=CARTESIAN_POINT('',(0.0672778329163648,-0.126434624834273,0.1778));
#5429=CARTESIAN_POINT('',(0.0941355761750558,-0.172953600734966,0.1778));
#5430=CARTESIAN_POINT('',(0.0941355761750558,-0.172953600734966,0.2032));
#5431=CARTESIAN_POINT('',(0.0941355761750558,-0.172953600734966,0.2032));
#5432=CARTESIAN_POINT('',(0.0941355761750558,-0.172953600734966,0.0254));
#5433=CARTESIAN_POINT('',(0.0672778329163648,-0.126434624834273,0.0254));
#5434=CARTESIAN_POINT('',(0.0973105761750558,-0.178452862048998,0.0254));
#5435=CARTESIAN_POINT('',(0.0973105761750558,-0.178452862048998,0.2032));
#5436=CARTESIAN_POINT('',(0.10680797746217,-0.194902843618149,0.2032));
#5437=CARTESIAN_POINT('',(-1.02476810437481E-17,-0.0663310063867137,0.2032));
#5438=CARTESIAN_POINT('',(-0.002413,-0.06911343697884,0.2032));
#5439=CARTESIAN_POINT('',(0.002413,-0.06911343697884,0.2032));
#5440=CARTESIAN_POINT('',(-0.002413,-0.145675168724968,0.2032));
#5441=CARTESIAN_POINT('',(-0.002413,-0.222236900471096,0.2032));
#5442=CARTESIAN_POINT('',(8.93382590128056E-17,-9.71445146547012E-17,0.2032));
#5443=CARTESIAN_POINT('',(1.42030484595601E-16,-1.2490009027033E-16,0.2032));
#5444=CARTESIAN_POINT('',(0.002413,-0.222236900471096,0.2032));
#5445=CARTESIAN_POINT('',(0.002413,-0.145675168724968,0.2032));
#5446=CARTESIAN_POINT('',(0.0780154547438754,-0.185926731391983,0.0254));
#5447=CARTESIAN_POINT('',(0.0764279547438754,-0.183177100734967,0.0254));
#5448=CARTESIAN_POINT('',(0.102714423824944,-0.168000600734967,0.0254));
#5449=CARTESIAN_POINT('',(0.0758566805662534,-0.121481624834273,0.0254));
#5450=CARTESIAN_POINT('',(0.105889423824944,-0.173499862048998,0.0254));
#5451=CARTESIAN_POINT('',(0.0796029547438754,-0.188676362048998,0.0254));
#5452=CARTESIAN_POINT('',(0.0796029547438754,-0.188676362048998,0.0127));
#5453=CARTESIAN_POINT('',(0.105889423824944,-0.173499862048998,0.2032));
#5454=CARTESIAN_POINT('',(0.0764279547438754,-0.183177100734967,0.0127));
#5455=CARTESIAN_POINT('',(0.102714423824944,-0.168000600734967,0.2032));
#5456=CARTESIAN_POINT('',(0.0780154547438754,-0.185926731391983,0.1778));
#5457=CARTESIAN_POINT('',(0.0796029547438754,-0.188676362048998,0.1778));
#5458=CARTESIAN_POINT('',(0.105889423824944,-0.173499862048998,0.1778));
#5459=CARTESIAN_POINT('',(0.0758566805662534,-0.121481624834273,0.1778));
#5460=CARTESIAN_POINT('',(0.102714423824944,-0.168000600734967,0.1778));
#5461=CARTESIAN_POINT('',(0.0764279547438754,-0.183177100734967,0.1778));
#5462=CARTESIAN_POINT('',(0.0796029547438754,-0.188676362048998,0.1905));
#5463=CARTESIAN_POINT('',(0.105889423824944,-0.173499862048998,0.2032));
#5464=CARTESIAN_POINT('',(0.0764279547438754,-0.183177100734967,0.1905));
#5465=CARTESIAN_POINT('',(0.102714423824944,-0.168000600734967,0.2032));
#5466=CARTESIAN_POINT('',(0.0758566805662534,-0.121481624834273,0.2032));
#5467=CARTESIAN_POINT('',(0.115386825112058,-0.189949843618149,0.2032));
#5468=CARTESIAN_POINT('',(0.143134513482618,-0.004953,0.2032));
#5469=CARTESIAN_POINT('',(0.2032,-0.00495299999999994,0.2032));
#5470=CARTESIAN_POINT('',(0.2032,-0.00495299999999994,0.1778));
#5471=CARTESIAN_POINT('',(0.143134513482618,-0.004953,0.1778));
#5472=CARTESIAN_POINT('',(0.19685,-0.00495299999999993,0.1778));
#5473=CARTESIAN_POINT('',(0.19685,-0.00495299999999993,0.2032));
#5474=CARTESIAN_POINT('',(0.19685,-0.00495299999999993,0.2032));
#5475=CARTESIAN_POINT('',(0.19685,-0.00495299999999993,0.0254));
#5476=CARTESIAN_POINT('',(0.143134513482618,-0.004953,0.0254));
#5477=CARTESIAN_POINT('',(0.2032,-0.00495299999999994,0.0254));
#5478=CARTESIAN_POINT('',(0.2032,-0.00495299999999994,0.2032));
#5479=CARTESIAN_POINT('',(0.222194802574227,-0.0049529999999999,0.2032));
#5480=CARTESIAN_POINT('',(0.0574443365894819,-0.0331655031933569,0.2032));
#5481=CARTESIAN_POINT('',(0.0586474921665302,-0.0366464377887519,0.2032));
#5482=CARTESIAN_POINT('',(0.0610604921665302,-0.0324669991900881,0.2032));
#5483=CARTESIAN_POINT('',(0.124951896816407,-0.074927303661816,0.2032));
#5484=CARTESIAN_POINT('',(0.191256301466284,-0.11320816953488,0.2032));
#5485=CARTESIAN_POINT('',(1.28798747035684E-16,2.8796944507613E-17,0.2032));
#5486=CARTESIAN_POINT('',(1.79181893406876E-16,6.05519626364398E-17,0.2032));
#5487=CARTESIAN_POINT('',(0.193669301466283,-0.109028730936216,0.2032));
#5488=CARTESIAN_POINT('',(0.127364896816407,-0.0707478650631523,0.2032));
#5489=CARTESIAN_POINT('',(0.200025,-0.0254,0.0254));
#5490=CARTESIAN_POINT('',(0.19685,-0.0254,0.0254));
#5491=CARTESIAN_POINT('',(0.19685,0.004953,0.0254));
#5492=CARTESIAN_POINT('',(0.143134513482618,0.004953,0.0254));
#5493=CARTESIAN_POINT('',(0.2032,0.004953,0.0254));
#5494=CARTESIAN_POINT('',(0.2032,-0.0254,0.0254));
#5495=CARTESIAN_POINT('',(0.2032,-0.0254,0.0127));
#5496=CARTESIAN_POINT('',(0.2032,0.004953,0.2032));
#5497=CARTESIAN_POINT('',(0.19685,-0.0254,0.0127));
#5498=CARTESIAN_POINT('',(0.19685,0.004953,0.2032));
#5499=CARTESIAN_POINT('',(0.200025,-0.0254,0.1778));
#5500=CARTESIAN_POINT('',(0.2032,-0.0254,0.1778));
#5501=CARTESIAN_POINT('',(0.2032,0.004953,0.1778));
#5502=CARTESIAN_POINT('',(0.143134513482618,0.004953,0.1778));
#5503=CARTESIAN_POINT('',(0.19685,0.004953,0.1778));
#5504=CARTESIAN_POINT('',(0.19685,-0.0254,0.1778));
#5505=CARTESIAN_POINT('',(0.2032,-0.0254,0.1905));
#5506=CARTESIAN_POINT('',(0.2032,0.004953,0.2032));
#5507=CARTESIAN_POINT('',(0.19685,-0.0254,0.1905));
#5508=CARTESIAN_POINT('',(0.19685,0.004953,0.2032));
#5509=CARTESIAN_POINT('',(0.143134513482618,0.004953,0.2032));
#5510=CARTESIAN_POINT('',(0.222194802574227,0.00495299999999994,0.2032));
#5511=CARTESIAN_POINT('',(0.0758566805662533,0.121481624834273,0.2032));
#5512=CARTESIAN_POINT('',(0.115386825112058,0.189949843618149,0.2032));
#5513=CARTESIAN_POINT('',(0.057444336589482,0.0331655031933569,0.2032));
#5514=CARTESIAN_POINT('',(0.0610604921665303,0.0324669991900881,0.2032));
#5515=CARTESIAN_POINT('',(0.0586474921665303,0.0366464377887518,0.2032));
#5516=CARTESIAN_POINT('',(0.127364896816407,0.0707478650631522,0.2032));
#5517=CARTESIAN_POINT('',(0.193669301466283,0.109028730936216,0.2032));
#5518=CARTESIAN_POINT('',(3.94604880228782E-17,1.25941459162314E-16,0.2032));
#5519=CARTESIAN_POINT('',(3.71514088112751E-17,1.8545205290677E-16,0.2032));
#5520=CARTESIAN_POINT('',(0.191256301466284,0.11320816953488,0.2032));
#5521=CARTESIAN_POINT('',(0.124951896816407,0.0749273036618159,0.2032));
#5522=MECHANICAL_DESIGN_GEOMETRIC_PRESENTATION_REPRESENTATION('',(#3354),
#5523);
#5523=(
GEOMETRIC_REPRESENTATION_CONTEXT(3)
GLOBAL_UNCERTAINTY_ASSIGNED_CONTEXT((#5524))
GLOBAL_UNIT_ASSIGNED_CONTEXT((#5527,#5526,#5525))
REPRESENTATION_CONTEXT('Chassis','TOP_LEVEL_ASSEMBLY_PART')
);
#5524=UNCERTAINTY_MEASURE_WITH_UNIT(LENGTH_MEASURE(1.E-8),#5527,
'DISTANCE_ACCURACY_VALUE','Maximum Tolerance applied to model');
#5525=(
NAMED_UNIT(*)
SI_UNIT($,.STERADIAN.)
SOLID_ANGLE_UNIT()
);
#5526=(
NAMED_UNIT(*)
PLANE_ANGLE_UNIT()
SI_UNIT($,.RADIAN.)
);
#5527=(
LENGTH_UNIT()
NAMED_UNIT(*)
SI_UNIT($,.METRE.)
);
#5528=PRODUCT_DEFINITION_SHAPE('','',#5529);
#5529=PRODUCT_DEFINITION('','',#5531,#5530);
#5530=PRODUCT_DEFINITION_CONTEXT('',#5537,'design');
#5531=PRODUCT_DEFINITION_FORMATION_WITH_SPECIFIED_SOURCE('','',#5533,
 .NOT_KNOWN.);
#5532=PRODUCT_RELATED_PRODUCT_CATEGORY('','',(#5533));
#5533=PRODUCT('Chassis','Chassis','Chassis',(#5535));
#5534=PRODUCT_CATEGORY('','');
#5535=PRODUCT_CONTEXT('',#5537,'mechanical');
#5536=APPLICATION_PROTOCOL_DEFINITION('international standard',
'ap242_managed_model_based_3d_engineering',2020,#5537);
#5537=APPLICATION_CONTEXT('managed model based 3d engineering');
ENDSEC;
END-ISO-10303-21;
