ISO-10303-21;
HEADER;
/* Generated by software containing ST-Developer
 * from STEP Tools, Inc. (www.steptools.com) 
 */
/* OPTION: using custom renumber hook */

FILE_DESCRIPTION(
/* description */ ('STEP AP242 Edition 2',
'CAx-IF Rec.Pracs.---Representation and Presentation of Product Manufa
cturing Information (PMI)---4.0---2014-10-13',
'CAx-IF Rec.Pracs.---3D Tessellated Geometry---0.4---2014-09-14','2;1',
'CAx-IF Rec.Pracs.---User Defined Attributes---1.5---2016-08-15'),
/* implementation_level */ '2;1');

FILE_NAME(
/* name */ 'Heat Set Chassis + Wedge - Part 1',
/* time_stamp */ '2026-08-20T18:19:24Z',
/* author */ (''),
/* organization */ (''),
/* preprocessor_version */ 'ST-DEVELOPER v20',
/* originating_system */ 'ONSHAPE BY PTC INC, 1.219',
/* authorisation */ '  ');

FILE_SCHEMA (('AP242_MANAGED_MODEL_BASED_3D_ENGINEERING_MIM_LF { 1 0 10303 442 3 1 4 }'));
ENDSEC;

DATA;
#10=SHAPE_REPRESENTATION_RELATIONSHIP('','',#1257,#11);
#11=ADVANCED_BREP_SHAPE_REPRESENTATION('',(#1255),#2611);
#12=B_SPLINE_CURVE_WITH_KNOTS('',3,(#1827,#1828,#1829,#1830,#1831,#1832,
#1833,#1834,#1835,#1836,#1837),.UNSPECIFIED.,.T.,.F.,(1,1,1,1,1,1,1,1,1,
1,1,1,1,1,1),(-0.0066704819102111,-0.00444698794014074,-0.00222349397007037,
0.,0.00222349397007037,0.00444698794014074,0.00667048191021111,0.00889397588028147,
0.0111174698503518,0.0133409638204222,0.0155644577904926,0.0177879517605629,
0.0200114457306333,0.0222349397007037,0.024458433670774),.UNSPECIFIED.);
#13=B_SPLINE_CURVE_WITH_KNOTS('',3,(#1843,#1844,#1845,#1846,#1847,#1848,
#1849,#1850,#1851,#1852,#1853),.UNSPECIFIED.,.T.,.F.,(1,1,1,1,1,1,1,1,1,
1,1,1,1,1,1),(-0.00714704410431436,-0.00476469606954291,-0.00238234803477145,
0.,0.00238234803477145,0.00476469606954291,0.00714704410431436,0.00952939213908582,
0.0119117401738573,0.0142940882086287,0.0166764362434002,0.0190587842781716,
0.0214411323129431,0.0238234803477145,0.026205828382486),.UNSPECIFIED.);
#14=B_SPLINE_CURVE_WITH_KNOTS('',3,(#1859,#1860,#1861,#1862,#1863,#1864,
#1865,#1866,#1867,#1868,#1869),.UNSPECIFIED.,.T.,.F.,(1,1,1,1,1,1,1,1,1,
1,1,1,1,1,1),(-0.00667048191021111,-0.00444698794014074,-0.00222349397007037,
0.,0.00222349397007037,0.00444698794014074,0.00667048191021111,0.00889397588028148,
0.0111174698503519,0.0133409638204222,0.0155644577904926,0.017787951760563,
0.0200114457306333,0.0222349397007037,0.0244584336707741),.UNSPECIFIED.);
#15=B_SPLINE_CURVE_WITH_KNOTS('',3,(#1875,#1876,#1877,#1878,#1879,#1880,
#1881,#1882,#1883,#1884,#1885),.UNSPECIFIED.,.T.,.F.,(1,1,1,1,1,1,1,1,1,
1,1,1,1,1,1),(-0.00714704410431437,-0.00476469606954292,-0.00238234803477146,
0.,0.00238234803477146,0.00476469606954291,0.00714704410431437,0.00952939213908583,
0.0119117401738573,0.0142940882086287,0.0166764362434002,0.0190587842781717,
0.0214411323129431,0.0238234803477146,0.026205828382486),.UNSPECIFIED.);
#16=B_SPLINE_CURVE_WITH_KNOTS('',3,(#1891,#1892,#1893,#1894,#1895,#1896,
#1897,#1898,#1899,#1900,#1901),.UNSPECIFIED.,.T.,.F.,(1,1,1,1,1,1,1,1,1,
1,1,1,1,1,1),(-0.00667048191021111,-0.00444698794014074,-0.00222349397007037,
1.29096164215882E-18,0.00222349397007037,0.00444698794014074,0.00667048191021111,
0.00889397588028148,0.0111174698503518,0.0133409638204222,0.0155644577904926,
0.017787951760563,0.0200114457306333,0.0222349397007037,0.0244584336707741),
 .UNSPECIFIED.);
#17=B_SPLINE_CURVE_WITH_KNOTS('',3,(#1907,#1908,#1909,#1910,#1911,#1912,
#1913,#1914,#1915,#1916,#1917),.UNSPECIFIED.,.T.,.F.,(1,1,1,1,1,1,1,1,1,
1,1,1,1,1,1),(-0.00714704410431437,-0.00476469606954291,-0.00238234803477146,
3.23529315085722E-20,0.00238234803477146,0.00476469606954291,0.00714704410431437,
0.00952939213908582,0.0119117401738573,0.0142940882086287,0.0166764362434002,
0.0190587842781716,0.0214411323129431,0.0238234803477146,0.026205828382486),
 .UNSPECIFIED.);
#18=B_SPLINE_CURVE_WITH_KNOTS('',3,(#1923,#1924,#1925,#1926,#1927,#1928,
#1929,#1930,#1931,#1932,#1933),.UNSPECIFIED.,.T.,.F.,(1,1,1,1,1,1,1,1,1,
1,1,1,1,1,1),(-0.00667048191021113,-0.00444698794014075,-0.00222349397007038,
0.,0.00222349397007038,0.00444698794014075,0.00667048191021113,0.00889397588028151,
0.0111174698503519,0.0133409638204223,0.0155644577904926,0.017787951760563,
0.0200114457306334,0.0222349397007038,0.0244584336707741),.UNSPECIFIED.);
#19=B_SPLINE_CURVE_WITH_KNOTS('',3,(#1939,#1940,#1941,#1942,#1943,#1944,
#1945,#1946,#1947,#1948,#1949),.UNSPECIFIED.,.T.,.F.,(1,1,1,1,1,1,1,1,1,
1,1,1,1,1,1),(-0.00714704410431438,-0.00476469606954292,-0.00238234803477146,
0.,0.00238234803477146,0.00476469606954292,0.00714704410431438,0.00952939213908584,
0.0119117401738573,0.0142940882086288,0.0166764362434002,0.0190587842781717,
0.0214411323129432,0.0238234803477146,0.0262058283824861),.UNSPECIFIED.);
#20=B_SPLINE_CURVE_WITH_KNOTS('',3,(#1955,#1956,#1957,#1958,#1959,#1960,
#1961,#1962,#1963,#1964,#1965),.UNSPECIFIED.,.T.,.F.,(1,1,1,1,1,1,1,1,1,
1,1,1,1,1,1),(-0.00667048191021111,-0.00444698794014074,-0.00222349397007037,
0.,0.00222349397007037,0.00444698794014074,0.00667048191021111,0.00889397588028148,
0.0111174698503518,0.0133409638204222,0.0155644577904926,0.017787951760563,
0.0200114457306333,0.0222349397007037,0.0244584336707741),.UNSPECIFIED.);
#21=B_SPLINE_CURVE_WITH_KNOTS('',3,(#1971,#1972,#1973,#1974,#1975,#1976,
#1977,#1978,#1979,#1980,#1981),.UNSPECIFIED.,.T.,.F.,(1,1,1,1,1,1,1,1,1,
1,1,1,1,1,1),(-0.00714704410431436,-0.0047646960695429,-0.00238234803477145,
0.,0.00238234803477145,0.0047646960695429,0.00714704410431436,0.00952939213908581,
0.0119117401738573,0.0142940882086287,0.0166764362434002,0.0190587842781716,
0.0214411323129431,0.0238234803477145,0.026205828382486),.UNSPECIFIED.);
#22=B_SPLINE_CURVE_WITH_KNOTS('',3,(#1984,#1985,#1986,#1987,#1988,#1989,
#1990,#1991,#1992,#1993,#1994),.UNSPECIFIED.,.T.,.F.,(1,1,1,1,1,1,1,1,1,
1,1,1,1,1,1),(-0.00714704410431437,-0.00476469606954291,-0.00238234803477146,
3.23529315085723E-20,0.00238234803477146,0.00476469606954291,0.00714704410431437,
0.00952939213908582,0.0119117401738573,0.0142940882086287,0.0166764362434002,
0.0190587842781716,0.0214411323129431,0.0238234803477146,0.026205828382486),
 .UNSPECIFIED.);
#23=B_SPLINE_CURVE_WITH_KNOTS('',3,(#1996,#1997,#1998,#1999,#2000,#2001,
#2002,#2003,#2004,#2005,#2006),.UNSPECIFIED.,.T.,.F.,(1,1,1,1,1,1,1,1,1,
1,1,1,1,1,1),(-0.00667048191021111,-0.00444698794014074,-0.00222349397007037,
1.29096164215883E-18,0.00222349397007037,0.00444698794014074,0.00667048191021111,
0.00889397588028148,0.0111174698503519,0.0133409638204222,0.0155644577904926,
0.017787951760563,0.0200114457306333,0.0222349397007037,0.0244584336707741),
 .UNSPECIFIED.);
#24=B_SPLINE_CURVE_WITH_KNOTS('',3,(#2008,#2009,#2010,#2011,#2012,#2013,
#2014,#2015,#2016,#2017,#2018),.UNSPECIFIED.,.T.,.F.,(1,1,1,1,1,1,1,1,1,
1,1,1,1,1,1),(-0.00667081987795119,-0.00444721325196746,-0.00222360662598373,
0.,0.00222360662598373,0.00444721325196746,0.00667081987795119,0.00889442650393492,
0.0111180331299186,0.0133416397559024,0.0155652463818861,0.0177888530078698,
0.0200124596338536,0.0222360662598373,0.024459672885821),.UNSPECIFIED.);
#25=B_SPLINE_CURVE_WITH_KNOTS('',3,(#2020,#2021,#2022,#2023,#2024,#2025,
#2026,#2027,#2028,#2029,#2030),.UNSPECIFIED.,.T.,.F.,(1,1,1,1,1,1,1,1,1,
1,1,1,1,1,1),(-0.00667124575127752,-0.00444749716751835,-0.00222374858375917,
0.,0.00222374858375917,0.00444749716751835,0.00667124575127752,0.0088949943350367,
0.0111187429187959,0.013342491502555,0.0155662400863142,0.0177899886700734,
0.0200137372538326,0.0222374858375917,0.0244612344213509),.UNSPECIFIED.);
#26=B_SPLINE_CURVE_WITH_KNOTS('',3,(#2032,#2033,#2034,#2035,#2036,#2037,
#2038,#2039,#2040,#2041,#2042),.UNSPECIFIED.,.T.,.F.,(1,1,1,1,1,1,1,1,1,
1,1,1,1,1,1),(-0.00667124575127753,-0.00444749716751835,-0.00222374858375918,
0.,0.00222374858375918,0.00444749716751836,0.00667124575127753,0.00889499433503671,
0.0111187429187959,0.0133424915025551,0.0155662400863142,0.0177899886700734,
0.0200137372538326,0.0222374858375918,0.024461234421351),.UNSPECIFIED.);
#27=B_SPLINE_CURVE_WITH_KNOTS('',3,(#2048,#2049,#2050,#2051,#2052,#2053,
#2054,#2055,#2056,#2057,#2058),.UNSPECIFIED.,.T.,.F.,(1,1,1,1,1,1,1,1,1,
1,1,1,1,1,1),(-0.00667124575127754,-0.00444749716751835,-0.00222374858375918,
3.46944695195361E-18,0.00222374858375918,0.00444749716751836,0.00667124575127754,
0.00889499433503672,0.0111187429187959,0.0133424915025551,0.0155662400863143,
0.0177899886700734,0.0200137372538326,0.0222374858375918,0.024461234421351),
 .UNSPECIFIED.);
#28=B_SPLINE_CURVE_WITH_KNOTS('',3,(#2060,#2061,#2062,#2063,#2064,#2065,
#2066,#2067,#2068,#2069,#2070),.UNSPECIFIED.,.T.,.F.,(1,1,1,1,1,1,1,1,1,
1,1,1,1,1,1),(-0.00667081987795101,-0.00444721325196734,-0.00222360662598367,
0.,0.00222360662598367,0.00444721325196734,0.00667081987795101,0.00889442650393468,
0.0111180331299183,0.013341639755902,0.0155652463818857,0.0177888530078694,
0.020012459633853,0.0222360662598367,0.0244596728858204),.UNSPECIFIED.);
#29=B_SPLINE_CURVE_WITH_KNOTS('',3,(#2072,#2073,#2074,#2075,#2076,#2077,
#2078,#2079,#2080,#2081,#2082),.UNSPECIFIED.,.T.,.F.,(1,1,1,1,1,1,1,1,1,
1,1,1,1,1,1),(-0.00667081987795102,-0.00444721325196734,-0.00222360662598367,
0.,0.00222360662598367,0.00444721325196734,0.00667081987795102,0.00889442650393469,
0.0111180331299184,0.013341639755902,0.0155652463818857,0.0177888530078694,
0.020012459633853,0.0222360662598367,0.0244596728858204),.UNSPECIFIED.);
#30=B_SPLINE_CURVE_WITH_KNOTS('',3,(#2084,#2085,#2086,#2087,#2088,#2089,
#2090,#2091,#2092,#2093,#2094),.UNSPECIFIED.,.T.,.F.,(1,1,1,1,1,1,1,1,1,
1,1,1,1,1,1),(-0.00667124575127752,-0.00444749716751835,-0.00222374858375917,
0.,0.00222374858375917,0.00444749716751835,0.00667124575127752,0.0088949943350367,
0.0111187429187959,0.013342491502555,0.0155662400863142,0.0177899886700734,
0.0200137372538326,0.0222374858375917,0.0244612344213509),.UNSPECIFIED.);
#31=B_SPLINE_CURVE_WITH_KNOTS('',3,(#2096,#2097,#2098,#2099,#2100,#2101,
#2102,#2103,#2104,#2105,#2106),.UNSPECIFIED.,.T.,.F.,(1,1,1,1,1,1,1,1,1,
1,1,1,1,1,1),(-0.00667124575127753,-0.00444749716751835,-0.00222374858375918,
0.,0.00222374858375918,0.00444749716751835,0.00667124575127753,0.0088949943350367,
0.0111187429187959,0.0133424915025551,0.0155662400863142,0.0177899886700734,
0.0200137372538326,0.0222374858375918,0.0244612344213509),.UNSPECIFIED.);
#32=B_SPLINE_CURVE_WITH_KNOTS('',3,(#2108,#2109,#2110,#2111,#2112,#2113,
#2114,#2115,#2116,#2117,#2118),.UNSPECIFIED.,.T.,.F.,(1,1,1,1,1,1,1,1,1,
1,1,1,1,1,1),(-0.00667124575127751,-0.00444749716751834,-0.00222374858375917,
0.,0.00222374858375917,0.00444749716751834,0.00667124575127751,0.00889499433503668,
0.0111187429187958,0.013342491502555,0.0155662400863142,0.0177899886700734,
0.0200137372538325,0.0222374858375917,0.0244612344213509),.UNSPECIFIED.);
#33=B_SPLINE_CURVE_WITH_KNOTS('',3,(#2120,#2121,#2122,#2123,#2124,#2125,
#2126,#2127,#2128,#2129,#2130),.UNSPECIFIED.,.T.,.F.,(1,1,1,1,1,1,1,1,1,
1,1,1,1,1,1),(-0.00667081987795127,-0.00444721325196751,-0.00222360662598376,
0.,0.00222360662598376,0.00444721325196751,0.00667081987795127,0.00889442650393502,
0.0111180331299188,0.0133416397559025,0.0155652463818863,0.01778885300787,
0.0200124596338538,0.0222360662598376,0.0244596728858213),.UNSPECIFIED.);
#34=B_SPLINE_CURVE_WITH_KNOTS('',3,(#2132,#2133,#2134,#2135,#2136,#2137,
#2138,#2139,#2140,#2141,#2142),.UNSPECIFIED.,.T.,.F.,(1,1,1,1,1,1,1,1,1,
1,1,1,1,1,1),(-0.00667081987795144,-0.00444721325196762,-0.00222360662598381,
0.,0.00222360662598381,0.00444721325196762,0.00667081987795144,0.00889442650393525,
0.0111180331299191,0.0133416397559029,0.0155652463818867,0.0177888530078705,
0.0200124596338543,0.0222360662598381,0.0244596728858219),.UNSPECIFIED.);
#35=B_SPLINE_CURVE_WITH_KNOTS('',3,(#2144,#2145,#2146,#2147,#2148,#2149,
#2150,#2151,#2152,#2153,#2154),.UNSPECIFIED.,.T.,.F.,(1,1,1,1,1,1,1,1,1,
1,1,1,1,1,1),(-0.00667081987795122,-0.00444721325196748,-0.00222360662598374,
0.,0.00222360662598374,0.00444721325196748,0.00667081987795122,0.00889442650393496,
0.0111180331299187,0.0133416397559024,0.0155652463818862,0.0177888530078699,
0.0200124596338537,0.0222360662598374,0.0244596728858211),.UNSPECIFIED.);
#36=B_SPLINE_CURVE_WITH_KNOTS('',3,(#2156,#2157,#2158,#2159,#2160,#2161,
#2162,#2163,#2164,#2165,#2166),.UNSPECIFIED.,.T.,.F.,(1,1,1,1,1,1,1,1,1,
1,1,1,1,1,1),(-0.00667124575127746,-0.0044474971675183,-0.00222374858375914,
1.38777878078145E-17,0.00222374858375917,0.00444749716751833,0.00667124575127749,
0.00889499433503665,0.0111187429187958,0.013342491502555,0.0155662400863141,
0.0177899886700733,0.0200137372538324,0.0222374858375916,0.0244612344213508),
 .UNSPECIFIED.);
#37=B_SPLINE_CURVE_WITH_KNOTS('',3,(#2168,#2169,#2170,#2171,#2172,#2173,
#2174,#2175,#2176,#2177,#2178),.UNSPECIFIED.,.T.,.F.,(1,1,1,1,1,1,1,1,1,
1,1,1,1,1,1),(-0.00667124575127747,-0.00444749716751831,-0.00222374858375915,
1.04083408558608E-17,0.00222374858375917,0.00444749716751833,0.00667124575127749,
0.00889499433503665,0.0111187429187958,0.013342491502555,0.0155662400863141,
0.0177899886700733,0.0200137372538324,0.0222374858375916,0.0244612344213508),
 .UNSPECIFIED.);
#38=B_SPLINE_CURVE_WITH_KNOTS('',3,(#2180,#2181,#2182,#2183,#2184,#2185,
#2186,#2187,#2188,#2189,#2190),.UNSPECIFIED.,.T.,.F.,(1,1,1,1,1,1,1,1,1,
1,1,1,1,1,1),(-0.00667124575127746,-0.00444749716751831,-0.00222374858375915,
0.,0.00222374858375915,0.00444749716751831,0.00667124575127746,0.00889499433503661,
0.0111187429187958,0.0133424915025549,0.0155662400863141,0.0177899886700732,
0.0200137372538324,0.0222374858375915,0.0244612344213507),.UNSPECIFIED.);
#39=B_SPLINE_CURVE_WITH_KNOTS('',3,(#2192,#2193,#2194,#2195,#2196,#2197,
#2198,#2199,#2200,#2201,#2202),.UNSPECIFIED.,.T.,.F.,(1,1,1,1,1,1,1,1,1,
1,1,1,1,1,1),(-0.00667081987795114,-0.00444721325196743,-0.00222360662598371,
0.,0.00222360662598371,0.00444721325196743,0.00667081987795114,0.00889442650393485,
0.0111180331299186,0.0133416397559023,0.015565246381886,0.0177888530078697,
0.0200124596338534,0.0222360662598371,0.0244596728858208),.UNSPECIFIED.);
#40=B_SPLINE_CURVE_WITH_KNOTS('',3,(#2204,#2205,#2206,#2207,#2208,#2209,
#2210,#2211,#2212,#2213,#2214),.UNSPECIFIED.,.T.,.F.,(1,1,1,1,1,1,1,1,1,
1,1,1,1,1,1),(-0.00667081987795115,-0.00444721325196743,-0.00222360662598372,
0.,0.00222360662598372,0.00444721325196743,0.00667081987795115,0.00889442650393487,
0.0111180331299186,0.0133416397559023,0.015565246381886,0.0177888530078697,
0.0200124596338534,0.0222360662598372,0.0244596728858209),.UNSPECIFIED.);
#41=B_SPLINE_CURVE_WITH_KNOTS('',3,(#2216,#2217,#2218,#2219,#2220,#2221,
#2222,#2223,#2224,#2225,#2226),.UNSPECIFIED.,.T.,.F.,(1,1,1,1,1,1,1,1,1,
1,1,1,1,1,1),(-0.00667081987795116,-0.00444721325196744,-0.00222360662598372,
0.,0.00222360662598372,0.00444721325196744,0.00667081987795116,0.00889442650393488,
0.0111180331299186,0.0133416397559023,0.015565246381886,0.0177888530078698,
0.0200124596338535,0.0222360662598372,0.0244596728858209),.UNSPECIFIED.);
#42=B_SPLINE_CURVE_WITH_KNOTS('',3,(#2228,#2229,#2230,#2231,#2232,#2233,
#2234,#2235,#2236,#2237,#2238),.UNSPECIFIED.,.T.,.F.,(1,1,1,1,1,1,1,1,1,
1,1,1,1,1,1),(-0.00667124575127754,-0.00444749716751836,-0.00222374858375918,
0.,0.00222374858375918,0.00444749716751836,0.00667124575127754,0.00889499433503672,
0.0111187429187959,0.0133424915025551,0.0155662400863143,0.0177899886700734,
0.0200137372538326,0.0222374858375918,0.024461234421351),.UNSPECIFIED.);
#43=B_SPLINE_CURVE_WITH_KNOTS('',3,(#2240,#2241,#2242,#2243,#2244,#2245,
#2246,#2247,#2248,#2249,#2250),.UNSPECIFIED.,.T.,.F.,(1,1,1,1,1,1,1,1,1,
1,1,1,1,1,1),(-0.00667124575127753,-0.00444749716751835,-0.00222374858375917,
6.93889390390723E-18,0.00222374858375919,0.00444749716751837,0.00667124575127755,
0.00889499433503673,0.0111187429187959,0.0133424915025551,0.0155662400863143,
0.0177899886700734,0.0200137372538326,0.0222374858375918,0.024461234421351),
 .UNSPECIFIED.);
#44=B_SPLINE_CURVE_WITH_KNOTS('',3,(#2252,#2253,#2254,#2255,#2256,#2257,
#2258,#2259,#2260,#2261,#2262),.UNSPECIFIED.,.T.,.F.,(1,1,1,1,1,1,1,1,1,
1,1,1,1,1,1),(-0.00667124575127752,-0.00444749716751835,-0.00222374858375917,
0.,0.00222374858375917,0.00444749716751835,0.00667124575127752,0.00889499433503669,
0.0111187429187959,0.013342491502555,0.0155662400863142,0.0177899886700734,
0.0200137372538326,0.0222374858375917,0.0244612344213509),.UNSPECIFIED.);
#45=B_SPLINE_CURVE_WITH_KNOTS('',3,(#2264,#2265,#2266,#2267,#2268,#2269,
#2270,#2271,#2272,#2273,#2274),.UNSPECIFIED.,.T.,.F.,(1,1,1,1,1,1,1,1,1,
1,1,1,1,1,1),(-0.00667081987795101,-0.00444721325196734,-0.00222360662598367,
0.,0.00222360662598367,0.00444721325196734,0.00667081987795101,0.00889442650393468,
0.0111180331299183,0.013341639755902,0.0155652463818857,0.0177888530078694,
0.020012459633853,0.0222360662598367,0.0244596728858204),.UNSPECIFIED.);
#46=B_SPLINE_CURVE_WITH_KNOTS('',3,(#2276,#2277,#2278,#2279,#2280,#2281,
#2282,#2283,#2284,#2285,#2286),.UNSPECIFIED.,.T.,.F.,(1,1,1,1,1,1,1,1,1,
1,1,1,1,1,1),(-0.00667081987795097,-0.00444721325196731,-0.00222360662598365,
6.93889390390723E-18,0.00222360662598367,0.00444721325196732,0.00667081987795098,
0.00889442650393464,0.0111180331299183,0.013341639755902,0.0155652463818856,
0.0177888530078693,0.0200124596338529,0.0222360662598366,0.0244596728858203),
 .UNSPECIFIED.);
#47=B_SPLINE_CURVE_WITH_KNOTS('',3,(#2288,#2289,#2290,#2291,#2292,#2293,
#2294,#2295,#2296,#2297,#2298),.UNSPECIFIED.,.T.,.F.,(1,1,1,1,1,1,1,1,1,
1,1,1,1,1,1),(-0.00667081987795102,-0.00444721325196734,-0.00222360662598367,
0.,0.00222360662598367,0.00444721325196735,0.00667081987795102,0.00889442650393469,
0.0111180331299184,0.013341639755902,0.0155652463818857,0.0177888530078694,
0.0200124596338531,0.0222360662598367,0.0244596728858204),.UNSPECIFIED.);
#48=B_SPLINE_CURVE_WITH_KNOTS('',3,(#2300,#2301,#2302,#2303,#2304,#2305,
#2306,#2307,#2308,#2309,#2310),.UNSPECIFIED.,.T.,.F.,(1,1,1,1,1,1,1,1,1,
1,1,1,1,1,1),(-0.00667124575127742,-0.00444749716751828,-0.00222374858375914,
0.,0.00222374858375914,0.00444749716751828,0.00667124575127742,0.00889499433503657,
0.0111187429187957,0.0133424915025548,0.015566240086314,0.0177899886700731,
0.0200137372538323,0.0222374858375914,0.0244612344213506),.UNSPECIFIED.);
#49=B_SPLINE_CURVE_WITH_KNOTS('',3,(#2312,#2313,#2314,#2315,#2316,#2317,
#2318,#2319,#2320,#2321,#2322),.UNSPECIFIED.,.T.,.F.,(1,1,1,1,1,1,1,1,1,
1,1,1,1,1,1),(-0.00667124575127742,-0.00444749716751828,-0.00222374858375914,
0.,0.00222374858375914,0.00444749716751828,0.00667124575127743,0.00889499433503657,
0.0111187429187957,0.0133424915025549,0.015566240086314,0.0177899886700731,
0.0200137372538323,0.0222374858375914,0.0244612344213506),.UNSPECIFIED.);
#50=B_SPLINE_CURVE_WITH_KNOTS('',3,(#2324,#2325,#2326,#2327,#2328,#2329,
#2330,#2331,#2332,#2333,#2334),.UNSPECIFIED.,.T.,.F.,(1,1,1,1,1,1,1,1,1,
1,1,1,1,1,1),(-0.00667124575127741,-0.00444749716751827,-0.00222374858375914,
0.,0.00222374858375914,0.00444749716751827,0.00667124575127741,0.00889499433503655,
0.0111187429187957,0.0133424915025548,0.015566240086314,0.0177899886700731,
0.0200137372538322,0.0222374858375914,0.0244612344213505),.UNSPECIFIED.);
#51=B_SPLINE_CURVE_WITH_KNOTS('',3,(#2336,#2337,#2338,#2339,#2340,#2341,
#2342,#2343,#2344,#2345,#2346),.UNSPECIFIED.,.T.,.F.,(1,1,1,1,1,1,1,1,1,
1,1,1,1,1,1),(-0.0066708198779514,-0.0044472132519676,-0.0022236066259838,
0.,0.0022236066259838,0.0044472132519676,0.0066708198779514,0.0088944265039352,
0.011118033129919,0.0133416397559028,0.0155652463818866,0.0177888530078704,
0.0200124596338542,0.022236066259838,0.0244596728858218),.UNSPECIFIED.);
#52=B_SPLINE_CURVE_WITH_KNOTS('',3,(#2348,#2349,#2350,#2351,#2352,#2353,
#2354,#2355,#2356,#2357,#2358),.UNSPECIFIED.,.T.,.F.,(1,1,1,1,1,1,1,1,1,
1,1,1,1,1,1),(-0.00667081987795138,-0.00444721325196759,-0.0022236066259838,
0.,0.00222360662598379,0.00444721325196759,0.00667081987795138,0.00889442650393518,
0.011118033129919,0.0133416397559028,0.0155652463818866,0.0177888530078704,
0.0200124596338542,0.0222360662598379,0.0244596728858217),.UNSPECIFIED.);
#53=B_SPLINE_CURVE_WITH_KNOTS('',3,(#2360,#2361,#2362,#2363,#2364,#2365,
#2366,#2367,#2368,#2369,#2370),.UNSPECIFIED.,.T.,.F.,(1,1,1,1,1,1,1,1,1,
1,1,1,1,1,1),(-0.00667081987795141,-0.00444721325196761,-0.0022236066259838,
0.,0.0022236066259838,0.00444721325196761,0.00667081987795141,0.00889442650393522,
0.011118033129919,0.0133416397559028,0.0155652463818866,0.0177888530078704,
0.0200124596338542,0.022236066259838,0.0244596728858218),.UNSPECIFIED.);
#54=B_SPLINE_CURVE_WITH_KNOTS('',3,(#2372,#2373,#2374,#2375,#2376,#2377,
#2378,#2379,#2380,#2381,#2382),.UNSPECIFIED.,.T.,.F.,(1,1,1,1,1,1,1,1,1,
1,1,1,1,1,1),(-0.00667124575127711,-0.00444749716751807,-0.00222374858375904,
0.,0.00222374858375904,0.00444749716751807,0.00667124575127711,0.00889499433503615,
0.0111187429187952,0.0133424915025542,0.0155662400863133,0.0177899886700723,
0.0200137372538313,0.0222374858375904,0.0244612344213494),.UNSPECIFIED.);
#55=B_SPLINE_CURVE_WITH_KNOTS('',3,(#2384,#2385,#2386,#2387,#2388,#2389,
#2390,#2391,#2392,#2393,#2394),.UNSPECIFIED.,.T.,.F.,(1,1,1,1,1,1,1,1,1,
1,1,1,1,1,1),(-0.00667124575127711,-0.00444749716751807,-0.00222374858375903,
1.04083408558608E-17,0.00222374858375905,0.00444749716751809,0.00667124575127712,
0.00889499433503616,0.0111187429187952,0.0133424915025542,0.0155662400863133,
0.0177899886700723,0.0200137372538314,0.0222374858375904,0.0244612344213494),
 .UNSPECIFIED.);
#56=B_SPLINE_CURVE_WITH_KNOTS('',3,(#2396,#2397,#2398,#2399,#2400,#2401,
#2402,#2403,#2404,#2405,#2406),.UNSPECIFIED.,.T.,.F.,(1,1,1,1,1,1,1,1,1,
1,1,1,1,1,1),(-0.0066712457512771,-0.00444749716751806,-0.00222374858375903,
0.,0.00222374858375903,0.00444749716751806,0.0066712457512771,0.00889499433503613,
0.0111187429187952,0.0133424915025542,0.0155662400863132,0.0177899886700723,
0.0200137372538313,0.0222374858375903,0.0244612344213494),.UNSPECIFIED.);
#57=B_SPLINE_CURVE_WITH_KNOTS('',3,(#2408,#2409,#2410,#2411,#2412,#2413,
#2414,#2415,#2416,#2417,#2418),.UNSPECIFIED.,.T.,.F.,(1,1,1,1,1,1,1,1,1,
1,1,1,1,1,1),(-0.00667081987795117,-0.00444721325196745,-0.00222360662598372,
0.,0.00222360662598372,0.00444721325196744,0.00667081987795117,0.00889442650393489,
0.0111180331299186,0.0133416397559023,0.0155652463818861,0.0177888530078698,
0.0200124596338535,0.0222360662598372,0.0244596728858209),.UNSPECIFIED.);
#58=B_SPLINE_CURVE_WITH_KNOTS('',3,(#2420,#2421,#2422,#2423,#2424,#2425,
#2426,#2427,#2428,#2429,#2430),.UNSPECIFIED.,.T.,.F.,(1,1,1,1,1,1,1,1,1,
1,1,1,1,1,1),(-0.00667081987795116,-0.00444721325196744,-0.00222360662598372,
0.,0.00222360662598372,0.00444721325196744,0.00667081987795117,0.00889442650393489,
0.0111180331299186,0.0133416397559023,0.0155652463818861,0.0177888530078698,
0.0200124596338535,0.0222360662598372,0.0244596728858209),.UNSPECIFIED.);
#59=B_SPLINE_CURVE_WITH_KNOTS('',3,(#2432,#2433,#2434,#2435,#2436,#2437,
#2438,#2439,#2440,#2441,#2442),.UNSPECIFIED.,.T.,.F.,(1,1,1,1,1,1,1,1,1,
1,1,1,1,1,1),(-0.00667081987795117,-0.00444721325196745,-0.00222360662598372,
0.,0.00222360662598372,0.00444721325196745,0.00667081987795117,0.0088944265039349,
0.0111180331299186,0.0133416397559023,0.0155652463818861,0.0177888530078698,
0.0200124596338535,0.0222360662598372,0.024459672885821),.UNSPECIFIED.);
#60=CYLINDRICAL_SURFACE('',#1261,0.00313998322900199);
#61=CYLINDRICAL_SURFACE('',#1265,0.00313998322900199);
#62=CYLINDRICAL_SURFACE('',#1269,0.00313998322900199);
#63=CYLINDRICAL_SURFACE('',#1273,0.00313998322900199);
#64=CYLINDRICAL_SURFACE('',#1277,0.00313998322900199);
#65=CYLINDRICAL_SURFACE('',#1281,0.0028448);
#66=CYLINDRICAL_SURFACE('',#1284,0.003048);
#67=CYLINDRICAL_SURFACE('',#1287,0.0028448);
#68=CYLINDRICAL_SURFACE('',#1290,0.003048);
#69=CYLINDRICAL_SURFACE('',#1293,0.0028448);
#70=CYLINDRICAL_SURFACE('',#1296,0.003048);
#71=CYLINDRICAL_SURFACE('',#1299,0.0028448);
#72=CYLINDRICAL_SURFACE('',#1302,0.003048);
#73=CYLINDRICAL_SURFACE('',#1305,0.0028448);
#74=CYLINDRICAL_SURFACE('',#1308,0.003048);
#75=CYLINDRICAL_SURFACE('',#1309,0.073025);
#76=CYLINDRICAL_SURFACE('',#1312,0.057785);
#77=CYLINDRICAL_SURFACE('',#1319,0.0028448);
#78=CYLINDRICAL_SURFACE('',#1321,0.0028448);
#79=CYLINDRICAL_SURFACE('',#1323,0.0028448);
#80=CYLINDRICAL_SURFACE('',#1328,0.0028448);
#81=CYLINDRICAL_SURFACE('',#1330,0.0028448);
#82=CYLINDRICAL_SURFACE('',#1332,0.0028448);
#83=CYLINDRICAL_SURFACE('',#1337,0.0028448);
#84=CYLINDRICAL_SURFACE('',#1340,0.0028448);
#85=CYLINDRICAL_SURFACE('',#1343,0.0028448);
#86=CYLINDRICAL_SURFACE('',#1346,0.0028448);
#87=CYLINDRICAL_SURFACE('',#1349,0.0028448);
#88=CYLINDRICAL_SURFACE('',#1352,0.0028448);
#89=CYLINDRICAL_SURFACE('',#1355,0.0028448);
#90=CYLINDRICAL_SURFACE('',#1358,0.0028448);
#91=CYLINDRICAL_SURFACE('',#1361,0.0028448);
#92=CYLINDRICAL_SURFACE('',#1364,0.0028448);
#93=CYLINDRICAL_SURFACE('',#1367,0.0028448);
#94=CYLINDRICAL_SURFACE('',#1370,0.0028448);
#95=CYLINDRICAL_SURFACE('',#1373,0.0028448);
#96=CYLINDRICAL_SURFACE('',#1376,0.0028448);
#97=CYLINDRICAL_SURFACE('',#1379,0.0028448);
#98=CYLINDRICAL_SURFACE('',#1382,0.0028448);
#99=CYLINDRICAL_SURFACE('',#1385,0.0028448);
#100=CYLINDRICAL_SURFACE('',#1388,0.0028448);
#101=CYLINDRICAL_SURFACE('',#1391,0.0028448);
#102=CYLINDRICAL_SURFACE('',#1394,0.0028448);
#103=CYLINDRICAL_SURFACE('',#1397,0.0028448);
#104=CYLINDRICAL_SURFACE('',#1400,0.0028448);
#105=CYLINDRICAL_SURFACE('',#1403,0.0028448);
#106=CYLINDRICAL_SURFACE('',#1406,0.0028448);
#107=CYLINDRICAL_SURFACE('',#1409,0.0028448);
#108=CYLINDRICAL_SURFACE('',#1412,0.0028448);
#109=CYLINDRICAL_SURFACE('',#1415,0.0028448);
#110=CYLINDRICAL_SURFACE('',#1418,0.0028448);
#111=CYLINDRICAL_SURFACE('',#1421,0.0028448);
#112=CYLINDRICAL_SURFACE('',#1424,0.0028448);
#113=CYLINDRICAL_SURFACE('',#1427,0.0028448);
#114=CYLINDRICAL_SURFACE('',#1430,0.003048);
#115=CYLINDRICAL_SURFACE('',#1433,0.00313998322900199);
#116=ORIENTED_EDGE('',*,*,#340,.T.);
#117=ORIENTED_EDGE('',*,*,#340,.F.);
#118=ORIENTED_EDGE('',*,*,#341,.T.);
#119=ORIENTED_EDGE('',*,*,#342,.T.);
#120=ORIENTED_EDGE('',*,*,#342,.F.);
#121=ORIENTED_EDGE('',*,*,#343,.T.);
#122=ORIENTED_EDGE('',*,*,#344,.T.);
#123=ORIENTED_EDGE('',*,*,#344,.F.);
#124=ORIENTED_EDGE('',*,*,#345,.T.);
#125=ORIENTED_EDGE('',*,*,#346,.T.);
#126=ORIENTED_EDGE('',*,*,#346,.F.);
#127=ORIENTED_EDGE('',*,*,#347,.T.);
#128=ORIENTED_EDGE('',*,*,#348,.T.);
#129=ORIENTED_EDGE('',*,*,#348,.F.);
#130=ORIENTED_EDGE('',*,*,#349,.T.);
#131=ORIENTED_EDGE('',*,*,#350,.T.);
#132=ORIENTED_EDGE('',*,*,#350,.F.);
#133=ORIENTED_EDGE('',*,*,#351,.F.);
#134=ORIENTED_EDGE('',*,*,#352,.T.);
#135=ORIENTED_EDGE('',*,*,#352,.F.);
#136=ORIENTED_EDGE('',*,*,#353,.F.);
#137=ORIENTED_EDGE('',*,*,#354,.T.);
#138=ORIENTED_EDGE('',*,*,#354,.F.);
#139=ORIENTED_EDGE('',*,*,#355,.F.);
#140=ORIENTED_EDGE('',*,*,#356,.T.);
#141=ORIENTED_EDGE('',*,*,#356,.F.);
#142=ORIENTED_EDGE('',*,*,#357,.F.);
#143=ORIENTED_EDGE('',*,*,#358,.T.);
#144=ORIENTED_EDGE('',*,*,#358,.F.);
#145=ORIENTED_EDGE('',*,*,#359,.F.);
#146=ORIENTED_EDGE('',*,*,#360,.T.);
#147=ORIENTED_EDGE('',*,*,#360,.F.);
#148=ORIENTED_EDGE('',*,*,#361,.F.);
#149=ORIENTED_EDGE('',*,*,#362,.T.);
#150=ORIENTED_EDGE('',*,*,#362,.F.);
#151=ORIENTED_EDGE('',*,*,#363,.F.);
#152=ORIENTED_EDGE('',*,*,#364,.T.);
#153=ORIENTED_EDGE('',*,*,#364,.F.);
#154=ORIENTED_EDGE('',*,*,#365,.F.);
#155=ORIENTED_EDGE('',*,*,#366,.T.);
#156=ORIENTED_EDGE('',*,*,#366,.F.);
#157=ORIENTED_EDGE('',*,*,#367,.F.);
#158=ORIENTED_EDGE('',*,*,#368,.T.);
#159=ORIENTED_EDGE('',*,*,#368,.F.);
#160=ORIENTED_EDGE('',*,*,#369,.F.);
#161=ORIENTED_EDGE('',*,*,#351,.T.);
#162=ORIENTED_EDGE('',*,*,#353,.T.);
#163=ORIENTED_EDGE('',*,*,#355,.T.);
#164=ORIENTED_EDGE('',*,*,#357,.T.);
#165=ORIENTED_EDGE('',*,*,#359,.T.);
#166=ORIENTED_EDGE('',*,*,#361,.T.);
#167=ORIENTED_EDGE('',*,*,#363,.T.);
#168=ORIENTED_EDGE('',*,*,#365,.T.);
#169=ORIENTED_EDGE('',*,*,#367,.T.);
#170=ORIENTED_EDGE('',*,*,#369,.T.);
#171=ORIENTED_EDGE('',*,*,#370,.T.);
#172=ORIENTED_EDGE('',*,*,#371,.T.);
#173=ORIENTED_EDGE('',*,*,#372,.F.);
#174=ORIENTED_EDGE('',*,*,#373,.F.);
#175=ORIENTED_EDGE('',*,*,#374,.F.);
#176=ORIENTED_EDGE('',*,*,#375,.F.);
#177=ORIENTED_EDGE('',*,*,#376,.T.);
#178=ORIENTED_EDGE('',*,*,#377,.F.);
#179=ORIENTED_EDGE('',*,*,#378,.F.);
#180=ORIENTED_EDGE('',*,*,#379,.F.);
#181=ORIENTED_EDGE('',*,*,#380,.F.);
#182=ORIENTED_EDGE('',*,*,#381,.F.);
#183=ORIENTED_EDGE('',*,*,#382,.F.);
#184=ORIENTED_EDGE('',*,*,#383,.F.);
#185=ORIENTED_EDGE('',*,*,#384,.F.);
#186=ORIENTED_EDGE('',*,*,#385,.F.);
#187=ORIENTED_EDGE('',*,*,#386,.F.);
#188=ORIENTED_EDGE('',*,*,#387,.F.);
#189=ORIENTED_EDGE('',*,*,#388,.F.);
#190=ORIENTED_EDGE('',*,*,#389,.F.);
#191=ORIENTED_EDGE('',*,*,#390,.F.);
#192=ORIENTED_EDGE('',*,*,#391,.F.);
#193=ORIENTED_EDGE('',*,*,#392,.F.);
#194=ORIENTED_EDGE('',*,*,#393,.F.);
#195=ORIENTED_EDGE('',*,*,#394,.F.);
#196=ORIENTED_EDGE('',*,*,#395,.F.);
#197=ORIENTED_EDGE('',*,*,#396,.F.);
#198=ORIENTED_EDGE('',*,*,#397,.F.);
#199=ORIENTED_EDGE('',*,*,#398,.F.);
#200=ORIENTED_EDGE('',*,*,#399,.F.);
#201=ORIENTED_EDGE('',*,*,#400,.F.);
#202=ORIENTED_EDGE('',*,*,#401,.F.);
#203=ORIENTED_EDGE('',*,*,#402,.F.);
#204=ORIENTED_EDGE('',*,*,#403,.F.);
#205=ORIENTED_EDGE('',*,*,#404,.F.);
#206=ORIENTED_EDGE('',*,*,#405,.F.);
#207=ORIENTED_EDGE('',*,*,#406,.F.);
#208=ORIENTED_EDGE('',*,*,#407,.F.);
#209=ORIENTED_EDGE('',*,*,#408,.F.);
#210=ORIENTED_EDGE('',*,*,#409,.F.);
#211=ORIENTED_EDGE('',*,*,#410,.T.);
#212=ORIENTED_EDGE('',*,*,#411,.F.);
#213=ORIENTED_EDGE('',*,*,#341,.F.);
#214=ORIENTED_EDGE('',*,*,#343,.F.);
#215=ORIENTED_EDGE('',*,*,#345,.F.);
#216=ORIENTED_EDGE('',*,*,#347,.F.);
#217=ORIENTED_EDGE('',*,*,#349,.F.);
#218=ORIENTED_EDGE('',*,*,#412,.F.);
#219=ORIENTED_EDGE('',*,*,#410,.F.);
#220=ORIENTED_EDGE('',*,*,#375,.T.);
#221=ORIENTED_EDGE('',*,*,#411,.T.);
#222=ORIENTED_EDGE('',*,*,#376,.F.);
#223=ORIENTED_EDGE('',*,*,#413,.F.);
#224=ORIENTED_EDGE('',*,*,#373,.T.);
#225=ORIENTED_EDGE('',*,*,#414,.F.);
#226=ORIENTED_EDGE('',*,*,#374,.T.);
#227=ORIENTED_EDGE('',*,*,#415,.F.);
#228=ORIENTED_EDGE('',*,*,#377,.T.);
#229=ORIENTED_EDGE('',*,*,#413,.T.);
#230=ORIENTED_EDGE('',*,*,#414,.T.);
#231=ORIENTED_EDGE('',*,*,#415,.T.);
#232=ORIENTED_EDGE('',*,*,#416,.F.);
#233=ORIENTED_EDGE('',*,*,#379,.T.);
#234=ORIENTED_EDGE('',*,*,#417,.F.);
#235=ORIENTED_EDGE('',*,*,#378,.T.);
#236=ORIENTED_EDGE('',*,*,#418,.F.);
#237=ORIENTED_EDGE('',*,*,#372,.T.);
#238=ORIENTED_EDGE('',*,*,#416,.T.);
#239=ORIENTED_EDGE('',*,*,#417,.T.);
#240=ORIENTED_EDGE('',*,*,#418,.T.);
#241=ORIENTED_EDGE('',*,*,#419,.F.);
#242=ORIENTED_EDGE('',*,*,#380,.T.);
#243=ORIENTED_EDGE('',*,*,#419,.T.);
#244=ORIENTED_EDGE('',*,*,#420,.F.);
#245=ORIENTED_EDGE('',*,*,#381,.T.);
#246=ORIENTED_EDGE('',*,*,#420,.T.);
#247=ORIENTED_EDGE('',*,*,#421,.F.);
#248=ORIENTED_EDGE('',*,*,#382,.T.);
#249=ORIENTED_EDGE('',*,*,#421,.T.);
#250=ORIENTED_EDGE('',*,*,#422,.F.);
#251=ORIENTED_EDGE('',*,*,#383,.T.);
#252=ORIENTED_EDGE('',*,*,#422,.T.);
#253=ORIENTED_EDGE('',*,*,#423,.F.);
#254=ORIENTED_EDGE('',*,*,#384,.T.);
#255=ORIENTED_EDGE('',*,*,#423,.T.);
#256=ORIENTED_EDGE('',*,*,#424,.F.);
#257=ORIENTED_EDGE('',*,*,#385,.T.);
#258=ORIENTED_EDGE('',*,*,#424,.T.);
#259=ORIENTED_EDGE('',*,*,#425,.F.);
#260=ORIENTED_EDGE('',*,*,#386,.T.);
#261=ORIENTED_EDGE('',*,*,#425,.T.);
#262=ORIENTED_EDGE('',*,*,#426,.F.);
#263=ORIENTED_EDGE('',*,*,#387,.T.);
#264=ORIENTED_EDGE('',*,*,#426,.T.);
#265=ORIENTED_EDGE('',*,*,#427,.F.);
#266=ORIENTED_EDGE('',*,*,#388,.T.);
#267=ORIENTED_EDGE('',*,*,#427,.T.);
#268=ORIENTED_EDGE('',*,*,#428,.F.);
#269=ORIENTED_EDGE('',*,*,#389,.T.);
#270=ORIENTED_EDGE('',*,*,#428,.T.);
#271=ORIENTED_EDGE('',*,*,#429,.F.);
#272=ORIENTED_EDGE('',*,*,#390,.T.);
#273=ORIENTED_EDGE('',*,*,#429,.T.);
#274=ORIENTED_EDGE('',*,*,#430,.F.);
#275=ORIENTED_EDGE('',*,*,#391,.T.);
#276=ORIENTED_EDGE('',*,*,#430,.T.);
#277=ORIENTED_EDGE('',*,*,#431,.F.);
#278=ORIENTED_EDGE('',*,*,#392,.T.);
#279=ORIENTED_EDGE('',*,*,#431,.T.);
#280=ORIENTED_EDGE('',*,*,#432,.F.);
#281=ORIENTED_EDGE('',*,*,#393,.T.);
#282=ORIENTED_EDGE('',*,*,#432,.T.);
#283=ORIENTED_EDGE('',*,*,#433,.F.);
#284=ORIENTED_EDGE('',*,*,#394,.T.);
#285=ORIENTED_EDGE('',*,*,#433,.T.);
#286=ORIENTED_EDGE('',*,*,#434,.F.);
#287=ORIENTED_EDGE('',*,*,#395,.T.);
#288=ORIENTED_EDGE('',*,*,#434,.T.);
#289=ORIENTED_EDGE('',*,*,#435,.F.);
#290=ORIENTED_EDGE('',*,*,#396,.T.);
#291=ORIENTED_EDGE('',*,*,#435,.T.);
#292=ORIENTED_EDGE('',*,*,#436,.F.);
#293=ORIENTED_EDGE('',*,*,#397,.T.);
#294=ORIENTED_EDGE('',*,*,#436,.T.);
#295=ORIENTED_EDGE('',*,*,#437,.F.);
#296=ORIENTED_EDGE('',*,*,#398,.T.);
#297=ORIENTED_EDGE('',*,*,#437,.T.);
#298=ORIENTED_EDGE('',*,*,#438,.F.);
#299=ORIENTED_EDGE('',*,*,#399,.T.);
#300=ORIENTED_EDGE('',*,*,#438,.T.);
#301=ORIENTED_EDGE('',*,*,#439,.F.);
#302=ORIENTED_EDGE('',*,*,#400,.T.);
#303=ORIENTED_EDGE('',*,*,#439,.T.);
#304=ORIENTED_EDGE('',*,*,#440,.F.);
#305=ORIENTED_EDGE('',*,*,#401,.T.);
#306=ORIENTED_EDGE('',*,*,#440,.T.);
#307=ORIENTED_EDGE('',*,*,#441,.F.);
#308=ORIENTED_EDGE('',*,*,#402,.T.);
#309=ORIENTED_EDGE('',*,*,#441,.T.);
#310=ORIENTED_EDGE('',*,*,#442,.F.);
#311=ORIENTED_EDGE('',*,*,#403,.T.);
#312=ORIENTED_EDGE('',*,*,#442,.T.);
#313=ORIENTED_EDGE('',*,*,#443,.F.);
#314=ORIENTED_EDGE('',*,*,#404,.T.);
#315=ORIENTED_EDGE('',*,*,#443,.T.);
#316=ORIENTED_EDGE('',*,*,#444,.F.);
#317=ORIENTED_EDGE('',*,*,#405,.T.);
#318=ORIENTED_EDGE('',*,*,#444,.T.);
#319=ORIENTED_EDGE('',*,*,#445,.F.);
#320=ORIENTED_EDGE('',*,*,#406,.T.);
#321=ORIENTED_EDGE('',*,*,#445,.T.);
#322=ORIENTED_EDGE('',*,*,#446,.F.);
#323=ORIENTED_EDGE('',*,*,#407,.T.);
#324=ORIENTED_EDGE('',*,*,#446,.T.);
#325=ORIENTED_EDGE('',*,*,#447,.F.);
#326=ORIENTED_EDGE('',*,*,#408,.T.);
#327=ORIENTED_EDGE('',*,*,#447,.T.);
#328=ORIENTED_EDGE('',*,*,#448,.F.);
#329=ORIENTED_EDGE('',*,*,#409,.T.);
#330=ORIENTED_EDGE('',*,*,#448,.T.);
#331=ORIENTED_EDGE('',*,*,#449,.F.);
#332=ORIENTED_EDGE('',*,*,#371,.F.);
#333=ORIENTED_EDGE('',*,*,#449,.T.);
#334=ORIENTED_EDGE('',*,*,#450,.F.);
#335=ORIENTED_EDGE('',*,*,#370,.F.);
#336=ORIENTED_EDGE('',*,*,#450,.T.);
#337=ORIENTED_EDGE('',*,*,#451,.F.);
#338=ORIENTED_EDGE('',*,*,#412,.T.);
#339=ORIENTED_EDGE('',*,*,#451,.T.);
#340=EDGE_CURVE('',#452,#452,#564,.T.);
#341=EDGE_CURVE('',#453,#453,#565,.T.);
#342=EDGE_CURVE('',#454,#454,#566,.T.);
#343=EDGE_CURVE('',#455,#455,#567,.T.);
#344=EDGE_CURVE('',#456,#456,#568,.T.);
#345=EDGE_CURVE('',#457,#457,#569,.T.);
#346=EDGE_CURVE('',#458,#458,#570,.T.);
#347=EDGE_CURVE('',#459,#459,#571,.T.);
#348=EDGE_CURVE('',#460,#460,#572,.T.);
#349=EDGE_CURVE('',#461,#461,#573,.T.);
#350=EDGE_CURVE('',#462,#462,#574,.T.);
#351=EDGE_CURVE('',#463,#463,#12,.T.);
#352=EDGE_CURVE('',#464,#464,#575,.T.);
#353=EDGE_CURVE('',#465,#465,#13,.T.);
#354=EDGE_CURVE('',#466,#466,#576,.T.);
#355=EDGE_CURVE('',#467,#467,#14,.T.);
#356=EDGE_CURVE('',#468,#468,#577,.T.);
#357=EDGE_CURVE('',#469,#469,#15,.T.);
#358=EDGE_CURVE('',#470,#470,#578,.T.);
#359=EDGE_CURVE('',#471,#471,#16,.T.);
#360=EDGE_CURVE('',#472,#472,#579,.T.);
#361=EDGE_CURVE('',#473,#473,#17,.T.);
#362=EDGE_CURVE('',#474,#474,#580,.T.);
#363=EDGE_CURVE('',#475,#475,#18,.T.);
#364=EDGE_CURVE('',#476,#476,#581,.T.);
#365=EDGE_CURVE('',#477,#477,#19,.T.);
#366=EDGE_CURVE('',#478,#478,#582,.T.);
#367=EDGE_CURVE('',#479,#479,#20,.T.);
#368=EDGE_CURVE('',#480,#480,#583,.T.);
#369=EDGE_CURVE('',#481,#481,#21,.T.);
#370=EDGE_CURVE('',#482,#482,#22,.T.);
#371=EDGE_CURVE('',#483,#483,#23,.T.);
#372=EDGE_CURVE('',#484,#484,#24,.T.);
#373=EDGE_CURVE('',#485,#485,#25,.T.);
#374=EDGE_CURVE('',#486,#486,#26,.T.);
#375=EDGE_CURVE('',#487,#487,#584,.T.);
#376=EDGE_CURVE('',#488,#488,#585,.T.);
#377=EDGE_CURVE('',#489,#489,#27,.T.);
#378=EDGE_CURVE('',#490,#490,#28,.T.);
#379=EDGE_CURVE('',#491,#491,#29,.T.);
#380=EDGE_CURVE('',#492,#492,#30,.T.);
#381=EDGE_CURVE('',#493,#493,#31,.T.);
#382=EDGE_CURVE('',#494,#494,#32,.T.);
#383=EDGE_CURVE('',#495,#495,#33,.T.);
#384=EDGE_CURVE('',#496,#496,#34,.T.);
#385=EDGE_CURVE('',#497,#497,#35,.T.);
#386=EDGE_CURVE('',#498,#498,#36,.T.);
#387=EDGE_CURVE('',#499,#499,#37,.T.);
#388=EDGE_CURVE('',#500,#500,#38,.T.);
#389=EDGE_CURVE('',#501,#501,#39,.T.);
#390=EDGE_CURVE('',#502,#502,#40,.T.);
#391=EDGE_CURVE('',#503,#503,#41,.T.);
#392=EDGE_CURVE('',#504,#504,#42,.T.);
#393=EDGE_CURVE('',#505,#505,#43,.T.);
#394=EDGE_CURVE('',#506,#506,#44,.T.);
#395=EDGE_CURVE('',#507,#507,#45,.T.);
#396=EDGE_CURVE('',#508,#508,#46,.T.);
#397=EDGE_CURVE('',#509,#509,#47,.T.);
#398=EDGE_CURVE('',#510,#510,#48,.T.);
#399=EDGE_CURVE('',#511,#511,#49,.T.);
#400=EDGE_CURVE('',#512,#512,#50,.T.);
#401=EDGE_CURVE('',#513,#513,#51,.T.);
#402=EDGE_CURVE('',#514,#514,#52,.T.);
#403=EDGE_CURVE('',#515,#515,#53,.T.);
#404=EDGE_CURVE('',#516,#516,#54,.T.);
#405=EDGE_CURVE('',#517,#517,#55,.T.);
#406=EDGE_CURVE('',#518,#518,#56,.T.);
#407=EDGE_CURVE('',#519,#519,#57,.T.);
#408=EDGE_CURVE('',#520,#520,#58,.T.);
#409=EDGE_CURVE('',#521,#521,#59,.T.);
#410=EDGE_CURVE('',#522,#522,#586,.T.);
#411=EDGE_CURVE('',#523,#523,#587,.T.);
#412=EDGE_CURVE('',#524,#524,#588,.T.);
#413=EDGE_CURVE('',#525,#525,#589,.T.);
#414=EDGE_CURVE('',#526,#526,#590,.T.);
#415=EDGE_CURVE('',#527,#527,#591,.T.);
#416=EDGE_CURVE('',#528,#528,#592,.T.);
#417=EDGE_CURVE('',#529,#529,#593,.T.);
#418=EDGE_CURVE('',#530,#530,#594,.T.);
#419=EDGE_CURVE('',#531,#531,#595,.T.);
#420=EDGE_CURVE('',#532,#532,#596,.T.);
#421=EDGE_CURVE('',#533,#533,#597,.T.);
#422=EDGE_CURVE('',#534,#534,#598,.T.);
#423=EDGE_CURVE('',#535,#535,#599,.T.);
#424=EDGE_CURVE('',#536,#536,#600,.T.);
#425=EDGE_CURVE('',#537,#537,#601,.T.);
#426=EDGE_CURVE('',#538,#538,#602,.T.);
#427=EDGE_CURVE('',#539,#539,#603,.T.);
#428=EDGE_CURVE('',#540,#540,#604,.T.);
#429=EDGE_CURVE('',#541,#541,#605,.T.);
#430=EDGE_CURVE('',#542,#542,#606,.T.);
#431=EDGE_CURVE('',#543,#543,#607,.T.);
#432=EDGE_CURVE('',#544,#544,#608,.T.);
#433=EDGE_CURVE('',#545,#545,#609,.T.);
#434=EDGE_CURVE('',#546,#546,#610,.T.);
#435=EDGE_CURVE('',#547,#547,#611,.T.);
#436=EDGE_CURVE('',#548,#548,#612,.T.);
#437=EDGE_CURVE('',#549,#549,#613,.T.);
#438=EDGE_CURVE('',#550,#550,#614,.T.);
#439=EDGE_CURVE('',#551,#551,#615,.T.);
#440=EDGE_CURVE('',#552,#552,#616,.T.);
#441=EDGE_CURVE('',#553,#553,#617,.T.);
#442=EDGE_CURVE('',#554,#554,#618,.T.);
#443=EDGE_CURVE('',#555,#555,#619,.T.);
#444=EDGE_CURVE('',#556,#556,#620,.T.);
#445=EDGE_CURVE('',#557,#557,#621,.T.);
#446=EDGE_CURVE('',#558,#558,#622,.T.);
#447=EDGE_CURVE('',#559,#559,#623,.T.);
#448=EDGE_CURVE('',#560,#560,#624,.T.);
#449=EDGE_CURVE('',#561,#561,#625,.T.);
#450=EDGE_CURVE('',#562,#562,#626,.T.);
#451=EDGE_CURVE('',#563,#563,#627,.T.);
#452=VERTEX_POINT('',#1795);
#453=VERTEX_POINT('',#1798);
#454=VERTEX_POINT('',#1801);
#455=VERTEX_POINT('',#1804);
#456=VERTEX_POINT('',#1807);
#457=VERTEX_POINT('',#1810);
#458=VERTEX_POINT('',#1813);
#459=VERTEX_POINT('',#1816);
#460=VERTEX_POINT('',#1819);
#461=VERTEX_POINT('',#1822);
#462=VERTEX_POINT('',#1825);
#463=VERTEX_POINT('',#1838);
#464=VERTEX_POINT('',#1841);
#465=VERTEX_POINT('',#1854);
#466=VERTEX_POINT('',#1857);
#467=VERTEX_POINT('',#1870);
#468=VERTEX_POINT('',#1873);
#469=VERTEX_POINT('',#1886);
#470=VERTEX_POINT('',#1889);
#471=VERTEX_POINT('',#1902);
#472=VERTEX_POINT('',#1905);
#473=VERTEX_POINT('',#1918);
#474=VERTEX_POINT('',#1921);
#475=VERTEX_POINT('',#1934);
#476=VERTEX_POINT('',#1937);
#477=VERTEX_POINT('',#1950);
#478=VERTEX_POINT('',#1953);
#479=VERTEX_POINT('',#1966);
#480=VERTEX_POINT('',#1969);
#481=VERTEX_POINT('',#1982);
#482=VERTEX_POINT('',#1995);
#483=VERTEX_POINT('',#2007);
#484=VERTEX_POINT('',#2019);
#485=VERTEX_POINT('',#2031);
#486=VERTEX_POINT('',#2043);
#487=VERTEX_POINT('',#2045);
#488=VERTEX_POINT('',#2047);
#489=VERTEX_POINT('',#2059);
#490=VERTEX_POINT('',#2071);
#491=VERTEX_POINT('',#2083);
#492=VERTEX_POINT('',#2095);
#493=VERTEX_POINT('',#2107);
#494=VERTEX_POINT('',#2119);
#495=VERTEX_POINT('',#2131);
#496=VERTEX_POINT('',#2143);
#497=VERTEX_POINT('',#2155);
#498=VERTEX_POINT('',#2167);
#499=VERTEX_POINT('',#2179);
#500=VERTEX_POINT('',#2191);
#501=VERTEX_POINT('',#2203);
#502=VERTEX_POINT('',#2215);
#503=VERTEX_POINT('',#2227);
#504=VERTEX_POINT('',#2239);
#505=VERTEX_POINT('',#2251);
#506=VERTEX_POINT('',#2263);
#507=VERTEX_POINT('',#2275);
#508=VERTEX_POINT('',#2287);
#509=VERTEX_POINT('',#2299);
#510=VERTEX_POINT('',#2311);
#511=VERTEX_POINT('',#2323);
#512=VERTEX_POINT('',#2335);
#513=VERTEX_POINT('',#2347);
#514=VERTEX_POINT('',#2359);
#515=VERTEX_POINT('',#2371);
#516=VERTEX_POINT('',#2383);
#517=VERTEX_POINT('',#2395);
#518=VERTEX_POINT('',#2407);
#519=VERTEX_POINT('',#2419);
#520=VERTEX_POINT('',#2431);
#521=VERTEX_POINT('',#2443);
#522=VERTEX_POINT('',#2446);
#523=VERTEX_POINT('',#2448);
#524=VERTEX_POINT('',#2451);
#525=VERTEX_POINT('',#2456);
#526=VERTEX_POINT('',#2459);
#527=VERTEX_POINT('',#2462);
#528=VERTEX_POINT('',#2468);
#529=VERTEX_POINT('',#2471);
#530=VERTEX_POINT('',#2474);
#531=VERTEX_POINT('',#2480);
#532=VERTEX_POINT('',#2484);
#533=VERTEX_POINT('',#2488);
#534=VERTEX_POINT('',#2492);
#535=VERTEX_POINT('',#2496);
#536=VERTEX_POINT('',#2500);
#537=VERTEX_POINT('',#2504);
#538=VERTEX_POINT('',#2508);
#539=VERTEX_POINT('',#2512);
#540=VERTEX_POINT('',#2516);
#541=VERTEX_POINT('',#2520);
#542=VERTEX_POINT('',#2524);
#543=VERTEX_POINT('',#2528);
#544=VERTEX_POINT('',#2532);
#545=VERTEX_POINT('',#2536);
#546=VERTEX_POINT('',#2540);
#547=VERTEX_POINT('',#2544);
#548=VERTEX_POINT('',#2548);
#549=VERTEX_POINT('',#2552);
#550=VERTEX_POINT('',#2556);
#551=VERTEX_POINT('',#2560);
#552=VERTEX_POINT('',#2564);
#553=VERTEX_POINT('',#2568);
#554=VERTEX_POINT('',#2572);
#555=VERTEX_POINT('',#2576);
#556=VERTEX_POINT('',#2580);
#557=VERTEX_POINT('',#2584);
#558=VERTEX_POINT('',#2588);
#559=VERTEX_POINT('',#2592);
#560=VERTEX_POINT('',#2596);
#561=VERTEX_POINT('',#2600);
#562=VERTEX_POINT('',#2604);
#563=VERTEX_POINT('',#2608);
#564=CIRCLE('',#1260,0.00313998322900199);
#565=CIRCLE('',#1262,0.00313998322900199);
#566=CIRCLE('',#1264,0.00313998322900199);
#567=CIRCLE('',#1266,0.00313998322900199);
#568=CIRCLE('',#1268,0.00313998322900199);
#569=CIRCLE('',#1270,0.00313998322900199);
#570=CIRCLE('',#1272,0.00313998322900199);
#571=CIRCLE('',#1274,0.00313998322900199);
#572=CIRCLE('',#1276,0.00313998322900199);
#573=CIRCLE('',#1278,0.00313998322900199);
#574=CIRCLE('',#1280,0.0028448);
#575=CIRCLE('',#1283,0.003048);
#576=CIRCLE('',#1286,0.0028448);
#577=CIRCLE('',#1289,0.003048);
#578=CIRCLE('',#1292,0.0028448);
#579=CIRCLE('',#1295,0.003048);
#580=CIRCLE('',#1298,0.0028448);
#581=CIRCLE('',#1301,0.003048);
#582=CIRCLE('',#1304,0.0028448);
#583=CIRCLE('',#1307,0.003048);
#584=CIRCLE('',#1310,0.073025);
#585=CIRCLE('',#1311,0.073025);
#586=CIRCLE('',#1313,0.057785);
#587=CIRCLE('',#1314,0.057785);
#588=CIRCLE('',#1316,0.00313998322900199);
#589=CIRCLE('',#1320,0.0028448);
#590=CIRCLE('',#1322,0.0028448);
#591=CIRCLE('',#1324,0.0028448);
#592=CIRCLE('',#1329,0.0028448);
#593=CIRCLE('',#1331,0.0028448);
#594=CIRCLE('',#1333,0.0028448);
#595=CIRCLE('',#1338,0.0028448);
#596=CIRCLE('',#1341,0.0028448);
#597=CIRCLE('',#1344,0.0028448);
#598=CIRCLE('',#1347,0.0028448);
#599=CIRCLE('',#1350,0.0028448);
#600=CIRCLE('',#1353,0.0028448);
#601=CIRCLE('',#1356,0.0028448);
#602=CIRCLE('',#1359,0.0028448);
#603=CIRCLE('',#1362,0.0028448);
#604=CIRCLE('',#1365,0.0028448);
#605=CIRCLE('',#1368,0.0028448);
#606=CIRCLE('',#1371,0.0028448);
#607=CIRCLE('',#1374,0.0028448);
#608=CIRCLE('',#1377,0.0028448);
#609=CIRCLE('',#1380,0.0028448);
#610=CIRCLE('',#1383,0.0028448);
#611=CIRCLE('',#1386,0.0028448);
#612=CIRCLE('',#1389,0.0028448);
#613=CIRCLE('',#1392,0.0028448);
#614=CIRCLE('',#1395,0.0028448);
#615=CIRCLE('',#1398,0.0028448);
#616=CIRCLE('',#1401,0.0028448);
#617=CIRCLE('',#1404,0.0028448);
#618=CIRCLE('',#1407,0.0028448);
#619=CIRCLE('',#1410,0.0028448);
#620=CIRCLE('',#1413,0.0028448);
#621=CIRCLE('',#1416,0.0028448);
#622=CIRCLE('',#1419,0.0028448);
#623=CIRCLE('',#1422,0.0028448);
#624=CIRCLE('',#1425,0.0028448);
#625=CIRCLE('',#1428,0.0028448);
#626=CIRCLE('',#1431,0.003048);
#627=CIRCLE('',#1434,0.00313998322900199);
#628=EDGE_LOOP('',(#116));
#629=EDGE_LOOP('',(#117));
#630=EDGE_LOOP('',(#118));
#631=EDGE_LOOP('',(#119));
#632=EDGE_LOOP('',(#120));
#633=EDGE_LOOP('',(#121));
#634=EDGE_LOOP('',(#122));
#635=EDGE_LOOP('',(#123));
#636=EDGE_LOOP('',(#124));
#637=EDGE_LOOP('',(#125));
#638=EDGE_LOOP('',(#126));
#639=EDGE_LOOP('',(#127));
#640=EDGE_LOOP('',(#128));
#641=EDGE_LOOP('',(#129));
#642=EDGE_LOOP('',(#130));
#643=EDGE_LOOP('',(#131));
#644=EDGE_LOOP('',(#132));
#645=EDGE_LOOP('',(#133));
#646=EDGE_LOOP('',(#134));
#647=EDGE_LOOP('',(#135));
#648=EDGE_LOOP('',(#136));
#649=EDGE_LOOP('',(#137));
#650=EDGE_LOOP('',(#138));
#651=EDGE_LOOP('',(#139));
#652=EDGE_LOOP('',(#140));
#653=EDGE_LOOP('',(#141));
#654=EDGE_LOOP('',(#142));
#655=EDGE_LOOP('',(#143));
#656=EDGE_LOOP('',(#144));
#657=EDGE_LOOP('',(#145));
#658=EDGE_LOOP('',(#146));
#659=EDGE_LOOP('',(#147));
#660=EDGE_LOOP('',(#148));
#661=EDGE_LOOP('',(#149));
#662=EDGE_LOOP('',(#150));
#663=EDGE_LOOP('',(#151));
#664=EDGE_LOOP('',(#152));
#665=EDGE_LOOP('',(#153));
#666=EDGE_LOOP('',(#154));
#667=EDGE_LOOP('',(#155));
#668=EDGE_LOOP('',(#156));
#669=EDGE_LOOP('',(#157));
#670=EDGE_LOOP('',(#158));
#671=EDGE_LOOP('',(#159));
#672=EDGE_LOOP('',(#160));
#673=EDGE_LOOP('',(#161));
#674=EDGE_LOOP('',(#162));
#675=EDGE_LOOP('',(#163));
#676=EDGE_LOOP('',(#164));
#677=EDGE_LOOP('',(#165));
#678=EDGE_LOOP('',(#166));
#679=EDGE_LOOP('',(#167));
#680=EDGE_LOOP('',(#168));
#681=EDGE_LOOP('',(#169));
#682=EDGE_LOOP('',(#170));
#683=EDGE_LOOP('',(#171));
#684=EDGE_LOOP('',(#172));
#685=EDGE_LOOP('',(#173));
#686=EDGE_LOOP('',(#174));
#687=EDGE_LOOP('',(#175));
#688=EDGE_LOOP('',(#176));
#689=EDGE_LOOP('',(#177));
#690=EDGE_LOOP('',(#178));
#691=EDGE_LOOP('',(#179));
#692=EDGE_LOOP('',(#180));
#693=EDGE_LOOP('',(#181));
#694=EDGE_LOOP('',(#182));
#695=EDGE_LOOP('',(#183));
#696=EDGE_LOOP('',(#184));
#697=EDGE_LOOP('',(#185));
#698=EDGE_LOOP('',(#186));
#699=EDGE_LOOP('',(#187));
#700=EDGE_LOOP('',(#188));
#701=EDGE_LOOP('',(#189));
#702=EDGE_LOOP('',(#190));
#703=EDGE_LOOP('',(#191));
#704=EDGE_LOOP('',(#192));
#705=EDGE_LOOP('',(#193));
#706=EDGE_LOOP('',(#194));
#707=EDGE_LOOP('',(#195));
#708=EDGE_LOOP('',(#196));
#709=EDGE_LOOP('',(#197));
#710=EDGE_LOOP('',(#198));
#711=EDGE_LOOP('',(#199));
#712=EDGE_LOOP('',(#200));
#713=EDGE_LOOP('',(#201));
#714=EDGE_LOOP('',(#202));
#715=EDGE_LOOP('',(#203));
#716=EDGE_LOOP('',(#204));
#717=EDGE_LOOP('',(#205));
#718=EDGE_LOOP('',(#206));
#719=EDGE_LOOP('',(#207));
#720=EDGE_LOOP('',(#208));
#721=EDGE_LOOP('',(#209));
#722=EDGE_LOOP('',(#210));
#723=EDGE_LOOP('',(#211));
#724=EDGE_LOOP('',(#212));
#725=EDGE_LOOP('',(#213));
#726=EDGE_LOOP('',(#214));
#727=EDGE_LOOP('',(#215));
#728=EDGE_LOOP('',(#216));
#729=EDGE_LOOP('',(#217));
#730=EDGE_LOOP('',(#218));
#731=EDGE_LOOP('',(#219));
#732=EDGE_LOOP('',(#220));
#733=EDGE_LOOP('',(#221));
#734=EDGE_LOOP('',(#222));
#735=EDGE_LOOP('',(#223));
#736=EDGE_LOOP('',(#224));
#737=EDGE_LOOP('',(#225));
#738=EDGE_LOOP('',(#226));
#739=EDGE_LOOP('',(#227));
#740=EDGE_LOOP('',(#228));
#741=EDGE_LOOP('',(#229));
#742=EDGE_LOOP('',(#230));
#743=EDGE_LOOP('',(#231));
#744=EDGE_LOOP('',(#232));
#745=EDGE_LOOP('',(#233));
#746=EDGE_LOOP('',(#234));
#747=EDGE_LOOP('',(#235));
#748=EDGE_LOOP('',(#236));
#749=EDGE_LOOP('',(#237));
#750=EDGE_LOOP('',(#238));
#751=EDGE_LOOP('',(#239));
#752=EDGE_LOOP('',(#240));
#753=EDGE_LOOP('',(#241));
#754=EDGE_LOOP('',(#242));
#755=EDGE_LOOP('',(#243));
#756=EDGE_LOOP('',(#244));
#757=EDGE_LOOP('',(#245));
#758=EDGE_LOOP('',(#246));
#759=EDGE_LOOP('',(#247));
#760=EDGE_LOOP('',(#248));
#761=EDGE_LOOP('',(#249));
#762=EDGE_LOOP('',(#250));
#763=EDGE_LOOP('',(#251));
#764=EDGE_LOOP('',(#252));
#765=EDGE_LOOP('',(#253));
#766=EDGE_LOOP('',(#254));
#767=EDGE_LOOP('',(#255));
#768=EDGE_LOOP('',(#256));
#769=EDGE_LOOP('',(#257));
#770=EDGE_LOOP('',(#258));
#771=EDGE_LOOP('',(#259));
#772=EDGE_LOOP('',(#260));
#773=EDGE_LOOP('',(#261));
#774=EDGE_LOOP('',(#262));
#775=EDGE_LOOP('',(#263));
#776=EDGE_LOOP('',(#264));
#777=EDGE_LOOP('',(#265));
#778=EDGE_LOOP('',(#266));
#779=EDGE_LOOP('',(#267));
#780=EDGE_LOOP('',(#268));
#781=EDGE_LOOP('',(#269));
#782=EDGE_LOOP('',(#270));
#783=EDGE_LOOP('',(#271));
#784=EDGE_LOOP('',(#272));
#785=EDGE_LOOP('',(#273));
#786=EDGE_LOOP('',(#274));
#787=EDGE_LOOP('',(#275));
#788=EDGE_LOOP('',(#276));
#789=EDGE_LOOP('',(#277));
#790=EDGE_LOOP('',(#278));
#791=EDGE_LOOP('',(#279));
#792=EDGE_LOOP('',(#280));
#793=EDGE_LOOP('',(#281));
#794=EDGE_LOOP('',(#282));
#795=EDGE_LOOP('',(#283));
#796=EDGE_LOOP('',(#284));
#797=EDGE_LOOP('',(#285));
#798=EDGE_LOOP('',(#286));
#799=EDGE_LOOP('',(#287));
#800=EDGE_LOOP('',(#288));
#801=EDGE_LOOP('',(#289));
#802=EDGE_LOOP('',(#290));
#803=EDGE_LOOP('',(#291));
#804=EDGE_LOOP('',(#292));
#805=EDGE_LOOP('',(#293));
#806=EDGE_LOOP('',(#294));
#807=EDGE_LOOP('',(#295));
#808=EDGE_LOOP('',(#296));
#809=EDGE_LOOP('',(#297));
#810=EDGE_LOOP('',(#298));
#811=EDGE_LOOP('',(#299));
#812=EDGE_LOOP('',(#300));
#813=EDGE_LOOP('',(#301));
#814=EDGE_LOOP('',(#302));
#815=EDGE_LOOP('',(#303));
#816=EDGE_LOOP('',(#304));
#817=EDGE_LOOP('',(#305));
#818=EDGE_LOOP('',(#306));
#819=EDGE_LOOP('',(#307));
#820=EDGE_LOOP('',(#308));
#821=EDGE_LOOP('',(#309));
#822=EDGE_LOOP('',(#310));
#823=EDGE_LOOP('',(#311));
#824=EDGE_LOOP('',(#312));
#825=EDGE_LOOP('',(#313));
#826=EDGE_LOOP('',(#314));
#827=EDGE_LOOP('',(#315));
#828=EDGE_LOOP('',(#316));
#829=EDGE_LOOP('',(#317));
#830=EDGE_LOOP('',(#318));
#831=EDGE_LOOP('',(#319));
#832=EDGE_LOOP('',(#320));
#833=EDGE_LOOP('',(#321));
#834=EDGE_LOOP('',(#322));
#835=EDGE_LOOP('',(#323));
#836=EDGE_LOOP('',(#324));
#837=EDGE_LOOP('',(#325));
#838=EDGE_LOOP('',(#326));
#839=EDGE_LOOP('',(#327));
#840=EDGE_LOOP('',(#328));
#841=EDGE_LOOP('',(#329));
#842=EDGE_LOOP('',(#330));
#843=EDGE_LOOP('',(#331));
#844=EDGE_LOOP('',(#332));
#845=EDGE_LOOP('',(#333));
#846=EDGE_LOOP('',(#334));
#847=EDGE_LOOP('',(#335));
#848=EDGE_LOOP('',(#336));
#849=EDGE_LOOP('',(#337));
#850=EDGE_LOOP('',(#338));
#851=EDGE_LOOP('',(#339));
#852=FACE_BOUND('',#628,.T.);
#853=FACE_BOUND('',#629,.T.);
#854=FACE_BOUND('',#630,.T.);
#855=FACE_BOUND('',#631,.T.);
#856=FACE_BOUND('',#632,.T.);
#857=FACE_BOUND('',#633,.T.);
#858=FACE_BOUND('',#634,.T.);
#859=FACE_BOUND('',#635,.T.);
#860=FACE_BOUND('',#636,.T.);
#861=FACE_BOUND('',#637,.T.);
#862=FACE_BOUND('',#638,.T.);
#863=FACE_BOUND('',#639,.T.);
#864=FACE_BOUND('',#640,.T.);
#865=FACE_BOUND('',#641,.T.);
#866=FACE_BOUND('',#642,.T.);
#867=FACE_BOUND('',#643,.T.);
#868=FACE_BOUND('',#644,.T.);
#869=FACE_BOUND('',#645,.T.);
#870=FACE_BOUND('',#646,.T.);
#871=FACE_BOUND('',#647,.T.);
#872=FACE_BOUND('',#648,.T.);
#873=FACE_BOUND('',#649,.T.);
#874=FACE_BOUND('',#650,.T.);
#875=FACE_BOUND('',#651,.T.);
#876=FACE_BOUND('',#652,.T.);
#877=FACE_BOUND('',#653,.T.);
#878=FACE_BOUND('',#654,.T.);
#879=FACE_BOUND('',#655,.T.);
#880=FACE_BOUND('',#656,.T.);
#881=FACE_BOUND('',#657,.T.);
#882=FACE_BOUND('',#658,.T.);
#883=FACE_BOUND('',#659,.T.);
#884=FACE_BOUND('',#660,.T.);
#885=FACE_BOUND('',#661,.T.);
#886=FACE_BOUND('',#662,.T.);
#887=FACE_BOUND('',#663,.T.);
#888=FACE_BOUND('',#664,.T.);
#889=FACE_BOUND('',#665,.T.);
#890=FACE_BOUND('',#666,.T.);
#891=FACE_BOUND('',#667,.T.);
#892=FACE_BOUND('',#668,.T.);
#893=FACE_BOUND('',#669,.T.);
#894=FACE_BOUND('',#670,.T.);
#895=FACE_BOUND('',#671,.T.);
#896=FACE_BOUND('',#672,.T.);
#897=FACE_BOUND('',#673,.T.);
#898=FACE_BOUND('',#674,.T.);
#899=FACE_BOUND('',#675,.T.);
#900=FACE_BOUND('',#676,.T.);
#901=FACE_BOUND('',#677,.T.);
#902=FACE_BOUND('',#678,.T.);
#903=FACE_BOUND('',#679,.T.);
#904=FACE_BOUND('',#680,.T.);
#905=FACE_BOUND('',#681,.T.);
#906=FACE_BOUND('',#682,.T.);
#907=FACE_BOUND('',#683,.T.);
#908=FACE_BOUND('',#684,.T.);
#909=FACE_BOUND('',#685,.T.);
#910=FACE_BOUND('',#686,.T.);
#911=FACE_BOUND('',#687,.T.);
#912=FACE_BOUND('',#688,.T.);
#913=FACE_BOUND('',#689,.T.);
#914=FACE_BOUND('',#690,.T.);
#915=FACE_BOUND('',#691,.T.);
#916=FACE_BOUND('',#692,.T.);
#917=FACE_BOUND('',#693,.T.);
#918=FACE_BOUND('',#694,.T.);
#919=FACE_BOUND('',#695,.T.);
#920=FACE_BOUND('',#696,.T.);
#921=FACE_BOUND('',#697,.T.);
#922=FACE_BOUND('',#698,.T.);
#923=FACE_BOUND('',#699,.T.);
#924=FACE_BOUND('',#700,.T.);
#925=FACE_BOUND('',#701,.T.);
#926=FACE_BOUND('',#702,.T.);
#927=FACE_BOUND('',#703,.T.);
#928=FACE_BOUND('',#704,.T.);
#929=FACE_BOUND('',#705,.T.);
#930=FACE_BOUND('',#706,.T.);
#931=FACE_BOUND('',#707,.T.);
#932=FACE_BOUND('',#708,.T.);
#933=FACE_BOUND('',#709,.T.);
#934=FACE_BOUND('',#710,.T.);
#935=FACE_BOUND('',#711,.T.);
#936=FACE_BOUND('',#712,.T.);
#937=FACE_BOUND('',#713,.T.);
#938=FACE_BOUND('',#714,.T.);
#939=FACE_BOUND('',#715,.T.);
#940=FACE_BOUND('',#716,.T.);
#941=FACE_BOUND('',#717,.T.);
#942=FACE_BOUND('',#718,.T.);
#943=FACE_BOUND('',#719,.T.);
#944=FACE_BOUND('',#720,.T.);
#945=FACE_BOUND('',#721,.T.);
#946=FACE_BOUND('',#722,.T.);
#947=FACE_BOUND('',#723,.T.);
#948=FACE_BOUND('',#724,.T.);
#949=FACE_BOUND('',#725,.T.);
#950=FACE_BOUND('',#726,.T.);
#951=FACE_BOUND('',#727,.T.);
#952=FACE_BOUND('',#728,.T.);
#953=FACE_BOUND('',#729,.T.);
#954=FACE_BOUND('',#730,.T.);
#955=FACE_BOUND('',#731,.T.);
#956=FACE_BOUND('',#732,.T.);
#957=FACE_BOUND('',#733,.T.);
#958=FACE_BOUND('',#734,.T.);
#959=FACE_BOUND('',#735,.T.);
#960=FACE_BOUND('',#736,.T.);
#961=FACE_BOUND('',#737,.T.);
#962=FACE_BOUND('',#738,.T.);
#963=FACE_BOUND('',#739,.T.);
#964=FACE_BOUND('',#740,.T.);
#965=FACE_BOUND('',#741,.T.);
#966=FACE_BOUND('',#742,.T.);
#967=FACE_BOUND('',#743,.T.);
#968=FACE_BOUND('',#744,.T.);
#969=FACE_BOUND('',#745,.T.);
#970=FACE_BOUND('',#746,.T.);
#971=FACE_BOUND('',#747,.T.);
#972=FACE_BOUND('',#748,.T.);
#973=FACE_BOUND('',#749,.T.);
#974=FACE_BOUND('',#750,.T.);
#975=FACE_BOUND('',#751,.T.);
#976=FACE_BOUND('',#752,.T.);
#977=FACE_BOUND('',#753,.T.);
#978=FACE_BOUND('',#754,.T.);
#979=FACE_BOUND('',#755,.T.);
#980=FACE_BOUND('',#756,.T.);
#981=FACE_BOUND('',#757,.T.);
#982=FACE_BOUND('',#758,.T.);
#983=FACE_BOUND('',#759,.T.);
#984=FACE_BOUND('',#760,.T.);
#985=FACE_BOUND('',#761,.T.);
#986=FACE_BOUND('',#762,.T.);
#987=FACE_BOUND('',#763,.T.);
#988=FACE_BOUND('',#764,.T.);
#989=FACE_BOUND('',#765,.T.);
#990=FACE_BOUND('',#766,.T.);
#991=FACE_BOUND('',#767,.T.);
#992=FACE_BOUND('',#768,.T.);
#993=FACE_BOUND('',#769,.T.);
#994=FACE_BOUND('',#770,.T.);
#995=FACE_BOUND('',#771,.T.);
#996=FACE_BOUND('',#772,.T.);
#997=FACE_BOUND('',#773,.T.);
#998=FACE_BOUND('',#774,.T.);
#999=FACE_BOUND('',#775,.T.);
#1000=FACE_BOUND('',#776,.T.);
#1001=FACE_BOUND('',#777,.T.);
#1002=FACE_BOUND('',#778,.T.);
#1003=FACE_BOUND('',#779,.T.);
#1004=FACE_BOUND('',#780,.T.);
#1005=FACE_BOUND('',#781,.T.);
#1006=FACE_BOUND('',#782,.T.);
#1007=FACE_BOUND('',#783,.T.);
#1008=FACE_BOUND('',#784,.T.);
#1009=FACE_BOUND('',#785,.T.);
#1010=FACE_BOUND('',#786,.T.);
#1011=FACE_BOUND('',#787,.T.);
#1012=FACE_BOUND('',#788,.T.);
#1013=FACE_BOUND('',#789,.T.);
#1014=FACE_BOUND('',#790,.T.);
#1015=FACE_BOUND('',#791,.T.);
#1016=FACE_BOUND('',#792,.T.);
#1017=FACE_BOUND('',#793,.T.);
#1018=FACE_BOUND('',#794,.T.);
#1019=FACE_BOUND('',#795,.T.);
#1020=FACE_BOUND('',#796,.T.);
#1021=FACE_BOUND('',#797,.T.);
#1022=FACE_BOUND('',#798,.T.);
#1023=FACE_BOUND('',#799,.T.);
#1024=FACE_BOUND('',#800,.T.);
#1025=FACE_BOUND('',#801,.T.);
#1026=FACE_BOUND('',#802,.T.);
#1027=FACE_BOUND('',#803,.T.);
#1028=FACE_BOUND('',#804,.T.);
#1029=FACE_BOUND('',#805,.T.);
#1030=FACE_BOUND('',#806,.T.);
#1031=FACE_BOUND('',#807,.T.);
#1032=FACE_BOUND('',#808,.T.);
#1033=FACE_BOUND('',#809,.T.);
#1034=FACE_BOUND('',#810,.T.);
#1035=FACE_BOUND('',#811,.T.);
#1036=FACE_BOUND('',#812,.T.);
#1037=FACE_BOUND('',#813,.T.);
#1038=FACE_BOUND('',#814,.T.);
#1039=FACE_BOUND('',#815,.T.);
#1040=FACE_BOUND('',#816,.T.);
#1041=FACE_BOUND('',#817,.T.);
#1042=FACE_BOUND('',#818,.T.);
#1043=FACE_BOUND('',#819,.T.);
#1044=FACE_BOUND('',#820,.T.);
#1045=FACE_BOUND('',#821,.T.);
#1046=FACE_BOUND('',#822,.T.);
#1047=FACE_BOUND('',#823,.T.);
#1048=FACE_BOUND('',#824,.T.);
#1049=FACE_BOUND('',#825,.T.);
#1050=FACE_BOUND('',#826,.T.);
#1051=FACE_BOUND('',#827,.T.);
#1052=FACE_BOUND('',#828,.T.);
#1053=FACE_BOUND('',#829,.T.);
#1054=FACE_BOUND('',#830,.T.);
#1055=FACE_BOUND('',#831,.T.);
#1056=FACE_BOUND('',#832,.T.);
#1057=FACE_BOUND('',#833,.T.);
#1058=FACE_BOUND('',#834,.T.);
#1059=FACE_BOUND('',#835,.T.);
#1060=FACE_BOUND('',#836,.T.);
#1061=FACE_BOUND('',#837,.T.);
#1062=FACE_BOUND('',#838,.T.);
#1063=FACE_BOUND('',#839,.T.);
#1064=FACE_BOUND('',#840,.T.);
#1065=FACE_BOUND('',#841,.T.);
#1066=FACE_BOUND('',#842,.T.);
#1067=FACE_BOUND('',#843,.T.);
#1068=FACE_BOUND('',#844,.T.);
#1069=FACE_BOUND('',#845,.T.);
#1070=FACE_BOUND('',#846,.T.);
#1071=FACE_BOUND('',#847,.T.);
#1072=FACE_BOUND('',#848,.T.);
#1073=FACE_BOUND('',#849,.T.);
#1074=FACE_BOUND('',#850,.T.);
#1075=FACE_BOUND('',#851,.T.);
#1076=PLANE('',#1259);
#1077=PLANE('',#1263);
#1078=PLANE('',#1267);
#1079=PLANE('',#1271);
#1080=PLANE('',#1275);
#1081=PLANE('',#1279);
#1082=PLANE('',#1282);
#1083=PLANE('',#1285);
#1084=PLANE('',#1288);
#1085=PLANE('',#1291);
#1086=PLANE('',#1294);
#1087=PLANE('',#1297);
#1088=PLANE('',#1300);
#1089=PLANE('',#1303);
#1090=PLANE('',#1306);
#1091=PLANE('',#1315);
#1092=PLANE('',#1317);
#1093=PLANE('',#1318);
#1094=PLANE('',#1325);
#1095=PLANE('',#1326);
#1096=PLANE('',#1327);
#1097=PLANE('',#1334);
#1098=PLANE('',#1335);
#1099=PLANE('',#1336);
#1100=PLANE('',#1339);
#1101=PLANE('',#1342);
#1102=PLANE('',#1345);
#1103=PLANE('',#1348);
#1104=PLANE('',#1351);
#1105=PLANE('',#1354);
#1106=PLANE('',#1357);
#1107=PLANE('',#1360);
#1108=PLANE('',#1363);
#1109=PLANE('',#1366);
#1110=PLANE('',#1369);
#1111=PLANE('',#1372);
#1112=PLANE('',#1375);
#1113=PLANE('',#1378);
#1114=PLANE('',#1381);
#1115=PLANE('',#1384);
#1116=PLANE('',#1387);
#1117=PLANE('',#1390);
#1118=PLANE('',#1393);
#1119=PLANE('',#1396);
#1120=PLANE('',#1399);
#1121=PLANE('',#1402);
#1122=PLANE('',#1405);
#1123=PLANE('',#1408);
#1124=PLANE('',#1411);
#1125=PLANE('',#1414);
#1126=PLANE('',#1417);
#1127=PLANE('',#1420);
#1128=PLANE('',#1423);
#1129=PLANE('',#1426);
#1130=PLANE('',#1429);
#1131=PLANE('',#1432);
#1132=PLANE('',#1435);
#1133=ADVANCED_FACE('',(#852),#1076,.T.);
#1134=ADVANCED_FACE('',(#853,#854),#60,.F.);
#1135=ADVANCED_FACE('',(#855),#1077,.T.);
#1136=ADVANCED_FACE('',(#856,#857),#61,.F.);
#1137=ADVANCED_FACE('',(#858),#1078,.T.);
#1138=ADVANCED_FACE('',(#859,#860),#62,.F.);
#1139=ADVANCED_FACE('',(#861),#1079,.T.);
#1140=ADVANCED_FACE('',(#862,#863),#63,.F.);
#1141=ADVANCED_FACE('',(#864),#1080,.T.);
#1142=ADVANCED_FACE('',(#865,#866),#64,.F.);
#1143=ADVANCED_FACE('',(#867),#1081,.T.);
#1144=ADVANCED_FACE('',(#868,#869),#65,.F.);
#1145=ADVANCED_FACE('',(#870),#1082,.T.);
#1146=ADVANCED_FACE('',(#871,#872),#66,.F.);
#1147=ADVANCED_FACE('',(#873),#1083,.T.);
#1148=ADVANCED_FACE('',(#874,#875),#67,.F.);
#1149=ADVANCED_FACE('',(#876),#1084,.T.);
#1150=ADVANCED_FACE('',(#877,#878),#68,.F.);
#1151=ADVANCED_FACE('',(#879),#1085,.T.);
#1152=ADVANCED_FACE('',(#880,#881),#69,.F.);
#1153=ADVANCED_FACE('',(#882),#1086,.T.);
#1154=ADVANCED_FACE('',(#883,#884),#70,.F.);
#1155=ADVANCED_FACE('',(#885),#1087,.T.);
#1156=ADVANCED_FACE('',(#886,#887),#71,.F.);
#1157=ADVANCED_FACE('',(#888),#1088,.T.);
#1158=ADVANCED_FACE('',(#889,#890),#72,.F.);
#1159=ADVANCED_FACE('',(#891),#1089,.T.);
#1160=ADVANCED_FACE('',(#892,#893),#73,.F.);
#1161=ADVANCED_FACE('',(#894),#1090,.T.);
#1162=ADVANCED_FACE('',(#895,#896),#74,.F.);
#1163=ADVANCED_FACE('',(#897,#898,#899,#900,#901,#902,#903,#904,#905,#906,
#907,#908,#909,#910,#911,#912,#913,#914,#915,#916,#917,#918,#919,#920,#921,
#922,#923,#924,#925,#926,#927,#928,#929,#930,#931,#932,#933,#934,#935,#936,
#937,#938,#939,#940,#941,#942,#943,#944,#945,#946),#75,.T.);
#1164=ADVANCED_FACE('',(#947,#948),#76,.F.);
#1165=ADVANCED_FACE('',(#949,#950,#951,#952,#953,#954,#955,#956),#1091,
 .T.);
#1166=ADVANCED_FACE('',(#957),#1092,.F.);
#1167=ADVANCED_FACE('',(#958),#1093,.T.);
#1168=ADVANCED_FACE('',(#959,#960),#77,.F.);
#1169=ADVANCED_FACE('',(#961,#962),#78,.F.);
#1170=ADVANCED_FACE('',(#963,#964),#79,.F.);
#1171=ADVANCED_FACE('',(#965),#1094,.T.);
#1172=ADVANCED_FACE('',(#966),#1095,.T.);
#1173=ADVANCED_FACE('',(#967),#1096,.T.);
#1174=ADVANCED_FACE('',(#968,#969),#80,.F.);
#1175=ADVANCED_FACE('',(#970,#971),#81,.F.);
#1176=ADVANCED_FACE('',(#972,#973),#82,.F.);
#1177=ADVANCED_FACE('',(#974),#1097,.T.);
#1178=ADVANCED_FACE('',(#975),#1098,.T.);
#1179=ADVANCED_FACE('',(#976),#1099,.T.);
#1180=ADVANCED_FACE('',(#977,#978),#83,.F.);
#1181=ADVANCED_FACE('',(#979),#1100,.T.);
#1182=ADVANCED_FACE('',(#980,#981),#84,.F.);
#1183=ADVANCED_FACE('',(#982),#1101,.T.);
#1184=ADVANCED_FACE('',(#983,#984),#85,.F.);
#1185=ADVANCED_FACE('',(#985),#1102,.T.);
#1186=ADVANCED_FACE('',(#986,#987),#86,.F.);
#1187=ADVANCED_FACE('',(#988),#1103,.T.);
#1188=ADVANCED_FACE('',(#989,#990),#87,.F.);
#1189=ADVANCED_FACE('',(#991),#1104,.T.);
#1190=ADVANCED_FACE('',(#992,#993),#88,.F.);
#1191=ADVANCED_FACE('',(#994),#1105,.T.);
#1192=ADVANCED_FACE('',(#995,#996),#89,.F.);
#1193=ADVANCED_FACE('',(#997),#1106,.T.);
#1194=ADVANCED_FACE('',(#998,#999),#90,.F.);
#1195=ADVANCED_FACE('',(#1000),#1107,.T.);
#1196=ADVANCED_FACE('',(#1001,#1002),#91,.F.);
#1197=ADVANCED_FACE('',(#1003),#1108,.T.);
#1198=ADVANCED_FACE('',(#1004,#1005),#92,.F.);
#1199=ADVANCED_FACE('',(#1006),#1109,.T.);
#1200=ADVANCED_FACE('',(#1007,#1008),#93,.F.);
#1201=ADVANCED_FACE('',(#1009),#1110,.T.);
#1202=ADVANCED_FACE('',(#1010,#1011),#94,.F.);
#1203=ADVANCED_FACE('',(#1012),#1111,.T.);
#1204=ADVANCED_FACE('',(#1013,#1014),#95,.F.);
#1205=ADVANCED_FACE('',(#1015),#1112,.T.);
#1206=ADVANCED_FACE('',(#1016,#1017),#96,.F.);
#1207=ADVANCED_FACE('',(#1018),#1113,.T.);
#1208=ADVANCED_FACE('',(#1019,#1020),#97,.F.);
#1209=ADVANCED_FACE('',(#1021),#1114,.T.);
#1210=ADVANCED_FACE('',(#1022,#1023),#98,.F.);
#1211=ADVANCED_FACE('',(#1024),#1115,.T.);
#1212=ADVANCED_FACE('',(#1025,#1026),#99,.F.);
#1213=ADVANCED_FACE('',(#1027),#1116,.T.);
#1214=ADVANCED_FACE('',(#1028,#1029),#100,.F.);
#1215=ADVANCED_FACE('',(#1030),#1117,.T.);
#1216=ADVANCED_FACE('',(#1031,#1032),#101,.F.);
#1217=ADVANCED_FACE('',(#1033),#1118,.T.);
#1218=ADVANCED_FACE('',(#1034,#1035),#102,.F.);
#1219=ADVANCED_FACE('',(#1036),#1119,.T.);
#1220=ADVANCED_FACE('',(#1037,#1038),#103,.F.);
#1221=ADVANCED_FACE('',(#1039),#1120,.T.);
#1222=ADVANCED_FACE('',(#1040,#1041),#104,.F.);
#1223=ADVANCED_FACE('',(#1042),#1121,.T.);
#1224=ADVANCED_FACE('',(#1043,#1044),#105,.F.);
#1225=ADVANCED_FACE('',(#1045),#1122,.T.);
#1226=ADVANCED_FACE('',(#1046,#1047),#106,.F.);
#1227=ADVANCED_FACE('',(#1048),#1123,.T.);
#1228=ADVANCED_FACE('',(#1049,#1050),#107,.F.);
#1229=ADVANCED_FACE('',(#1051),#1124,.T.);
#1230=ADVANCED_FACE('',(#1052,#1053),#108,.F.);
#1231=ADVANCED_FACE('',(#1054),#1125,.T.);
#1232=ADVANCED_FACE('',(#1055,#1056),#109,.F.);
#1233=ADVANCED_FACE('',(#1057),#1126,.T.);
#1234=ADVANCED_FACE('',(#1058,#1059),#110,.F.);
#1235=ADVANCED_FACE('',(#1060),#1127,.T.);
#1236=ADVANCED_FACE('',(#1061,#1062),#111,.F.);
#1237=ADVANCED_FACE('',(#1063),#1128,.T.);
#1238=ADVANCED_FACE('',(#1064,#1065),#112,.F.);
#1239=ADVANCED_FACE('',(#1066),#1129,.T.);
#1240=ADVANCED_FACE('',(#1067,#1068),#113,.F.);
#1241=ADVANCED_FACE('',(#1069),#1130,.T.);
#1242=ADVANCED_FACE('',(#1070,#1071),#114,.F.);
#1243=ADVANCED_FACE('',(#1072),#1131,.T.);
#1244=ADVANCED_FACE('',(#1073,#1074),#115,.F.);
#1245=ADVANCED_FACE('',(#1075),#1132,.T.);
#1246=CLOSED_SHELL('',(#1133,#1134,#1135,#1136,#1137,#1138,#1139,#1140,
#1141,#1142,#1143,#1144,#1145,#1146,#1147,#1148,#1149,#1150,#1151,#1152,
#1153,#1154,#1155,#1156,#1157,#1158,#1159,#1160,#1161,#1162,#1163,#1164,
#1165,#1166,#1167,#1168,#1169,#1170,#1171,#1172,#1173,#1174,#1175,#1176,
#1177,#1178,#1179,#1180,#1181,#1182,#1183,#1184,#1185,#1186,#1187,#1188,
#1189,#1190,#1191,#1192,#1193,#1194,#1195,#1196,#1197,#1198,#1199,#1200,
#1201,#1202,#1203,#1204,#1205,#1206,#1207,#1208,#1209,#1210,#1211,#1212,
#1213,#1214,#1215,#1216,#1217,#1218,#1219,#1220,#1221,#1222,#1223,#1224,
#1225,#1226,#1227,#1228,#1229,#1230,#1231,#1232,#1233,#1234,#1235,#1236,
#1237,#1238,#1239,#1240,#1241,#1242,#1243,#1244,#1245));
#1247=STYLED_ITEM('',(#1248),#1255);
#1248=PRESENTATION_STYLE_ASSIGNMENT((#1249));
#1249=SURFACE_STYLE_USAGE(.BOTH.,#1250);
#1250=SURFACE_SIDE_STYLE('',(#1251));
#1251=SURFACE_STYLE_FILL_AREA(#1252);
#1252=FILL_AREA_STYLE('',(#1253));
#1253=FILL_AREA_STYLE_COLOUR('',#1254);
#1254=COLOUR_RGB('',0.615686274509804,0.811764705882353,0.929411764705882);
#1255=MANIFOLD_SOLID_BREP('Part 1',#1246);
#1256=SHAPE_DEFINITION_REPRESENTATION(#2616,#1257);
#1257=SHAPE_REPRESENTATION('Part 1',(#1258),#2611);
#1258=AXIS2_PLACEMENT_3D('',#1792,#1436,#1437);
#1259=AXIS2_PLACEMENT_3D('',#1793,#1438,#1439);
#1260=AXIS2_PLACEMENT_3D('',#1794,#1440,#1441);
#1261=AXIS2_PLACEMENT_3D('',#1796,#1442,#1443);
#1262=AXIS2_PLACEMENT_3D('',#1797,#1444,#1445);
#1263=AXIS2_PLACEMENT_3D('',#1799,#1446,#1447);
#1264=AXIS2_PLACEMENT_3D('',#1800,#1448,#1449);
#1265=AXIS2_PLACEMENT_3D('',#1802,#1450,#1451);
#1266=AXIS2_PLACEMENT_3D('',#1803,#1452,#1453);
#1267=AXIS2_PLACEMENT_3D('',#1805,#1454,#1455);
#1268=AXIS2_PLACEMENT_3D('',#1806,#1456,#1457);
#1269=AXIS2_PLACEMENT_3D('',#1808,#1458,#1459);
#1270=AXIS2_PLACEMENT_3D('',#1809,#1460,#1461);
#1271=AXIS2_PLACEMENT_3D('',#1811,#1462,#1463);
#1272=AXIS2_PLACEMENT_3D('',#1812,#1464,#1465);
#1273=AXIS2_PLACEMENT_3D('',#1814,#1466,#1467);
#1274=AXIS2_PLACEMENT_3D('',#1815,#1468,#1469);
#1275=AXIS2_PLACEMENT_3D('',#1817,#1470,#1471);
#1276=AXIS2_PLACEMENT_3D('',#1818,#1472,#1473);
#1277=AXIS2_PLACEMENT_3D('',#1820,#1474,#1475);
#1278=AXIS2_PLACEMENT_3D('',#1821,#1476,#1477);
#1279=AXIS2_PLACEMENT_3D('',#1823,#1478,#1479);
#1280=AXIS2_PLACEMENT_3D('',#1824,#1480,#1481);
#1281=AXIS2_PLACEMENT_3D('',#1826,#1482,#1483);
#1282=AXIS2_PLACEMENT_3D('',#1839,#1484,#1485);
#1283=AXIS2_PLACEMENT_3D('',#1840,#1486,#1487);
#1284=AXIS2_PLACEMENT_3D('',#1842,#1488,#1489);
#1285=AXIS2_PLACEMENT_3D('',#1855,#1490,#1491);
#1286=AXIS2_PLACEMENT_3D('',#1856,#1492,#1493);
#1287=AXIS2_PLACEMENT_3D('',#1858,#1494,#1495);
#1288=AXIS2_PLACEMENT_3D('',#1871,#1496,#1497);
#1289=AXIS2_PLACEMENT_3D('',#1872,#1498,#1499);
#1290=AXIS2_PLACEMENT_3D('',#1874,#1500,#1501);
#1291=AXIS2_PLACEMENT_3D('',#1887,#1502,#1503);
#1292=AXIS2_PLACEMENT_3D('',#1888,#1504,#1505);
#1293=AXIS2_PLACEMENT_3D('',#1890,#1506,#1507);
#1294=AXIS2_PLACEMENT_3D('',#1903,#1508,#1509);
#1295=AXIS2_PLACEMENT_3D('',#1904,#1510,#1511);
#1296=AXIS2_PLACEMENT_3D('',#1906,#1512,#1513);
#1297=AXIS2_PLACEMENT_3D('',#1919,#1514,#1515);
#1298=AXIS2_PLACEMENT_3D('',#1920,#1516,#1517);
#1299=AXIS2_PLACEMENT_3D('',#1922,#1518,#1519);
#1300=AXIS2_PLACEMENT_3D('',#1935,#1520,#1521);
#1301=AXIS2_PLACEMENT_3D('',#1936,#1522,#1523);
#1302=AXIS2_PLACEMENT_3D('',#1938,#1524,#1525);
#1303=AXIS2_PLACEMENT_3D('',#1951,#1526,#1527);
#1304=AXIS2_PLACEMENT_3D('',#1952,#1528,#1529);
#1305=AXIS2_PLACEMENT_3D('',#1954,#1530,#1531);
#1306=AXIS2_PLACEMENT_3D('',#1967,#1532,#1533);
#1307=AXIS2_PLACEMENT_3D('',#1968,#1534,#1535);
#1308=AXIS2_PLACEMENT_3D('',#1970,#1536,#1537);
#1309=AXIS2_PLACEMENT_3D('',#1983,#1538,#1539);
#1310=AXIS2_PLACEMENT_3D('',#2044,#1540,#1541);
#1311=AXIS2_PLACEMENT_3D('',#2046,#1542,#1543);
#1312=AXIS2_PLACEMENT_3D('',#2444,#1544,#1545);
#1313=AXIS2_PLACEMENT_3D('',#2445,#1546,#1547);
#1314=AXIS2_PLACEMENT_3D('',#2447,#1548,#1549);
#1315=AXIS2_PLACEMENT_3D('',#2449,#1550,#1551);
#1316=AXIS2_PLACEMENT_3D('',#2450,#1552,#1553);
#1317=AXIS2_PLACEMENT_3D('',#2452,#1554,#1555);
#1318=AXIS2_PLACEMENT_3D('',#2453,#1556,#1557);
#1319=AXIS2_PLACEMENT_3D('',#2454,#1558,#1559);
#1320=AXIS2_PLACEMENT_3D('',#2455,#1560,#1561);
#1321=AXIS2_PLACEMENT_3D('',#2457,#1562,#1563);
#1322=AXIS2_PLACEMENT_3D('',#2458,#1564,#1565);
#1323=AXIS2_PLACEMENT_3D('',#2460,#1566,#1567);
#1324=AXIS2_PLACEMENT_3D('',#2461,#1568,#1569);
#1325=AXIS2_PLACEMENT_3D('',#2463,#1570,#1571);
#1326=AXIS2_PLACEMENT_3D('',#2464,#1572,#1573);
#1327=AXIS2_PLACEMENT_3D('',#2465,#1574,#1575);
#1328=AXIS2_PLACEMENT_3D('',#2466,#1576,#1577);
#1329=AXIS2_PLACEMENT_3D('',#2467,#1578,#1579);
#1330=AXIS2_PLACEMENT_3D('',#2469,#1580,#1581);
#1331=AXIS2_PLACEMENT_3D('',#2470,#1582,#1583);
#1332=AXIS2_PLACEMENT_3D('',#2472,#1584,#1585);
#1333=AXIS2_PLACEMENT_3D('',#2473,#1586,#1587);
#1334=AXIS2_PLACEMENT_3D('',#2475,#1588,#1589);
#1335=AXIS2_PLACEMENT_3D('',#2476,#1590,#1591);
#1336=AXIS2_PLACEMENT_3D('',#2477,#1592,#1593);
#1337=AXIS2_PLACEMENT_3D('',#2478,#1594,#1595);
#1338=AXIS2_PLACEMENT_3D('',#2479,#1596,#1597);
#1339=AXIS2_PLACEMENT_3D('',#2481,#1598,#1599);
#1340=AXIS2_PLACEMENT_3D('',#2482,#1600,#1601);
#1341=AXIS2_PLACEMENT_3D('',#2483,#1602,#1603);
#1342=AXIS2_PLACEMENT_3D('',#2485,#1604,#1605);
#1343=AXIS2_PLACEMENT_3D('',#2486,#1606,#1607);
#1344=AXIS2_PLACEMENT_3D('',#2487,#1608,#1609);
#1345=AXIS2_PLACEMENT_3D('',#2489,#1610,#1611);
#1346=AXIS2_PLACEMENT_3D('',#2490,#1612,#1613);
#1347=AXIS2_PLACEMENT_3D('',#2491,#1614,#1615);
#1348=AXIS2_PLACEMENT_3D('',#2493,#1616,#1617);
#1349=AXIS2_PLACEMENT_3D('',#2494,#1618,#1619);
#1350=AXIS2_PLACEMENT_3D('',#2495,#1620,#1621);
#1351=AXIS2_PLACEMENT_3D('',#2497,#1622,#1623);
#1352=AXIS2_PLACEMENT_3D('',#2498,#1624,#1625);
#1353=AXIS2_PLACEMENT_3D('',#2499,#1626,#1627);
#1354=AXIS2_PLACEMENT_3D('',#2501,#1628,#1629);
#1355=AXIS2_PLACEMENT_3D('',#2502,#1630,#1631);
#1356=AXIS2_PLACEMENT_3D('',#2503,#1632,#1633);
#1357=AXIS2_PLACEMENT_3D('',#2505,#1634,#1635);
#1358=AXIS2_PLACEMENT_3D('',#2506,#1636,#1637);
#1359=AXIS2_PLACEMENT_3D('',#2507,#1638,#1639);
#1360=AXIS2_PLACEMENT_3D('',#2509,#1640,#1641);
#1361=AXIS2_PLACEMENT_3D('',#2510,#1642,#1643);
#1362=AXIS2_PLACEMENT_3D('',#2511,#1644,#1645);
#1363=AXIS2_PLACEMENT_3D('',#2513,#1646,#1647);
#1364=AXIS2_PLACEMENT_3D('',#2514,#1648,#1649);
#1365=AXIS2_PLACEMENT_3D('',#2515,#1650,#1651);
#1366=AXIS2_PLACEMENT_3D('',#2517,#1652,#1653);
#1367=AXIS2_PLACEMENT_3D('',#2518,#1654,#1655);
#1368=AXIS2_PLACEMENT_3D('',#2519,#1656,#1657);
#1369=AXIS2_PLACEMENT_3D('',#2521,#1658,#1659);
#1370=AXIS2_PLACEMENT_3D('',#2522,#1660,#1661);
#1371=AXIS2_PLACEMENT_3D('',#2523,#1662,#1663);
#1372=AXIS2_PLACEMENT_3D('',#2525,#1664,#1665);
#1373=AXIS2_PLACEMENT_3D('',#2526,#1666,#1667);
#1374=AXIS2_PLACEMENT_3D('',#2527,#1668,#1669);
#1375=AXIS2_PLACEMENT_3D('',#2529,#1670,#1671);
#1376=AXIS2_PLACEMENT_3D('',#2530,#1672,#1673);
#1377=AXIS2_PLACEMENT_3D('',#2531,#1674,#1675);
#1378=AXIS2_PLACEMENT_3D('',#2533,#1676,#1677);
#1379=AXIS2_PLACEMENT_3D('',#2534,#1678,#1679);
#1380=AXIS2_PLACEMENT_3D('',#2535,#1680,#1681);
#1381=AXIS2_PLACEMENT_3D('',#2537,#1682,#1683);
#1382=AXIS2_PLACEMENT_3D('',#2538,#1684,#1685);
#1383=AXIS2_PLACEMENT_3D('',#2539,#1686,#1687);
#1384=AXIS2_PLACEMENT_3D('',#2541,#1688,#1689);
#1385=AXIS2_PLACEMENT_3D('',#2542,#1690,#1691);
#1386=AXIS2_PLACEMENT_3D('',#2543,#1692,#1693);
#1387=AXIS2_PLACEMENT_3D('',#2545,#1694,#1695);
#1388=AXIS2_PLACEMENT_3D('',#2546,#1696,#1697);
#1389=AXIS2_PLACEMENT_3D('',#2547,#1698,#1699);
#1390=AXIS2_PLACEMENT_3D('',#2549,#1700,#1701);
#1391=AXIS2_PLACEMENT_3D('',#2550,#1702,#1703);
#1392=AXIS2_PLACEMENT_3D('',#2551,#1704,#1705);
#1393=AXIS2_PLACEMENT_3D('',#2553,#1706,#1707);
#1394=AXIS2_PLACEMENT_3D('',#2554,#1708,#1709);
#1395=AXIS2_PLACEMENT_3D('',#2555,#1710,#1711);
#1396=AXIS2_PLACEMENT_3D('',#2557,#1712,#1713);
#1397=AXIS2_PLACEMENT_3D('',#2558,#1714,#1715);
#1398=AXIS2_PLACEMENT_3D('',#2559,#1716,#1717);
#1399=AXIS2_PLACEMENT_3D('',#2561,#1718,#1719);
#1400=AXIS2_PLACEMENT_3D('',#2562,#1720,#1721);
#1401=AXIS2_PLACEMENT_3D('',#2563,#1722,#1723);
#1402=AXIS2_PLACEMENT_3D('',#2565,#1724,#1725);
#1403=AXIS2_PLACEMENT_3D('',#2566,#1726,#1727);
#1404=AXIS2_PLACEMENT_3D('',#2567,#1728,#1729);
#1405=AXIS2_PLACEMENT_3D('',#2569,#1730,#1731);
#1406=AXIS2_PLACEMENT_3D('',#2570,#1732,#1733);
#1407=AXIS2_PLACEMENT_3D('',#2571,#1734,#1735);
#1408=AXIS2_PLACEMENT_3D('',#2573,#1736,#1737);
#1409=AXIS2_PLACEMENT_3D('',#2574,#1738,#1739);
#1410=AXIS2_PLACEMENT_3D('',#2575,#1740,#1741);
#1411=AXIS2_PLACEMENT_3D('',#2577,#1742,#1743);
#1412=AXIS2_PLACEMENT_3D('',#2578,#1744,#1745);
#1413=AXIS2_PLACEMENT_3D('',#2579,#1746,#1747);
#1414=AXIS2_PLACEMENT_3D('',#2581,#1748,#1749);
#1415=AXIS2_PLACEMENT_3D('',#2582,#1750,#1751);
#1416=AXIS2_PLACEMENT_3D('',#2583,#1752,#1753);
#1417=AXIS2_PLACEMENT_3D('',#2585,#1754,#1755);
#1418=AXIS2_PLACEMENT_3D('',#2586,#1756,#1757);
#1419=AXIS2_PLACEMENT_3D('',#2587,#1758,#1759);
#1420=AXIS2_PLACEMENT_3D('',#2589,#1760,#1761);
#1421=AXIS2_PLACEMENT_3D('',#2590,#1762,#1763);
#1422=AXIS2_PLACEMENT_3D('',#2591,#1764,#1765);
#1423=AXIS2_PLACEMENT_3D('',#2593,#1766,#1767);
#1424=AXIS2_PLACEMENT_3D('',#2594,#1768,#1769);
#1425=AXIS2_PLACEMENT_3D('',#2595,#1770,#1771);
#1426=AXIS2_PLACEMENT_3D('',#2597,#1772,#1773);
#1427=AXIS2_PLACEMENT_3D('',#2598,#1774,#1775);
#1428=AXIS2_PLACEMENT_3D('',#2599,#1776,#1777);
#1429=AXIS2_PLACEMENT_3D('',#2601,#1778,#1779);
#1430=AXIS2_PLACEMENT_3D('',#2602,#1780,#1781);
#1431=AXIS2_PLACEMENT_3D('',#2603,#1782,#1783);
#1432=AXIS2_PLACEMENT_3D('',#2605,#1784,#1785);
#1433=AXIS2_PLACEMENT_3D('',#2606,#1786,#1787);
#1434=AXIS2_PLACEMENT_3D('',#2607,#1788,#1789);
#1435=AXIS2_PLACEMENT_3D('',#2609,#1790,#1791);
#1436=DIRECTION('',(0.,0.,1.));
#1437=DIRECTION('',(1.,0.,0.));
#1438=DIRECTION('',(0.,0.,1.));
#1439=DIRECTION('',(0.5,0.866025403784439,0.));
#1440=DIRECTION('',(0.,0.,1.));
#1441=DIRECTION('',(0.5,0.866025403784439,0.));
#1442=DIRECTION('',(0.,0.,1.));
#1443=DIRECTION('',(0.5,0.866025403784439,0.));
#1444=DIRECTION('',(0.,0.,1.));
#1445=DIRECTION('',(0.5,0.866025403784439,0.));
#1446=DIRECTION('',(0.,0.,1.));
#1447=DIRECTION('',(-0.5,0.866025403784438,0.));
#1448=DIRECTION('',(0.,0.,1.));
#1449=DIRECTION('',(-0.5,0.866025403784438,0.));
#1450=DIRECTION('',(0.,0.,1.));
#1451=DIRECTION('',(-0.5,0.866025403784438,0.));
#1452=DIRECTION('',(0.,0.,1.));
#1453=DIRECTION('',(-0.5,0.866025403784438,0.));
#1454=DIRECTION('',(0.,0.,1.));
#1455=DIRECTION('',(-1.,-1.22464679914735E-16,0.));
#1456=DIRECTION('',(0.,0.,1.));
#1457=DIRECTION('',(-1.,-1.22464679914735E-16,0.));
#1458=DIRECTION('',(0.,0.,1.));
#1459=DIRECTION('',(-1.,-1.22464679914735E-16,0.));
#1460=DIRECTION('',(0.,0.,1.));
#1461=DIRECTION('',(-1.,-1.22464679914735E-16,0.));
#1462=DIRECTION('',(0.,0.,1.));
#1463=DIRECTION('',(-0.5,-0.866025403784439,0.));
#1464=DIRECTION('',(0.,0.,1.));
#1465=DIRECTION('',(-0.5,-0.866025403784439,0.));
#1466=DIRECTION('',(0.,0.,1.));
#1467=DIRECTION('',(-0.5,-0.866025403784439,0.));
#1468=DIRECTION('',(0.,0.,1.));
#1469=DIRECTION('',(-0.5,-0.866025403784439,0.));
#1470=DIRECTION('',(0.,0.,1.));
#1471=DIRECTION('',(0.5,-0.866025403784439,0.));
#1472=DIRECTION('',(0.,0.,1.));
#1473=DIRECTION('',(0.5,-0.866025403784439,0.));
#1474=DIRECTION('',(0.,0.,1.));
#1475=DIRECTION('',(0.5,-0.866025403784439,0.));
#1476=DIRECTION('',(0.,0.,1.));
#1477=DIRECTION('',(0.5,-0.866025403784439,0.));
#1478=DIRECTION('',(-0.866025403784439,0.5,0.));
#1479=DIRECTION('',(-0.5,-0.866025403784439,0.));
#1480=DIRECTION('',(-0.866025403784439,0.5,0.));
#1481=DIRECTION('',(0.,0.,1.));
#1482=DIRECTION('',(-0.866025403784439,0.5,0.));
#1483=DIRECTION('',(0.,0.,1.));
#1484=DIRECTION('',(-0.866025403784439,0.5,0.));
#1485=DIRECTION('',(-0.5,-0.866025403784439,0.));
#1486=DIRECTION('',(-0.866025403784439,0.5,0.));
#1487=DIRECTION('',(0.,0.,1.));
#1488=DIRECTION('',(-0.866025403784439,0.5,0.));
#1489=DIRECTION('',(0.,0.,1.));
#1490=DIRECTION('',(-0.866025403784438,-0.5,0.));
#1491=DIRECTION('',(0.5,-0.866025403784438,0.));
#1492=DIRECTION('',(-0.866025403784438,-0.5,0.));
#1493=DIRECTION('',(0.,0.,1.));
#1494=DIRECTION('',(-0.866025403784438,-0.5,0.));
#1495=DIRECTION('',(0.,0.,1.));
#1496=DIRECTION('',(-0.866025403784438,-0.5,0.));
#1497=DIRECTION('',(0.5,-0.866025403784438,0.));
#1498=DIRECTION('',(-0.866025403784438,-0.5,0.));
#1499=DIRECTION('',(0.,0.,1.));
#1500=DIRECTION('',(-0.866025403784438,-0.5,0.));
#1501=DIRECTION('',(0.,0.,1.));
#1502=DIRECTION('',(1.22464679914735E-16,-1.,0.));
#1503=DIRECTION('',(1.,1.22464679914735E-16,0.));
#1504=DIRECTION('',(1.22464679914735E-16,-1.,0.));
#1505=DIRECTION('',(0.,0.,1.));
#1506=DIRECTION('',(1.22464679914735E-16,-1.,0.));
#1507=DIRECTION('',(0.,0.,1.));
#1508=DIRECTION('',(1.22464679914735E-16,-1.,0.));
#1509=DIRECTION('',(1.,1.22464679914735E-16,0.));
#1510=DIRECTION('',(1.22464679914735E-16,-1.,0.));
#1511=DIRECTION('',(0.,0.,1.));
#1512=DIRECTION('',(1.22464679914735E-16,-1.,0.));
#1513=DIRECTION('',(0.,0.,1.));
#1514=DIRECTION('',(0.866025403784439,-0.5,0.));
#1515=DIRECTION('',(0.5,0.866025403784439,0.));
#1516=DIRECTION('',(0.866025403784439,-0.5,0.));
#1517=DIRECTION('',(0.,0.,1.));
#1518=DIRECTION('',(0.866025403784439,-0.5,0.));
#1519=DIRECTION('',(0.,0.,1.));
#1520=DIRECTION('',(0.866025403784439,-0.5,0.));
#1521=DIRECTION('',(0.5,0.866025403784439,0.));
#1522=DIRECTION('',(0.866025403784439,-0.5,0.));
#1523=DIRECTION('',(0.,0.,1.));
#1524=DIRECTION('',(0.866025403784439,-0.5,0.));
#1525=DIRECTION('',(0.,0.,1.));
#1526=DIRECTION('',(0.866025403784439,0.5,0.));
#1527=DIRECTION('',(-0.5,0.866025403784439,0.));
#1528=DIRECTION('',(0.866025403784439,0.5,0.));
#1529=DIRECTION('',(0.,0.,1.));
#1530=DIRECTION('',(0.866025403784439,0.5,0.));
#1531=DIRECTION('',(0.,0.,1.));
#1532=DIRECTION('',(0.866025403784439,0.5,0.));
#1533=DIRECTION('',(-0.5,0.866025403784439,0.));
#1534=DIRECTION('',(0.866025403784439,0.5,0.));
#1535=DIRECTION('',(0.,0.,1.));
#1536=DIRECTION('',(0.866025403784439,0.5,0.));
#1537=DIRECTION('',(0.,0.,1.));
#1538=DIRECTION('',(0.,0.,-1.));
#1539=DIRECTION('',(-1.,0.,0.));
#1540=DIRECTION('',(0.,0.,1.));
#1541=DIRECTION('',(1.,0.,0.));
#1542=DIRECTION('',(0.,0.,1.));
#1543=DIRECTION('',(1.,0.,0.));
#1544=DIRECTION('',(0.,0.,-1.));
#1545=DIRECTION('',(-1.,0.,0.));
#1546=DIRECTION('',(0.,0.,1.));
#1547=DIRECTION('',(1.,0.,0.));
#1548=DIRECTION('',(0.,0.,1.));
#1549=DIRECTION('',(1.,0.,0.));
#1550=DIRECTION('',(0.,0.,1.));
#1551=DIRECTION('',(1.,0.,0.));
#1552=DIRECTION('',(0.,0.,1.));
#1553=DIRECTION('',(1.,0.,0.));
#1554=DIRECTION('',(0.,0.,-1.));
#1555=DIRECTION('',(1.,0.,0.));
#1556=DIRECTION('',(0.,0.,-1.));
#1557=DIRECTION('',(1.,0.,0.));
#1558=DIRECTION('',(0.38268343236509,-0.923879532511287,0.));
#1559=DIRECTION('',(0.923879532511287,0.38268343236509,0.));
#1560=DIRECTION('',(-0.38268343236509,0.923879532511287,0.));
#1561=DIRECTION('',(-0.923879532511287,-0.38268343236509,0.));
#1562=DIRECTION('',(0.38268343236509,-0.923879532511287,0.));
#1563=DIRECTION('',(0.923879532511287,0.38268343236509,0.));
#1564=DIRECTION('',(-0.38268343236509,0.923879532511287,0.));
#1565=DIRECTION('',(-0.923879532511287,-0.38268343236509,0.));
#1566=DIRECTION('',(0.38268343236509,-0.923879532511287,0.));
#1567=DIRECTION('',(0.923879532511287,0.38268343236509,0.));
#1568=DIRECTION('',(-0.38268343236509,0.923879532511287,0.));
#1569=DIRECTION('',(-0.923879532511287,-0.38268343236509,0.));
#1570=DIRECTION('',(-0.38268343236509,0.923879532511287,0.));
#1571=DIRECTION('',(-0.923879532511287,-0.38268343236509,0.));
#1572=DIRECTION('',(-0.38268343236509,0.923879532511287,0.));
#1573=DIRECTION('',(-0.923879532511287,-0.38268343236509,0.));
#1574=DIRECTION('',(-0.38268343236509,0.923879532511287,0.));
#1575=DIRECTION('',(-0.923879532511287,-0.38268343236509,0.));
#1576=DIRECTION('',(-0.38268343236509,-0.923879532511287,0.));
#1577=DIRECTION('',(0.923879532511287,-0.38268343236509,0.));
#1578=DIRECTION('',(0.38268343236509,0.923879532511287,0.));
#1579=DIRECTION('',(-0.923879532511287,0.38268343236509,0.));
#1580=DIRECTION('',(-0.38268343236509,-0.923879532511287,0.));
#1581=DIRECTION('',(0.923879532511287,-0.38268343236509,0.));
#1582=DIRECTION('',(0.38268343236509,0.923879532511287,0.));
#1583=DIRECTION('',(-0.923879532511287,0.38268343236509,0.));
#1584=DIRECTION('',(-0.38268343236509,-0.923879532511287,0.));
#1585=DIRECTION('',(0.923879532511287,-0.38268343236509,0.));
#1586=DIRECTION('',(0.38268343236509,0.923879532511287,0.));
#1587=DIRECTION('',(-0.923879532511287,0.38268343236509,0.));
#1588=DIRECTION('',(0.38268343236509,0.923879532511287,0.));
#1589=DIRECTION('',(-0.923879532511287,0.38268343236509,0.));
#1590=DIRECTION('',(0.38268343236509,0.923879532511287,0.));
#1591=DIRECTION('',(-0.923879532511287,0.38268343236509,0.));
#1592=DIRECTION('',(0.38268343236509,0.923879532511287,0.));
#1593=DIRECTION('',(-0.923879532511287,0.38268343236509,0.));
#1594=DIRECTION('',(0.99144486137381,-0.130526192220052,0.));
#1595=DIRECTION('',(0.130526192220052,0.99144486137381,0.));
#1596=DIRECTION('',(-0.99144486137381,0.130526192220052,0.));
#1597=DIRECTION('',(-0.130526192220052,-0.99144486137381,0.));
#1598=DIRECTION('',(-0.99144486137381,0.130526192220052,0.));
#1599=DIRECTION('',(-0.130526192220052,-0.99144486137381,0.));
#1600=DIRECTION('',(0.99144486137381,-0.130526192220052,0.));
#1601=DIRECTION('',(0.130526192220052,0.99144486137381,0.));
#1602=DIRECTION('',(-0.99144486137381,0.130526192220052,0.));
#1603=DIRECTION('',(-0.130526192220052,-0.99144486137381,0.));
#1604=DIRECTION('',(-0.99144486137381,0.130526192220052,0.));
#1605=DIRECTION('',(-0.130526192220052,-0.99144486137381,0.));
#1606=DIRECTION('',(0.99144486137381,-0.130526192220052,0.));
#1607=DIRECTION('',(0.130526192220052,0.99144486137381,0.));
#1608=DIRECTION('',(-0.99144486137381,0.130526192220052,0.));
#1609=DIRECTION('',(-0.130526192220052,-0.99144486137381,0.));
#1610=DIRECTION('',(-0.99144486137381,0.130526192220052,0.));
#1611=DIRECTION('',(-0.130526192220052,-0.99144486137381,0.));
#1612=DIRECTION('',(0.60876142900872,-0.793353340291235,0.));
#1613=DIRECTION('',(0.793353340291235,0.60876142900872,0.));
#1614=DIRECTION('',(-0.60876142900872,0.793353340291235,0.));
#1615=DIRECTION('',(-0.793353340291235,-0.60876142900872,0.));
#1616=DIRECTION('',(-0.60876142900872,0.793353340291235,0.));
#1617=DIRECTION('',(-0.793353340291235,-0.60876142900872,0.));
#1618=DIRECTION('',(0.60876142900872,-0.793353340291235,0.));
#1619=DIRECTION('',(0.793353340291235,0.60876142900872,0.));
#1620=DIRECTION('',(-0.60876142900872,0.793353340291235,0.));
#1621=DIRECTION('',(-0.793353340291235,-0.60876142900872,0.));
#1622=DIRECTION('',(-0.60876142900872,0.793353340291235,0.));
#1623=DIRECTION('',(-0.793353340291235,-0.60876142900872,0.));
#1624=DIRECTION('',(0.60876142900872,-0.793353340291235,0.));
#1625=DIRECTION('',(0.793353340291235,0.60876142900872,0.));
#1626=DIRECTION('',(-0.60876142900872,0.793353340291235,0.));
#1627=DIRECTION('',(-0.793353340291235,-0.60876142900872,0.));
#1628=DIRECTION('',(-0.60876142900872,0.793353340291235,0.));
#1629=DIRECTION('',(-0.793353340291235,-0.60876142900872,0.));
#1630=DIRECTION('',(0.608761429008721,0.793353340291235,0.));
#1631=DIRECTION('',(-0.793353340291235,0.608761429008721,0.));
#1632=DIRECTION('',(-0.608761429008721,-0.793353340291235,0.));
#1633=DIRECTION('',(0.793353340291235,-0.608761429008721,0.));
#1634=DIRECTION('',(-0.608761429008721,-0.793353340291235,0.));
#1635=DIRECTION('',(0.793353340291235,-0.608761429008721,0.));
#1636=DIRECTION('',(0.608761429008721,0.793353340291235,0.));
#1637=DIRECTION('',(-0.793353340291235,0.608761429008721,0.));
#1638=DIRECTION('',(-0.608761429008721,-0.793353340291235,0.));
#1639=DIRECTION('',(0.793353340291235,-0.608761429008721,0.));
#1640=DIRECTION('',(-0.608761429008721,-0.793353340291235,0.));
#1641=DIRECTION('',(0.793353340291235,-0.608761429008721,0.));
#1642=DIRECTION('',(0.608761429008721,0.793353340291235,0.));
#1643=DIRECTION('',(-0.793353340291235,0.608761429008721,0.));
#1644=DIRECTION('',(-0.608761429008721,-0.793353340291235,0.));
#1645=DIRECTION('',(0.793353340291235,-0.608761429008721,0.));
#1646=DIRECTION('',(-0.608761429008721,-0.793353340291235,0.));
#1647=DIRECTION('',(0.793353340291235,-0.608761429008721,0.));
#1648=DIRECTION('',(0.99144486137381,0.130526192220051,0.));
#1649=DIRECTION('',(-0.130526192220051,0.99144486137381,0.));
#1650=DIRECTION('',(-0.99144486137381,-0.130526192220051,0.));
#1651=DIRECTION('',(0.130526192220051,-0.99144486137381,0.));
#1652=DIRECTION('',(-0.99144486137381,-0.130526192220051,0.));
#1653=DIRECTION('',(0.130526192220051,-0.99144486137381,0.));
#1654=DIRECTION('',(0.99144486137381,0.130526192220051,0.));
#1655=DIRECTION('',(-0.130526192220051,0.99144486137381,0.));
#1656=DIRECTION('',(-0.99144486137381,-0.130526192220051,0.));
#1657=DIRECTION('',(0.130526192220051,-0.99144486137381,0.));
#1658=DIRECTION('',(-0.99144486137381,-0.130526192220051,0.));
#1659=DIRECTION('',(0.130526192220051,-0.99144486137381,0.));
#1660=DIRECTION('',(0.99144486137381,0.130526192220051,0.));
#1661=DIRECTION('',(-0.130526192220051,0.99144486137381,0.));
#1662=DIRECTION('',(-0.99144486137381,-0.130526192220051,0.));
#1663=DIRECTION('',(0.130526192220051,-0.99144486137381,0.));
#1664=DIRECTION('',(-0.99144486137381,-0.130526192220051,0.));
#1665=DIRECTION('',(0.130526192220051,-0.99144486137381,0.));
#1666=DIRECTION('',(-0.38268343236509,0.923879532511287,0.));
#1667=DIRECTION('',(-0.923879532511287,-0.38268343236509,0.));
#1668=DIRECTION('',(0.38268343236509,-0.923879532511287,0.));
#1669=DIRECTION('',(0.923879532511287,0.38268343236509,0.));
#1670=DIRECTION('',(0.38268343236509,-0.923879532511287,0.));
#1671=DIRECTION('',(0.923879532511287,0.38268343236509,0.));
#1672=DIRECTION('',(-0.38268343236509,0.923879532511287,0.));
#1673=DIRECTION('',(-0.923879532511287,-0.38268343236509,0.));
#1674=DIRECTION('',(0.38268343236509,-0.923879532511287,0.));
#1675=DIRECTION('',(0.923879532511287,0.38268343236509,0.));
#1676=DIRECTION('',(0.38268343236509,-0.923879532511287,0.));
#1677=DIRECTION('',(0.923879532511287,0.38268343236509,0.));
#1678=DIRECTION('',(-0.38268343236509,0.923879532511287,0.));
#1679=DIRECTION('',(-0.923879532511287,-0.38268343236509,0.));
#1680=DIRECTION('',(0.38268343236509,-0.923879532511287,0.));
#1681=DIRECTION('',(0.923879532511287,0.38268343236509,0.));
#1682=DIRECTION('',(0.38268343236509,-0.923879532511287,0.));
#1683=DIRECTION('',(0.923879532511287,0.38268343236509,0.));
#1684=DIRECTION('',(0.38268343236509,0.923879532511287,0.));
#1685=DIRECTION('',(-0.923879532511287,0.38268343236509,0.));
#1686=DIRECTION('',(-0.38268343236509,-0.923879532511287,0.));
#1687=DIRECTION('',(0.923879532511287,-0.38268343236509,0.));
#1688=DIRECTION('',(-0.38268343236509,-0.923879532511287,0.));
#1689=DIRECTION('',(0.923879532511287,-0.38268343236509,0.));
#1690=DIRECTION('',(0.38268343236509,0.923879532511287,0.));
#1691=DIRECTION('',(-0.923879532511287,0.38268343236509,0.));
#1692=DIRECTION('',(-0.38268343236509,-0.923879532511287,0.));
#1693=DIRECTION('',(0.923879532511287,-0.38268343236509,0.));
#1694=DIRECTION('',(-0.38268343236509,-0.923879532511287,0.));
#1695=DIRECTION('',(0.923879532511287,-0.38268343236509,0.));
#1696=DIRECTION('',(0.38268343236509,0.923879532511287,0.));
#1697=DIRECTION('',(-0.923879532511287,0.38268343236509,0.));
#1698=DIRECTION('',(-0.38268343236509,-0.923879532511287,0.));
#1699=DIRECTION('',(0.923879532511287,-0.38268343236509,0.));
#1700=DIRECTION('',(-0.38268343236509,-0.923879532511287,0.));
#1701=DIRECTION('',(0.923879532511287,-0.38268343236509,0.));
#1702=DIRECTION('',(-0.99144486137381,0.130526192220052,0.));
#1703=DIRECTION('',(-0.130526192220052,-0.99144486137381,0.));
#1704=DIRECTION('',(0.99144486137381,-0.130526192220052,0.));
#1705=DIRECTION('',(0.130526192220052,0.99144486137381,0.));
#1706=DIRECTION('',(0.99144486137381,-0.130526192220052,0.));
#1707=DIRECTION('',(0.130526192220052,0.99144486137381,0.));
#1708=DIRECTION('',(-0.99144486137381,0.130526192220052,0.));
#1709=DIRECTION('',(-0.130526192220052,-0.99144486137381,0.));
#1710=DIRECTION('',(0.99144486137381,-0.130526192220052,0.));
#1711=DIRECTION('',(0.130526192220052,0.99144486137381,0.));
#1712=DIRECTION('',(0.99144486137381,-0.130526192220052,0.));
#1713=DIRECTION('',(0.130526192220052,0.99144486137381,0.));
#1714=DIRECTION('',(-0.99144486137381,0.130526192220052,0.));
#1715=DIRECTION('',(-0.130526192220052,-0.99144486137381,0.));
#1716=DIRECTION('',(0.99144486137381,-0.130526192220052,0.));
#1717=DIRECTION('',(0.130526192220052,0.99144486137381,0.));
#1718=DIRECTION('',(0.99144486137381,-0.130526192220052,0.));
#1719=DIRECTION('',(0.130526192220052,0.99144486137381,0.));
#1720=DIRECTION('',(-0.60876142900872,0.793353340291236,0.));
#1721=DIRECTION('',(-0.793353340291236,-0.60876142900872,0.));
#1722=DIRECTION('',(0.60876142900872,-0.793353340291236,0.));
#1723=DIRECTION('',(0.793353340291236,0.60876142900872,0.));
#1724=DIRECTION('',(0.60876142900872,-0.793353340291236,0.));
#1725=DIRECTION('',(0.793353340291236,0.60876142900872,0.));
#1726=DIRECTION('',(-0.60876142900872,0.793353340291236,0.));
#1727=DIRECTION('',(-0.793353340291236,-0.60876142900872,0.));
#1728=DIRECTION('',(0.60876142900872,-0.793353340291236,0.));
#1729=DIRECTION('',(0.793353340291236,0.60876142900872,0.));
#1730=DIRECTION('',(0.60876142900872,-0.793353340291236,0.));
#1731=DIRECTION('',(0.793353340291236,0.60876142900872,0.));
#1732=DIRECTION('',(-0.60876142900872,0.793353340291236,0.));
#1733=DIRECTION('',(-0.793353340291236,-0.60876142900872,0.));
#1734=DIRECTION('',(0.60876142900872,-0.793353340291236,0.));
#1735=DIRECTION('',(0.793353340291236,0.60876142900872,0.));
#1736=DIRECTION('',(0.60876142900872,-0.793353340291236,0.));
#1737=DIRECTION('',(0.793353340291236,0.60876142900872,0.));
#1738=DIRECTION('',(-0.608761429008721,-0.793353340291235,0.));
#1739=DIRECTION('',(0.793353340291235,-0.608761429008721,0.));
#1740=DIRECTION('',(0.608761429008722,0.793353340291235,0.));
#1741=DIRECTION('',(-0.793353340291235,0.608761429008722,0.));
#1742=DIRECTION('',(0.608761429008722,0.793353340291235,0.));
#1743=DIRECTION('',(-0.793353340291235,0.608761429008722,0.));
#1744=DIRECTION('',(-0.608761429008721,-0.793353340291235,0.));
#1745=DIRECTION('',(0.793353340291235,-0.608761429008721,0.));
#1746=DIRECTION('',(0.608761429008722,0.793353340291235,0.));
#1747=DIRECTION('',(-0.793353340291235,0.608761429008722,0.));
#1748=DIRECTION('',(0.608761429008722,0.793353340291235,0.));
#1749=DIRECTION('',(-0.793353340291235,0.608761429008722,0.));
#1750=DIRECTION('',(-0.608761429008721,-0.793353340291235,0.));
#1751=DIRECTION('',(0.793353340291235,-0.608761429008721,0.));
#1752=DIRECTION('',(0.608761429008722,0.793353340291235,0.));
#1753=DIRECTION('',(-0.793353340291235,0.608761429008722,0.));
#1754=DIRECTION('',(0.608761429008722,0.793353340291235,0.));
#1755=DIRECTION('',(-0.793353340291235,0.608761429008722,0.));
#1756=DIRECTION('',(-0.99144486137381,-0.130526192220051,0.));
#1757=DIRECTION('',(0.130526192220051,-0.991444861373811,0.));
#1758=DIRECTION('',(0.991444861373811,0.130526192220051,0.));
#1759=DIRECTION('',(-0.130526192220051,0.991444861373811,0.));
#1760=DIRECTION('',(0.991444861373811,0.130526192220051,0.));
#1761=DIRECTION('',(-0.130526192220051,0.991444861373811,0.));
#1762=DIRECTION('',(-0.99144486137381,-0.130526192220051,0.));
#1763=DIRECTION('',(0.130526192220051,-0.991444861373811,0.));
#1764=DIRECTION('',(0.991444861373811,0.130526192220051,0.));
#1765=DIRECTION('',(-0.130526192220051,0.991444861373811,0.));
#1766=DIRECTION('',(0.991444861373811,0.130526192220051,0.));
#1767=DIRECTION('',(-0.130526192220051,0.991444861373811,0.));
#1768=DIRECTION('',(-0.99144486137381,-0.130526192220051,0.));
#1769=DIRECTION('',(0.130526192220051,-0.991444861373811,0.));
#1770=DIRECTION('',(0.991444861373811,0.130526192220051,0.));
#1771=DIRECTION('',(-0.130526192220051,0.991444861373811,0.));
#1772=DIRECTION('',(0.991444861373811,0.130526192220051,0.));
#1773=DIRECTION('',(-0.130526192220051,0.991444861373811,0.));
#1774=DIRECTION('',(0.,1.,0.));
#1775=DIRECTION('',(0.,0.,1.));
#1776=DIRECTION('',(0.,1.,0.));
#1777=DIRECTION('',(0.,0.,1.));
#1778=DIRECTION('',(0.,1.,0.));
#1779=DIRECTION('',(-1.,0.,0.));
#1780=DIRECTION('',(0.,1.,0.));
#1781=DIRECTION('',(0.,0.,1.));
#1782=DIRECTION('',(0.,1.,0.));
#1783=DIRECTION('',(0.,0.,1.));
#1784=DIRECTION('',(0.,1.,0.));
#1785=DIRECTION('',(-1.,0.,0.));
#1786=DIRECTION('',(0.,0.,1.));
#1787=DIRECTION('',(1.,0.,0.));
#1788=DIRECTION('',(0.,0.,1.));
#1789=DIRECTION('',(1.,0.,0.));
#1790=DIRECTION('',(0.,0.,1.));
#1791=DIRECTION('',(1.,0.,0.));
#1792=CARTESIAN_POINT('',(0.,0.,0.));
#1793=CARTESIAN_POINT('',(0.,0.,0.194691));
#1794=CARTESIAN_POINT('',(-0.0561922823433469,0.0324426293373107,0.194691));
#1795=CARTESIAN_POINT('',(-0.0546222907288459,0.0351619345810836,0.194691));
#1796=CARTESIAN_POINT('',(-0.0561922823433469,0.0324426293373107,0.194691));
#1797=CARTESIAN_POINT('',(-0.0561922823433469,0.0324426293373107,0.2032));
#1798=CARTESIAN_POINT('',(-0.0546222907288459,0.0351619345810836,0.2032));
#1799=CARTESIAN_POINT('',(0.,0.,0.194691));
#1800=CARTESIAN_POINT('',(-0.0561922823433469,-0.0324426293373108,0.194691));
#1801=CARTESIAN_POINT('',(-0.0577622739578479,-0.029723324093538,0.194691));
#1802=CARTESIAN_POINT('',(-0.0561922823433469,-0.0324426293373108,0.194691));
#1803=CARTESIAN_POINT('',(-0.0561922823433469,-0.0324426293373108,0.2032));
#1804=CARTESIAN_POINT('',(-0.0577622739578479,-0.029723324093538,0.2032));
#1805=CARTESIAN_POINT('',(0.,0.,0.194691));
#1806=CARTESIAN_POINT('',(7.94615243477234E-18,-0.0648852586746216,0.194691));
#1807=CARTESIAN_POINT('',(-0.00313998322900198,-0.0648852586746216,0.194691));
#1808=CARTESIAN_POINT('',(7.94615243477234E-18,-0.0648852586746216,0.194691));
#1809=CARTESIAN_POINT('',(7.94615243477234E-18,-0.0648852586746216,0.2032));
#1810=CARTESIAN_POINT('',(-0.00313998322900198,-0.0648852586746216,0.2032));
#1811=CARTESIAN_POINT('',(0.,0.,0.194691));
#1812=CARTESIAN_POINT('',(0.0561922823433469,-0.0324426293373108,0.194691));
#1813=CARTESIAN_POINT('',(0.0546222907288459,-0.0351619345810836,0.194691));
#1814=CARTESIAN_POINT('',(0.0561922823433469,-0.0324426293373108,0.194691));
#1815=CARTESIAN_POINT('',(0.0561922823433469,-0.0324426293373108,0.2032));
#1816=CARTESIAN_POINT('',(0.0546222907288459,-0.0351619345810836,0.2032));
#1817=CARTESIAN_POINT('',(0.,0.,0.194691));
#1818=CARTESIAN_POINT('',(0.0561922823433469,0.0324426293373108,0.194691));
#1819=CARTESIAN_POINT('',(0.0577622739578479,0.029723324093538,0.194691));
#1820=CARTESIAN_POINT('',(0.0561922823433469,0.0324426293373108,0.194691));
#1821=CARTESIAN_POINT('',(0.0561922823433469,0.0324426293373108,0.2032));
#1822=CARTESIAN_POINT('',(0.0577622739578479,0.029723324093538,0.2032));
#1823=CARTESIAN_POINT('',(-0.0540677799605548,0.0312160473147117,-0.0379984));
#1824=CARTESIAN_POINT('',(-0.0540677799605548,0.0312160473147117,-0.0508));
#1825=CARTESIAN_POINT('',(-0.0540677799605548,0.0312160473147117,-0.0479552));
#1826=CARTESIAN_POINT('',(-0.0540677799605548,0.0312160473147117,-0.0508));
#1827=CARTESIAN_POINT('',(-0.0621015763253575,0.038431360865271,-0.0485725273454895));
#1828=CARTESIAN_POINT('',(-0.0632538067042591,0.036518942800921,-0.0476467152470264));
#1829=CARTESIAN_POINT('',(-0.0643322275257584,0.034567867931045,-0.0485718116664047));
#1830=CARTESIAN_POINT('',(-0.0647575809608174,0.0337480169833008,-0.0507976792675701));
#1831=CARTESIAN_POINT('',(-0.0643328409108168,0.0345667534857176,-0.0530283679034808));
#1832=CARTESIAN_POINT('',(-0.0632537076499921,0.0365190498706944,-0.0539522599352738));
#1833=CARTESIAN_POINT('',(-0.0621043940479731,0.0384267903626911,-0.0530313912761702));
#1834=CARTESIAN_POINT('',(-0.0616051569245745,0.0392081393515044,-0.0508033362659492));
#1835=CARTESIAN_POINT('',(-0.0621015763253575,0.038431360865271,-0.0485725273454895));
#1836=CARTESIAN_POINT('',(-0.0632538067042591,0.036518942800921,-0.0476467152470264));
#1837=CARTESIAN_POINT('',(-0.0643322275257584,0.034567867931045,-0.0485718116664047));
#1838=CARTESIAN_POINT('',(-0.0632415051113587,0.0365125,-0.0479552));
#1839=CARTESIAN_POINT('',(-0.0540677799605548,0.0312160473147117,-0.0379984));
#1840=CARTESIAN_POINT('',(-0.0540677799605548,0.0312160473147117,-0.0254));
#1841=CARTESIAN_POINT('',(-0.0540677799605548,0.0312160473147117,-0.022352));
#1842=CARTESIAN_POINT('',(-0.0540677799605548,0.0312160473147117,-0.0254));
#1843=CARTESIAN_POINT('',(-0.0620183123146801,0.0385673587270223,-0.0230134233896809));
#1844=CARTESIAN_POINT('',(-0.0632556047988836,0.0365199342407228,-0.0220214797929425));
#1845=CARTESIAN_POINT('',(-0.0644082991579377,0.0344279043100865,-0.023012657438549));
#1846=CARTESIAN_POINT('',(-0.0648612764183721,0.0335478987527919,-0.0253975095709146));
#1847=CARTESIAN_POINT('',(-0.0644089510300129,0.034426715912927,-0.0277875442963103));
#1848=CARTESIAN_POINT('',(-0.0632554984361877,0.0365200443321112,-0.0287774190570292));
#1849=CARTESIAN_POINT('',(-0.0620213404408504,0.0385624696203668,-0.0277907783171793));
#1850=CARTESIAN_POINT('',(-0.0614836773287775,0.0393980304656724,-0.0254035672360821));
#1851=CARTESIAN_POINT('',(-0.0620183123146801,0.0385673587270223,-0.0230134233896809));
#1852=CARTESIAN_POINT('',(-0.0632556047988836,0.0365199342407228,-0.0220214797929425));
#1853=CARTESIAN_POINT('',(-0.0644082991579377,0.0344279043100865,-0.023012657438549));
#1854=CARTESIAN_POINT('',(-0.0632415051113587,0.0365125,-0.022352));
#1855=CARTESIAN_POINT('',(-0.0540677799605547,-0.0312160473147117,-0.0379984));
#1856=CARTESIAN_POINT('',(-0.0540677799605547,-0.0312160473147117,-0.0508));
#1857=CARTESIAN_POINT('',(-0.0540677799605547,-0.0312160473147117,-0.0479552));
#1858=CARTESIAN_POINT('',(-0.0540677799605547,-0.0312160473147117,-0.0508));
#1859=CARTESIAN_POINT('',(-0.0643333229740105,-0.0345658622801823,-0.0485725273454895));
#1860=CARTESIAN_POINT('',(-0.0632532355370779,-0.0365199320914982,-0.0476467152470265));
#1861=CARTESIAN_POINT('',(-0.0621027655458296,-0.0384294093538248,-0.0485718116664047));
#1862=CARTESIAN_POINT('',(-0.0616054305152958,-0.0392077017080449,-0.0507976792675701));
#1863=CARTESIAN_POINT('',(-0.0621021071003942,-0.0384304977835313,-0.0530283679034808));
#1864=CARTESIAN_POINT('',(-0.0632532787350882,-0.0365197927731,-0.0539522599352739));
#1865=CARTESIAN_POINT('',(-0.0643307736639761,-0.0345705877508383,-0.0530313912761702));
#1866=CARTESIAN_POINT('',(-0.0647578231758103,-0.0337475612250561,-0.0508033362659492));
#1867=CARTESIAN_POINT('',(-0.0643333229740105,-0.0345658622801823,-0.0485725273454895));
#1868=CARTESIAN_POINT('',(-0.0632532355370779,-0.0365199320914982,-0.0476467152470265));
#1869=CARTESIAN_POINT('',(-0.0621027655458296,-0.0384294093538248,-0.0485718116664047));
#1870=CARTESIAN_POINT('',(-0.0632415051113586,-0.0365125,-0.0479552));
#1871=CARTESIAN_POINT('',(-0.0540677799605547,-0.0312160473147117,-0.0379984));
#1872=CARTESIAN_POINT('',(-0.0540677799605547,-0.0312160473147117,-0.0254));
#1873=CARTESIAN_POINT('',(-0.0540677799605547,-0.0312160473147117,-0.022352));
#1874=CARTESIAN_POINT('',(-0.0540677799605547,-0.0312160473147117,-0.0254));
#1875=CARTESIAN_POINT('',(-0.0644094685718089,-0.0344257546008391,-0.0230134233896809));
#1876=CARTESIAN_POINT('',(-0.0632549931964448,-0.0365209935672205,-0.0220214797929425));
#1877=CARTESIAN_POINT('',(-0.0620195893105636,-0.0385652711302787,-0.023012657438549));
#1878=CARTESIAN_POINT('',(-0.0614839707726921,-0.0393975637237987,-0.0253975095709146));
#1879=CARTESIAN_POINT('',(-0.0620188860644713,-0.0385664298666356,-0.0277875442963102));
#1880=CARTESIAN_POINT('',(-0.0632550353570361,-0.0365208464087298,-0.0287774190570292));
#1881=CARTESIAN_POINT('',(-0.0644067485443285,-0.0344308215883562,-0.0277907783171793));
#1882=CARTESIAN_POINT('',(-0.0648615339067343,-0.0335474112519705,-0.0254035672360821));
#1883=CARTESIAN_POINT('',(-0.0644094685718089,-0.0344257546008391,-0.0230134233896809));
#1884=CARTESIAN_POINT('',(-0.0632549931964448,-0.0365209935672205,-0.0220214797929425));
#1885=CARTESIAN_POINT('',(-0.0620195893105636,-0.0385652711302787,-0.023012657438549));
#1886=CARTESIAN_POINT('',(-0.0632415051113586,-0.0365125,-0.022352));
#1887=CARTESIAN_POINT('',(7.64572648519881E-18,-0.0624320946294235,-0.0379984));
#1888=CARTESIAN_POINT('',(7.64572648519881E-18,-0.0624320946294235,-0.0508));
#1889=CARTESIAN_POINT('',(7.64572648519881E-18,-0.0624320946294235,-0.0479552));
#1890=CARTESIAN_POINT('',(7.64572648519881E-18,-0.0624320946294235,-0.0508));
#1891=CARTESIAN_POINT('',(-0.00223174664865308,-0.0729972231454534,-0.0485725273454895));
#1892=CARTESIAN_POINT('',(5.71167181086024E-7,-0.0730388748924192,-0.0476467152470264));
#1893=CARTESIAN_POINT('',(0.00222946197992879,-0.0729972772848698,-0.0485718116664047));
#1894=CARTESIAN_POINT('',(0.00315215044552149,-0.0729557186913457,-0.0507976792675701));
#1895=CARTESIAN_POINT('',(0.00223073381042257,-0.072997251269249,-0.0530283679034808));
#1896=CARTESIAN_POINT('',(4.28914903814885E-7,-0.0730388426437944,-0.0539522599352738));
#1897=CARTESIAN_POINT('',(-0.002226379616003,-0.0729973781135293,-0.0530313912761702));
#1898=CARTESIAN_POINT('',(-0.0031526662512359,-0.0729557005765605,-0.0508033362659491));
#1899=CARTESIAN_POINT('',(-0.00223174664865308,-0.0729972231454534,-0.0485725273454895));
#1900=CARTESIAN_POINT('',(5.71167181086024E-7,-0.0730388748924192,-0.0476467152470264));
#1901=CARTESIAN_POINT('',(0.00222946197992879,-0.0729972772848698,-0.0485718116664047));
#1902=CARTESIAN_POINT('',(1.02714062926299E-17,-0.073025,-0.0479552));
#1903=CARTESIAN_POINT('',(7.64572648519881E-18,-0.0624320946294235,-0.0379984));
#1904=CARTESIAN_POINT('',(7.64572648519881E-18,-0.0624320946294235,-0.0254));
#1905=CARTESIAN_POINT('',(7.64572648519881E-18,-0.0624320946294235,-0.022352));
#1906=CARTESIAN_POINT('',(7.64572648519881E-18,-0.0624320946294235,-0.0254));
#1907=CARTESIAN_POINT('',(-0.00239115625712876,-0.0729931133278615,-0.0230134233896809));
#1908=CARTESIAN_POINT('',(6.11602438652266E-7,-0.0730409278079434,-0.0220214797929425));
#1909=CARTESIAN_POINT('',(0.0023887098473742,-0.0729931754403652,-0.023012657438549));
#1910=CARTESIAN_POINT('',(0.00337730564567987,-0.0729454624765907,-0.0253975095709146));
#1911=CARTESIAN_POINT('',(0.00239006496554163,-0.0729931457795626,-0.0277875442963103));
#1912=CARTESIAN_POINT('',(4.63079151548424E-7,-0.073040890740841,-0.0287774190570292));
#1913=CARTESIAN_POINT('',(-0.00238540810347814,-0.072993291208723,-0.0277907783171793));
#1914=CARTESIAN_POINT('',(-0.00337785657795684,-0.0729454417176428,-0.025403567236082));
#1915=CARTESIAN_POINT('',(-0.00239115625712876,-0.0729931133278615,-0.0230134233896809));
#1916=CARTESIAN_POINT('',(6.11602438652266E-7,-0.0730409278079434,-0.0220214797929425));
#1917=CARTESIAN_POINT('',(0.0023887098473742,-0.0729931754403652,-0.023012657438549));
#1918=CARTESIAN_POINT('',(8.90969142259282E-18,-0.073025,-0.022352));
#1919=CARTESIAN_POINT('',(0.0540677799605547,-0.0312160473147117,-0.0379984));
#1920=CARTESIAN_POINT('',(0.0540677799605547,-0.0312160473147117,-0.0508));
#1921=CARTESIAN_POINT('',(0.0540677799605547,-0.0312160473147117,-0.0479552));
#1922=CARTESIAN_POINT('',(0.0540677799605547,-0.0312160473147117,-0.0508));
#1923=CARTESIAN_POINT('',(0.0621015763253575,-0.038431360865271,-0.0485725273454895));
#1924=CARTESIAN_POINT('',(0.0632538067042591,-0.036518942800921,-0.0476467152470265));
#1925=CARTESIAN_POINT('',(0.0643322275257584,-0.034567867931045,-0.0485718116664047));
#1926=CARTESIAN_POINT('',(0.0647575809608174,-0.0337480169833008,-0.0507976792675702));
#1927=CARTESIAN_POINT('',(0.0643328409108168,-0.0345667534857177,-0.0530283679034808));
#1928=CARTESIAN_POINT('',(0.063253707649992,-0.0365190498706945,-0.0539522599352738));
#1929=CARTESIAN_POINT('',(0.0621043940479731,-0.0384267903626912,-0.0530313912761702));
#1930=CARTESIAN_POINT('',(0.0616051569245745,-0.0392081393515044,-0.0508033362659491));
#1931=CARTESIAN_POINT('',(0.0621015763253575,-0.038431360865271,-0.0485725273454895));
#1932=CARTESIAN_POINT('',(0.0632538067042591,-0.036518942800921,-0.0476467152470265));
#1933=CARTESIAN_POINT('',(0.0643322275257584,-0.034567867931045,-0.0485718116664047));
#1934=CARTESIAN_POINT('',(0.0632415051113587,-0.0365125,-0.0479552));
#1935=CARTESIAN_POINT('',(0.0540677799605547,-0.0312160473147117,-0.0379984));
#1936=CARTESIAN_POINT('',(0.0540677799605547,-0.0312160473147117,-0.0254));
#1937=CARTESIAN_POINT('',(0.0540677799605547,-0.0312160473147117,-0.022352));
#1938=CARTESIAN_POINT('',(0.0540677799605547,-0.0312160473147117,-0.0254));
#1939=CARTESIAN_POINT('',(0.0620183123146801,-0.0385673587270223,-0.0230134233896809));
#1940=CARTESIAN_POINT('',(0.0632556047988836,-0.0365199342407228,-0.0220214797929425));
#1941=CARTESIAN_POINT('',(0.0644082991579377,-0.0344279043100865,-0.023012657438549));
#1942=CARTESIAN_POINT('',(0.064861276418372,-0.033547898752792,-0.0253975095709146));
#1943=CARTESIAN_POINT('',(0.0644089510300129,-0.0344267159129271,-0.0277875442963103));
#1944=CARTESIAN_POINT('',(0.0632554984361877,-0.0365200443321113,-0.0287774190570292));
#1945=CARTESIAN_POINT('',(0.0620213404408504,-0.0385624696203668,-0.0277907783171793));
#1946=CARTESIAN_POINT('',(0.0614836773287775,-0.0393980304656724,-0.025403567236082));
#1947=CARTESIAN_POINT('',(0.0620183123146801,-0.0385673587270223,-0.0230134233896809));
#1948=CARTESIAN_POINT('',(0.0632556047988836,-0.0365199342407228,-0.0220214797929425));
#1949=CARTESIAN_POINT('',(0.0644082991579377,-0.0344279043100865,-0.023012657438549));
#1950=CARTESIAN_POINT('',(0.0632415051113587,-0.0365125,-0.022352));
#1951=CARTESIAN_POINT('',(0.0540677799605547,0.0312160473147117,-0.0379984));
#1952=CARTESIAN_POINT('',(0.0540677799605547,0.0312160473147117,-0.0508));
#1953=CARTESIAN_POINT('',(0.0540677799605547,0.0312160473147117,-0.0479552));
#1954=CARTESIAN_POINT('',(0.0540677799605547,0.0312160473147117,-0.0508));
#1955=CARTESIAN_POINT('',(0.0643333229740106,0.0345658622801823,-0.0485725273454895));
#1956=CARTESIAN_POINT('',(0.0632532355370779,0.0365199320914982,-0.0476467152470265));
#1957=CARTESIAN_POINT('',(0.0621027655458296,0.0384294093538248,-0.0485718116664047));
#1958=CARTESIAN_POINT('',(0.0616054305152958,0.0392077017080449,-0.0507976792675701));
#1959=CARTESIAN_POINT('',(0.0621021071003942,0.0384304977835313,-0.0530283679034808));
#1960=CARTESIAN_POINT('',(0.0632532787350882,0.0365197927731,-0.0539522599352738));
#1961=CARTESIAN_POINT('',(0.0643307736639761,0.0345705877508383,-0.0530313912761702));
#1962=CARTESIAN_POINT('',(0.0647578231758104,0.0337475612250561,-0.0508033362659491));
#1963=CARTESIAN_POINT('',(0.0643333229740106,0.0345658622801823,-0.0485725273454895));
#1964=CARTESIAN_POINT('',(0.0632532355370779,0.0365199320914982,-0.0476467152470265));
#1965=CARTESIAN_POINT('',(0.0621027655458296,0.0384294093538248,-0.0485718116664047));
#1966=CARTESIAN_POINT('',(0.0632415051113586,0.0365125,-0.0479552));
#1967=CARTESIAN_POINT('',(0.0540677799605547,0.0312160473147117,-0.0379984));
#1968=CARTESIAN_POINT('',(0.0540677799605547,0.0312160473147117,-0.0254));
#1969=CARTESIAN_POINT('',(0.0540677799605547,0.0312160473147117,-0.022352));
#1970=CARTESIAN_POINT('',(0.0540677799605547,0.0312160473147117,-0.0254));
#1971=CARTESIAN_POINT('',(0.0644094685718089,0.0344257546008391,-0.0230134233896809));
#1972=CARTESIAN_POINT('',(0.0632549931964448,0.0365209935672205,-0.0220214797929425));
#1973=CARTESIAN_POINT('',(0.0620195893105636,0.0385652711302787,-0.023012657438549));
#1974=CARTESIAN_POINT('',(0.0614839707726921,0.0393975637237987,-0.0253975095709146));
#1975=CARTESIAN_POINT('',(0.0620188860644713,0.0385664298666356,-0.0277875442963103));
#1976=CARTESIAN_POINT('',(0.0632550353570361,0.0365208464087297,-0.0287774190570292));
#1977=CARTESIAN_POINT('',(0.0644067485443285,0.0344308215883562,-0.0277907783171793));
#1978=CARTESIAN_POINT('',(0.0648615339067343,0.0335474112519705,-0.0254035672360821));
#1979=CARTESIAN_POINT('',(0.0644094685718089,0.0344257546008391,-0.0230134233896809));
#1980=CARTESIAN_POINT('',(0.0632549931964448,0.0365209935672205,-0.0220214797929425));
#1981=CARTESIAN_POINT('',(0.0620195893105636,0.0385652711302787,-0.023012657438549));
#1982=CARTESIAN_POINT('',(0.0632415051113586,0.0365125,-0.022352));
#1983=CARTESIAN_POINT('',(0.,4.47149162538678E-18,0.2032));
#1984=CARTESIAN_POINT('',(0.00239115625712876,0.0729931133278615,-0.0230134233896809));
#1985=CARTESIAN_POINT('',(-6.11602438641478E-7,0.0730409278079434,-0.0220214797929425));
#1986=CARTESIAN_POINT('',(-0.00238870984737419,0.0729931754403652,-0.023012657438549));
#1987=CARTESIAN_POINT('',(-0.00337730564567986,0.0729454624765907,-0.0253975095709146));
#1988=CARTESIAN_POINT('',(-0.00239006496554162,0.0729931457795626,-0.0277875442963103));
#1989=CARTESIAN_POINT('',(-4.6307915154051E-7,0.073040890740841,-0.0287774190570292));
#1990=CARTESIAN_POINT('',(0.00238540810347815,0.072993291208723,-0.0277907783171793));
#1991=CARTESIAN_POINT('',(0.00337785657795685,0.0729454417176428,-0.025403567236082));
#1992=CARTESIAN_POINT('',(0.00239115625712876,0.0729931133278615,-0.0230134233896809));
#1993=CARTESIAN_POINT('',(-6.11602438641478E-7,0.0730409278079434,-0.0220214797929425));
#1994=CARTESIAN_POINT('',(-0.00238870984737419,0.0729931754403652,-0.023012657438549));
#1995=CARTESIAN_POINT('',(3.3291828180732E-20,0.073025,-0.022352));
#1996=CARTESIAN_POINT('',(0.00223174664865309,0.0729972231454533,-0.0485725273454895));
#1997=CARTESIAN_POINT('',(-5.71167181075344E-7,0.0730388748924192,-0.0476467152470264));
#1998=CARTESIAN_POINT('',(-0.00222946197992878,0.0729972772848698,-0.0485718116664047));
#1999=CARTESIAN_POINT('',(-0.00315215044552148,0.0729557186913457,-0.0507976792675701));
#2000=CARTESIAN_POINT('',(-0.00223073381042256,0.072997251269249,-0.0530283679034808));
#2001=CARTESIAN_POINT('',(-4.28914903808363E-7,0.0730388426437944,-0.0539522599352738));
#2002=CARTESIAN_POINT('',(0.00222637961600303,0.0729973781135293,-0.0530313912761702));
#2003=CARTESIAN_POINT('',(0.00315266625123591,0.0729557005765605,-0.0508033362659491));
#2004=CARTESIAN_POINT('',(0.00223174664865309,0.0729972231454533,-0.0485725273454895));
#2005=CARTESIAN_POINT('',(-5.71167181075344E-7,0.0730388748924192,-0.0476467152470264));
#2006=CARTESIAN_POINT('',(-0.00222946197992878,0.0729972772848698,-0.0485718116664047));
#2007=CARTESIAN_POINT('',(-1.32842304185638E-18,0.073025,-0.0479552));
#2008=CARTESIAN_POINT('',(0.029040981681341,0.0670089433277301,0.0276320454326469));
#2009=CARTESIAN_POINT('',(0.0298855538798843,0.0666282828557498,0.0253994233640752));
#2010=CARTESIAN_POINT('',(0.0290416410310823,0.0670086223788036,0.0231702611110523));
#2011=CARTESIAN_POINT('',(0.0269883040364771,0.067869754066316,0.0222478889336316));
#2012=CARTESIAN_POINT('',(0.0249001815882333,0.0686553570260122,0.0231693841890777));
#2013=CARTESIAN_POINT('',(0.0240255121538212,0.0689583069221519,0.0253995485600852));
#2014=CARTESIAN_POINT('',(0.0248973277452793,0.0686563553371079,0.0276262796057047));
#2015=CARTESIAN_POINT('',(0.0269830520070855,0.0678718616813669,0.0285526156799817));
#2016=CARTESIAN_POINT('',(0.029040981681341,0.0670089433277301,0.0276320454326469));
#2017=CARTESIAN_POINT('',(0.0298855538798843,0.0666282828557498,0.0253994233640752));
#2018=CARTESIAN_POINT('',(0.0290416410310823,0.0670086223788036,0.0231702611110523));
#2019=CARTESIAN_POINT('',(0.0296041397053267,0.0667551161882555,0.0254));
#2020=CARTESIAN_POINT('',(-0.0244328400530356,0.0688230612925353,0.180031616920433));
#2021=CARTESIAN_POINT('',(-0.0235538048504236,0.0691208620665492,0.177799441412241));
#2022=CARTESIAN_POINT('',(-0.0244321747140593,0.0688232636889832,0.175570617430601));
#2023=CARTESIAN_POINT('',(-0.0265211894797767,0.0680536464845611,0.174647953134814));
#2024=CARTESIAN_POINT('',(-0.0285850553742364,0.0672047007176533,0.175568775517668));
#2025=CARTESIAN_POINT('',(-0.029430408475526,0.0668305587183885,0.177799598467824));
#2026=CARTESIAN_POINT('',(-0.0285878343076283,0.0672034816295165,0.180026859572953));
#2027=CARTESIAN_POINT('',(-0.026526407214031,0.0680516325909951,0.180952579749868));
#2028=CARTESIAN_POINT('',(-0.0244328400530356,0.0688230612925353,0.180031616920433));
#2029=CARTESIAN_POINT('',(-0.0235538048504236,0.0691208620665492,0.177799441412241));
#2030=CARTESIAN_POINT('',(-0.0244321747140593,0.0688232636889832,0.175570617430601));
#2031=CARTESIAN_POINT('',(-0.0238467056947983,0.0690216288746193,0.1778));
#2032=CARTESIAN_POINT('',(-0.0244328400530356,0.0688230612925353,0.103831616920433));
#2033=CARTESIAN_POINT('',(-0.0235538048504236,0.0691208620665492,0.101599441412241));
#2034=CARTESIAN_POINT('',(-0.0244321747140593,0.0688232636889832,0.0993706174306012));
#2035=CARTESIAN_POINT('',(-0.0265211894797767,0.0680536464845611,0.0984479531348137));
#2036=CARTESIAN_POINT('',(-0.0285850553742364,0.0672047007176533,0.0993687755176675));
#2037=CARTESIAN_POINT('',(-0.029430408475526,0.0668305587183884,0.101599598467824));
#2038=CARTESIAN_POINT('',(-0.0285878343076283,0.0672034816295165,0.103826859572952));
#2039=CARTESIAN_POINT('',(-0.026526407214031,0.0680516325909951,0.104752579749868));
#2040=CARTESIAN_POINT('',(-0.0244328400530356,0.0688230612925353,0.103831616920433));
#2041=CARTESIAN_POINT('',(-0.0235538048504236,0.0691208620665492,0.101599441412241));
#2042=CARTESIAN_POINT('',(-0.0244321747140593,0.0688232636889832,0.0993706174306012));
#2043=CARTESIAN_POINT('',(-0.0238467056947983,0.0690216288746193,0.1016));
#2044=CARTESIAN_POINT('',(0.,4.47149162538678E-18,0.2032));
#2045=CARTESIAN_POINT('',(0.073025,4.47149162538678E-18,0.2032));
#2046=CARTESIAN_POINT('',(0.,4.47149162538678E-18,-0.0762));
#2047=CARTESIAN_POINT('',(0.073025,4.47149162538678E-18,-0.0762));
#2048=CARTESIAN_POINT('',(-0.0244328400530356,0.0688230612925353,0.027631616920433));
#2049=CARTESIAN_POINT('',(-0.0235538048504236,0.0691208620665492,0.0253994414122415));
#2050=CARTESIAN_POINT('',(-0.0244321747140593,0.0688232636889832,0.0231706174306012));
#2051=CARTESIAN_POINT('',(-0.0265211894797767,0.0680536464845611,0.0222479531348137));
#2052=CARTESIAN_POINT('',(-0.0285850553742364,0.0672047007176532,0.0231687755176675));
#2053=CARTESIAN_POINT('',(-0.029430408475526,0.0668305587183884,0.0253995984678239));
#2054=CARTESIAN_POINT('',(-0.0285878343076283,0.0672034816295165,0.0276268595729525));
#2055=CARTESIAN_POINT('',(-0.0265264072140311,0.0680516325909951,0.0285525797498682));
#2056=CARTESIAN_POINT('',(-0.0244328400530356,0.0688230612925353,0.027631616920433));
#2057=CARTESIAN_POINT('',(-0.0235538048504236,0.0691208620665492,0.0253994414122415));
#2058=CARTESIAN_POINT('',(-0.0244321747140593,0.0688232636889832,0.0231706174306012));
#2059=CARTESIAN_POINT('',(-0.0238467056947983,0.0690216288746193,0.0254));
#2060=CARTESIAN_POINT('',(0.0290409816813411,0.0670089433277301,0.103832045432647));
#2061=CARTESIAN_POINT('',(0.0298855538798843,0.0666282828557498,0.101599423364075));
#2062=CARTESIAN_POINT('',(0.0290416410310824,0.0670086223788036,0.0993702611110523));
#2063=CARTESIAN_POINT('',(0.0269883040364772,0.067869754066316,0.0984478889336316));
#2064=CARTESIAN_POINT('',(0.0249001815882334,0.0686553570260122,0.0993693841890777));
#2065=CARTESIAN_POINT('',(0.0240255121538213,0.0689583069221518,0.101599548560085));
#2066=CARTESIAN_POINT('',(0.0248973277452794,0.0686563553371079,0.103826279605705));
#2067=CARTESIAN_POINT('',(0.0269830520070855,0.0678718616813668,0.104752615679982));
#2068=CARTESIAN_POINT('',(0.0290409816813411,0.0670089433277301,0.103832045432647));
#2069=CARTESIAN_POINT('',(0.0298855538798843,0.0666282828557498,0.101599423364075));
#2070=CARTESIAN_POINT('',(0.0290416410310824,0.0670086223788036,0.0993702611110523));
#2071=CARTESIAN_POINT('',(0.0296041397053268,0.0667551161882555,0.1016));
#2072=CARTESIAN_POINT('',(0.0290409816813411,0.0670089433277301,0.180032045432647));
#2073=CARTESIAN_POINT('',(0.0298855538798843,0.0666282828557499,0.177799423364075));
#2074=CARTESIAN_POINT('',(0.0290416410310824,0.0670086223788035,0.175570261111052));
#2075=CARTESIAN_POINT('',(0.0269883040364772,0.0678697540663159,0.174647888933632));
#2076=CARTESIAN_POINT('',(0.0249001815882334,0.0686553570260122,0.175569384189078));
#2077=CARTESIAN_POINT('',(0.0240255121538213,0.0689583069221518,0.177799548560085));
#2078=CARTESIAN_POINT('',(0.0248973277452794,0.0686563553371078,0.180026279605705));
#2079=CARTESIAN_POINT('',(0.0269830520070855,0.0678718616813668,0.180952615679982));
#2080=CARTESIAN_POINT('',(0.0290409816813411,0.0670089433277301,0.180032045432647));
#2081=CARTESIAN_POINT('',(0.0298855538798843,0.0666282828557499,0.177799423364075));
#2082=CARTESIAN_POINT('',(0.0290416410310824,0.0670086223788035,0.175570261111052));
#2083=CARTESIAN_POINT('',(0.0296041397053268,0.0667551161882555,0.1778));
#2084=CARTESIAN_POINT('',(-0.0718189394720669,0.0132520704737369,0.103831616920433));
#2085=CARTESIAN_POINT('',(-0.0716373249063237,0.0141622376770266,0.101599441412241));
#2086=CARTESIAN_POINT('',(-0.0718187820830442,0.0132527478724164,0.0993706174306012));
#2087=CARTESIAN_POINT('',(-0.0721967814156838,0.0110587994142133,0.0984479531348137));
#2088=CARTESIAN_POINT('',(-0.0724935057623362,0.00884696623615301,0.0993687755176675));
#2089=CARTESIAN_POINT('',(-0.072592165836995,0.00792779797563584,0.101599598467824));
#2090=CARTESIAN_POINT('',(-0.0724938394677363,0.00884395006517185,0.103826859572952));
#2091=CARTESIAN_POINT('',(-0.0721976461998223,0.0110532737770159,0.104752579749868));
#2092=CARTESIAN_POINT('',(-0.0718189394720669,0.0132520704737369,0.103831616920433));
#2093=CARTESIAN_POINT('',(-0.0716373249063237,0.0141622376770266,0.101599441412241));
#2094=CARTESIAN_POINT('',(-0.0718187820830442,0.0132527478724164,0.0993706174306012));
#2095=CARTESIAN_POINT('',(-0.071697836863401,0.0138589615090433,0.1016));
#2096=CARTESIAN_POINT('',(-0.0718189394720669,0.0132520704737369,0.027631616920433));
#2097=CARTESIAN_POINT('',(-0.0716373249063238,0.0141622376770266,0.0253994414122415));
#2098=CARTESIAN_POINT('',(-0.0718187820830442,0.0132527478724164,0.0231706174306012));
#2099=CARTESIAN_POINT('',(-0.0721967814156838,0.0110587994142133,0.0222479531348137));
#2100=CARTESIAN_POINT('',(-0.0724935057623362,0.00884696623615302,0.0231687755176675));
#2101=CARTESIAN_POINT('',(-0.072592165836995,0.00792779797563583,0.0253995984678239));
#2102=CARTESIAN_POINT('',(-0.0724938394677363,0.00884395006517187,0.0276268595729525));
#2103=CARTESIAN_POINT('',(-0.0721976461998223,0.0110532737770158,0.0285525797498682));
#2104=CARTESIAN_POINT('',(-0.0718189394720669,0.0132520704737369,0.027631616920433));
#2105=CARTESIAN_POINT('',(-0.0716373249063238,0.0141622376770266,0.0253994414122415));
#2106=CARTESIAN_POINT('',(-0.0718187820830442,0.0132527478724164,0.0231706174306012));
#2107=CARTESIAN_POINT('',(-0.071697836863401,0.0138589615090433,0.0254));
#2108=CARTESIAN_POINT('',(-0.0718189394720668,0.0132520704737369,0.180031616920433));
#2109=CARTESIAN_POINT('',(-0.0716373249063238,0.0141622376770266,0.177799441412241));
#2110=CARTESIAN_POINT('',(-0.0718187820830442,0.0132527478724164,0.175570617430601));
#2111=CARTESIAN_POINT('',(-0.0721967814156838,0.0110587994142133,0.174647953134814));
#2112=CARTESIAN_POINT('',(-0.0724935057623362,0.00884696623615305,0.175568775517668));
#2113=CARTESIAN_POINT('',(-0.072592165836995,0.00792779797563583,0.177799598467824));
#2114=CARTESIAN_POINT('',(-0.0724938394677363,0.00884395006517186,0.180026859572953));
#2115=CARTESIAN_POINT('',(-0.0721976461998223,0.0110532737770159,0.180952579749868));
#2116=CARTESIAN_POINT('',(-0.0718189394720668,0.0132520704737369,0.180031616920433));
#2117=CARTESIAN_POINT('',(-0.0716373249063238,0.0141622376770266,0.177799441412241));
#2118=CARTESIAN_POINT('',(-0.0718187820830442,0.0132527478724164,0.175570617430601));
#2119=CARTESIAN_POINT('',(-0.071697836863401,0.0138589615090433,0.1778));
#2120=CARTESIAN_POINT('',(-0.0435109563618955,0.0586546995507449,0.103832045432647));
#2121=CARTESIAN_POINT('',(-0.0427590086236724,0.0591957902940233,0.101599423364075));
#2122=CARTESIAN_POINT('',(-0.0435103487371012,0.0586551100899076,0.0993702611110523));
#2123=CARTESIAN_POINT('',(-0.0452827791517933,0.0573074339338053,0.0984478889336316));
#2124=CARTESIAN_POINT('',(-0.0470071924963004,0.0558918683272618,0.0993693841890777));
#2125=CARTESIAN_POINT('',(-0.0477068895196372,0.0552858573252169,0.101599548560085));
#2126=CARTESIAN_POINT('',(-0.0470094839805471,0.055889895982313,0.103826279605705));
#2127=CARTESIAN_POINT('',(-0.0452872304146646,0.0573039393504561,0.104752615679982));
#2128=CARTESIAN_POINT('',(-0.0435109563618955,0.0586546995507449,0.103832045432647));
#2129=CARTESIAN_POINT('',(-0.0427590086236724,0.0591957902940233,0.101599423364075));
#2130=CARTESIAN_POINT('',(-0.0435103487371012,0.0586551100899076,0.0993702611110523));
#2131=CARTESIAN_POINT('',(-0.0430095565989477,0.0590154951361243,0.1016));
#2132=CARTESIAN_POINT('',(-0.0435109563618956,0.0586546995507448,0.0276320454326469));
#2133=CARTESIAN_POINT('',(-0.0427590086236723,0.0591957902940234,0.0253994233640752));
#2134=CARTESIAN_POINT('',(-0.0435103487371013,0.0586551100899075,0.0231702611110523));
#2135=CARTESIAN_POINT('',(-0.0452827791517934,0.0573074339338053,0.0222478889336316));
#2136=CARTESIAN_POINT('',(-0.0470071924963004,0.0558918683272617,0.0231693841890777));
#2137=CARTESIAN_POINT('',(-0.0477068895196373,0.0552858573252168,0.0253995485600852));
#2138=CARTESIAN_POINT('',(-0.0470094839805472,0.0558898959823129,0.0276262796057047));
#2139=CARTESIAN_POINT('',(-0.0452872304146646,0.0573039393504561,0.0285526156799817));
#2140=CARTESIAN_POINT('',(-0.0435109563618956,0.0586546995507448,0.0276320454326469));
#2141=CARTESIAN_POINT('',(-0.0427590086236723,0.0591957902940234,0.0253994233640752));
#2142=CARTESIAN_POINT('',(-0.0435103487371013,0.0586551100899075,0.0231702611110523));
#2143=CARTESIAN_POINT('',(-0.0430095565989477,0.0590154951361243,0.0254));
#2144=CARTESIAN_POINT('',(-0.0435109563618955,0.0586546995507449,0.180032045432647));
#2145=CARTESIAN_POINT('',(-0.0427590086236724,0.0591957902940233,0.177799423364075));
#2146=CARTESIAN_POINT('',(-0.0435103487371012,0.0586551100899076,0.175570261111052));
#2147=CARTESIAN_POINT('',(-0.0452827791517933,0.0573074339338053,0.174647888933632));
#2148=CARTESIAN_POINT('',(-0.0470071924963003,0.0558918683272617,0.175569384189078));
#2149=CARTESIAN_POINT('',(-0.0477068895196372,0.0552858573252169,0.177799548560085));
#2150=CARTESIAN_POINT('',(-0.0470094839805471,0.055889895982313,0.180026279605705));
#2151=CARTESIAN_POINT('',(-0.0452872304146646,0.0573039393504561,0.180952615679982));
#2152=CARTESIAN_POINT('',(-0.0435109563618955,0.0586546995507449,0.180032045432647));
#2153=CARTESIAN_POINT('',(-0.0427590086236724,0.0591957902940233,0.177799423364075));
#2154=CARTESIAN_POINT('',(-0.0435103487371012,0.0586551100899076,0.175570261111052));
#2155=CARTESIAN_POINT('',(-0.0430095565989477,0.0590154951361243,0.1778));
#2156=CARTESIAN_POINT('',(-0.0473860994190314,-0.0555709908187984,0.103831616920433));
#2157=CARTESIAN_POINT('',(-0.0480835200559,-0.0549586243895226,0.101599441412241));
#2158=CARTESIAN_POINT('',(-0.047386607368985,-0.0555705158165667,0.0993706174306012));
#2159=CARTESIAN_POINT('',(-0.0456755919359071,-0.0569948470703477,0.0984479531348136));
#2160=CARTESIAN_POINT('',(-0.0439084503880999,-0.0583577344815002,0.0993687755176676));
#2161=CARTESIAN_POINT('',(-0.043161757361469,-0.0589027607427526,0.101599598467824));
#2162=CARTESIAN_POINT('',(-0.0439060051601081,-0.0583595315643446,0.103826859572953));
#2163=CARTESIAN_POINT('',(-0.0456712389857913,-0.0569983588139791,0.104752579749868));
#2164=CARTESIAN_POINT('',(-0.0473860994190314,-0.0555709908187984,0.103831616920433));
#2165=CARTESIAN_POINT('',(-0.0480835200559,-0.0549586243895226,0.101599441412241));
#2166=CARTESIAN_POINT('',(-0.047386607368985,-0.0555705158165667,0.0993706174306012));
#2167=CARTESIAN_POINT('',(-0.0478511311686027,-0.055162667365576,0.1016));
#2168=CARTESIAN_POINT('',(-0.0473860994190313,-0.0555709908187983,0.027631616920433));
#2169=CARTESIAN_POINT('',(-0.0480835200559,-0.0549586243895226,0.0253994414122415));
#2170=CARTESIAN_POINT('',(-0.047386607368985,-0.0555705158165667,0.0231706174306012));
#2171=CARTESIAN_POINT('',(-0.0456755919359071,-0.0569948470703477,0.0222479531348137));
#2172=CARTESIAN_POINT('',(-0.0439084503880999,-0.0583577344815002,0.0231687755176676));
#2173=CARTESIAN_POINT('',(-0.043161757361469,-0.0589027607427525,0.0253995984678239));
#2174=CARTESIAN_POINT('',(-0.0439060051601081,-0.0583595315643446,0.0276268595729525));
#2175=CARTESIAN_POINT('',(-0.0456712389857913,-0.0569983588139792,0.0285525797498682));
#2176=CARTESIAN_POINT('',(-0.0473860994190313,-0.0555709908187983,0.027631616920433));
#2177=CARTESIAN_POINT('',(-0.0480835200559,-0.0549586243895226,0.0253994414122415));
#2178=CARTESIAN_POINT('',(-0.047386607368985,-0.0555705158165667,0.0231706174306012));
#2179=CARTESIAN_POINT('',(-0.0478511311686027,-0.055162667365576,0.0254));
#2180=CARTESIAN_POINT('',(-0.0473860994190313,-0.0555709908187984,0.180031616920433));
#2181=CARTESIAN_POINT('',(-0.0480835200559,-0.0549586243895226,0.177799441412241));
#2182=CARTESIAN_POINT('',(-0.047386607368985,-0.0555705158165667,0.175570617430601));
#2183=CARTESIAN_POINT('',(-0.0456755919359071,-0.0569948470703477,0.174647953134814));
#2184=CARTESIAN_POINT('',(-0.0439084503880999,-0.0583577344815002,0.175568775517668));
#2185=CARTESIAN_POINT('',(-0.0431617573614691,-0.0589027607427526,0.177799598467824));
#2186=CARTESIAN_POINT('',(-0.043906005160108,-0.0583595315643446,0.180026859572953));
#2187=CARTESIAN_POINT('',(-0.0456712389857913,-0.0569983588139791,0.180952579749868));
#2188=CARTESIAN_POINT('',(-0.0473860994190313,-0.0555709908187984,0.180031616920433));
#2189=CARTESIAN_POINT('',(-0.0480835200559,-0.0549586243895226,0.177799441412241));
#2190=CARTESIAN_POINT('',(-0.047386607368985,-0.0555705158165667,0.175570617430601));
#2191=CARTESIAN_POINT('',(-0.0478511311686027,-0.055162667365576,0.1778));
#2192=CARTESIAN_POINT('',(-0.0725519380432365,-0.00835424377698515,0.103832045432647));
#2193=CARTESIAN_POINT('',(-0.0726445625035568,-0.0074324925617265,0.101599423364075));
#2194=CARTESIAN_POINT('',(-0.0725519897681835,-0.00835351228889594,0.0993702611110523));
#2195=CARTESIAN_POINT('',(-0.0722710831882704,-0.0105623201325107,0.0984478889336316));
#2196=CARTESIAN_POINT('',(-0.0719073740845337,-0.0127634886987504,0.0993693841890777));
#2197=CARTESIAN_POINT('',(-0.0717324016734584,-0.0136724495969349,0.101599548560085));
#2198=CARTESIAN_POINT('',(-0.0719068117258264,-0.0127664593547949,0.103826279605705));
#2199=CARTESIAN_POINT('',(-0.0722702824217501,-0.0105679223309107,0.104752615679982));
#2200=CARTESIAN_POINT('',(-0.0725519380432365,-0.00835424377698515,0.103832045432647));
#2201=CARTESIAN_POINT('',(-0.0726445625035568,-0.0074324925617265,0.101599423364075));
#2202=CARTESIAN_POINT('',(-0.0725519897681835,-0.00835351228889594,0.0993702611110523));
#2203=CARTESIAN_POINT('',(-0.0726136963042745,-0.00773962105213118,0.1016));
#2204=CARTESIAN_POINT('',(-0.0725519380432365,-0.00835424377698515,0.0276320454326469));
#2205=CARTESIAN_POINT('',(-0.0726445625035567,-0.00743249256172651,0.0253994233640752));
#2206=CARTESIAN_POINT('',(-0.0725519897681835,-0.00835351228889595,0.0231702611110523));
#2207=CARTESIAN_POINT('',(-0.0722710831882704,-0.0105623201325107,0.0222478889336316));
#2208=CARTESIAN_POINT('',(-0.0719073740845337,-0.0127634886987505,0.0231693841890777));
#2209=CARTESIAN_POINT('',(-0.0717324016734584,-0.0136724495969349,0.0253995485600852));
#2210=CARTESIAN_POINT('',(-0.0719068117258264,-0.0127664593547949,0.0276262796057047));
#2211=CARTESIAN_POINT('',(-0.07227028242175,-0.0105679223309107,0.0285526156799817));
#2212=CARTESIAN_POINT('',(-0.0725519380432365,-0.00835424377698515,0.0276320454326469));
#2213=CARTESIAN_POINT('',(-0.0726445625035567,-0.00743249256172651,0.0253994233640752));
#2214=CARTESIAN_POINT('',(-0.0725519897681835,-0.00835351228889595,0.0231702611110523));
#2215=CARTESIAN_POINT('',(-0.0726136963042745,-0.00773962105213119,0.0254));
#2216=CARTESIAN_POINT('',(-0.0725519380432365,-0.00835424377698511,0.180032045432647));
#2217=CARTESIAN_POINT('',(-0.0726445625035567,-0.00743249256172649,0.177799423364075));
#2218=CARTESIAN_POINT('',(-0.0725519897681835,-0.00835351228889594,0.175570261111052));
#2219=CARTESIAN_POINT('',(-0.0722710831882705,-0.0105623201325107,0.174647888933632));
#2220=CARTESIAN_POINT('',(-0.0719073740845337,-0.0127634886987505,0.175569384189078));
#2221=CARTESIAN_POINT('',(-0.0717324016734584,-0.0136724495969349,0.177799548560085));
#2222=CARTESIAN_POINT('',(-0.0719068117258264,-0.0127664593547949,0.180026279605705));
#2223=CARTESIAN_POINT('',(-0.07227028242175,-0.0105679223309107,0.180952615679982));
#2224=CARTESIAN_POINT('',(-0.0725519380432365,-0.00835424377698511,0.180032045432647));
#2225=CARTESIAN_POINT('',(-0.0726445625035567,-0.00743249256172649,0.177799423364075));
#2226=CARTESIAN_POINT('',(-0.0725519897681835,-0.00835351228889594,0.175570261111052));
#2227=CARTESIAN_POINT('',(-0.0726136963042745,-0.00773962105213117,0.1778));
#2228=CARTESIAN_POINT('',(0.0244328400530356,-0.0688230612925353,0.103831616920433));
#2229=CARTESIAN_POINT('',(0.0235538048504236,-0.0691208620665492,0.101599441412241));
#2230=CARTESIAN_POINT('',(0.0244321747140593,-0.0688232636889832,0.0993706174306012));
#2231=CARTESIAN_POINT('',(0.0265211894797767,-0.068053646484561,0.0984479531348137));
#2232=CARTESIAN_POINT('',(0.0285850553742364,-0.0672047007176532,0.0993687755176675));
#2233=CARTESIAN_POINT('',(0.029430408475526,-0.0668305587183885,0.101599598467824));
#2234=CARTESIAN_POINT('',(0.0285878343076283,-0.0672034816295165,0.103826859572952));
#2235=CARTESIAN_POINT('',(0.026526407214031,-0.0680516325909951,0.104752579749868));
#2236=CARTESIAN_POINT('',(0.0244328400530356,-0.0688230612925353,0.103831616920433));
#2237=CARTESIAN_POINT('',(0.0235538048504236,-0.0691208620665492,0.101599441412241));
#2238=CARTESIAN_POINT('',(0.0244321747140593,-0.0688232636889832,0.0993706174306012));
#2239=CARTESIAN_POINT('',(0.0238467056947983,-0.0690216288746193,0.1016));
#2240=CARTESIAN_POINT('',(0.0244328400530356,-0.0688230612925353,0.027631616920433));
#2241=CARTESIAN_POINT('',(0.0235538048504236,-0.0691208620665492,0.0253994414122415));
#2242=CARTESIAN_POINT('',(0.0244321747140593,-0.0688232636889832,0.0231706174306012));
#2243=CARTESIAN_POINT('',(0.0265211894797767,-0.0680536464845611,0.0222479531348137));
#2244=CARTESIAN_POINT('',(0.0285850553742364,-0.0672047007176532,0.0231687755176675));
#2245=CARTESIAN_POINT('',(0.029430408475526,-0.0668305587183884,0.0253995984678239));
#2246=CARTESIAN_POINT('',(0.0285878343076283,-0.0672034816295165,0.0276268595729525));
#2247=CARTESIAN_POINT('',(0.0265264072140311,-0.0680516325909951,0.0285525797498682));
#2248=CARTESIAN_POINT('',(0.0244328400530356,-0.0688230612925353,0.027631616920433));
#2249=CARTESIAN_POINT('',(0.0235538048504236,-0.0691208620665492,0.0253994414122415));
#2250=CARTESIAN_POINT('',(0.0244321747140593,-0.0688232636889832,0.0231706174306012));
#2251=CARTESIAN_POINT('',(0.0238467056947982,-0.0690216288746193,0.0254));
#2252=CARTESIAN_POINT('',(0.0244328400530356,-0.0688230612925353,0.180031616920433));
#2253=CARTESIAN_POINT('',(0.0235538048504237,-0.0691208620665492,0.177799441412241));
#2254=CARTESIAN_POINT('',(0.0244321747140593,-0.0688232636889832,0.175570617430601));
#2255=CARTESIAN_POINT('',(0.0265211894797767,-0.068053646484561,0.174647953134814));
#2256=CARTESIAN_POINT('',(0.0285850553742364,-0.0672047007176533,0.175568775517668));
#2257=CARTESIAN_POINT('',(0.029430408475526,-0.0668305587183884,0.177799598467824));
#2258=CARTESIAN_POINT('',(0.0285878343076283,-0.0672034816295165,0.180026859572953));
#2259=CARTESIAN_POINT('',(0.0265264072140311,-0.0680516325909951,0.180952579749868));
#2260=CARTESIAN_POINT('',(0.0244328400530356,-0.0688230612925353,0.180031616920433));
#2261=CARTESIAN_POINT('',(0.0235538048504237,-0.0691208620665492,0.177799441412241));
#2262=CARTESIAN_POINT('',(0.0244321747140593,-0.0688232636889832,0.175570617430601));
#2263=CARTESIAN_POINT('',(0.0238467056947982,-0.0690216288746193,0.1778));
#2264=CARTESIAN_POINT('',(-0.0290409816813411,-0.06700894332773,0.103832045432647));
#2265=CARTESIAN_POINT('',(-0.0298855538798843,-0.0666282828557498,0.101599423364075));
#2266=CARTESIAN_POINT('',(-0.0290416410310824,-0.0670086223788035,0.0993702611110523));
#2267=CARTESIAN_POINT('',(-0.0269883040364772,-0.0678697540663159,0.0984478889336316));
#2268=CARTESIAN_POINT('',(-0.0249001815882334,-0.0686553570260122,0.0993693841890777));
#2269=CARTESIAN_POINT('',(-0.0240255121538213,-0.0689583069221518,0.101599548560085));
#2270=CARTESIAN_POINT('',(-0.0248973277452794,-0.0686563553371079,0.103826279605705));
#2271=CARTESIAN_POINT('',(-0.0269830520070856,-0.0678718616813668,0.104752615679982));
#2272=CARTESIAN_POINT('',(-0.0290409816813411,-0.06700894332773,0.103832045432647));
#2273=CARTESIAN_POINT('',(-0.0298855538798843,-0.0666282828557498,0.101599423364075));
#2274=CARTESIAN_POINT('',(-0.0290416410310824,-0.0670086223788035,0.0993702611110523));
#2275=CARTESIAN_POINT('',(-0.0296041397053268,-0.0667551161882555,0.1016));
#2276=CARTESIAN_POINT('',(-0.0290409816813412,-0.0670089433277301,0.0276320454326469));
#2277=CARTESIAN_POINT('',(-0.0298855538798842,-0.0666282828557498,0.0253994233640752));
#2278=CARTESIAN_POINT('',(-0.0290416410310824,-0.0670086223788035,0.0231702611110523));
#2279=CARTESIAN_POINT('',(-0.0269883040364772,-0.067869754066316,0.0222478889336316));
#2280=CARTESIAN_POINT('',(-0.0249001815882334,-0.0686553570260122,0.0231693841890777));
#2281=CARTESIAN_POINT('',(-0.0240255121538213,-0.0689583069221518,0.0253995485600852));
#2282=CARTESIAN_POINT('',(-0.0248973277452794,-0.0686563553371078,0.0276262796057047));
#2283=CARTESIAN_POINT('',(-0.0269830520070855,-0.0678718616813668,0.0285526156799817));
#2284=CARTESIAN_POINT('',(-0.0290409816813412,-0.0670089433277301,0.0276320454326469));
#2285=CARTESIAN_POINT('',(-0.0298855538798842,-0.0666282828557498,0.0253994233640752));
#2286=CARTESIAN_POINT('',(-0.0290416410310824,-0.0670086223788035,0.0231702611110523));
#2287=CARTESIAN_POINT('',(-0.0296041397053268,-0.0667551161882555,0.0254));
#2288=CARTESIAN_POINT('',(-0.0290409816813411,-0.0670089433277301,0.180032045432647));
#2289=CARTESIAN_POINT('',(-0.0298855538798843,-0.0666282828557498,0.177799423364075));
#2290=CARTESIAN_POINT('',(-0.0290416410310824,-0.0670086223788036,0.175570261111052));
#2291=CARTESIAN_POINT('',(-0.0269883040364772,-0.067869754066316,0.174647888933632));
#2292=CARTESIAN_POINT('',(-0.0249001815882334,-0.0686553570260122,0.175569384189078));
#2293=CARTESIAN_POINT('',(-0.0240255121538213,-0.0689583069221518,0.177799548560085));
#2294=CARTESIAN_POINT('',(-0.0248973277452794,-0.0686563553371078,0.180026279605705));
#2295=CARTESIAN_POINT('',(-0.0269830520070855,-0.0678718616813668,0.180952615679982));
#2296=CARTESIAN_POINT('',(-0.0290409816813411,-0.0670089433277301,0.180032045432647));
#2297=CARTESIAN_POINT('',(-0.0298855538798843,-0.0666282828557498,0.177799423364075));
#2298=CARTESIAN_POINT('',(-0.0290416410310824,-0.0670086223788036,0.175570261111052));
#2299=CARTESIAN_POINT('',(-0.0296041397053268,-0.0667551161882555,0.1778));
#2300=CARTESIAN_POINT('',(0.0718189394720668,-0.0132520704737369,0.103831616920433));
#2301=CARTESIAN_POINT('',(0.0716373249063238,-0.0141622376770266,0.101599441412241));
#2302=CARTESIAN_POINT('',(0.0718187820830441,-0.0132527478724165,0.0993706174306012));
#2303=CARTESIAN_POINT('',(0.0721967814156838,-0.0110587994142134,0.0984479531348137));
#2304=CARTESIAN_POINT('',(0.0724935057623362,-0.00884696623615307,0.0993687755176676));
#2305=CARTESIAN_POINT('',(0.072592165836995,-0.0079277979756359,0.101599598467824));
#2306=CARTESIAN_POINT('',(0.0724938394677363,-0.00884395006517191,0.103826859572952));
#2307=CARTESIAN_POINT('',(0.0721976461998223,-0.0110532737770159,0.104752579749868));
#2308=CARTESIAN_POINT('',(0.0718189394720668,-0.0132520704737369,0.103831616920433));
#2309=CARTESIAN_POINT('',(0.0716373249063238,-0.0141622376770266,0.101599441412241));
#2310=CARTESIAN_POINT('',(0.0718187820830441,-0.0132527478724165,0.0993706174306012));
#2311=CARTESIAN_POINT('',(0.071697836863401,-0.0138589615090433,0.1016));
#2312=CARTESIAN_POINT('',(0.0718189394720668,-0.013252070473737,0.027631616920433));
#2313=CARTESIAN_POINT('',(0.0716373249063238,-0.0141622376770266,0.0253994414122415));
#2314=CARTESIAN_POINT('',(0.0718187820830441,-0.0132527478724165,0.0231706174306012));
#2315=CARTESIAN_POINT('',(0.0721967814156838,-0.0110587994142134,0.0222479531348137));
#2316=CARTESIAN_POINT('',(0.0724935057623362,-0.00884696623615308,0.0231687755176676));
#2317=CARTESIAN_POINT('',(0.072592165836995,-0.0079277979756359,0.0253995984678239));
#2318=CARTESIAN_POINT('',(0.0724938394677362,-0.00884395006517194,0.0276268595729525));
#2319=CARTESIAN_POINT('',(0.0721976461998223,-0.0110532737770159,0.0285525797498682));
#2320=CARTESIAN_POINT('',(0.0718189394720668,-0.013252070473737,0.027631616920433));
#2321=CARTESIAN_POINT('',(0.0716373249063238,-0.0141622376770266,0.0253994414122415));
#2322=CARTESIAN_POINT('',(0.0718187820830441,-0.0132527478724165,0.0231706174306012));
#2323=CARTESIAN_POINT('',(0.071697836863401,-0.0138589615090433,0.0254));
#2324=CARTESIAN_POINT('',(0.0718189394720668,-0.0132520704737369,0.180031616920433));
#2325=CARTESIAN_POINT('',(0.0716373249063238,-0.0141622376770266,0.177799441412241));
#2326=CARTESIAN_POINT('',(0.0718187820830441,-0.0132527478724165,0.175570617430601));
#2327=CARTESIAN_POINT('',(0.0721967814156838,-0.0110587994142134,0.174647953134814));
#2328=CARTESIAN_POINT('',(0.0724935057623362,-0.00884696623615312,0.175568775517668));
#2329=CARTESIAN_POINT('',(0.072592165836995,-0.00792779797563589,0.177799598467824));
#2330=CARTESIAN_POINT('',(0.0724938394677363,-0.00884395006517192,0.180026859572953));
#2331=CARTESIAN_POINT('',(0.0721976461998223,-0.0110532737770159,0.180952579749868));
#2332=CARTESIAN_POINT('',(0.0718189394720668,-0.0132520704737369,0.180031616920433));
#2333=CARTESIAN_POINT('',(0.0716373249063238,-0.0141622376770266,0.177799441412241));
#2334=CARTESIAN_POINT('',(0.0718187820830441,-0.0132527478724165,0.175570617430601));
#2335=CARTESIAN_POINT('',(0.071697836863401,-0.0138589615090433,0.1778));
#2336=CARTESIAN_POINT('',(0.0435109563618956,-0.0586546995507449,0.103832045432647));
#2337=CARTESIAN_POINT('',(0.0427590086236723,-0.0591957902940233,0.101599423364075));
#2338=CARTESIAN_POINT('',(0.0435103487371013,-0.0586551100899076,0.0993702611110523));
#2339=CARTESIAN_POINT('',(0.0452827791517933,-0.0573074339338053,0.0984478889336316));
#2340=CARTESIAN_POINT('',(0.0470071924963004,-0.0558918683272617,0.0993693841890777));
#2341=CARTESIAN_POINT('',(0.0477068895196372,-0.0552858573252169,0.101599548560085));
#2342=CARTESIAN_POINT('',(0.0470094839805471,-0.0558898959823129,0.103826279605705));
#2343=CARTESIAN_POINT('',(0.0452872304146645,-0.0573039393504561,0.104752615679982));
#2344=CARTESIAN_POINT('',(0.0435109563618956,-0.0586546995507449,0.103832045432647));
#2345=CARTESIAN_POINT('',(0.0427590086236723,-0.0591957902940233,0.101599423364075));
#2346=CARTESIAN_POINT('',(0.0435103487371013,-0.0586551100899076,0.0993702611110523));
#2347=CARTESIAN_POINT('',(0.0430095565989477,-0.0590154951361243,0.1016));
#2348=CARTESIAN_POINT('',(0.0435109563618956,-0.0586546995507448,0.0276320454326469));
#2349=CARTESIAN_POINT('',(0.0427590086236723,-0.0591957902940234,0.0253994233640752));
#2350=CARTESIAN_POINT('',(0.0435103487371012,-0.0586551100899075,0.0231702611110523));
#2351=CARTESIAN_POINT('',(0.0452827791517933,-0.0573074339338053,0.0222478889336316));
#2352=CARTESIAN_POINT('',(0.0470071924963004,-0.0558918683272617,0.0231693841890777));
#2353=CARTESIAN_POINT('',(0.0477068895196372,-0.0552858573252168,0.0253995485600852));
#2354=CARTESIAN_POINT('',(0.0470094839805471,-0.0558898959823129,0.0276262796057047));
#2355=CARTESIAN_POINT('',(0.0452872304146646,-0.0573039393504561,0.0285526156799817));
#2356=CARTESIAN_POINT('',(0.0435109563618956,-0.0586546995507448,0.0276320454326469));
#2357=CARTESIAN_POINT('',(0.0427590086236723,-0.0591957902940234,0.0253994233640752));
#2358=CARTESIAN_POINT('',(0.0435103487371012,-0.0586551100899075,0.0231702611110523));
#2359=CARTESIAN_POINT('',(0.0430095565989477,-0.0590154951361243,0.0254));
#2360=CARTESIAN_POINT('',(0.0435109563618956,-0.0586546995507449,0.180032045432647));
#2361=CARTESIAN_POINT('',(0.0427590086236723,-0.0591957902940234,0.177799423364075));
#2362=CARTESIAN_POINT('',(0.0435103487371012,-0.0586551100899076,0.175570261111052));
#2363=CARTESIAN_POINT('',(0.0452827791517933,-0.0573074339338052,0.174647888933632));
#2364=CARTESIAN_POINT('',(0.0470071924963004,-0.0558918683272617,0.175569384189078));
#2365=CARTESIAN_POINT('',(0.0477068895196372,-0.0552858573252169,0.177799548560085));
#2366=CARTESIAN_POINT('',(0.0470094839805471,-0.0558898959823129,0.180026279605705));
#2367=CARTESIAN_POINT('',(0.0452872304146646,-0.0573039393504561,0.180952615679982));
#2368=CARTESIAN_POINT('',(0.0435109563618956,-0.0586546995507449,0.180032045432647));
#2369=CARTESIAN_POINT('',(0.0427590086236723,-0.0591957902940234,0.177799423364075));
#2370=CARTESIAN_POINT('',(0.0435103487371012,-0.0586551100899076,0.175570261111052));
#2371=CARTESIAN_POINT('',(0.0430095565989477,-0.0590154951361243,0.1778));
#2372=CARTESIAN_POINT('',(0.0473860994190315,0.0555709908187982,0.103831616920433));
#2373=CARTESIAN_POINT('',(0.0480835200558999,0.0549586243895226,0.101599441412241));
#2374=CARTESIAN_POINT('',(0.0473866073689852,0.0555705158165665,0.0993706174306012));
#2375=CARTESIAN_POINT('',(0.0456755919359072,0.0569948470703476,0.0984479531348137));
#2376=CARTESIAN_POINT('',(0.0439084503881,0.0583577344815001,0.0993687755176675));
#2377=CARTESIAN_POINT('',(0.0431617573614692,0.0589027607427525,0.101599598467824));
#2378=CARTESIAN_POINT('',(0.0439060051601082,0.0583595315643445,0.103826859572953));
#2379=CARTESIAN_POINT('',(0.0456712389857914,0.0569983588139791,0.104752579749868));
#2380=CARTESIAN_POINT('',(0.0473860994190315,0.0555709908187982,0.103831616920433));
#2381=CARTESIAN_POINT('',(0.0480835200558999,0.0549586243895226,0.101599441412241));
#2382=CARTESIAN_POINT('',(0.0473866073689852,0.0555705158165665,0.0993706174306012));
#2383=CARTESIAN_POINT('',(0.0478511311686027,0.0551626673655759,0.1016));
#2384=CARTESIAN_POINT('',(0.0473860994190315,0.0555709908187982,0.027631616920433));
#2385=CARTESIAN_POINT('',(0.0480835200558999,0.0549586243895227,0.0253994414122415));
#2386=CARTESIAN_POINT('',(0.0473866073689851,0.0555705158165665,0.0231706174306012));
#2387=CARTESIAN_POINT('',(0.0456755919359073,0.0569948470703476,0.0222479531348137));
#2388=CARTESIAN_POINT('',(0.0439084503881,0.0583577344815001,0.0231687755176676));
#2389=CARTESIAN_POINT('',(0.0431617573614692,0.0589027607427525,0.0253995984678239));
#2390=CARTESIAN_POINT('',(0.0439060051601082,0.0583595315643445,0.0276268595729525));
#2391=CARTESIAN_POINT('',(0.0456712389857914,0.0569983588139791,0.0285525797498682));
#2392=CARTESIAN_POINT('',(0.0473860994190315,0.0555709908187982,0.027631616920433));
#2393=CARTESIAN_POINT('',(0.0480835200558999,0.0549586243895227,0.0253994414122415));
#2394=CARTESIAN_POINT('',(0.0473866073689851,0.0555705158165665,0.0231706174306012));
#2395=CARTESIAN_POINT('',(0.0478511311686027,0.055162667365576,0.0254));
#2396=CARTESIAN_POINT('',(0.0473860994190315,0.0555709908187983,0.180031616920433));
#2397=CARTESIAN_POINT('',(0.0480835200558999,0.0549586243895226,0.177799441412241));
#2398=CARTESIAN_POINT('',(0.0473866073689852,0.0555705158165665,0.175570617430601));
#2399=CARTESIAN_POINT('',(0.0456755919359072,0.0569948470703476,0.174647953134814));
#2400=CARTESIAN_POINT('',(0.0439084503881,0.0583577344815001,0.175568775517668));
#2401=CARTESIAN_POINT('',(0.0431617573614692,0.0589027607427525,0.177799598467824));
#2402=CARTESIAN_POINT('',(0.0439060051601082,0.0583595315643445,0.180026859572953));
#2403=CARTESIAN_POINT('',(0.0456712389857914,0.0569983588139791,0.180952579749868));
#2404=CARTESIAN_POINT('',(0.0473860994190315,0.0555709908187983,0.180031616920433));
#2405=CARTESIAN_POINT('',(0.0480835200558999,0.0549586243895226,0.177799441412241));
#2406=CARTESIAN_POINT('',(0.0473866073689852,0.0555705158165665,0.175570617430601));
#2407=CARTESIAN_POINT('',(0.0478511311686027,0.0551626673655759,0.1778));
#2408=CARTESIAN_POINT('',(0.0725519380432365,0.00835424377698512,0.103832045432647));
#2409=CARTESIAN_POINT('',(0.0726445625035568,0.00743249256172645,0.101599423364075));
#2410=CARTESIAN_POINT('',(0.0725519897681835,0.00835351228889594,0.0993702611110523));
#2411=CARTESIAN_POINT('',(0.0722710831882704,0.0105623201325106,0.0984478889336316));
#2412=CARTESIAN_POINT('',(0.0719073740845337,0.0127634886987504,0.0993693841890777));
#2413=CARTESIAN_POINT('',(0.0717324016734584,0.0136724495969349,0.101599548560085));
#2414=CARTESIAN_POINT('',(0.0719068117258264,0.0127664593547948,0.103826279605705));
#2415=CARTESIAN_POINT('',(0.07227028242175,0.0105679223309107,0.104752615679982));
#2416=CARTESIAN_POINT('',(0.0725519380432365,0.00835424377698512,0.103832045432647));
#2417=CARTESIAN_POINT('',(0.0726445625035568,0.00743249256172645,0.101599423364075));
#2418=CARTESIAN_POINT('',(0.0725519897681835,0.00835351228889594,0.0993702611110523));
#2419=CARTESIAN_POINT('',(0.0726136963042745,0.00773962105213115,0.1016));
#2420=CARTESIAN_POINT('',(0.0725519380432366,0.00835424377698511,0.0276320454326469));
#2421=CARTESIAN_POINT('',(0.0726445625035566,0.00743249256172646,0.0253994233640752));
#2422=CARTESIAN_POINT('',(0.0725519897681836,0.00835351228889593,0.0231702611110523));
#2423=CARTESIAN_POINT('',(0.0722710831882704,0.0105623201325106,0.0222478889336316));
#2424=CARTESIAN_POINT('',(0.0719073740845337,0.0127634886987504,0.0231693841890777));
#2425=CARTESIAN_POINT('',(0.0717324016734584,0.0136724495969349,0.0253995485600852));
#2426=CARTESIAN_POINT('',(0.0719068117258264,0.0127664593547948,0.0276262796057047));
#2427=CARTESIAN_POINT('',(0.07227028242175,0.0105679223309106,0.0285526156799817));
#2428=CARTESIAN_POINT('',(0.0725519380432366,0.00835424377698511,0.0276320454326469));
#2429=CARTESIAN_POINT('',(0.0726445625035566,0.00743249256172646,0.0253994233640752));
#2430=CARTESIAN_POINT('',(0.0725519897681836,0.00835351228889593,0.0231702611110523));
#2431=CARTESIAN_POINT('',(0.0726136963042745,0.00773962105213116,0.0254));
#2432=CARTESIAN_POINT('',(0.0725519380432365,0.00835424377698512,0.180032045432647));
#2433=CARTESIAN_POINT('',(0.0726445625035567,0.00743249256172646,0.177799423364075));
#2434=CARTESIAN_POINT('',(0.0725519897681835,0.00835351228889591,0.175570261111052));
#2435=CARTESIAN_POINT('',(0.0722710831882704,0.0105623201325106,0.174647888933632));
#2436=CARTESIAN_POINT('',(0.0719073740845337,0.0127634886987504,0.175569384189078));
#2437=CARTESIAN_POINT('',(0.0717324016734584,0.0136724495969349,0.177799548560085));
#2438=CARTESIAN_POINT('',(0.0719068117258264,0.0127664593547948,0.180026279605705));
#2439=CARTESIAN_POINT('',(0.07227028242175,0.0105679223309107,0.180952615679982));
#2440=CARTESIAN_POINT('',(0.0725519380432365,0.00835424377698512,0.180032045432647));
#2441=CARTESIAN_POINT('',(0.0726445625035567,0.00743249256172646,0.177799423364075));
#2442=CARTESIAN_POINT('',(0.0725519897681835,0.00835351228889591,0.175570261111052));
#2443=CARTESIAN_POINT('',(0.0726136963042745,0.00773962105213114,0.1778));
#2444=CARTESIAN_POINT('',(0.,3.53831076443649E-18,0.2032));
#2445=CARTESIAN_POINT('',(0.,3.53831076443649E-18,0.2032));
#2446=CARTESIAN_POINT('',(0.057785,3.53831076443649E-18,0.2032));
#2447=CARTESIAN_POINT('',(0.,3.53831076443649E-18,0.));
#2448=CARTESIAN_POINT('',(0.057785,3.53831076443649E-18,0.));
#2449=CARTESIAN_POINT('',(0.,0.,0.2032));
#2450=CARTESIAN_POINT('',(0.,0.0648852586746216,0.2032));
#2451=CARTESIAN_POINT('',(0.00313998322900199,0.0648852586746216,0.2032));
#2452=CARTESIAN_POINT('',(0.,0.,0.));
#2453=CARTESIAN_POINT('',(0.,0.,-0.0762));
#2454=CARTESIAN_POINT('',(-0.0607803299657461,0.150753464852173,0.1778));
#2455=CARTESIAN_POINT('',(-0.0228717091556603,0.0592339583616049,0.1778));
#2456=CARTESIAN_POINT('',(-0.0254999616497484,0.0581453005332127,0.1778));
#2457=CARTESIAN_POINT('',(-0.0607803299657461,0.150753464852173,0.1016));
#2458=CARTESIAN_POINT('',(-0.0228717091556603,0.0592339583616049,0.1016));
#2459=CARTESIAN_POINT('',(-0.0254999616497484,0.0581453005332127,0.1016));
#2460=CARTESIAN_POINT('',(-0.0607803299657461,0.150753464852173,0.0254));
#2461=CARTESIAN_POINT('',(-0.0228717091556603,0.0592339583616049,0.0254));
#2462=CARTESIAN_POINT('',(-0.0254999616497484,0.0581453005332127,0.0254));
#2463=CARTESIAN_POINT('',(-0.0216317840361097,0.0597475521624499,0.1016));
#2464=CARTESIAN_POINT('',(-0.0216317840361097,0.0597475521624499,0.1016));
#2465=CARTESIAN_POINT('',(-0.0216317840361097,0.0597475521624499,0.1016));
#2466=CARTESIAN_POINT('',(0.0503528572595381,0.124280772154442,0.1778));
#2467=CARTESIAN_POINT('',(0.0233308147333743,0.0590437906047547,0.1778));
#2468=CARTESIAN_POINT('',(0.0207025622392862,0.0601324484331469,0.1778));
#2469=CARTESIAN_POINT('',(0.0503528572595381,0.124280772154442,0.1016));
#2470=CARTESIAN_POINT('',(0.0233308147333743,0.0590437906047547,0.1016));
#2471=CARTESIAN_POINT('',(0.0207025622392862,0.0601324484331469,0.1016));
#2472=CARTESIAN_POINT('',(0.050352857259538,0.124280772154442,0.0254));
#2473=CARTESIAN_POINT('',(0.0233308147333743,0.0590437906047547,0.0254));
#2474=CARTESIAN_POINT('',(0.0207025622392862,0.0601324484331469,0.0254));
#2475=CARTESIAN_POINT('',(0.0228717091556603,0.0592339583616049,0.1016));
#2476=CARTESIAN_POINT('',(0.0228717091556603,0.0592339583616049,0.1016));
#2477=CARTESIAN_POINT('',(0.0228717091556603,0.0592339583616049,0.1016));
#2478=CARTESIAN_POINT('',(-0.16094649525338,0.0227394226253499,0.1016));
#2479=CARTESIAN_POINT('',(-0.0627339672856897,0.00980949802403151,0.1016));
#2480=CARTESIAN_POINT('',(-0.0631052881973173,0.00698903568239529,0.1016));
#2481=CARTESIAN_POINT('',(-0.0627339672856897,0.00980949802403151,0.1016));
#2482=CARTESIAN_POINT('',(-0.16094649525338,0.0227394226253499,0.0254));
#2483=CARTESIAN_POINT('',(-0.0627339672856897,0.00980949802403151,0.0254));
#2484=CARTESIAN_POINT('',(-0.0631052881973173,0.00698903568239529,0.0254));
#2485=CARTESIAN_POINT('',(-0.0627339672856897,0.00980949802403151,0.1016));
#2486=CARTESIAN_POINT('',(-0.16094649525338,0.0227394226253499,0.1778));
#2487=CARTESIAN_POINT('',(-0.0627339672856897,0.00980949802403151,0.1778));
#2488=CARTESIAN_POINT('',(-0.0631052881973173,0.00698903568239529,0.1778));
#2489=CARTESIAN_POINT('',(-0.0627339672856897,0.00980949802403151,0.1016));
#2490=CARTESIAN_POINT('',(-0.0824538772579231,0.105747239617112,0.1016));
#2491=CARTESIAN_POINT('',(-0.0394680152327593,0.0497269735524678,0.1016));
#2492=CARTESIAN_POINT('',(-0.0417249468152199,0.0479951690392238,0.1016));
#2493=CARTESIAN_POINT('',(-0.0394680152327593,0.0497269735524678,0.1016));
#2494=CARTESIAN_POINT('',(-0.0824538772579232,0.105747239617112,0.0254));
#2495=CARTESIAN_POINT('',(-0.0394680152327594,0.0497269735524678,0.0254));
#2496=CARTESIAN_POINT('',(-0.0417249468152199,0.0479951690392238,0.0254));
#2497=CARTESIAN_POINT('',(-0.0394680152327593,0.0497269735524678,0.1016));
#2498=CARTESIAN_POINT('',(-0.0824538772579231,0.105747239617112,0.1778));
#2499=CARTESIAN_POINT('',(-0.0394680152327593,0.0497269735524678,0.1778));
#2500=CARTESIAN_POINT('',(-0.0417249468152199,0.0479951690392238,0.1778));
#2501=CARTESIAN_POINT('',(-0.0394680152327593,0.0497269735524678,0.1016));
#2502=CARTESIAN_POINT('',(-0.100166165287633,-0.128014042226823,0.1016));
#2503=CARTESIAN_POINT('',(-0.0398622581300294,-0.0494244603375734,0.1016));
#2504=CARTESIAN_POINT('',(-0.0376053265475689,-0.0511562648508174,0.1016));
#2505=CARTESIAN_POINT('',(-0.0398622581300294,-0.0494244603375734,0.1016));
#2506=CARTESIAN_POINT('',(-0.100166165287633,-0.128014042226823,0.0254));
#2507=CARTESIAN_POINT('',(-0.0398622581300294,-0.0494244603375734,0.0254));
#2508=CARTESIAN_POINT('',(-0.0376053265475689,-0.0511562648508174,0.0254));
#2509=CARTESIAN_POINT('',(-0.0398622581300294,-0.0494244603375734,0.1016));
#2510=CARTESIAN_POINT('',(-0.100166165287633,-0.128014042226823,0.1778));
#2511=CARTESIAN_POINT('',(-0.0398622581300294,-0.0494244603375734,0.1778));
#2512=CARTESIAN_POINT('',(-0.0376053265475689,-0.0511562648508174,0.1778));
#2513=CARTESIAN_POINT('',(-0.0398622581300294,-0.0494244603375734,0.1016));
#2514=CARTESIAN_POINT('',(-0.132806734517461,-0.0185335325373292,0.1016));
#2515=CARTESIAN_POINT('',(-0.0627988299661337,-0.00931681705228691,0.1016));
#2516=CARTESIAN_POINT('',(-0.0624275090545061,-0.0121372793939231,0.1016));
#2517=CARTESIAN_POINT('',(-0.0627988299661337,-0.00931681705228691,0.1016));
#2518=CARTESIAN_POINT('',(-0.132806734517461,-0.0185335325373292,0.0254));
#2519=CARTESIAN_POINT('',(-0.0627988299661337,-0.00931681705228692,0.0254));
#2520=CARTESIAN_POINT('',(-0.0624275090545061,-0.0121372793939231,0.0254));
#2521=CARTESIAN_POINT('',(-0.0627988299661337,-0.00931681705228691,0.1016));
#2522=CARTESIAN_POINT('',(-0.132806734517461,-0.0185335325373292,0.1778));
#2523=CARTESIAN_POINT('',(-0.0627988299661337,-0.00931681705228691,0.1778));
#2524=CARTESIAN_POINT('',(-0.0624275090545061,-0.0121372793939231,0.1778));
#2525=CARTESIAN_POINT('',(-0.0627988299661337,-0.00931681705228691,0.1016));
#2526=CARTESIAN_POINT('',(0.0607803299657461,-0.150753464852173,0.1016));
#2527=CARTESIAN_POINT('',(0.0228717091556603,-0.0592339583616049,0.1016));
#2528=CARTESIAN_POINT('',(0.0254999616497484,-0.0581453005332127,0.1016));
#2529=CARTESIAN_POINT('',(0.0228717091556603,-0.0592339583616049,0.1016));
#2530=CARTESIAN_POINT('',(0.0607803299657461,-0.150753464852173,0.0254));
#2531=CARTESIAN_POINT('',(0.0228717091556603,-0.0592339583616049,0.0254));
#2532=CARTESIAN_POINT('',(0.0254999616497484,-0.0581453005332127,0.0254));
#2533=CARTESIAN_POINT('',(0.0228717091556603,-0.0592339583616049,0.1016));
#2534=CARTESIAN_POINT('',(0.0607803299657461,-0.150753464852173,0.1778));
#2535=CARTESIAN_POINT('',(0.0228717091556603,-0.0592339583616049,0.1778));
#2536=CARTESIAN_POINT('',(0.0254999616497484,-0.0581453005332127,0.1778));
#2537=CARTESIAN_POINT('',(0.0228717091556603,-0.0592339583616049,0.1016));
#2538=CARTESIAN_POINT('',(-0.0503528572595381,-0.124280772154442,0.1016));
#2539=CARTESIAN_POINT('',(-0.0233308147333743,-0.0590437906047547,0.1016));
#2540=CARTESIAN_POINT('',(-0.0207025622392862,-0.0601324484331469,0.1016));
#2541=CARTESIAN_POINT('',(-0.0233308147333743,-0.0590437906047547,0.1016));
#2542=CARTESIAN_POINT('',(-0.0503528572595381,-0.124280772154442,0.0254));
#2543=CARTESIAN_POINT('',(-0.0233308147333743,-0.0590437906047547,0.0254));
#2544=CARTESIAN_POINT('',(-0.0207025622392862,-0.0601324484331469,0.0254));
#2545=CARTESIAN_POINT('',(-0.0233308147333743,-0.0590437906047547,0.1016));
#2546=CARTESIAN_POINT('',(-0.0503528572595381,-0.124280772154442,0.1778));
#2547=CARTESIAN_POINT('',(-0.0233308147333743,-0.0590437906047547,0.1778));
#2548=CARTESIAN_POINT('',(-0.0207025622392862,-0.0601324484331469,0.1778));
#2549=CARTESIAN_POINT('',(-0.0233308147333743,-0.0590437906047547,0.1016));
#2550=CARTESIAN_POINT('',(0.16094649525338,-0.02273942262535,0.1016));
#2551=CARTESIAN_POINT('',(0.0627339672856897,-0.00980949802403153,0.1016));
#2552=CARTESIAN_POINT('',(0.0631052881973173,-0.00698903568239531,0.1016));
#2553=CARTESIAN_POINT('',(0.0627339672856897,-0.00980949802403154,0.1016));
#2554=CARTESIAN_POINT('',(0.16094649525338,-0.02273942262535,0.0254));
#2555=CARTESIAN_POINT('',(0.0627339672856897,-0.00980949802403153,0.0254));
#2556=CARTESIAN_POINT('',(0.0631052881973173,-0.00698903568239531,0.0254));
#2557=CARTESIAN_POINT('',(0.0627339672856897,-0.00980949802403154,0.1016));
#2558=CARTESIAN_POINT('',(0.16094649525338,-0.02273942262535,0.1778));
#2559=CARTESIAN_POINT('',(0.0627339672856897,-0.00980949802403154,0.1778));
#2560=CARTESIAN_POINT('',(0.0631052881973173,-0.00698903568239533,0.1778));
#2561=CARTESIAN_POINT('',(0.0627339672856897,-0.00980949802403154,0.1016));
#2562=CARTESIAN_POINT('',(0.0824538772579231,-0.105747239617112,0.1016));
#2563=CARTESIAN_POINT('',(0.0394680152327593,-0.0497269735524678,0.1016));
#2564=CARTESIAN_POINT('',(0.0417249468152199,-0.0479951690392238,0.1016));
#2565=CARTESIAN_POINT('',(0.0394680152327593,-0.0497269735524678,0.1016));
#2566=CARTESIAN_POINT('',(0.0824538772579231,-0.105747239617112,0.0254));
#2567=CARTESIAN_POINT('',(0.0394680152327593,-0.0497269735524678,0.0254));
#2568=CARTESIAN_POINT('',(0.0417249468152199,-0.0479951690392238,0.0254));
#2569=CARTESIAN_POINT('',(0.0394680152327593,-0.0497269735524678,0.1016));
#2570=CARTESIAN_POINT('',(0.0824538772579231,-0.105747239617112,0.1778));
#2571=CARTESIAN_POINT('',(0.0394680152327593,-0.0497269735524678,0.1778));
#2572=CARTESIAN_POINT('',(0.0417249468152199,-0.0479951690392238,0.1778));
#2573=CARTESIAN_POINT('',(0.0394680152327593,-0.0497269735524678,0.1016));
#2574=CARTESIAN_POINT('',(0.100166165287633,0.128014042226823,0.1016));
#2575=CARTESIAN_POINT('',(0.0398622581300294,0.0494244603375734,0.1016));
#2576=CARTESIAN_POINT('',(0.0376053265475689,0.0511562648508174,0.1016));
#2577=CARTESIAN_POINT('',(0.0398622581300294,0.0494244603375734,0.1016));
#2578=CARTESIAN_POINT('',(0.100166165287633,0.128014042226823,0.0254));
#2579=CARTESIAN_POINT('',(0.0398622581300294,0.0494244603375734,0.0254));
#2580=CARTESIAN_POINT('',(0.0376053265475689,0.0511562648508174,0.0254));
#2581=CARTESIAN_POINT('',(0.0398622581300294,0.0494244603375734,0.1016));
#2582=CARTESIAN_POINT('',(0.100166165287633,0.128014042226823,0.1778));
#2583=CARTESIAN_POINT('',(0.0398622581300294,0.0494244603375734,0.1778));
#2584=CARTESIAN_POINT('',(0.0376053265475689,0.0511562648508174,0.1778));
#2585=CARTESIAN_POINT('',(0.0398622581300294,0.0494244603375734,0.1016));
#2586=CARTESIAN_POINT('',(0.132806734517461,0.0185335325373291,0.1016));
#2587=CARTESIAN_POINT('',(0.0627988299661337,0.00931681705228688,0.1016));
#2588=CARTESIAN_POINT('',(0.0624275090545061,0.0121372793939231,0.1016));
#2589=CARTESIAN_POINT('',(0.0627988299661337,0.00931681705228688,0.1016));
#2590=CARTESIAN_POINT('',(0.132806734517461,0.0185335325373291,0.0254));
#2591=CARTESIAN_POINT('',(0.0627988299661337,0.00931681705228689,0.0254));
#2592=CARTESIAN_POINT('',(0.0624275090545061,0.0121372793939231,0.0254));
#2593=CARTESIAN_POINT('',(0.0627988299661337,0.00931681705228688,0.1016));
#2594=CARTESIAN_POINT('',(0.132806734517461,0.0185335325373291,0.1778));
#2595=CARTESIAN_POINT('',(0.0627988299661337,0.00931681705228687,0.1778));
#2596=CARTESIAN_POINT('',(0.0624275090545061,0.0121372793939231,0.1778));
#2597=CARTESIAN_POINT('',(0.0627988299661337,0.00931681705228688,0.1016));
#2598=CARTESIAN_POINT('',(0.,0.0624320946294235,-0.0508));
#2599=CARTESIAN_POINT('',(0.,0.0624320946294235,-0.0508));
#2600=CARTESIAN_POINT('',(0.,0.0624320946294235,-0.0479552));
#2601=CARTESIAN_POINT('',(0.,0.0624320946294235,-0.0379984));
#2602=CARTESIAN_POINT('',(0.,0.0624320946294235,-0.0254));
#2603=CARTESIAN_POINT('',(0.,0.0624320946294235,-0.0254));
#2604=CARTESIAN_POINT('',(0.,0.0624320946294235,-0.022352));
#2605=CARTESIAN_POINT('',(0.,0.0624320946294235,-0.0379984));
#2606=CARTESIAN_POINT('',(0.,0.0648852586746216,0.194691));
#2607=CARTESIAN_POINT('',(0.,0.0648852586746216,0.194691));
#2608=CARTESIAN_POINT('',(0.00313998322900199,0.0648852586746216,0.194691));
#2609=CARTESIAN_POINT('',(0.,0.,0.194691));
#2610=MECHANICAL_DESIGN_GEOMETRIC_PRESENTATION_REPRESENTATION('',(#1247),
#2611);
#2611=(
GEOMETRIC_REPRESENTATION_CONTEXT(3)
GLOBAL_UNCERTAINTY_ASSIGNED_CONTEXT((#2612))
GLOBAL_UNIT_ASSIGNED_CONTEXT((#2615,#2614,#2613))
REPRESENTATION_CONTEXT('Part 1','TOP_LEVEL_ASSEMBLY_PART')
);
#2612=UNCERTAINTY_MEASURE_WITH_UNIT(LENGTH_MEASURE(2.E-5),#2615,
'DISTANCE_ACCURACY_VALUE','Maximum Tolerance applied to model');
#2613=(
NAMED_UNIT(*)
SI_UNIT($,.STERADIAN.)
SOLID_ANGLE_UNIT()
);
#2614=(
NAMED_UNIT(*)
PLANE_ANGLE_UNIT()
SI_UNIT($,.RADIAN.)
);
#2615=(
LENGTH_UNIT()
NAMED_UNIT(*)
SI_UNIT($,.METRE.)
);
#2616=PRODUCT_DEFINITION_SHAPE('','',#2617);
#2617=PRODUCT_DEFINITION('','',#2619,#2618);
#2618=PRODUCT_DEFINITION_CONTEXT('',#2625,'design');
#2619=PRODUCT_DEFINITION_FORMATION_WITH_SPECIFIED_SOURCE('','',#2621,
 .NOT_KNOWN.);
#2620=PRODUCT_RELATED_PRODUCT_CATEGORY('','',(#2621));
#2621=PRODUCT('Part 1','Part 1','Part 1',(#2623));
#2622=PRODUCT_CATEGORY('','');
#2623=PRODUCT_CONTEXT('',#2625,'mechanical');
#2624=APPLICATION_PROTOCOL_DEFINITION('international standard',
'ap242_managed_model_based_3d_engineering',2020,#2625);
#2625=APPLICATION_CONTEXT('managed model based 3d engineering');
ENDSEC;
END-ISO-10303-21;
