ISO-10303-21;
HEADER;
/* Generated by software containing ST-Developer
 * from STEP Tools, Inc. (www.steptools.com) 
 */

FILE_DESCRIPTION(
/* description */ (''),
/* implementation_level */ '2;1');

FILE_NAME(
/* name */ 'DFM Assembly 2.step',
/* time_stamp */ '2026-09-29T16:13:29-07:00',
/* author */ (''),
/* organization */ (''),
/* preprocessor_version */ 'ST-DEVELOPER v20.2',
/* originating_system */ 'Autodesk Translation Framework v15.15.0.0',
/* authorisation */ '');

FILE_SCHEMA (('AUTOMOTIVE_DESIGN { 1 0 10303 214 3 1 1 }'));
ENDSEC;

DATA;
#10=MECHANICAL_DESIGN_GEOMETRIC_PRESENTATION_REPRESENTATION('',(#120,#121,
#122,#123,#124,#125,#126,#127,#128),#8864);
#11=CONTEXT_DEPENDENT_OVER_RIDING_STYLED_ITEM('',(#8937),#8898,#128,(#33));
#12=MAPPED_ITEM('',#13,#4111);
#13=REPRESENTATION_MAP(#4111,#8897);
#14=TOROIDAL_SURFACE('',#4010,1.325,0.05);
#15=TOROIDAL_SURFACE('',#4017,0.777921382949404,0.05);
#16=TOROIDAL_SURFACE('',#4023,0.573374245693117,0.0500000000000001);
#17=B_SPLINE_SURFACE_WITH_KNOTS('',1,3,((#7540,#7541,#7542,#7543,#7544,
#7545,#7546,#7547,#7548,#7549,#7550,#7551,#7552,#7553,#7554,#7555,#7556,
#7557),(#7558,#7559,#7560,#7561,#7562,#7563,#7564,#7565,#7566,#7567,#7568,
#7569,#7570,#7571,#7572,#7573,#7574,#7575)),.UNSPECIFIED.,.F.,.T.,.F.,(2,
2),(4,2,2,2,2,2,2,2,4),(-0.0048898406846394,1.),(-0.0222487574336218,-0.0194557039748539,
-0.0166626505160861,-0.0138695970573183,-0.0110765435985505,-0.00828349013978267,
-0.00549043668101485,-0.00269738322224703,9.56702365207882E-5),
 .UNSPECIFIED.);
#18=B_SPLINE_SURFACE_WITH_KNOTS('',1,3,((#7744,#7745,#7746,#7747,#7748,
#7749,#7750,#7751,#7752,#7753,#7754,#7755,#7756,#7757,#7758,#7759,#7760,
#7761),(#7762,#7763,#7764,#7765,#7766,#7767,#7768,#7769,#7770,#7771,#7772,
#7773,#7774,#7775,#7776,#7777,#7778,#7779)),.UNSPECIFIED.,.F.,.T.,.F.,(2,
2),(4,2,2,2,2,2,2,2,4),(-0.00467554370160566,1.),(-0.0223110560686864,-0.0195114236346943,
-0.0167117912007021,-0.01391215876671,-0.0111125263327178,-0.00831289389872567,
-0.00551326146473352,-0.00271362903074136,8.60034032507881E-5),
 .UNSPECIFIED.);
#19=B_SPLINE_SURFACE_WITH_KNOTS('',1,3,((#8600,#8601,#8602,#8603,#8604,
#8605,#8606,#8607,#8608,#8609,#8610,#8611,#8612,#8613,#8614,#8615,#8616,
#8617),(#8618,#8619,#8620,#8621,#8622,#8623,#8624,#8625,#8626,#8627,#8628,
#8629,#8630,#8631,#8632,#8633,#8634,#8635)),.UNSPECIFIED.,.F.,.T.,.F.,(2,
2),(4,2,2,2,2,2,2,2,4),(-0.00360980634320971,1.),(-0.0223110560686864,-0.0195114236346943,
-0.0167117912007021,-0.01391215876671,-0.0111125263327178,-0.00831289389872567,
-0.00551326146473352,-0.00271362903074136,8.60034032507881E-5),
 .UNSPECIFIED.);
#20=B_SPLINE_SURFACE_WITH_KNOTS('',1,3,((#8636,#8637,#8638,#8639,#8640,
#8641,#8642,#8643,#8644,#8645,#8646,#8647,#8648,#8649,#8650,#8651,#8652,
#8653),(#8654,#8655,#8656,#8657,#8658,#8659,#8660,#8661,#8662,#8663,#8664,
#8665,#8666,#8667,#8668,#8669,#8670,#8671)),.UNSPECIFIED.,.F.,.T.,.F.,(2,
2),(4,2,2,2,2,2,2,2,4),(-0.00419790828392983,1.),(-0.0222487574336218,-0.0194557039748539,
-0.0166626505160861,-0.0138695970573183,-0.0110765435985505,-0.00828349013978267,
-0.00549043668101485,-0.00269738322224703,9.56702365207882E-5),
 .UNSPECIFIED.);
#21=ITEM_DEFINED_TRANSFORMATION($,$,#3868,#3972);
#22=ITEM_DEFINED_TRANSFORMATION($,$,#3716,#4101);
#23=ITEM_DEFINED_TRANSFORMATION($,$,#3867,#4102);
#24=ITEM_DEFINED_TRANSFORMATION($,$,#3867,#4103);
#25=ITEM_DEFINED_TRANSFORMATION($,$,#3867,#4104);
#26=ITEM_DEFINED_TRANSFORMATION($,$,#3867,#4105);
#27=ITEM_DEFINED_TRANSFORMATION($,$,#3867,#4106);
#28=ITEM_DEFINED_TRANSFORMATION($,$,#3867,#4107);
#29=ITEM_DEFINED_TRANSFORMATION($,$,#3973,#4108);
#30=ITEM_DEFINED_TRANSFORMATION($,$,#3974,#4109);
#31=ITEM_DEFINED_TRANSFORMATION($,$,#3998,#4110);
#32=(
REPRESENTATION_RELATIONSHIP($,$,#8900,#8899)
REPRESENTATION_RELATIONSHIP_WITH_TRANSFORMATION(#21)
SHAPE_REPRESENTATION_RELATIONSHIP()
);
#33=(
REPRESENTATION_RELATIONSHIP($,$,#8898,#8897)
REPRESENTATION_RELATIONSHIP_WITH_TRANSFORMATION(#22)
SHAPE_REPRESENTATION_RELATIONSHIP()
);
#34=(
REPRESENTATION_RELATIONSHIP($,$,#8899,#8897)
REPRESENTATION_RELATIONSHIP_WITH_TRANSFORMATION(#23)
SHAPE_REPRESENTATION_RELATIONSHIP()
);
#35=(
REPRESENTATION_RELATIONSHIP($,$,#8899,#8897)
REPRESENTATION_RELATIONSHIP_WITH_TRANSFORMATION(#24)
SHAPE_REPRESENTATION_RELATIONSHIP()
);
#36=(
REPRESENTATION_RELATIONSHIP($,$,#8899,#8897)
REPRESENTATION_RELATIONSHIP_WITH_TRANSFORMATION(#25)
SHAPE_REPRESENTATION_RELATIONSHIP()
);
#37=(
REPRESENTATION_RELATIONSHIP($,$,#8899,#8897)
REPRESENTATION_RELATIONSHIP_WITH_TRANSFORMATION(#26)
SHAPE_REPRESENTATION_RELATIONSHIP()
);
#38=(
REPRESENTATION_RELATIONSHIP($,$,#8899,#8897)
REPRESENTATION_RELATIONSHIP_WITH_TRANSFORMATION(#27)
SHAPE_REPRESENTATION_RELATIONSHIP()
);
#39=(
REPRESENTATION_RELATIONSHIP($,$,#8899,#8897)
REPRESENTATION_RELATIONSHIP_WITH_TRANSFORMATION(#28)
SHAPE_REPRESENTATION_RELATIONSHIP()
);
#40=(
REPRESENTATION_RELATIONSHIP($,$,#8901,#8897)
REPRESENTATION_RELATIONSHIP_WITH_TRANSFORMATION(#29)
SHAPE_REPRESENTATION_RELATIONSHIP()
);
#41=(
REPRESENTATION_RELATIONSHIP($,$,#8902,#8897)
REPRESENTATION_RELATIONSHIP_WITH_TRANSFORMATION(#30)
SHAPE_REPRESENTATION_RELATIONSHIP()
);
#42=(
REPRESENTATION_RELATIONSHIP($,$,#8903,#8897)
REPRESENTATION_RELATIONSHIP_WITH_TRANSFORMATION(#31)
SHAPE_REPRESENTATION_RELATIONSHIP()
);
#43=CONTEXT_DEPENDENT_SHAPE_REPRESENTATION(#32,#8883);
#44=CONTEXT_DEPENDENT_SHAPE_REPRESENTATION(#33,#8887);
#45=CONTEXT_DEPENDENT_SHAPE_REPRESENTATION(#34,#8888);
#46=CONTEXT_DEPENDENT_SHAPE_REPRESENTATION(#35,#8889);
#47=CONTEXT_DEPENDENT_SHAPE_REPRESENTATION(#36,#8890);
#48=CONTEXT_DEPENDENT_SHAPE_REPRESENTATION(#37,#8891);
#49=CONTEXT_DEPENDENT_SHAPE_REPRESENTATION(#38,#8892);
#50=CONTEXT_DEPENDENT_SHAPE_REPRESENTATION(#39,#8893);
#51=CONTEXT_DEPENDENT_SHAPE_REPRESENTATION(#40,#8894);
#52=CONTEXT_DEPENDENT_SHAPE_REPRESENTATION(#41,#8895);
#53=CONTEXT_DEPENDENT_SHAPE_REPRESENTATION(#42,#8896);
#54=NEXT_ASSEMBLY_USAGE_OCCURRENCE('Component1:1','Component1:1',
'Component1:1',#8907,#8908,'Component1:1');
#55=NEXT_ASSEMBLY_USAGE_OCCURRENCE('LEAN FLOAT - Part 1:1',
'LEAN FLOAT - Part 1:1','LEAN FLOAT - Part 1:1',#8905,#8906,
'LEAN FLOAT - Part 1:1');
#56=NEXT_ASSEMBLY_USAGE_OCCURRENCE('LEAN FLOAT - Wedge:1',
'LEAN FLOAT - Wedge:1','LEAN FLOAT - Wedge:1',#8905,#8907,
'LEAN FLOAT - Wedge:1');
#57=NEXT_ASSEMBLY_USAGE_OCCURRENCE('LEAN FLOAT - Wedge:2',
'LEAN FLOAT - Wedge:2','LEAN FLOAT - Wedge:2',#8905,#8907,
'LEAN FLOAT - Wedge:2');
#58=NEXT_ASSEMBLY_USAGE_OCCURRENCE('LEAN FLOAT - Wedge:3',
'LEAN FLOAT - Wedge:3','LEAN FLOAT - Wedge:3',#8905,#8907,
'LEAN FLOAT - Wedge:3');
#59=NEXT_ASSEMBLY_USAGE_OCCURRENCE('LEAN FLOAT - Wedge:4',
'LEAN FLOAT - Wedge:4','LEAN FLOAT - Wedge:4',#8905,#8907,
'LEAN FLOAT - Wedge:4');
#60=NEXT_ASSEMBLY_USAGE_OCCURRENCE('LEAN FLOAT - Wedge:5',
'LEAN FLOAT - Wedge:5','LEAN FLOAT - Wedge:5',#8905,#8907,
'LEAN FLOAT - Wedge:5');
#61=NEXT_ASSEMBLY_USAGE_OCCURRENCE('LEAN FLOAT - Wedge:6',
'LEAN FLOAT - Wedge:6','LEAN FLOAT - Wedge:6',#8905,#8907,
'LEAN FLOAT - Wedge:6');
#62=NEXT_ASSEMBLY_USAGE_OCCURRENCE('Wedge Bottom (1.5"):1',
'Wedge Bottom (1.5"):1','Wedge Bottom (1.5"):1',#8905,#8909,
'Wedge Bottom (1.5"):1');
#63=NEXT_ASSEMBLY_USAGE_OCCURRENCE(
'4816K51_NO THREADS_Standard-Wall 316-316L Stainless Steel Pipe:1',
'4816K51_NO THREADS_Standard-Wall 316-316L Stainless Steel Pipe:1',
'4816K51_NO THREADS_Standard-Wall 316-316L Stainless Steel Pipe:1',#8905,
#8910,
'4816K51_NO THREADS_Standard-Wall 316-316L Stainless Steel Pipe:1');
#64=NEXT_ASSEMBLY_USAGE_OCCURRENCE(
'6040T56_Stainless Steel Slip-on Framing Fitting:1',
'6040T56_Stainless Steel Slip-on Framing Fitting:1',
'6040T56_Stainless Steel Slip-on Framing Fitting:1',#8905,#8911,
'6040T56_Stainless Steel Slip-on Framing Fitting:1');
#65=(
BOUNDED_CURVE()
B_SPLINE_CURVE(2,(#6751,#6752,#6753),.UNSPECIFIED.,.F.,.F.)
B_SPLINE_CURVE_WITH_KNOTS((3,3),(0.,1.03790584957209),.UNSPECIFIED.)
CURVE()
GEOMETRIC_REPRESENTATION_ITEM()
RATIONAL_B_SPLINE_CURVE((1.,1.00646798823412,1.01233614322289))
REPRESENTATION_ITEM('')
);
#66=(
BOUNDED_CURVE()
B_SPLINE_CURVE(2,(#6757,#6758,#6759),.UNSPECIFIED.,.F.,.F.)
B_SPLINE_CURVE_WITH_KNOTS((3,3),(21.3588327369254,22.3960062046075),
 .UNSPECIFIED.)
CURVE()
GEOMETRIC_REPRESENTATION_ITEM()
RATIONAL_B_SPLINE_CURVE((1.01233705844918,1.00646806969692,1.))
REPRESENTATION_ITEM('')
);
#67=(
BOUNDED_CURVE()
B_SPLINE_CURVE(2,(#6761,#6762,#6763),.UNSPECIFIED.,.F.,.F.)
B_SPLINE_CURVE_WITH_KNOTS((3,3),(0.,3.98530728964292),.UNSPECIFIED.)
CURVE()
GEOMETRIC_REPRESENTATION_ITEM()
RATIONAL_B_SPLINE_CURVE((1.,1.00265813245682,1.00077925218772))
REPRESENTATION_ITEM('')
);
#68=(
BOUNDED_CURVE()
B_SPLINE_CURVE(2,(#6766,#6767,#6768),.UNSPECIFIED.,.F.,.F.)
B_SPLINE_CURVE_WITH_KNOTS((3,3),(0.684494316032069,4.66980160601434),
 .UNSPECIFIED.)
CURVE()
GEOMETRIC_REPRESENTATION_ITEM()
RATIONAL_B_SPLINE_CURVE((1.00077925235735,1.00265813303676,1.))
REPRESENTATION_ITEM('')
);
#69=(
BOUNDED_CURVE()
B_SPLINE_CURVE(2,(#8709,#8710,#8711),.UNSPECIFIED.,.F.,.F.)
B_SPLINE_CURVE_WITH_KNOTS((3,3),(-0.399766234689582,-0.131560916056173),
 .UNSPECIFIED.)
CURVE()
GEOMETRIC_REPRESENTATION_ITEM()
RATIONAL_B_SPLINE_CURVE((1.2923474741045,1.49227432411827,1.29234747410253))
REPRESENTATION_ITEM('')
);
#70=(
BOUNDED_CURVE()
B_SPLINE_CURVE(2,(#8718,#8719,#8720),.UNSPECIFIED.,.F.,.F.)
B_SPLINE_CURVE_WITH_KNOTS((3,3),(-0.399766234689581,-0.131560916056172),
 .UNSPECIFIED.)
CURVE()
GEOMETRIC_REPRESENTATION_ITEM()
RATIONAL_B_SPLINE_CURVE((1.2923474741045,1.49227432411826,1.29234747410252))
REPRESENTATION_ITEM('')
);
#71=(
BOUNDED_CURVE()
B_SPLINE_CURVE(2,(#8725,#8726,#8727),.UNSPECIFIED.,.F.,.F.)
B_SPLINE_CURVE_WITH_KNOTS((3,3),(-0.399766234689577,-0.131560916056172),
 .UNSPECIFIED.)
CURVE()
GEOMETRIC_REPRESENTATION_ITEM()
RATIONAL_B_SPLINE_CURVE((1.2923474741045,1.49227432411825,1.29234747410252))
REPRESENTATION_ITEM('')
);
#72=(
BOUNDED_CURVE()
B_SPLINE_CURVE(2,(#8732,#8733,#8734),.UNSPECIFIED.,.F.,.F.)
B_SPLINE_CURVE_WITH_KNOTS((3,3),(-0.399766234689578,-0.131560916056174),
 .UNSPECIFIED.)
CURVE()
GEOMETRIC_REPRESENTATION_ITEM()
RATIONAL_B_SPLINE_CURVE((1.2923474741045,1.49227432411825,1.29234747410252))
REPRESENTATION_ITEM('')
);
#73=(
BOUNDED_CURVE()
B_SPLINE_CURVE(2,(#8739,#8740,#8741),.UNSPECIFIED.,.F.,.F.)
B_SPLINE_CURVE_WITH_KNOTS((3,3),(-0.39976623468958,-0.131560916056174),
 .UNSPECIFIED.)
CURVE()
GEOMETRIC_REPRESENTATION_ITEM()
RATIONAL_B_SPLINE_CURVE((1.2923474741045,1.49227432411826,1.29234747410252))
REPRESENTATION_ITEM('')
);
#74=(
BOUNDED_CURVE()
B_SPLINE_CURVE(2,(#8744,#8745,#8746),.UNSPECIFIED.,.F.,.F.)
B_SPLINE_CURVE_WITH_KNOTS((3,3),(-0.399766234689582,-0.131560916056174),
 .UNSPECIFIED.)
CURVE()
GEOMETRIC_REPRESENTATION_ITEM()
RATIONAL_B_SPLINE_CURVE((1.2923474741045,1.49227432411826,1.29234747410252))
REPRESENTATION_ITEM('')
);
#75=(
BOUNDED_CURVE()
B_SPLINE_CURVE(2,(#8792,#8793,#8794),.UNSPECIFIED.,.F.,.F.)
B_SPLINE_CURVE_WITH_KNOTS((3,3),(-0.399766234689583,-0.131560916056173),
 .UNSPECIFIED.)
CURVE()
GEOMETRIC_REPRESENTATION_ITEM()
RATIONAL_B_SPLINE_CURVE((1.2923474741045,1.49227432411827,1.29234747410253))
REPRESENTATION_ITEM('')
);
#76=(
BOUNDED_CURVE()
B_SPLINE_CURVE(2,(#8801,#8802,#8803),.UNSPECIFIED.,.F.,.F.)
B_SPLINE_CURVE_WITH_KNOTS((3,3),(-0.399766234689581,-0.131560916056172),
 .UNSPECIFIED.)
CURVE()
GEOMETRIC_REPRESENTATION_ITEM()
RATIONAL_B_SPLINE_CURVE((1.2923474741045,1.49227432411826,1.29234747410252))
REPRESENTATION_ITEM('')
);
#77=(
BOUNDED_CURVE()
B_SPLINE_CURVE(2,(#8808,#8809,#8810),.UNSPECIFIED.,.F.,.F.)
B_SPLINE_CURVE_WITH_KNOTS((3,3),(-0.399766234689579,-0.131560916056173),
 .UNSPECIFIED.)
CURVE()
GEOMETRIC_REPRESENTATION_ITEM()
RATIONAL_B_SPLINE_CURVE((1.2923474741045,1.49227432411825,1.29234747410252))
REPRESENTATION_ITEM('')
);
#78=(
BOUNDED_CURVE()
B_SPLINE_CURVE(2,(#8815,#8816,#8817),.UNSPECIFIED.,.F.,.F.)
B_SPLINE_CURVE_WITH_KNOTS((3,3),(-0.399766234689579,-0.131560916056174),
 .UNSPECIFIED.)
CURVE()
GEOMETRIC_REPRESENTATION_ITEM()
RATIONAL_B_SPLINE_CURVE((1.2923474741045,1.49227432411825,1.29234747410252))
REPRESENTATION_ITEM('')
);
#79=(
BOUNDED_CURVE()
B_SPLINE_CURVE(2,(#8822,#8823,#8824),.UNSPECIFIED.,.F.,.F.)
B_SPLINE_CURVE_WITH_KNOTS((3,3),(-0.399766234689582,-0.131560916056173),
 .UNSPECIFIED.)
CURVE()
GEOMETRIC_REPRESENTATION_ITEM()
RATIONAL_B_SPLINE_CURVE((1.2923474741045,1.49227432411826,1.29234747410252))
REPRESENTATION_ITEM('')
);
#80=(
BOUNDED_CURVE()
B_SPLINE_CURVE(2,(#8827,#8828,#8829),.UNSPECIFIED.,.F.,.F.)
B_SPLINE_CURVE_WITH_KNOTS((3,3),(-0.399766234689583,-0.131560916056174),
 .UNSPECIFIED.)
CURVE()
GEOMETRIC_REPRESENTATION_ITEM()
RATIONAL_B_SPLINE_CURVE((1.2923474741045,1.49227432411827,1.29234747410253))
REPRESENTATION_ITEM('')
);
#81=CONICAL_SURFACE('',#3869,8.25,0.785398163397447);
#82=CONICAL_SURFACE('',#3873,8.255,0.785398163397449);
#83=CONICAL_SURFACE('',#3975,0.450464719006317,0.816523201724672);
#84=CONICAL_SURFACE('',#3979,0.507507186468962,0.785398163397431);
#85=CONICAL_SURFACE('',#3983,0.524999999999999,0.031125038327233);
#86=CONICAL_SURFACE('',#3986,0.524999999999999,0.031125038327233);
#87=CONICAL_SURFACE('',#4001,0.135,0.715584993317677);
#88=CONICAL_SURFACE('',#4004,0.135,0.715584993317677);
#89=CONICAL_SURFACE('',#4007,0.135,0.715584993317677);
#90=CONICAL_SURFACE('',#4034,1.375,1.53588974175502);
#91=CONICAL_SURFACE('',#4035,0.728043180436413,0.0698131700797663);
#92=CONICAL_SURFACE('',#4041,65.5228142657677,1.02974425867665);
#93=CONICAL_SURFACE('',#4044,0.0684956132868986,0.785398163397444);
#94=CONICAL_SURFACE('',#4049,0.125,0.959931088596879);
#95=CONICAL_SURFACE('',#4065,0.0721687836487033,0.78539816339745);
#96=CONICAL_SURFACE('',#4066,0.0721687836487033,0.78539816339745);
#97=CONICAL_SURFACE('',#4067,0.0721687836487033,0.78539816339745);
#98=CONICAL_SURFACE('',#4068,0.0721687836487033,0.78539816339745);
#99=CONICAL_SURFACE('',#4069,0.0721687836487033,0.78539816339745);
#100=CONICAL_SURFACE('',#4070,0.0721687836487033,0.78539816339745);
#101=CONICAL_SURFACE('',#4071,65.5228142657677,1.02974425867665);
#102=CONICAL_SURFACE('',#4074,0.0684956132868986,0.785398163397444);
#103=CONICAL_SURFACE('',#4079,0.125,0.959931088596879);
#104=CONICAL_SURFACE('',#4095,0.0721687836487034,0.78539816339745);
#105=CONICAL_SURFACE('',#4096,0.0721687836487034,0.78539816339745);
#106=CONICAL_SURFACE('',#4097,0.0721687836487034,0.78539816339745);
#107=CONICAL_SURFACE('',#4098,0.0721687836487034,0.78539816339745);
#108=CONICAL_SURFACE('',#4099,0.0721687836487034,0.78539816339745);
#109=CONICAL_SURFACE('',#4100,0.0721687836487034,0.78539816339745);
#110=SHAPE_REPRESENTATION_RELATIONSHIP('SRR','None',#8898,#115);
#111=SHAPE_REPRESENTATION_RELATIONSHIP('SRR','None',#8900,#116);
#112=SHAPE_REPRESENTATION_RELATIONSHIP('SRR','None',#8899,#117);
#113=SHAPE_REPRESENTATION_RELATIONSHIP('SRR','None',#8902,#118);
#114=SHAPE_REPRESENTATION_RELATIONSHIP('SRR','None',#8903,#119);
#115=ADVANCED_BREP_SHAPE_REPRESENTATION('',(#129),#8858);
#116=ADVANCED_BREP_SHAPE_REPRESENTATION('',(#130,#131),#8860);
#117=ADVANCED_BREP_SHAPE_REPRESENTATION('',(#132),#8859);
#118=ADVANCED_BREP_SHAPE_REPRESENTATION('',(#133),#8862);
#119=ADVANCED_BREP_SHAPE_REPRESENTATION('',(#134,#135,#136),#8863);
#120=STYLED_ITEM('',(#8937),#129);
#121=STYLED_ITEM('',(#8937),#130);
#122=STYLED_ITEM('',(#8937),#131);
#123=STYLED_ITEM('',(#8937),#132);
#124=STYLED_ITEM('',(#8936),#133);
#125=STYLED_ITEM('',(#8936),#134);
#126=STYLED_ITEM('',(#8936),#135);
#127=STYLED_ITEM('',(#8936),#136);
#128=STYLED_ITEM('',(#8938),#12);
#129=MANIFOLD_SOLID_BREP('Body1',#3651);
#130=MANIFOLD_SOLID_BREP('Body1',#3652);
#131=MANIFOLD_SOLID_BREP('Body2',#3653);
#132=MANIFOLD_SOLID_BREP('Body1',#3654);
#133=MANIFOLD_SOLID_BREP('Body1',#3655);
#134=MANIFOLD_SOLID_BREP('Body1',#3656);
#135=MANIFOLD_SOLID_BREP('Body2',#3657);
#136=MANIFOLD_SOLID_BREP('Body3',#3658);
#137=B_SPLINE_CURVE_WITH_KNOTS('',3,(#5170,#5171,#5172,#5173,#5174,#5175,
#5176,#5177,#5178,#5179,#5180,#5181,#5182,#5183,#5184,#5185,#5186,#5187),
 .UNSPECIFIED.,.F.,.F.,(4,2,2,2,2,2,2,2,4),(0.857397925645026,0.964567260441031,
1.07173659523704,1.17889702471197,1.28605745418691,1.39325373220709,1.50045001022728,
1.60762293054958,1.71479585087188),.UNSPECIFIED.);
#138=B_SPLINE_CURVE_WITH_KNOTS('',3,(#5188,#5189,#5190,#5191,#5192,#5193,
#5194,#5195,#5196,#5197,#5198,#5199,#5200,#5201,#5202,#5203,#5204,#5205),
 .UNSPECIFIED.,.F.,.F.,(4,2,2,2,2,2,2,2,4),(1.71479585087188,1.82197652672312,
1.92915720257436,2.03634572521392,2.14353424785349,2.25069900195891,2.35786375606432,
2.46502876629062,2.57219377651691),.UNSPECIFIED.);
#139=B_SPLINE_CURVE_WITH_KNOTS('',3,(#5208,#5209,#5210,#5211,#5212,#5213,
#5214,#5215,#5216,#5217,#5218,#5219,#5220,#5221,#5222,#5223,#5224,#5225),
 .UNSPECIFIED.,.F.,.F.,(4,2,2,2,2,2,2,2,4),(0.857397925226859,0.964570845549163,
1.07174376587147,1.17894004389165,1.28613632191184,1.39329675138677,1.50045718086171,
1.60762651565771,1.71479585045372),.UNSPECIFIED.);
#140=B_SPLINE_CURVE_WITH_KNOTS('',3,(#5226,#5227,#5228,#5229,#5230,#5231,
#5232,#5233,#5234,#5235,#5236,#5237,#5238,#5239,#5240,#5241,#5242,#5243),
 .UNSPECIFIED.,.F.,.F.,(4,2,2,2,2,2,2,2,4),(1.71479585045372,1.82196518524972,
1.92913452004573,2.03629494952067,2.1434553789956,2.25065165701579,2.35784793503597,
2.46502085535827,2.57219377568058),.UNSPECIFIED.);
#141=B_SPLINE_CURVE_WITH_KNOTS('',3,(#5246,#5247,#5248,#5249,#5250,#5251,
#5252,#5253,#5254,#5255,#5256,#5257,#5258,#5259,#5260,#5261,#5262,#5263),
 .UNSPECIFIED.,.F.,.F.,(4,2,2,2,2,2,2,2,4),(0.857397925226858,0.964570845549161,
1.07174376587146,1.17894004389165,1.28613632191183,1.39329675138677,1.5004571808617,
1.60762651565771,1.71479585045372),.UNSPECIFIED.);
#142=B_SPLINE_CURVE_WITH_KNOTS('',3,(#5264,#5265,#5266,#5267,#5268,#5269,
#5270,#5271,#5272,#5273,#5274,#5275,#5276,#5277,#5278,#5279,#5280,#5281),
 .UNSPECIFIED.,.F.,.F.,(4,2,2,2,2,2,2,2,4),(1.71479585045372,1.82196518524972,
1.92913452004573,2.03629494952066,2.1434553789956,2.25065165701578,2.35784793503597,
2.46502085535827,2.57219377568058),.UNSPECIFIED.);
#143=B_SPLINE_CURVE_WITH_KNOTS('',3,(#5284,#5285,#5286,#5287,#5288,#5289,
#5290,#5291,#5292,#5293,#5294,#5295,#5296,#5297,#5298,#5299,#5300,#5301),
 .UNSPECIFIED.,.F.,.F.,(4,2,2,2,2,2,2,2,4),(0.857397925645025,0.964570845967327,
1.07174376628963,1.17894004430981,1.28613632233,1.39329675180494,1.50045718127987,
1.60762651607588,1.71479585087188),.UNSPECIFIED.);
#144=B_SPLINE_CURVE_WITH_KNOTS('',3,(#5302,#5303,#5304,#5305,#5306,#5307,
#5308,#5309,#5310,#5311,#5312,#5313,#5314,#5315,#5316,#5317,#5318,#5319),
 .UNSPECIFIED.,.F.,.F.,(4,2,2,2,2,2,2,2,4),(1.71479585087188,1.82196086109817,
1.92912587132446,2.03629062542988,2.1434553795353,2.25064390217486,2.35783242481442,
2.46501310066567,2.57219377651691),.UNSPECIFIED.);
#145=B_SPLINE_CURVE_WITH_KNOTS('',3,(#5322,#5323,#5324,#5325,#5326,#5327,
#5328,#5329,#5330,#5331,#5332,#5333,#5334,#5335,#5336,#5337,#5338,#5339),
 .UNSPECIFIED.,.F.,.F.,(4,2,2,2,2,2,2,2,4),(0.857397925226858,0.964567260022864,
1.07173659481887,1.1788970242938,1.28605745376874,1.39325373178893,1.50045000980911,
1.60762293013141,1.71479585045372),.UNSPECIFIED.);
#146=B_SPLINE_CURVE_WITH_KNOTS('',3,(#5340,#5341,#5342,#5343,#5344,#5345,
#5346,#5347,#5348,#5349,#5350,#5351,#5352,#5353,#5354,#5355,#5356,#5357),
 .UNSPECIFIED.,.F.,.F.,(4,2,2,2,2,2,2,2,4),(1.71479585045372,1.82196877077602,
1.92914169109832,2.03633796911851,2.14353424713869,2.25069467661363,2.35785510608856,
2.46502444088457,2.57219377568057),.UNSPECIFIED.);
#147=B_SPLINE_CURVE_WITH_KNOTS('',3,(#5360,#5361,#5362,#5363,#5364,#5365,
#5366,#5367,#5368,#5369,#5370,#5371,#5372,#5373,#5374,#5375,#5376,#5377),
 .UNSPECIFIED.,.F.,.F.,(4,2,2,2,2,2,2,2,4),(0.857397925226859,0.964567260022865,
1.07173659481887,1.17889702429381,1.28605745376874,1.39325373178893,1.50045000980911,
1.60762293013141,1.71479585045372),.UNSPECIFIED.);
#148=B_SPLINE_CURVE_WITH_KNOTS('',3,(#5378,#5379,#5380,#5381,#5382,#5383,
#5384,#5385,#5386,#5387,#5388,#5389,#5390,#5391,#5392,#5393,#5394,#5395),
 .UNSPECIFIED.,.F.,.F.,(4,2,2,2,2,2,2,2,4),(1.71479585045372,1.82196877077602,
1.92914169109832,2.03633796911851,2.14353424713869,2.25069467661363,2.35785510608856,
2.46502444088457,2.57219377568058),.UNSPECIFIED.);
#149=B_SPLINE_CURVE_WITH_KNOTS('',3,(#5398,#5399,#5400,#5401,#5402,#5403,
#5404,#5405,#5406,#5407,#5408,#5409,#5410,#5411,#5412,#5413,#5414,#5415),
 .UNSPECIFIED.,.F.,.F.,(4,2,2,2,2,2,2,2,4),(0.857397925226859,0.964570845549162,
1.07174376587146,1.17894004389165,1.28613632191183,1.39329675138677,1.50045718086171,
1.60762651565771,1.71479585045372),.UNSPECIFIED.);
#150=B_SPLINE_CURVE_WITH_KNOTS('',3,(#5416,#5417,#5418,#5419,#5420,#5421,
#5422,#5423,#5424,#5425,#5426,#5427,#5428,#5429,#5430,#5431,#5432,#5433),
 .UNSPECIFIED.,.F.,.F.,(4,2,2,2,2,2,2,2,4),(1.71479585045372,1.82196518524972,
1.92913452004573,2.03629494952066,2.1434553789956,2.25065165701579,2.35784793503597,
2.46502085535827,2.57219377568058),.UNSPECIFIED.);
#151=B_SPLINE_CURVE_WITH_KNOTS('',3,(#5436,#5437,#5438,#5439,#5440,#5441,
#5442,#5443,#5444,#5445,#5446,#5447,#5448,#5449,#5450,#5451,#5452,#5453),
 .UNSPECIFIED.,.F.,.F.,(4,2,2,2,2,2,2,2,4),(0.857397925645025,0.964570845967328,
1.07174376628963,1.17894004430982,1.28613632233,1.39329675180494,1.50045718127987,
1.60762651607588,1.71479585087188),.UNSPECIFIED.);
#152=B_SPLINE_CURVE_WITH_KNOTS('',3,(#5454,#5455,#5456,#5457,#5458,#5459,
#5460,#5461,#5462,#5463,#5464,#5465,#5466,#5467,#5468,#5469,#5470,#5471),
 .UNSPECIFIED.,.F.,.F.,(4,2,2,2,2,2,2,2,4),(1.71479585087188,1.82196086109817,
1.92912587132447,2.03629062542988,2.1434553795353,2.25064390217486,2.35783242481443,
2.46501310066567,2.57219377651691),.UNSPECIFIED.);
#153=B_SPLINE_CURVE_WITH_KNOTS('',3,(#5474,#5475,#5476,#5477,#5478,#5479,
#5480,#5481,#5482,#5483,#5484,#5485,#5486,#5487,#5488,#5489,#5490,#5491),
 .UNSPECIFIED.,.F.,.F.,(4,2,2,2,2,2,2,2,4),(0.85739792522686,0.964570845549163,
1.07174376587147,1.17894004389165,1.28613632191184,1.39329675138677,1.50045718086171,
1.60762651565771,1.71479585045372),.UNSPECIFIED.);
#154=B_SPLINE_CURVE_WITH_KNOTS('',3,(#5492,#5493,#5494,#5495,#5496,#5497,
#5498,#5499,#5500,#5501,#5502,#5503,#5504,#5505,#5506,#5507,#5508,#5509),
 .UNSPECIFIED.,.F.,.F.,(4,2,2,2,2,2,2,2,4),(1.71479585045372,1.82196518524973,
1.92913452004573,2.03629494952067,2.1434553789956,2.25065165701579,2.35784793503597,
2.46502085535828,2.57219377568058),.UNSPECIFIED.);
#155=B_SPLINE_CURVE_WITH_KNOTS('',3,(#5512,#5513,#5514,#5515,#5516,#5517,
#5518,#5519,#5520,#5521,#5522,#5523,#5524,#5525,#5526,#5527,#5528,#5529),
 .UNSPECIFIED.,.F.,.F.,(4,2,2,2,2,2,2,2,4),(0.857397925226859,0.964567260022865,
1.07173659481887,1.17889702429381,1.28605745376874,1.39325373178893,1.50045000980911,
1.60762293013142,1.71479585045372),.UNSPECIFIED.);
#156=B_SPLINE_CURVE_WITH_KNOTS('',3,(#5530,#5531,#5532,#5533,#5534,#5535,
#5536,#5537,#5538,#5539,#5540,#5541,#5542,#5543,#5544,#5545,#5546,#5547),
 .UNSPECIFIED.,.F.,.F.,(4,2,2,2,2,2,2,2,4),(1.71479585045372,1.82196877077602,
1.92914169109832,2.03633796911851,2.1435342471387,2.25069467661363,2.35785510608857,
2.46502444088457,2.57219377568058),.UNSPECIFIED.);
#157=B_SPLINE_CURVE_WITH_KNOTS('',3,(#5550,#5551,#5552,#5553,#5554,#5555,
#5556,#5557,#5558,#5559,#5560,#5561,#5562,#5563,#5564,#5565,#5566,#5567),
 .UNSPECIFIED.,.F.,.F.,(4,2,2,2,2,2,2,2,4),(0.857397925645031,0.964567260441036,
1.07173659523704,1.17889702471198,1.28605745418691,1.3932537322071,1.50045001022728,
1.60762293054958,1.71479585087189),.UNSPECIFIED.);
#158=B_SPLINE_CURVE_WITH_KNOTS('',3,(#5568,#5569,#5570,#5571,#5572,#5573,
#5574,#5575,#5576,#5577,#5578,#5579,#5580,#5581,#5582,#5583,#5584,#5585),
 .UNSPECIFIED.,.F.,.F.,(4,2,2,2,2,2,2,2,4),(1.71479585087189,1.82197652672313,
1.92915720257437,2.03634572521393,2.14353424785349,2.25069900195891,2.35786375606433,
2.46502876629062,2.57219377651692),.UNSPECIFIED.);
#159=B_SPLINE_CURVE_WITH_KNOTS('',3,(#5588,#5589,#5590,#5591,#5592,#5593,
#5594,#5595,#5596,#5597,#5598,#5599,#5600,#5601,#5602,#5603,#5604,#5605),
 .UNSPECIFIED.,.F.,.F.,(4,2,2,2,2,2,2,2,4),(0.857397925226861,0.964567260022867,
1.07173659481887,1.17889702429381,1.28605745376874,1.39325373178893,1.50045000980911,
1.60762293013142,1.71479585045372),.UNSPECIFIED.);
#160=B_SPLINE_CURVE_WITH_KNOTS('',3,(#5606,#5607,#5608,#5609,#5610,#5611,
#5612,#5613,#5614,#5615,#5616,#5617,#5618,#5619,#5620,#5621,#5622,#5623),
 .UNSPECIFIED.,.F.,.F.,(4,2,2,2,2,2,2,2,4),(1.71479585045372,1.82196877077602,
1.92914169109833,2.03633796911851,2.1435342471387,2.25069467661363,2.35785510608857,
2.46502444088458,2.57219377568058),.UNSPECIFIED.);
#161=B_SPLINE_CURVE_WITH_KNOTS('',3,(#5626,#5627,#5628,#5629,#5630,#5631,
#5632,#5633,#5634,#5635,#5636,#5637,#5638,#5639,#5640,#5641,#5642,#5643),
 .UNSPECIFIED.,.F.,.F.,(4,2,2,2,2,2,2,2,4),(0.857397925226858,0.964570845549161,
1.07174376587146,1.17894004389165,1.28613632191183,1.39329675138677,1.5004571808617,
1.60762651565771,1.71479585045372),.UNSPECIFIED.);
#162=B_SPLINE_CURVE_WITH_KNOTS('',3,(#5644,#5645,#5646,#5647,#5648,#5649,
#5650,#5651,#5652,#5653,#5654,#5655,#5656,#5657,#5658,#5659,#5660,#5661),
 .UNSPECIFIED.,.F.,.F.,(4,2,2,2,2,2,2,2,4),(1.71479585045372,1.82196518524972,
1.92913452004573,2.03629494952066,2.1434553789956,2.25065165701578,2.35784793503597,
2.46502085535827,2.57219377568057),.UNSPECIFIED.);
#163=B_SPLINE_CURVE_WITH_KNOTS('',3,(#5664,#5665,#5666,#5667,#5668,#5669,
#5670,#5671,#5672,#5673,#5674,#5675,#5676,#5677,#5678,#5679,#5680,#5681),
 .UNSPECIFIED.,.F.,.F.,(4,2,2,2,2,2,2,2,4),(0.857397925645027,0.964570845967329,
1.07174376628963,1.17894004430982,1.28613632233,1.39329675180494,1.50045718127987,
1.60762651607588,1.71479585087188),.UNSPECIFIED.);
#164=B_SPLINE_CURVE_WITH_KNOTS('',3,(#5682,#5683,#5684,#5685,#5686,#5687,
#5688,#5689,#5690,#5691,#5692,#5693,#5694,#5695,#5696,#5697,#5698,#5699),
 .UNSPECIFIED.,.F.,.F.,(4,2,2,2,2,2,2,2,4),(1.71479585087188,1.82196086109817,
1.92912587132447,2.03629062542988,2.1434553795353,2.25064390217486,2.35783242481443,
2.46501310066567,2.57219377651691),.UNSPECIFIED.);
#165=B_SPLINE_CURVE_WITH_KNOTS('',3,(#5702,#5703,#5704,#5705,#5706,#5707,
#5708,#5709,#5710,#5711,#5712,#5713,#5714,#5715,#5716,#5717,#5718,#5719),
 .UNSPECIFIED.,.F.,.F.,(4,2,2,2,2,2,2,2,4),(0.857397925226859,0.964570845549162,
1.07174376587147,1.17894004389165,1.28613632191183,1.39329675138677,1.50045718086171,
1.60762651565771,1.71479585045372),.UNSPECIFIED.);
#166=B_SPLINE_CURVE_WITH_KNOTS('',3,(#5720,#5721,#5722,#5723,#5724,#5725,
#5726,#5727,#5728,#5729,#5730,#5731,#5732,#5733,#5734,#5735,#5736,#5737),
 .UNSPECIFIED.,.F.,.F.,(4,2,2,2,2,2,2,2,4),(1.71479585045372,1.82196518524972,
1.92913452004573,2.03629494952067,2.1434553789956,2.25065165701579,2.35784793503597,
2.46502085535827,2.57219377568058),.UNSPECIFIED.);
#167=B_SPLINE_CURVE_WITH_KNOTS('',3,(#5740,#5741,#5742,#5743,#5744,#5745,
#5746,#5747,#5748,#5749,#5750,#5751,#5752,#5753,#5754,#5755,#5756,#5757),
 .UNSPECIFIED.,.F.,.F.,(4,2,2,2,2,2,2,2,4),(0.857397925226859,0.964567260022865,
1.07173659481887,1.17889702429381,1.28605745376874,1.39325373178893,1.50045000980911,
1.60762293013141,1.71479585045372),.UNSPECIFIED.);
#168=B_SPLINE_CURVE_WITH_KNOTS('',3,(#5758,#5759,#5760,#5761,#5762,#5763,
#5764,#5765,#5766,#5767,#5768,#5769,#5770,#5771,#5772,#5773,#5774,#5775),
 .UNSPECIFIED.,.F.,.F.,(4,2,2,2,2,2,2,2,4),(1.71479585045372,1.82196877077602,
1.92914169109832,2.03633796911851,2.14353424713869,2.25069467661363,2.35785510608856,
2.46502444088457,2.57219377568058),.UNSPECIFIED.);
#169=B_SPLINE_CURVE_WITH_KNOTS('',3,(#5778,#5779,#5780,#5781,#5782,#5783,
#5784,#5785,#5786,#5787,#5788,#5789,#5790,#5791,#5792,#5793,#5794,#5795),
 .UNSPECIFIED.,.F.,.F.,(4,2,2,2,2,2,2,2,4),(0.857397925645026,0.964567260441031,
1.07173659523704,1.17889702471197,1.28605745418691,1.39325373220709,1.50045001022728,
1.60762293054958,1.71479585087188),.UNSPECIFIED.);
#170=B_SPLINE_CURVE_WITH_KNOTS('',3,(#5796,#5797,#5798,#5799,#5800,#5801,
#5802,#5803,#5804,#5805,#5806,#5807,#5808,#5809,#5810,#5811,#5812,#5813),
 .UNSPECIFIED.,.F.,.F.,(4,2,2,2,2,2,2,2,4),(1.71479585087188,1.82197652672312,
1.92915720257436,2.03634572521393,2.14353424785349,2.25069900195891,2.35786375606432,
2.46502876629062,2.57219377651691),.UNSPECIFIED.);
#171=B_SPLINE_CURVE_WITH_KNOTS('',3,(#5816,#5817,#5818,#5819,#5820,#5821,
#5822,#5823,#5824,#5825,#5826,#5827,#5828,#5829,#5830,#5831,#5832,#5833),
 .UNSPECIFIED.,.F.,.F.,(4,2,2,2,2,2,2,2,4),(0.85739792522686,0.964567260022866,
1.07173659481887,1.17889702429381,1.28605745376874,1.39325373178893,1.50045000980911,
1.60762293013142,1.71479585045372),.UNSPECIFIED.);
#172=B_SPLINE_CURVE_WITH_KNOTS('',3,(#5834,#5835,#5836,#5837,#5838,#5839,
#5840,#5841,#5842,#5843,#5844,#5845,#5846,#5847,#5848,#5849,#5850,#5851),
 .UNSPECIFIED.,.F.,.F.,(4,2,2,2,2,2,2,2,4),(1.71479585045372,1.82196877077602,
1.92914169109833,2.03633796911851,2.1435342471387,2.25069467661363,2.35785510608857,
2.46502444088457,2.57219377568058),.UNSPECIFIED.);
#173=B_SPLINE_CURVE_WITH_KNOTS('',3,(#5854,#5855,#5856,#5857,#5858,#5859,
#5860,#5861,#5862,#5863,#5864,#5865,#5866,#5867,#5868,#5869,#5870,#5871),
 .UNSPECIFIED.,.F.,.F.,(4,2,2,2,2,2,2,2,4),(0.857397925226859,0.964570845549162,
1.07174376587147,1.17894004389165,1.28613632191184,1.39329675138677,1.50045718086171,
1.60762651565771,1.71479585045372),.UNSPECIFIED.);
#174=B_SPLINE_CURVE_WITH_KNOTS('',3,(#5872,#5873,#5874,#5875,#5876,#5877,
#5878,#5879,#5880,#5881,#5882,#5883,#5884,#5885,#5886,#5887,#5888,#5889),
 .UNSPECIFIED.,.F.,.F.,(4,2,2,2,2,2,2,2,4),(1.71479585045372,1.82196518524972,
1.92913452004573,2.03629494952067,2.1434553789956,2.25065165701579,2.35784793503597,
2.46502085535827,2.57219377568058),.UNSPECIFIED.);
#175=B_SPLINE_CURVE_WITH_KNOTS('',3,(#5892,#5893,#5894,#5895,#5896,#5897,
#5898,#5899,#5900,#5901,#5902,#5903,#5904,#5905,#5906,#5907,#5908,#5909),
 .UNSPECIFIED.,.F.,.F.,(4,2,2,2,2,2,2,2,4),(0.857397925645026,0.964570845967329,
1.07174376628963,1.17894004430982,1.28613632233,1.39329675180494,1.50045718127987,
1.60762651607588,1.71479585087188),.UNSPECIFIED.);
#176=B_SPLINE_CURVE_WITH_KNOTS('',3,(#5910,#5911,#5912,#5913,#5914,#5915,
#5916,#5917,#5918,#5919,#5920,#5921,#5922,#5923,#5924,#5925,#5926,#5927),
 .UNSPECIFIED.,.F.,.F.,(4,2,2,2,2,2,2,2,4),(1.71479585087188,1.82196086109818,
1.92912587132447,2.03629062542988,2.1434553795353,2.25064390217486,2.35783242481443,
2.46501310066567,2.57219377651691),.UNSPECIFIED.);
#177=B_SPLINE_CURVE_WITH_KNOTS('',3,(#5930,#5931,#5932,#5933,#5934,#5935,
#5936,#5937,#5938,#5939,#5940,#5941,#5942,#5943,#5944,#5945,#5946,#5947),
 .UNSPECIFIED.,.F.,.F.,(4,2,2,2,2,2,2,2,4),(0.85739792522686,0.964570845549164,
1.07174376587147,1.17894004389165,1.28613632191184,1.39329675138677,1.50045718086171,
1.60762651565771,1.71479585045372),.UNSPECIFIED.);
#178=B_SPLINE_CURVE_WITH_KNOTS('',3,(#5948,#5949,#5950,#5951,#5952,#5953,
#5954,#5955,#5956,#5957,#5958,#5959,#5960,#5961,#5962,#5963,#5964,#5965),
 .UNSPECIFIED.,.F.,.F.,(4,2,2,2,2,2,2,2,4),(1.71479585045372,1.82196518524973,
1.92913452004573,2.03629494952067,2.1434553789956,2.25065165701579,2.35784793503597,
2.46502085535828,2.57219377568058),.UNSPECIFIED.);
#179=B_SPLINE_CURVE_WITH_KNOTS('',3,(#5968,#5969,#5970,#5971,#5972,#5973,
#5974,#5975,#5976,#5977,#5978,#5979,#5980,#5981,#5982,#5983,#5984,#5985),
 .UNSPECIFIED.,.F.,.F.,(4,2,2,2,2,2,2,2,4),(0.857397925226858,0.964567260022864,
1.07173659481887,1.17889702429381,1.28605745376874,1.39325373178893,1.50045000980911,
1.60762293013141,1.71479585045372),.UNSPECIFIED.);
#180=B_SPLINE_CURVE_WITH_KNOTS('',3,(#5986,#5987,#5988,#5989,#5990,#5991,
#5992,#5993,#5994,#5995,#5996,#5997,#5998,#5999,#6000,#6001,#6002,#6003),
 .UNSPECIFIED.,.F.,.F.,(4,2,2,2,2,2,2,2,4),(1.71479585045372,1.82196877077602,
1.92914169109832,2.03633796911851,2.14353424713869,2.25069467661363,2.35785510608856,
2.46502444088457,2.57219377568057),.UNSPECIFIED.);
#181=B_SPLINE_CURVE_WITH_KNOTS('',3,(#6006,#6007,#6008,#6009,#6010,#6011,
#6012,#6013,#6014,#6015,#6016,#6017,#6018,#6019,#6020,#6021,#6022,#6023),
 .UNSPECIFIED.,.F.,.F.,(4,2,2,2,2,2,2,2,4),(0.857397925645026,0.964567260441031,
1.07173659523704,1.17889702471197,1.28605745418691,1.39325373220709,1.50045001022728,
1.60762293054958,1.71479585087188),.UNSPECIFIED.);
#182=B_SPLINE_CURVE_WITH_KNOTS('',3,(#6024,#6025,#6026,#6027,#6028,#6029,
#6030,#6031,#6032,#6033,#6034,#6035,#6036,#6037,#6038,#6039,#6040,#6041),
 .UNSPECIFIED.,.F.,.F.,(4,2,2,2,2,2,2,2,4),(1.71479585087188,1.82197652672312,
1.92915720257436,2.03634572521392,2.14353424785349,2.25069900195891,2.35786375606432,
2.46502876629062,2.57219377651691),.UNSPECIFIED.);
#183=B_SPLINE_CURVE_WITH_KNOTS('',3,(#6044,#6045,#6046,#6047,#6048,#6049,
#6050,#6051,#6052,#6053,#6054,#6055,#6056,#6057,#6058,#6059,#6060,#6061),
 .UNSPECIFIED.,.F.,.F.,(4,2,2,2,2,2,2,2,4),(0.857397925226859,0.964567260022865,
1.07173659481887,1.17889702429381,1.28605745376874,1.39325373178893,1.50045000980911,
1.60762293013141,1.71479585045372),.UNSPECIFIED.);
#184=B_SPLINE_CURVE_WITH_KNOTS('',3,(#6062,#6063,#6064,#6065,#6066,#6067,
#6068,#6069,#6070,#6071,#6072,#6073,#6074,#6075,#6076,#6077,#6078,#6079),
 .UNSPECIFIED.,.F.,.F.,(4,2,2,2,2,2,2,2,4),(1.71479585045372,1.82196877077602,
1.92914169109832,2.03633796911851,2.14353424713869,2.25069467661363,2.35785510608856,
2.46502444088457,2.57219377568058),.UNSPECIFIED.);
#185=B_SPLINE_CURVE_WITH_KNOTS('',3,(#6082,#6083,#6084,#6085,#6086,#6087,
#6088,#6089,#6090,#6091,#6092,#6093,#6094,#6095,#6096,#6097,#6098,#6099),
 .UNSPECIFIED.,.F.,.F.,(4,2,2,2,2,2,2,2,4),(0.857397925226859,0.964570845549162,
1.07174376587146,1.17894004389165,1.28613632191184,1.39329675138677,1.50045718086171,
1.60762651565771,1.71479585045372),.UNSPECIFIED.);
#186=B_SPLINE_CURVE_WITH_KNOTS('',3,(#6100,#6101,#6102,#6103,#6104,#6105,
#6106,#6107,#6108,#6109,#6110,#6111,#6112,#6113,#6114,#6115,#6116,#6117),
 .UNSPECIFIED.,.F.,.F.,(4,2,2,2,2,2,2,2,4),(1.71479585045372,1.82196518524972,
1.92913452004573,2.03629494952067,2.1434553789956,2.25065165701579,2.35784793503597,
2.46502085535827,2.57219377568058),.UNSPECIFIED.);
#187=B_SPLINE_CURVE_WITH_KNOTS('',3,(#6120,#6121,#6122,#6123,#6124,#6125,
#6126,#6127,#6128,#6129,#6130,#6131,#6132,#6133,#6134,#6135,#6136,#6137),
 .UNSPECIFIED.,.F.,.F.,(4,2,2,2,2,2,2,2,4),(0.857397925645025,0.964570845967328,
1.07174376628963,1.17894004430982,1.28613632233,1.39329675180494,1.50045718127987,
1.60762651607588,1.71479585087188),.UNSPECIFIED.);
#188=B_SPLINE_CURVE_WITH_KNOTS('',3,(#6138,#6139,#6140,#6141,#6142,#6143,
#6144,#6145,#6146,#6147,#6148,#6149,#6150,#6151,#6152,#6153,#6154,#6155),
 .UNSPECIFIED.,.F.,.F.,(4,2,2,2,2,2,2,2,4),(1.71479585087188,1.82196086109817,
1.92912587132447,2.03629062542988,2.1434553795353,2.25064390217486,2.35783242481443,
2.46501310066567,2.57219377651691),.UNSPECIFIED.);
#189=B_SPLINE_CURVE_WITH_KNOTS('',3,(#6158,#6159,#6160,#6161,#6162,#6163,
#6164,#6165,#6166,#6167,#6168,#6169,#6170,#6171,#6172,#6173,#6174,#6175),
 .UNSPECIFIED.,.F.,.F.,(4,2,2,2,2,2,2,2,4),(0.85739792522686,0.964570845549164,
1.07174376587147,1.17894004389165,1.28613632191184,1.39329675138677,1.50045718086171,
1.60762651565771,1.71479585045372),.UNSPECIFIED.);
#190=B_SPLINE_CURVE_WITH_KNOTS('',3,(#6176,#6177,#6178,#6179,#6180,#6181,
#6182,#6183,#6184,#6185,#6186,#6187,#6188,#6189,#6190,#6191,#6192,#6193),
 .UNSPECIFIED.,.F.,.F.,(4,2,2,2,2,2,2,2,4),(1.71479585045372,1.82196518524973,
1.92913452004573,2.03629494952067,2.1434553789956,2.25065165701579,2.35784793503597,
2.46502085535828,2.57219377568058),.UNSPECIFIED.);
#191=B_SPLINE_CURVE_WITH_KNOTS('',3,(#6196,#6197,#6198,#6199,#6200,#6201,
#6202,#6203,#6204,#6205,#6206,#6207,#6208,#6209,#6210,#6211,#6212,#6213),
 .UNSPECIFIED.,.F.,.F.,(4,2,2,2,2,2,2,2,4),(0.857397925226859,0.964567260022865,
1.07173659481887,1.17889702429381,1.28605745376874,1.39325373178893,1.50045000980911,
1.60762293013141,1.71479585045372),.UNSPECIFIED.);
#192=B_SPLINE_CURVE_WITH_KNOTS('',3,(#6214,#6215,#6216,#6217,#6218,#6219,
#6220,#6221,#6222,#6223,#6224,#6225,#6226,#6227,#6228,#6229,#6230,#6231),
 .UNSPECIFIED.,.F.,.F.,(4,2,2,2,2,2,2,2,4),(1.71479585045372,1.82196877077602,
1.92914169109832,2.03633796911851,2.14353424713869,2.25069467661363,2.35785510608856,
2.46502444088457,2.57219377568058),.UNSPECIFIED.);
#193=B_SPLINE_CURVE_WITH_KNOTS('',3,(#6234,#6235,#6236,#6237,#6238,#6239,
#6240,#6241,#6242,#6243,#6244,#6245,#6246,#6247,#6248,#6249,#6250,#6251),
 .UNSPECIFIED.,.F.,.F.,(4,2,2,2,2,2,2,2,4),(0.857397925645031,0.964567260441036,
1.07173659523704,1.17889702471198,1.28605745418691,1.3932537322071,1.50045001022728,
1.60762293054958,1.71479585087189),.UNSPECIFIED.);
#194=B_SPLINE_CURVE_WITH_KNOTS('',3,(#6252,#6253,#6254,#6255,#6256,#6257,
#6258,#6259,#6260,#6261,#6262,#6263,#6264,#6265,#6266,#6267,#6268,#6269),
 .UNSPECIFIED.,.F.,.F.,(4,2,2,2,2,2,2,2,4),(1.71479585087189,1.82197652672313,
1.92915720257437,2.03634572521393,2.14353424785349,2.25069900195891,2.35786375606433,
2.46502876629062,2.57219377651692),.UNSPECIFIED.);
#195=B_SPLINE_CURVE_WITH_KNOTS('',3,(#6272,#6273,#6274,#6275,#6276,#6277,
#6278,#6279,#6280,#6281,#6282,#6283,#6284,#6285,#6286,#6287,#6288,#6289),
 .UNSPECIFIED.,.F.,.F.,(4,2,2,2,2,2,2,2,4),(0.85739792522686,0.964567260022866,
1.07173659481887,1.17889702429381,1.28605745376874,1.39325373178893,1.50045000980911,
1.60762293013142,1.71479585045372),.UNSPECIFIED.);
#196=B_SPLINE_CURVE_WITH_KNOTS('',3,(#6290,#6291,#6292,#6293,#6294,#6295,
#6296,#6297,#6298,#6299,#6300,#6301,#6302,#6303,#6304,#6305,#6306,#6307),
 .UNSPECIFIED.,.F.,.F.,(4,2,2,2,2,2,2,2,4),(1.71479585045372,1.82196877077602,
1.92914169109833,2.03633796911851,2.1435342471387,2.25069467661363,2.35785510608857,
2.46502444088457,2.57219377568058),.UNSPECIFIED.);
#197=B_SPLINE_CURVE_WITH_KNOTS('',3,(#6310,#6311,#6312,#6313,#6314,#6315,
#6316,#6317,#6318,#6319,#6320,#6321,#6322,#6323,#6324,#6325,#6326,#6327),
 .UNSPECIFIED.,.F.,.F.,(4,2,2,2,2,2,2,2,4),(0.857397925226858,0.964570845549161,
1.07174376587146,1.17894004389165,1.28613632191183,1.39329675138677,1.5004571808617,
1.60762651565771,1.71479585045372),.UNSPECIFIED.);
#198=B_SPLINE_CURVE_WITH_KNOTS('',3,(#6328,#6329,#6330,#6331,#6332,#6333,
#6334,#6335,#6336,#6337,#6338,#6339,#6340,#6341,#6342,#6343,#6344,#6345),
 .UNSPECIFIED.,.F.,.F.,(4,2,2,2,2,2,2,2,4),(1.71479585045372,1.82196518524972,
1.92913452004573,2.03629494952066,2.1434553789956,2.25065165701578,2.35784793503597,
2.46502085535827,2.57219377568058),.UNSPECIFIED.);
#199=B_SPLINE_CURVE_WITH_KNOTS('',3,(#6348,#6349,#6350,#6351,#6352,#6353,
#6354,#6355,#6356,#6357,#6358,#6359,#6360,#6361,#6362,#6363,#6364,#6365),
 .UNSPECIFIED.,.F.,.F.,(4,2,2,2,2,2,2,2,4),(0.857397925645027,0.964570845967329,
1.07174376628963,1.17894004430982,1.28613632233,1.39329675180494,1.50045718127987,
1.60762651607588,1.71479585087188),.UNSPECIFIED.);
#200=B_SPLINE_CURVE_WITH_KNOTS('',3,(#6366,#6367,#6368,#6369,#6370,#6371,
#6372,#6373,#6374,#6375,#6376,#6377,#6378,#6379,#6380,#6381,#6382,#6383),
 .UNSPECIFIED.,.F.,.F.,(4,2,2,2,2,2,2,2,4),(1.71479585087188,1.82196086109817,
1.92912587132447,2.03629062542988,2.1434553795353,2.25064390217487,2.35783242481443,
2.46501310066567,2.57219377651691),.UNSPECIFIED.);
#201=B_SPLINE_CURVE_WITH_KNOTS('',3,(#6386,#6387,#6388,#6389,#6390,#6391,
#6392,#6393,#6394,#6395,#6396,#6397,#6398,#6399,#6400,#6401,#6402,#6403),
 .UNSPECIFIED.,.F.,.F.,(4,2,2,2,2,2,2,2,4),(0.857397925226859,0.964570845549162,
1.07174376587147,1.17894004389165,1.28613632191183,1.39329675138677,1.5004571808617,
1.60762651565771,1.71479585045372),.UNSPECIFIED.);
#202=B_SPLINE_CURVE_WITH_KNOTS('',3,(#6404,#6405,#6406,#6407,#6408,#6409,
#6410,#6411,#6412,#6413,#6414,#6415,#6416,#6417,#6418,#6419,#6420,#6421),
 .UNSPECIFIED.,.F.,.F.,(4,2,2,2,2,2,2,2,4),(1.71479585045372,1.82196518524972,
1.92913452004573,2.03629494952067,2.1434553789956,2.25065165701578,2.35784793503597,
2.46502085535827,2.57219377568058),.UNSPECIFIED.);
#203=B_SPLINE_CURVE_WITH_KNOTS('',3,(#6424,#6425,#6426,#6427,#6428,#6429,
#6430,#6431,#6432,#6433,#6434,#6435,#6436,#6437,#6438,#6439,#6440,#6441),
 .UNSPECIFIED.,.F.,.F.,(4,2,2,2,2,2,2,2,4),(0.857397925226859,0.964567260022865,
1.07173659481887,1.17889702429381,1.28605745376874,1.39325373178893,1.50045000980911,
1.60762293013141,1.71479585045372),.UNSPECIFIED.);
#204=B_SPLINE_CURVE_WITH_KNOTS('',3,(#6442,#6443,#6444,#6445,#6446,#6447,
#6448,#6449,#6450,#6451,#6452,#6453,#6454,#6455,#6456,#6457,#6458,#6459),
 .UNSPECIFIED.,.F.,.F.,(4,2,2,2,2,2,2,2,4),(1.71479585045372,1.82196877077602,
1.92914169109832,2.03633796911851,2.14353424713869,2.25069467661363,2.35785510608856,
2.46502444088457,2.57219377568058),.UNSPECIFIED.);
#205=B_SPLINE_CURVE_WITH_KNOTS('',3,(#6462,#6463,#6464,#6465,#6466,#6467,
#6468,#6469,#6470,#6471,#6472,#6473,#6474,#6475,#6476,#6477,#6478,#6479),
 .UNSPECIFIED.,.F.,.F.,(4,2,2,2,2,2,2,2,4),(0.857397925645026,0.964567260441031,
1.07173659523704,1.17889702471197,1.28605745418691,1.39325373220709,1.50045001022728,
1.60762293054958,1.71479585087188),.UNSPECIFIED.);
#206=B_SPLINE_CURVE_WITH_KNOTS('',3,(#6480,#6481,#6482,#6483,#6484,#6485,
#6486,#6487,#6488,#6489,#6490,#6491,#6492,#6493,#6494,#6495,#6496,#6497),
 .UNSPECIFIED.,.F.,.F.,(4,2,2,2,2,2,2,2,4),(1.71479585087188,1.82197652672312,
1.92915720257436,2.03634572521393,2.14353424785349,2.25069900195891,2.35786375606432,
2.46502876629062,2.57219377651691),.UNSPECIFIED.);
#207=B_SPLINE_CURVE_WITH_KNOTS('',3,(#6500,#6501,#6502,#6503,#6504,#6505,
#6506,#6507,#6508,#6509,#6510,#6511,#6512,#6513,#6514,#6515,#6516,#6517),
 .UNSPECIFIED.,.F.,.F.,(4,2,2,2,2,2,2,2,4),(0.85739792522686,0.964567260022866,
1.07173659481887,1.17889702429381,1.28605745376874,1.39325373178893,1.50045000980911,
1.60762293013142,1.71479585045372),.UNSPECIFIED.);
#208=B_SPLINE_CURVE_WITH_KNOTS('',3,(#6518,#6519,#6520,#6521,#6522,#6523,
#6524,#6525,#6526,#6527,#6528,#6529,#6530,#6531,#6532,#6533,#6534,#6535),
 .UNSPECIFIED.,.F.,.F.,(4,2,2,2,2,2,2,2,4),(1.71479585045372,1.82196877077602,
1.92914169109833,2.03633796911851,2.1435342471387,2.25069467661363,2.35785510608857,
2.46502444088457,2.57219377568058),.UNSPECIFIED.);
#209=B_SPLINE_CURVE_WITH_KNOTS('',3,(#6877,#6878,#6879,#6880,#6881,#6882,
#6883,#6884,#6885,#6886,#6887,#6888,#6889,#6890,#6891,#6892,#6893,#6894),
 .UNSPECIFIED.,.F.,.F.,(4,2,2,2,2,2,2,2,4),(0.677469824066876,0.762147163460117,
0.846824502853357,0.931502314229315,1.01618012560527,1.10087277391215,1.18556542221902,
1.27025253528178,1.35493964834454),.UNSPECIFIED.);
#210=B_SPLINE_CURVE_WITH_KNOTS('',3,(#6895,#6896,#6897,#6898,#6899,#6900,
#6901,#6902,#6903,#6904,#6905,#6906,#6907,#6908,#6909,#6910,#6911,#6912),
 .UNSPECIFIED.,.F.,.F.,(4,2,2,2,2,2,2,2,4),(1.35493964834454,1.43962163619559,
1.52430362404665,1.60900139748546,1.69369917092426,1.77837456629798,1.86304996167169,
1.94772971704155,2.03240947241142),.UNSPECIFIED.);
#211=B_SPLINE_CURVE_WITH_KNOTS('',3,(#6915,#6916,#6917,#6918,#6919,#6920,
#6921,#6922,#6923,#6924,#6925,#6926,#6927,#6928,#6929,#6930,#6931,#6932),
 .UNSPECIFIED.,.F.,.F.,(4,2,2,2,2,2,2,2,4),(0.677469824066878,0.762149579436743,
0.846829334806607,0.931504730180319,1.01618012555403,1.10087789899284,1.18557567243165,
1.2702576602827,1.35493964813376),.UNSPECIFIED.);
#212=B_SPLINE_CURVE_WITH_KNOTS('',3,(#6933,#6934,#6935,#6936,#6937,#6938,
#6939,#6940,#6941,#6942,#6943,#6944,#6945,#6946,#6947,#6948,#6949,#6950),
 .UNSPECIFIED.,.F.,.F.,(4,2,2,2,2,2,2,2,4),(1.35493964813376,1.43962163598481,
1.52430362383586,1.60900139727467,1.69369917071348,1.77837456608719,1.8630499614609,
1.94772971683077,2.03240947220063),.UNSPECIFIED.);
#213=B_SPLINE_CURVE_WITH_KNOTS('',3,(#6953,#6954,#6955,#6956,#6957,#6958,
#6959,#6960,#6961,#6962,#6963,#6964,#6965,#6966,#6967,#6968,#6969,#6970),
 .UNSPECIFIED.,.F.,.F.,(4,2,2,2,2,2,2,2,4),(0.677469824066878,0.762149579436743,
0.846829334806607,0.931504730180319,1.01618012555403,1.10087789899284,1.18557567243165,
1.2702576602827,1.35493964813376),.UNSPECIFIED.);
#214=B_SPLINE_CURVE_WITH_KNOTS('',3,(#6971,#6972,#6973,#6974,#6975,#6976,
#6977,#6978,#6979,#6980,#6981,#6982,#6983,#6984,#6985,#6986,#6987,#6988),
 .UNSPECIFIED.,.F.,.F.,(4,2,2,2,2,2,2,2,4),(1.35493964813376,1.43962163598481,
1.52430362383587,1.60900139727467,1.69369917071348,1.77837456608719,1.8630499614609,
1.94772971683077,2.03240947220063),.UNSPECIFIED.);
#215=B_SPLINE_CURVE_WITH_KNOTS('',3,(#6991,#6992,#6993,#6994,#6995,#6996,
#6997,#6998,#6999,#7000,#7001,#7002,#7003,#7004,#7005,#7006,#7007,#7008),
 .UNSPECIFIED.,.F.,.F.,(4,2,2,2,2,2,2,2,4),(0.677469824066874,0.762156937129635,
0.846844050192395,0.931536698499267,1.01622934680614,1.1009071581821,1.18558496955805,
1.27026230895129,1.35493964834454),.UNSPECIFIED.);
#216=B_SPLINE_CURVE_WITH_KNOTS('',3,(#7009,#7010,#7011,#7012,#7013,#7014,
#7015,#7016,#7017,#7018,#7019,#7020,#7021,#7022,#7023,#7024,#7025,#7026),
 .UNSPECIFIED.,.F.,.F.,(4,2,2,2,2,2,2,2,4),(1.35493964834454,1.4396194037144,
1.52429915908427,1.60897455445798,1.69364994983169,1.77834772327049,1.8630454967093,
1.94772748456035,2.03240947241141),.UNSPECIFIED.);
#217=B_SPLINE_CURVE_WITH_KNOTS('',3,(#7029,#7030,#7031,#7032,#7033,#7034,
#7035,#7036,#7037,#7038,#7039,#7040,#7041,#7042,#7043,#7044,#7045,#7046),
 .UNSPECIFIED.,.F.,.F.,(4,2,2,2,2,2,2,2,4),(0.677469824066876,0.762151811917931,
0.846833799768987,0.931531573207793,1.0162293466466,1.10090474202031,1.18558013739402,
1.27025989276389,1.35493964813375),.UNSPECIFIED.);
#218=B_SPLINE_CURVE_WITH_KNOTS('',3,(#7047,#7048,#7049,#7050,#7051,#7052,
#7053,#7054,#7055,#7056,#7057,#7058,#7059,#7060,#7061,#7062,#7063,#7064),
 .UNSPECIFIED.,.F.,.F.,(4,2,2,2,2,2,2,2,4),(1.35493964813375,1.43961940350362,
1.52429915887348,1.60897455424719,1.6936499496209,1.77834772305971,1.86304549649852,
1.94772748434957,2.03240947220063),.UNSPECIFIED.);
#219=B_SPLINE_CURVE_WITH_KNOTS('',3,(#7067,#7068,#7069,#7070,#7071,#7072,
#7073,#7074,#7075,#7076,#7077,#7078,#7079,#7080,#7081,#7082,#7083,#7084),
 .UNSPECIFIED.,.F.,.F.,(4,2,2,2,2,2,2,2,4),(0.677469824066876,0.762151811917931,
0.846833799768985,0.931531573207792,1.0162293466466,1.10090474202031,1.18558013739402,
1.27025989276389,1.35493964813375),.UNSPECIFIED.);
#220=B_SPLINE_CURVE_WITH_KNOTS('',3,(#7085,#7086,#7087,#7088,#7089,#7090,
#7091,#7092,#7093,#7094,#7095,#7096,#7097,#7098,#7099,#7100,#7101,#7102),
 .UNSPECIFIED.,.F.,.F.,(4,2,2,2,2,2,2,2,4),(1.35493964813375,1.43961940350362,
1.52429915887348,1.60897455424719,1.6936499496209,1.77834772305971,1.86304549649852,
1.94772748434957,2.03240947220063),.UNSPECIFIED.);
#221=B_SPLINE_CURVE_WITH_KNOTS('',3,(#7105,#7106,#7107,#7108,#7109,#7110,
#7111,#7112,#7113,#7114,#7115,#7116,#7117,#7118,#7119,#7120,#7121,#7122),
 .UNSPECIFIED.,.F.,.F.,(4,2,2,2,2,2,2,2,4),(-5.74774232634323,-5.38850664958895,
-5.02927097283468,-4.67003885879606,-4.31080674475744,-3.9515746307188,
-3.59234251668017,-3.23310683992589,-2.87387116317162),.UNSPECIFIED.);
#222=B_SPLINE_CURVE_WITH_KNOTS('',3,(#7126,#7127,#7128,#7129,#7130,#7131,
#7132,#7133,#7134,#7135,#7136,#7137,#7138,#7139,#7140,#7141,#7142,#7143),
 .UNSPECIFIED.,.F.,.F.,(4,2,2,2,2,2,2,2,4),(-2.87387116317162,-2.51463548641734,
-2.15539980966306,-1.79616769562443,-1.4369355815858,-1.07770346754718,
-0.718471353508556,-0.359235676754278,0.),.UNSPECIFIED.);
#223=B_SPLINE_CURVE_WITH_KNOTS('',3,(#7147,#7148,#7149,#7150,#7151,#7152,
#7153,#7154,#7155,#7156,#7157,#7158,#7159,#7160,#7161,#7162,#7163,#7164),
 .UNSPECIFIED.,.F.,.F.,(4,2,2,2,2,2,2,2,4),(-5.74774232634323,-5.38850664958895,
-5.02927097283468,-4.67003885879606,-4.31080674475744,-3.9515746307188,
-3.59234251668017,-3.23310683992589,-2.87387116317162),.UNSPECIFIED.);
#224=B_SPLINE_CURVE_WITH_KNOTS('',3,(#7168,#7169,#7170,#7171,#7172,#7173,
#7174,#7175,#7176,#7177,#7178,#7179,#7180,#7181,#7182,#7183,#7184,#7185),
 .UNSPECIFIED.,.F.,.F.,(4,2,2,2,2,2,2,2,4),(-2.87387116317162,-2.51463548641734,
-2.15539980966306,-1.79616769562443,-1.4369355815858,-1.07770346754718,
-0.718471353508555,-0.359235676754277,0.),.UNSPECIFIED.);
#225=B_SPLINE_CURVE_WITH_KNOTS('',3,(#7189,#7190,#7191,#7192,#7193,#7194,
#7195,#7196,#7197,#7198,#7199,#7200,#7201,#7202,#7203,#7204,#7205,#7206),
 .UNSPECIFIED.,.F.,.F.,(4,2,2,2,2,2,2,2,4),(-5.74774232634323,-5.38850664958896,
-5.02927097283468,-4.67003885879606,-4.31080674475743,-3.95157463071881,
-3.59234251668018,-3.2331068399259,-2.87387116317161),.UNSPECIFIED.);
#226=B_SPLINE_CURVE_WITH_KNOTS('',3,(#7210,#7211,#7212,#7213,#7214,#7215,
#7216,#7217,#7218,#7219,#7220,#7221,#7222,#7223,#7224,#7225,#7226,#7227),
 .UNSPECIFIED.,.F.,.F.,(4,2,2,2,2,2,2,2,4),(-2.87387116317162,-2.51463548641734,
-2.15539980966306,-1.79616769562443,-1.4369355815858,-1.07770346754718,
-0.718471353508557,-0.359235676754278,0.),.UNSPECIFIED.);
#227=B_SPLINE_CURVE_WITH_KNOTS('',3,(#7242,#7243,#7244,#7245,#7246,#7247,
#7248,#7249,#7250,#7251,#7252,#7253,#7254,#7255,#7256,#7257,#7258,#7259),
 .UNSPECIFIED.,.F.,.F.,(4,2,2,2,2,2,2,2,4),(-5.74759655964761,-5.388370066372,
-5.02914357309639,-4.66992049641605,-4.31069741973571,-3.95147434305537,
-3.59225126637503,-3.23302477309942,-2.87379827982381),.UNSPECIFIED.);
#228=B_SPLINE_CURVE_WITH_KNOTS('',3,(#7262,#7263,#7264,#7265,#7266,#7267,
#7268,#7269,#7270,#7271,#7272,#7273,#7274,#7275,#7276,#7277,#7278,#7279),
 .UNSPECIFIED.,.F.,.F.,(4,2,2,2,2,2,2,2,4),(-2.8737982798238,-2.51457178654819,
-2.15534529327258,-1.79612221659224,-1.4368991399119,-1.07767606323156,
-0.718452986551222,-0.359226493275611,0.),.UNSPECIFIED.);
#229=B_SPLINE_CURVE_WITH_KNOTS('',3,(#7284,#7285,#7286,#7287,#7288,#7289,
#7290,#7291,#7292,#7293,#7294,#7295,#7296,#7297,#7298,#7299,#7300,#7301),
 .UNSPECIFIED.,.F.,.F.,(4,2,2,2,2,2,2,2,4),(-5.74759655964761,-5.388370066372,
-5.02914357309639,-4.66992049641605,-4.31069741973571,-3.95147434305537,
-3.59225126637503,-3.23302477309942,-2.87379827982381),.UNSPECIFIED.);
#230=B_SPLINE_CURVE_WITH_KNOTS('',3,(#7304,#7305,#7306,#7307,#7308,#7309,
#7310,#7311,#7312,#7313,#7314,#7315,#7316,#7317,#7318,#7319,#7320,#7321),
 .UNSPECIFIED.,.F.,.F.,(4,2,2,2,2,2,2,2,4),(-2.87379827982381,-2.5145717865482,
-2.15534529327258,-1.79612221659224,-1.4368991399119,-1.07767606323156,
-0.718452986551223,-0.359226493275611,0.),.UNSPECIFIED.);
#231=B_SPLINE_CURVE_WITH_KNOTS('',3,(#7326,#7327,#7328,#7329,#7330,#7331,
#7332,#7333,#7334,#7335,#7336,#7337,#7338,#7339,#7340,#7341,#7342,#7343),
 .UNSPECIFIED.,.F.,.F.,(4,2,2,2,2,2,2,2,4),(-5.74759655964761,-5.388370066372,
-5.02914357309639,-4.66992049641605,-4.31069741973571,-3.95147434305537,
-3.59225126637503,-3.23302477309942,-2.87379827982381),.UNSPECIFIED.);
#232=B_SPLINE_CURVE_WITH_KNOTS('',3,(#7346,#7347,#7348,#7349,#7350,#7351,
#7352,#7353,#7354,#7355,#7356,#7357,#7358,#7359,#7360,#7361,#7362,#7363),
 .UNSPECIFIED.,.F.,.F.,(4,2,2,2,2,2,2,2,4),(-2.87379827982381,-2.5145717865482,
-2.15534529327258,-1.79612221659224,-1.4368991399119,-1.07767606323156,
-0.718452986551223,-0.359226493275611,0.),.UNSPECIFIED.);
#233=B_SPLINE_CURVE_WITH_KNOTS('',3,(#7578,#7579,#7580,#7581,#7582,#7583,
#7584,#7585,#7586,#7587,#7588,#7589,#7590,#7591,#7592,#7593,#7594,#7595,
#7596,#7597,#7598,#7599,#7600,#7601,#7602,#7603,#7604,#7605,#7606,#7607),
 .UNSPECIFIED.,.F.,.F.,(4,2,2,2,2,2,2,2,2,2,2,2,2,2,4),(0.500135488883512,
0.562635400529709,0.593885356352808,0.609510334264357,0.625135312175906,
0.656385267999005,0.672010245910554,0.687635223822104,0.718885179645204,
0.750135135468303,0.812635047114502,0.875134958760701,0.9063849145838,0.937634870406899,
1.0001347820531),.UNSPECIFIED.);
#234=B_SPLINE_CURVE_WITH_KNOTS('',3,(#7611,#7612,#7613,#7614,#7615,#7616,
#7617,#7618,#7619,#7620,#7621,#7622,#7623,#7624,#7625,#7626,#7627,#7628,
#7629,#7630,#7631,#7632,#7633,#7634,#7635,#7636,#7637,#7638,#7639,#7640,
#7641,#7642,#7643,#7644,#7645,#7646,#7647,#7648,#7649,#7650,#7651,#7652,
#7653,#7654,#7655,#7656,#7657,#7658,#7659,#7660,#7661,#7662,#7663,#7664,
#7665,#7666,#7667,#7668,#7669,#7670,#7671,#7672,#7673,#7674,#7675,#7676,
#7677,#7678,#7679,#7680,#7681,#7682,#7683,#7684,#7685,#7686,#7687,#7688,
#7689,#7690,#7691,#7692,#7693,#7694,#7695,#7696,#7697,#7698,#7699,#7700,
#7701,#7702,#7703,#7704,#7705,#7706,#7707,#7708,#7709,#7710,#7711,#7712,
#7713),.UNSPECIFIED.,.F.,.F.,(4,3,3,3,3,3,3,3,3,3,3,3,3,3,3,3,3,3,3,3,3,
3,3,3,3,3,3,3,3,3,3,3,3,3,4),(0.118070364177965,0.124915421776327,0.138449417095273,
0.141933811748277,0.165797259362465,0.189660706976653,0.213524154590841,
0.237387602205029,0.249319326012123,0.249874656007873,0.252302256963896,
0.25528518791567,0.261251049819216,0.282184341616369,0.285114497433404,
0.297046221240498,0.303012083144045,0.308977945047592,0.333145410662086,
0.356704840275968,0.368636564083062,0.37460242598661,0.374787642718267,
0.377585356938385,0.380568287890159,0.404431735504358,0.428295183118557,
0.440226906925657,0.446192768829206,0.452158630732756,0.476022078346955,
0.487953802154054,0.493919664057604,0.496902595009379,0.499885525960098),
 .UNSPECIFIED.);
#235=B_SPLINE_CURVE_WITH_KNOTS('',3,(#7715,#7716,#7717,#7718,#7719,#7720,
#7721,#7722,#7723,#7724,#7725,#7726,#7727,#7728,#7729,#7730,#7731,#7732,
#7733,#7734,#7735,#7736,#7737,#7738,#7739,#7740,#7741,#7742),
 .UNSPECIFIED.,.F.,.F.,(4,3,3,3,3,3,3,3,3,4),(0.999913602478463,1.00083670217854,
1.00360600127985,1.0072984000816,1.0146831976851,1.0294527928921,1.057026263736,
1.0589919833061,1.08853117372009,1.11807036413409),.UNSPECIFIED.);
#236=B_SPLINE_CURVE_WITH_KNOTS('',3,(#7782,#7783,#7784,#7785,#7786,#7787,
#7788,#7789,#7790,#7791,#7792,#7793,#7794,#7795,#7796,#7797,#7798,#7799,
#7800,#7801,#7802,#7803,#7804,#7805,#7806,#7807,#7808,#7809),
 .UNSPECIFIED.,.F.,.F.,(4,2,2,2,2,2,2,2,2,2,2,2,2,4),(0.500132374719899,
0.562632277402782,0.593882228744223,0.609507204414944,0.625132180085665,
0.656382131427106,0.672007107097827,0.687632082768548,0.750131985451429,
0.812631888134311,0.875131790817193,0.906381742158633,0.937631693500074,
1.00013159618296),.UNSPECIFIED.);
#237=B_SPLINE_CURVE_WITH_KNOTS('',3,(#7813,#7814,#7815,#7816,#7817,#7818,
#7819,#7820,#7821,#7822,#7823,#7824,#7825,#7826,#7827,#7828,#7829,#7830,
#7831,#7832,#7833,#7834,#7835,#7836,#7837,#7838,#7839,#7840,#7841,#7842,
#7843,#7844,#7845,#7846,#7847,#7848,#7849,#7850,#7851,#7852,#7853,#7854,
#7855,#7856,#7857,#7858,#7859,#7860,#7861,#7862,#7863,#7864,#7865,#7866,
#7867,#7868,#7869,#7870,#7871,#7872,#7873,#7874,#7875,#7876,#7877,#7878,
#7879,#7880,#7881,#7882,#7883,#7884,#7885,#7886,#7887,#7888,#7889,#7890,
#7891,#7892,#7893,#7894,#7895,#7896,#7897,#7898,#7899,#7900,#7901,#7902,
#7903,#7904,#7905,#7906,#7907,#7908,#7909),.UNSPECIFIED.,.F.,.F.,(4,3,3,
3,3,3,3,3,3,3,3,3,3,3,3,3,3,3,3,3,3,3,3,3,3,3,3,3,3,3,3,3,4),(0.12536891804804,
0.148776176086993,0.172183434125947,0.199012172886204,0.218997950203853,
0.242405208242807,0.248257022752545,0.24971997637998,0.249883473077752,
0.251182930007414,0.254108837262284,0.265812466281762,0.285475494765469,
0.289219724320717,0.300923353340194,0.306775167849933,0.312626982359672,
0.33604674414933,0.359441498437583,0.37114512745706,0.37407103471193,0.374741803918338,
0.375533988339365,0.3769969419668,0.382848756476541,0.406256014515505,0.429663272554468,
0.44136690157395,0.453070530593432,0.476477788632396,0.488181417651878,
0.494033232161618,0.499885046670575),.UNSPECIFIED.);
#238=B_SPLINE_CURVE_WITH_KNOTS('',3,(#7911,#7912,#7913,#7914,#7915,#7916,
#7917,#7918,#7919,#7920,#7921,#7922,#7923,#7924,#7925,#7926,#7927,#7928,
#7929,#7930,#7931,#7932,#7933,#7934,#7935,#7936,#7937,#7938,#7939,#7940,
#7941,#7942,#7943,#7944,#7945,#7946,#7947),.UNSPECIFIED.,.F.,.F.,(4,3,3,
3,3,3,3,3,3,3,3,3,4),(0.999908807085108,1.00088896419743,1.00382943554823,
1.00775006401597,1.01559132095144,1.03127383482238,1.04695634869333,1.06263886256427,
1.09035185624977,1.09400389030615,1.12169521879983,1.12483881284429,1.12536891804524),
 .UNSPECIFIED.);
#239=B_SPLINE_CURVE_WITH_KNOTS('',3,(#7951,#7952,#7953,#7954,#7955,#7956,
#7957,#7958,#7959,#7960,#7961,#7962,#7963,#7964,#7965,#7966,#7967,#7968,
#7969,#7970,#7971,#7972,#7973,#7974,#7975,#7976,#7977,#7978,#7979,#7980,
#7981,#7982,#7983,#7984,#7985,#7986,#7987,#7988,#7989,#7990,#7991,#7992,
#7993,#7994,#7995,#7996,#7997,#7998,#7999,#8000,#8001,#8002,#8003,#8004,
#8005,#8006,#8007,#8008,#8009,#8010,#8011,#8012,#8013,#8014,#8015,#8016,
#8017,#8018,#8019,#8020,#8021,#8022,#8023,#8024,#8025,#8026,#8027,#8028,
#8029,#8030,#8031,#8032,#8033,#8034,#8035,#8036,#8037,#8038,#8039,#8040,
#8041,#8042,#8043,#8044,#8045,#8046,#8047,#8048,#8049,#8050,#8051,#8052,
#8053,#8054,#8055,#8056,#8057,#8058,#8059,#8060,#8061,#8062,#8063,#8064,
#8065,#8066,#8067,#8068,#8069,#8070,#8071,#8072,#8073,#8074,#8075,#8076,
#8077,#8078,#8079,#8080,#8081,#8082,#8083,#8084,#8085,#8086),
 .UNSPECIFIED.,.F.,.F.,(4,3,3,3,3,3,3,3,3,3,3,3,3,3,3,3,3,3,3,3,3,3,3,3,
3,3,3,3,3,3,3,3,3,3,3,3,3,3,3,3,3,3,3,3,3,4),(0.625244110996009,0.626707644965089,
0.62817117893417,0.63109824687233,0.636952382748651,0.648660654501293,0.672077198006578,
0.695493741511862,0.707202013264504,0.718910285017146,0.720373818986227,
0.721837352955307,0.724764420893468,0.730618556769789,0.73647269264611,
0.742326828522432,0.742333945326423,0.761289121776743,0.765743372027718,
0.77745164378036,0.786232847594843,0.807584354712166,0.812576459038289,
0.813308226022829,0.81403999300737,0.81550352697645,0.818430594914609,0.824284730790929,
0.835993002543568,0.859409546048845,0.871117817801483,0.874521797727005,
0.879899021615962,0.906242633059399,0.906974400043938,0.907706167028478,
0.909169700997558,0.912096768935717,0.917950904812035,0.929659176564672,
0.94136744831731,0.947221584193629,0.953075720069948,0.972141088747229,
0.989700928672218,0.999908807080499),.UNSPECIFIED.);
#240=B_SPLINE_CURVE_WITH_KNOTS('',3,(#8089,#8090,#8091,#8092,#8093,#8094,
#8095,#8096,#8097,#8098,#8099,#8100,#8101,#8102,#8103,#8104,#8105,#8106,
#8107,#8108,#8109,#8110,#8111,#8112,#8113,#8114,#8115,#8116,#8117,#8118,
#8119,#8120,#8121,#8122),.UNSPECIFIED.,.T.,.F.,(4,2,2,2,2,2,2,2,2,2,2,2,
2,2,2,2,4),(0.,0.120157313671168,0.240314627342335,0.360455140880268,0.480595654418201,
0.600736167956134,0.720876681494067,0.841033995165235,0.961191308836403,
1.08134862250757,1.20150593617874,1.32164644971667,1.4417869632546,1.56192747679254,
1.68206799033047,1.80222530400164,1.92238261767281),.UNSPECIFIED.);
#241=B_SPLINE_CURVE_WITH_KNOTS('',3,(#8123,#8124,#8125,#8126,#8127,#8128,
#8129,#8130,#8131,#8132),.UNSPECIFIED.,.F.,.F.,(4,2,2,2,4),(0.,0.108297076817655,
0.122724608415348,0.139169175800578,0.22487222578839),.UNSPECIFIED.);
#242=B_SPLINE_CURVE_WITH_KNOTS('',3,(#8135,#8136,#8137,#8138,#8139,#8140,
#8141,#8142,#8143,#8144,#8145,#8146,#8147,#8148,#8149,#8150,#8151,#8152,
#8153,#8154,#8155,#8156,#8157,#8158,#8159,#8160,#8161,#8162,#8163,#8164,
#8165,#8166,#8167,#8168,#8169,#8170,#8171,#8172,#8173,#8174,#8175,#8176,
#8177,#8178,#8179,#8180,#8181,#8182,#8183,#8184,#8185,#8186,#8187,#8188,
#8189,#8190,#8191,#8192,#8193,#8194,#8195,#8196,#8197,#8198,#8199,#8200,
#8201,#8202,#8203,#8204,#8205,#8206,#8207,#8208,#8209,#8210,#8211,#8212,
#8213,#8214,#8215,#8216,#8217,#8218,#8219,#8220,#8221,#8222,#8223,#8224,
#8225,#8226,#8227,#8228,#8229,#8230,#8231,#8232,#8233,#8234,#8235,#8236,
#8237,#8238,#8239,#8240,#8241,#8242,#8243,#8244,#8245,#8246,#8247,#8248,
#8249,#8250,#8251,#8252,#8253,#8254,#8255,#8256,#8257,#8258,#8259,#8260,
#8261,#8262,#8263,#8264,#8265,#8266,#8267,#8268,#8269,#8270,#8271,#8272,
#8273,#8274,#8275,#8276,#8277,#8278,#8279,#8280,#8281,#8282,#8283,#8284,
#8285,#8286,#8287,#8288),.UNSPECIFIED.,.F.,.F.,(4,3,3,3,3,3,3,3,3,3,3,3,
3,3,3,3,3,3,3,3,3,3,3,3,3,3,3,3,3,3,3,3,3,3,3,3,3,3,3,3,3,3,3,3,3,3,3,3,
3,3,3,4),(0.619079463165008,0.619823263318787,0.622054713450838,0.625029980293573,
0.626589467690978,0.630980513979044,0.642881581349984,0.666683716091865,
0.68904875730506,0.690485850833746,0.696436384519216,0.705362185047421,
0.714287985575627,0.715775618996994,0.717263252418362,0.720238519261097,
0.726189052946568,0.732139586632038,0.738090120317509,0.741559422075359,
0.760582704215863,0.761892255059392,0.773793322430333,0.778256222694436,
0.793876373618796,0.801686449080976,0.805591486812066,0.809496524543156,
0.81024034125384,0.810984157964523,0.81247179138589,0.815447058228623,0.82139759191409,
0.833298659285024,0.857100794026892,0.869001861397826,0.874673836730112,
0.877927661926027,0.904705063510628,0.905448880221311,0.906192696931993,
0.90768033035336,0.910655597196094,0.916606130881561,0.928507198252495,
0.947176016343593,0.952309332994365,0.958259866679832,0.975149152687833,
0.976111467736235,0.992376753449026,0.999913602478105),.UNSPECIFIED.);
#243=B_SPLINE_CURVE_WITH_KNOTS('',3,(#8291,#8292,#8293,#8294,#8295,#8296,
#8297,#8298,#8299,#8300,#8301,#8302,#8303,#8304,#8305,#8306,#8307,#8308,
#8309,#8310,#8311,#8312,#8313,#8314,#8315,#8316,#8317,#8318,#8319,#8320,
#8321,#8322,#8323,#8324),.UNSPECIFIED.,.T.,.F.,(4,2,2,2,2,2,2,2,2,2,2,2,
2,2,2,2,4),(0.,0.120157313671168,0.240314627342335,0.360455140880269,0.480595654418202,
0.600736167956135,0.720876681494068,0.841033995165236,0.961191308836403,
1.08134862250757,1.20150593617874,1.32164644971667,1.44178696325461,1.56192747679254,
1.68206799033047,1.80222530400164,1.92238261767281),.UNSPECIFIED.);
#244=B_SPLINE_CURVE_WITH_KNOTS('',3,(#8325,#8326,#8327,#8328,#8329,#8330,
#8331,#8332),.UNSPECIFIED.,.F.,.F.,(4,2,2,4),(0.,0.104305090668398,0.139074664010319,
0.238216704274075),.UNSPECIFIED.);
#245=B_SPLINE_CURVE_WITH_KNOTS('',3,(#8341,#8342,#8343,#8344,#8345,#8346,
#8347,#8348,#8349,#8350,#8351,#8352,#8353,#8354,#8355,#8356,#8357,#8358),
 .UNSPECIFIED.,.F.,.F.,(4,2,2,2,2,2,2,2,4),(1.00270793940158,1.25096685443072,
1.49922576945987,1.75232082413151,2.00541587880315,2.1912946339759,2.37717338914864,
2.56517939313344,2.75318539711825),.UNSPECIFIED.);
#246=B_SPLINE_CURVE_WITH_KNOTS('',3,(#8359,#8360,#8361,#8362,#8363,#8364,
#8365,#8366,#8367,#8368,#8369,#8370,#8371,#8372,#8373,#8374,#8375,#8376,
#8377),.UNSPECIFIED.,.F.,.F.,(4,2,2,2,3,2,2,2,4),(-0.747769518315093,-0.559763514330289,
-0.371757510345485,-0.185878755172743,0.,0.253095054671643,0.506190109343286,
0.754449024372432,1.00270793940158),.UNSPECIFIED.);
#247=B_SPLINE_CURVE_WITH_KNOTS('',3,(#8386,#8387,#8388,#8389,#8390,#8391,
#8392,#8393,#8394,#8395,#8396,#8397,#8398,#8399,#8400,#8401,#8402,#8403,
#8404,#8405,#8406,#8407,#8408),.UNSPECIFIED.,.F.,.F.,(4,2,2,2,2,2,2,2,3,
2,4),(-1.34121858900525,-1.30966028145744,-1.1237815262847,-0.935775522299897,
-0.747769518315093,-0.559763514330289,-0.371757510345485,-0.185878755172743,
0.,0.253095054671643,0.428944017299895),.UNSPECIFIED.);
#248=B_SPLINE_CURVE_WITH_KNOTS('',3,(#8409,#8410,#8411,#8412,#8413,#8414,
#8415,#8416,#8417,#8418,#8419,#8420,#8421,#8422,#8423,#8424,#8425,#8426),
 .UNSPECIFIED.,.F.,.F.,(4,2,2,2,2,2,2,2,4),(-3.07201089813345,-2.99476480609006,
-2.74650589106091,-2.49824697603176,-2.24998806100262,-2.00172914597347,
-1.74863409130183,-1.49553903663019,-1.34121858900525),.UNSPECIFIED.);
#249=B_SPLINE_CURVE_WITH_KNOTS('',3,(#8435,#8436,#8437,#8438,#8439,#8440,
#8441,#8442,#8443,#8444,#8445,#8446,#8447,#8448,#8449,#8450,#8451,#8452,
#8453),.UNSPECIFIED.,.F.,.F.,(4,3,2,2,2,2,2,2,4),(-0.154320447624936,0.,
0.253095054671644,0.506190109343287,0.754449024372433,1.00270793940158,
1.25096685443072,1.49922576945987,1.57647186150326),.UNSPECIFIED.);
#250=B_SPLINE_CURVE_WITH_KNOTS('',3,(#8454,#8455,#8456,#8457,#8458,#8459,
#8460,#8461,#8462,#8463,#8464,#8465,#8466,#8467,#8468,#8469,#8470,#8471,
#8472,#8473,#8474,#8475),.UNSPECIFIED.,.F.,.F.,(4,2,2,2,2,2,2,2,2,2,4),
(-1.92448305393008,-1.74863409130183,-1.49553903663019,-1.30966028145744,
-1.1237815262847,-0.935775522299897,-0.747769518315093,-0.559763514330289,
-0.371757510345485,-0.185878755172742,-0.154320447624936),.UNSPECIFIED.);
#251=B_SPLINE_CURVE_WITH_KNOTS('',3,(#8522,#8523,#8524,#8525,#8526,#8527,
#8528,#8529,#8530,#8531,#8532,#8533,#8534,#8535,#8536,#8537,#8538,#8539,
#8540,#8541,#8542,#8543,#8544,#8545,#8546,#8547,#8548,#8549,#8550,#8551,
#8552,#8553,#8554,#8555,#8556,#8557,#8558,#8559,#8560,#8561,#8562,#8563,
#8564,#8565,#8566,#8567),.UNSPECIFIED.,.F.,.F.,(4,3,3,3,3,3,3,3,3,3,3,3,
3,3,3,4),(0.000131596182955736,0.0313816448415148,0.0470066691707942,0.0626316935000736,
0.0938817421586324,0.125131790817191,0.163573671839457,0.187631888134309,
0.23067874998578,0.250131985451427,0.298619978719517,0.312632082768545,
0.375132180085663,0.437632277402781,0.489171464943124,0.500132374706635),
 .UNSPECIFIED.);
#252=B_SPLINE_CURVE_WITH_KNOTS('',3,(#8568,#8569,#8570,#8571,#8572,#8573,
#8574,#8575,#8576,#8577,#8578,#8579,#8580,#8581,#8582,#8583,#8584,#8585,
#8586,#8587,#8588,#8589,#8590,#8591),.UNSPECIFIED.,.F.,.F.,(4,2,2,2,2,2,
2,2,2,2,2,4),(0.000134782053098135,0.0313848262299994,0.0470098483184499,
0.0626348704069003,0.0938849145838012,0.125134958760702,0.187635047114504,
0.250135135468305,0.312635223822107,0.375135312175909,0.43763540052971,
0.500135488883512),.UNSPECIFIED.);
#253=FACE_BOUND('',#658,.T.);
#254=FACE_BOUND('',#659,.T.);
#255=FACE_BOUND('',#660,.T.);
#256=FACE_BOUND('',#672,.T.);
#257=FACE_BOUND('',#673,.T.);
#258=FACE_BOUND('',#674,.T.);
#259=FACE_BOUND('',#675,.T.);
#260=FACE_BOUND('',#676,.T.);
#261=FACE_BOUND('',#677,.T.);
#262=FACE_BOUND('',#678,.T.);
#263=FACE_BOUND('',#679,.T.);
#264=FACE_BOUND('',#680,.T.);
#265=FACE_BOUND('',#681,.T.);
#266=FACE_BOUND('',#682,.T.);
#267=FACE_BOUND('',#683,.T.);
#268=FACE_BOUND('',#684,.T.);
#269=FACE_BOUND('',#685,.T.);
#270=FACE_BOUND('',#686,.T.);
#271=FACE_BOUND('',#687,.T.);
#272=FACE_BOUND('',#688,.T.);
#273=FACE_BOUND('',#689,.T.);
#274=FACE_BOUND('',#690,.T.);
#275=FACE_BOUND('',#691,.T.);
#276=FACE_BOUND('',#692,.T.);
#277=FACE_BOUND('',#693,.T.);
#278=FACE_BOUND('',#694,.T.);
#279=FACE_BOUND('',#695,.T.);
#280=FACE_BOUND('',#696,.T.);
#281=FACE_BOUND('',#697,.T.);
#282=FACE_BOUND('',#698,.T.);
#283=FACE_BOUND('',#699,.T.);
#284=FACE_BOUND('',#700,.T.);
#285=FACE_BOUND('',#701,.T.);
#286=FACE_BOUND('',#702,.T.);
#287=FACE_BOUND('',#703,.T.);
#288=FACE_BOUND('',#704,.T.);
#289=FACE_BOUND('',#705,.T.);
#290=FACE_BOUND('',#706,.T.);
#291=FACE_BOUND('',#707,.T.);
#292=FACE_BOUND('',#710,.T.);
#293=FACE_BOUND('',#711,.T.);
#294=FACE_BOUND('',#712,.T.);
#295=FACE_BOUND('',#713,.T.);
#296=FACE_BOUND('',#714,.T.);
#297=FACE_BOUND('',#715,.T.);
#298=FACE_BOUND('',#716,.T.);
#299=FACE_BOUND('',#718,.T.);
#300=FACE_BOUND('',#719,.T.);
#301=FACE_BOUND('',#720,.T.);
#302=FACE_BOUND('',#803,.T.);
#303=FACE_BOUND('',#822,.T.);
#304=FACE_BOUND('',#823,.T.);
#305=FACE_BOUND('',#824,.T.);
#306=FACE_BOUND('',#825,.T.);
#307=FACE_BOUND('',#826,.T.);
#308=FACE_BOUND('',#827,.T.);
#309=FACE_BOUND('',#828,.T.);
#310=FACE_BOUND('',#829,.T.);
#311=FACE_BOUND('',#830,.T.);
#312=FACE_BOUND('',#832,.T.);
#313=FACE_BOUND('',#833,.T.);
#314=FACE_BOUND('',#834,.T.);
#315=FACE_BOUND('',#838,.T.);
#316=FACE_BOUND('',#839,.T.);
#317=FACE_BOUND('',#840,.T.);
#318=FACE_BOUND('',#845,.T.);
#319=FACE_BOUND('',#846,.T.);
#320=FACE_BOUND('',#847,.T.);
#321=FACE_BOUND('',#850,.T.);
#322=FACE_BOUND('',#852,.T.);
#323=FACE_BOUND('',#884,.T.);
#324=FACE_BOUND('',#886,.T.);
#325=FACE_BOUND('',#903,.T.);
#326=FACE_BOUND('',#904,.T.);
#327=FACE_BOUND('',#905,.T.);
#328=FACE_BOUND('',#907,.T.);
#329=FACE_BOUND('',#908,.T.);
#330=FACE_BOUND('',#910,.T.);
#331=FACE_BOUND('',#911,.T.);
#332=FACE_BOUND('',#913,.T.);
#333=FACE_BOUND('',#914,.T.);
#334=FACE_BOUND('',#915,.T.);
#335=FACE_BOUND('',#916,.T.);
#336=FACE_BOUND('',#918,.T.);
#337=FACE_BOUND('',#926,.T.);
#338=FACE_BOUND('',#945,.T.);
#339=PLANE('',#3726);
#340=PLANE('',#3728);
#341=PLANE('',#3732);
#342=PLANE('',#3736);
#343=PLANE('',#3740);
#344=PLANE('',#3744);
#345=PLANE('',#3753);
#346=PLANE('',#3755);
#347=PLANE('',#3762);
#348=PLANE('',#3763);
#349=PLANE('',#3764);
#350=PLANE('',#3771);
#351=PLANE('',#3772);
#352=PLANE('',#3773);
#353=PLANE('',#3776);
#354=PLANE('',#3779);
#355=PLANE('',#3782);
#356=PLANE('',#3785);
#357=PLANE('',#3788);
#358=PLANE('',#3791);
#359=PLANE('',#3794);
#360=PLANE('',#3797);
#361=PLANE('',#3800);
#362=PLANE('',#3803);
#363=PLANE('',#3806);
#364=PLANE('',#3809);
#365=PLANE('',#3812);
#366=PLANE('',#3815);
#367=PLANE('',#3818);
#368=PLANE('',#3821);
#369=PLANE('',#3824);
#370=PLANE('',#3827);
#371=PLANE('',#3830);
#372=PLANE('',#3833);
#373=PLANE('',#3836);
#374=PLANE('',#3839);
#375=PLANE('',#3842);
#376=PLANE('',#3845);
#377=PLANE('',#3848);
#378=PLANE('',#3851);
#379=PLANE('',#3854);
#380=PLANE('',#3857);
#381=PLANE('',#3860);
#382=PLANE('',#3863);
#383=PLANE('',#3866);
#384=PLANE('',#3872);
#385=PLANE('',#3876);
#386=PLANE('',#3877);
#387=PLANE('',#3878);
#388=PLANE('',#3884);
#389=PLANE('',#3885);
#390=PLANE('',#3894);
#391=PLANE('',#3896);
#392=PLANE('',#3898);
#393=PLANE('',#3902);
#394=PLANE('',#3903);
#395=PLANE('',#3904);
#396=PLANE('',#3905);
#397=PLANE('',#3906);
#398=PLANE('',#3907);
#399=PLANE('',#3908);
#400=PLANE('',#3909);
#401=PLANE('',#3919);
#402=PLANE('',#3920);
#403=PLANE('',#3924);
#404=PLANE('',#3928);
#405=PLANE('',#3929);
#406=PLANE('',#3933);
#407=PLANE('',#3934);
#408=PLANE('',#3941);
#409=PLANE('',#3961);
#410=PLANE('',#3963);
#411=PLANE('',#3965);
#412=PLANE('',#3967);
#413=PLANE('',#3969);
#414=PLANE('',#3971);
#415=PLANE('',#3993);
#416=PLANE('',#3995);
#417=PLANE('',#4039);
#418=PLANE('',#4040);
#419=PLANE('',#4051);
#420=PLANE('',#4058);
#421=PLANE('',#4059);
#422=PLANE('',#4060);
#423=PLANE('',#4061);
#424=PLANE('',#4062);
#425=PLANE('',#4063);
#426=PLANE('',#4064);
#427=PLANE('',#4081);
#428=PLANE('',#4088);
#429=PLANE('',#4089);
#430=PLANE('',#4090);
#431=PLANE('',#4091);
#432=PLANE('',#4092);
#433=PLANE('',#4093);
#434=PLANE('',#4094);
#435=FACE_OUTER_BOUND('',#654,.T.);
#436=FACE_OUTER_BOUND('',#655,.T.);
#437=FACE_OUTER_BOUND('',#656,.T.);
#438=FACE_OUTER_BOUND('',#657,.T.);
#439=FACE_OUTER_BOUND('',#661,.T.);
#440=FACE_OUTER_BOUND('',#662,.T.);
#441=FACE_OUTER_BOUND('',#663,.T.);
#442=FACE_OUTER_BOUND('',#664,.T.);
#443=FACE_OUTER_BOUND('',#665,.T.);
#444=FACE_OUTER_BOUND('',#666,.T.);
#445=FACE_OUTER_BOUND('',#667,.T.);
#446=FACE_OUTER_BOUND('',#668,.T.);
#447=FACE_OUTER_BOUND('',#669,.T.);
#448=FACE_OUTER_BOUND('',#670,.T.);
#449=FACE_OUTER_BOUND('',#671,.T.);
#450=FACE_OUTER_BOUND('',#708,.T.);
#451=FACE_OUTER_BOUND('',#709,.T.);
#452=FACE_OUTER_BOUND('',#717,.T.);
#453=FACE_OUTER_BOUND('',#721,.T.);
#454=FACE_OUTER_BOUND('',#722,.T.);
#455=FACE_OUTER_BOUND('',#723,.T.);
#456=FACE_OUTER_BOUND('',#724,.T.);
#457=FACE_OUTER_BOUND('',#725,.T.);
#458=FACE_OUTER_BOUND('',#726,.T.);
#459=FACE_OUTER_BOUND('',#727,.T.);
#460=FACE_OUTER_BOUND('',#728,.T.);
#461=FACE_OUTER_BOUND('',#729,.T.);
#462=FACE_OUTER_BOUND('',#730,.T.);
#463=FACE_OUTER_BOUND('',#731,.T.);
#464=FACE_OUTER_BOUND('',#732,.T.);
#465=FACE_OUTER_BOUND('',#733,.T.);
#466=FACE_OUTER_BOUND('',#734,.T.);
#467=FACE_OUTER_BOUND('',#735,.T.);
#468=FACE_OUTER_BOUND('',#736,.T.);
#469=FACE_OUTER_BOUND('',#737,.T.);
#470=FACE_OUTER_BOUND('',#738,.T.);
#471=FACE_OUTER_BOUND('',#739,.T.);
#472=FACE_OUTER_BOUND('',#740,.T.);
#473=FACE_OUTER_BOUND('',#741,.T.);
#474=FACE_OUTER_BOUND('',#742,.T.);
#475=FACE_OUTER_BOUND('',#743,.T.);
#476=FACE_OUTER_BOUND('',#744,.T.);
#477=FACE_OUTER_BOUND('',#745,.T.);
#478=FACE_OUTER_BOUND('',#746,.T.);
#479=FACE_OUTER_BOUND('',#747,.T.);
#480=FACE_OUTER_BOUND('',#748,.T.);
#481=FACE_OUTER_BOUND('',#749,.T.);
#482=FACE_OUTER_BOUND('',#750,.T.);
#483=FACE_OUTER_BOUND('',#751,.T.);
#484=FACE_OUTER_BOUND('',#752,.T.);
#485=FACE_OUTER_BOUND('',#753,.T.);
#486=FACE_OUTER_BOUND('',#754,.T.);
#487=FACE_OUTER_BOUND('',#755,.T.);
#488=FACE_OUTER_BOUND('',#756,.T.);
#489=FACE_OUTER_BOUND('',#757,.T.);
#490=FACE_OUTER_BOUND('',#758,.T.);
#491=FACE_OUTER_BOUND('',#759,.T.);
#492=FACE_OUTER_BOUND('',#760,.T.);
#493=FACE_OUTER_BOUND('',#761,.T.);
#494=FACE_OUTER_BOUND('',#762,.T.);
#495=FACE_OUTER_BOUND('',#763,.T.);
#496=FACE_OUTER_BOUND('',#764,.T.);
#497=FACE_OUTER_BOUND('',#765,.T.);
#498=FACE_OUTER_BOUND('',#766,.T.);
#499=FACE_OUTER_BOUND('',#767,.T.);
#500=FACE_OUTER_BOUND('',#768,.T.);
#501=FACE_OUTER_BOUND('',#769,.T.);
#502=FACE_OUTER_BOUND('',#770,.T.);
#503=FACE_OUTER_BOUND('',#771,.T.);
#504=FACE_OUTER_BOUND('',#772,.T.);
#505=FACE_OUTER_BOUND('',#773,.T.);
#506=FACE_OUTER_BOUND('',#774,.T.);
#507=FACE_OUTER_BOUND('',#775,.T.);
#508=FACE_OUTER_BOUND('',#776,.T.);
#509=FACE_OUTER_BOUND('',#777,.T.);
#510=FACE_OUTER_BOUND('',#778,.T.);
#511=FACE_OUTER_BOUND('',#779,.T.);
#512=FACE_OUTER_BOUND('',#780,.T.);
#513=FACE_OUTER_BOUND('',#781,.T.);
#514=FACE_OUTER_BOUND('',#782,.T.);
#515=FACE_OUTER_BOUND('',#783,.T.);
#516=FACE_OUTER_BOUND('',#784,.T.);
#517=FACE_OUTER_BOUND('',#785,.T.);
#518=FACE_OUTER_BOUND('',#786,.T.);
#519=FACE_OUTER_BOUND('',#787,.T.);
#520=FACE_OUTER_BOUND('',#788,.T.);
#521=FACE_OUTER_BOUND('',#789,.T.);
#522=FACE_OUTER_BOUND('',#790,.T.);
#523=FACE_OUTER_BOUND('',#791,.T.);
#524=FACE_OUTER_BOUND('',#792,.T.);
#525=FACE_OUTER_BOUND('',#793,.T.);
#526=FACE_OUTER_BOUND('',#794,.T.);
#527=FACE_OUTER_BOUND('',#795,.T.);
#528=FACE_OUTER_BOUND('',#796,.T.);
#529=FACE_OUTER_BOUND('',#797,.T.);
#530=FACE_OUTER_BOUND('',#798,.T.);
#531=FACE_OUTER_BOUND('',#799,.T.);
#532=FACE_OUTER_BOUND('',#800,.T.);
#533=FACE_OUTER_BOUND('',#801,.T.);
#534=FACE_OUTER_BOUND('',#802,.T.);
#535=FACE_OUTER_BOUND('',#804,.T.);
#536=FACE_OUTER_BOUND('',#805,.T.);
#537=FACE_OUTER_BOUND('',#806,.T.);
#538=FACE_OUTER_BOUND('',#807,.T.);
#539=FACE_OUTER_BOUND('',#808,.T.);
#540=FACE_OUTER_BOUND('',#809,.T.);
#541=FACE_OUTER_BOUND('',#810,.T.);
#542=FACE_OUTER_BOUND('',#811,.T.);
#543=FACE_OUTER_BOUND('',#812,.T.);
#544=FACE_OUTER_BOUND('',#813,.T.);
#545=FACE_OUTER_BOUND('',#814,.T.);
#546=FACE_OUTER_BOUND('',#815,.T.);
#547=FACE_OUTER_BOUND('',#816,.T.);
#548=FACE_OUTER_BOUND('',#817,.T.);
#549=FACE_OUTER_BOUND('',#818,.T.);
#550=FACE_OUTER_BOUND('',#819,.T.);
#551=FACE_OUTER_BOUND('',#820,.T.);
#552=FACE_OUTER_BOUND('',#821,.T.);
#553=FACE_OUTER_BOUND('',#831,.T.);
#554=FACE_OUTER_BOUND('',#835,.T.);
#555=FACE_OUTER_BOUND('',#836,.T.);
#556=FACE_OUTER_BOUND('',#837,.T.);
#557=FACE_OUTER_BOUND('',#841,.T.);
#558=FACE_OUTER_BOUND('',#842,.T.);
#559=FACE_OUTER_BOUND('',#843,.T.);
#560=FACE_OUTER_BOUND('',#844,.T.);
#561=FACE_OUTER_BOUND('',#848,.T.);
#562=FACE_OUTER_BOUND('',#849,.T.);
#563=FACE_OUTER_BOUND('',#851,.T.);
#564=FACE_OUTER_BOUND('',#853,.T.);
#565=FACE_OUTER_BOUND('',#854,.T.);
#566=FACE_OUTER_BOUND('',#855,.T.);
#567=FACE_OUTER_BOUND('',#856,.T.);
#568=FACE_OUTER_BOUND('',#857,.T.);
#569=FACE_OUTER_BOUND('',#858,.T.);
#570=FACE_OUTER_BOUND('',#859,.T.);
#571=FACE_OUTER_BOUND('',#860,.T.);
#572=FACE_OUTER_BOUND('',#861,.T.);
#573=FACE_OUTER_BOUND('',#862,.T.);
#574=FACE_OUTER_BOUND('',#863,.T.);
#575=FACE_OUTER_BOUND('',#864,.T.);
#576=FACE_OUTER_BOUND('',#865,.T.);
#577=FACE_OUTER_BOUND('',#866,.T.);
#578=FACE_OUTER_BOUND('',#867,.T.);
#579=FACE_OUTER_BOUND('',#868,.T.);
#580=FACE_OUTER_BOUND('',#869,.T.);
#581=FACE_OUTER_BOUND('',#870,.T.);
#582=FACE_OUTER_BOUND('',#871,.T.);
#583=FACE_OUTER_BOUND('',#872,.T.);
#584=FACE_OUTER_BOUND('',#873,.T.);
#585=FACE_OUTER_BOUND('',#874,.T.);
#586=FACE_OUTER_BOUND('',#875,.T.);
#587=FACE_OUTER_BOUND('',#876,.T.);
#588=FACE_OUTER_BOUND('',#877,.T.);
#589=FACE_OUTER_BOUND('',#878,.T.);
#590=FACE_OUTER_BOUND('',#879,.T.);
#591=FACE_OUTER_BOUND('',#880,.T.);
#592=FACE_OUTER_BOUND('',#881,.T.);
#593=FACE_OUTER_BOUND('',#882,.T.);
#594=FACE_OUTER_BOUND('',#883,.T.);
#595=FACE_OUTER_BOUND('',#885,.T.);
#596=FACE_OUTER_BOUND('',#887,.T.);
#597=FACE_OUTER_BOUND('',#888,.T.);
#598=FACE_OUTER_BOUND('',#889,.T.);
#599=FACE_OUTER_BOUND('',#890,.T.);
#600=FACE_OUTER_BOUND('',#891,.T.);
#601=FACE_OUTER_BOUND('',#892,.T.);
#602=FACE_OUTER_BOUND('',#893,.T.);
#603=FACE_OUTER_BOUND('',#894,.T.);
#604=FACE_OUTER_BOUND('',#895,.T.);
#605=FACE_OUTER_BOUND('',#896,.T.);
#606=FACE_OUTER_BOUND('',#897,.T.);
#607=FACE_OUTER_BOUND('',#898,.T.);
#608=FACE_OUTER_BOUND('',#899,.T.);
#609=FACE_OUTER_BOUND('',#900,.T.);
#610=FACE_OUTER_BOUND('',#901,.T.);
#611=FACE_OUTER_BOUND('',#902,.T.);
#612=FACE_OUTER_BOUND('',#906,.T.);
#613=FACE_OUTER_BOUND('',#909,.T.);
#614=FACE_OUTER_BOUND('',#912,.T.);
#615=FACE_OUTER_BOUND('',#917,.T.);
#616=FACE_OUTER_BOUND('',#919,.T.);
#617=FACE_OUTER_BOUND('',#920,.T.);
#618=FACE_OUTER_BOUND('',#921,.T.);
#619=FACE_OUTER_BOUND('',#922,.T.);
#620=FACE_OUTER_BOUND('',#923,.T.);
#621=FACE_OUTER_BOUND('',#924,.T.);
#622=FACE_OUTER_BOUND('',#925,.T.);
#623=FACE_OUTER_BOUND('',#927,.T.);
#624=FACE_OUTER_BOUND('',#928,.T.);
#625=FACE_OUTER_BOUND('',#929,.T.);
#626=FACE_OUTER_BOUND('',#930,.T.);
#627=FACE_OUTER_BOUND('',#931,.T.);
#628=FACE_OUTER_BOUND('',#932,.T.);
#629=FACE_OUTER_BOUND('',#933,.T.);
#630=FACE_OUTER_BOUND('',#934,.T.);
#631=FACE_OUTER_BOUND('',#935,.T.);
#632=FACE_OUTER_BOUND('',#936,.T.);
#633=FACE_OUTER_BOUND('',#937,.T.);
#634=FACE_OUTER_BOUND('',#938,.T.);
#635=FACE_OUTER_BOUND('',#939,.T.);
#636=FACE_OUTER_BOUND('',#940,.T.);
#637=FACE_OUTER_BOUND('',#941,.T.);
#638=FACE_OUTER_BOUND('',#942,.T.);
#639=FACE_OUTER_BOUND('',#943,.T.);
#640=FACE_OUTER_BOUND('',#944,.T.);
#641=FACE_OUTER_BOUND('',#946,.T.);
#642=FACE_OUTER_BOUND('',#947,.T.);
#643=FACE_OUTER_BOUND('',#948,.T.);
#644=FACE_OUTER_BOUND('',#949,.T.);
#645=FACE_OUTER_BOUND('',#950,.T.);
#646=FACE_OUTER_BOUND('',#951,.T.);
#647=FACE_OUTER_BOUND('',#952,.T.);
#648=FACE_OUTER_BOUND('',#953,.T.);
#649=FACE_OUTER_BOUND('',#954,.T.);
#650=FACE_OUTER_BOUND('',#955,.T.);
#651=FACE_OUTER_BOUND('',#956,.T.);
#652=FACE_OUTER_BOUND('',#957,.T.);
#653=FACE_OUTER_BOUND('',#958,.T.);
#654=EDGE_LOOP('',(#2355,#2356,#2357,#2358));
#655=EDGE_LOOP('',(#2359,#2360,#2361,#2362));
#656=EDGE_LOOP('',(#2363,#2364,#2365,#2366));
#657=EDGE_LOOP('',(#2367));
#658=EDGE_LOOP('',(#2368));
#659=EDGE_LOOP('',(#2369));
#660=EDGE_LOOP('',(#2370));
#661=EDGE_LOOP('',(#2371));
#662=EDGE_LOOP('',(#2372,#2373,#2374,#2375));
#663=EDGE_LOOP('',(#2376));
#664=EDGE_LOOP('',(#2377,#2378,#2379,#2380));
#665=EDGE_LOOP('',(#2381));
#666=EDGE_LOOP('',(#2382,#2383,#2384,#2385));
#667=EDGE_LOOP('',(#2386));
#668=EDGE_LOOP('',(#2387,#2388,#2389,#2390));
#669=EDGE_LOOP('',(#2391));
#670=EDGE_LOOP('',(#2392,#2393,#2394,#2395));
#671=EDGE_LOOP('',(#2396,#2397,#2398,#2399));
#672=EDGE_LOOP('',(#2400,#2401));
#673=EDGE_LOOP('',(#2402,#2403));
#674=EDGE_LOOP('',(#2404,#2405));
#675=EDGE_LOOP('',(#2406,#2407));
#676=EDGE_LOOP('',(#2408,#2409));
#677=EDGE_LOOP('',(#2410,#2411));
#678=EDGE_LOOP('',(#2412,#2413));
#679=EDGE_LOOP('',(#2414,#2415));
#680=EDGE_LOOP('',(#2416,#2417));
#681=EDGE_LOOP('',(#2418,#2419));
#682=EDGE_LOOP('',(#2420,#2421));
#683=EDGE_LOOP('',(#2422,#2423));
#684=EDGE_LOOP('',(#2424,#2425));
#685=EDGE_LOOP('',(#2426,#2427));
#686=EDGE_LOOP('',(#2428,#2429));
#687=EDGE_LOOP('',(#2430,#2431));
#688=EDGE_LOOP('',(#2432,#2433));
#689=EDGE_LOOP('',(#2434,#2435));
#690=EDGE_LOOP('',(#2436,#2437));
#691=EDGE_LOOP('',(#2438,#2439));
#692=EDGE_LOOP('',(#2440,#2441));
#693=EDGE_LOOP('',(#2442,#2443));
#694=EDGE_LOOP('',(#2444,#2445));
#695=EDGE_LOOP('',(#2446,#2447));
#696=EDGE_LOOP('',(#2448,#2449));
#697=EDGE_LOOP('',(#2450,#2451));
#698=EDGE_LOOP('',(#2452,#2453));
#699=EDGE_LOOP('',(#2454,#2455));
#700=EDGE_LOOP('',(#2456,#2457));
#701=EDGE_LOOP('',(#2458,#2459));
#702=EDGE_LOOP('',(#2460,#2461));
#703=EDGE_LOOP('',(#2462,#2463));
#704=EDGE_LOOP('',(#2464,#2465));
#705=EDGE_LOOP('',(#2466,#2467));
#706=EDGE_LOOP('',(#2468,#2469));
#707=EDGE_LOOP('',(#2470,#2471));
#708=EDGE_LOOP('',(#2472,#2473,#2474,#2475));
#709=EDGE_LOOP('',(#2476));
#710=EDGE_LOOP('',(#2477));
#711=EDGE_LOOP('',(#2478));
#712=EDGE_LOOP('',(#2479));
#713=EDGE_LOOP('',(#2480));
#714=EDGE_LOOP('',(#2481));
#715=EDGE_LOOP('',(#2482));
#716=EDGE_LOOP('',(#2483));
#717=EDGE_LOOP('',(#2484));
#718=EDGE_LOOP('',(#2485));
#719=EDGE_LOOP('',(#2486));
#720=EDGE_LOOP('',(#2487));
#721=EDGE_LOOP('',(#2488,#2489,#2490,#2491,#2492));
#722=EDGE_LOOP('',(#2493,#2494,#2495,#2496,#2497));
#723=EDGE_LOOP('',(#2498,#2499,#2500,#2501,#2502));
#724=EDGE_LOOP('',(#2503));
#725=EDGE_LOOP('',(#2504));
#726=EDGE_LOOP('',(#2505));
#727=EDGE_LOOP('',(#2506,#2507,#2508,#2509,#2510));
#728=EDGE_LOOP('',(#2511,#2512,#2513,#2514,#2515));
#729=EDGE_LOOP('',(#2516,#2517,#2518,#2519,#2520));
#730=EDGE_LOOP('',(#2521));
#731=EDGE_LOOP('',(#2522));
#732=EDGE_LOOP('',(#2523));
#733=EDGE_LOOP('',(#2524,#2525,#2526,#2527,#2528));
#734=EDGE_LOOP('',(#2529));
#735=EDGE_LOOP('',(#2530,#2531,#2532,#2533,#2534));
#736=EDGE_LOOP('',(#2535));
#737=EDGE_LOOP('',(#2536,#2537,#2538,#2539,#2540));
#738=EDGE_LOOP('',(#2541));
#739=EDGE_LOOP('',(#2542,#2543,#2544,#2545,#2546));
#740=EDGE_LOOP('',(#2547));
#741=EDGE_LOOP('',(#2548,#2549,#2550,#2551,#2552));
#742=EDGE_LOOP('',(#2553));
#743=EDGE_LOOP('',(#2554,#2555,#2556,#2557,#2558));
#744=EDGE_LOOP('',(#2559));
#745=EDGE_LOOP('',(#2560,#2561,#2562,#2563,#2564));
#746=EDGE_LOOP('',(#2565));
#747=EDGE_LOOP('',(#2566,#2567,#2568,#2569,#2570));
#748=EDGE_LOOP('',(#2571));
#749=EDGE_LOOP('',(#2572,#2573,#2574,#2575,#2576));
#750=EDGE_LOOP('',(#2577));
#751=EDGE_LOOP('',(#2578,#2579,#2580,#2581,#2582));
#752=EDGE_LOOP('',(#2583));
#753=EDGE_LOOP('',(#2584,#2585,#2586,#2587,#2588));
#754=EDGE_LOOP('',(#2589));
#755=EDGE_LOOP('',(#2590,#2591,#2592,#2593,#2594));
#756=EDGE_LOOP('',(#2595));
#757=EDGE_LOOP('',(#2596,#2597,#2598,#2599,#2600));
#758=EDGE_LOOP('',(#2601));
#759=EDGE_LOOP('',(#2602,#2603,#2604,#2605,#2606));
#760=EDGE_LOOP('',(#2607));
#761=EDGE_LOOP('',(#2608,#2609,#2610,#2611,#2612));
#762=EDGE_LOOP('',(#2613));
#763=EDGE_LOOP('',(#2614,#2615,#2616,#2617,#2618));
#764=EDGE_LOOP('',(#2619));
#765=EDGE_LOOP('',(#2620,#2621,#2622,#2623,#2624));
#766=EDGE_LOOP('',(#2625));
#767=EDGE_LOOP('',(#2626,#2627,#2628,#2629,#2630));
#768=EDGE_LOOP('',(#2631));
#769=EDGE_LOOP('',(#2632,#2633,#2634,#2635,#2636));
#770=EDGE_LOOP('',(#2637));
#771=EDGE_LOOP('',(#2638,#2639,#2640,#2641,#2642));
#772=EDGE_LOOP('',(#2643));
#773=EDGE_LOOP('',(#2644,#2645,#2646,#2647,#2648));
#774=EDGE_LOOP('',(#2649));
#775=EDGE_LOOP('',(#2650,#2651,#2652,#2653,#2654));
#776=EDGE_LOOP('',(#2655));
#777=EDGE_LOOP('',(#2656,#2657,#2658,#2659,#2660));
#778=EDGE_LOOP('',(#2661));
#779=EDGE_LOOP('',(#2662,#2663,#2664,#2665,#2666));
#780=EDGE_LOOP('',(#2667));
#781=EDGE_LOOP('',(#2668,#2669,#2670,#2671,#2672));
#782=EDGE_LOOP('',(#2673));
#783=EDGE_LOOP('',(#2674,#2675,#2676,#2677,#2678));
#784=EDGE_LOOP('',(#2679));
#785=EDGE_LOOP('',(#2680,#2681,#2682,#2683,#2684));
#786=EDGE_LOOP('',(#2685));
#787=EDGE_LOOP('',(#2686,#2687,#2688,#2689,#2690));
#788=EDGE_LOOP('',(#2691));
#789=EDGE_LOOP('',(#2692,#2693,#2694,#2695,#2696));
#790=EDGE_LOOP('',(#2697));
#791=EDGE_LOOP('',(#2698,#2699,#2700,#2701,#2702));
#792=EDGE_LOOP('',(#2703));
#793=EDGE_LOOP('',(#2704,#2705,#2706,#2707));
#794=EDGE_LOOP('',(#2708));
#795=EDGE_LOOP('',(#2709,#2710,#2711,#2712));
#796=EDGE_LOOP('',(#2713,#2714,#2715,#2716));
#797=EDGE_LOOP('',(#2717,#2718,#2719,#2720,#2721,#2722));
#798=EDGE_LOOP('',(#2723,#2724,#2725));
#799=EDGE_LOOP('',(#2726,#2727,#2728,#2729,#2730));
#800=EDGE_LOOP('',(#2731,#2732,#2733,#2734,#2735,#2736,#2737,#2738,#2739,
#2740));
#801=EDGE_LOOP('',(#2741,#2742,#2743));
#802=EDGE_LOOP('',(#2744,#2745,#2746,#2747));
#803=EDGE_LOOP('',(#2748,#2749,#2750,#2751,#2752,#2753,#2754,#2755,#2756,
#2757,#2758,#2759));
#804=EDGE_LOOP('',(#2760,#2761,#2762,#2763));
#805=EDGE_LOOP('',(#2764,#2765,#2766,#2767));
#806=EDGE_LOOP('',(#2768,#2769,#2770,#2771));
#807=EDGE_LOOP('',(#2772,#2773,#2774,#2775));
#808=EDGE_LOOP('',(#2776,#2777,#2778,#2779,#2780));
#809=EDGE_LOOP('',(#2781,#2782,#2783,#2784));
#810=EDGE_LOOP('',(#2785,#2786,#2787,#2788));
#811=EDGE_LOOP('',(#2789,#2790,#2791,#2792));
#812=EDGE_LOOP('',(#2793,#2794,#2795,#2796));
#813=EDGE_LOOP('',(#2797,#2798,#2799,#2800));
#814=EDGE_LOOP('',(#2801,#2802,#2803,#2804));
#815=EDGE_LOOP('',(#2805,#2806,#2807,#2808));
#816=EDGE_LOOP('',(#2809,#2810,#2811,#2812));
#817=EDGE_LOOP('',(#2813,#2814,#2815,#2816));
#818=EDGE_LOOP('',(#2817,#2818,#2819,#2820));
#819=EDGE_LOOP('',(#2821,#2822,#2823,#2824));
#820=EDGE_LOOP('',(#2825,#2826,#2827,#2828));
#821=EDGE_LOOP('',(#2829,#2830,#2831,#2832));
#822=EDGE_LOOP('',(#2833,#2834));
#823=EDGE_LOOP('',(#2835,#2836));
#824=EDGE_LOOP('',(#2837,#2838));
#825=EDGE_LOOP('',(#2839,#2840));
#826=EDGE_LOOP('',(#2841,#2842));
#827=EDGE_LOOP('',(#2843,#2844));
#828=EDGE_LOOP('',(#2845,#2846,#2847,#2848));
#829=EDGE_LOOP('',(#2849,#2850,#2851,#2852));
#830=EDGE_LOOP('',(#2853,#2854,#2855,#2856));
#831=EDGE_LOOP('',(#2857,#2858,#2859,#2860));
#832=EDGE_LOOP('',(#2861,#2862,#2863,#2864));
#833=EDGE_LOOP('',(#2865,#2866,#2867,#2868));
#834=EDGE_LOOP('',(#2869,#2870,#2871,#2872));
#835=EDGE_LOOP('',(#2873,#2874,#2875,#2876));
#836=EDGE_LOOP('',(#2877,#2878,#2879,#2880));
#837=EDGE_LOOP('',(#2881,#2882,#2883,#2884));
#838=EDGE_LOOP('',(#2885));
#839=EDGE_LOOP('',(#2886));
#840=EDGE_LOOP('',(#2887));
#841=EDGE_LOOP('',(#2888,#2889,#2890,#2891));
#842=EDGE_LOOP('',(#2892,#2893,#2894,#2895));
#843=EDGE_LOOP('',(#2896,#2897,#2898,#2899));
#844=EDGE_LOOP('',(#2900,#2901,#2902,#2903));
#845=EDGE_LOOP('',(#2904));
#846=EDGE_LOOP('',(#2905));
#847=EDGE_LOOP('',(#2906));
#848=EDGE_LOOP('',(#2907,#2908,#2909,#2910));
#849=EDGE_LOOP('',(#2911,#2912,#2913,#2914));
#850=EDGE_LOOP('',(#2915,#2916,#2917,#2918,#2919,#2920,#2921,#2922,#2923,
#2924,#2925,#2926));
#851=EDGE_LOOP('',(#2927,#2928,#2929,#2930));
#852=EDGE_LOOP('',(#2931,#2932,#2933,#2934,#2935,#2936,#2937,#2938,#2939,
#2940,#2941,#2942));
#853=EDGE_LOOP('',(#2943,#2944,#2945,#2946,#2947));
#854=EDGE_LOOP('',(#2948,#2949,#2950,#2951,#2952));
#855=EDGE_LOOP('',(#2953,#2954,#2955,#2956,#2957));
#856=EDGE_LOOP('',(#2958,#2959,#2960,#2961,#2962));
#857=EDGE_LOOP('',(#2963,#2964,#2965,#2966,#2967));
#858=EDGE_LOOP('',(#2968,#2969,#2970,#2971,#2972));
#859=EDGE_LOOP('',(#2973,#2974,#2975,#2976));
#860=EDGE_LOOP('',(#2977,#2978,#2979,#2980));
#861=EDGE_LOOP('',(#2981,#2982,#2983,#2984));
#862=EDGE_LOOP('',(#2985,#2986,#2987,#2988));
#863=EDGE_LOOP('',(#2989,#2990,#2991,#2992));
#864=EDGE_LOOP('',(#2993,#2994,#2995,#2996));
#865=EDGE_LOOP('',(#2997,#2998,#2999,#3000));
#866=EDGE_LOOP('',(#3001,#3002,#3003,#3004));
#867=EDGE_LOOP('',(#3005,#3006,#3007,#3008));
#868=EDGE_LOOP('',(#3009,#3010,#3011,#3012));
#869=EDGE_LOOP('',(#3013,#3014,#3015,#3016));
#870=EDGE_LOOP('',(#3017,#3018,#3019,#3020));
#871=EDGE_LOOP('',(#3021,#3022,#3023,#3024));
#872=EDGE_LOOP('',(#3025,#3026,#3027,#3028));
#873=EDGE_LOOP('',(#3029,#3030,#3031,#3032));
#874=EDGE_LOOP('',(#3033,#3034,#3035,#3036));
#875=EDGE_LOOP('',(#3037,#3038,#3039,#3040));
#876=EDGE_LOOP('',(#3041,#3042,#3043,#3044));
#877=EDGE_LOOP('',(#3045,#3046,#3047,#3048,#3049));
#878=EDGE_LOOP('',(#3050,#3051,#3052,#3053,#3054));
#879=EDGE_LOOP('',(#3055,#3056,#3057,#3058,#3059,#3060));
#880=EDGE_LOOP('',(#3061,#3062,#3063,#3064,#3065,#3066));
#881=EDGE_LOOP('',(#3067,#3068,#3069,#3070));
#882=EDGE_LOOP('',(#3071,#3072,#3073,#3074,#3075,#3076));
#883=EDGE_LOOP('',(#3077));
#884=EDGE_LOOP('',(#3078,#3079));
#885=EDGE_LOOP('',(#3080));
#886=EDGE_LOOP('',(#3081,#3082));
#887=EDGE_LOOP('',(#3083,#3084,#3085,#3086));
#888=EDGE_LOOP('',(#3087,#3088,#3089,#3090,#3091));
#889=EDGE_LOOP('',(#3092,#3093,#3094,#3095,#3096));
#890=EDGE_LOOP('',(#3097,#3098,#3099,#3100,#3101,#3102,#3103));
#891=EDGE_LOOP('',(#3104,#3105,#3106,#3107,#3108,#3109,#3110));
#892=EDGE_LOOP('',(#3111,#3112,#3113,#3114,#3115,#3116));
#893=EDGE_LOOP('',(#3117,#3118,#3119,#3120,#3121,#3122));
#894=EDGE_LOOP('',(#3123,#3124,#3125,#3126,#3127,#3128));
#895=EDGE_LOOP('',(#3129,#3130,#3131,#3132,#3133));
#896=EDGE_LOOP('',(#3134,#3135,#3136,#3137,#3138));
#897=EDGE_LOOP('',(#3139,#3140,#3141,#3142,#3143,#3144));
#898=EDGE_LOOP('',(#3145,#3146,#3147,#3148,#3149));
#899=EDGE_LOOP('',(#3150,#3151,#3152,#3153,#3154));
#900=EDGE_LOOP('',(#3155,#3156,#3157,#3158,#3159));
#901=EDGE_LOOP('',(#3160,#3161,#3162,#3163,#3164));
#902=EDGE_LOOP('',(#3165,#3166,#3167,#3168,#3169));
#903=EDGE_LOOP('',(#3170,#3171));
#904=EDGE_LOOP('',(#3172,#3173));
#905=EDGE_LOOP('',(#3174,#3175));
#906=EDGE_LOOP('',(#3176,#3177,#3178,#3179,#3180,#3181));
#907=EDGE_LOOP('',(#3182,#3183));
#908=EDGE_LOOP('',(#3184,#3185));
#909=EDGE_LOOP('',(#3186,#3187,#3188,#3189));
#910=EDGE_LOOP('',(#3190));
#911=EDGE_LOOP('',(#3191));
#912=EDGE_LOOP('',(#3192));
#913=EDGE_LOOP('',(#3193));
#914=EDGE_LOOP('',(#3194));
#915=EDGE_LOOP('',(#3195));
#916=EDGE_LOOP('',(#3196));
#917=EDGE_LOOP('',(#3197));
#918=EDGE_LOOP('',(#3198));
#919=EDGE_LOOP('',(#3199,#3200,#3201,#3202,#3203));
#920=EDGE_LOOP('',(#3204,#3205,#3206,#3207,#3208));
#921=EDGE_LOOP('',(#3209,#3210,#3211,#3212));
#922=EDGE_LOOP('',(#3213,#3214,#3215,#3216,#3217));
#923=EDGE_LOOP('',(#3218,#3219,#3220,#3221,#3222));
#924=EDGE_LOOP('',(#3223,#3224,#3225,#3226,#3227));
#925=EDGE_LOOP('',(#3228));
#926=EDGE_LOOP('',(#3229,#3230,#3231,#3232,#3233,#3234));
#927=EDGE_LOOP('',(#3235,#3236,#3237,#3238));
#928=EDGE_LOOP('',(#3239,#3240,#3241,#3242));
#929=EDGE_LOOP('',(#3243,#3244,#3245,#3246));
#930=EDGE_LOOP('',(#3247,#3248,#3249,#3250));
#931=EDGE_LOOP('',(#3251,#3252,#3253,#3254));
#932=EDGE_LOOP('',(#3255,#3256,#3257,#3258));
#933=EDGE_LOOP('',(#3259,#3260,#3261,#3262,#3263,#3264));
#934=EDGE_LOOP('',(#3265,#3266));
#935=EDGE_LOOP('',(#3267,#3268));
#936=EDGE_LOOP('',(#3269,#3270));
#937=EDGE_LOOP('',(#3271,#3272));
#938=EDGE_LOOP('',(#3273,#3274));
#939=EDGE_LOOP('',(#3275,#3276));
#940=EDGE_LOOP('',(#3277,#3278,#3279,#3280));
#941=EDGE_LOOP('',(#3281,#3282,#3283,#3284,#3285));
#942=EDGE_LOOP('',(#3286,#3287,#3288,#3289,#3290));
#943=EDGE_LOOP('',(#3291,#3292,#3293,#3294,#3295));
#944=EDGE_LOOP('',(#3296));
#945=EDGE_LOOP('',(#3297,#3298,#3299,#3300,#3301,#3302));
#946=EDGE_LOOP('',(#3303,#3304,#3305,#3306));
#947=EDGE_LOOP('',(#3307,#3308,#3309,#3310));
#948=EDGE_LOOP('',(#3311,#3312,#3313,#3314));
#949=EDGE_LOOP('',(#3315,#3316,#3317,#3318));
#950=EDGE_LOOP('',(#3319,#3320,#3321,#3322));
#951=EDGE_LOOP('',(#3323,#3324,#3325,#3326));
#952=EDGE_LOOP('',(#3327,#3328,#3329,#3330,#3331,#3332));
#953=EDGE_LOOP('',(#3333,#3334));
#954=EDGE_LOOP('',(#3335,#3336));
#955=EDGE_LOOP('',(#3337,#3338));
#956=EDGE_LOOP('',(#3339,#3340));
#957=EDGE_LOOP('',(#3341,#3342));
#958=EDGE_LOOP('',(#3343,#3344));
#959=LINE('',#5112,#1159);
#960=LINE('',#5118,#1160);
#961=LINE('',#5124,#1161);
#962=LINE('',#5134,#1162);
#963=LINE('',#5141,#1163);
#964=LINE('',#5148,#1164);
#965=LINE('',#5155,#1165);
#966=LINE('',#5162,#1166);
#967=LINE('',#5166,#1167);
#968=LINE('',#6540,#1168);
#969=LINE('',#6548,#1169);
#970=LINE('',#6552,#1170);
#971=LINE('',#6556,#1171);
#972=LINE('',#6563,#1172);
#973=LINE('',#6567,#1173);
#974=LINE('',#6571,#1174);
#975=LINE('',#6578,#1175);
#976=LINE('',#6583,#1176);
#977=LINE('',#6588,#1177);
#978=LINE('',#6593,#1178);
#979=LINE('',#6598,#1179);
#980=LINE('',#6603,#1180);
#981=LINE('',#6608,#1181);
#982=LINE('',#6613,#1182);
#983=LINE('',#6618,#1183);
#984=LINE('',#6623,#1184);
#985=LINE('',#6628,#1185);
#986=LINE('',#6633,#1186);
#987=LINE('',#6638,#1187);
#988=LINE('',#6643,#1188);
#989=LINE('',#6648,#1189);
#990=LINE('',#6653,#1190);
#991=LINE('',#6658,#1191);
#992=LINE('',#6663,#1192);
#993=LINE('',#6668,#1193);
#994=LINE('',#6673,#1194);
#995=LINE('',#6678,#1195);
#996=LINE('',#6683,#1196);
#997=LINE('',#6688,#1197);
#998=LINE('',#6693,#1198);
#999=LINE('',#6698,#1199);
#1000=LINE('',#6703,#1200);
#1001=LINE('',#6708,#1201);
#1002=LINE('',#6713,#1202);
#1003=LINE('',#6718,#1203);
#1004=LINE('',#6723,#1204);
#1005=LINE('',#6729,#1205);
#1006=LINE('',#6736,#1206);
#1007=LINE('',#6740,#1207);
#1008=LINE('',#6744,#1208);
#1009=LINE('',#6746,#1209);
#1010=LINE('',#6747,#1210);
#1011=LINE('',#6771,#1211);
#1012=LINE('',#6772,#1212);
#1013=LINE('',#6775,#1213);
#1014=LINE('',#6777,#1214);
#1015=LINE('',#6778,#1215);
#1016=LINE('',#6781,#1216);
#1017=LINE('',#6785,#1217);
#1018=LINE('',#6793,#1218);
#1019=LINE('',#6797,#1219);
#1020=LINE('',#6798,#1220);
#1021=LINE('',#6801,#1221);
#1022=LINE('',#6806,#1222);
#1023=LINE('',#6814,#1223);
#1024=LINE('',#6817,#1224);
#1025=LINE('',#6819,#1225);
#1026=LINE('',#6820,#1226);
#1027=LINE('',#6822,#1227);
#1028=LINE('',#6824,#1228);
#1029=LINE('',#6826,#1229);
#1030=LINE('',#6829,#1230);
#1031=LINE('',#6831,#1231);
#1032=LINE('',#6835,#1232);
#1033=LINE('',#6838,#1233);
#1034=LINE('',#6843,#1234);
#1035=LINE('',#6845,#1235);
#1036=LINE('',#6847,#1236);
#1037=LINE('',#6848,#1237);
#1038=LINE('',#6851,#1238);
#1039=LINE('',#6853,#1239);
#1040=LINE('',#6854,#1240);
#1041=LINE('',#6857,#1241);
#1042=LINE('',#6859,#1242);
#1043=LINE('',#6860,#1243);
#1044=LINE('',#6862,#1244);
#1045=LINE('',#6863,#1245);
#1046=LINE('',#6871,#1246);
#1047=LINE('',#6874,#1247);
#1048=LINE('',#7124,#1248);
#1049=LINE('',#7144,#1249);
#1050=LINE('',#7166,#1250);
#1051=LINE('',#7186,#1251);
#1052=LINE('',#7208,#1252);
#1053=LINE('',#7228,#1253);
#1054=LINE('',#7234,#1254);
#1055=LINE('',#7237,#1255);
#1056=LINE('',#7240,#1256);
#1057=LINE('',#7261,#1257);
#1058=LINE('',#7282,#1258);
#1059=LINE('',#7303,#1259);
#1060=LINE('',#7324,#1260);
#1061=LINE('',#7345,#1261);
#1062=LINE('',#7369,#1262);
#1063=LINE('',#7372,#1263);
#1064=LINE('',#7374,#1264);
#1065=LINE('',#7375,#1265);
#1066=LINE('',#7379,#1266);
#1067=LINE('',#7381,#1267);
#1068=LINE('',#7383,#1268);
#1069=LINE('',#7384,#1269);
#1070=LINE('',#7394,#1270);
#1071=LINE('',#7396,#1271);
#1072=LINE('',#7398,#1272);
#1073=LINE('',#7399,#1273);
#1074=LINE('',#7405,#1274);
#1075=LINE('',#7408,#1275);
#1076=LINE('',#7412,#1276);
#1077=LINE('',#7414,#1277);
#1078=LINE('',#7416,#1278);
#1079=LINE('',#7417,#1279);
#1080=LINE('',#7421,#1280);
#1081=LINE('',#7423,#1281);
#1082=LINE('',#7425,#1282);
#1083=LINE('',#7426,#1283);
#1084=LINE('',#7434,#1284);
#1085=LINE('',#7435,#1285);
#1086=LINE('',#7451,#1286);
#1087=LINE('',#7453,#1287);
#1088=LINE('',#7455,#1288);
#1089=LINE('',#7457,#1289);
#1090=LINE('',#7459,#1290);
#1091=LINE('',#7461,#1291);
#1092=LINE('',#7469,#1292);
#1093=LINE('',#7470,#1293);
#1094=LINE('',#7472,#1294);
#1095=LINE('',#7474,#1295);
#1096=LINE('',#7477,#1296);
#1097=LINE('',#7478,#1297);
#1098=LINE('',#7480,#1298);
#1099=LINE('',#7482,#1299);
#1100=LINE('',#7485,#1300);
#1101=LINE('',#7486,#1301);
#1102=LINE('',#7488,#1302);
#1103=LINE('',#7490,#1303);
#1104=LINE('',#7500,#1304);
#1105=LINE('',#7508,#1305);
#1106=LINE('',#7516,#1306);
#1107=LINE('',#7521,#1307);
#1108=LINE('',#7528,#1308);
#1109=LINE('',#7531,#1309);
#1110=LINE('',#7533,#1310);
#1111=LINE('',#7609,#1311);
#1112=LINE('',#7743,#1312);
#1113=LINE('',#7811,#1313);
#1114=LINE('',#7948,#1314);
#1115=LINE('',#8088,#1315);
#1116=LINE('',#8290,#1316);
#1117=LINE('',#8339,#1317);
#1118=LINE('',#8384,#1318);
#1119=LINE('',#8433,#1319);
#1120=LINE('',#8486,#1320);
#1121=LINE('',#8508,#1321);
#1122=LINE('',#8512,#1322);
#1123=LINE('',#8516,#1323);
#1124=LINE('',#8519,#1324);
#1125=LINE('',#8521,#1325);
#1126=LINE('',#8596,#1326);
#1127=LINE('',#8675,#1327);
#1128=LINE('',#8682,#1328);
#1129=LINE('',#8688,#1329);
#1130=LINE('',#8691,#1330);
#1131=LINE('',#8708,#1331);
#1132=LINE('',#8713,#1332);
#1133=LINE('',#8714,#1333);
#1134=LINE('',#8717,#1334);
#1135=LINE('',#8721,#1335);
#1136=LINE('',#8724,#1336);
#1137=LINE('',#8728,#1337);
#1138=LINE('',#8731,#1338);
#1139=LINE('',#8735,#1339);
#1140=LINE('',#8738,#1340);
#1141=LINE('',#8742,#1341);
#1142=LINE('',#8747,#1342);
#1143=LINE('',#8758,#1343);
#1144=LINE('',#8765,#1344);
#1145=LINE('',#8771,#1345);
#1146=LINE('',#8774,#1346);
#1147=LINE('',#8791,#1347);
#1148=LINE('',#8796,#1348);
#1149=LINE('',#8797,#1349);
#1150=LINE('',#8800,#1350);
#1151=LINE('',#8804,#1351);
#1152=LINE('',#8807,#1352);
#1153=LINE('',#8811,#1353);
#1154=LINE('',#8814,#1354);
#1155=LINE('',#8818,#1355);
#1156=LINE('',#8821,#1356);
#1157=LINE('',#8825,#1357);
#1158=LINE('',#8830,#1358);
#1159=VECTOR('',#4120,0.13);
#1160=VECTOR('',#4127,0.13);
#1161=VECTOR('',#4134,0.13);
#1162=VECTOR('',#4147,0.123621386968582);
#1163=VECTOR('',#4156,0.123621386968582);
#1164=VECTOR('',#4165,0.123621386968582);
#1165=VECTOR('',#4174,0.123621386968582);
#1166=VECTOR('',#4183,0.123621386968582);
#1167=VECTOR('',#4188,2.875);
#1168=VECTOR('',#4195,2.275);
#1169=VECTOR('',#4206,0.112);
#1170=VECTOR('',#4211,0.112);
#1171=VECTOR('',#4216,0.112);
#1172=VECTOR('',#4227,0.112);
#1173=VECTOR('',#4232,0.112);
#1174=VECTOR('',#4237,0.112);
#1175=VECTOR('',#4248,0.112);
#1176=VECTOR('',#4255,0.112);
#1177=VECTOR('',#4262,0.112);
#1178=VECTOR('',#4269,0.112);
#1179=VECTOR('',#4276,0.112);
#1180=VECTOR('',#4283,0.112);
#1181=VECTOR('',#4290,0.112);
#1182=VECTOR('',#4297,0.112);
#1183=VECTOR('',#4304,0.112);
#1184=VECTOR('',#4311,0.112);
#1185=VECTOR('',#4318,0.112);
#1186=VECTOR('',#4325,0.112);
#1187=VECTOR('',#4332,0.112);
#1188=VECTOR('',#4339,0.112);
#1189=VECTOR('',#4346,0.112);
#1190=VECTOR('',#4353,0.112);
#1191=VECTOR('',#4360,0.112);
#1192=VECTOR('',#4367,0.112);
#1193=VECTOR('',#4374,0.112);
#1194=VECTOR('',#4381,0.112);
#1195=VECTOR('',#4388,0.112);
#1196=VECTOR('',#4395,0.112);
#1197=VECTOR('',#4402,0.112);
#1198=VECTOR('',#4409,0.112);
#1199=VECTOR('',#4416,0.112);
#1200=VECTOR('',#4423,0.112);
#1201=VECTOR('',#4430,0.112);
#1202=VECTOR('',#4437,0.112);
#1203=VECTOR('',#4444,0.112);
#1204=VECTOR('',#4451,0.112);
#1205=VECTOR('',#4460,0.123621386968582);
#1206=VECTOR('',#4469,0.393700787401575);
#1207=VECTOR('',#4472,0.393700787401575);
#1208=VECTOR('',#4477,0.393700787401575);
#1209=VECTOR('',#4478,0.393700787401575);
#1210=VECTOR('',#4479,0.393700787401575);
#1211=VECTOR('',#4488,0.393700787401575);
#1212=VECTOR('',#4489,0.393700787401575);
#1213=VECTOR('',#4492,0.393700787401575);
#1214=VECTOR('',#4493,0.393700787401575);
#1215=VECTOR('',#4494,0.393700787401575);
#1216=VECTOR('',#4497,0.393700787401575);
#1217=VECTOR('',#4500,0.393700787401575);
#1218=VECTOR('',#4507,0.393700787401575);
#1219=VECTOR('',#4512,0.393700787401575);
#1220=VECTOR('',#4513,0.393700787401575);
#1221=VECTOR('',#4516,0.393700787401575);
#1222=VECTOR('',#4521,0.393700787401575);
#1223=VECTOR('',#4528,0.393700787401575);
#1224=VECTOR('',#4531,0.393700787401575);
#1225=VECTOR('',#4534,0.393700787401575);
#1226=VECTOR('',#4535,0.393700787401575);
#1227=VECTOR('',#4538,0.393700787401575);
#1228=VECTOR('',#4541,0.393700787401575);
#1229=VECTOR('',#4544,0.393700787401575);
#1230=VECTOR('',#4549,0.393700787401575);
#1231=VECTOR('',#4552,0.393700787401575);
#1232=VECTOR('',#4557,0.393700787401575);
#1233=VECTOR('',#4562,0.393700787401575);
#1234=VECTOR('',#4567,0.393700787401575);
#1235=VECTOR('',#4568,0.393700787401575);
#1236=VECTOR('',#4569,0.393700787401575);
#1237=VECTOR('',#4570,0.393700787401575);
#1238=VECTOR('',#4573,0.393700787401575);
#1239=VECTOR('',#4574,0.393700787401575);
#1240=VECTOR('',#4575,0.393700787401575);
#1241=VECTOR('',#4578,0.393700787401575);
#1242=VECTOR('',#4579,0.393700787401575);
#1243=VECTOR('',#4580,0.393700787401575);
#1244=VECTOR('',#4583,0.393700787401575);
#1245=VECTOR('',#4584,0.393700787401575);
#1246=VECTOR('',#4593,39.3700787401575);
#1247=VECTOR('',#4596,39.3700787401575);
#1248=VECTOR('',#4597,39.3700787401575);
#1249=VECTOR('',#4598,39.3700787401575);
#1250=VECTOR('',#4599,39.3700787401575);
#1251=VECTOR('',#4600,39.3700787401575);
#1252=VECTOR('',#4601,39.3700787401575);
#1253=VECTOR('',#4602,39.3700787401575);
#1254=VECTOR('',#4607,39.3700787401575);
#1255=VECTOR('',#4610,39.3700787401575);
#1256=VECTOR('',#4611,39.3700787401575);
#1257=VECTOR('',#4612,39.3700787401575);
#1258=VECTOR('',#4613,39.3700787401575);
#1259=VECTOR('',#4614,39.3700787401575);
#1260=VECTOR('',#4615,39.3700787401575);
#1261=VECTOR('',#4616,39.3700787401575);
#1262=VECTOR('',#4621,39.3700787401575);
#1263=VECTOR('',#4624,39.3700787401575);
#1264=VECTOR('',#4627,39.3700787401575);
#1265=VECTOR('',#4628,39.3700787401575);
#1266=VECTOR('',#4631,39.3700787401575);
#1267=VECTOR('',#4632,39.3700787401575);
#1268=VECTOR('',#4633,39.3700787401575);
#1269=VECTOR('',#4634,39.3700787401575);
#1270=VECTOR('',#4643,39.3700787401575);
#1271=VECTOR('',#4644,39.3700787401575);
#1272=VECTOR('',#4645,39.3700787401575);
#1273=VECTOR('',#4646,39.3700787401575);
#1274=VECTOR('',#4651,39.3700787401575);
#1275=VECTOR('',#4654,39.3700787401575);
#1276=VECTOR('',#4657,39.3700787401575);
#1277=VECTOR('',#4658,39.3700787401575);
#1278=VECTOR('',#4659,39.3700787401575);
#1279=VECTOR('',#4660,39.3700787401575);
#1280=VECTOR('',#4663,39.3700787401575);
#1281=VECTOR('',#4664,39.3700787401575);
#1282=VECTOR('',#4665,39.3700787401575);
#1283=VECTOR('',#4666,39.3700787401575);
#1284=VECTOR('',#4675,39.3700787401575);
#1285=VECTOR('',#4676,39.3700787401575);
#1286=VECTOR('',#4707,0.0885);
#1287=VECTOR('',#4710,0.0885);
#1288=VECTOR('',#4713,0.0885);
#1289=VECTOR('',#4716,0.0885);
#1290=VECTOR('',#4719,0.0885);
#1291=VECTOR('',#4722,0.0885);
#1292=VECTOR('',#4737,39.3700787401575);
#1293=VECTOR('',#4738,39.3700787401575);
#1294=VECTOR('',#4741,39.3700787401575);
#1295=VECTOR('',#4744,39.3700787401575);
#1296=VECTOR('',#4749,39.3700787401575);
#1297=VECTOR('',#4750,39.3700787401575);
#1298=VECTOR('',#4753,39.3700787401575);
#1299=VECTOR('',#4756,39.3700787401575);
#1300=VECTOR('',#4761,39.3700787401575);
#1301=VECTOR('',#4762,39.3700787401575);
#1302=VECTOR('',#4765,39.3700787401575);
#1303=VECTOR('',#4768,39.3700787401575);
#1304=VECTOR('',#4781,0.450464719006317);
#1305=VECTOR('',#4790,0.507507186468962);
#1306=VECTOR('',#4801,0.524999999999999);
#1307=VECTOR('',#4806,0.524999999999999);
#1308=VECTOR('',#4813,39.3700787401575);
#1309=VECTOR('',#4816,39.3700787401575);
#1310=VECTOR('',#4819,0.5234375);
#1311=VECTOR('',#4832,0.393700787401575);
#1312=VECTOR('',#4833,0.393700787401575);
#1313=VECTOR('',#4834,0.393700787401575);
#1314=VECTOR('',#4835,0.393700787401575);
#1315=VECTOR('',#4838,0.125);
#1316=VECTOR('',#4841,0.125);
#1317=VECTOR('',#4848,0.135);
#1318=VECTOR('',#4855,0.135);
#1319=VECTOR('',#4862,0.135);
#1320=VECTOR('',#4875,1.375);
#1321=VECTOR('',#4902,0.135);
#1322=VECTOR('',#4907,0.135);
#1323=VECTOR('',#4912,0.135);
#1324=VECTOR('',#4917,1.375);
#1325=VECTOR('',#4920,0.728043180436413);
#1326=VECTOR('',#4925,0.5);
#1327=VECTOR('',#4934,65.5228142657677);
#1328=VECTOR('',#4943,0.0684956132868986);
#1329=VECTOR('',#4950,0.125);
#1330=VECTOR('',#4953,0.125);
#1331=VECTOR('',#4972,39.3700787401575);
#1332=VECTOR('',#4973,39.3700787401575);
#1333=VECTOR('',#4974,39.3700787401575);
#1334=VECTOR('',#4977,39.3700787401575);
#1335=VECTOR('',#4978,39.3700787401575);
#1336=VECTOR('',#4981,39.3700787401575);
#1337=VECTOR('',#4982,39.3700787401575);
#1338=VECTOR('',#4985,39.3700787401575);
#1339=VECTOR('',#4986,39.3700787401575);
#1340=VECTOR('',#4989,39.3700787401575);
#1341=VECTOR('',#4990,39.3700787401575);
#1342=VECTOR('',#4993,39.3700787401575);
#1343=VECTOR('',#5010,65.5228142657677);
#1344=VECTOR('',#5019,0.0684956132868986);
#1345=VECTOR('',#5026,0.125);
#1346=VECTOR('',#5029,0.125);
#1347=VECTOR('',#5048,39.3700787401575);
#1348=VECTOR('',#5049,39.3700787401575);
#1349=VECTOR('',#5050,39.3700787401575);
#1350=VECTOR('',#5053,39.3700787401575);
#1351=VECTOR('',#5054,39.3700787401575);
#1352=VECTOR('',#5057,39.3700787401575);
#1353=VECTOR('',#5058,39.3700787401575);
#1354=VECTOR('',#5061,39.3700787401575);
#1355=VECTOR('',#5062,39.3700787401575);
#1356=VECTOR('',#5065,39.3700787401575);
#1357=VECTOR('',#5066,39.3700787401575);
#1358=VECTOR('',#5069,39.3700787401575);
#1359=CIRCLE('',#3718,0.13);
#1360=CIRCLE('',#3719,0.13);
#1361=CIRCLE('',#3721,0.13);
#1362=CIRCLE('',#3722,0.13);
#1363=CIRCLE('',#3724,0.13);
#1364=CIRCLE('',#3725,0.13);
#1365=CIRCLE('',#3727,2.875);
#1366=CIRCLE('',#3729,0.123621386968582);
#1367=CIRCLE('',#3731,0.123621386968582);
#1368=CIRCLE('',#3733,0.123621386968582);
#1369=CIRCLE('',#3735,0.123621386968582);
#1370=CIRCLE('',#3737,0.123621386968582);
#1371=CIRCLE('',#3739,0.123621386968582);
#1372=CIRCLE('',#3741,0.123621386968582);
#1373=CIRCLE('',#3743,0.123621386968582);
#1374=CIRCLE('',#3745,0.123621386968582);
#1375=CIRCLE('',#3747,0.123621386968582);
#1376=CIRCLE('',#3749,2.875);
#1377=CIRCLE('',#3751,2.275);
#1378=CIRCLE('',#3752,2.275);
#1379=CIRCLE('',#3754,0.123621386968582);
#1380=CIRCLE('',#3757,0.112);
#1381=CIRCLE('',#3759,0.112);
#1382=CIRCLE('',#3761,0.112);
#1383=CIRCLE('',#3766,0.112);
#1384=CIRCLE('',#3768,0.112);
#1385=CIRCLE('',#3770,0.112);
#1386=CIRCLE('',#3775,0.112);
#1387=CIRCLE('',#3778,0.112);
#1388=CIRCLE('',#3781,0.112);
#1389=CIRCLE('',#3784,0.112);
#1390=CIRCLE('',#3787,0.112);
#1391=CIRCLE('',#3790,0.112);
#1392=CIRCLE('',#3793,0.112);
#1393=CIRCLE('',#3796,0.112);
#1394=CIRCLE('',#3799,0.112);
#1395=CIRCLE('',#3802,0.112);
#1396=CIRCLE('',#3805,0.112);
#1397=CIRCLE('',#3808,0.112);
#1398=CIRCLE('',#3811,0.112);
#1399=CIRCLE('',#3814,0.112);
#1400=CIRCLE('',#3817,0.112);
#1401=CIRCLE('',#3820,0.112);
#1402=CIRCLE('',#3823,0.112);
#1403=CIRCLE('',#3826,0.112);
#1404=CIRCLE('',#3829,0.112);
#1405=CIRCLE('',#3832,0.112);
#1406=CIRCLE('',#3835,0.112);
#1407=CIRCLE('',#3838,0.112);
#1408=CIRCLE('',#3841,0.112);
#1409=CIRCLE('',#3844,0.112);
#1410=CIRCLE('',#3847,0.112);
#1411=CIRCLE('',#3850,0.112);
#1412=CIRCLE('',#3853,0.112);
#1413=CIRCLE('',#3856,0.112);
#1414=CIRCLE('',#3859,0.112);
#1415=CIRCLE('',#3862,0.112);
#1416=CIRCLE('',#3865,0.123621386968582);
#1417=CIRCLE('',#3870,7.50000000000001);
#1418=CIRCLE('',#3871,9.);
#1419=CIRCLE('',#3874,8.905);
#1420=CIRCLE('',#3875,7.605);
#1421=CIRCLE('',#3879,0.200000000000001);
#1422=CIRCLE('',#3880,0.199999999999998);
#1423=CIRCLE('',#3881,2.90500000000001);
#1424=CIRCLE('',#3882,0.199999999999998);
#1425=CIRCLE('',#3883,0.200000000000001);
#1426=CIRCLE('',#3886,2.875);
#1427=CIRCLE('',#3887,0.200000000000001);
#1428=CIRCLE('',#3888,0.199999999999998);
#1429=CIRCLE('',#3889,2.90500000000001);
#1430=CIRCLE('',#3890,0.199999999999998);
#1431=CIRCLE('',#3891,0.200000000000001);
#1432=CIRCLE('',#3901,2.875);
#1433=CIRCLE('',#3911,2.87499999999831);
#1434=CIRCLE('',#3912,2.87499999999831);
#1435=CIRCLE('',#3914,2.905);
#1436=CIRCLE('',#3915,2.905);
#1437=CIRCLE('',#3917,9.);
#1438=CIRCLE('',#3918,9.);
#1439=CIRCLE('',#3921,0.0885);
#1440=CIRCLE('',#3922,0.0885);
#1441=CIRCLE('',#3923,0.0885);
#1442=CIRCLE('',#3926,8.905);
#1443=CIRCLE('',#3927,8.905);
#1444=CIRCLE('',#3930,0.0885);
#1445=CIRCLE('',#3931,0.0885);
#1446=CIRCLE('',#3932,0.0885);
#1447=CIRCLE('',#3935,0.2);
#1448=CIRCLE('',#3936,0.2);
#1449=CIRCLE('',#3937,0.2);
#1450=CIRCLE('',#3938,0.2);
#1451=CIRCLE('',#3939,0.2);
#1452=CIRCLE('',#3940,0.2);
#1453=CIRCLE('',#3942,0.2);
#1454=CIRCLE('',#3943,0.2);
#1455=CIRCLE('',#3944,0.2);
#1456=CIRCLE('',#3945,0.2);
#1457=CIRCLE('',#3946,0.2);
#1458=CIRCLE('',#3947,0.2);
#1459=CIRCLE('',#3976,0.507452776831717);
#1460=CIRCLE('',#3977,0.450464719006317);
#1461=CIRCLE('',#3978,0.507452776831717);
#1462=CIRCLE('',#3980,0.507507186468962);
#1463=CIRCLE('',#3981,0.452213099930966);
#1464=CIRCLE('',#3982,0.507507186468962);
#1465=CIRCLE('',#3984,0.5234375);
#1466=CIRCLE('',#3985,0.5234375);
#1467=CIRCLE('',#3987,0.5234375);
#1468=CIRCLE('',#3988,0.5234375);
#1469=CIRCLE('',#3990,0.412);
#1470=CIRCLE('',#3991,0.412);
#1471=CIRCLE('',#3994,0.0559046107223991);
#1472=CIRCLE('',#3996,0.0559046107223991);
#1473=CIRCLE('',#4002,0.135);
#1474=CIRCLE('',#4003,0.135);
#1475=CIRCLE('',#4005,0.135);
#1476=CIRCLE('',#4006,0.135);
#1477=CIRCLE('',#4008,0.135);
#1478=CIRCLE('',#4009,0.135);
#1479=CIRCLE('',#4011,1.375);
#1480=CIRCLE('',#4012,1.375);
#1481=CIRCLE('',#4013,0.05);
#1482=CIRCLE('',#4014,1.32674497483512);
#1483=CIRCLE('',#4016,1.375);
#1484=CIRCLE('',#4018,0.728043180436413);
#1485=CIRCLE('',#4019,0.728043180436413);
#1486=CIRCLE('',#4020,0.05);
#1487=CIRCLE('',#4021,0.776176408114279);
#1488=CIRCLE('',#4022,0.776176408114279);
#1489=CIRCLE('',#4024,0.573374245693117);
#1490=CIRCLE('',#4025,0.0500000000000001);
#1491=CIRCLE('',#4026,0.623252448206108);
#1492=CIRCLE('',#4027,0.623252448206108);
#1493=CIRCLE('',#4029,0.135);
#1494=CIRCLE('',#4031,0.135);
#1495=CIRCLE('',#4033,0.135);
#1496=CIRCLE('',#4037,0.5);
#1497=CIRCLE('',#4038,0.5);
#1498=CIRCLE('',#4042,0.0684956132868986);
#1499=CIRCLE('',#4043,0.0684956132868986);
#1500=CIRCLE('',#4045,0.125);
#1501=CIRCLE('',#4047,0.125);
#1502=CIRCLE('',#4048,0.125);
#1503=CIRCLE('',#4050,0.1);
#1504=CIRCLE('',#4052,0.0721687836487033);
#1505=CIRCLE('',#4053,0.0721687836487033);
#1506=CIRCLE('',#4054,0.0721687836487033);
#1507=CIRCLE('',#4055,0.0721687836487033);
#1508=CIRCLE('',#4056,0.0721687836487033);
#1509=CIRCLE('',#4057,0.0721687836487033);
#1510=CIRCLE('',#4072,0.0684956132868986);
#1511=CIRCLE('',#4073,0.0684956132868986);
#1512=CIRCLE('',#4075,0.125);
#1513=CIRCLE('',#4077,0.125);
#1514=CIRCLE('',#4078,0.125);
#1515=CIRCLE('',#4080,0.1);
#1516=CIRCLE('',#4082,0.0721687836487034);
#1517=CIRCLE('',#4083,0.0721687836487034);
#1518=CIRCLE('',#4084,0.0721687836487034);
#1519=CIRCLE('',#4085,0.0721687836487034);
#1520=CIRCLE('',#4086,0.0721687836487034);
#1521=CIRCLE('',#4087,0.0721687836487034);
#1522=VERTEX_POINT('',#5109);
#1523=VERTEX_POINT('',#5111);
#1524=VERTEX_POINT('',#5115);
#1525=VERTEX_POINT('',#5117);
#1526=VERTEX_POINT('',#5121);
#1527=VERTEX_POINT('',#5123);
#1528=VERTEX_POINT('',#5127);
#1529=VERTEX_POINT('',#5130);
#1530=VERTEX_POINT('',#5133);
#1531=VERTEX_POINT('',#5137);
#1532=VERTEX_POINT('',#5140);
#1533=VERTEX_POINT('',#5144);
#1534=VERTEX_POINT('',#5147);
#1535=VERTEX_POINT('',#5151);
#1536=VERTEX_POINT('',#5154);
#1537=VERTEX_POINT('',#5158);
#1538=VERTEX_POINT('',#5161);
#1539=VERTEX_POINT('',#5165);
#1540=VERTEX_POINT('',#5168);
#1541=VERTEX_POINT('',#5169);
#1542=VERTEX_POINT('',#5206);
#1543=VERTEX_POINT('',#5207);
#1544=VERTEX_POINT('',#5244);
#1545=VERTEX_POINT('',#5245);
#1546=VERTEX_POINT('',#5282);
#1547=VERTEX_POINT('',#5283);
#1548=VERTEX_POINT('',#5320);
#1549=VERTEX_POINT('',#5321);
#1550=VERTEX_POINT('',#5358);
#1551=VERTEX_POINT('',#5359);
#1552=VERTEX_POINT('',#5396);
#1553=VERTEX_POINT('',#5397);
#1554=VERTEX_POINT('',#5434);
#1555=VERTEX_POINT('',#5435);
#1556=VERTEX_POINT('',#5472);
#1557=VERTEX_POINT('',#5473);
#1558=VERTEX_POINT('',#5510);
#1559=VERTEX_POINT('',#5511);
#1560=VERTEX_POINT('',#5548);
#1561=VERTEX_POINT('',#5549);
#1562=VERTEX_POINT('',#5586);
#1563=VERTEX_POINT('',#5587);
#1564=VERTEX_POINT('',#5624);
#1565=VERTEX_POINT('',#5625);
#1566=VERTEX_POINT('',#5662);
#1567=VERTEX_POINT('',#5663);
#1568=VERTEX_POINT('',#5700);
#1569=VERTEX_POINT('',#5701);
#1570=VERTEX_POINT('',#5738);
#1571=VERTEX_POINT('',#5739);
#1572=VERTEX_POINT('',#5776);
#1573=VERTEX_POINT('',#5777);
#1574=VERTEX_POINT('',#5814);
#1575=VERTEX_POINT('',#5815);
#1576=VERTEX_POINT('',#5852);
#1577=VERTEX_POINT('',#5853);
#1578=VERTEX_POINT('',#5890);
#1579=VERTEX_POINT('',#5891);
#1580=VERTEX_POINT('',#5928);
#1581=VERTEX_POINT('',#5929);
#1582=VERTEX_POINT('',#5966);
#1583=VERTEX_POINT('',#5967);
#1584=VERTEX_POINT('',#6004);
#1585=VERTEX_POINT('',#6005);
#1586=VERTEX_POINT('',#6042);
#1587=VERTEX_POINT('',#6043);
#1588=VERTEX_POINT('',#6080);
#1589=VERTEX_POINT('',#6081);
#1590=VERTEX_POINT('',#6118);
#1591=VERTEX_POINT('',#6119);
#1592=VERTEX_POINT('',#6156);
#1593=VERTEX_POINT('',#6157);
#1594=VERTEX_POINT('',#6194);
#1595=VERTEX_POINT('',#6195);
#1596=VERTEX_POINT('',#6232);
#1597=VERTEX_POINT('',#6233);
#1598=VERTEX_POINT('',#6270);
#1599=VERTEX_POINT('',#6271);
#1600=VERTEX_POINT('',#6308);
#1601=VERTEX_POINT('',#6309);
#1602=VERTEX_POINT('',#6346);
#1603=VERTEX_POINT('',#6347);
#1604=VERTEX_POINT('',#6384);
#1605=VERTEX_POINT('',#6385);
#1606=VERTEX_POINT('',#6422);
#1607=VERTEX_POINT('',#6423);
#1608=VERTEX_POINT('',#6460);
#1609=VERTEX_POINT('',#6461);
#1610=VERTEX_POINT('',#6498);
#1611=VERTEX_POINT('',#6499);
#1612=VERTEX_POINT('',#6537);
#1613=VERTEX_POINT('',#6539);
#1614=VERTEX_POINT('',#6543);
#1615=VERTEX_POINT('',#6547);
#1616=VERTEX_POINT('',#6551);
#1617=VERTEX_POINT('',#6555);
#1618=VERTEX_POINT('',#6562);
#1619=VERTEX_POINT('',#6566);
#1620=VERTEX_POINT('',#6570);
#1621=VERTEX_POINT('',#6577);
#1622=VERTEX_POINT('',#6582);
#1623=VERTEX_POINT('',#6587);
#1624=VERTEX_POINT('',#6592);
#1625=VERTEX_POINT('',#6597);
#1626=VERTEX_POINT('',#6602);
#1627=VERTEX_POINT('',#6607);
#1628=VERTEX_POINT('',#6612);
#1629=VERTEX_POINT('',#6617);
#1630=VERTEX_POINT('',#6622);
#1631=VERTEX_POINT('',#6627);
#1632=VERTEX_POINT('',#6632);
#1633=VERTEX_POINT('',#6637);
#1634=VERTEX_POINT('',#6642);
#1635=VERTEX_POINT('',#6647);
#1636=VERTEX_POINT('',#6652);
#1637=VERTEX_POINT('',#6657);
#1638=VERTEX_POINT('',#6662);
#1639=VERTEX_POINT('',#6667);
#1640=VERTEX_POINT('',#6672);
#1641=VERTEX_POINT('',#6677);
#1642=VERTEX_POINT('',#6682);
#1643=VERTEX_POINT('',#6687);
#1644=VERTEX_POINT('',#6692);
#1645=VERTEX_POINT('',#6697);
#1646=VERTEX_POINT('',#6702);
#1647=VERTEX_POINT('',#6707);
#1648=VERTEX_POINT('',#6712);
#1649=VERTEX_POINT('',#6717);
#1650=VERTEX_POINT('',#6722);
#1651=VERTEX_POINT('',#6727);
#1652=VERTEX_POINT('',#6734);
#1653=VERTEX_POINT('',#6735);
#1654=VERTEX_POINT('',#6737);
#1655=VERTEX_POINT('',#6739);
#1656=VERTEX_POINT('',#6743);
#1657=VERTEX_POINT('',#6745);
#1658=VERTEX_POINT('',#6749);
#1659=VERTEX_POINT('',#6750);
#1660=VERTEX_POINT('',#6754);
#1661=VERTEX_POINT('',#6756);
#1662=VERTEX_POINT('',#6760);
#1663=VERTEX_POINT('',#6764);
#1664=VERTEX_POINT('',#6770);
#1665=VERTEX_POINT('',#6774);
#1666=VERTEX_POINT('',#6776);
#1667=VERTEX_POINT('',#6780);
#1668=VERTEX_POINT('',#6782);
#1669=VERTEX_POINT('',#6784);
#1670=VERTEX_POINT('',#6786);
#1671=VERTEX_POINT('',#6788);
#1672=VERTEX_POINT('',#6790);
#1673=VERTEX_POINT('',#6792);
#1674=VERTEX_POINT('',#6796);
#1675=VERTEX_POINT('',#6800);
#1676=VERTEX_POINT('',#6803);
#1677=VERTEX_POINT('',#6805);
#1678=VERTEX_POINT('',#6807);
#1679=VERTEX_POINT('',#6809);
#1680=VERTEX_POINT('',#6811);
#1681=VERTEX_POINT('',#6813);
#1682=VERTEX_POINT('',#6815);
#1683=VERTEX_POINT('',#6834);
#1684=VERTEX_POINT('',#6841);
#1685=VERTEX_POINT('',#6842);
#1686=VERTEX_POINT('',#6844);
#1687=VERTEX_POINT('',#6846);
#1688=VERTEX_POINT('',#6850);
#1689=VERTEX_POINT('',#6852);
#1690=VERTEX_POINT('',#6856);
#1691=VERTEX_POINT('',#6858);
#1692=VERTEX_POINT('',#6867);
#1693=VERTEX_POINT('',#6868);
#1694=VERTEX_POINT('',#6870);
#1695=VERTEX_POINT('',#6872);
#1696=VERTEX_POINT('',#6875);
#1697=VERTEX_POINT('',#6876);
#1698=VERTEX_POINT('',#6913);
#1699=VERTEX_POINT('',#6914);
#1700=VERTEX_POINT('',#6951);
#1701=VERTEX_POINT('',#6952);
#1702=VERTEX_POINT('',#6989);
#1703=VERTEX_POINT('',#6990);
#1704=VERTEX_POINT('',#7027);
#1705=VERTEX_POINT('',#7028);
#1706=VERTEX_POINT('',#7065);
#1707=VERTEX_POINT('',#7066);
#1708=VERTEX_POINT('',#7103);
#1709=VERTEX_POINT('',#7104);
#1710=VERTEX_POINT('',#7123);
#1711=VERTEX_POINT('',#7125);
#1712=VERTEX_POINT('',#7145);
#1713=VERTEX_POINT('',#7146);
#1714=VERTEX_POINT('',#7165);
#1715=VERTEX_POINT('',#7167);
#1716=VERTEX_POINT('',#7187);
#1717=VERTEX_POINT('',#7188);
#1718=VERTEX_POINT('',#7207);
#1719=VERTEX_POINT('',#7209);
#1720=VERTEX_POINT('',#7230);
#1721=VERTEX_POINT('',#7231);
#1722=VERTEX_POINT('',#7233);
#1723=VERTEX_POINT('',#7235);
#1724=VERTEX_POINT('',#7238);
#1725=VERTEX_POINT('',#7239);
#1726=VERTEX_POINT('',#7241);
#1727=VERTEX_POINT('',#7260);
#1728=VERTEX_POINT('',#7280);
#1729=VERTEX_POINT('',#7281);
#1730=VERTEX_POINT('',#7283);
#1731=VERTEX_POINT('',#7302);
#1732=VERTEX_POINT('',#7322);
#1733=VERTEX_POINT('',#7323);
#1734=VERTEX_POINT('',#7325);
#1735=VERTEX_POINT('',#7344);
#1736=VERTEX_POINT('',#7365);
#1737=VERTEX_POINT('',#7366);
#1738=VERTEX_POINT('',#7368);
#1739=VERTEX_POINT('',#7370);
#1740=VERTEX_POINT('',#7377);
#1741=VERTEX_POINT('',#7378);
#1742=VERTEX_POINT('',#7380);
#1743=VERTEX_POINT('',#7382);
#1744=VERTEX_POINT('',#7385);
#1745=VERTEX_POINT('',#7387);
#1746=VERTEX_POINT('',#7389);
#1747=VERTEX_POINT('',#7392);
#1748=VERTEX_POINT('',#7393);
#1749=VERTEX_POINT('',#7395);
#1750=VERTEX_POINT('',#7397);
#1751=VERTEX_POINT('',#7401);
#1752=VERTEX_POINT('',#7402);
#1753=VERTEX_POINT('',#7404);
#1754=VERTEX_POINT('',#7406);
#1755=VERTEX_POINT('',#7410);
#1756=VERTEX_POINT('',#7411);
#1757=VERTEX_POINT('',#7413);
#1758=VERTEX_POINT('',#7415);
#1759=VERTEX_POINT('',#7419);
#1760=VERTEX_POINT('',#7420);
#1761=VERTEX_POINT('',#7422);
#1762=VERTEX_POINT('',#7424);
#1763=VERTEX_POINT('',#7427);
#1764=VERTEX_POINT('',#7429);
#1765=VERTEX_POINT('',#7431);
#1766=VERTEX_POINT('',#7496);
#1767=VERTEX_POINT('',#7497);
#1768=VERTEX_POINT('',#7499);
#1769=VERTEX_POINT('',#7504);
#1770=VERTEX_POINT('',#7505);
#1771=VERTEX_POINT('',#7507);
#1772=VERTEX_POINT('',#7512);
#1773=VERTEX_POINT('',#7513);
#1774=VERTEX_POINT('',#7518);
#1775=VERTEX_POINT('',#7519);
#1776=VERTEX_POINT('',#7524);
#1777=VERTEX_POINT('',#7525);
#1778=VERTEX_POINT('',#7527);
#1779=VERTEX_POINT('',#7529);
#1780=VERTEX_POINT('',#7576);
#1781=VERTEX_POINT('',#7577);
#1782=VERTEX_POINT('',#7608);
#1783=VERTEX_POINT('',#7610);
#1784=VERTEX_POINT('',#7714);
#1785=VERTEX_POINT('',#7780);
#1786=VERTEX_POINT('',#7781);
#1787=VERTEX_POINT('',#7810);
#1788=VERTEX_POINT('',#7812);
#1789=VERTEX_POINT('',#7910);
#1790=VERTEX_POINT('',#7950);
#1791=VERTEX_POINT('',#8087);
#1792=VERTEX_POINT('',#8134);
#1793=VERTEX_POINT('',#8289);
#1794=VERTEX_POINT('',#8334);
#1795=VERTEX_POINT('',#8335);
#1796=VERTEX_POINT('',#8338);
#1797=VERTEX_POINT('',#8340);
#1798=VERTEX_POINT('',#8379);
#1799=VERTEX_POINT('',#8380);
#1800=VERTEX_POINT('',#8383);
#1801=VERTEX_POINT('',#8385);
#1802=VERTEX_POINT('',#8428);
#1803=VERTEX_POINT('',#8429);
#1804=VERTEX_POINT('',#8432);
#1805=VERTEX_POINT('',#8434);
#1806=VERTEX_POINT('',#8477);
#1807=VERTEX_POINT('',#8478);
#1808=VERTEX_POINT('',#8481);
#1809=VERTEX_POINT('',#8485);
#1810=VERTEX_POINT('',#8489);
#1811=VERTEX_POINT('',#8490);
#1812=VERTEX_POINT('',#8493);
#1813=VERTEX_POINT('',#8495);
#1814=VERTEX_POINT('',#8499);
#1815=VERTEX_POINT('',#8501);
#1816=VERTEX_POINT('',#8503);
#1817=VERTEX_POINT('',#8507);
#1818=VERTEX_POINT('',#8511);
#1819=VERTEX_POINT('',#8515);
#1820=VERTEX_POINT('',#8593);
#1821=VERTEX_POINT('',#8595);
#1822=VERTEX_POINT('',#8673);
#1823=VERTEX_POINT('',#8674);
#1824=VERTEX_POINT('',#8676);
#1825=VERTEX_POINT('',#8680);
#1826=VERTEX_POINT('',#8684);
#1827=VERTEX_POINT('',#8685);
#1828=VERTEX_POINT('',#8690);
#1829=VERTEX_POINT('',#8694);
#1830=VERTEX_POINT('',#8695);
#1831=VERTEX_POINT('',#8697);
#1832=VERTEX_POINT('',#8699);
#1833=VERTEX_POINT('',#8701);
#1834=VERTEX_POINT('',#8703);
#1835=VERTEX_POINT('',#8707);
#1836=VERTEX_POINT('',#8712);
#1837=VERTEX_POINT('',#8716);
#1838=VERTEX_POINT('',#8723);
#1839=VERTEX_POINT('',#8730);
#1840=VERTEX_POINT('',#8737);
#1841=VERTEX_POINT('',#8756);
#1842=VERTEX_POINT('',#8757);
#1843=VERTEX_POINT('',#8759);
#1844=VERTEX_POINT('',#8763);
#1845=VERTEX_POINT('',#8767);
#1846=VERTEX_POINT('',#8768);
#1847=VERTEX_POINT('',#8773);
#1848=VERTEX_POINT('',#8777);
#1849=VERTEX_POINT('',#8778);
#1850=VERTEX_POINT('',#8780);
#1851=VERTEX_POINT('',#8782);
#1852=VERTEX_POINT('',#8784);
#1853=VERTEX_POINT('',#8786);
#1854=VERTEX_POINT('',#8790);
#1855=VERTEX_POINT('',#8795);
#1856=VERTEX_POINT('',#8799);
#1857=VERTEX_POINT('',#8806);
#1858=VERTEX_POINT('',#8813);
#1859=VERTEX_POINT('',#8820);
#1860=EDGE_CURVE('',#1522,#1522,#1359,.T.);
#1861=EDGE_CURVE('',#1522,#1523,#959,.T.);
#1862=EDGE_CURVE('',#1523,#1523,#1360,.T.);
#1863=EDGE_CURVE('',#1524,#1524,#1361,.T.);
#1864=EDGE_CURVE('',#1524,#1525,#960,.T.);
#1865=EDGE_CURVE('',#1525,#1525,#1362,.T.);
#1866=EDGE_CURVE('',#1526,#1526,#1363,.T.);
#1867=EDGE_CURVE('',#1526,#1527,#961,.T.);
#1868=EDGE_CURVE('',#1527,#1527,#1364,.T.);
#1869=EDGE_CURVE('',#1528,#1528,#1365,.T.);
#1870=EDGE_CURVE('',#1529,#1529,#1366,.T.);
#1871=EDGE_CURVE('',#1529,#1530,#962,.T.);
#1872=EDGE_CURVE('',#1530,#1530,#1367,.T.);
#1873=EDGE_CURVE('',#1531,#1531,#1368,.T.);
#1874=EDGE_CURVE('',#1531,#1532,#963,.T.);
#1875=EDGE_CURVE('',#1532,#1532,#1369,.T.);
#1876=EDGE_CURVE('',#1533,#1533,#1370,.T.);
#1877=EDGE_CURVE('',#1533,#1534,#964,.T.);
#1878=EDGE_CURVE('',#1534,#1534,#1371,.T.);
#1879=EDGE_CURVE('',#1535,#1535,#1372,.T.);
#1880=EDGE_CURVE('',#1535,#1536,#965,.T.);
#1881=EDGE_CURVE('',#1536,#1536,#1373,.T.);
#1882=EDGE_CURVE('',#1537,#1537,#1374,.T.);
#1883=EDGE_CURVE('',#1537,#1538,#966,.T.);
#1884=EDGE_CURVE('',#1538,#1538,#1375,.T.);
#1885=EDGE_CURVE('',#1528,#1539,#967,.T.);
#1886=EDGE_CURVE('',#1539,#1539,#1376,.T.);
#1887=EDGE_CURVE('',#1540,#1541,#137,.T.);
#1888=EDGE_CURVE('',#1541,#1540,#138,.T.);
#1889=EDGE_CURVE('',#1542,#1543,#139,.T.);
#1890=EDGE_CURVE('',#1543,#1542,#140,.T.);
#1891=EDGE_CURVE('',#1544,#1545,#141,.T.);
#1892=EDGE_CURVE('',#1545,#1544,#142,.T.);
#1893=EDGE_CURVE('',#1546,#1547,#143,.T.);
#1894=EDGE_CURVE('',#1547,#1546,#144,.T.);
#1895=EDGE_CURVE('',#1548,#1549,#145,.T.);
#1896=EDGE_CURVE('',#1549,#1548,#146,.T.);
#1897=EDGE_CURVE('',#1550,#1551,#147,.T.);
#1898=EDGE_CURVE('',#1551,#1550,#148,.T.);
#1899=EDGE_CURVE('',#1552,#1553,#149,.T.);
#1900=EDGE_CURVE('',#1553,#1552,#150,.T.);
#1901=EDGE_CURVE('',#1554,#1555,#151,.T.);
#1902=EDGE_CURVE('',#1555,#1554,#152,.T.);
#1903=EDGE_CURVE('',#1556,#1557,#153,.T.);
#1904=EDGE_CURVE('',#1557,#1556,#154,.T.);
#1905=EDGE_CURVE('',#1558,#1559,#155,.T.);
#1906=EDGE_CURVE('',#1559,#1558,#156,.T.);
#1907=EDGE_CURVE('',#1560,#1561,#157,.T.);
#1908=EDGE_CURVE('',#1561,#1560,#158,.T.);
#1909=EDGE_CURVE('',#1562,#1563,#159,.T.);
#1910=EDGE_CURVE('',#1563,#1562,#160,.T.);
#1911=EDGE_CURVE('',#1564,#1565,#161,.T.);
#1912=EDGE_CURVE('',#1565,#1564,#162,.T.);
#1913=EDGE_CURVE('',#1566,#1567,#163,.T.);
#1914=EDGE_CURVE('',#1567,#1566,#164,.T.);
#1915=EDGE_CURVE('',#1568,#1569,#165,.T.);
#1916=EDGE_CURVE('',#1569,#1568,#166,.T.);
#1917=EDGE_CURVE('',#1570,#1571,#167,.T.);
#1918=EDGE_CURVE('',#1571,#1570,#168,.T.);
#1919=EDGE_CURVE('',#1572,#1573,#169,.T.);
#1920=EDGE_CURVE('',#1573,#1572,#170,.T.);
#1921=EDGE_CURVE('',#1574,#1575,#171,.T.);
#1922=EDGE_CURVE('',#1575,#1574,#172,.T.);
#1923=EDGE_CURVE('',#1576,#1577,#173,.T.);
#1924=EDGE_CURVE('',#1577,#1576,#174,.T.);
#1925=EDGE_CURVE('',#1578,#1579,#175,.T.);
#1926=EDGE_CURVE('',#1579,#1578,#176,.T.);
#1927=EDGE_CURVE('',#1580,#1581,#177,.T.);
#1928=EDGE_CURVE('',#1581,#1580,#178,.T.);
#1929=EDGE_CURVE('',#1582,#1583,#179,.T.);
#1930=EDGE_CURVE('',#1583,#1582,#180,.T.);
#1931=EDGE_CURVE('',#1584,#1585,#181,.T.);
#1932=EDGE_CURVE('',#1585,#1584,#182,.T.);
#1933=EDGE_CURVE('',#1586,#1587,#183,.T.);
#1934=EDGE_CURVE('',#1587,#1586,#184,.T.);
#1935=EDGE_CURVE('',#1588,#1589,#185,.T.);
#1936=EDGE_CURVE('',#1589,#1588,#186,.T.);
#1937=EDGE_CURVE('',#1590,#1591,#187,.T.);
#1938=EDGE_CURVE('',#1591,#1590,#188,.T.);
#1939=EDGE_CURVE('',#1592,#1593,#189,.T.);
#1940=EDGE_CURVE('',#1593,#1592,#190,.T.);
#1941=EDGE_CURVE('',#1594,#1595,#191,.T.);
#1942=EDGE_CURVE('',#1595,#1594,#192,.T.);
#1943=EDGE_CURVE('',#1596,#1597,#193,.T.);
#1944=EDGE_CURVE('',#1597,#1596,#194,.T.);
#1945=EDGE_CURVE('',#1598,#1599,#195,.T.);
#1946=EDGE_CURVE('',#1599,#1598,#196,.T.);
#1947=EDGE_CURVE('',#1600,#1601,#197,.T.);
#1948=EDGE_CURVE('',#1601,#1600,#198,.T.);
#1949=EDGE_CURVE('',#1602,#1603,#199,.T.);
#1950=EDGE_CURVE('',#1603,#1602,#200,.T.);
#1951=EDGE_CURVE('',#1604,#1605,#201,.T.);
#1952=EDGE_CURVE('',#1605,#1604,#202,.T.);
#1953=EDGE_CURVE('',#1606,#1607,#203,.T.);
#1954=EDGE_CURVE('',#1607,#1606,#204,.T.);
#1955=EDGE_CURVE('',#1608,#1609,#205,.T.);
#1956=EDGE_CURVE('',#1609,#1608,#206,.T.);
#1957=EDGE_CURVE('',#1610,#1611,#207,.T.);
#1958=EDGE_CURVE('',#1611,#1610,#208,.T.);
#1959=EDGE_CURVE('',#1612,#1612,#1377,.T.);
#1960=EDGE_CURVE('',#1612,#1613,#968,.T.);
#1961=EDGE_CURVE('',#1613,#1613,#1378,.T.);
#1962=EDGE_CURVE('',#1614,#1614,#1379,.T.);
#1963=EDGE_CURVE('',#1543,#1615,#969,.T.);
#1964=EDGE_CURVE('',#1615,#1615,#1380,.T.);
#1965=EDGE_CURVE('',#1545,#1616,#970,.T.);
#1966=EDGE_CURVE('',#1616,#1616,#1381,.T.);
#1967=EDGE_CURVE('',#1547,#1617,#971,.T.);
#1968=EDGE_CURVE('',#1617,#1617,#1382,.T.);
#1969=EDGE_CURVE('',#1551,#1618,#972,.T.);
#1970=EDGE_CURVE('',#1618,#1618,#1383,.T.);
#1971=EDGE_CURVE('',#1549,#1619,#973,.T.);
#1972=EDGE_CURVE('',#1619,#1619,#1384,.T.);
#1973=EDGE_CURVE('',#1541,#1620,#974,.T.);
#1974=EDGE_CURVE('',#1620,#1620,#1385,.T.);
#1975=EDGE_CURVE('',#1553,#1621,#975,.T.);
#1976=EDGE_CURVE('',#1621,#1621,#1386,.T.);
#1977=EDGE_CURVE('',#1555,#1622,#976,.T.);
#1978=EDGE_CURVE('',#1622,#1622,#1387,.T.);
#1979=EDGE_CURVE('',#1557,#1623,#977,.T.);
#1980=EDGE_CURVE('',#1623,#1623,#1388,.T.);
#1981=EDGE_CURVE('',#1559,#1624,#978,.T.);
#1982=EDGE_CURVE('',#1624,#1624,#1389,.T.);
#1983=EDGE_CURVE('',#1561,#1625,#979,.T.);
#1984=EDGE_CURVE('',#1625,#1625,#1390,.T.);
#1985=EDGE_CURVE('',#1563,#1626,#980,.T.);
#1986=EDGE_CURVE('',#1626,#1626,#1391,.T.);
#1987=EDGE_CURVE('',#1565,#1627,#981,.T.);
#1988=EDGE_CURVE('',#1627,#1627,#1392,.T.);
#1989=EDGE_CURVE('',#1567,#1628,#982,.T.);
#1990=EDGE_CURVE('',#1628,#1628,#1393,.T.);
#1991=EDGE_CURVE('',#1569,#1629,#983,.T.);
#1992=EDGE_CURVE('',#1629,#1629,#1394,.T.);
#1993=EDGE_CURVE('',#1571,#1630,#984,.T.);
#1994=EDGE_CURVE('',#1630,#1630,#1395,.T.);
#1995=EDGE_CURVE('',#1573,#1631,#985,.T.);
#1996=EDGE_CURVE('',#1631,#1631,#1396,.T.);
#1997=EDGE_CURVE('',#1575,#1632,#986,.T.);
#1998=EDGE_CURVE('',#1632,#1632,#1397,.T.);
#1999=EDGE_CURVE('',#1577,#1633,#987,.T.);
#2000=EDGE_CURVE('',#1633,#1633,#1398,.T.);
#2001=EDGE_CURVE('',#1579,#1634,#988,.T.);
#2002=EDGE_CURVE('',#1634,#1634,#1399,.T.);
#2003=EDGE_CURVE('',#1581,#1635,#989,.T.);
#2004=EDGE_CURVE('',#1635,#1635,#1400,.T.);
#2005=EDGE_CURVE('',#1583,#1636,#990,.T.);
#2006=EDGE_CURVE('',#1636,#1636,#1401,.T.);
#2007=EDGE_CURVE('',#1585,#1637,#991,.T.);
#2008=EDGE_CURVE('',#1637,#1637,#1402,.T.);
#2009=EDGE_CURVE('',#1587,#1638,#992,.T.);
#2010=EDGE_CURVE('',#1638,#1638,#1403,.T.);
#2011=EDGE_CURVE('',#1589,#1639,#993,.T.);
#2012=EDGE_CURVE('',#1639,#1639,#1404,.T.);
#2013=EDGE_CURVE('',#1591,#1640,#994,.T.);
#2014=EDGE_CURVE('',#1640,#1640,#1405,.T.);
#2015=EDGE_CURVE('',#1593,#1641,#995,.T.);
#2016=EDGE_CURVE('',#1641,#1641,#1406,.T.);
#2017=EDGE_CURVE('',#1595,#1642,#996,.T.);
#2018=EDGE_CURVE('',#1642,#1642,#1407,.T.);
#2019=EDGE_CURVE('',#1597,#1643,#997,.T.);
#2020=EDGE_CURVE('',#1643,#1643,#1408,.T.);
#2021=EDGE_CURVE('',#1599,#1644,#998,.T.);
#2022=EDGE_CURVE('',#1644,#1644,#1409,.T.);
#2023=EDGE_CURVE('',#1601,#1645,#999,.T.);
#2024=EDGE_CURVE('',#1645,#1645,#1410,.T.);
#2025=EDGE_CURVE('',#1603,#1646,#1000,.T.);
#2026=EDGE_CURVE('',#1646,#1646,#1411,.T.);
#2027=EDGE_CURVE('',#1605,#1647,#1001,.T.);
#2028=EDGE_CURVE('',#1647,#1647,#1412,.T.);
#2029=EDGE_CURVE('',#1607,#1648,#1002,.T.);
#2030=EDGE_CURVE('',#1648,#1648,#1413,.T.);
#2031=EDGE_CURVE('',#1609,#1649,#1003,.T.);
#2032=EDGE_CURVE('',#1649,#1649,#1414,.T.);
#2033=EDGE_CURVE('',#1611,#1650,#1004,.T.);
#2034=EDGE_CURVE('',#1650,#1650,#1415,.T.);
#2035=EDGE_CURVE('',#1651,#1651,#1416,.T.);
#2036=EDGE_CURVE('',#1651,#1614,#1005,.T.);
#2037=EDGE_CURVE('',#1652,#1653,#1006,.T.);
#2038=EDGE_CURVE('',#1653,#1654,#1417,.T.);
#2039=EDGE_CURVE('',#1654,#1655,#1007,.T.);
#2040=EDGE_CURVE('',#1655,#1652,#1418,.T.);
#2041=EDGE_CURVE('',#1652,#1656,#1008,.T.);
#2042=EDGE_CURVE('',#1656,#1657,#1009,.T.);
#2043=EDGE_CURVE('',#1653,#1657,#1010,.T.);
#2044=EDGE_CURVE('',#1658,#1659,#65,.T.);
#2045=EDGE_CURVE('',#1658,#1660,#1419,.T.);
#2046=EDGE_CURVE('',#1661,#1660,#66,.T.);
#2047=EDGE_CURVE('',#1662,#1661,#67,.T.);
#2048=EDGE_CURVE('',#1662,#1663,#1420,.T.);
#2049=EDGE_CURVE('',#1659,#1663,#68,.T.);
#2050=EDGE_CURVE('',#1664,#1659,#1011,.T.);
#2051=EDGE_CURVE('',#1664,#1658,#1012,.T.);
#2052=EDGE_CURVE('',#1663,#1665,#1013,.T.);
#2053=EDGE_CURVE('',#1666,#1665,#1014,.T.);
#2054=EDGE_CURVE('',#1666,#1664,#1015,.T.);
#2055=EDGE_CURVE('',#1667,#1662,#1016,.T.);
#2056=EDGE_CURVE('',#1668,#1667,#1421,.T.);
#2057=EDGE_CURVE('',#1669,#1668,#1017,.T.);
#2058=EDGE_CURVE('',#1670,#1669,#1422,.T.);
#2059=EDGE_CURVE('',#1671,#1670,#1423,.T.);
#2060=EDGE_CURVE('',#1672,#1671,#1424,.T.);
#2061=EDGE_CURVE('',#1673,#1672,#1018,.T.);
#2062=EDGE_CURVE('',#1665,#1673,#1425,.T.);
#2063=EDGE_CURVE('',#1674,#1660,#1019,.T.);
#2064=EDGE_CURVE('',#1674,#1661,#1020,.T.);
#2065=EDGE_CURVE('',#1675,#1655,#1021,.T.);
#2066=EDGE_CURVE('',#1675,#1656,#1426,.T.);
#2067=EDGE_CURVE('',#1676,#1666,#1427,.T.);
#2068=EDGE_CURVE('',#1677,#1676,#1022,.T.);
#2069=EDGE_CURVE('',#1678,#1677,#1428,.T.);
#2070=EDGE_CURVE('',#1679,#1678,#1429,.T.);
#2071=EDGE_CURVE('',#1680,#1679,#1430,.T.);
#2072=EDGE_CURVE('',#1681,#1680,#1023,.T.);
#2073=EDGE_CURVE('',#1682,#1681,#1431,.T.);
#2074=EDGE_CURVE('',#1674,#1682,#1024,.T.);
#2075=EDGE_CURVE('',#1679,#1670,#1025,.T.);
#2076=EDGE_CURVE('',#1678,#1671,#1026,.T.);
#2077=EDGE_CURVE('',#1680,#1669,#1027,.T.);
#2078=EDGE_CURVE('',#1681,#1668,#1028,.T.);
#2079=EDGE_CURVE('',#1682,#1667,#1029,.T.);
#2080=EDGE_CURVE('',#1676,#1673,#1030,.T.);
#2081=EDGE_CURVE('',#1677,#1672,#1031,.T.);
#2082=EDGE_CURVE('',#1675,#1683,#1032,.T.);
#2083=EDGE_CURVE('',#1657,#1683,#1432,.T.);
#2084=EDGE_CURVE('',#1683,#1654,#1033,.T.);
#2085=EDGE_CURVE('',#1684,#1685,#1034,.T.);
#2086=EDGE_CURVE('',#1684,#1686,#1035,.T.);
#2087=EDGE_CURVE('',#1687,#1686,#1036,.T.);
#2088=EDGE_CURVE('',#1685,#1687,#1037,.T.);
#2089=EDGE_CURVE('',#1688,#1685,#1038,.T.);
#2090=EDGE_CURVE('',#1689,#1687,#1039,.T.);
#2091=EDGE_CURVE('',#1688,#1689,#1040,.T.);
#2092=EDGE_CURVE('',#1690,#1688,#1041,.T.);
#2093=EDGE_CURVE('',#1691,#1689,#1042,.T.);
#2094=EDGE_CURVE('',#1690,#1691,#1043,.T.);
#2095=EDGE_CURVE('',#1684,#1690,#1044,.T.);
#2096=EDGE_CURVE('',#1686,#1691,#1045,.T.);
#2097=EDGE_CURVE('',#1692,#1693,#1433,.T.);
#2098=EDGE_CURVE('',#1694,#1693,#1046,.T.);
#2099=EDGE_CURVE('',#1695,#1694,#1434,.T.);
#2100=EDGE_CURVE('',#1695,#1692,#1047,.T.);
#2101=EDGE_CURVE('',#1696,#1697,#209,.T.);
#2102=EDGE_CURVE('',#1697,#1696,#210,.T.);
#2103=EDGE_CURVE('',#1698,#1699,#211,.T.);
#2104=EDGE_CURVE('',#1699,#1698,#212,.T.);
#2105=EDGE_CURVE('',#1700,#1701,#213,.T.);
#2106=EDGE_CURVE('',#1701,#1700,#214,.T.);
#2107=EDGE_CURVE('',#1702,#1703,#215,.T.);
#2108=EDGE_CURVE('',#1703,#1702,#216,.T.);
#2109=EDGE_CURVE('',#1704,#1705,#217,.T.);
#2110=EDGE_CURVE('',#1705,#1704,#218,.T.);
#2111=EDGE_CURVE('',#1706,#1707,#219,.T.);
#2112=EDGE_CURVE('',#1707,#1706,#220,.T.);
#2113=EDGE_CURVE('',#1708,#1709,#221,.T.);
#2114=EDGE_CURVE('',#1710,#1708,#1048,.T.);
#2115=EDGE_CURVE('',#1711,#1710,#222,.T.);
#2116=EDGE_CURVE('',#1711,#1709,#1049,.T.);
#2117=EDGE_CURVE('',#1712,#1713,#223,.T.);
#2118=EDGE_CURVE('',#1714,#1712,#1050,.T.);
#2119=EDGE_CURVE('',#1715,#1714,#224,.T.);
#2120=EDGE_CURVE('',#1715,#1713,#1051,.T.);
#2121=EDGE_CURVE('',#1716,#1717,#225,.T.);
#2122=EDGE_CURVE('',#1718,#1716,#1052,.T.);
#2123=EDGE_CURVE('',#1719,#1718,#226,.T.);
#2124=EDGE_CURVE('',#1719,#1717,#1053,.T.);
#2125=EDGE_CURVE('',#1720,#1721,#1435,.T.);
#2126=EDGE_CURVE('',#1720,#1722,#1054,.F.);
#2127=EDGE_CURVE('',#1722,#1723,#1436,.T.);
#2128=EDGE_CURVE('',#1723,#1721,#1055,.T.);
#2129=EDGE_CURVE('',#1724,#1725,#1056,.T.);
#2130=EDGE_CURVE('',#1725,#1726,#227,.T.);
#2131=EDGE_CURVE('',#1727,#1726,#1057,.T.);
#2132=EDGE_CURVE('',#1727,#1724,#228,.T.);
#2133=EDGE_CURVE('',#1728,#1729,#1058,.T.);
#2134=EDGE_CURVE('',#1729,#1730,#229,.T.);
#2135=EDGE_CURVE('',#1731,#1730,#1059,.T.);
#2136=EDGE_CURVE('',#1731,#1728,#230,.T.);
#2137=EDGE_CURVE('',#1732,#1733,#1060,.T.);
#2138=EDGE_CURVE('',#1733,#1734,#231,.T.);
#2139=EDGE_CURVE('',#1735,#1734,#1061,.T.);
#2140=EDGE_CURVE('',#1735,#1732,#232,.T.);
#2141=EDGE_CURVE('',#1736,#1737,#1437,.T.);
#2142=EDGE_CURVE('',#1738,#1736,#1062,.T.);
#2143=EDGE_CURVE('',#1738,#1739,#1438,.T.);
#2144=EDGE_CURVE('',#1739,#1737,#1063,.T.);
#2145=EDGE_CURVE('',#1736,#1692,#1064,.T.);
#2146=EDGE_CURVE('',#1738,#1695,#1065,.T.);
#2147=EDGE_CURVE('',#1740,#1741,#1066,.T.);
#2148=EDGE_CURVE('',#1741,#1742,#1067,.T.);
#2149=EDGE_CURVE('',#1743,#1742,#1068,.T.);
#2150=EDGE_CURVE('',#1743,#1740,#1069,.F.);
#2151=EDGE_CURVE('',#1744,#1744,#1439,.T.);
#2152=EDGE_CURVE('',#1745,#1745,#1440,.T.);
#2153=EDGE_CURVE('',#1746,#1746,#1441,.T.);
#2154=EDGE_CURVE('',#1747,#1748,#1070,.T.);
#2155=EDGE_CURVE('',#1747,#1749,#1071,.T.);
#2156=EDGE_CURVE('',#1749,#1750,#1072,.T.);
#2157=EDGE_CURVE('',#1750,#1748,#1073,.T.);
#2158=EDGE_CURVE('',#1751,#1752,#1442,.T.);
#2159=EDGE_CURVE('',#1752,#1753,#1074,.F.);
#2160=EDGE_CURVE('',#1754,#1753,#1443,.T.);
#2161=EDGE_CURVE('',#1754,#1751,#1075,.T.);
#2162=EDGE_CURVE('',#1755,#1756,#1076,.T.);
#2163=EDGE_CURVE('',#1756,#1757,#1077,.T.);
#2164=EDGE_CURVE('',#1758,#1757,#1078,.T.);
#2165=EDGE_CURVE('',#1758,#1755,#1079,.F.);
#2166=EDGE_CURVE('',#1759,#1760,#1080,.T.);
#2167=EDGE_CURVE('',#1759,#1761,#1081,.F.);
#2168=EDGE_CURVE('',#1761,#1762,#1082,.T.);
#2169=EDGE_CURVE('',#1762,#1760,#1083,.T.);
#2170=EDGE_CURVE('',#1763,#1763,#1444,.T.);
#2171=EDGE_CURVE('',#1764,#1764,#1445,.T.);
#2172=EDGE_CURVE('',#1765,#1765,#1446,.T.);
#2173=EDGE_CURVE('',#1737,#1693,#1084,.T.);
#2174=EDGE_CURVE('',#1739,#1694,#1085,.T.);
#2175=EDGE_CURVE('',#1761,#1723,#1447,.T.);
#2176=EDGE_CURVE('',#1722,#1741,#1448,.T.);
#2177=EDGE_CURVE('',#1740,#1747,#1449,.F.);
#2178=EDGE_CURVE('',#1748,#1754,#1450,.F.);
#2179=EDGE_CURVE('',#1753,#1756,#1451,.F.);
#2180=EDGE_CURVE('',#1755,#1762,#1452,.F.);
#2181=EDGE_CURVE('',#1721,#1759,#1453,.F.);
#2182=EDGE_CURVE('',#1760,#1758,#1454,.T.);
#2183=EDGE_CURVE('',#1757,#1752,#1455,.T.);
#2184=EDGE_CURVE('',#1751,#1750,#1456,.T.);
#2185=EDGE_CURVE('',#1749,#1743,#1457,.T.);
#2186=EDGE_CURVE('',#1742,#1720,#1458,.F.);
#2187=EDGE_CURVE('',#1697,#1746,#1086,.T.);
#2188=EDGE_CURVE('',#1699,#1745,#1087,.T.);
#2189=EDGE_CURVE('',#1701,#1744,#1088,.T.);
#2190=EDGE_CURVE('',#1703,#1765,#1089,.T.);
#2191=EDGE_CURVE('',#1705,#1764,#1090,.T.);
#2192=EDGE_CURVE('',#1707,#1763,#1091,.T.);
#2193=EDGE_CURVE('',#1726,#1709,#1092,.T.);
#2194=EDGE_CURVE('',#1725,#1708,#1093,.T.);
#2195=EDGE_CURVE('',#1724,#1710,#1094,.T.);
#2196=EDGE_CURVE('',#1727,#1711,#1095,.T.);
#2197=EDGE_CURVE('',#1730,#1717,#1096,.T.);
#2198=EDGE_CURVE('',#1729,#1716,#1097,.T.);
#2199=EDGE_CURVE('',#1728,#1718,#1098,.T.);
#2200=EDGE_CURVE('',#1731,#1719,#1099,.T.);
#2201=EDGE_CURVE('',#1734,#1713,#1100,.T.);
#2202=EDGE_CURVE('',#1733,#1712,#1101,.T.);
#2203=EDGE_CURVE('',#1732,#1714,#1102,.T.);
#2204=EDGE_CURVE('',#1735,#1715,#1103,.T.);
#2205=EDGE_CURVE('',#1766,#1767,#1459,.T.);
#2206=EDGE_CURVE('',#1766,#1768,#1104,.T.);
#2207=EDGE_CURVE('',#1768,#1768,#1460,.T.);
#2208=EDGE_CURVE('',#1767,#1766,#1461,.T.);
#2209=EDGE_CURVE('',#1769,#1770,#1462,.T.);
#2210=EDGE_CURVE('',#1769,#1771,#1105,.T.);
#2211=EDGE_CURVE('',#1771,#1771,#1463,.T.);
#2212=EDGE_CURVE('',#1770,#1769,#1464,.T.);
#2213=EDGE_CURVE('',#1772,#1773,#1465,.T.);
#2214=EDGE_CURVE('',#1773,#1772,#1466,.T.);
#2215=EDGE_CURVE('',#1773,#1770,#1106,.T.);
#2216=EDGE_CURVE('',#1774,#1775,#1467,.T.);
#2217=EDGE_CURVE('',#1774,#1767,#1107,.T.);
#2218=EDGE_CURVE('',#1775,#1774,#1468,.T.);
#2219=EDGE_CURVE('',#1776,#1777,#1469,.T.);
#2220=EDGE_CURVE('',#1777,#1778,#1108,.T.);
#2221=EDGE_CURVE('',#1779,#1778,#1470,.T.);
#2222=EDGE_CURVE('',#1776,#1779,#1109,.T.);
#2223=EDGE_CURVE('',#1775,#1772,#1110,.T.);
#2224=EDGE_CURVE('',#1777,#1776,#1471,.T.);
#2225=EDGE_CURVE('',#1778,#1779,#1472,.T.);
#2226=EDGE_CURVE('',#1780,#1781,#233,.T.);
#2227=EDGE_CURVE('',#1780,#1782,#1111,.T.);
#2228=EDGE_CURVE('',#1783,#1782,#234,.T.);
#2229=EDGE_CURVE('',#1784,#1783,#235,.T.);
#2230=EDGE_CURVE('',#1781,#1784,#1112,.T.);
#2231=EDGE_CURVE('',#1785,#1786,#236,.T.);
#2232=EDGE_CURVE('',#1785,#1787,#1113,.T.);
#2233=EDGE_CURVE('',#1788,#1787,#237,.T.);
#2234=EDGE_CURVE('',#1789,#1788,#238,.T.);
#2235=EDGE_CURVE('',#1786,#1789,#1114,.T.);
#2236=EDGE_CURVE('',#1790,#1789,#239,.T.);
#2237=EDGE_CURVE('',#1788,#1791,#1115,.T.);
#2238=EDGE_CURVE('',#1791,#1791,#240,.T.);
#2239=EDGE_CURVE('',#1787,#1790,#241,.T.);
#2240=EDGE_CURVE('',#1792,#1784,#242,.T.);
#2241=EDGE_CURVE('',#1783,#1793,#1116,.T.);
#2242=EDGE_CURVE('',#1793,#1793,#243,.T.);
#2243=EDGE_CURVE('',#1782,#1792,#244,.T.);
#2244=EDGE_CURVE('',#1794,#1795,#1473,.T.);
#2245=EDGE_CURVE('',#1795,#1794,#1474,.T.);
#2246=EDGE_CURVE('',#1795,#1796,#1117,.T.);
#2247=EDGE_CURVE('',#1796,#1797,#245,.T.);
#2248=EDGE_CURVE('',#1797,#1796,#246,.T.);
#2249=EDGE_CURVE('',#1798,#1799,#1475,.T.);
#2250=EDGE_CURVE('',#1799,#1798,#1476,.T.);
#2251=EDGE_CURVE('',#1799,#1800,#1118,.T.);
#2252=EDGE_CURVE('',#1800,#1801,#247,.T.);
#2253=EDGE_CURVE('',#1801,#1800,#248,.T.);
#2254=EDGE_CURVE('',#1802,#1803,#1477,.T.);
#2255=EDGE_CURVE('',#1803,#1802,#1478,.T.);
#2256=EDGE_CURVE('',#1803,#1804,#1119,.T.);
#2257=EDGE_CURVE('',#1804,#1805,#249,.T.);
#2258=EDGE_CURVE('',#1805,#1804,#250,.T.);
#2259=EDGE_CURVE('',#1806,#1807,#1479,.T.);
#2260=EDGE_CURVE('',#1807,#1806,#1480,.T.);
#2261=EDGE_CURVE('',#1807,#1808,#1481,.T.);
#2262=EDGE_CURVE('',#1808,#1808,#1482,.T.);
#2263=EDGE_CURVE('',#1806,#1809,#1120,.T.);
#2264=EDGE_CURVE('',#1809,#1809,#1483,.T.);
#2265=EDGE_CURVE('',#1810,#1811,#1484,.T.);
#2266=EDGE_CURVE('',#1811,#1810,#1485,.T.);
#2267=EDGE_CURVE('',#1811,#1812,#1486,.T.);
#2268=EDGE_CURVE('',#1812,#1813,#1487,.T.);
#2269=EDGE_CURVE('',#1813,#1812,#1488,.T.);
#2270=EDGE_CURVE('',#1814,#1814,#1489,.T.);
#2271=EDGE_CURVE('',#1814,#1815,#1490,.T.);
#2272=EDGE_CURVE('',#1815,#1816,#1491,.T.);
#2273=EDGE_CURVE('',#1816,#1815,#1492,.T.);
#2274=EDGE_CURVE('',#1802,#1817,#1121,.T.);
#2275=EDGE_CURVE('',#1817,#1817,#1493,.T.);
#2276=EDGE_CURVE('',#1798,#1818,#1122,.T.);
#2277=EDGE_CURVE('',#1818,#1818,#1494,.T.);
#2278=EDGE_CURVE('',#1794,#1819,#1123,.T.);
#2279=EDGE_CURVE('',#1819,#1819,#1495,.T.);
#2280=EDGE_CURVE('',#1808,#1813,#1124,.T.);
#2281=EDGE_CURVE('',#1810,#1816,#1125,.T.);
#2282=EDGE_CURVE('',#1786,#1785,#251,.T.);
#2283=EDGE_CURVE('',#1781,#1780,#252,.T.);
#2284=EDGE_CURVE('',#1820,#1820,#1496,.T.);
#2285=EDGE_CURVE('',#1820,#1821,#1126,.T.);
#2286=EDGE_CURVE('',#1821,#1821,#1497,.T.);
#2287=EDGE_CURVE('',#1822,#1823,#1127,.T.);
#2288=EDGE_CURVE('',#1824,#1823,#1498,.T.);
#2289=EDGE_CURVE('',#1823,#1824,#1499,.T.);
#2290=EDGE_CURVE('',#1825,#1825,#1500,.T.);
#2291=EDGE_CURVE('',#1825,#1824,#1128,.T.);
#2292=EDGE_CURVE('',#1826,#1827,#1501,.T.);
#2293=EDGE_CURVE('',#1827,#1826,#1502,.T.);
#2294=EDGE_CURVE('',#1827,#1825,#1129,.T.);
#2295=EDGE_CURVE('',#1826,#1828,#1130,.T.);
#2296=EDGE_CURVE('',#1828,#1828,#1503,.T.);
#2297=EDGE_CURVE('',#1829,#1830,#1504,.T.);
#2298=EDGE_CURVE('',#1831,#1829,#1505,.T.);
#2299=EDGE_CURVE('',#1832,#1831,#1506,.T.);
#2300=EDGE_CURVE('',#1833,#1832,#1507,.T.);
#2301=EDGE_CURVE('',#1834,#1833,#1508,.T.);
#2302=EDGE_CURVE('',#1830,#1834,#1509,.T.);
#2303=EDGE_CURVE('',#1835,#1831,#1131,.T.);
#2304=EDGE_CURVE('',#1829,#1831,#69,.T.);
#2305=EDGE_CURVE('',#1836,#1829,#1132,.T.);
#2306=EDGE_CURVE('',#1835,#1836,#1133,.T.);
#2307=EDGE_CURVE('',#1837,#1832,#1134,.T.);
#2308=EDGE_CURVE('',#1831,#1832,#70,.T.);
#2309=EDGE_CURVE('',#1837,#1835,#1135,.T.);
#2310=EDGE_CURVE('',#1838,#1833,#1136,.T.);
#2311=EDGE_CURVE('',#1832,#1833,#71,.T.);
#2312=EDGE_CURVE('',#1838,#1837,#1137,.T.);
#2313=EDGE_CURVE('',#1839,#1834,#1138,.T.);
#2314=EDGE_CURVE('',#1833,#1834,#72,.T.);
#2315=EDGE_CURVE('',#1839,#1838,#1139,.T.);
#2316=EDGE_CURVE('',#1840,#1830,#1140,.T.);
#2317=EDGE_CURVE('',#1834,#1830,#73,.T.);
#2318=EDGE_CURVE('',#1840,#1839,#1141,.T.);
#2319=EDGE_CURVE('',#1830,#1829,#74,.T.);
#2320=EDGE_CURVE('',#1836,#1840,#1142,.T.);
#2321=EDGE_CURVE('',#1841,#1842,#1143,.T.);
#2322=EDGE_CURVE('',#1843,#1842,#1510,.T.);
#2323=EDGE_CURVE('',#1842,#1843,#1511,.T.);
#2324=EDGE_CURVE('',#1844,#1844,#1512,.T.);
#2325=EDGE_CURVE('',#1844,#1843,#1144,.T.);
#2326=EDGE_CURVE('',#1845,#1846,#1513,.T.);
#2327=EDGE_CURVE('',#1846,#1845,#1514,.T.);
#2328=EDGE_CURVE('',#1846,#1844,#1145,.T.);
#2329=EDGE_CURVE('',#1845,#1847,#1146,.T.);
#2330=EDGE_CURVE('',#1847,#1847,#1515,.T.);
#2331=EDGE_CURVE('',#1848,#1849,#1516,.T.);
#2332=EDGE_CURVE('',#1850,#1848,#1517,.T.);
#2333=EDGE_CURVE('',#1851,#1850,#1518,.T.);
#2334=EDGE_CURVE('',#1852,#1851,#1519,.T.);
#2335=EDGE_CURVE('',#1853,#1852,#1520,.T.);
#2336=EDGE_CURVE('',#1849,#1853,#1521,.T.);
#2337=EDGE_CURVE('',#1854,#1850,#1147,.T.);
#2338=EDGE_CURVE('',#1848,#1850,#75,.T.);
#2339=EDGE_CURVE('',#1855,#1848,#1148,.T.);
#2340=EDGE_CURVE('',#1854,#1855,#1149,.T.);
#2341=EDGE_CURVE('',#1856,#1851,#1150,.T.);
#2342=EDGE_CURVE('',#1850,#1851,#76,.T.);
#2343=EDGE_CURVE('',#1856,#1854,#1151,.T.);
#2344=EDGE_CURVE('',#1857,#1852,#1152,.T.);
#2345=EDGE_CURVE('',#1851,#1852,#77,.T.);
#2346=EDGE_CURVE('',#1857,#1856,#1153,.T.);
#2347=EDGE_CURVE('',#1858,#1853,#1154,.T.);
#2348=EDGE_CURVE('',#1852,#1853,#78,.T.);
#2349=EDGE_CURVE('',#1858,#1857,#1155,.T.);
#2350=EDGE_CURVE('',#1859,#1849,#1156,.T.);
#2351=EDGE_CURVE('',#1853,#1849,#79,.T.);
#2352=EDGE_CURVE('',#1859,#1858,#1157,.T.);
#2353=EDGE_CURVE('',#1849,#1848,#80,.T.);
#2354=EDGE_CURVE('',#1855,#1859,#1158,.T.);
#2355=ORIENTED_EDGE('',*,*,#1860,.F.);
#2356=ORIENTED_EDGE('',*,*,#1861,.T.);
#2357=ORIENTED_EDGE('',*,*,#1862,.F.);
#2358=ORIENTED_EDGE('',*,*,#1861,.F.);
#2359=ORIENTED_EDGE('',*,*,#1863,.F.);
#2360=ORIENTED_EDGE('',*,*,#1864,.T.);
#2361=ORIENTED_EDGE('',*,*,#1865,.F.);
#2362=ORIENTED_EDGE('',*,*,#1864,.F.);
#2363=ORIENTED_EDGE('',*,*,#1866,.F.);
#2364=ORIENTED_EDGE('',*,*,#1867,.T.);
#2365=ORIENTED_EDGE('',*,*,#1868,.F.);
#2366=ORIENTED_EDGE('',*,*,#1867,.F.);
#2367=ORIENTED_EDGE('',*,*,#1869,.F.);
#2368=ORIENTED_EDGE('',*,*,#1860,.T.);
#2369=ORIENTED_EDGE('',*,*,#1863,.T.);
#2370=ORIENTED_EDGE('',*,*,#1866,.T.);
#2371=ORIENTED_EDGE('',*,*,#1870,.T.);
#2372=ORIENTED_EDGE('',*,*,#1870,.F.);
#2373=ORIENTED_EDGE('',*,*,#1871,.T.);
#2374=ORIENTED_EDGE('',*,*,#1872,.T.);
#2375=ORIENTED_EDGE('',*,*,#1871,.F.);
#2376=ORIENTED_EDGE('',*,*,#1873,.T.);
#2377=ORIENTED_EDGE('',*,*,#1873,.F.);
#2378=ORIENTED_EDGE('',*,*,#1874,.T.);
#2379=ORIENTED_EDGE('',*,*,#1875,.T.);
#2380=ORIENTED_EDGE('',*,*,#1874,.F.);
#2381=ORIENTED_EDGE('',*,*,#1876,.T.);
#2382=ORIENTED_EDGE('',*,*,#1876,.F.);
#2383=ORIENTED_EDGE('',*,*,#1877,.T.);
#2384=ORIENTED_EDGE('',*,*,#1878,.T.);
#2385=ORIENTED_EDGE('',*,*,#1877,.F.);
#2386=ORIENTED_EDGE('',*,*,#1879,.T.);
#2387=ORIENTED_EDGE('',*,*,#1879,.F.);
#2388=ORIENTED_EDGE('',*,*,#1880,.T.);
#2389=ORIENTED_EDGE('',*,*,#1881,.T.);
#2390=ORIENTED_EDGE('',*,*,#1880,.F.);
#2391=ORIENTED_EDGE('',*,*,#1882,.T.);
#2392=ORIENTED_EDGE('',*,*,#1882,.F.);
#2393=ORIENTED_EDGE('',*,*,#1883,.T.);
#2394=ORIENTED_EDGE('',*,*,#1884,.T.);
#2395=ORIENTED_EDGE('',*,*,#1883,.F.);
#2396=ORIENTED_EDGE('',*,*,#1869,.T.);
#2397=ORIENTED_EDGE('',*,*,#1885,.T.);
#2398=ORIENTED_EDGE('',*,*,#1886,.F.);
#2399=ORIENTED_EDGE('',*,*,#1885,.F.);
#2400=ORIENTED_EDGE('',*,*,#1887,.F.);
#2401=ORIENTED_EDGE('',*,*,#1888,.F.);
#2402=ORIENTED_EDGE('',*,*,#1889,.F.);
#2403=ORIENTED_EDGE('',*,*,#1890,.F.);
#2404=ORIENTED_EDGE('',*,*,#1891,.F.);
#2405=ORIENTED_EDGE('',*,*,#1892,.F.);
#2406=ORIENTED_EDGE('',*,*,#1893,.F.);
#2407=ORIENTED_EDGE('',*,*,#1894,.F.);
#2408=ORIENTED_EDGE('',*,*,#1895,.F.);
#2409=ORIENTED_EDGE('',*,*,#1896,.F.);
#2410=ORIENTED_EDGE('',*,*,#1897,.F.);
#2411=ORIENTED_EDGE('',*,*,#1898,.F.);
#2412=ORIENTED_EDGE('',*,*,#1899,.F.);
#2413=ORIENTED_EDGE('',*,*,#1900,.F.);
#2414=ORIENTED_EDGE('',*,*,#1901,.F.);
#2415=ORIENTED_EDGE('',*,*,#1902,.F.);
#2416=ORIENTED_EDGE('',*,*,#1903,.F.);
#2417=ORIENTED_EDGE('',*,*,#1904,.F.);
#2418=ORIENTED_EDGE('',*,*,#1905,.F.);
#2419=ORIENTED_EDGE('',*,*,#1906,.F.);
#2420=ORIENTED_EDGE('',*,*,#1907,.F.);
#2421=ORIENTED_EDGE('',*,*,#1908,.F.);
#2422=ORIENTED_EDGE('',*,*,#1909,.F.);
#2423=ORIENTED_EDGE('',*,*,#1910,.F.);
#2424=ORIENTED_EDGE('',*,*,#1911,.F.);
#2425=ORIENTED_EDGE('',*,*,#1912,.F.);
#2426=ORIENTED_EDGE('',*,*,#1913,.F.);
#2427=ORIENTED_EDGE('',*,*,#1914,.F.);
#2428=ORIENTED_EDGE('',*,*,#1915,.F.);
#2429=ORIENTED_EDGE('',*,*,#1916,.F.);
#2430=ORIENTED_EDGE('',*,*,#1917,.F.);
#2431=ORIENTED_EDGE('',*,*,#1918,.F.);
#2432=ORIENTED_EDGE('',*,*,#1919,.F.);
#2433=ORIENTED_EDGE('',*,*,#1920,.F.);
#2434=ORIENTED_EDGE('',*,*,#1921,.F.);
#2435=ORIENTED_EDGE('',*,*,#1922,.F.);
#2436=ORIENTED_EDGE('',*,*,#1923,.F.);
#2437=ORIENTED_EDGE('',*,*,#1924,.F.);
#2438=ORIENTED_EDGE('',*,*,#1925,.F.);
#2439=ORIENTED_EDGE('',*,*,#1926,.F.);
#2440=ORIENTED_EDGE('',*,*,#1927,.F.);
#2441=ORIENTED_EDGE('',*,*,#1928,.F.);
#2442=ORIENTED_EDGE('',*,*,#1929,.F.);
#2443=ORIENTED_EDGE('',*,*,#1930,.F.);
#2444=ORIENTED_EDGE('',*,*,#1931,.F.);
#2445=ORIENTED_EDGE('',*,*,#1932,.F.);
#2446=ORIENTED_EDGE('',*,*,#1933,.F.);
#2447=ORIENTED_EDGE('',*,*,#1934,.F.);
#2448=ORIENTED_EDGE('',*,*,#1935,.F.);
#2449=ORIENTED_EDGE('',*,*,#1936,.F.);
#2450=ORIENTED_EDGE('',*,*,#1937,.F.);
#2451=ORIENTED_EDGE('',*,*,#1938,.F.);
#2452=ORIENTED_EDGE('',*,*,#1939,.F.);
#2453=ORIENTED_EDGE('',*,*,#1940,.F.);
#2454=ORIENTED_EDGE('',*,*,#1941,.F.);
#2455=ORIENTED_EDGE('',*,*,#1942,.F.);
#2456=ORIENTED_EDGE('',*,*,#1943,.F.);
#2457=ORIENTED_EDGE('',*,*,#1944,.F.);
#2458=ORIENTED_EDGE('',*,*,#1945,.F.);
#2459=ORIENTED_EDGE('',*,*,#1946,.F.);
#2460=ORIENTED_EDGE('',*,*,#1947,.F.);
#2461=ORIENTED_EDGE('',*,*,#1948,.F.);
#2462=ORIENTED_EDGE('',*,*,#1949,.F.);
#2463=ORIENTED_EDGE('',*,*,#1950,.F.);
#2464=ORIENTED_EDGE('',*,*,#1951,.F.);
#2465=ORIENTED_EDGE('',*,*,#1952,.F.);
#2466=ORIENTED_EDGE('',*,*,#1953,.F.);
#2467=ORIENTED_EDGE('',*,*,#1954,.F.);
#2468=ORIENTED_EDGE('',*,*,#1955,.F.);
#2469=ORIENTED_EDGE('',*,*,#1956,.F.);
#2470=ORIENTED_EDGE('',*,*,#1957,.F.);
#2471=ORIENTED_EDGE('',*,*,#1958,.F.);
#2472=ORIENTED_EDGE('',*,*,#1959,.T.);
#2473=ORIENTED_EDGE('',*,*,#1960,.T.);
#2474=ORIENTED_EDGE('',*,*,#1961,.F.);
#2475=ORIENTED_EDGE('',*,*,#1960,.F.);
#2476=ORIENTED_EDGE('',*,*,#1886,.T.);
#2477=ORIENTED_EDGE('',*,*,#1872,.F.);
#2478=ORIENTED_EDGE('',*,*,#1875,.F.);
#2479=ORIENTED_EDGE('',*,*,#1878,.F.);
#2480=ORIENTED_EDGE('',*,*,#1881,.F.);
#2481=ORIENTED_EDGE('',*,*,#1884,.F.);
#2482=ORIENTED_EDGE('',*,*,#1962,.F.);
#2483=ORIENTED_EDGE('',*,*,#1959,.F.);
#2484=ORIENTED_EDGE('',*,*,#1961,.T.);
#2485=ORIENTED_EDGE('',*,*,#1862,.T.);
#2486=ORIENTED_EDGE('',*,*,#1865,.T.);
#2487=ORIENTED_EDGE('',*,*,#1868,.T.);
#2488=ORIENTED_EDGE('',*,*,#1889,.T.);
#2489=ORIENTED_EDGE('',*,*,#1963,.T.);
#2490=ORIENTED_EDGE('',*,*,#1964,.F.);
#2491=ORIENTED_EDGE('',*,*,#1963,.F.);
#2492=ORIENTED_EDGE('',*,*,#1890,.T.);
#2493=ORIENTED_EDGE('',*,*,#1891,.T.);
#2494=ORIENTED_EDGE('',*,*,#1965,.T.);
#2495=ORIENTED_EDGE('',*,*,#1966,.F.);
#2496=ORIENTED_EDGE('',*,*,#1965,.F.);
#2497=ORIENTED_EDGE('',*,*,#1892,.T.);
#2498=ORIENTED_EDGE('',*,*,#1893,.T.);
#2499=ORIENTED_EDGE('',*,*,#1967,.T.);
#2500=ORIENTED_EDGE('',*,*,#1968,.F.);
#2501=ORIENTED_EDGE('',*,*,#1967,.F.);
#2502=ORIENTED_EDGE('',*,*,#1894,.T.);
#2503=ORIENTED_EDGE('',*,*,#1964,.T.);
#2504=ORIENTED_EDGE('',*,*,#1966,.T.);
#2505=ORIENTED_EDGE('',*,*,#1968,.T.);
#2506=ORIENTED_EDGE('',*,*,#1897,.T.);
#2507=ORIENTED_EDGE('',*,*,#1969,.T.);
#2508=ORIENTED_EDGE('',*,*,#1970,.F.);
#2509=ORIENTED_EDGE('',*,*,#1969,.F.);
#2510=ORIENTED_EDGE('',*,*,#1898,.T.);
#2511=ORIENTED_EDGE('',*,*,#1895,.T.);
#2512=ORIENTED_EDGE('',*,*,#1971,.T.);
#2513=ORIENTED_EDGE('',*,*,#1972,.F.);
#2514=ORIENTED_EDGE('',*,*,#1971,.F.);
#2515=ORIENTED_EDGE('',*,*,#1896,.T.);
#2516=ORIENTED_EDGE('',*,*,#1887,.T.);
#2517=ORIENTED_EDGE('',*,*,#1973,.T.);
#2518=ORIENTED_EDGE('',*,*,#1974,.F.);
#2519=ORIENTED_EDGE('',*,*,#1973,.F.);
#2520=ORIENTED_EDGE('',*,*,#1888,.T.);
#2521=ORIENTED_EDGE('',*,*,#1970,.T.);
#2522=ORIENTED_EDGE('',*,*,#1972,.T.);
#2523=ORIENTED_EDGE('',*,*,#1974,.T.);
#2524=ORIENTED_EDGE('',*,*,#1899,.T.);
#2525=ORIENTED_EDGE('',*,*,#1975,.T.);
#2526=ORIENTED_EDGE('',*,*,#1976,.F.);
#2527=ORIENTED_EDGE('',*,*,#1975,.F.);
#2528=ORIENTED_EDGE('',*,*,#1900,.T.);
#2529=ORIENTED_EDGE('',*,*,#1976,.T.);
#2530=ORIENTED_EDGE('',*,*,#1901,.T.);
#2531=ORIENTED_EDGE('',*,*,#1977,.T.);
#2532=ORIENTED_EDGE('',*,*,#1978,.F.);
#2533=ORIENTED_EDGE('',*,*,#1977,.F.);
#2534=ORIENTED_EDGE('',*,*,#1902,.T.);
#2535=ORIENTED_EDGE('',*,*,#1978,.T.);
#2536=ORIENTED_EDGE('',*,*,#1903,.T.);
#2537=ORIENTED_EDGE('',*,*,#1979,.T.);
#2538=ORIENTED_EDGE('',*,*,#1980,.F.);
#2539=ORIENTED_EDGE('',*,*,#1979,.F.);
#2540=ORIENTED_EDGE('',*,*,#1904,.T.);
#2541=ORIENTED_EDGE('',*,*,#1980,.T.);
#2542=ORIENTED_EDGE('',*,*,#1905,.T.);
#2543=ORIENTED_EDGE('',*,*,#1981,.T.);
#2544=ORIENTED_EDGE('',*,*,#1982,.F.);
#2545=ORIENTED_EDGE('',*,*,#1981,.F.);
#2546=ORIENTED_EDGE('',*,*,#1906,.T.);
#2547=ORIENTED_EDGE('',*,*,#1982,.T.);
#2548=ORIENTED_EDGE('',*,*,#1907,.T.);
#2549=ORIENTED_EDGE('',*,*,#1983,.T.);
#2550=ORIENTED_EDGE('',*,*,#1984,.F.);
#2551=ORIENTED_EDGE('',*,*,#1983,.F.);
#2552=ORIENTED_EDGE('',*,*,#1908,.T.);
#2553=ORIENTED_EDGE('',*,*,#1984,.T.);
#2554=ORIENTED_EDGE('',*,*,#1909,.T.);
#2555=ORIENTED_EDGE('',*,*,#1985,.T.);
#2556=ORIENTED_EDGE('',*,*,#1986,.F.);
#2557=ORIENTED_EDGE('',*,*,#1985,.F.);
#2558=ORIENTED_EDGE('',*,*,#1910,.T.);
#2559=ORIENTED_EDGE('',*,*,#1986,.T.);
#2560=ORIENTED_EDGE('',*,*,#1911,.T.);
#2561=ORIENTED_EDGE('',*,*,#1987,.T.);
#2562=ORIENTED_EDGE('',*,*,#1988,.F.);
#2563=ORIENTED_EDGE('',*,*,#1987,.F.);
#2564=ORIENTED_EDGE('',*,*,#1912,.T.);
#2565=ORIENTED_EDGE('',*,*,#1988,.T.);
#2566=ORIENTED_EDGE('',*,*,#1913,.T.);
#2567=ORIENTED_EDGE('',*,*,#1989,.T.);
#2568=ORIENTED_EDGE('',*,*,#1990,.F.);
#2569=ORIENTED_EDGE('',*,*,#1989,.F.);
#2570=ORIENTED_EDGE('',*,*,#1914,.T.);
#2571=ORIENTED_EDGE('',*,*,#1990,.T.);
#2572=ORIENTED_EDGE('',*,*,#1915,.T.);
#2573=ORIENTED_EDGE('',*,*,#1991,.T.);
#2574=ORIENTED_EDGE('',*,*,#1992,.F.);
#2575=ORIENTED_EDGE('',*,*,#1991,.F.);
#2576=ORIENTED_EDGE('',*,*,#1916,.T.);
#2577=ORIENTED_EDGE('',*,*,#1992,.T.);
#2578=ORIENTED_EDGE('',*,*,#1917,.T.);
#2579=ORIENTED_EDGE('',*,*,#1993,.T.);
#2580=ORIENTED_EDGE('',*,*,#1994,.F.);
#2581=ORIENTED_EDGE('',*,*,#1993,.F.);
#2582=ORIENTED_EDGE('',*,*,#1918,.T.);
#2583=ORIENTED_EDGE('',*,*,#1994,.T.);
#2584=ORIENTED_EDGE('',*,*,#1919,.T.);
#2585=ORIENTED_EDGE('',*,*,#1995,.T.);
#2586=ORIENTED_EDGE('',*,*,#1996,.F.);
#2587=ORIENTED_EDGE('',*,*,#1995,.F.);
#2588=ORIENTED_EDGE('',*,*,#1920,.T.);
#2589=ORIENTED_EDGE('',*,*,#1996,.T.);
#2590=ORIENTED_EDGE('',*,*,#1921,.T.);
#2591=ORIENTED_EDGE('',*,*,#1997,.T.);
#2592=ORIENTED_EDGE('',*,*,#1998,.F.);
#2593=ORIENTED_EDGE('',*,*,#1997,.F.);
#2594=ORIENTED_EDGE('',*,*,#1922,.T.);
#2595=ORIENTED_EDGE('',*,*,#1998,.T.);
#2596=ORIENTED_EDGE('',*,*,#1923,.T.);
#2597=ORIENTED_EDGE('',*,*,#1999,.T.);
#2598=ORIENTED_EDGE('',*,*,#2000,.F.);
#2599=ORIENTED_EDGE('',*,*,#1999,.F.);
#2600=ORIENTED_EDGE('',*,*,#1924,.T.);
#2601=ORIENTED_EDGE('',*,*,#2000,.T.);
#2602=ORIENTED_EDGE('',*,*,#1925,.T.);
#2603=ORIENTED_EDGE('',*,*,#2001,.T.);
#2604=ORIENTED_EDGE('',*,*,#2002,.F.);
#2605=ORIENTED_EDGE('',*,*,#2001,.F.);
#2606=ORIENTED_EDGE('',*,*,#1926,.T.);
#2607=ORIENTED_EDGE('',*,*,#2002,.T.);
#2608=ORIENTED_EDGE('',*,*,#1927,.T.);
#2609=ORIENTED_EDGE('',*,*,#2003,.T.);
#2610=ORIENTED_EDGE('',*,*,#2004,.F.);
#2611=ORIENTED_EDGE('',*,*,#2003,.F.);
#2612=ORIENTED_EDGE('',*,*,#1928,.T.);
#2613=ORIENTED_EDGE('',*,*,#2004,.T.);
#2614=ORIENTED_EDGE('',*,*,#1929,.T.);
#2615=ORIENTED_EDGE('',*,*,#2005,.T.);
#2616=ORIENTED_EDGE('',*,*,#2006,.F.);
#2617=ORIENTED_EDGE('',*,*,#2005,.F.);
#2618=ORIENTED_EDGE('',*,*,#1930,.T.);
#2619=ORIENTED_EDGE('',*,*,#2006,.T.);
#2620=ORIENTED_EDGE('',*,*,#1931,.T.);
#2621=ORIENTED_EDGE('',*,*,#2007,.T.);
#2622=ORIENTED_EDGE('',*,*,#2008,.F.);
#2623=ORIENTED_EDGE('',*,*,#2007,.F.);
#2624=ORIENTED_EDGE('',*,*,#1932,.T.);
#2625=ORIENTED_EDGE('',*,*,#2008,.T.);
#2626=ORIENTED_EDGE('',*,*,#1933,.T.);
#2627=ORIENTED_EDGE('',*,*,#2009,.T.);
#2628=ORIENTED_EDGE('',*,*,#2010,.F.);
#2629=ORIENTED_EDGE('',*,*,#2009,.F.);
#2630=ORIENTED_EDGE('',*,*,#1934,.T.);
#2631=ORIENTED_EDGE('',*,*,#2010,.T.);
#2632=ORIENTED_EDGE('',*,*,#1935,.T.);
#2633=ORIENTED_EDGE('',*,*,#2011,.T.);
#2634=ORIENTED_EDGE('',*,*,#2012,.F.);
#2635=ORIENTED_EDGE('',*,*,#2011,.F.);
#2636=ORIENTED_EDGE('',*,*,#1936,.T.);
#2637=ORIENTED_EDGE('',*,*,#2012,.T.);
#2638=ORIENTED_EDGE('',*,*,#1937,.T.);
#2639=ORIENTED_EDGE('',*,*,#2013,.T.);
#2640=ORIENTED_EDGE('',*,*,#2014,.F.);
#2641=ORIENTED_EDGE('',*,*,#2013,.F.);
#2642=ORIENTED_EDGE('',*,*,#1938,.T.);
#2643=ORIENTED_EDGE('',*,*,#2014,.T.);
#2644=ORIENTED_EDGE('',*,*,#1939,.T.);
#2645=ORIENTED_EDGE('',*,*,#2015,.T.);
#2646=ORIENTED_EDGE('',*,*,#2016,.F.);
#2647=ORIENTED_EDGE('',*,*,#2015,.F.);
#2648=ORIENTED_EDGE('',*,*,#1940,.T.);
#2649=ORIENTED_EDGE('',*,*,#2016,.T.);
#2650=ORIENTED_EDGE('',*,*,#1941,.T.);
#2651=ORIENTED_EDGE('',*,*,#2017,.T.);
#2652=ORIENTED_EDGE('',*,*,#2018,.F.);
#2653=ORIENTED_EDGE('',*,*,#2017,.F.);
#2654=ORIENTED_EDGE('',*,*,#1942,.T.);
#2655=ORIENTED_EDGE('',*,*,#2018,.T.);
#2656=ORIENTED_EDGE('',*,*,#1943,.T.);
#2657=ORIENTED_EDGE('',*,*,#2019,.T.);
#2658=ORIENTED_EDGE('',*,*,#2020,.F.);
#2659=ORIENTED_EDGE('',*,*,#2019,.F.);
#2660=ORIENTED_EDGE('',*,*,#1944,.T.);
#2661=ORIENTED_EDGE('',*,*,#2020,.T.);
#2662=ORIENTED_EDGE('',*,*,#1945,.T.);
#2663=ORIENTED_EDGE('',*,*,#2021,.T.);
#2664=ORIENTED_EDGE('',*,*,#2022,.F.);
#2665=ORIENTED_EDGE('',*,*,#2021,.F.);
#2666=ORIENTED_EDGE('',*,*,#1946,.T.);
#2667=ORIENTED_EDGE('',*,*,#2022,.T.);
#2668=ORIENTED_EDGE('',*,*,#1947,.T.);
#2669=ORIENTED_EDGE('',*,*,#2023,.T.);
#2670=ORIENTED_EDGE('',*,*,#2024,.F.);
#2671=ORIENTED_EDGE('',*,*,#2023,.F.);
#2672=ORIENTED_EDGE('',*,*,#1948,.T.);
#2673=ORIENTED_EDGE('',*,*,#2024,.T.);
#2674=ORIENTED_EDGE('',*,*,#1949,.T.);
#2675=ORIENTED_EDGE('',*,*,#2025,.T.);
#2676=ORIENTED_EDGE('',*,*,#2026,.F.);
#2677=ORIENTED_EDGE('',*,*,#2025,.F.);
#2678=ORIENTED_EDGE('',*,*,#1950,.T.);
#2679=ORIENTED_EDGE('',*,*,#2026,.T.);
#2680=ORIENTED_EDGE('',*,*,#1951,.T.);
#2681=ORIENTED_EDGE('',*,*,#2027,.T.);
#2682=ORIENTED_EDGE('',*,*,#2028,.F.);
#2683=ORIENTED_EDGE('',*,*,#2027,.F.);
#2684=ORIENTED_EDGE('',*,*,#1952,.T.);
#2685=ORIENTED_EDGE('',*,*,#2028,.T.);
#2686=ORIENTED_EDGE('',*,*,#1953,.T.);
#2687=ORIENTED_EDGE('',*,*,#2029,.T.);
#2688=ORIENTED_EDGE('',*,*,#2030,.F.);
#2689=ORIENTED_EDGE('',*,*,#2029,.F.);
#2690=ORIENTED_EDGE('',*,*,#1954,.T.);
#2691=ORIENTED_EDGE('',*,*,#2030,.T.);
#2692=ORIENTED_EDGE('',*,*,#1955,.T.);
#2693=ORIENTED_EDGE('',*,*,#2031,.T.);
#2694=ORIENTED_EDGE('',*,*,#2032,.F.);
#2695=ORIENTED_EDGE('',*,*,#2031,.F.);
#2696=ORIENTED_EDGE('',*,*,#1956,.T.);
#2697=ORIENTED_EDGE('',*,*,#2032,.T.);
#2698=ORIENTED_EDGE('',*,*,#1957,.T.);
#2699=ORIENTED_EDGE('',*,*,#2033,.T.);
#2700=ORIENTED_EDGE('',*,*,#2034,.F.);
#2701=ORIENTED_EDGE('',*,*,#2033,.F.);
#2702=ORIENTED_EDGE('',*,*,#1958,.T.);
#2703=ORIENTED_EDGE('',*,*,#2034,.T.);
#2704=ORIENTED_EDGE('',*,*,#2035,.F.);
#2705=ORIENTED_EDGE('',*,*,#2036,.T.);
#2706=ORIENTED_EDGE('',*,*,#1962,.T.);
#2707=ORIENTED_EDGE('',*,*,#2036,.F.);
#2708=ORIENTED_EDGE('',*,*,#2035,.T.);
#2709=ORIENTED_EDGE('',*,*,#2037,.T.);
#2710=ORIENTED_EDGE('',*,*,#2038,.T.);
#2711=ORIENTED_EDGE('',*,*,#2039,.T.);
#2712=ORIENTED_EDGE('',*,*,#2040,.T.);
#2713=ORIENTED_EDGE('',*,*,#2037,.F.);
#2714=ORIENTED_EDGE('',*,*,#2041,.T.);
#2715=ORIENTED_EDGE('',*,*,#2042,.T.);
#2716=ORIENTED_EDGE('',*,*,#2043,.F.);
#2717=ORIENTED_EDGE('',*,*,#2044,.F.);
#2718=ORIENTED_EDGE('',*,*,#2045,.T.);
#2719=ORIENTED_EDGE('',*,*,#2046,.F.);
#2720=ORIENTED_EDGE('',*,*,#2047,.F.);
#2721=ORIENTED_EDGE('',*,*,#2048,.T.);
#2722=ORIENTED_EDGE('',*,*,#2049,.F.);
#2723=ORIENTED_EDGE('',*,*,#2044,.T.);
#2724=ORIENTED_EDGE('',*,*,#2050,.F.);
#2725=ORIENTED_EDGE('',*,*,#2051,.T.);
#2726=ORIENTED_EDGE('',*,*,#2049,.T.);
#2727=ORIENTED_EDGE('',*,*,#2052,.T.);
#2728=ORIENTED_EDGE('',*,*,#2053,.F.);
#2729=ORIENTED_EDGE('',*,*,#2054,.T.);
#2730=ORIENTED_EDGE('',*,*,#2050,.T.);
#2731=ORIENTED_EDGE('',*,*,#2048,.F.);
#2732=ORIENTED_EDGE('',*,*,#2055,.F.);
#2733=ORIENTED_EDGE('',*,*,#2056,.F.);
#2734=ORIENTED_EDGE('',*,*,#2057,.F.);
#2735=ORIENTED_EDGE('',*,*,#2058,.F.);
#2736=ORIENTED_EDGE('',*,*,#2059,.F.);
#2737=ORIENTED_EDGE('',*,*,#2060,.F.);
#2738=ORIENTED_EDGE('',*,*,#2061,.F.);
#2739=ORIENTED_EDGE('',*,*,#2062,.F.);
#2740=ORIENTED_EDGE('',*,*,#2052,.F.);
#2741=ORIENTED_EDGE('',*,*,#2046,.T.);
#2742=ORIENTED_EDGE('',*,*,#2063,.F.);
#2743=ORIENTED_EDGE('',*,*,#2064,.T.);
#2744=ORIENTED_EDGE('',*,*,#2065,.F.);
#2745=ORIENTED_EDGE('',*,*,#2066,.T.);
#2746=ORIENTED_EDGE('',*,*,#2041,.F.);
#2747=ORIENTED_EDGE('',*,*,#2040,.F.);
#2748=ORIENTED_EDGE('',*,*,#2063,.T.);
#2749=ORIENTED_EDGE('',*,*,#2045,.F.);
#2750=ORIENTED_EDGE('',*,*,#2051,.F.);
#2751=ORIENTED_EDGE('',*,*,#2054,.F.);
#2752=ORIENTED_EDGE('',*,*,#2067,.F.);
#2753=ORIENTED_EDGE('',*,*,#2068,.F.);
#2754=ORIENTED_EDGE('',*,*,#2069,.F.);
#2755=ORIENTED_EDGE('',*,*,#2070,.F.);
#2756=ORIENTED_EDGE('',*,*,#2071,.F.);
#2757=ORIENTED_EDGE('',*,*,#2072,.F.);
#2758=ORIENTED_EDGE('',*,*,#2073,.F.);
#2759=ORIENTED_EDGE('',*,*,#2074,.F.);
#2760=ORIENTED_EDGE('',*,*,#2059,.T.);
#2761=ORIENTED_EDGE('',*,*,#2075,.F.);
#2762=ORIENTED_EDGE('',*,*,#2070,.T.);
#2763=ORIENTED_EDGE('',*,*,#2076,.T.);
#2764=ORIENTED_EDGE('',*,*,#2058,.T.);
#2765=ORIENTED_EDGE('',*,*,#2077,.F.);
#2766=ORIENTED_EDGE('',*,*,#2071,.T.);
#2767=ORIENTED_EDGE('',*,*,#2075,.T.);
#2768=ORIENTED_EDGE('',*,*,#2057,.T.);
#2769=ORIENTED_EDGE('',*,*,#2078,.F.);
#2770=ORIENTED_EDGE('',*,*,#2072,.T.);
#2771=ORIENTED_EDGE('',*,*,#2077,.T.);
#2772=ORIENTED_EDGE('',*,*,#2056,.T.);
#2773=ORIENTED_EDGE('',*,*,#2079,.F.);
#2774=ORIENTED_EDGE('',*,*,#2073,.T.);
#2775=ORIENTED_EDGE('',*,*,#2078,.T.);
#2776=ORIENTED_EDGE('',*,*,#2047,.T.);
#2777=ORIENTED_EDGE('',*,*,#2064,.F.);
#2778=ORIENTED_EDGE('',*,*,#2074,.T.);
#2779=ORIENTED_EDGE('',*,*,#2079,.T.);
#2780=ORIENTED_EDGE('',*,*,#2055,.T.);
#2781=ORIENTED_EDGE('',*,*,#2062,.T.);
#2782=ORIENTED_EDGE('',*,*,#2080,.F.);
#2783=ORIENTED_EDGE('',*,*,#2067,.T.);
#2784=ORIENTED_EDGE('',*,*,#2053,.T.);
#2785=ORIENTED_EDGE('',*,*,#2061,.T.);
#2786=ORIENTED_EDGE('',*,*,#2081,.F.);
#2787=ORIENTED_EDGE('',*,*,#2068,.T.);
#2788=ORIENTED_EDGE('',*,*,#2080,.T.);
#2789=ORIENTED_EDGE('',*,*,#2060,.T.);
#2790=ORIENTED_EDGE('',*,*,#2076,.F.);
#2791=ORIENTED_EDGE('',*,*,#2069,.T.);
#2792=ORIENTED_EDGE('',*,*,#2081,.T.);
#2793=ORIENTED_EDGE('',*,*,#2066,.F.);
#2794=ORIENTED_EDGE('',*,*,#2082,.T.);
#2795=ORIENTED_EDGE('',*,*,#2083,.F.);
#2796=ORIENTED_EDGE('',*,*,#2042,.F.);
#2797=ORIENTED_EDGE('',*,*,#2039,.F.);
#2798=ORIENTED_EDGE('',*,*,#2084,.F.);
#2799=ORIENTED_EDGE('',*,*,#2082,.F.);
#2800=ORIENTED_EDGE('',*,*,#2065,.T.);
#2801=ORIENTED_EDGE('',*,*,#2038,.F.);
#2802=ORIENTED_EDGE('',*,*,#2043,.T.);
#2803=ORIENTED_EDGE('',*,*,#2083,.T.);
#2804=ORIENTED_EDGE('',*,*,#2084,.T.);
#2805=ORIENTED_EDGE('',*,*,#2085,.F.);
#2806=ORIENTED_EDGE('',*,*,#2086,.T.);
#2807=ORIENTED_EDGE('',*,*,#2087,.F.);
#2808=ORIENTED_EDGE('',*,*,#2088,.F.);
#2809=ORIENTED_EDGE('',*,*,#2089,.T.);
#2810=ORIENTED_EDGE('',*,*,#2088,.T.);
#2811=ORIENTED_EDGE('',*,*,#2090,.F.);
#2812=ORIENTED_EDGE('',*,*,#2091,.F.);
#2813=ORIENTED_EDGE('',*,*,#2092,.T.);
#2814=ORIENTED_EDGE('',*,*,#2091,.T.);
#2815=ORIENTED_EDGE('',*,*,#2093,.F.);
#2816=ORIENTED_EDGE('',*,*,#2094,.F.);
#2817=ORIENTED_EDGE('',*,*,#2095,.T.);
#2818=ORIENTED_EDGE('',*,*,#2094,.T.);
#2819=ORIENTED_EDGE('',*,*,#2096,.F.);
#2820=ORIENTED_EDGE('',*,*,#2086,.F.);
#2821=ORIENTED_EDGE('',*,*,#2096,.T.);
#2822=ORIENTED_EDGE('',*,*,#2093,.T.);
#2823=ORIENTED_EDGE('',*,*,#2090,.T.);
#2824=ORIENTED_EDGE('',*,*,#2087,.T.);
#2825=ORIENTED_EDGE('',*,*,#2095,.F.);
#2826=ORIENTED_EDGE('',*,*,#2085,.T.);
#2827=ORIENTED_EDGE('',*,*,#2089,.F.);
#2828=ORIENTED_EDGE('',*,*,#2092,.F.);
#2829=ORIENTED_EDGE('',*,*,#2097,.T.);
#2830=ORIENTED_EDGE('',*,*,#2098,.F.);
#2831=ORIENTED_EDGE('',*,*,#2099,.F.);
#2832=ORIENTED_EDGE('',*,*,#2100,.T.);
#2833=ORIENTED_EDGE('',*,*,#2101,.T.);
#2834=ORIENTED_EDGE('',*,*,#2102,.T.);
#2835=ORIENTED_EDGE('',*,*,#2103,.T.);
#2836=ORIENTED_EDGE('',*,*,#2104,.T.);
#2837=ORIENTED_EDGE('',*,*,#2105,.T.);
#2838=ORIENTED_EDGE('',*,*,#2106,.T.);
#2839=ORIENTED_EDGE('',*,*,#2107,.T.);
#2840=ORIENTED_EDGE('',*,*,#2108,.T.);
#2841=ORIENTED_EDGE('',*,*,#2109,.T.);
#2842=ORIENTED_EDGE('',*,*,#2110,.T.);
#2843=ORIENTED_EDGE('',*,*,#2111,.T.);
#2844=ORIENTED_EDGE('',*,*,#2112,.T.);
#2845=ORIENTED_EDGE('',*,*,#2113,.F.);
#2846=ORIENTED_EDGE('',*,*,#2114,.F.);
#2847=ORIENTED_EDGE('',*,*,#2115,.F.);
#2848=ORIENTED_EDGE('',*,*,#2116,.T.);
#2849=ORIENTED_EDGE('',*,*,#2117,.F.);
#2850=ORIENTED_EDGE('',*,*,#2118,.F.);
#2851=ORIENTED_EDGE('',*,*,#2119,.F.);
#2852=ORIENTED_EDGE('',*,*,#2120,.T.);
#2853=ORIENTED_EDGE('',*,*,#2121,.F.);
#2854=ORIENTED_EDGE('',*,*,#2122,.F.);
#2855=ORIENTED_EDGE('',*,*,#2123,.F.);
#2856=ORIENTED_EDGE('',*,*,#2124,.T.);
#2857=ORIENTED_EDGE('',*,*,#2125,.F.);
#2858=ORIENTED_EDGE('',*,*,#2126,.T.);
#2859=ORIENTED_EDGE('',*,*,#2127,.T.);
#2860=ORIENTED_EDGE('',*,*,#2128,.T.);
#2861=ORIENTED_EDGE('',*,*,#2129,.T.);
#2862=ORIENTED_EDGE('',*,*,#2130,.T.);
#2863=ORIENTED_EDGE('',*,*,#2131,.F.);
#2864=ORIENTED_EDGE('',*,*,#2132,.T.);
#2865=ORIENTED_EDGE('',*,*,#2133,.T.);
#2866=ORIENTED_EDGE('',*,*,#2134,.T.);
#2867=ORIENTED_EDGE('',*,*,#2135,.F.);
#2868=ORIENTED_EDGE('',*,*,#2136,.T.);
#2869=ORIENTED_EDGE('',*,*,#2137,.T.);
#2870=ORIENTED_EDGE('',*,*,#2138,.T.);
#2871=ORIENTED_EDGE('',*,*,#2139,.F.);
#2872=ORIENTED_EDGE('',*,*,#2140,.T.);
#2873=ORIENTED_EDGE('',*,*,#2141,.F.);
#2874=ORIENTED_EDGE('',*,*,#2142,.F.);
#2875=ORIENTED_EDGE('',*,*,#2143,.T.);
#2876=ORIENTED_EDGE('',*,*,#2144,.T.);
#2877=ORIENTED_EDGE('',*,*,#2145,.T.);
#2878=ORIENTED_EDGE('',*,*,#2100,.F.);
#2879=ORIENTED_EDGE('',*,*,#2146,.F.);
#2880=ORIENTED_EDGE('',*,*,#2142,.T.);
#2881=ORIENTED_EDGE('',*,*,#2147,.T.);
#2882=ORIENTED_EDGE('',*,*,#2148,.T.);
#2883=ORIENTED_EDGE('',*,*,#2149,.F.);
#2884=ORIENTED_EDGE('',*,*,#2150,.T.);
#2885=ORIENTED_EDGE('',*,*,#2151,.F.);
#2886=ORIENTED_EDGE('',*,*,#2152,.F.);
#2887=ORIENTED_EDGE('',*,*,#2153,.F.);
#2888=ORIENTED_EDGE('',*,*,#2154,.F.);
#2889=ORIENTED_EDGE('',*,*,#2155,.T.);
#2890=ORIENTED_EDGE('',*,*,#2156,.T.);
#2891=ORIENTED_EDGE('',*,*,#2157,.T.);
#2892=ORIENTED_EDGE('',*,*,#2158,.T.);
#2893=ORIENTED_EDGE('',*,*,#2159,.T.);
#2894=ORIENTED_EDGE('',*,*,#2160,.F.);
#2895=ORIENTED_EDGE('',*,*,#2161,.T.);
#2896=ORIENTED_EDGE('',*,*,#2162,.T.);
#2897=ORIENTED_EDGE('',*,*,#2163,.T.);
#2898=ORIENTED_EDGE('',*,*,#2164,.F.);
#2899=ORIENTED_EDGE('',*,*,#2165,.T.);
#2900=ORIENTED_EDGE('',*,*,#2166,.F.);
#2901=ORIENTED_EDGE('',*,*,#2167,.T.);
#2902=ORIENTED_EDGE('',*,*,#2168,.T.);
#2903=ORIENTED_EDGE('',*,*,#2169,.T.);
#2904=ORIENTED_EDGE('',*,*,#2170,.F.);
#2905=ORIENTED_EDGE('',*,*,#2171,.F.);
#2906=ORIENTED_EDGE('',*,*,#2172,.F.);
#2907=ORIENTED_EDGE('',*,*,#2173,.F.);
#2908=ORIENTED_EDGE('',*,*,#2144,.F.);
#2909=ORIENTED_EDGE('',*,*,#2174,.T.);
#2910=ORIENTED_EDGE('',*,*,#2098,.T.);
#2911=ORIENTED_EDGE('',*,*,#2143,.F.);
#2912=ORIENTED_EDGE('',*,*,#2146,.T.);
#2913=ORIENTED_EDGE('',*,*,#2099,.T.);
#2914=ORIENTED_EDGE('',*,*,#2174,.F.);
#2915=ORIENTED_EDGE('',*,*,#2175,.T.);
#2916=ORIENTED_EDGE('',*,*,#2127,.F.);
#2917=ORIENTED_EDGE('',*,*,#2176,.T.);
#2918=ORIENTED_EDGE('',*,*,#2147,.F.);
#2919=ORIENTED_EDGE('',*,*,#2177,.T.);
#2920=ORIENTED_EDGE('',*,*,#2154,.T.);
#2921=ORIENTED_EDGE('',*,*,#2178,.T.);
#2922=ORIENTED_EDGE('',*,*,#2160,.T.);
#2923=ORIENTED_EDGE('',*,*,#2179,.T.);
#2924=ORIENTED_EDGE('',*,*,#2162,.F.);
#2925=ORIENTED_EDGE('',*,*,#2180,.T.);
#2926=ORIENTED_EDGE('',*,*,#2168,.F.);
#2927=ORIENTED_EDGE('',*,*,#2141,.T.);
#2928=ORIENTED_EDGE('',*,*,#2173,.T.);
#2929=ORIENTED_EDGE('',*,*,#2097,.F.);
#2930=ORIENTED_EDGE('',*,*,#2145,.F.);
#2931=ORIENTED_EDGE('',*,*,#2125,.T.);
#2932=ORIENTED_EDGE('',*,*,#2181,.T.);
#2933=ORIENTED_EDGE('',*,*,#2166,.T.);
#2934=ORIENTED_EDGE('',*,*,#2182,.T.);
#2935=ORIENTED_EDGE('',*,*,#2164,.T.);
#2936=ORIENTED_EDGE('',*,*,#2183,.T.);
#2937=ORIENTED_EDGE('',*,*,#2158,.F.);
#2938=ORIENTED_EDGE('',*,*,#2184,.T.);
#2939=ORIENTED_EDGE('',*,*,#2156,.F.);
#2940=ORIENTED_EDGE('',*,*,#2185,.T.);
#2941=ORIENTED_EDGE('',*,*,#2149,.T.);
#2942=ORIENTED_EDGE('',*,*,#2186,.T.);
#2943=ORIENTED_EDGE('',*,*,#2101,.F.);
#2944=ORIENTED_EDGE('',*,*,#2102,.F.);
#2945=ORIENTED_EDGE('',*,*,#2187,.T.);
#2946=ORIENTED_EDGE('',*,*,#2153,.T.);
#2947=ORIENTED_EDGE('',*,*,#2187,.F.);
#2948=ORIENTED_EDGE('',*,*,#2103,.F.);
#2949=ORIENTED_EDGE('',*,*,#2104,.F.);
#2950=ORIENTED_EDGE('',*,*,#2188,.T.);
#2951=ORIENTED_EDGE('',*,*,#2152,.T.);
#2952=ORIENTED_EDGE('',*,*,#2188,.F.);
#2953=ORIENTED_EDGE('',*,*,#2105,.F.);
#2954=ORIENTED_EDGE('',*,*,#2106,.F.);
#2955=ORIENTED_EDGE('',*,*,#2189,.T.);
#2956=ORIENTED_EDGE('',*,*,#2151,.T.);
#2957=ORIENTED_EDGE('',*,*,#2189,.F.);
#2958=ORIENTED_EDGE('',*,*,#2107,.F.);
#2959=ORIENTED_EDGE('',*,*,#2108,.F.);
#2960=ORIENTED_EDGE('',*,*,#2190,.T.);
#2961=ORIENTED_EDGE('',*,*,#2172,.T.);
#2962=ORIENTED_EDGE('',*,*,#2190,.F.);
#2963=ORIENTED_EDGE('',*,*,#2109,.F.);
#2964=ORIENTED_EDGE('',*,*,#2110,.F.);
#2965=ORIENTED_EDGE('',*,*,#2191,.T.);
#2966=ORIENTED_EDGE('',*,*,#2171,.T.);
#2967=ORIENTED_EDGE('',*,*,#2191,.F.);
#2968=ORIENTED_EDGE('',*,*,#2111,.F.);
#2969=ORIENTED_EDGE('',*,*,#2112,.F.);
#2970=ORIENTED_EDGE('',*,*,#2192,.T.);
#2971=ORIENTED_EDGE('',*,*,#2170,.T.);
#2972=ORIENTED_EDGE('',*,*,#2192,.F.);
#2973=ORIENTED_EDGE('',*,*,#2179,.F.);
#2974=ORIENTED_EDGE('',*,*,#2159,.F.);
#2975=ORIENTED_EDGE('',*,*,#2183,.F.);
#2976=ORIENTED_EDGE('',*,*,#2163,.F.);
#2977=ORIENTED_EDGE('',*,*,#2180,.F.);
#2978=ORIENTED_EDGE('',*,*,#2165,.F.);
#2979=ORIENTED_EDGE('',*,*,#2182,.F.);
#2980=ORIENTED_EDGE('',*,*,#2169,.F.);
#2981=ORIENTED_EDGE('',*,*,#2177,.F.);
#2982=ORIENTED_EDGE('',*,*,#2150,.F.);
#2983=ORIENTED_EDGE('',*,*,#2185,.F.);
#2984=ORIENTED_EDGE('',*,*,#2155,.F.);
#2985=ORIENTED_EDGE('',*,*,#2178,.F.);
#2986=ORIENTED_EDGE('',*,*,#2157,.F.);
#2987=ORIENTED_EDGE('',*,*,#2184,.F.);
#2988=ORIENTED_EDGE('',*,*,#2161,.F.);
#2989=ORIENTED_EDGE('',*,*,#2175,.F.);
#2990=ORIENTED_EDGE('',*,*,#2167,.F.);
#2991=ORIENTED_EDGE('',*,*,#2181,.F.);
#2992=ORIENTED_EDGE('',*,*,#2128,.F.);
#2993=ORIENTED_EDGE('',*,*,#2176,.F.);
#2994=ORIENTED_EDGE('',*,*,#2126,.F.);
#2995=ORIENTED_EDGE('',*,*,#2186,.F.);
#2996=ORIENTED_EDGE('',*,*,#2148,.F.);
#2997=ORIENTED_EDGE('',*,*,#2113,.T.);
#2998=ORIENTED_EDGE('',*,*,#2193,.F.);
#2999=ORIENTED_EDGE('',*,*,#2130,.F.);
#3000=ORIENTED_EDGE('',*,*,#2194,.T.);
#3001=ORIENTED_EDGE('',*,*,#2114,.T.);
#3002=ORIENTED_EDGE('',*,*,#2194,.F.);
#3003=ORIENTED_EDGE('',*,*,#2129,.F.);
#3004=ORIENTED_EDGE('',*,*,#2195,.T.);
#3005=ORIENTED_EDGE('',*,*,#2115,.T.);
#3006=ORIENTED_EDGE('',*,*,#2195,.F.);
#3007=ORIENTED_EDGE('',*,*,#2132,.F.);
#3008=ORIENTED_EDGE('',*,*,#2196,.T.);
#3009=ORIENTED_EDGE('',*,*,#2196,.F.);
#3010=ORIENTED_EDGE('',*,*,#2131,.T.);
#3011=ORIENTED_EDGE('',*,*,#2193,.T.);
#3012=ORIENTED_EDGE('',*,*,#2116,.F.);
#3013=ORIENTED_EDGE('',*,*,#2121,.T.);
#3014=ORIENTED_EDGE('',*,*,#2197,.F.);
#3015=ORIENTED_EDGE('',*,*,#2134,.F.);
#3016=ORIENTED_EDGE('',*,*,#2198,.T.);
#3017=ORIENTED_EDGE('',*,*,#2122,.T.);
#3018=ORIENTED_EDGE('',*,*,#2198,.F.);
#3019=ORIENTED_EDGE('',*,*,#2133,.F.);
#3020=ORIENTED_EDGE('',*,*,#2199,.T.);
#3021=ORIENTED_EDGE('',*,*,#2123,.T.);
#3022=ORIENTED_EDGE('',*,*,#2199,.F.);
#3023=ORIENTED_EDGE('',*,*,#2136,.F.);
#3024=ORIENTED_EDGE('',*,*,#2200,.T.);
#3025=ORIENTED_EDGE('',*,*,#2200,.F.);
#3026=ORIENTED_EDGE('',*,*,#2135,.T.);
#3027=ORIENTED_EDGE('',*,*,#2197,.T.);
#3028=ORIENTED_EDGE('',*,*,#2124,.F.);
#3029=ORIENTED_EDGE('',*,*,#2117,.T.);
#3030=ORIENTED_EDGE('',*,*,#2201,.F.);
#3031=ORIENTED_EDGE('',*,*,#2138,.F.);
#3032=ORIENTED_EDGE('',*,*,#2202,.T.);
#3033=ORIENTED_EDGE('',*,*,#2118,.T.);
#3034=ORIENTED_EDGE('',*,*,#2202,.F.);
#3035=ORIENTED_EDGE('',*,*,#2137,.F.);
#3036=ORIENTED_EDGE('',*,*,#2203,.T.);
#3037=ORIENTED_EDGE('',*,*,#2119,.T.);
#3038=ORIENTED_EDGE('',*,*,#2203,.F.);
#3039=ORIENTED_EDGE('',*,*,#2140,.F.);
#3040=ORIENTED_EDGE('',*,*,#2204,.T.);
#3041=ORIENTED_EDGE('',*,*,#2204,.F.);
#3042=ORIENTED_EDGE('',*,*,#2139,.T.);
#3043=ORIENTED_EDGE('',*,*,#2201,.T.);
#3044=ORIENTED_EDGE('',*,*,#2120,.F.);
#3045=ORIENTED_EDGE('',*,*,#2205,.F.);
#3046=ORIENTED_EDGE('',*,*,#2206,.T.);
#3047=ORIENTED_EDGE('',*,*,#2207,.F.);
#3048=ORIENTED_EDGE('',*,*,#2206,.F.);
#3049=ORIENTED_EDGE('',*,*,#2208,.F.);
#3050=ORIENTED_EDGE('',*,*,#2209,.F.);
#3051=ORIENTED_EDGE('',*,*,#2210,.T.);
#3052=ORIENTED_EDGE('',*,*,#2211,.F.);
#3053=ORIENTED_EDGE('',*,*,#2210,.F.);
#3054=ORIENTED_EDGE('',*,*,#2212,.F.);
#3055=ORIENTED_EDGE('',*,*,#2213,.F.);
#3056=ORIENTED_EDGE('',*,*,#2214,.F.);
#3057=ORIENTED_EDGE('',*,*,#2215,.T.);
#3058=ORIENTED_EDGE('',*,*,#2212,.T.);
#3059=ORIENTED_EDGE('',*,*,#2209,.T.);
#3060=ORIENTED_EDGE('',*,*,#2215,.F.);
#3061=ORIENTED_EDGE('',*,*,#2216,.F.);
#3062=ORIENTED_EDGE('',*,*,#2217,.T.);
#3063=ORIENTED_EDGE('',*,*,#2208,.T.);
#3064=ORIENTED_EDGE('',*,*,#2205,.T.);
#3065=ORIENTED_EDGE('',*,*,#2217,.F.);
#3066=ORIENTED_EDGE('',*,*,#2218,.F.);
#3067=ORIENTED_EDGE('',*,*,#2219,.T.);
#3068=ORIENTED_EDGE('',*,*,#2220,.T.);
#3069=ORIENTED_EDGE('',*,*,#2221,.F.);
#3070=ORIENTED_EDGE('',*,*,#2222,.F.);
#3071=ORIENTED_EDGE('',*,*,#2216,.T.);
#3072=ORIENTED_EDGE('',*,*,#2223,.T.);
#3073=ORIENTED_EDGE('',*,*,#2213,.T.);
#3074=ORIENTED_EDGE('',*,*,#2214,.T.);
#3075=ORIENTED_EDGE('',*,*,#2223,.F.);
#3076=ORIENTED_EDGE('',*,*,#2218,.T.);
#3077=ORIENTED_EDGE('',*,*,#2211,.T.);
#3078=ORIENTED_EDGE('',*,*,#2219,.F.);
#3079=ORIENTED_EDGE('',*,*,#2224,.F.);
#3080=ORIENTED_EDGE('',*,*,#2207,.T.);
#3081=ORIENTED_EDGE('',*,*,#2221,.T.);
#3082=ORIENTED_EDGE('',*,*,#2225,.T.);
#3083=ORIENTED_EDGE('',*,*,#2225,.F.);
#3084=ORIENTED_EDGE('',*,*,#2220,.F.);
#3085=ORIENTED_EDGE('',*,*,#2224,.T.);
#3086=ORIENTED_EDGE('',*,*,#2222,.T.);
#3087=ORIENTED_EDGE('',*,*,#2226,.F.);
#3088=ORIENTED_EDGE('',*,*,#2227,.T.);
#3089=ORIENTED_EDGE('',*,*,#2228,.F.);
#3090=ORIENTED_EDGE('',*,*,#2229,.F.);
#3091=ORIENTED_EDGE('',*,*,#2230,.F.);
#3092=ORIENTED_EDGE('',*,*,#2231,.F.);
#3093=ORIENTED_EDGE('',*,*,#2232,.T.);
#3094=ORIENTED_EDGE('',*,*,#2233,.F.);
#3095=ORIENTED_EDGE('',*,*,#2234,.F.);
#3096=ORIENTED_EDGE('',*,*,#2235,.F.);
#3097=ORIENTED_EDGE('',*,*,#2236,.T.);
#3098=ORIENTED_EDGE('',*,*,#2234,.T.);
#3099=ORIENTED_EDGE('',*,*,#2237,.T.);
#3100=ORIENTED_EDGE('',*,*,#2238,.F.);
#3101=ORIENTED_EDGE('',*,*,#2237,.F.);
#3102=ORIENTED_EDGE('',*,*,#2233,.T.);
#3103=ORIENTED_EDGE('',*,*,#2239,.T.);
#3104=ORIENTED_EDGE('',*,*,#2240,.T.);
#3105=ORIENTED_EDGE('',*,*,#2229,.T.);
#3106=ORIENTED_EDGE('',*,*,#2241,.T.);
#3107=ORIENTED_EDGE('',*,*,#2242,.F.);
#3108=ORIENTED_EDGE('',*,*,#2241,.F.);
#3109=ORIENTED_EDGE('',*,*,#2228,.T.);
#3110=ORIENTED_EDGE('',*,*,#2243,.T.);
#3111=ORIENTED_EDGE('',*,*,#2244,.F.);
#3112=ORIENTED_EDGE('',*,*,#2245,.F.);
#3113=ORIENTED_EDGE('',*,*,#2246,.T.);
#3114=ORIENTED_EDGE('',*,*,#2247,.T.);
#3115=ORIENTED_EDGE('',*,*,#2248,.T.);
#3116=ORIENTED_EDGE('',*,*,#2246,.F.);
#3117=ORIENTED_EDGE('',*,*,#2249,.F.);
#3118=ORIENTED_EDGE('',*,*,#2250,.F.);
#3119=ORIENTED_EDGE('',*,*,#2251,.T.);
#3120=ORIENTED_EDGE('',*,*,#2252,.T.);
#3121=ORIENTED_EDGE('',*,*,#2253,.T.);
#3122=ORIENTED_EDGE('',*,*,#2251,.F.);
#3123=ORIENTED_EDGE('',*,*,#2254,.F.);
#3124=ORIENTED_EDGE('',*,*,#2255,.F.);
#3125=ORIENTED_EDGE('',*,*,#2256,.T.);
#3126=ORIENTED_EDGE('',*,*,#2257,.T.);
#3127=ORIENTED_EDGE('',*,*,#2258,.T.);
#3128=ORIENTED_EDGE('',*,*,#2256,.F.);
#3129=ORIENTED_EDGE('',*,*,#2259,.F.);
#3130=ORIENTED_EDGE('',*,*,#2260,.F.);
#3131=ORIENTED_EDGE('',*,*,#2261,.T.);
#3132=ORIENTED_EDGE('',*,*,#2262,.F.);
#3133=ORIENTED_EDGE('',*,*,#2261,.F.);
#3134=ORIENTED_EDGE('',*,*,#2259,.T.);
#3135=ORIENTED_EDGE('',*,*,#2260,.T.);
#3136=ORIENTED_EDGE('',*,*,#2263,.T.);
#3137=ORIENTED_EDGE('',*,*,#2264,.T.);
#3138=ORIENTED_EDGE('',*,*,#2263,.F.);
#3139=ORIENTED_EDGE('',*,*,#2265,.F.);
#3140=ORIENTED_EDGE('',*,*,#2266,.F.);
#3141=ORIENTED_EDGE('',*,*,#2267,.T.);
#3142=ORIENTED_EDGE('',*,*,#2268,.T.);
#3143=ORIENTED_EDGE('',*,*,#2269,.T.);
#3144=ORIENTED_EDGE('',*,*,#2267,.F.);
#3145=ORIENTED_EDGE('',*,*,#2270,.F.);
#3146=ORIENTED_EDGE('',*,*,#2271,.T.);
#3147=ORIENTED_EDGE('',*,*,#2272,.T.);
#3148=ORIENTED_EDGE('',*,*,#2273,.T.);
#3149=ORIENTED_EDGE('',*,*,#2271,.F.);
#3150=ORIENTED_EDGE('',*,*,#2254,.T.);
#3151=ORIENTED_EDGE('',*,*,#2255,.T.);
#3152=ORIENTED_EDGE('',*,*,#2274,.T.);
#3153=ORIENTED_EDGE('',*,*,#2275,.F.);
#3154=ORIENTED_EDGE('',*,*,#2274,.F.);
#3155=ORIENTED_EDGE('',*,*,#2249,.T.);
#3156=ORIENTED_EDGE('',*,*,#2250,.T.);
#3157=ORIENTED_EDGE('',*,*,#2276,.T.);
#3158=ORIENTED_EDGE('',*,*,#2277,.F.);
#3159=ORIENTED_EDGE('',*,*,#2276,.F.);
#3160=ORIENTED_EDGE('',*,*,#2244,.T.);
#3161=ORIENTED_EDGE('',*,*,#2245,.T.);
#3162=ORIENTED_EDGE('',*,*,#2278,.T.);
#3163=ORIENTED_EDGE('',*,*,#2279,.F.);
#3164=ORIENTED_EDGE('',*,*,#2278,.F.);
#3165=ORIENTED_EDGE('',*,*,#2262,.T.);
#3166=ORIENTED_EDGE('',*,*,#2280,.T.);
#3167=ORIENTED_EDGE('',*,*,#2268,.F.);
#3168=ORIENTED_EDGE('',*,*,#2269,.F.);
#3169=ORIENTED_EDGE('',*,*,#2280,.F.);
#3170=ORIENTED_EDGE('',*,*,#2248,.F.);
#3171=ORIENTED_EDGE('',*,*,#2247,.F.);
#3172=ORIENTED_EDGE('',*,*,#2258,.F.);
#3173=ORIENTED_EDGE('',*,*,#2257,.F.);
#3174=ORIENTED_EDGE('',*,*,#2253,.F.);
#3175=ORIENTED_EDGE('',*,*,#2252,.F.);
#3176=ORIENTED_EDGE('',*,*,#2265,.T.);
#3177=ORIENTED_EDGE('',*,*,#2266,.T.);
#3178=ORIENTED_EDGE('',*,*,#2281,.T.);
#3179=ORIENTED_EDGE('',*,*,#2272,.F.);
#3180=ORIENTED_EDGE('',*,*,#2273,.F.);
#3181=ORIENTED_EDGE('',*,*,#2281,.F.);
#3182=ORIENTED_EDGE('',*,*,#2282,.T.);
#3183=ORIENTED_EDGE('',*,*,#2231,.T.);
#3184=ORIENTED_EDGE('',*,*,#2283,.T.);
#3185=ORIENTED_EDGE('',*,*,#2226,.T.);
#3186=ORIENTED_EDGE('',*,*,#2284,.F.);
#3187=ORIENTED_EDGE('',*,*,#2285,.T.);
#3188=ORIENTED_EDGE('',*,*,#2286,.T.);
#3189=ORIENTED_EDGE('',*,*,#2285,.F.);
#3190=ORIENTED_EDGE('',*,*,#2238,.T.);
#3191=ORIENTED_EDGE('',*,*,#2242,.T.);
#3192=ORIENTED_EDGE('',*,*,#2264,.F.);
#3193=ORIENTED_EDGE('',*,*,#2279,.T.);
#3194=ORIENTED_EDGE('',*,*,#2275,.T.);
#3195=ORIENTED_EDGE('',*,*,#2277,.T.);
#3196=ORIENTED_EDGE('',*,*,#2284,.T.);
#3197=ORIENTED_EDGE('',*,*,#2270,.T.);
#3198=ORIENTED_EDGE('',*,*,#2286,.F.);
#3199=ORIENTED_EDGE('',*,*,#2232,.F.);
#3200=ORIENTED_EDGE('',*,*,#2282,.F.);
#3201=ORIENTED_EDGE('',*,*,#2235,.T.);
#3202=ORIENTED_EDGE('',*,*,#2236,.F.);
#3203=ORIENTED_EDGE('',*,*,#2239,.F.);
#3204=ORIENTED_EDGE('',*,*,#2227,.F.);
#3205=ORIENTED_EDGE('',*,*,#2283,.F.);
#3206=ORIENTED_EDGE('',*,*,#2230,.T.);
#3207=ORIENTED_EDGE('',*,*,#2240,.F.);
#3208=ORIENTED_EDGE('',*,*,#2243,.F.);
#3209=ORIENTED_EDGE('',*,*,#2287,.T.);
#3210=ORIENTED_EDGE('',*,*,#2288,.F.);
#3211=ORIENTED_EDGE('',*,*,#2289,.F.);
#3212=ORIENTED_EDGE('',*,*,#2287,.F.);
#3213=ORIENTED_EDGE('',*,*,#2290,.F.);
#3214=ORIENTED_EDGE('',*,*,#2291,.T.);
#3215=ORIENTED_EDGE('',*,*,#2288,.T.);
#3216=ORIENTED_EDGE('',*,*,#2289,.T.);
#3217=ORIENTED_EDGE('',*,*,#2291,.F.);
#3218=ORIENTED_EDGE('',*,*,#2292,.F.);
#3219=ORIENTED_EDGE('',*,*,#2293,.F.);
#3220=ORIENTED_EDGE('',*,*,#2294,.T.);
#3221=ORIENTED_EDGE('',*,*,#2290,.T.);
#3222=ORIENTED_EDGE('',*,*,#2294,.F.);
#3223=ORIENTED_EDGE('',*,*,#2292,.T.);
#3224=ORIENTED_EDGE('',*,*,#2293,.T.);
#3225=ORIENTED_EDGE('',*,*,#2295,.T.);
#3226=ORIENTED_EDGE('',*,*,#2296,.F.);
#3227=ORIENTED_EDGE('',*,*,#2295,.F.);
#3228=ORIENTED_EDGE('',*,*,#2296,.T.);
#3229=ORIENTED_EDGE('',*,*,#2297,.F.);
#3230=ORIENTED_EDGE('',*,*,#2298,.F.);
#3231=ORIENTED_EDGE('',*,*,#2299,.F.);
#3232=ORIENTED_EDGE('',*,*,#2300,.F.);
#3233=ORIENTED_EDGE('',*,*,#2301,.F.);
#3234=ORIENTED_EDGE('',*,*,#2302,.F.);
#3235=ORIENTED_EDGE('',*,*,#2303,.T.);
#3236=ORIENTED_EDGE('',*,*,#2304,.F.);
#3237=ORIENTED_EDGE('',*,*,#2305,.F.);
#3238=ORIENTED_EDGE('',*,*,#2306,.F.);
#3239=ORIENTED_EDGE('',*,*,#2307,.T.);
#3240=ORIENTED_EDGE('',*,*,#2308,.F.);
#3241=ORIENTED_EDGE('',*,*,#2303,.F.);
#3242=ORIENTED_EDGE('',*,*,#2309,.F.);
#3243=ORIENTED_EDGE('',*,*,#2310,.T.);
#3244=ORIENTED_EDGE('',*,*,#2311,.F.);
#3245=ORIENTED_EDGE('',*,*,#2307,.F.);
#3246=ORIENTED_EDGE('',*,*,#2312,.F.);
#3247=ORIENTED_EDGE('',*,*,#2313,.T.);
#3248=ORIENTED_EDGE('',*,*,#2314,.F.);
#3249=ORIENTED_EDGE('',*,*,#2310,.F.);
#3250=ORIENTED_EDGE('',*,*,#2315,.F.);
#3251=ORIENTED_EDGE('',*,*,#2316,.T.);
#3252=ORIENTED_EDGE('',*,*,#2317,.F.);
#3253=ORIENTED_EDGE('',*,*,#2313,.F.);
#3254=ORIENTED_EDGE('',*,*,#2318,.F.);
#3255=ORIENTED_EDGE('',*,*,#2305,.T.);
#3256=ORIENTED_EDGE('',*,*,#2319,.F.);
#3257=ORIENTED_EDGE('',*,*,#2316,.F.);
#3258=ORIENTED_EDGE('',*,*,#2320,.F.);
#3259=ORIENTED_EDGE('',*,*,#2306,.T.);
#3260=ORIENTED_EDGE('',*,*,#2320,.T.);
#3261=ORIENTED_EDGE('',*,*,#2318,.T.);
#3262=ORIENTED_EDGE('',*,*,#2315,.T.);
#3263=ORIENTED_EDGE('',*,*,#2312,.T.);
#3264=ORIENTED_EDGE('',*,*,#2309,.T.);
#3265=ORIENTED_EDGE('',*,*,#2308,.T.);
#3266=ORIENTED_EDGE('',*,*,#2299,.T.);
#3267=ORIENTED_EDGE('',*,*,#2311,.T.);
#3268=ORIENTED_EDGE('',*,*,#2300,.T.);
#3269=ORIENTED_EDGE('',*,*,#2314,.T.);
#3270=ORIENTED_EDGE('',*,*,#2301,.T.);
#3271=ORIENTED_EDGE('',*,*,#2317,.T.);
#3272=ORIENTED_EDGE('',*,*,#2302,.T.);
#3273=ORIENTED_EDGE('',*,*,#2319,.T.);
#3274=ORIENTED_EDGE('',*,*,#2297,.T.);
#3275=ORIENTED_EDGE('',*,*,#2304,.T.);
#3276=ORIENTED_EDGE('',*,*,#2298,.T.);
#3277=ORIENTED_EDGE('',*,*,#2321,.T.);
#3278=ORIENTED_EDGE('',*,*,#2322,.F.);
#3279=ORIENTED_EDGE('',*,*,#2323,.F.);
#3280=ORIENTED_EDGE('',*,*,#2321,.F.);
#3281=ORIENTED_EDGE('',*,*,#2324,.F.);
#3282=ORIENTED_EDGE('',*,*,#2325,.T.);
#3283=ORIENTED_EDGE('',*,*,#2322,.T.);
#3284=ORIENTED_EDGE('',*,*,#2323,.T.);
#3285=ORIENTED_EDGE('',*,*,#2325,.F.);
#3286=ORIENTED_EDGE('',*,*,#2326,.F.);
#3287=ORIENTED_EDGE('',*,*,#2327,.F.);
#3288=ORIENTED_EDGE('',*,*,#2328,.T.);
#3289=ORIENTED_EDGE('',*,*,#2324,.T.);
#3290=ORIENTED_EDGE('',*,*,#2328,.F.);
#3291=ORIENTED_EDGE('',*,*,#2326,.T.);
#3292=ORIENTED_EDGE('',*,*,#2327,.T.);
#3293=ORIENTED_EDGE('',*,*,#2329,.T.);
#3294=ORIENTED_EDGE('',*,*,#2330,.F.);
#3295=ORIENTED_EDGE('',*,*,#2329,.F.);
#3296=ORIENTED_EDGE('',*,*,#2330,.T.);
#3297=ORIENTED_EDGE('',*,*,#2331,.F.);
#3298=ORIENTED_EDGE('',*,*,#2332,.F.);
#3299=ORIENTED_EDGE('',*,*,#2333,.F.);
#3300=ORIENTED_EDGE('',*,*,#2334,.F.);
#3301=ORIENTED_EDGE('',*,*,#2335,.F.);
#3302=ORIENTED_EDGE('',*,*,#2336,.F.);
#3303=ORIENTED_EDGE('',*,*,#2337,.T.);
#3304=ORIENTED_EDGE('',*,*,#2338,.F.);
#3305=ORIENTED_EDGE('',*,*,#2339,.F.);
#3306=ORIENTED_EDGE('',*,*,#2340,.F.);
#3307=ORIENTED_EDGE('',*,*,#2341,.T.);
#3308=ORIENTED_EDGE('',*,*,#2342,.F.);
#3309=ORIENTED_EDGE('',*,*,#2337,.F.);
#3310=ORIENTED_EDGE('',*,*,#2343,.F.);
#3311=ORIENTED_EDGE('',*,*,#2344,.T.);
#3312=ORIENTED_EDGE('',*,*,#2345,.F.);
#3313=ORIENTED_EDGE('',*,*,#2341,.F.);
#3314=ORIENTED_EDGE('',*,*,#2346,.F.);
#3315=ORIENTED_EDGE('',*,*,#2347,.T.);
#3316=ORIENTED_EDGE('',*,*,#2348,.F.);
#3317=ORIENTED_EDGE('',*,*,#2344,.F.);
#3318=ORIENTED_EDGE('',*,*,#2349,.F.);
#3319=ORIENTED_EDGE('',*,*,#2350,.T.);
#3320=ORIENTED_EDGE('',*,*,#2351,.F.);
#3321=ORIENTED_EDGE('',*,*,#2347,.F.);
#3322=ORIENTED_EDGE('',*,*,#2352,.F.);
#3323=ORIENTED_EDGE('',*,*,#2339,.T.);
#3324=ORIENTED_EDGE('',*,*,#2353,.F.);
#3325=ORIENTED_EDGE('',*,*,#2350,.F.);
#3326=ORIENTED_EDGE('',*,*,#2354,.F.);
#3327=ORIENTED_EDGE('',*,*,#2340,.T.);
#3328=ORIENTED_EDGE('',*,*,#2354,.T.);
#3329=ORIENTED_EDGE('',*,*,#2352,.T.);
#3330=ORIENTED_EDGE('',*,*,#2349,.T.);
#3331=ORIENTED_EDGE('',*,*,#2346,.T.);
#3332=ORIENTED_EDGE('',*,*,#2343,.T.);
#3333=ORIENTED_EDGE('',*,*,#2342,.T.);
#3334=ORIENTED_EDGE('',*,*,#2333,.T.);
#3335=ORIENTED_EDGE('',*,*,#2345,.T.);
#3336=ORIENTED_EDGE('',*,*,#2334,.T.);
#3337=ORIENTED_EDGE('',*,*,#2348,.T.);
#3338=ORIENTED_EDGE('',*,*,#2335,.T.);
#3339=ORIENTED_EDGE('',*,*,#2351,.T.);
#3340=ORIENTED_EDGE('',*,*,#2336,.T.);
#3341=ORIENTED_EDGE('',*,*,#2353,.T.);
#3342=ORIENTED_EDGE('',*,*,#2331,.T.);
#3343=ORIENTED_EDGE('',*,*,#2338,.T.);
#3344=ORIENTED_EDGE('',*,*,#2332,.T.);
#3345=CYLINDRICAL_SURFACE('',#3717,0.13);
#3346=CYLINDRICAL_SURFACE('',#3720,0.13);
#3347=CYLINDRICAL_SURFACE('',#3723,0.13);
#3348=CYLINDRICAL_SURFACE('',#3730,0.123621386968582);
#3349=CYLINDRICAL_SURFACE('',#3734,0.123621386968582);
#3350=CYLINDRICAL_SURFACE('',#3738,0.123621386968582);
#3351=CYLINDRICAL_SURFACE('',#3742,0.123621386968582);
#3352=CYLINDRICAL_SURFACE('',#3746,0.123621386968582);
#3353=CYLINDRICAL_SURFACE('',#3748,2.875);
#3354=CYLINDRICAL_SURFACE('',#3750,2.275);
#3355=CYLINDRICAL_SURFACE('',#3756,0.112);
#3356=CYLINDRICAL_SURFACE('',#3758,0.112);
#3357=CYLINDRICAL_SURFACE('',#3760,0.112);
#3358=CYLINDRICAL_SURFACE('',#3765,0.112);
#3359=CYLINDRICAL_SURFACE('',#3767,0.112);
#3360=CYLINDRICAL_SURFACE('',#3769,0.112);
#3361=CYLINDRICAL_SURFACE('',#3774,0.112);
#3362=CYLINDRICAL_SURFACE('',#3777,0.112);
#3363=CYLINDRICAL_SURFACE('',#3780,0.112);
#3364=CYLINDRICAL_SURFACE('',#3783,0.112);
#3365=CYLINDRICAL_SURFACE('',#3786,0.112);
#3366=CYLINDRICAL_SURFACE('',#3789,0.112);
#3367=CYLINDRICAL_SURFACE('',#3792,0.112);
#3368=CYLINDRICAL_SURFACE('',#3795,0.112);
#3369=CYLINDRICAL_SURFACE('',#3798,0.112);
#3370=CYLINDRICAL_SURFACE('',#3801,0.112);
#3371=CYLINDRICAL_SURFACE('',#3804,0.112);
#3372=CYLINDRICAL_SURFACE('',#3807,0.112);
#3373=CYLINDRICAL_SURFACE('',#3810,0.112);
#3374=CYLINDRICAL_SURFACE('',#3813,0.112);
#3375=CYLINDRICAL_SURFACE('',#3816,0.112);
#3376=CYLINDRICAL_SURFACE('',#3819,0.112);
#3377=CYLINDRICAL_SURFACE('',#3822,0.112);
#3378=CYLINDRICAL_SURFACE('',#3825,0.112);
#3379=CYLINDRICAL_SURFACE('',#3828,0.112);
#3380=CYLINDRICAL_SURFACE('',#3831,0.112);
#3381=CYLINDRICAL_SURFACE('',#3834,0.112);
#3382=CYLINDRICAL_SURFACE('',#3837,0.112);
#3383=CYLINDRICAL_SURFACE('',#3840,0.112);
#3384=CYLINDRICAL_SURFACE('',#3843,0.112);
#3385=CYLINDRICAL_SURFACE('',#3846,0.112);
#3386=CYLINDRICAL_SURFACE('',#3849,0.112);
#3387=CYLINDRICAL_SURFACE('',#3852,0.112);
#3388=CYLINDRICAL_SURFACE('',#3855,0.112);
#3389=CYLINDRICAL_SURFACE('',#3858,0.112);
#3390=CYLINDRICAL_SURFACE('',#3861,0.112);
#3391=CYLINDRICAL_SURFACE('',#3864,0.123621386968582);
#3392=CYLINDRICAL_SURFACE('',#3892,2.90500000000001);
#3393=CYLINDRICAL_SURFACE('',#3893,0.199999999999998);
#3394=CYLINDRICAL_SURFACE('',#3895,0.200000000000001);
#3395=CYLINDRICAL_SURFACE('',#3897,0.200000000000001);
#3396=CYLINDRICAL_SURFACE('',#3899,0.199999999999998);
#3397=CYLINDRICAL_SURFACE('',#3900,2.875);
#3398=CYLINDRICAL_SURFACE('',#3910,2.87499999999831);
#3399=CYLINDRICAL_SURFACE('',#3913,2.905);
#3400=CYLINDRICAL_SURFACE('',#3916,9.);
#3401=CYLINDRICAL_SURFACE('',#3925,8.905);
#3402=CYLINDRICAL_SURFACE('',#3948,0.0885);
#3403=CYLINDRICAL_SURFACE('',#3949,0.0885);
#3404=CYLINDRICAL_SURFACE('',#3950,0.0885);
#3405=CYLINDRICAL_SURFACE('',#3951,0.0885);
#3406=CYLINDRICAL_SURFACE('',#3952,0.0885);
#3407=CYLINDRICAL_SURFACE('',#3953,0.0885);
#3408=CYLINDRICAL_SURFACE('',#3954,0.2);
#3409=CYLINDRICAL_SURFACE('',#3955,0.2);
#3410=CYLINDRICAL_SURFACE('',#3956,0.2);
#3411=CYLINDRICAL_SURFACE('',#3957,0.2);
#3412=CYLINDRICAL_SURFACE('',#3958,0.2);
#3413=CYLINDRICAL_SURFACE('',#3959,0.2);
#3414=CYLINDRICAL_SURFACE('',#3960,0.375);
#3415=CYLINDRICAL_SURFACE('',#3962,0.375);
#3416=CYLINDRICAL_SURFACE('',#3964,0.375);
#3417=CYLINDRICAL_SURFACE('',#3966,0.375);
#3418=CYLINDRICAL_SURFACE('',#3968,0.375);
#3419=CYLINDRICAL_SURFACE('',#3970,0.375);
#3420=CYLINDRICAL_SURFACE('',#3989,0.412);
#3421=CYLINDRICAL_SURFACE('',#3992,0.5234375);
#3422=CYLINDRICAL_SURFACE('',#3997,0.0559046107223991);
#3423=CYLINDRICAL_SURFACE('',#3999,0.125);
#3424=CYLINDRICAL_SURFACE('',#4000,0.125);
#3425=CYLINDRICAL_SURFACE('',#4015,1.375);
#3426=CYLINDRICAL_SURFACE('',#4028,0.135);
#3427=CYLINDRICAL_SURFACE('',#4030,0.135);
#3428=CYLINDRICAL_SURFACE('',#4032,0.135);
#3429=CYLINDRICAL_SURFACE('',#4036,0.5);
#3430=CYLINDRICAL_SURFACE('',#4046,0.125);
#3431=CYLINDRICAL_SURFACE('',#4076,0.125);
#3432=ADVANCED_FACE('',(#435),#3345,.F.);
#3433=ADVANCED_FACE('',(#436),#3346,.F.);
#3434=ADVANCED_FACE('',(#437),#3347,.F.);
#3435=ADVANCED_FACE('',(#438,#253,#254,#255),#339,.T.);
#3436=ADVANCED_FACE('',(#439),#340,.T.);
#3437=ADVANCED_FACE('',(#440),#3348,.F.);
#3438=ADVANCED_FACE('',(#441),#341,.T.);
#3439=ADVANCED_FACE('',(#442),#3349,.F.);
#3440=ADVANCED_FACE('',(#443),#342,.T.);
#3441=ADVANCED_FACE('',(#444),#3350,.F.);
#3442=ADVANCED_FACE('',(#445),#343,.T.);
#3443=ADVANCED_FACE('',(#446),#3351,.F.);
#3444=ADVANCED_FACE('',(#447),#344,.T.);
#3445=ADVANCED_FACE('',(#448),#3352,.F.);
#3446=ADVANCED_FACE('',(#449,#256,#257,#258,#259,#260,#261,#262,#263,#264,
#265,#266,#267,#268,#269,#270,#271,#272,#273,#274,#275,#276,#277,#278,#279,
#280,#281,#282,#283,#284,#285,#286,#287,#288,#289,#290,#291),#3353,.T.);
#3447=ADVANCED_FACE('',(#450),#3354,.F.);
#3448=ADVANCED_FACE('',(#451,#292,#293,#294,#295,#296,#297,#298),#345,.T.);
#3449=ADVANCED_FACE('',(#452,#299,#300,#301),#346,.F.);
#3450=ADVANCED_FACE('',(#453),#3355,.F.);
#3451=ADVANCED_FACE('',(#454),#3356,.F.);
#3452=ADVANCED_FACE('',(#455),#3357,.F.);
#3453=ADVANCED_FACE('',(#456),#347,.T.);
#3454=ADVANCED_FACE('',(#457),#348,.T.);
#3455=ADVANCED_FACE('',(#458),#349,.T.);
#3456=ADVANCED_FACE('',(#459),#3358,.F.);
#3457=ADVANCED_FACE('',(#460),#3359,.F.);
#3458=ADVANCED_FACE('',(#461),#3360,.F.);
#3459=ADVANCED_FACE('',(#462),#350,.T.);
#3460=ADVANCED_FACE('',(#463),#351,.T.);
#3461=ADVANCED_FACE('',(#464),#352,.T.);
#3462=ADVANCED_FACE('',(#465),#3361,.F.);
#3463=ADVANCED_FACE('',(#466),#353,.T.);
#3464=ADVANCED_FACE('',(#467),#3362,.F.);
#3465=ADVANCED_FACE('',(#468),#354,.T.);
#3466=ADVANCED_FACE('',(#469),#3363,.F.);
#3467=ADVANCED_FACE('',(#470),#355,.T.);
#3468=ADVANCED_FACE('',(#471),#3364,.F.);
#3469=ADVANCED_FACE('',(#472),#356,.T.);
#3470=ADVANCED_FACE('',(#473),#3365,.F.);
#3471=ADVANCED_FACE('',(#474),#357,.T.);
#3472=ADVANCED_FACE('',(#475),#3366,.F.);
#3473=ADVANCED_FACE('',(#476),#358,.T.);
#3474=ADVANCED_FACE('',(#477),#3367,.F.);
#3475=ADVANCED_FACE('',(#478),#359,.T.);
#3476=ADVANCED_FACE('',(#479),#3368,.F.);
#3477=ADVANCED_FACE('',(#480),#360,.T.);
#3478=ADVANCED_FACE('',(#481),#3369,.F.);
#3479=ADVANCED_FACE('',(#482),#361,.T.);
#3480=ADVANCED_FACE('',(#483),#3370,.F.);
#3481=ADVANCED_FACE('',(#484),#362,.T.);
#3482=ADVANCED_FACE('',(#485),#3371,.F.);
#3483=ADVANCED_FACE('',(#486),#363,.T.);
#3484=ADVANCED_FACE('',(#487),#3372,.F.);
#3485=ADVANCED_FACE('',(#488),#364,.T.);
#3486=ADVANCED_FACE('',(#489),#3373,.F.);
#3487=ADVANCED_FACE('',(#490),#365,.T.);
#3488=ADVANCED_FACE('',(#491),#3374,.F.);
#3489=ADVANCED_FACE('',(#492),#366,.T.);
#3490=ADVANCED_FACE('',(#493),#3375,.F.);
#3491=ADVANCED_FACE('',(#494),#367,.T.);
#3492=ADVANCED_FACE('',(#495),#3376,.F.);
#3493=ADVANCED_FACE('',(#496),#368,.T.);
#3494=ADVANCED_FACE('',(#497),#3377,.F.);
#3495=ADVANCED_FACE('',(#498),#369,.T.);
#3496=ADVANCED_FACE('',(#499),#3378,.F.);
#3497=ADVANCED_FACE('',(#500),#370,.T.);
#3498=ADVANCED_FACE('',(#501),#3379,.F.);
#3499=ADVANCED_FACE('',(#502),#371,.T.);
#3500=ADVANCED_FACE('',(#503),#3380,.F.);
#3501=ADVANCED_FACE('',(#504),#372,.T.);
#3502=ADVANCED_FACE('',(#505),#3381,.F.);
#3503=ADVANCED_FACE('',(#506),#373,.T.);
#3504=ADVANCED_FACE('',(#507),#3382,.F.);
#3505=ADVANCED_FACE('',(#508),#374,.T.);
#3506=ADVANCED_FACE('',(#509),#3383,.F.);
#3507=ADVANCED_FACE('',(#510),#375,.T.);
#3508=ADVANCED_FACE('',(#511),#3384,.F.);
#3509=ADVANCED_FACE('',(#512),#376,.T.);
#3510=ADVANCED_FACE('',(#513),#3385,.F.);
#3511=ADVANCED_FACE('',(#514),#377,.T.);
#3512=ADVANCED_FACE('',(#515),#3386,.F.);
#3513=ADVANCED_FACE('',(#516),#378,.T.);
#3514=ADVANCED_FACE('',(#517),#3387,.F.);
#3515=ADVANCED_FACE('',(#518),#379,.T.);
#3516=ADVANCED_FACE('',(#519),#3388,.F.);
#3517=ADVANCED_FACE('',(#520),#380,.T.);
#3518=ADVANCED_FACE('',(#521),#3389,.F.);
#3519=ADVANCED_FACE('',(#522),#381,.T.);
#3520=ADVANCED_FACE('',(#523),#3390,.F.);
#3521=ADVANCED_FACE('',(#524),#382,.T.);
#3522=ADVANCED_FACE('',(#525),#3391,.F.);
#3523=ADVANCED_FACE('',(#526),#383,.T.);
#3524=ADVANCED_FACE('',(#527),#81,.T.);
#3525=ADVANCED_FACE('',(#528),#384,.T.);
#3526=ADVANCED_FACE('',(#529),#82,.F.);
#3527=ADVANCED_FACE('',(#530),#385,.T.);
#3528=ADVANCED_FACE('',(#531),#386,.T.);
#3529=ADVANCED_FACE('',(#532),#387,.F.);
#3530=ADVANCED_FACE('',(#533),#388,.T.);
#3531=ADVANCED_FACE('',(#534,#302),#389,.F.);
#3532=ADVANCED_FACE('',(#535),#3392,.T.);
#3533=ADVANCED_FACE('',(#536),#3393,.T.);
#3534=ADVANCED_FACE('',(#537),#390,.T.);
#3535=ADVANCED_FACE('',(#538),#3394,.F.);
#3536=ADVANCED_FACE('',(#539),#391,.T.);
#3537=ADVANCED_FACE('',(#540),#3395,.F.);
#3538=ADVANCED_FACE('',(#541),#392,.T.);
#3539=ADVANCED_FACE('',(#542),#3396,.T.);
#3540=ADVANCED_FACE('',(#543),#3397,.F.);
#3541=ADVANCED_FACE('',(#544),#393,.T.);
#3542=ADVANCED_FACE('',(#545),#394,.T.);
#3543=ADVANCED_FACE('',(#546),#395,.T.);
#3544=ADVANCED_FACE('',(#547),#396,.T.);
#3545=ADVANCED_FACE('',(#548),#397,.T.);
#3546=ADVANCED_FACE('',(#549),#398,.T.);
#3547=ADVANCED_FACE('',(#550),#399,.T.);
#3548=ADVANCED_FACE('',(#551),#400,.F.);
#3549=ADVANCED_FACE('',(#552,#303,#304,#305,#306,#307,#308,#309,#310,#311),
#3398,.F.);
#3550=ADVANCED_FACE('',(#553,#312,#313,#314),#3399,.T.);
#3551=ADVANCED_FACE('',(#554),#3400,.T.);
#3552=ADVANCED_FACE('',(#555),#401,.F.);
#3553=ADVANCED_FACE('',(#556,#315,#316,#317),#402,.T.);
#3554=ADVANCED_FACE('',(#557),#403,.F.);
#3555=ADVANCED_FACE('',(#558),#3401,.F.);
#3556=ADVANCED_FACE('',(#559),#404,.T.);
#3557=ADVANCED_FACE('',(#560,#318,#319,#320),#405,.T.);
#3558=ADVANCED_FACE('',(#561),#406,.T.);
#3559=ADVANCED_FACE('',(#562,#321),#407,.T.);
#3560=ADVANCED_FACE('',(#563,#322),#408,.F.);
#3561=ADVANCED_FACE('',(#564),#3402,.F.);
#3562=ADVANCED_FACE('',(#565),#3403,.F.);
#3563=ADVANCED_FACE('',(#566),#3404,.F.);
#3564=ADVANCED_FACE('',(#567),#3405,.F.);
#3565=ADVANCED_FACE('',(#568),#3406,.F.);
#3566=ADVANCED_FACE('',(#569),#3407,.F.);
#3567=ADVANCED_FACE('',(#570),#3408,.F.);
#3568=ADVANCED_FACE('',(#571),#3409,.F.);
#3569=ADVANCED_FACE('',(#572),#3410,.F.);
#3570=ADVANCED_FACE('',(#573),#3411,.F.);
#3571=ADVANCED_FACE('',(#574),#3412,.T.);
#3572=ADVANCED_FACE('',(#575),#3413,.T.);
#3573=ADVANCED_FACE('',(#576),#3414,.F.);
#3574=ADVANCED_FACE('',(#577),#409,.T.);
#3575=ADVANCED_FACE('',(#578),#3415,.F.);
#3576=ADVANCED_FACE('',(#579),#410,.F.);
#3577=ADVANCED_FACE('',(#580),#3416,.F.);
#3578=ADVANCED_FACE('',(#581),#411,.T.);
#3579=ADVANCED_FACE('',(#582),#3417,.F.);
#3580=ADVANCED_FACE('',(#583),#412,.F.);
#3581=ADVANCED_FACE('',(#584),#3418,.F.);
#3582=ADVANCED_FACE('',(#585),#413,.T.);
#3583=ADVANCED_FACE('',(#586),#3419,.F.);
#3584=ADVANCED_FACE('',(#587),#414,.F.);
#3585=ADVANCED_FACE('',(#588),#83,.T.);
#3586=ADVANCED_FACE('',(#589),#84,.T.);
#3587=ADVANCED_FACE('',(#590),#85,.T.);
#3588=ADVANCED_FACE('',(#591),#86,.T.);
#3589=ADVANCED_FACE('',(#592),#3420,.F.);
#3590=ADVANCED_FACE('',(#593),#3421,.T.);
#3591=ADVANCED_FACE('',(#594,#323),#415,.T.);
#3592=ADVANCED_FACE('',(#595,#324),#416,.F.);
#3593=ADVANCED_FACE('',(#596),#3422,.T.);
#3594=ADVANCED_FACE('',(#597),#17,.T.);
#3595=ADVANCED_FACE('',(#598),#18,.T.);
#3596=ADVANCED_FACE('',(#599),#3423,.F.);
#3597=ADVANCED_FACE('',(#600),#3424,.F.);
#3598=ADVANCED_FACE('',(#601),#87,.F.);
#3599=ADVANCED_FACE('',(#602),#88,.F.);
#3600=ADVANCED_FACE('',(#603),#89,.F.);
#3601=ADVANCED_FACE('',(#604),#14,.T.);
#3602=ADVANCED_FACE('',(#605),#3425,.T.);
#3603=ADVANCED_FACE('',(#606),#15,.F.);
#3604=ADVANCED_FACE('',(#607),#16,.T.);
#3605=ADVANCED_FACE('',(#608),#3426,.F.);
#3606=ADVANCED_FACE('',(#609),#3427,.F.);
#3607=ADVANCED_FACE('',(#610),#3428,.F.);
#3608=ADVANCED_FACE('',(#611,#325,#326,#327),#90,.T.);
#3609=ADVANCED_FACE('',(#612,#328,#329),#91,.T.);
#3610=ADVANCED_FACE('',(#613,#330,#331),#3429,.F.);
#3611=ADVANCED_FACE('',(#614,#332,#333,#334,#335),#417,.F.);
#3612=ADVANCED_FACE('',(#615,#336),#418,.F.);
#3613=ADVANCED_FACE('',(#616),#19,.T.);
#3614=ADVANCED_FACE('',(#617),#20,.T.);
#3615=ADVANCED_FACE('',(#618),#92,.F.);
#3616=ADVANCED_FACE('',(#619),#93,.T.);
#3617=ADVANCED_FACE('',(#620),#3430,.T.);
#3618=ADVANCED_FACE('',(#621),#94,.T.);
#3619=ADVANCED_FACE('',(#622,#337),#419,.F.);
#3620=ADVANCED_FACE('',(#623),#420,.F.);
#3621=ADVANCED_FACE('',(#624),#421,.F.);
#3622=ADVANCED_FACE('',(#625),#422,.F.);
#3623=ADVANCED_FACE('',(#626),#423,.F.);
#3624=ADVANCED_FACE('',(#627),#424,.F.);
#3625=ADVANCED_FACE('',(#628),#425,.F.);
#3626=ADVANCED_FACE('',(#629),#426,.T.);
#3627=ADVANCED_FACE('',(#630),#95,.F.);
#3628=ADVANCED_FACE('',(#631),#96,.F.);
#3629=ADVANCED_FACE('',(#632),#97,.F.);
#3630=ADVANCED_FACE('',(#633),#98,.F.);
#3631=ADVANCED_FACE('',(#634),#99,.F.);
#3632=ADVANCED_FACE('',(#635),#100,.F.);
#3633=ADVANCED_FACE('',(#636),#101,.F.);
#3634=ADVANCED_FACE('',(#637),#102,.T.);
#3635=ADVANCED_FACE('',(#638),#3431,.T.);
#3636=ADVANCED_FACE('',(#639),#103,.T.);
#3637=ADVANCED_FACE('',(#640,#338),#427,.F.);
#3638=ADVANCED_FACE('',(#641),#428,.F.);
#3639=ADVANCED_FACE('',(#642),#429,.F.);
#3640=ADVANCED_FACE('',(#643),#430,.F.);
#3641=ADVANCED_FACE('',(#644),#431,.F.);
#3642=ADVANCED_FACE('',(#645),#432,.F.);
#3643=ADVANCED_FACE('',(#646),#433,.F.);
#3644=ADVANCED_FACE('',(#647),#434,.T.);
#3645=ADVANCED_FACE('',(#648),#104,.F.);
#3646=ADVANCED_FACE('',(#649),#105,.F.);
#3647=ADVANCED_FACE('',(#650),#106,.F.);
#3648=ADVANCED_FACE('',(#651),#107,.F.);
#3649=ADVANCED_FACE('',(#652),#108,.F.);
#3650=ADVANCED_FACE('',(#653),#109,.F.);
#3651=CLOSED_SHELL('',(#3432,#3433,#3434,#3435,#3436,#3437,#3438,#3439,
#3440,#3441,#3442,#3443,#3444,#3445,#3446,#3447,#3448,#3449,#3450,#3451,
#3452,#3453,#3454,#3455,#3456,#3457,#3458,#3459,#3460,#3461,#3462,#3463,
#3464,#3465,#3466,#3467,#3468,#3469,#3470,#3471,#3472,#3473,#3474,#3475,
#3476,#3477,#3478,#3479,#3480,#3481,#3482,#3483,#3484,#3485,#3486,#3487,
#3488,#3489,#3490,#3491,#3492,#3493,#3494,#3495,#3496,#3497,#3498,#3499,
#3500,#3501,#3502,#3503,#3504,#3505,#3506,#3507,#3508,#3509,#3510,#3511,
#3512,#3513,#3514,#3515,#3516,#3517,#3518,#3519,#3520,#3521,#3522,#3523));
#3652=CLOSED_SHELL('',(#3524,#3525,#3526,#3527,#3528,#3529,#3530,#3531,
#3532,#3533,#3534,#3535,#3536,#3537,#3538,#3539,#3540,#3541,#3542));
#3653=CLOSED_SHELL('',(#3543,#3544,#3545,#3546,#3547,#3548));
#3654=CLOSED_SHELL('',(#3549,#3550,#3551,#3552,#3553,#3554,#3555,#3556,
#3557,#3558,#3559,#3560,#3561,#3562,#3563,#3564,#3565,#3566,#3567,#3568,
#3569,#3570,#3571,#3572,#3573,#3574,#3575,#3576,#3577,#3578,#3579,#3580,
#3581,#3582,#3583,#3584));
#3655=CLOSED_SHELL('',(#3585,#3586,#3587,#3588,#3589,#3590,#3591,#3592,
#3593));
#3656=CLOSED_SHELL('',(#3594,#3595,#3596,#3597,#3598,#3599,#3600,#3601,
#3602,#3603,#3604,#3605,#3606,#3607,#3608,#3609,#3610,#3611,#3612,#3613,
#3614));
#3657=CLOSED_SHELL('',(#3615,#3616,#3617,#3618,#3619,#3620,#3621,#3622,
#3623,#3624,#3625,#3626,#3627,#3628,#3629,#3630,#3631,#3632));
#3658=CLOSED_SHELL('',(#3633,#3634,#3635,#3636,#3637,#3638,#3639,#3640,
#3641,#3642,#3643,#3644,#3645,#3646,#3647,#3648,#3649,#3650));
#3659=DERIVED_UNIT_ELEMENT(#3669,1.);
#3660=DERIVED_UNIT_ELEMENT(#8868,-3.);
#3661=DERIVED_UNIT_ELEMENT(#3669,1.);
#3662=DERIVED_UNIT_ELEMENT(#8868,-3.);
#3663=DERIVED_UNIT_ELEMENT(#3669,1.);
#3664=DERIVED_UNIT_ELEMENT(#8868,-3.);
#3665=DERIVED_UNIT_ELEMENT(#3669,1.);
#3666=DERIVED_UNIT_ELEMENT(#8868,-3.);
#3667=DERIVED_UNIT_ELEMENT(#3669,1.);
#3668=DERIVED_UNIT_ELEMENT(#8868,-3.);
#3669=(
MASS_UNIT()
NAMED_UNIT(*)
SI_UNIT(.KILO.,.GRAM.)
);
#3670=DERIVED_UNIT((#3659,#3660));
#3671=DERIVED_UNIT((#3661,#3662));
#3672=DERIVED_UNIT((#3663,#3664));
#3673=DERIVED_UNIT((#3665,#3666));
#3674=DERIVED_UNIT((#3667,#3668));
#3675=MEASURE_REPRESENTATION_ITEM('density measure',
POSITIVE_RATIO_MEASURE(7850.),#3670);
#3676=MEASURE_REPRESENTATION_ITEM('density measure',
POSITIVE_RATIO_MEASURE(1060.),#3671);
#3677=MEASURE_REPRESENTATION_ITEM('density measure',
POSITIVE_RATIO_MEASURE(7850.),#3672);
#3678=MEASURE_REPRESENTATION_ITEM('density measure',
POSITIVE_RATIO_MEASURE(7850.),#3673);
#3679=MEASURE_REPRESENTATION_ITEM('density measure',
POSITIVE_RATIO_MEASURE(7850.),#3674);
#3680=PROPERTY_DEFINITION_REPRESENTATION(#3705,#3690);
#3681=PROPERTY_DEFINITION_REPRESENTATION(#3706,#3691);
#3682=PROPERTY_DEFINITION_REPRESENTATION(#3707,#3692);
#3683=PROPERTY_DEFINITION_REPRESENTATION(#3708,#3693);
#3684=PROPERTY_DEFINITION_REPRESENTATION(#3709,#3694);
#3685=PROPERTY_DEFINITION_REPRESENTATION(#3710,#3695);
#3686=PROPERTY_DEFINITION_REPRESENTATION(#3711,#3696);
#3687=PROPERTY_DEFINITION_REPRESENTATION(#3712,#3697);
#3688=PROPERTY_DEFINITION_REPRESENTATION(#3713,#3698);
#3689=PROPERTY_DEFINITION_REPRESENTATION(#3714,#3699);
#3690=REPRESENTATION('material name',(#3700),#8858);
#3691=REPRESENTATION('density',(#3675),#8858);
#3692=REPRESENTATION('material name',(#3701),#8860);
#3693=REPRESENTATION('density',(#3676),#8860);
#3694=REPRESENTATION('material name',(#3702),#8861);
#3695=REPRESENTATION('density',(#3677),#8861);
#3696=REPRESENTATION('material name',(#3703),#8862);
#3697=REPRESENTATION('density',(#3678),#8862);
#3698=REPRESENTATION('material name',(#3704),#8863);
#3699=REPRESENTATION('density',(#3679),#8863);
#3700=DESCRIPTIVE_REPRESENTATION_ITEM('Steel','Steel');
#3701=DESCRIPTIVE_REPRESENTATION_ITEM('ABS Plastic','ABS Plastic');
#3702=DESCRIPTIVE_REPRESENTATION_ITEM('Steel','Steel');
#3703=DESCRIPTIVE_REPRESENTATION_ITEM('Steel','Steel');
#3704=DESCRIPTIVE_REPRESENTATION_ITEM('Steel','Steel');
#3705=PROPERTY_DEFINITION('material property','material name',#8906);
#3706=PROPERTY_DEFINITION('material property','density of part',#8906);
#3707=PROPERTY_DEFINITION('material property','material name',#8908);
#3708=PROPERTY_DEFINITION('material property','density of part',#8908);
#3709=PROPERTY_DEFINITION('material property','material name',#8909);
#3710=PROPERTY_DEFINITION('material property','density of part',#8909);
#3711=PROPERTY_DEFINITION('material property','material name',#8910);
#3712=PROPERTY_DEFINITION('material property','density of part',#8910);
#3713=PROPERTY_DEFINITION('material property','material name',#8911);
#3714=PROPERTY_DEFINITION('material property','density of part',#8911);
#3715=AXIS2_PLACEMENT_3D('',#5106,#4112,#4113);
#3716=AXIS2_PLACEMENT_3D('',#5107,#4114,#4115);
#3717=AXIS2_PLACEMENT_3D('',#5108,#4116,#4117);
#3718=AXIS2_PLACEMENT_3D('',#5110,#4118,#4119);
#3719=AXIS2_PLACEMENT_3D('',#5113,#4121,#4122);
#3720=AXIS2_PLACEMENT_3D('',#5114,#4123,#4124);
#3721=AXIS2_PLACEMENT_3D('',#5116,#4125,#4126);
#3722=AXIS2_PLACEMENT_3D('',#5119,#4128,#4129);
#3723=AXIS2_PLACEMENT_3D('',#5120,#4130,#4131);
#3724=AXIS2_PLACEMENT_3D('',#5122,#4132,#4133);
#3725=AXIS2_PLACEMENT_3D('',#5125,#4135,#4136);
#3726=AXIS2_PLACEMENT_3D('',#5126,#4137,#4138);
#3727=AXIS2_PLACEMENT_3D('',#5128,#4139,#4140);
#3728=AXIS2_PLACEMENT_3D('',#5129,#4141,#4142);
#3729=AXIS2_PLACEMENT_3D('',#5131,#4143,#4144);
#3730=AXIS2_PLACEMENT_3D('',#5132,#4145,#4146);
#3731=AXIS2_PLACEMENT_3D('',#5135,#4148,#4149);
#3732=AXIS2_PLACEMENT_3D('',#5136,#4150,#4151);
#3733=AXIS2_PLACEMENT_3D('',#5138,#4152,#4153);
#3734=AXIS2_PLACEMENT_3D('',#5139,#4154,#4155);
#3735=AXIS2_PLACEMENT_3D('',#5142,#4157,#4158);
#3736=AXIS2_PLACEMENT_3D('',#5143,#4159,#4160);
#3737=AXIS2_PLACEMENT_3D('',#5145,#4161,#4162);
#3738=AXIS2_PLACEMENT_3D('',#5146,#4163,#4164);
#3739=AXIS2_PLACEMENT_3D('',#5149,#4166,#4167);
#3740=AXIS2_PLACEMENT_3D('',#5150,#4168,#4169);
#3741=AXIS2_PLACEMENT_3D('',#5152,#4170,#4171);
#3742=AXIS2_PLACEMENT_3D('',#5153,#4172,#4173);
#3743=AXIS2_PLACEMENT_3D('',#5156,#4175,#4176);
#3744=AXIS2_PLACEMENT_3D('',#5157,#4177,#4178);
#3745=AXIS2_PLACEMENT_3D('',#5159,#4179,#4180);
#3746=AXIS2_PLACEMENT_3D('',#5160,#4181,#4182);
#3747=AXIS2_PLACEMENT_3D('',#5163,#4184,#4185);
#3748=AXIS2_PLACEMENT_3D('',#5164,#4186,#4187);
#3749=AXIS2_PLACEMENT_3D('',#5167,#4189,#4190);
#3750=AXIS2_PLACEMENT_3D('',#6536,#4191,#4192);
#3751=AXIS2_PLACEMENT_3D('',#6538,#4193,#4194);
#3752=AXIS2_PLACEMENT_3D('',#6541,#4196,#4197);
#3753=AXIS2_PLACEMENT_3D('',#6542,#4198,#4199);
#3754=AXIS2_PLACEMENT_3D('',#6544,#4200,#4201);
#3755=AXIS2_PLACEMENT_3D('',#6545,#4202,#4203);
#3756=AXIS2_PLACEMENT_3D('',#6546,#4204,#4205);
#3757=AXIS2_PLACEMENT_3D('',#6549,#4207,#4208);
#3758=AXIS2_PLACEMENT_3D('',#6550,#4209,#4210);
#3759=AXIS2_PLACEMENT_3D('',#6553,#4212,#4213);
#3760=AXIS2_PLACEMENT_3D('',#6554,#4214,#4215);
#3761=AXIS2_PLACEMENT_3D('',#6557,#4217,#4218);
#3762=AXIS2_PLACEMENT_3D('',#6558,#4219,#4220);
#3763=AXIS2_PLACEMENT_3D('',#6559,#4221,#4222);
#3764=AXIS2_PLACEMENT_3D('',#6560,#4223,#4224);
#3765=AXIS2_PLACEMENT_3D('',#6561,#4225,#4226);
#3766=AXIS2_PLACEMENT_3D('',#6564,#4228,#4229);
#3767=AXIS2_PLACEMENT_3D('',#6565,#4230,#4231);
#3768=AXIS2_PLACEMENT_3D('',#6568,#4233,#4234);
#3769=AXIS2_PLACEMENT_3D('',#6569,#4235,#4236);
#3770=AXIS2_PLACEMENT_3D('',#6572,#4238,#4239);
#3771=AXIS2_PLACEMENT_3D('',#6573,#4240,#4241);
#3772=AXIS2_PLACEMENT_3D('',#6574,#4242,#4243);
#3773=AXIS2_PLACEMENT_3D('',#6575,#4244,#4245);
#3774=AXIS2_PLACEMENT_3D('',#6576,#4246,#4247);
#3775=AXIS2_PLACEMENT_3D('',#6579,#4249,#4250);
#3776=AXIS2_PLACEMENT_3D('',#6580,#4251,#4252);
#3777=AXIS2_PLACEMENT_3D('',#6581,#4253,#4254);
#3778=AXIS2_PLACEMENT_3D('',#6584,#4256,#4257);
#3779=AXIS2_PLACEMENT_3D('',#6585,#4258,#4259);
#3780=AXIS2_PLACEMENT_3D('',#6586,#4260,#4261);
#3781=AXIS2_PLACEMENT_3D('',#6589,#4263,#4264);
#3782=AXIS2_PLACEMENT_3D('',#6590,#4265,#4266);
#3783=AXIS2_PLACEMENT_3D('',#6591,#4267,#4268);
#3784=AXIS2_PLACEMENT_3D('',#6594,#4270,#4271);
#3785=AXIS2_PLACEMENT_3D('',#6595,#4272,#4273);
#3786=AXIS2_PLACEMENT_3D('',#6596,#4274,#4275);
#3787=AXIS2_PLACEMENT_3D('',#6599,#4277,#4278);
#3788=AXIS2_PLACEMENT_3D('',#6600,#4279,#4280);
#3789=AXIS2_PLACEMENT_3D('',#6601,#4281,#4282);
#3790=AXIS2_PLACEMENT_3D('',#6604,#4284,#4285);
#3791=AXIS2_PLACEMENT_3D('',#6605,#4286,#4287);
#3792=AXIS2_PLACEMENT_3D('',#6606,#4288,#4289);
#3793=AXIS2_PLACEMENT_3D('',#6609,#4291,#4292);
#3794=AXIS2_PLACEMENT_3D('',#6610,#4293,#4294);
#3795=AXIS2_PLACEMENT_3D('',#6611,#4295,#4296);
#3796=AXIS2_PLACEMENT_3D('',#6614,#4298,#4299);
#3797=AXIS2_PLACEMENT_3D('',#6615,#4300,#4301);
#3798=AXIS2_PLACEMENT_3D('',#6616,#4302,#4303);
#3799=AXIS2_PLACEMENT_3D('',#6619,#4305,#4306);
#3800=AXIS2_PLACEMENT_3D('',#6620,#4307,#4308);
#3801=AXIS2_PLACEMENT_3D('',#6621,#4309,#4310);
#3802=AXIS2_PLACEMENT_3D('',#6624,#4312,#4313);
#3803=AXIS2_PLACEMENT_3D('',#6625,#4314,#4315);
#3804=AXIS2_PLACEMENT_3D('',#6626,#4316,#4317);
#3805=AXIS2_PLACEMENT_3D('',#6629,#4319,#4320);
#3806=AXIS2_PLACEMENT_3D('',#6630,#4321,#4322);
#3807=AXIS2_PLACEMENT_3D('',#6631,#4323,#4324);
#3808=AXIS2_PLACEMENT_3D('',#6634,#4326,#4327);
#3809=AXIS2_PLACEMENT_3D('',#6635,#4328,#4329);
#3810=AXIS2_PLACEMENT_3D('',#6636,#4330,#4331);
#3811=AXIS2_PLACEMENT_3D('',#6639,#4333,#4334);
#3812=AXIS2_PLACEMENT_3D('',#6640,#4335,#4336);
#3813=AXIS2_PLACEMENT_3D('',#6641,#4337,#4338);
#3814=AXIS2_PLACEMENT_3D('',#6644,#4340,#4341);
#3815=AXIS2_PLACEMENT_3D('',#6645,#4342,#4343);
#3816=AXIS2_PLACEMENT_3D('',#6646,#4344,#4345);
#3817=AXIS2_PLACEMENT_3D('',#6649,#4347,#4348);
#3818=AXIS2_PLACEMENT_3D('',#6650,#4349,#4350);
#3819=AXIS2_PLACEMENT_3D('',#6651,#4351,#4352);
#3820=AXIS2_PLACEMENT_3D('',#6654,#4354,#4355);
#3821=AXIS2_PLACEMENT_3D('',#6655,#4356,#4357);
#3822=AXIS2_PLACEMENT_3D('',#6656,#4358,#4359);
#3823=AXIS2_PLACEMENT_3D('',#6659,#4361,#4362);
#3824=AXIS2_PLACEMENT_3D('',#6660,#4363,#4364);
#3825=AXIS2_PLACEMENT_3D('',#6661,#4365,#4366);
#3826=AXIS2_PLACEMENT_3D('',#6664,#4368,#4369);
#3827=AXIS2_PLACEMENT_3D('',#6665,#4370,#4371);
#3828=AXIS2_PLACEMENT_3D('',#6666,#4372,#4373);
#3829=AXIS2_PLACEMENT_3D('',#6669,#4375,#4376);
#3830=AXIS2_PLACEMENT_3D('',#6670,#4377,#4378);
#3831=AXIS2_PLACEMENT_3D('',#6671,#4379,#4380);
#3832=AXIS2_PLACEMENT_3D('',#6674,#4382,#4383);
#3833=AXIS2_PLACEMENT_3D('',#6675,#4384,#4385);
#3834=AXIS2_PLACEMENT_3D('',#6676,#4386,#4387);
#3835=AXIS2_PLACEMENT_3D('',#6679,#4389,#4390);
#3836=AXIS2_PLACEMENT_3D('',#6680,#4391,#4392);
#3837=AXIS2_PLACEMENT_3D('',#6681,#4393,#4394);
#3838=AXIS2_PLACEMENT_3D('',#6684,#4396,#4397);
#3839=AXIS2_PLACEMENT_3D('',#6685,#4398,#4399);
#3840=AXIS2_PLACEMENT_3D('',#6686,#4400,#4401);
#3841=AXIS2_PLACEMENT_3D('',#6689,#4403,#4404);
#3842=AXIS2_PLACEMENT_3D('',#6690,#4405,#4406);
#3843=AXIS2_PLACEMENT_3D('',#6691,#4407,#4408);
#3844=AXIS2_PLACEMENT_3D('',#6694,#4410,#4411);
#3845=AXIS2_PLACEMENT_3D('',#6695,#4412,#4413);
#3846=AXIS2_PLACEMENT_3D('',#6696,#4414,#4415);
#3847=AXIS2_PLACEMENT_3D('',#6699,#4417,#4418);
#3848=AXIS2_PLACEMENT_3D('',#6700,#4419,#4420);
#3849=AXIS2_PLACEMENT_3D('',#6701,#4421,#4422);
#3850=AXIS2_PLACEMENT_3D('',#6704,#4424,#4425);
#3851=AXIS2_PLACEMENT_3D('',#6705,#4426,#4427);
#3852=AXIS2_PLACEMENT_3D('',#6706,#4428,#4429);
#3853=AXIS2_PLACEMENT_3D('',#6709,#4431,#4432);
#3854=AXIS2_PLACEMENT_3D('',#6710,#4433,#4434);
#3855=AXIS2_PLACEMENT_3D('',#6711,#4435,#4436);
#3856=AXIS2_PLACEMENT_3D('',#6714,#4438,#4439);
#3857=AXIS2_PLACEMENT_3D('',#6715,#4440,#4441);
#3858=AXIS2_PLACEMENT_3D('',#6716,#4442,#4443);
#3859=AXIS2_PLACEMENT_3D('',#6719,#4445,#4446);
#3860=AXIS2_PLACEMENT_3D('',#6720,#4447,#4448);
#3861=AXIS2_PLACEMENT_3D('',#6721,#4449,#4450);
#3862=AXIS2_PLACEMENT_3D('',#6724,#4452,#4453);
#3863=AXIS2_PLACEMENT_3D('',#6725,#4454,#4455);
#3864=AXIS2_PLACEMENT_3D('',#6726,#4456,#4457);
#3865=AXIS2_PLACEMENT_3D('',#6728,#4458,#4459);
#3866=AXIS2_PLACEMENT_3D('',#6730,#4461,#4462);
#3867=AXIS2_PLACEMENT_3D('',#6731,#4463,#4464);
#3868=AXIS2_PLACEMENT_3D('',#6732,#4465,#4466);
#3869=AXIS2_PLACEMENT_3D('',#6733,#4467,#4468);
#3870=AXIS2_PLACEMENT_3D('',#6738,#4470,#4471);
#3871=AXIS2_PLACEMENT_3D('',#6741,#4473,#4474);
#3872=AXIS2_PLACEMENT_3D('',#6742,#4475,#4476);
#3873=AXIS2_PLACEMENT_3D('',#6748,#4480,#4481);
#3874=AXIS2_PLACEMENT_3D('',#6755,#4482,#4483);
#3875=AXIS2_PLACEMENT_3D('',#6765,#4484,#4485);
#3876=AXIS2_PLACEMENT_3D('',#6769,#4486,#4487);
#3877=AXIS2_PLACEMENT_3D('',#6773,#4490,#4491);
#3878=AXIS2_PLACEMENT_3D('',#6779,#4495,#4496);
#3879=AXIS2_PLACEMENT_3D('',#6783,#4498,#4499);
#3880=AXIS2_PLACEMENT_3D('',#6787,#4501,#4502);
#3881=AXIS2_PLACEMENT_3D('',#6789,#4503,#4504);
#3882=AXIS2_PLACEMENT_3D('',#6791,#4505,#4506);
#3883=AXIS2_PLACEMENT_3D('',#6794,#4508,#4509);
#3884=AXIS2_PLACEMENT_3D('',#6795,#4510,#4511);
#3885=AXIS2_PLACEMENT_3D('',#6799,#4514,#4515);
#3886=AXIS2_PLACEMENT_3D('',#6802,#4517,#4518);
#3887=AXIS2_PLACEMENT_3D('',#6804,#4519,#4520);
#3888=AXIS2_PLACEMENT_3D('',#6808,#4522,#4523);
#3889=AXIS2_PLACEMENT_3D('',#6810,#4524,#4525);
#3890=AXIS2_PLACEMENT_3D('',#6812,#4526,#4527);
#3891=AXIS2_PLACEMENT_3D('',#6816,#4529,#4530);
#3892=AXIS2_PLACEMENT_3D('',#6818,#4532,#4533);
#3893=AXIS2_PLACEMENT_3D('',#6821,#4536,#4537);
#3894=AXIS2_PLACEMENT_3D('',#6823,#4539,#4540);
#3895=AXIS2_PLACEMENT_3D('',#6825,#4542,#4543);
#3896=AXIS2_PLACEMENT_3D('',#6827,#4545,#4546);
#3897=AXIS2_PLACEMENT_3D('',#6828,#4547,#4548);
#3898=AXIS2_PLACEMENT_3D('',#6830,#4550,#4551);
#3899=AXIS2_PLACEMENT_3D('',#6832,#4553,#4554);
#3900=AXIS2_PLACEMENT_3D('',#6833,#4555,#4556);
#3901=AXIS2_PLACEMENT_3D('',#6836,#4558,#4559);
#3902=AXIS2_PLACEMENT_3D('',#6837,#4560,#4561);
#3903=AXIS2_PLACEMENT_3D('',#6839,#4563,#4564);
#3904=AXIS2_PLACEMENT_3D('',#6840,#4565,#4566);
#3905=AXIS2_PLACEMENT_3D('',#6849,#4571,#4572);
#3906=AXIS2_PLACEMENT_3D('',#6855,#4576,#4577);
#3907=AXIS2_PLACEMENT_3D('',#6861,#4581,#4582);
#3908=AXIS2_PLACEMENT_3D('',#6864,#4585,#4586);
#3909=AXIS2_PLACEMENT_3D('',#6865,#4587,#4588);
#3910=AXIS2_PLACEMENT_3D('',#6866,#4589,#4590);
#3911=AXIS2_PLACEMENT_3D('',#6869,#4591,#4592);
#3912=AXIS2_PLACEMENT_3D('',#6873,#4594,#4595);
#3913=AXIS2_PLACEMENT_3D('',#7229,#4603,#4604);
#3914=AXIS2_PLACEMENT_3D('',#7232,#4605,#4606);
#3915=AXIS2_PLACEMENT_3D('',#7236,#4608,#4609);
#3916=AXIS2_PLACEMENT_3D('',#7364,#4617,#4618);
#3917=AXIS2_PLACEMENT_3D('',#7367,#4619,#4620);
#3918=AXIS2_PLACEMENT_3D('',#7371,#4622,#4623);
#3919=AXIS2_PLACEMENT_3D('',#7373,#4625,#4626);
#3920=AXIS2_PLACEMENT_3D('',#7376,#4629,#4630);
#3921=AXIS2_PLACEMENT_3D('',#7386,#4635,#4636);
#3922=AXIS2_PLACEMENT_3D('',#7388,#4637,#4638);
#3923=AXIS2_PLACEMENT_3D('',#7390,#4639,#4640);
#3924=AXIS2_PLACEMENT_3D('',#7391,#4641,#4642);
#3925=AXIS2_PLACEMENT_3D('',#7400,#4647,#4648);
#3926=AXIS2_PLACEMENT_3D('',#7403,#4649,#4650);
#3927=AXIS2_PLACEMENT_3D('',#7407,#4652,#4653);
#3928=AXIS2_PLACEMENT_3D('',#7409,#4655,#4656);
#3929=AXIS2_PLACEMENT_3D('',#7418,#4661,#4662);
#3930=AXIS2_PLACEMENT_3D('',#7428,#4667,#4668);
#3931=AXIS2_PLACEMENT_3D('',#7430,#4669,#4670);
#3932=AXIS2_PLACEMENT_3D('',#7432,#4671,#4672);
#3933=AXIS2_PLACEMENT_3D('',#7433,#4673,#4674);
#3934=AXIS2_PLACEMENT_3D('',#7436,#4677,#4678);
#3935=AXIS2_PLACEMENT_3D('',#7437,#4679,#4680);
#3936=AXIS2_PLACEMENT_3D('',#7438,#4681,#4682);
#3937=AXIS2_PLACEMENT_3D('',#7439,#4683,#4684);
#3938=AXIS2_PLACEMENT_3D('',#7440,#4685,#4686);
#3939=AXIS2_PLACEMENT_3D('',#7441,#4687,#4688);
#3940=AXIS2_PLACEMENT_3D('',#7442,#4689,#4690);
#3941=AXIS2_PLACEMENT_3D('',#7443,#4691,#4692);
#3942=AXIS2_PLACEMENT_3D('',#7444,#4693,#4694);
#3943=AXIS2_PLACEMENT_3D('',#7445,#4695,#4696);
#3944=AXIS2_PLACEMENT_3D('',#7446,#4697,#4698);
#3945=AXIS2_PLACEMENT_3D('',#7447,#4699,#4700);
#3946=AXIS2_PLACEMENT_3D('',#7448,#4701,#4702);
#3947=AXIS2_PLACEMENT_3D('',#7449,#4703,#4704);
#3948=AXIS2_PLACEMENT_3D('',#7450,#4705,#4706);
#3949=AXIS2_PLACEMENT_3D('',#7452,#4708,#4709);
#3950=AXIS2_PLACEMENT_3D('',#7454,#4711,#4712);
#3951=AXIS2_PLACEMENT_3D('',#7456,#4714,#4715);
#3952=AXIS2_PLACEMENT_3D('',#7458,#4717,#4718);
#3953=AXIS2_PLACEMENT_3D('',#7460,#4720,#4721);
#3954=AXIS2_PLACEMENT_3D('',#7462,#4723,#4724);
#3955=AXIS2_PLACEMENT_3D('',#7463,#4725,#4726);
#3956=AXIS2_PLACEMENT_3D('',#7464,#4727,#4728);
#3957=AXIS2_PLACEMENT_3D('',#7465,#4729,#4730);
#3958=AXIS2_PLACEMENT_3D('',#7466,#4731,#4732);
#3959=AXIS2_PLACEMENT_3D('',#7467,#4733,#4734);
#3960=AXIS2_PLACEMENT_3D('',#7468,#4735,#4736);
#3961=AXIS2_PLACEMENT_3D('',#7471,#4739,#4740);
#3962=AXIS2_PLACEMENT_3D('',#7473,#4742,#4743);
#3963=AXIS2_PLACEMENT_3D('',#7475,#4745,#4746);
#3964=AXIS2_PLACEMENT_3D('',#7476,#4747,#4748);
#3965=AXIS2_PLACEMENT_3D('',#7479,#4751,#4752);
#3966=AXIS2_PLACEMENT_3D('',#7481,#4754,#4755);
#3967=AXIS2_PLACEMENT_3D('',#7483,#4757,#4758);
#3968=AXIS2_PLACEMENT_3D('',#7484,#4759,#4760);
#3969=AXIS2_PLACEMENT_3D('',#7487,#4763,#4764);
#3970=AXIS2_PLACEMENT_3D('',#7489,#4766,#4767);
#3971=AXIS2_PLACEMENT_3D('',#7491,#4769,#4770);
#3972=AXIS2_PLACEMENT_3D('',#7492,#4771,#4772);
#3973=AXIS2_PLACEMENT_3D('',#7493,#4773,#4774);
#3974=AXIS2_PLACEMENT_3D('',#7494,#4775,#4776);
#3975=AXIS2_PLACEMENT_3D('',#7495,#4777,#4778);
#3976=AXIS2_PLACEMENT_3D('',#7498,#4779,#4780);
#3977=AXIS2_PLACEMENT_3D('',#7501,#4782,#4783);
#3978=AXIS2_PLACEMENT_3D('',#7502,#4784,#4785);
#3979=AXIS2_PLACEMENT_3D('',#7503,#4786,#4787);
#3980=AXIS2_PLACEMENT_3D('',#7506,#4788,#4789);
#3981=AXIS2_PLACEMENT_3D('',#7509,#4791,#4792);
#3982=AXIS2_PLACEMENT_3D('',#7510,#4793,#4794);
#3983=AXIS2_PLACEMENT_3D('',#7511,#4795,#4796);
#3984=AXIS2_PLACEMENT_3D('',#7514,#4797,#4798);
#3985=AXIS2_PLACEMENT_3D('',#7515,#4799,#4800);
#3986=AXIS2_PLACEMENT_3D('',#7517,#4802,#4803);
#3987=AXIS2_PLACEMENT_3D('',#7520,#4804,#4805);
#3988=AXIS2_PLACEMENT_3D('',#7522,#4807,#4808);
#3989=AXIS2_PLACEMENT_3D('',#7523,#4809,#4810);
#3990=AXIS2_PLACEMENT_3D('',#7526,#4811,#4812);
#3991=AXIS2_PLACEMENT_3D('',#7530,#4814,#4815);
#3992=AXIS2_PLACEMENT_3D('',#7532,#4817,#4818);
#3993=AXIS2_PLACEMENT_3D('',#7534,#4820,#4821);
#3994=AXIS2_PLACEMENT_3D('',#7535,#4822,#4823);
#3995=AXIS2_PLACEMENT_3D('',#7536,#4824,#4825);
#3996=AXIS2_PLACEMENT_3D('',#7537,#4826,#4827);
#3997=AXIS2_PLACEMENT_3D('',#7538,#4828,#4829);
#3998=AXIS2_PLACEMENT_3D('',#7539,#4830,#4831);
#3999=AXIS2_PLACEMENT_3D('',#7949,#4836,#4837);
#4000=AXIS2_PLACEMENT_3D('',#8133,#4839,#4840);
#4001=AXIS2_PLACEMENT_3D('',#8333,#4842,#4843);
#4002=AXIS2_PLACEMENT_3D('',#8336,#4844,#4845);
#4003=AXIS2_PLACEMENT_3D('',#8337,#4846,#4847);
#4004=AXIS2_PLACEMENT_3D('',#8378,#4849,#4850);
#4005=AXIS2_PLACEMENT_3D('',#8381,#4851,#4852);
#4006=AXIS2_PLACEMENT_3D('',#8382,#4853,#4854);
#4007=AXIS2_PLACEMENT_3D('',#8427,#4856,#4857);
#4008=AXIS2_PLACEMENT_3D('',#8430,#4858,#4859);
#4009=AXIS2_PLACEMENT_3D('',#8431,#4860,#4861);
#4010=AXIS2_PLACEMENT_3D('',#8476,#4863,#4864);
#4011=AXIS2_PLACEMENT_3D('',#8479,#4865,#4866);
#4012=AXIS2_PLACEMENT_3D('',#8480,#4867,#4868);
#4013=AXIS2_PLACEMENT_3D('',#8482,#4869,#4870);
#4014=AXIS2_PLACEMENT_3D('',#8483,#4871,#4872);
#4015=AXIS2_PLACEMENT_3D('',#8484,#4873,#4874);
#4016=AXIS2_PLACEMENT_3D('',#8487,#4876,#4877);
#4017=AXIS2_PLACEMENT_3D('',#8488,#4878,#4879);
#4018=AXIS2_PLACEMENT_3D('',#8491,#4880,#4881);
#4019=AXIS2_PLACEMENT_3D('',#8492,#4882,#4883);
#4020=AXIS2_PLACEMENT_3D('',#8494,#4884,#4885);
#4021=AXIS2_PLACEMENT_3D('',#8496,#4886,#4887);
#4022=AXIS2_PLACEMENT_3D('',#8497,#4888,#4889);
#4023=AXIS2_PLACEMENT_3D('',#8498,#4890,#4891);
#4024=AXIS2_PLACEMENT_3D('',#8500,#4892,#4893);
#4025=AXIS2_PLACEMENT_3D('',#8502,#4894,#4895);
#4026=AXIS2_PLACEMENT_3D('',#8504,#4896,#4897);
#4027=AXIS2_PLACEMENT_3D('',#8505,#4898,#4899);
#4028=AXIS2_PLACEMENT_3D('',#8506,#4900,#4901);
#4029=AXIS2_PLACEMENT_3D('',#8509,#4903,#4904);
#4030=AXIS2_PLACEMENT_3D('',#8510,#4905,#4906);
#4031=AXIS2_PLACEMENT_3D('',#8513,#4908,#4909);
#4032=AXIS2_PLACEMENT_3D('',#8514,#4910,#4911);
#4033=AXIS2_PLACEMENT_3D('',#8517,#4913,#4914);
#4034=AXIS2_PLACEMENT_3D('',#8518,#4915,#4916);
#4035=AXIS2_PLACEMENT_3D('',#8520,#4918,#4919);
#4036=AXIS2_PLACEMENT_3D('',#8592,#4921,#4922);
#4037=AXIS2_PLACEMENT_3D('',#8594,#4923,#4924);
#4038=AXIS2_PLACEMENT_3D('',#8597,#4926,#4927);
#4039=AXIS2_PLACEMENT_3D('',#8598,#4928,#4929);
#4040=AXIS2_PLACEMENT_3D('',#8599,#4930,#4931);
#4041=AXIS2_PLACEMENT_3D('',#8672,#4932,#4933);
#4042=AXIS2_PLACEMENT_3D('',#8677,#4935,#4936);
#4043=AXIS2_PLACEMENT_3D('',#8678,#4937,#4938);
#4044=AXIS2_PLACEMENT_3D('',#8679,#4939,#4940);
#4045=AXIS2_PLACEMENT_3D('',#8681,#4941,#4942);
#4046=AXIS2_PLACEMENT_3D('',#8683,#4944,#4945);
#4047=AXIS2_PLACEMENT_3D('',#8686,#4946,#4947);
#4048=AXIS2_PLACEMENT_3D('',#8687,#4948,#4949);
#4049=AXIS2_PLACEMENT_3D('',#8689,#4951,#4952);
#4050=AXIS2_PLACEMENT_3D('',#8692,#4954,#4955);
#4051=AXIS2_PLACEMENT_3D('',#8693,#4956,#4957);
#4052=AXIS2_PLACEMENT_3D('',#8696,#4958,#4959);
#4053=AXIS2_PLACEMENT_3D('',#8698,#4960,#4961);
#4054=AXIS2_PLACEMENT_3D('',#8700,#4962,#4963);
#4055=AXIS2_PLACEMENT_3D('',#8702,#4964,#4965);
#4056=AXIS2_PLACEMENT_3D('',#8704,#4966,#4967);
#4057=AXIS2_PLACEMENT_3D('',#8705,#4968,#4969);
#4058=AXIS2_PLACEMENT_3D('',#8706,#4970,#4971);
#4059=AXIS2_PLACEMENT_3D('',#8715,#4975,#4976);
#4060=AXIS2_PLACEMENT_3D('',#8722,#4979,#4980);
#4061=AXIS2_PLACEMENT_3D('',#8729,#4983,#4984);
#4062=AXIS2_PLACEMENT_3D('',#8736,#4987,#4988);
#4063=AXIS2_PLACEMENT_3D('',#8743,#4991,#4992);
#4064=AXIS2_PLACEMENT_3D('',#8748,#4994,#4995);
#4065=AXIS2_PLACEMENT_3D('',#8749,#4996,#4997);
#4066=AXIS2_PLACEMENT_3D('',#8750,#4998,#4999);
#4067=AXIS2_PLACEMENT_3D('',#8751,#5000,#5001);
#4068=AXIS2_PLACEMENT_3D('',#8752,#5002,#5003);
#4069=AXIS2_PLACEMENT_3D('',#8753,#5004,#5005);
#4070=AXIS2_PLACEMENT_3D('',#8754,#5006,#5007);
#4071=AXIS2_PLACEMENT_3D('',#8755,#5008,#5009);
#4072=AXIS2_PLACEMENT_3D('',#8760,#5011,#5012);
#4073=AXIS2_PLACEMENT_3D('',#8761,#5013,#5014);
#4074=AXIS2_PLACEMENT_3D('',#8762,#5015,#5016);
#4075=AXIS2_PLACEMENT_3D('',#8764,#5017,#5018);
#4076=AXIS2_PLACEMENT_3D('',#8766,#5020,#5021);
#4077=AXIS2_PLACEMENT_3D('',#8769,#5022,#5023);
#4078=AXIS2_PLACEMENT_3D('',#8770,#5024,#5025);
#4079=AXIS2_PLACEMENT_3D('',#8772,#5027,#5028);
#4080=AXIS2_PLACEMENT_3D('',#8775,#5030,#5031);
#4081=AXIS2_PLACEMENT_3D('',#8776,#5032,#5033);
#4082=AXIS2_PLACEMENT_3D('',#8779,#5034,#5035);
#4083=AXIS2_PLACEMENT_3D('',#8781,#5036,#5037);
#4084=AXIS2_PLACEMENT_3D('',#8783,#5038,#5039);
#4085=AXIS2_PLACEMENT_3D('',#8785,#5040,#5041);
#4086=AXIS2_PLACEMENT_3D('',#8787,#5042,#5043);
#4087=AXIS2_PLACEMENT_3D('',#8788,#5044,#5045);
#4088=AXIS2_PLACEMENT_3D('',#8789,#5046,#5047);
#4089=AXIS2_PLACEMENT_3D('',#8798,#5051,#5052);
#4090=AXIS2_PLACEMENT_3D('',#8805,#5055,#5056);
#4091=AXIS2_PLACEMENT_3D('',#8812,#5059,#5060);
#4092=AXIS2_PLACEMENT_3D('',#8819,#5063,#5064);
#4093=AXIS2_PLACEMENT_3D('',#8826,#5067,#5068);
#4094=AXIS2_PLACEMENT_3D('',#8831,#5070,#5071);
#4095=AXIS2_PLACEMENT_3D('',#8832,#5072,#5073);
#4096=AXIS2_PLACEMENT_3D('',#8833,#5074,#5075);
#4097=AXIS2_PLACEMENT_3D('',#8834,#5076,#5077);
#4098=AXIS2_PLACEMENT_3D('',#8835,#5078,#5079);
#4099=AXIS2_PLACEMENT_3D('',#8836,#5080,#5081);
#4100=AXIS2_PLACEMENT_3D('',#8837,#5082,#5083);
#4101=AXIS2_PLACEMENT_3D('',#8838,#5084,#5085);
#4102=AXIS2_PLACEMENT_3D('',#8839,#5086,#5087);
#4103=AXIS2_PLACEMENT_3D('',#8840,#5088,#5089);
#4104=AXIS2_PLACEMENT_3D('',#8841,#5090,#5091);
#4105=AXIS2_PLACEMENT_3D('',#8842,#5092,#5093);
#4106=AXIS2_PLACEMENT_3D('',#8843,#5094,#5095);
#4107=AXIS2_PLACEMENT_3D('',#8844,#5096,#5097);
#4108=AXIS2_PLACEMENT_3D('',#8845,#5098,#5099);
#4109=AXIS2_PLACEMENT_3D('',#8846,#5100,#5101);
#4110=AXIS2_PLACEMENT_3D('',#8847,#5102,#5103);
#4111=AXIS2_PLACEMENT_3D('',#8848,#5104,#5105);
#4112=DIRECTION('axis',(0.,0.,1.));
#4113=DIRECTION('refdir',(1.,0.,0.));
#4114=DIRECTION('axis',(0.,0.,1.));
#4115=DIRECTION('refdir',(1.,0.,0.));
#4116=DIRECTION('center_axis',(0.,0.,1.));
#4117=DIRECTION('ref_axis',(-0.500000006730587,-0.866025399898532,0.));
#4118=DIRECTION('center_axis',(0.,0.,1.));
#4119=DIRECTION('ref_axis',(-0.500000006730587,-0.866025399898532,0.));
#4120=DIRECTION('',(0.,0.,1.));
#4121=DIRECTION('center_axis',(0.,0.,-1.));
#4122=DIRECTION('ref_axis',(-0.500000006730587,-0.866025399898532,0.));
#4123=DIRECTION('center_axis',(0.,0.,1.));
#4124=DIRECTION('ref_axis',(-0.500000006730587,-0.866025399898532,0.));
#4125=DIRECTION('center_axis',(0.,0.,1.));
#4126=DIRECTION('ref_axis',(-0.500000006730587,-0.866025399898532,0.));
#4127=DIRECTION('',(0.,0.,1.));
#4128=DIRECTION('center_axis',(0.,0.,-1.));
#4129=DIRECTION('ref_axis',(-0.500000006730587,-0.866025399898532,0.));
#4130=DIRECTION('center_axis',(0.,0.,1.));
#4131=DIRECTION('ref_axis',(-0.500000006730587,-0.866025399898532,0.));
#4132=DIRECTION('center_axis',(0.,0.,1.));
#4133=DIRECTION('ref_axis',(-0.500000006730587,-0.866025399898532,0.));
#4134=DIRECTION('',(0.,0.,1.));
#4135=DIRECTION('center_axis',(0.,0.,-1.));
#4136=DIRECTION('ref_axis',(-0.500000006730587,-0.866025399898532,0.));
#4137=DIRECTION('center_axis',(0.,0.,-1.));
#4138=DIRECTION('ref_axis',(1.,0.,0.));
#4139=DIRECTION('center_axis',(0.,0.,1.));
#4140=DIRECTION('ref_axis',(-1.,0.,0.));
#4141=DIRECTION('center_axis',(0.,0.,1.));
#4142=DIRECTION('ref_axis',(0.5,0.866025403784439,0.));
#4143=DIRECTION('center_axis',(0.,0.,1.));
#4144=DIRECTION('ref_axis',(0.5,0.866025403784439,0.));
#4145=DIRECTION('center_axis',(0.,0.,1.));
#4146=DIRECTION('ref_axis',(0.5,0.866025403784439,0.));
#4147=DIRECTION('',(0.,0.,1.));
#4148=DIRECTION('center_axis',(0.,0.,1.));
#4149=DIRECTION('ref_axis',(0.5,0.866025403784439,0.));
#4150=DIRECTION('center_axis',(0.,0.,1.));
#4151=DIRECTION('ref_axis',(-0.5,0.866025403784438,0.));
#4152=DIRECTION('center_axis',(0.,0.,1.));
#4153=DIRECTION('ref_axis',(-0.5,0.866025403784438,0.));
#4154=DIRECTION('center_axis',(0.,0.,1.));
#4155=DIRECTION('ref_axis',(-0.5,0.866025403784438,0.));
#4156=DIRECTION('',(0.,0.,1.));
#4157=DIRECTION('center_axis',(0.,0.,1.));
#4158=DIRECTION('ref_axis',(-0.5,0.866025403784438,0.));
#4159=DIRECTION('center_axis',(0.,0.,1.));
#4160=DIRECTION('ref_axis',(-1.,-1.22464679914735E-16,0.));
#4161=DIRECTION('center_axis',(0.,0.,1.));
#4162=DIRECTION('ref_axis',(-1.,-1.22464679914735E-16,0.));
#4163=DIRECTION('center_axis',(0.,0.,1.));
#4164=DIRECTION('ref_axis',(-1.,-1.22464679914735E-16,0.));
#4165=DIRECTION('',(0.,0.,1.));
#4166=DIRECTION('center_axis',(0.,0.,1.));
#4167=DIRECTION('ref_axis',(-1.,-1.22464679914735E-16,0.));
#4168=DIRECTION('center_axis',(0.,0.,1.));
#4169=DIRECTION('ref_axis',(-0.5,-0.866025403784439,0.));
#4170=DIRECTION('center_axis',(0.,0.,1.));
#4171=DIRECTION('ref_axis',(-0.5,-0.866025403784439,0.));
#4172=DIRECTION('center_axis',(0.,0.,1.));
#4173=DIRECTION('ref_axis',(-0.5,-0.866025403784439,0.));
#4174=DIRECTION('',(0.,0.,1.));
#4175=DIRECTION('center_axis',(0.,0.,1.));
#4176=DIRECTION('ref_axis',(-0.5,-0.866025403784439,0.));
#4177=DIRECTION('center_axis',(0.,0.,1.));
#4178=DIRECTION('ref_axis',(0.5,-0.866025403784439,0.));
#4179=DIRECTION('center_axis',(0.,0.,1.));
#4180=DIRECTION('ref_axis',(0.5,-0.866025403784439,0.));
#4181=DIRECTION('center_axis',(0.,0.,1.));
#4182=DIRECTION('ref_axis',(0.5,-0.866025403784439,0.));
#4183=DIRECTION('',(0.,0.,1.));
#4184=DIRECTION('center_axis',(0.,0.,1.));
#4185=DIRECTION('ref_axis',(0.5,-0.866025403784439,0.));
#4186=DIRECTION('center_axis',(0.,0.,-1.));
#4187=DIRECTION('ref_axis',(-1.,0.,0.));
#4188=DIRECTION('',(0.,0.,1.));
#4189=DIRECTION('center_axis',(0.,0.,1.));
#4190=DIRECTION('ref_axis',(1.,0.,0.));
#4191=DIRECTION('center_axis',(0.,0.,-1.));
#4192=DIRECTION('ref_axis',(-1.,0.,0.));
#4193=DIRECTION('center_axis',(0.,0.,1.));
#4194=DIRECTION('ref_axis',(1.,0.,0.));
#4195=DIRECTION('',(0.,0.,-1.));
#4196=DIRECTION('center_axis',(0.,0.,1.));
#4197=DIRECTION('ref_axis',(1.,0.,0.));
#4198=DIRECTION('center_axis',(0.,0.,1.));
#4199=DIRECTION('ref_axis',(1.,0.,0.));
#4200=DIRECTION('center_axis',(0.,0.,1.));
#4201=DIRECTION('ref_axis',(1.,0.,0.));
#4202=DIRECTION('center_axis',(0.,0.,-1.));
#4203=DIRECTION('ref_axis',(1.,0.,0.));
#4204=DIRECTION('center_axis',(0.38268343236509,-0.923879532511287,0.));
#4205=DIRECTION('ref_axis',(0.923879532511287,0.38268343236509,0.));
#4206=DIRECTION('',(0.38268343236509,-0.923879532511287,0.));
#4207=DIRECTION('center_axis',(-0.38268343236509,0.923879532511287,0.));
#4208=DIRECTION('ref_axis',(-0.923879532511287,-0.38268343236509,0.));
#4209=DIRECTION('center_axis',(0.38268343236509,-0.923879532511287,0.));
#4210=DIRECTION('ref_axis',(0.923879532511287,0.38268343236509,0.));
#4211=DIRECTION('',(0.38268343236509,-0.923879532511287,0.));
#4212=DIRECTION('center_axis',(-0.38268343236509,0.923879532511287,0.));
#4213=DIRECTION('ref_axis',(-0.923879532511287,-0.38268343236509,0.));
#4214=DIRECTION('center_axis',(0.38268343236509,-0.923879532511287,0.));
#4215=DIRECTION('ref_axis',(0.923879532511287,0.38268343236509,0.));
#4216=DIRECTION('',(0.38268343236509,-0.923879532511287,0.));
#4217=DIRECTION('center_axis',(-0.38268343236509,0.923879532511287,0.));
#4218=DIRECTION('ref_axis',(-0.923879532511287,-0.38268343236509,0.));
#4219=DIRECTION('center_axis',(-0.38268343236509,0.923879532511287,0.));
#4220=DIRECTION('ref_axis',(-0.923879532511287,-0.38268343236509,0.));
#4221=DIRECTION('center_axis',(-0.38268343236509,0.923879532511287,0.));
#4222=DIRECTION('ref_axis',(-0.923879532511287,-0.38268343236509,0.));
#4223=DIRECTION('center_axis',(-0.38268343236509,0.923879532511287,0.));
#4224=DIRECTION('ref_axis',(-0.923879532511287,-0.38268343236509,0.));
#4225=DIRECTION('center_axis',(-0.382683432365091,-0.923879532511286,0.));
#4226=DIRECTION('ref_axis',(0.923879532511286,-0.382683432365091,0.));
#4227=DIRECTION('',(-0.382683432365091,-0.923879532511286,0.));
#4228=DIRECTION('center_axis',(0.382683432365091,0.923879532511286,0.));
#4229=DIRECTION('ref_axis',(-0.923879532511286,0.382683432365091,0.));
#4230=DIRECTION('center_axis',(-0.382683432365091,-0.923879532511286,0.));
#4231=DIRECTION('ref_axis',(0.923879532511286,-0.382683432365091,0.));
#4232=DIRECTION('',(-0.382683432365091,-0.923879532511286,0.));
#4233=DIRECTION('center_axis',(0.382683432365091,0.923879532511286,0.));
#4234=DIRECTION('ref_axis',(-0.923879532511286,0.382683432365091,0.));
#4235=DIRECTION('center_axis',(-0.382683432365091,-0.923879532511286,0.));
#4236=DIRECTION('ref_axis',(0.923879532511286,-0.382683432365091,0.));
#4237=DIRECTION('',(-0.382683432365091,-0.923879532511286,0.));
#4238=DIRECTION('center_axis',(0.382683432365091,0.923879532511286,0.));
#4239=DIRECTION('ref_axis',(-0.923879532511286,0.382683432365091,0.));
#4240=DIRECTION('center_axis',(0.382683432365091,0.923879532511286,0.));
#4241=DIRECTION('ref_axis',(-0.923879532511286,0.382683432365091,0.));
#4242=DIRECTION('center_axis',(0.382683432365091,0.923879532511286,0.));
#4243=DIRECTION('ref_axis',(-0.923879532511286,0.382683432365091,0.));
#4244=DIRECTION('center_axis',(0.382683432365091,0.923879532511286,0.));
#4245=DIRECTION('ref_axis',(-0.923879532511286,0.382683432365091,0.));
#4246=DIRECTION('center_axis',(0.99144486137381,-0.130526192220052,0.));
#4247=DIRECTION('ref_axis',(0.130526192220052,0.99144486137381,0.));
#4248=DIRECTION('',(0.99144486137381,-0.130526192220052,0.));
#4249=DIRECTION('center_axis',(-0.99144486137381,0.130526192220052,0.));
#4250=DIRECTION('ref_axis',(-0.130526192220052,-0.99144486137381,0.));
#4251=DIRECTION('center_axis',(-0.99144486137381,0.130526192220052,0.));
#4252=DIRECTION('ref_axis',(-0.130526192220052,-0.99144486137381,0.));
#4253=DIRECTION('center_axis',(0.99144486137381,-0.130526192220052,0.));
#4254=DIRECTION('ref_axis',(0.130526192220052,0.99144486137381,0.));
#4255=DIRECTION('',(0.99144486137381,-0.130526192220052,0.));
#4256=DIRECTION('center_axis',(-0.99144486137381,0.130526192220052,0.));
#4257=DIRECTION('ref_axis',(-0.130526192220052,-0.99144486137381,0.));
#4258=DIRECTION('center_axis',(-0.99144486137381,0.130526192220052,0.));
#4259=DIRECTION('ref_axis',(-0.130526192220052,-0.99144486137381,0.));
#4260=DIRECTION('center_axis',(0.99144486137381,-0.130526192220052,0.));
#4261=DIRECTION('ref_axis',(0.130526192220052,0.99144486137381,0.));
#4262=DIRECTION('',(0.99144486137381,-0.130526192220052,0.));
#4263=DIRECTION('center_axis',(-0.99144486137381,0.130526192220052,0.));
#4264=DIRECTION('ref_axis',(-0.130526192220052,-0.99144486137381,0.));
#4265=DIRECTION('center_axis',(-0.99144486137381,0.130526192220052,0.));
#4266=DIRECTION('ref_axis',(-0.130526192220052,-0.99144486137381,0.));
#4267=DIRECTION('center_axis',(0.60876142900872,-0.793353340291236,0.));
#4268=DIRECTION('ref_axis',(0.793353340291236,0.60876142900872,0.));
#4269=DIRECTION('',(0.60876142900872,-0.793353340291236,0.));
#4270=DIRECTION('center_axis',(-0.60876142900872,0.793353340291236,0.));
#4271=DIRECTION('ref_axis',(-0.793353340291236,-0.60876142900872,0.));
#4272=DIRECTION('center_axis',(-0.60876142900872,0.793353340291236,0.));
#4273=DIRECTION('ref_axis',(-0.793353340291236,-0.60876142900872,0.));
#4274=DIRECTION('center_axis',(0.60876142900872,-0.793353340291236,0.));
#4275=DIRECTION('ref_axis',(0.793353340291236,0.60876142900872,0.));
#4276=DIRECTION('',(0.60876142900872,-0.793353340291236,0.));
#4277=DIRECTION('center_axis',(-0.60876142900872,0.793353340291236,0.));
#4278=DIRECTION('ref_axis',(-0.793353340291236,-0.60876142900872,0.));
#4279=DIRECTION('center_axis',(-0.60876142900872,0.793353340291236,0.));
#4280=DIRECTION('ref_axis',(-0.793353340291236,-0.60876142900872,0.));
#4281=DIRECTION('center_axis',(0.60876142900872,-0.793353340291236,0.));
#4282=DIRECTION('ref_axis',(0.793353340291236,0.60876142900872,0.));
#4283=DIRECTION('',(0.60876142900872,-0.793353340291236,0.));
#4284=DIRECTION('center_axis',(-0.60876142900872,0.793353340291236,0.));
#4285=DIRECTION('ref_axis',(-0.793353340291236,-0.60876142900872,0.));
#4286=DIRECTION('center_axis',(-0.60876142900872,0.793353340291236,0.));
#4287=DIRECTION('ref_axis',(-0.793353340291236,-0.60876142900872,0.));
#4288=DIRECTION('center_axis',(0.608761429008721,0.793353340291235,0.));
#4289=DIRECTION('ref_axis',(-0.793353340291235,0.608761429008721,0.));
#4290=DIRECTION('',(0.608761429008721,0.793353340291235,0.));
#4291=DIRECTION('center_axis',(-0.608761429008721,-0.793353340291235,0.));
#4292=DIRECTION('ref_axis',(0.793353340291235,-0.608761429008721,0.));
#4293=DIRECTION('center_axis',(-0.608761429008721,-0.793353340291235,0.));
#4294=DIRECTION('ref_axis',(0.793353340291235,-0.608761429008721,0.));
#4295=DIRECTION('center_axis',(0.608761429008721,0.793353340291235,0.));
#4296=DIRECTION('ref_axis',(-0.793353340291235,0.608761429008721,0.));
#4297=DIRECTION('',(0.608761429008721,0.793353340291235,0.));
#4298=DIRECTION('center_axis',(-0.608761429008721,-0.793353340291235,0.));
#4299=DIRECTION('ref_axis',(0.793353340291235,-0.608761429008721,0.));
#4300=DIRECTION('center_axis',(-0.608761429008721,-0.793353340291235,0.));
#4301=DIRECTION('ref_axis',(0.793353340291235,-0.608761429008721,0.));
#4302=DIRECTION('center_axis',(0.608761429008721,0.793353340291235,0.));
#4303=DIRECTION('ref_axis',(-0.793353340291235,0.608761429008721,0.));
#4304=DIRECTION('',(0.608761429008721,0.793353340291235,0.));
#4305=DIRECTION('center_axis',(-0.608761429008721,-0.793353340291235,0.));
#4306=DIRECTION('ref_axis',(0.793353340291235,-0.608761429008721,0.));
#4307=DIRECTION('center_axis',(-0.608761429008721,-0.793353340291235,0.));
#4308=DIRECTION('ref_axis',(0.793353340291235,-0.608761429008721,0.));
#4309=DIRECTION('center_axis',(0.99144486137381,0.130526192220051,0.));
#4310=DIRECTION('ref_axis',(-0.130526192220051,0.99144486137381,0.));
#4311=DIRECTION('',(0.99144486137381,0.130526192220051,0.));
#4312=DIRECTION('center_axis',(-0.99144486137381,-0.130526192220051,0.));
#4313=DIRECTION('ref_axis',(0.130526192220051,-0.99144486137381,0.));
#4314=DIRECTION('center_axis',(-0.99144486137381,-0.130526192220051,0.));
#4315=DIRECTION('ref_axis',(0.130526192220051,-0.991444861373811,0.));
#4316=DIRECTION('center_axis',(0.99144486137381,0.130526192220051,0.));
#4317=DIRECTION('ref_axis',(-0.130526192220051,0.99144486137381,0.));
#4318=DIRECTION('',(0.99144486137381,0.130526192220051,0.));
#4319=DIRECTION('center_axis',(-0.99144486137381,-0.130526192220051,0.));
#4320=DIRECTION('ref_axis',(0.130526192220051,-0.99144486137381,0.));
#4321=DIRECTION('center_axis',(-0.99144486137381,-0.130526192220051,0.));
#4322=DIRECTION('ref_axis',(0.130526192220051,-0.991444861373811,0.));
#4323=DIRECTION('center_axis',(0.99144486137381,0.130526192220051,0.));
#4324=DIRECTION('ref_axis',(-0.130526192220051,0.99144486137381,0.));
#4325=DIRECTION('',(0.99144486137381,0.130526192220051,0.));
#4326=DIRECTION('center_axis',(-0.99144486137381,-0.130526192220051,0.));
#4327=DIRECTION('ref_axis',(0.130526192220051,-0.99144486137381,0.));
#4328=DIRECTION('center_axis',(-0.99144486137381,-0.130526192220051,0.));
#4329=DIRECTION('ref_axis',(0.130526192220051,-0.991444861373811,0.));
#4330=DIRECTION('center_axis',(-0.38268343236509,0.923879532511287,0.));
#4331=DIRECTION('ref_axis',(-0.923879532511287,-0.38268343236509,0.));
#4332=DIRECTION('',(-0.38268343236509,0.923879532511287,0.));
#4333=DIRECTION('center_axis',(0.38268343236509,-0.923879532511287,0.));
#4334=DIRECTION('ref_axis',(0.923879532511287,0.38268343236509,0.));
#4335=DIRECTION('center_axis',(0.38268343236509,-0.923879532511287,0.));
#4336=DIRECTION('ref_axis',(0.923879532511287,0.38268343236509,0.));
#4337=DIRECTION('center_axis',(-0.38268343236509,0.923879532511287,0.));
#4338=DIRECTION('ref_axis',(-0.923879532511287,-0.38268343236509,0.));
#4339=DIRECTION('',(-0.38268343236509,0.923879532511287,0.));
#4340=DIRECTION('center_axis',(0.38268343236509,-0.923879532511287,0.));
#4341=DIRECTION('ref_axis',(0.923879532511287,0.38268343236509,0.));
#4342=DIRECTION('center_axis',(0.38268343236509,-0.923879532511287,0.));
#4343=DIRECTION('ref_axis',(0.923879532511287,0.38268343236509,0.));
#4344=DIRECTION('center_axis',(-0.38268343236509,0.923879532511287,0.));
#4345=DIRECTION('ref_axis',(-0.923879532511287,-0.38268343236509,0.));
#4346=DIRECTION('',(-0.38268343236509,0.923879532511287,0.));
#4347=DIRECTION('center_axis',(0.38268343236509,-0.923879532511287,0.));
#4348=DIRECTION('ref_axis',(0.923879532511287,0.38268343236509,0.));
#4349=DIRECTION('center_axis',(0.38268343236509,-0.923879532511287,0.));
#4350=DIRECTION('ref_axis',(0.923879532511287,0.38268343236509,0.));
#4351=DIRECTION('center_axis',(0.382683432365091,0.923879532511286,0.));
#4352=DIRECTION('ref_axis',(-0.923879532511286,0.382683432365091,0.));
#4353=DIRECTION('',(0.382683432365091,0.923879532511286,0.));
#4354=DIRECTION('center_axis',(-0.382683432365091,-0.923879532511286,0.));
#4355=DIRECTION('ref_axis',(0.923879532511286,-0.382683432365091,0.));
#4356=DIRECTION('center_axis',(-0.382683432365091,-0.923879532511286,0.));
#4357=DIRECTION('ref_axis',(0.923879532511286,-0.382683432365091,0.));
#4358=DIRECTION('center_axis',(0.382683432365091,0.923879532511286,0.));
#4359=DIRECTION('ref_axis',(-0.923879532511286,0.382683432365091,0.));
#4360=DIRECTION('',(0.382683432365091,0.923879532511286,0.));
#4361=DIRECTION('center_axis',(-0.382683432365091,-0.923879532511286,0.));
#4362=DIRECTION('ref_axis',(0.923879532511286,-0.382683432365091,0.));
#4363=DIRECTION('center_axis',(-0.382683432365091,-0.923879532511286,0.));
#4364=DIRECTION('ref_axis',(0.923879532511286,-0.382683432365091,0.));
#4365=DIRECTION('center_axis',(0.382683432365091,0.923879532511286,0.));
#4366=DIRECTION('ref_axis',(-0.923879532511286,0.382683432365091,0.));
#4367=DIRECTION('',(0.382683432365091,0.923879532511286,0.));
#4368=DIRECTION('center_axis',(-0.382683432365091,-0.923879532511286,0.));
#4369=DIRECTION('ref_axis',(0.923879532511286,-0.382683432365091,0.));
#4370=DIRECTION('center_axis',(-0.382683432365091,-0.923879532511286,0.));
#4371=DIRECTION('ref_axis',(0.923879532511286,-0.382683432365091,0.));
#4372=DIRECTION('center_axis',(-0.99144486137381,0.130526192220052,0.));
#4373=DIRECTION('ref_axis',(-0.130526192220052,-0.99144486137381,0.));
#4374=DIRECTION('',(-0.99144486137381,0.130526192220052,0.));
#4375=DIRECTION('center_axis',(0.99144486137381,-0.130526192220052,0.));
#4376=DIRECTION('ref_axis',(0.130526192220052,0.99144486137381,0.));
#4377=DIRECTION('center_axis',(0.99144486137381,-0.130526192220052,0.));
#4378=DIRECTION('ref_axis',(0.130526192220052,0.99144486137381,0.));
#4379=DIRECTION('center_axis',(-0.99144486137381,0.130526192220052,0.));
#4380=DIRECTION('ref_axis',(-0.130526192220052,-0.99144486137381,0.));
#4381=DIRECTION('',(-0.99144486137381,0.130526192220052,0.));
#4382=DIRECTION('center_axis',(0.99144486137381,-0.130526192220052,0.));
#4383=DIRECTION('ref_axis',(0.130526192220052,0.99144486137381,0.));
#4384=DIRECTION('center_axis',(0.99144486137381,-0.130526192220052,0.));
#4385=DIRECTION('ref_axis',(0.130526192220052,0.99144486137381,0.));
#4386=DIRECTION('center_axis',(-0.99144486137381,0.130526192220052,0.));
#4387=DIRECTION('ref_axis',(-0.130526192220052,-0.99144486137381,0.));
#4388=DIRECTION('',(-0.99144486137381,0.130526192220052,0.));
#4389=DIRECTION('center_axis',(0.99144486137381,-0.130526192220052,0.));
#4390=DIRECTION('ref_axis',(0.130526192220052,0.99144486137381,0.));
#4391=DIRECTION('center_axis',(0.99144486137381,-0.130526192220052,0.));
#4392=DIRECTION('ref_axis',(0.130526192220052,0.99144486137381,0.));
#4393=DIRECTION('center_axis',(-0.60876142900872,0.793353340291236,0.));
#4394=DIRECTION('ref_axis',(-0.793353340291236,-0.60876142900872,0.));
#4395=DIRECTION('',(-0.60876142900872,0.793353340291236,0.));
#4396=DIRECTION('center_axis',(0.60876142900872,-0.793353340291236,0.));
#4397=DIRECTION('ref_axis',(0.793353340291236,0.60876142900872,0.));
#4398=DIRECTION('center_axis',(0.60876142900872,-0.793353340291236,0.));
#4399=DIRECTION('ref_axis',(0.793353340291236,0.60876142900872,0.));
#4400=DIRECTION('center_axis',(-0.60876142900872,0.793353340291236,0.));
#4401=DIRECTION('ref_axis',(-0.793353340291236,-0.60876142900872,0.));
#4402=DIRECTION('',(-0.60876142900872,0.793353340291236,0.));
#4403=DIRECTION('center_axis',(0.60876142900872,-0.793353340291236,0.));
#4404=DIRECTION('ref_axis',(0.793353340291236,0.60876142900872,0.));
#4405=DIRECTION('center_axis',(0.60876142900872,-0.793353340291236,0.));
#4406=DIRECTION('ref_axis',(0.793353340291236,0.60876142900872,0.));
#4407=DIRECTION('center_axis',(-0.60876142900872,0.793353340291236,0.));
#4408=DIRECTION('ref_axis',(-0.793353340291236,-0.60876142900872,0.));
#4409=DIRECTION('',(-0.60876142900872,0.793353340291236,0.));
#4410=DIRECTION('center_axis',(0.60876142900872,-0.793353340291236,0.));
#4411=DIRECTION('ref_axis',(0.793353340291236,0.60876142900872,0.));
#4412=DIRECTION('center_axis',(0.60876142900872,-0.793353340291236,0.));
#4413=DIRECTION('ref_axis',(0.793353340291236,0.60876142900872,0.));
#4414=DIRECTION('center_axis',(-0.608761429008721,-0.793353340291235,0.));
#4415=DIRECTION('ref_axis',(0.793353340291235,-0.608761429008721,0.));
#4416=DIRECTION('',(-0.608761429008721,-0.793353340291235,0.));
#4417=DIRECTION('center_axis',(0.608761429008722,0.793353340291234,0.));
#4418=DIRECTION('ref_axis',(-0.793353340291234,0.608761429008721,0.));
#4419=DIRECTION('center_axis',(0.608761429008722,0.793353340291234,0.));
#4420=DIRECTION('ref_axis',(-0.793353340291234,0.608761429008722,0.));
#4421=DIRECTION('center_axis',(-0.608761429008721,-0.793353340291235,0.));
#4422=DIRECTION('ref_axis',(0.793353340291235,-0.608761429008721,0.));
#4423=DIRECTION('',(-0.608761429008721,-0.793353340291235,0.));
#4424=DIRECTION('center_axis',(0.608761429008722,0.793353340291234,0.));
#4425=DIRECTION('ref_axis',(-0.793353340291234,0.608761429008721,0.));
#4426=DIRECTION('center_axis',(0.608761429008722,0.793353340291234,0.));
#4427=DIRECTION('ref_axis',(-0.793353340291234,0.608761429008722,0.));
#4428=DIRECTION('center_axis',(-0.608761429008721,-0.793353340291235,0.));
#4429=DIRECTION('ref_axis',(0.793353340291235,-0.608761429008721,0.));
#4430=DIRECTION('',(-0.608761429008721,-0.793353340291235,0.));
#4431=DIRECTION('center_axis',(0.608761429008722,0.793353340291234,0.));
#4432=DIRECTION('ref_axis',(-0.793353340291234,0.608761429008721,0.));
#4433=DIRECTION('center_axis',(0.608761429008722,0.793353340291234,0.));
#4434=DIRECTION('ref_axis',(-0.793353340291234,0.608761429008722,0.));
#4435=DIRECTION('center_axis',(-0.991444861373811,-0.13052619222005,0.));
#4436=DIRECTION('ref_axis',(0.13052619222005,-0.991444861373811,0.));
#4437=DIRECTION('',(-0.991444861373811,-0.13052619222005,0.));
#4438=DIRECTION('center_axis',(0.991444861373811,0.13052619222005,0.));
#4439=DIRECTION('ref_axis',(-0.13052619222005,0.991444861373811,0.));
#4440=DIRECTION('center_axis',(0.991444861373811,0.13052619222005,0.));
#4441=DIRECTION('ref_axis',(-0.13052619222005,0.991444861373811,0.));
#4442=DIRECTION('center_axis',(-0.991444861373811,-0.13052619222005,0.));
#4443=DIRECTION('ref_axis',(0.13052619222005,-0.991444861373811,0.));
#4444=DIRECTION('',(-0.991444861373811,-0.13052619222005,0.));
#4445=DIRECTION('center_axis',(0.991444861373811,0.13052619222005,0.));
#4446=DIRECTION('ref_axis',(-0.13052619222005,0.991444861373811,0.));
#4447=DIRECTION('center_axis',(0.991444861373811,0.13052619222005,0.));
#4448=DIRECTION('ref_axis',(-0.13052619222005,0.991444861373811,0.));
#4449=DIRECTION('center_axis',(-0.991444861373811,-0.13052619222005,0.));
#4450=DIRECTION('ref_axis',(0.13052619222005,-0.991444861373811,0.));
#4451=DIRECTION('',(-0.991444861373811,-0.13052619222005,0.));
#4452=DIRECTION('center_axis',(0.991444861373811,0.13052619222005,0.));
#4453=DIRECTION('ref_axis',(-0.13052619222005,0.991444861373811,0.));
#4454=DIRECTION('center_axis',(0.991444861373811,0.13052619222005,0.));
#4455=DIRECTION('ref_axis',(-0.13052619222005,0.991444861373811,0.));
#4456=DIRECTION('center_axis',(0.,0.,1.));
#4457=DIRECTION('ref_axis',(1.,0.,0.));
#4458=DIRECTION('center_axis',(0.,0.,1.));
#4459=DIRECTION('ref_axis',(1.,0.,0.));
#4460=DIRECTION('',(0.,0.,1.));
#4461=DIRECTION('center_axis',(0.,0.,1.));
#4462=DIRECTION('ref_axis',(1.,0.,0.));
#4463=DIRECTION('axis',(0.,0.,1.));
#4464=DIRECTION('refdir',(1.,0.,0.));
#4465=DIRECTION('axis',(0.,0.,1.));
#4466=DIRECTION('refdir',(1.,0.,0.));
#4467=DIRECTION('center_axis',(0.,0.,1.));
#4468=DIRECTION('ref_axis',(-0.5,0.866025403784439,0.));
#4469=DIRECTION('',(-0.353553390593273,-0.612372435695794,-0.707106781186548));
#4470=DIRECTION('center_axis',(0.,0.,1.));
#4471=DIRECTION('ref_axis',(-0.5,0.866025403784439,0.));
#4472=DIRECTION('',(-0.353553390593273,0.612372435695794,0.707106781186548));
#4473=DIRECTION('center_axis',(0.,0.,-1.));
#4474=DIRECTION('ref_axis',(-0.5,0.866025403784439,0.));
#4475=DIRECTION('center_axis',(0.866025403784439,-0.499999999999999,0.));
#4476=DIRECTION('ref_axis',(-0.499999999999999,-0.866025403784439,0.));
#4477=DIRECTION('',(-0.499999999999999,-0.866025403784439,0.));
#4478=DIRECTION('',(0.,0.,-1.));
#4479=DIRECTION('',(-0.499999999999999,-0.866025403784439,0.));
#4480=DIRECTION('center_axis',(0.,0.,1.));
#4481=DIRECTION('ref_axis',(-0.473606937621485,0.880736321856206,0.));
#4482=DIRECTION('center_axis',(0.,0.,1.));
#4483=DIRECTION('ref_axis',(-0.473606937621485,0.880736321856206,0.));
#4484=DIRECTION('center_axis',(0.,0.,-1.));
#4485=DIRECTION('ref_axis',(-0.473606937621485,0.880736321856206,0.));
#4486=DIRECTION('center_axis',(-0.825813069609677,-0.563943945850865,0.));
#4487=DIRECTION('ref_axis',(-0.563943945850865,0.825813069609677,0.));
#4488=DIRECTION('',(0.,0.,-1.));
#4489=DIRECTION('',(-0.563943945850865,0.825813069609677,0.));
#4490=DIRECTION('center_axis',(-0.866025403784437,0.500000000000003,0.));
#4491=DIRECTION('ref_axis',(0.500000000000003,0.866025403784437,0.));
#4492=DIRECTION('',(-0.500000000000003,-0.866025403784437,0.));
#4493=DIRECTION('',(0.,0.,-1.));
#4494=DIRECTION('',(0.500000000000003,0.866025403784437,0.));
#4495=DIRECTION('center_axis',(0.,0.,-1.));
#4496=DIRECTION('ref_axis',(1.,0.,0.));
#4497=DIRECTION('',(-0.499999999999999,0.866025403784439,0.));
#4498=DIRECTION('center_axis',(0.,0.,-1.));
#4499=DIRECTION('ref_axis',(0.382683432365075,-0.923879532511293,0.));
#4500=DIRECTION('',(-0.923879532511288,-0.382683432365087,0.));
#4501=DIRECTION('center_axis',(0.,0.,1.));
#4502=DIRECTION('ref_axis',(-0.382683432365083,0.92387953251129,0.));
#4503=DIRECTION('center_axis',(0.,0.,1.));
#4504=DIRECTION('ref_axis',(-0.269308538290821,0.963053950307905,0.));
#4505=DIRECTION('center_axis',(0.,0.,1.));
#4506=DIRECTION('ref_axis',(-0.673730806639471,0.738976860385309,0.));
#4507=DIRECTION('',(-0.923879532511286,0.382683432365092,0.));
#4508=DIRECTION('center_axis',(0.,0.,-1.));
#4509=DIRECTION('ref_axis',(0.86602540378444,-0.499999999999997,0.));
#4510=DIRECTION('center_axis',(0.825993563574878,-0.563679548088162,0.));
#4511=DIRECTION('ref_axis',(-0.563679548088162,-0.825993563574878,0.));
#4512=DIRECTION('',(0.563679548088162,0.825993563574878,0.));
#4513=DIRECTION('',(0.,0.,-1.));
#4514=DIRECTION('center_axis',(0.,0.,-1.));
#4515=DIRECTION('ref_axis',(0.5,-0.866025403784439,0.));
#4516=DIRECTION('',(-0.499999999999999,0.866025403784439,0.));
#4517=DIRECTION('center_axis',(0.,0.,-1.));
#4518=DIRECTION('ref_axis',(-0.500000000000001,0.866025403784438,0.));
#4519=DIRECTION('center_axis',(0.,0.,1.));
#4520=DIRECTION('ref_axis',(0.86602540378444,-0.499999999999997,0.));
#4521=DIRECTION('',(0.923879532511286,-0.382683432365092,0.));
#4522=DIRECTION('center_axis',(0.,0.,-1.));
#4523=DIRECTION('ref_axis',(-0.673730806639471,0.738976860385309,0.));
#4524=DIRECTION('center_axis',(0.,0.,-1.));
#4525=DIRECTION('ref_axis',(-0.269308538290821,0.963053950307905,0.));
#4526=DIRECTION('center_axis',(0.,0.,-1.));
#4527=DIRECTION('ref_axis',(-0.382683432365083,0.92387953251129,0.));
#4528=DIRECTION('',(0.923879532511288,0.382683432365087,0.));
#4529=DIRECTION('center_axis',(0.,0.,1.));
#4530=DIRECTION('ref_axis',(0.382683432365075,-0.923879532511293,0.));
#4531=DIRECTION('',(0.499999999999999,-0.866025403784439,0.));
#4532=DIRECTION('center_axis',(0.,0.,-1.));
#4533=DIRECTION('ref_axis',(-0.269308538290821,0.963053950307905,0.));
#4534=DIRECTION('',(0.,0.,-1.));
#4535=DIRECTION('',(0.,0.,-1.));
#4536=DIRECTION('center_axis',(0.,0.,-1.));
#4537=DIRECTION('ref_axis',(-0.382683432365083,0.92387953251129,0.));
#4538=DIRECTION('',(0.,0.,-1.));
#4539=DIRECTION('center_axis',(-0.382683432365087,0.923879532511288,0.));
#4540=DIRECTION('ref_axis',(0.923879532511288,0.382683432365087,0.));
#4541=DIRECTION('',(0.,0.,-1.));
#4542=DIRECTION('center_axis',(0.,0.,-1.));
#4543=DIRECTION('ref_axis',(0.382683432365075,-0.923879532511293,0.));
#4544=DIRECTION('',(0.,0.,-1.));
#4545=DIRECTION('center_axis',(0.866025403784439,0.499999999999999,0.));
#4546=DIRECTION('ref_axis',(0.499999999999999,-0.866025403784439,0.));
#4547=DIRECTION('center_axis',(0.,0.,-1.));
#4548=DIRECTION('ref_axis',(0.86602540378444,-0.499999999999997,0.));
#4549=DIRECTION('',(0.,0.,-1.));
#4550=DIRECTION('center_axis',(0.382683432365092,0.923879532511286,0.));
#4551=DIRECTION('ref_axis',(0.923879532511286,-0.382683432365092,0.));
#4552=DIRECTION('',(0.,0.,-1.));
#4553=DIRECTION('center_axis',(0.,0.,-1.));
#4554=DIRECTION('ref_axis',(-0.673730806639471,0.738976860385309,0.));
#4555=DIRECTION('center_axis',(0.,0.,-1.));
#4556=DIRECTION('ref_axis',(-0.500000000000001,0.866025403784438,0.));
#4557=DIRECTION('',(0.,0.,-1.));
#4558=DIRECTION('center_axis',(0.,0.,1.));
#4559=DIRECTION('ref_axis',(-0.500000000000001,0.866025403784438,0.));
#4560=DIRECTION('center_axis',(-0.866025403784439,-0.499999999999999,0.));
#4561=DIRECTION('ref_axis',(-0.499999999999999,0.866025403784439,0.));
#4562=DIRECTION('',(-0.499999999999999,0.866025403784439,0.));
#4563=DIRECTION('center_axis',(0.,0.,-1.));
#4564=DIRECTION('ref_axis',(0.5,-0.866025403784439,0.));
#4565=DIRECTION('center_axis',(0.,0.,-1.));
#4566=DIRECTION('ref_axis',(-0.499999999999999,0.866025403784439,0.));
#4567=DIRECTION('',(0.499999999999999,-0.866025403784439,0.));
#4568=DIRECTION('',(0.86602540378444,0.499999999999997,0.));
#4569=DIRECTION('',(-0.499999999999999,0.866025403784439,0.));
#4570=DIRECTION('',(0.86602540378444,0.499999999999997,0.));
#4571=DIRECTION('center_axis',(0.499999999999997,-0.86602540378444,0.));
#4572=DIRECTION('ref_axis',(0.,0.,-1.));
#4573=DIRECTION('',(0.,0.,-1.));
#4574=DIRECTION('',(0.,0.,-1.));
#4575=DIRECTION('',(0.86602540378444,0.499999999999997,0.));
#4576=DIRECTION('center_axis',(0.,0.,1.));
#4577=DIRECTION('ref_axis',(0.499999999999999,-0.866025403784439,0.));
#4578=DIRECTION('',(0.499999999999999,-0.866025403784439,0.));
#4579=DIRECTION('',(0.499999999999999,-0.866025403784439,0.));
#4580=DIRECTION('',(0.86602540378444,0.499999999999997,0.));
#4581=DIRECTION('center_axis',(-0.499999999999997,0.86602540378444,0.));
#4582=DIRECTION('ref_axis',(0.,0.,1.));
#4583=DIRECTION('',(0.,0.,1.));
#4584=DIRECTION('',(0.,0.,1.));
#4585=DIRECTION('center_axis',(0.86602540378444,0.499999999999997,0.));
#4586=DIRECTION('ref_axis',(0.,0.,-1.));
#4587=DIRECTION('center_axis',(0.866025403784439,0.499999999999999,0.));
#4588=DIRECTION('ref_axis',(-0.499999999999999,0.866025403784439,0.));
#4589=DIRECTION('center_axis',(0.,0.,-1.));
#4590=DIRECTION('ref_axis',(-1.,0.,0.));
#4591=DIRECTION('center_axis',(0.,0.,-1.));
#4592=DIRECTION('ref_axis',(1.,0.,0.));
#4593=DIRECTION('',(0.,0.,-1.));
#4594=DIRECTION('center_axis',(0.,0.,-1.));
#4595=DIRECTION('ref_axis',(1.,0.,0.));
#4596=DIRECTION('',(0.,0.,-1.));
#4597=DIRECTION('',(0.,0.,-1.));
#4598=DIRECTION('',(0.,0.,-1.));
#4599=DIRECTION('',(0.,0.,-1.));
#4600=DIRECTION('',(0.,0.,-1.));
#4601=DIRECTION('',(0.,0.,-1.));
#4602=DIRECTION('',(0.,0.,-1.));
#4603=DIRECTION('center_axis',(0.,0.,-1.));
#4604=DIRECTION('ref_axis',(-1.,0.,0.));
#4605=DIRECTION('center_axis',(0.,0.,-1.));
#4606=DIRECTION('ref_axis',(1.,0.,0.));
#4607=DIRECTION('',(0.,0.,-1.));
#4608=DIRECTION('center_axis',(0.,0.,-1.));
#4609=DIRECTION('ref_axis',(1.,0.,0.));
#4610=DIRECTION('',(0.,0.,-1.));
#4611=DIRECTION('',(0.,0.,-1.));
#4612=DIRECTION('',(0.,0.,-1.));
#4613=DIRECTION('',(0.,0.,-1.));
#4614=DIRECTION('',(0.,0.,-1.));
#4615=DIRECTION('',(0.,0.,-1.));
#4616=DIRECTION('',(0.,0.,-1.));
#4617=DIRECTION('center_axis',(0.,0.,-1.));
#4618=DIRECTION('ref_axis',(-1.,0.,0.));
#4619=DIRECTION('center_axis',(0.,0.,-1.));
#4620=DIRECTION('ref_axis',(1.,0.,0.));
#4621=DIRECTION('',(0.,0.,-1.));
#4622=DIRECTION('center_axis',(0.,0.,-1.));
#4623=DIRECTION('ref_axis',(1.,0.,0.));
#4624=DIRECTION('',(0.,0.,-1.));
#4625=DIRECTION('center_axis',(0.866025403784438,0.5,0.));
#4626=DIRECTION('ref_axis',(-0.5,0.866025403784438,0.));
#4627=DIRECTION('',(0.5,-0.866025403784438,0.));
#4628=DIRECTION('',(0.5,-0.866025403784438,0.));
#4629=DIRECTION('center_axis',(-0.38268343236509,0.923879532511287,0.));
#4630=DIRECTION('ref_axis',(-0.923879532511287,-0.38268343236509,0.));
#4631=DIRECTION('',(0.923879532511287,0.38268343236509,0.));
#4632=DIRECTION('',(0.,0.,-1.));
#4633=DIRECTION('',(0.923879532511287,0.38268343236509,0.));
#4634=DIRECTION('',(0.,0.,-1.));
#4635=DIRECTION('center_axis',(-0.38268343236509,0.923879532511287,0.));
#4636=DIRECTION('ref_axis',(-0.923879532511287,-0.38268343236509,0.));
#4637=DIRECTION('center_axis',(-0.38268343236509,0.923879532511287,0.));
#4638=DIRECTION('ref_axis',(-0.923879532511287,-0.38268343236509,0.));
#4639=DIRECTION('center_axis',(-0.38268343236509,0.923879532511287,0.));
#4640=DIRECTION('ref_axis',(-0.923879532511287,-0.38268343236509,0.));
#4641=DIRECTION('center_axis',(-0.866025403784439,-0.5,0.));
#4642=DIRECTION('ref_axis',(0.5,-0.866025403784439,0.));
#4643=DIRECTION('',(-0.5,0.866025403784439,0.));
#4644=DIRECTION('',(0.,0.,-1.));
#4645=DIRECTION('',(-0.5,0.866025403784439,0.));
#4646=DIRECTION('',(0.,0.,1.));
#4647=DIRECTION('center_axis',(0.,0.,-1.));
#4648=DIRECTION('ref_axis',(-1.,0.,0.));
#4649=DIRECTION('center_axis',(0.,0.,-1.));
#4650=DIRECTION('ref_axis',(1.,0.,0.));
#4651=DIRECTION('',(0.,0.,-1.));
#4652=DIRECTION('center_axis',(0.,0.,-1.));
#4653=DIRECTION('ref_axis',(1.,0.,0.));
#4654=DIRECTION('',(0.,0.,-1.));
#4655=DIRECTION('center_axis',(-0.866025403784439,0.5,0.));
#4656=DIRECTION('ref_axis',(-0.5,-0.866025403784439,0.));
#4657=DIRECTION('',(0.5,0.866025403784439,0.));
#4658=DIRECTION('',(0.,0.,-1.));
#4659=DIRECTION('',(0.5,0.866025403784439,0.));
#4660=DIRECTION('',(0.,0.,-1.));
#4661=DIRECTION('center_axis',(0.382683432365091,0.923879532511286,0.));
#4662=DIRECTION('ref_axis',(-0.923879532511286,0.382683432365091,0.));
#4663=DIRECTION('',(0.923879532511286,-0.382683432365091,0.));
#4664=DIRECTION('',(0.,0.,-1.));
#4665=DIRECTION('',(0.923879532511286,-0.382683432365091,0.));
#4666=DIRECTION('',(0.,0.,-1.));
#4667=DIRECTION('center_axis',(0.382683432365091,0.923879532511286,0.));
#4668=DIRECTION('ref_axis',(-0.923879532511286,0.382683432365091,0.));
#4669=DIRECTION('center_axis',(0.382683432365091,0.923879532511286,0.));
#4670=DIRECTION('ref_axis',(-0.923879532511286,0.382683432365091,0.));
#4671=DIRECTION('center_axis',(0.382683432365091,0.923879532511286,0.));
#4672=DIRECTION('ref_axis',(-0.923879532511286,0.382683432365091,0.));
#4673=DIRECTION('center_axis',(0.866025403784439,-0.5,0.));
#4674=DIRECTION('ref_axis',(0.5,0.866025403784439,0.));
#4675=DIRECTION('',(-0.5,-0.866025403784439,0.));
#4676=DIRECTION('',(-0.5,-0.866025403784439,0.));
#4677=DIRECTION('center_axis',(0.,0.,1.));
#4678=DIRECTION('ref_axis',(1.,0.,0.));
#4679=DIRECTION('center_axis',(0.,0.,1.));
#4680=DIRECTION('ref_axis',(1.,0.,0.));
#4681=DIRECTION('center_axis',(0.,0.,1.));
#4682=DIRECTION('ref_axis',(1.,0.,0.));
#4683=DIRECTION('center_axis',(0.,0.,1.));
#4684=DIRECTION('ref_axis',(1.,0.,0.));
#4685=DIRECTION('center_axis',(0.,0.,1.));
#4686=DIRECTION('ref_axis',(1.,0.,0.));
#4687=DIRECTION('center_axis',(0.,0.,1.));
#4688=DIRECTION('ref_axis',(1.,0.,0.));
#4689=DIRECTION('center_axis',(0.,0.,1.));
#4690=DIRECTION('ref_axis',(1.,0.,0.));
#4691=DIRECTION('center_axis',(0.,0.,1.));
#4692=DIRECTION('ref_axis',(1.,0.,0.));
#4693=DIRECTION('center_axis',(0.,0.,1.));
#4694=DIRECTION('ref_axis',(1.,0.,0.));
#4695=DIRECTION('center_axis',(0.,0.,1.));
#4696=DIRECTION('ref_axis',(1.,0.,0.));
#4697=DIRECTION('center_axis',(0.,0.,1.));
#4698=DIRECTION('ref_axis',(1.,0.,0.));
#4699=DIRECTION('center_axis',(0.,0.,1.));
#4700=DIRECTION('ref_axis',(1.,0.,0.));
#4701=DIRECTION('center_axis',(0.,0.,1.));
#4702=DIRECTION('ref_axis',(1.,0.,0.));
#4703=DIRECTION('center_axis',(0.,0.,1.));
#4704=DIRECTION('ref_axis',(1.,0.,0.));
#4705=DIRECTION('center_axis',(-0.38268343236509,0.923879532511287,0.));
#4706=DIRECTION('ref_axis',(-0.923879532511287,-0.38268343236509,0.));
#4707=DIRECTION('',(-0.38268343236509,0.923879532511287,0.));
#4708=DIRECTION('center_axis',(-0.38268343236509,0.923879532511287,0.));
#4709=DIRECTION('ref_axis',(-0.923879532511287,-0.38268343236509,0.));
#4710=DIRECTION('',(-0.38268343236509,0.923879532511287,0.));
#4711=DIRECTION('center_axis',(-0.38268343236509,0.923879532511287,0.));
#4712=DIRECTION('ref_axis',(-0.923879532511287,-0.38268343236509,0.));
#4713=DIRECTION('',(-0.38268343236509,0.923879532511287,0.));
#4714=DIRECTION('center_axis',(0.382683432365091,0.923879532511286,0.));
#4715=DIRECTION('ref_axis',(-0.923879532511286,0.382683432365091,0.));
#4716=DIRECTION('',(0.382683432365091,0.923879532511286,0.));
#4717=DIRECTION('center_axis',(0.382683432365091,0.923879532511286,0.));
#4718=DIRECTION('ref_axis',(-0.923879532511286,0.382683432365091,0.));
#4719=DIRECTION('',(0.382683432365091,0.923879532511286,0.));
#4720=DIRECTION('center_axis',(0.382683432365091,0.923879532511286,0.));
#4721=DIRECTION('ref_axis',(-0.923879532511286,0.382683432365091,0.));
#4722=DIRECTION('',(0.382683432365091,0.923879532511286,0.));
#4723=DIRECTION('center_axis',(0.,0.,-1.));
#4724=DIRECTION('ref_axis',(0.961905348856363,0.273382698504346,0.));
#4725=DIRECTION('center_axis',(0.,0.,1.));
#4726=DIRECTION('ref_axis',(1.,0.,0.));
#4727=DIRECTION('center_axis',(0.,0.,-1.));
#4728=DIRECTION('ref_axis',(-1.,0.,0.));
#4729=DIRECTION('center_axis',(0.,0.,-1.));
#4730=DIRECTION('ref_axis',(-1.,0.,0.));
#4731=DIRECTION('center_axis',(0.,0.,-1.));
#4732=DIRECTION('ref_axis',(-1.,0.,0.));
#4733=DIRECTION('center_axis',(0.,0.,-1.));
#4734=DIRECTION('ref_axis',(-1.,0.,0.));
#4735=DIRECTION('center_axis',(1.96200667387074E-16,-1.,-1.94905599838898E-32));
#4736=DIRECTION('ref_axis',(1.,1.96200667387074E-16,0.));
#4737=DIRECTION('',(1.96200667387074E-16,-1.,-1.94905599838898E-32));
#4738=DIRECTION('',(1.96200667387074E-16,-1.,-1.94905599838898E-32));
#4739=DIRECTION('center_axis',(1.,1.96200667387074E-16,-8.30758332962362E-64));
#4740=DIRECTION('ref_axis',(-1.96200667387074E-16,1.,0.));
#4741=DIRECTION('',(1.96200667387074E-16,-1.,-1.94905599838898E-32));
#4742=DIRECTION('center_axis',(1.96200667387074E-16,-1.,-1.94905599838898E-32));
#4743=DIRECTION('ref_axis',(1.,1.96200667387074E-16,0.));
#4744=DIRECTION('',(1.96200667387074E-16,-1.,-1.94905599838898E-32));
#4745=DIRECTION('center_axis',(1.,1.96200667387074E-16,-8.30758332962362E-64));
#4746=DIRECTION('ref_axis',(-1.96200667387074E-16,1.,0.));
#4747=DIRECTION('center_axis',(1.96200667387074E-16,-1.,-1.94905599838898E-32));
#4748=DIRECTION('ref_axis',(1.,1.96200667387074E-16,0.));
#4749=DIRECTION('',(1.96200667387074E-16,-1.,-1.94905599838898E-32));
#4750=DIRECTION('',(1.96200667387074E-16,-1.,-1.94905599838898E-32));
#4751=DIRECTION('center_axis',(1.,1.96200667387074E-16,-8.30758332962362E-64));
#4752=DIRECTION('ref_axis',(-1.96200667387074E-16,1.,0.));
#4753=DIRECTION('',(1.96200667387074E-16,-1.,-1.94905599838898E-32));
#4754=DIRECTION('center_axis',(1.96200667387074E-16,-1.,-1.94905599838898E-32));
#4755=DIRECTION('ref_axis',(1.,1.96200667387074E-16,0.));
#4756=DIRECTION('',(1.96200667387074E-16,-1.,-1.94905599838898E-32));
#4757=DIRECTION('center_axis',(1.,1.96200667387074E-16,-8.30758332962362E-64));
#4758=DIRECTION('ref_axis',(-1.96200667387074E-16,1.,0.));
#4759=DIRECTION('center_axis',(1.96200667387074E-16,-1.,-1.94905599838898E-32));
#4760=DIRECTION('ref_axis',(1.,1.96200667387074E-16,0.));
#4761=DIRECTION('',(1.96200667387074E-16,-1.,-1.94905599838898E-32));
#4762=DIRECTION('',(1.96200667387074E-16,-1.,-1.94905599838898E-32));
#4763=DIRECTION('center_axis',(1.,1.96200667387074E-16,-8.30758332962362E-64));
#4764=DIRECTION('ref_axis',(-1.96200667387074E-16,1.,0.));
#4765=DIRECTION('',(1.96200667387074E-16,-1.,-1.94905599838898E-32));
#4766=DIRECTION('center_axis',(1.96200667387074E-16,-1.,-1.94905599838898E-32));
#4767=DIRECTION('ref_axis',(1.,1.96200667387074E-16,0.));
#4768=DIRECTION('',(1.96200667387074E-16,-1.,-1.94905599838898E-32));
#4769=DIRECTION('center_axis',(1.,1.96200667387074E-16,-8.30758332962362E-64));
#4770=DIRECTION('ref_axis',(-1.96200667387074E-16,1.,0.));
#4771=DIRECTION('',(0.,0.,1.));
#4772=DIRECTION('',(1.,0.,0.));
#4773=DIRECTION('axis',(0.,0.,1.));
#4774=DIRECTION('refdir',(1.,0.,0.));
#4775=DIRECTION('axis',(0.,0.,1.));
#4776=DIRECTION('refdir',(1.,0.,0.));
#4777=DIRECTION('center_axis',(1.30458173044515E-16,3.93548078437771E-18,
1.));
#4778=DIRECTION('ref_axis',(1.,-5.13415633181711E-34,-1.30458173044515E-16));
#4779=DIRECTION('center_axis',(1.30458173044515E-16,3.93548078437771E-18,
1.));
#4780=DIRECTION('ref_axis',(-1.,8.88178419700125E-16,1.30458173044515E-16));
#4781=DIRECTION('',(0.728769469901636,8.65536634834241E-17,-0.684759125342107));
#4782=DIRECTION('center_axis',(0.,0.,-1.));
#4783=DIRECTION('ref_axis',(1.,0.,0.));
#4784=DIRECTION('center_axis',(1.30458173044515E-16,3.93548078437771E-18,
1.));
#4785=DIRECTION('ref_axis',(-1.,8.88178419700125E-16,1.30458173044515E-16));
#4786=DIRECTION('center_axis',(1.29968284133075E-16,3.69065499498696E-18,
-1.));
#4787=DIRECTION('ref_axis',(-1.,4.79668097025617E-34,-1.29968284133075E-16));
#4788=DIRECTION('center_axis',(0.,-1.22464679914735E-16,-1.));
#4789=DIRECTION('ref_axis',(0.,1.,-1.22464679914735E-16));
#4790=DIRECTION('',(-0.707106781186535,8.39859184495725E-17,0.70710678118656));
#4791=DIRECTION('center_axis',(0.,0.,1.));
#4792=DIRECTION('ref_axis',(1.,0.,0.));
#4793=DIRECTION('center_axis',(0.,-1.22464679914735E-16,-1.));
#4794=DIRECTION('ref_axis',(0.,1.,-1.22464679914735E-16));
#4795=DIRECTION('center_axis',(0.,-1.22464679914735E-16,-1.));
#4796=DIRECTION('ref_axis',(0.,-1.,1.22464679914735E-16));
#4797=DIRECTION('center_axis',(0.,-1.22464679914735E-16,-1.));
#4798=DIRECTION('ref_axis',(0.,1.,-1.22464679914735E-16));
#4799=DIRECTION('center_axis',(0.,-1.22464679914735E-16,-1.));
#4800=DIRECTION('ref_axis',(0.,1.,-1.22464679914735E-16));
#4801=DIRECTION('',(-3.81110244083471E-18,-0.0311200130804092,0.999515655097945));
#4802=DIRECTION('center_axis',(0.,-1.22464679914735E-16,1.));
#4803=DIRECTION('ref_axis',(0.,-1.,-1.22464679914735E-16));
#4804=DIRECTION('center_axis',(0.,-1.22464679914735E-16,1.));
#4805=DIRECTION('ref_axis',(0.,-1.,-1.22464679914735E-16));
#4806=DIRECTION('',(3.81110244083471E-18,-0.0311200130804092,-0.999515655097945));
#4807=DIRECTION('center_axis',(0.,-1.22464679914735E-16,1.));
#4808=DIRECTION('ref_axis',(0.,-1.,-1.22464679914735E-16));
#4809=DIRECTION('center_axis',(0.,0.,-1.));
#4810=DIRECTION('ref_axis',(-6.12323399573677E-17,1.,0.));
#4811=DIRECTION('center_axis',(0.,0.,1.));
#4812=DIRECTION('ref_axis',(1.,0.,0.));
#4813=DIRECTION('',(0.,0.,-1.));
#4814=DIRECTION('center_axis',(0.,0.,1.));
#4815=DIRECTION('ref_axis',(1.,0.,0.));
#4816=DIRECTION('',(0.,0.,-1.));
#4817=DIRECTION('center_axis',(0.,0.,-1.));
#4818=DIRECTION('ref_axis',(-1.,0.,0.));
#4819=DIRECTION('',(0.,0.,1.));
#4820=DIRECTION('center_axis',(0.,0.,1.));
#4821=DIRECTION('ref_axis',(1.,0.,0.));
#4822=DIRECTION('center_axis',(0.,0.,-1.));
#4823=DIRECTION('ref_axis',(-1.,0.,0.));
#4824=DIRECTION('center_axis',(0.,0.,1.));
#4825=DIRECTION('ref_axis',(1.,0.,0.));
#4826=DIRECTION('center_axis',(0.,0.,-1.));
#4827=DIRECTION('ref_axis',(-1.,0.,0.));
#4828=DIRECTION('center_axis',(0.,0.,-1.));
#4829=DIRECTION('ref_axis',(-1.,0.,0.));
#4830=DIRECTION('axis',(0.,0.,1.));
#4831=DIRECTION('refdir',(1.,0.,0.));
#4832=DIRECTION('',(-0.511954259121029,-0.609742091737899,-0.605076373799978));
#4833=DIRECTION('',(-0.535516591564692,0.633213873564967,0.558804232700313));
#4834=DIRECTION('',(-0.508777365955484,-0.630928268126938,-0.585726141101575));
#4835=DIRECTION('',(-0.53115217700523,0.654339068810385,0.538254352412466));
#4836=DIRECTION('center_axis',(-1.,0.,0.));
#4837=DIRECTION('ref_axis',(0.,0.,1.));
#4838=DIRECTION('',(-1.,0.,0.));
#4839=DIRECTION('center_axis',(-1.,0.,0.));
#4840=DIRECTION('ref_axis',(0.,0.,1.));
#4841=DIRECTION('',(-1.,0.,0.));
#4842=DIRECTION('center_axis',(0.,0.,1.));
#4843=DIRECTION('ref_axis',(1.,0.,0.));
#4844=DIRECTION('center_axis',(0.,0.,1.));
#4845=DIRECTION('ref_axis',(1.,0.,0.));
#4846=DIRECTION('center_axis',(0.,0.,1.));
#4847=DIRECTION('ref_axis',(1.,0.,0.));
#4848=DIRECTION('',(-0.656059028990508,-8.03440589904947E-17,0.754709580222771));
#4849=DIRECTION('center_axis',(0.,0.,1.));
#4850=DIRECTION('ref_axis',(1.,0.,0.));
#4851=DIRECTION('center_axis',(0.,0.,1.));
#4852=DIRECTION('ref_axis',(1.,0.,0.));
#4853=DIRECTION('center_axis',(0.,0.,1.));
#4854=DIRECTION('ref_axis',(1.,0.,0.));
#4855=DIRECTION('',(-0.656059028990508,-8.03440589904947E-17,0.754709580222771));
#4856=DIRECTION('center_axis',(0.,0.,1.));
#4857=DIRECTION('ref_axis',(1.,0.,0.));
#4858=DIRECTION('center_axis',(0.,0.,1.));
#4859=DIRECTION('ref_axis',(1.,0.,0.));
#4860=DIRECTION('center_axis',(0.,0.,1.));
#4861=DIRECTION('ref_axis',(1.,0.,0.));
#4862=DIRECTION('',(-0.656059028990508,-8.03440589904947E-17,0.754709580222771));
#4863=DIRECTION('center_axis',(0.,2.81527999803992E-18,-1.));
#4864=DIRECTION('ref_axis',(0.,1.,0.));
#4865=DIRECTION('center_axis',(0.,2.81527999803992E-18,-1.));
#4866=DIRECTION('ref_axis',(0.,1.,2.81527999803992E-18));
#4867=DIRECTION('center_axis',(0.,2.81527999803992E-18,-1.));
#4868=DIRECTION('ref_axis',(0.,1.,2.81527999803992E-18));
#4869=DIRECTION('center_axis',(-1.,1.22464679914735E-16,3.44772363830316E-34));
#4870=DIRECTION('ref_axis',(-1.22464679914735E-16,-1.,0.));
#4871=DIRECTION('center_axis',(0.,-2.81527999803992E-18,1.));
#4872=DIRECTION('ref_axis',(0.,-1.,-2.81527999803992E-18));
#4873=DIRECTION('center_axis',(0.,-2.81527999803992E-18,1.));
#4874=DIRECTION('ref_axis',(0.,-1.,-2.81527999803992E-18));
#4875=DIRECTION('',(0.,2.81527999803992E-18,-1.));
#4876=DIRECTION('center_axis',(0.,-2.81527999803992E-18,1.));
#4877=DIRECTION('ref_axis',(0.,-1.,-2.81527999803992E-18));
#4878=DIRECTION('center_axis',(0.,-2.81527999803992E-18,1.));
#4879=DIRECTION('ref_axis',(0.,-1.,0.));
#4880=DIRECTION('center_axis',(0.,-2.81527999803992E-18,1.));
#4881=DIRECTION('ref_axis',(0.,-1.,-2.81527999803992E-18));
#4882=DIRECTION('center_axis',(0.,-2.81527999803992E-18,1.));
#4883=DIRECTION('ref_axis',(0.,-1.,-2.81527999803992E-18));
#4884=DIRECTION('center_axis',(1.,1.22464679914735E-16,3.44772363830316E-34));
#4885=DIRECTION('ref_axis',(-1.22464679914735E-16,1.,0.));
#4886=DIRECTION('center_axis',(0.,-2.81527999803992E-18,1.));
#4887=DIRECTION('ref_axis',(0.,-1.,-2.81527999803992E-18));
#4888=DIRECTION('center_axis',(0.,-2.81527999803992E-18,1.));
#4889=DIRECTION('ref_axis',(0.,-1.,-2.81527999803992E-18));
#4890=DIRECTION('center_axis',(0.,-2.81527999803992E-18,1.));
#4891=DIRECTION('ref_axis',(0.,-1.,0.));
#4892=DIRECTION('center_axis',(0.,-2.81527999803992E-18,1.));
#4893=DIRECTION('ref_axis',(0.,-1.,-2.81527999803992E-18));
#4894=DIRECTION('center_axis',(-1.,-1.22464679914735E-16,-3.44772363830316E-34));
#4895=DIRECTION('ref_axis',(-1.22464679914735E-16,1.,0.));
#4896=DIRECTION('center_axis',(0.,-2.81527999803992E-18,1.));
#4897=DIRECTION('ref_axis',(0.,-1.,-2.81527999803992E-18));
#4898=DIRECTION('center_axis',(0.,-2.81527999803992E-18,1.));
#4899=DIRECTION('ref_axis',(0.,-1.,-2.81527999803992E-18));
#4900=DIRECTION('center_axis',(0.,0.,-1.));
#4901=DIRECTION('ref_axis',(-1.,0.,0.));
#4902=DIRECTION('',(0.,0.,-1.));
#4903=DIRECTION('center_axis',(0.,0.,1.));
#4904=DIRECTION('ref_axis',(1.,0.,0.));
#4905=DIRECTION('center_axis',(0.,0.,-1.));
#4906=DIRECTION('ref_axis',(-1.,0.,0.));
#4907=DIRECTION('',(0.,0.,-1.));
#4908=DIRECTION('center_axis',(0.,0.,1.));
#4909=DIRECTION('ref_axis',(1.,0.,0.));
#4910=DIRECTION('center_axis',(0.,0.,-1.));
#4911=DIRECTION('ref_axis',(-1.,0.,0.));
#4912=DIRECTION('',(0.,0.,-1.));
#4913=DIRECTION('center_axis',(0.,0.,1.));
#4914=DIRECTION('ref_axis',(1.,0.,0.));
#4915=DIRECTION('center_axis',(0.,2.81527999803992E-18,-1.));
#4916=DIRECTION('ref_axis',(0.,1.,2.81527999803992E-18));
#4917=DIRECTION('',(1.22390077740616E-16,0.999390827019096,0.034899496702494));
#4918=DIRECTION('center_axis',(0.,2.81527999803992E-18,-1.));
#4919=DIRECTION('ref_axis',(0.,1.,2.81527999803992E-18));
#4920=DIRECTION('',(8.5427042290541E-18,0.0697564737441184,0.997564050259825));
#4921=DIRECTION('center_axis',(0.,-2.81527999803992E-18,1.));
#4922=DIRECTION('ref_axis',(0.,-1.,-2.81527999803992E-18));
#4923=DIRECTION('center_axis',(0.,-2.81527999803992E-18,1.));
#4924=DIRECTION('ref_axis',(0.,-1.,-2.81527999803992E-18));
#4925=DIRECTION('',(0.,-2.81527999803992E-18,1.));
#4926=DIRECTION('center_axis',(0.,-2.81527999803992E-18,1.));
#4927=DIRECTION('ref_axis',(0.,-1.,-2.81527999803992E-18));
#4928=DIRECTION('center_axis',(0.,-2.81527999803992E-18,1.));
#4929=DIRECTION('ref_axis',(0.,-1.,-2.81527999803992E-18));
#4930=DIRECTION('center_axis',(0.,2.81527999803992E-18,-1.));
#4931=DIRECTION('ref_axis',(0.,1.,2.81527999803992E-18));
#4932=DIRECTION('center_axis',(-1.,0.,0.));
#4933=DIRECTION('ref_axis',(0.,0.,1.));
#4934=DIRECTION('',(-0.515038074910058,-1.04972719113862E-16,-0.85716730070211));
#4935=DIRECTION('center_axis',(1.,0.,0.));
#4936=DIRECTION('ref_axis',(0.,0.,-1.));
#4937=DIRECTION('center_axis',(1.,0.,0.));
#4938=DIRECTION('ref_axis',(0.,0.,-1.));
#4939=DIRECTION('center_axis',(1.,0.,0.));
#4940=DIRECTION('ref_axis',(0.,0.,-1.));
#4941=DIRECTION('center_axis',(1.,0.,0.));
#4942=DIRECTION('ref_axis',(0.,0.,-1.));
#4943=DIRECTION('',(-0.707106781186551,8.65956056235489E-17,-0.707106781186544));
#4944=DIRECTION('center_axis',(1.,0.,0.));
#4945=DIRECTION('ref_axis',(0.,0.,-1.));
#4946=DIRECTION('center_axis',(1.,0.,0.));
#4947=DIRECTION('ref_axis',(0.,0.,-1.));
#4948=DIRECTION('center_axis',(1.,0.,0.));
#4949=DIRECTION('ref_axis',(0.,0.,-1.));
#4950=DIRECTION('',(-1.,0.,0.));
#4951=DIRECTION('center_axis',(-1.,0.,0.));
#4952=DIRECTION('ref_axis',(0.,0.,1.));
#4953=DIRECTION('',(0.573576436351048,1.00317192905352E-16,0.81915204428899));
#4954=DIRECTION('center_axis',(1.,0.,0.));
#4955=DIRECTION('ref_axis',(0.,0.,-1.));
#4956=DIRECTION('center_axis',(-1.,0.,0.));
#4957=DIRECTION('ref_axis',(0.,0.,1.));
#4958=DIRECTION('center_axis',(1.,0.,0.));
#4959=DIRECTION('ref_axis',(0.,0.,-1.));
#4960=DIRECTION('center_axis',(1.,0.,0.));
#4961=DIRECTION('ref_axis',(0.,0.,-1.));
#4962=DIRECTION('center_axis',(1.,0.,0.));
#4963=DIRECTION('ref_axis',(0.,0.,-1.));
#4964=DIRECTION('center_axis',(1.,0.,0.));
#4965=DIRECTION('ref_axis',(0.,0.,-1.));
#4966=DIRECTION('center_axis',(1.,0.,0.));
#4967=DIRECTION('ref_axis',(0.,0.,-1.));
#4968=DIRECTION('center_axis',(1.,0.,0.));
#4969=DIRECTION('ref_axis',(0.,0.,-1.));
#4970=DIRECTION('center_axis',(0.,0.500000000000001,0.866025403784438));
#4971=DIRECTION('ref_axis',(0.,-0.866025403784438,0.5));
#4972=DIRECTION('',(1.,0.,0.));
#4973=DIRECTION('',(1.,0.,0.));
#4974=DIRECTION('',(0.,-0.866025403784438,0.5));
#4975=DIRECTION('center_axis',(0.,1.,4.73169952358158E-16));
#4976=DIRECTION('ref_axis',(0.,-4.73169952358159E-16,1.));
#4977=DIRECTION('',(1.,0.,0.));
#4978=DIRECTION('',(0.,-4.73169952358159E-16,1.));
#4979=DIRECTION('center_axis',(0.,0.500000000000001,-0.866025403784438));
#4980=DIRECTION('ref_axis',(0.,0.866025403784438,0.500000000000001));
#4981=DIRECTION('',(1.,0.,0.));
#4982=DIRECTION('',(0.,0.866025403784438,0.500000000000001));
#4983=DIRECTION('center_axis',(0.,-0.5,-0.866025403784439));
#4984=DIRECTION('ref_axis',(0.,0.866025403784439,-0.5));
#4985=DIRECTION('',(1.,0.,0.));
#4986=DIRECTION('',(0.,0.866025403784439,-0.5));
#4987=DIRECTION('center_axis',(0.,-1.,-5.91462440447698E-16));
#4988=DIRECTION('ref_axis',(0.,5.91462440447698E-16,-1.));
#4989=DIRECTION('',(1.,0.,0.));
#4990=DIRECTION('',(0.,5.91462440447698E-16,-1.));
#4991=DIRECTION('center_axis',(0.,-0.5,0.866025403784439));
#4992=DIRECTION('ref_axis',(0.,-0.866025403784439,-0.5));
#4993=DIRECTION('',(0.,-0.866025403784438,-0.5));
#4994=DIRECTION('center_axis',(1.,0.,0.));
#4995=DIRECTION('ref_axis',(0.,0.,-1.));
#4996=DIRECTION('center_axis',(1.,0.,0.));
#4997=DIRECTION('ref_axis',(0.,0.,-1.));
#4998=DIRECTION('center_axis',(1.,0.,0.));
#4999=DIRECTION('ref_axis',(0.,0.,-1.));
#5000=DIRECTION('center_axis',(1.,0.,0.));
#5001=DIRECTION('ref_axis',(0.,0.,-1.));
#5002=DIRECTION('center_axis',(1.,0.,0.));
#5003=DIRECTION('ref_axis',(0.,0.,-1.));
#5004=DIRECTION('center_axis',(1.,0.,0.));
#5005=DIRECTION('ref_axis',(0.,0.,-1.));
#5006=DIRECTION('center_axis',(1.,0.,0.));
#5007=DIRECTION('ref_axis',(0.,0.,-1.));
#5008=DIRECTION('center_axis',(-1.,0.,0.));
#5009=DIRECTION('ref_axis',(0.,0.,1.));
#5010=DIRECTION('',(-0.515038074910058,-1.04972719113862E-16,-0.85716730070211));
#5011=DIRECTION('center_axis',(1.,0.,0.));
#5012=DIRECTION('ref_axis',(0.,0.,-1.));
#5013=DIRECTION('center_axis',(1.,0.,0.));
#5014=DIRECTION('ref_axis',(0.,0.,-1.));
#5015=DIRECTION('center_axis',(1.,0.,0.));
#5016=DIRECTION('ref_axis',(0.,0.,-1.));
#5017=DIRECTION('center_axis',(1.,0.,0.));
#5018=DIRECTION('ref_axis',(0.,0.,-1.));
#5019=DIRECTION('',(-0.707106781186551,8.65956056235489E-17,-0.707106781186544));
#5020=DIRECTION('center_axis',(1.,0.,0.));
#5021=DIRECTION('ref_axis',(0.,0.,-1.));
#5022=DIRECTION('center_axis',(1.,0.,0.));
#5023=DIRECTION('ref_axis',(0.,0.,-1.));
#5024=DIRECTION('center_axis',(1.,0.,0.));
#5025=DIRECTION('ref_axis',(0.,0.,-1.));
#5026=DIRECTION('',(-1.,0.,0.));
#5027=DIRECTION('center_axis',(-1.,0.,0.));
#5028=DIRECTION('ref_axis',(0.,0.,1.));
#5029=DIRECTION('',(0.573576436351048,1.00317192905352E-16,0.81915204428899));
#5030=DIRECTION('center_axis',(1.,0.,0.));
#5031=DIRECTION('ref_axis',(0.,0.,-1.));
#5032=DIRECTION('center_axis',(-1.,0.,0.));
#5033=DIRECTION('ref_axis',(0.,0.,1.));
#5034=DIRECTION('center_axis',(1.,0.,0.));
#5035=DIRECTION('ref_axis',(0.,0.,-1.));
#5036=DIRECTION('center_axis',(1.,0.,0.));
#5037=DIRECTION('ref_axis',(0.,0.,-1.));
#5038=DIRECTION('center_axis',(1.,0.,0.));
#5039=DIRECTION('ref_axis',(0.,0.,-1.));
#5040=DIRECTION('center_axis',(1.,0.,0.));
#5041=DIRECTION('ref_axis',(0.,0.,-1.));
#5042=DIRECTION('center_axis',(1.,0.,0.));
#5043=DIRECTION('ref_axis',(0.,0.,-1.));
#5044=DIRECTION('center_axis',(1.,0.,0.));
#5045=DIRECTION('ref_axis',(0.,0.,-1.));
#5046=DIRECTION('center_axis',(0.,0.500000000000001,0.866025403784438));
#5047=DIRECTION('ref_axis',(0.,-0.866025403784438,0.5));
#5048=DIRECTION('',(1.,0.,0.));
#5049=DIRECTION('',(1.,0.,0.));
#5050=DIRECTION('',(0.,-0.866025403784438,0.5));
#5051=DIRECTION('center_axis',(0.,1.,4.73169952358158E-16));
#5052=DIRECTION('ref_axis',(0.,-4.73169952358159E-16,1.));
#5053=DIRECTION('',(1.,0.,0.));
#5054=DIRECTION('',(0.,-4.73169952358159E-16,1.));
#5055=DIRECTION('center_axis',(0.,0.500000000000001,-0.866025403784438));
#5056=DIRECTION('ref_axis',(0.,0.866025403784438,0.500000000000001));
#5057=DIRECTION('',(1.,0.,0.));
#5058=DIRECTION('',(0.,0.866025403784438,0.500000000000001));
#5059=DIRECTION('center_axis',(0.,-0.5,-0.866025403784439));
#5060=DIRECTION('ref_axis',(0.,0.866025403784439,-0.5));
#5061=DIRECTION('',(1.,0.,0.));
#5062=DIRECTION('',(0.,0.866025403784439,-0.5));
#5063=DIRECTION('center_axis',(0.,-1.,-5.91462440447698E-16));
#5064=DIRECTION('ref_axis',(0.,5.91462440447698E-16,-1.));
#5065=DIRECTION('',(1.,0.,0.));
#5066=DIRECTION('',(0.,5.91462440447698E-16,-1.));
#5067=DIRECTION('center_axis',(0.,-0.5,0.866025403784439));
#5068=DIRECTION('ref_axis',(0.,-0.866025403784439,-0.5));
#5069=DIRECTION('',(0.,-0.866025403784438,-0.5));
#5070=DIRECTION('center_axis',(1.,0.,0.));
#5071=DIRECTION('ref_axis',(0.,0.,-1.));
#5072=DIRECTION('center_axis',(1.,0.,0.));
#5073=DIRECTION('ref_axis',(0.,0.,-1.));
#5074=DIRECTION('center_axis',(1.,0.,0.));
#5075=DIRECTION('ref_axis',(0.,0.,-1.));
#5076=DIRECTION('center_axis',(1.,0.,0.));
#5077=DIRECTION('ref_axis',(0.,0.,-1.));
#5078=DIRECTION('center_axis',(1.,0.,0.));
#5079=DIRECTION('ref_axis',(0.,0.,-1.));
#5080=DIRECTION('center_axis',(1.,0.,0.));
#5081=DIRECTION('ref_axis',(0.,0.,-1.));
#5082=DIRECTION('center_axis',(1.,0.,0.));
#5083=DIRECTION('ref_axis',(0.,0.,-1.));
#5084=DIRECTION('',(0.,0.,1.));
#5085=DIRECTION('',(1.,0.,0.));
#5086=DIRECTION('',(0.,0.,1.));
#5087=DIRECTION('',(1.,0.,0.));
#5088=DIRECTION('',(0.,0.,1.));
#5089=DIRECTION('',(0.5,0.866025403784439,0.));
#5090=DIRECTION('',(0.,0.,1.));
#5091=DIRECTION('',(-0.500000000000001,-0.866025403784438,0.));
#5092=DIRECTION('',(0.,0.,1.));
#5093=DIRECTION('',(-0.5,0.866025403784438,0.));
#5094=DIRECTION('',(0.,0.,1.));
#5095=DIRECTION('',(-1.,0.,0.));
#5096=DIRECTION('',(0.,0.,1.));
#5097=DIRECTION('',(0.5,-0.866025403784439,0.));
#5098=DIRECTION('',(0.,0.,1.));
#5099=DIRECTION('',(1.,0.,0.));
#5100=DIRECTION('',(5.42370637350037E-15,1.26163708260204E-16,1.));
#5101=DIRECTION('',(-0.999999469132455,0.00103040516791169,6.17559072906959E-15));
#5102=DIRECTION('',(-2.81717963861349E-15,-3.56946188405549E-18,-1.));
#5103=DIRECTION('',(-0.999999469132454,0.00103040516791169,2.81717446507227E-15));
#5104=DIRECTION('center_axis',(0.,0.,1.));
#5105=DIRECTION('ref_axis',(1.,0.,0.));
#5106=CARTESIAN_POINT('',(0.,0.,0.));
#5107=CARTESIAN_POINT('',(0.,0.,0.));
#5108=CARTESIAN_POINT('Origin',(-0.527778823433577,0.918003083376557,-1.5));
#5109=CARTESIAN_POINT('',(-0.462778822558601,1.03058638536337,-1.5));
#5110=CARTESIAN_POINT('Origin',(-0.527778823433577,0.918003083376557,-1.5));
#5111=CARTESIAN_POINT('',(-0.462778822558601,1.03058638536337,0.));
#5112=CARTESIAN_POINT('',(-0.462778822558601,1.03058638536337,-1.5));
#5113=CARTESIAN_POINT('Origin',(-0.527778823433577,0.918003083376557,0.));
#5114=CARTESIAN_POINT('Origin',(-0.53000002382984,-0.917986952806835,-1.5));
#5115=CARTESIAN_POINT('',(-0.465000022954863,-0.805403650820026,-1.5));
#5116=CARTESIAN_POINT('Origin',(-0.53000002382984,-0.917986952806835,-1.5));
#5117=CARTESIAN_POINT('',(-0.465000022954863,-0.805403650820026,0.));
#5118=CARTESIAN_POINT('',(-0.465000022954863,-0.805403650820026,-1.5));
#5119=CARTESIAN_POINT('Origin',(-0.53000002382984,-0.917986952806835,0.));
#5120=CARTESIAN_POINT('Origin',(1.06174335864165,-0.00100654423228227,-1.5));
#5121=CARTESIAN_POINT('',(1.12674335951663,0.111576757754527,-1.5));
#5122=CARTESIAN_POINT('Origin',(1.06174335864165,-0.00100654423228227,-1.5));
#5123=CARTESIAN_POINT('',(1.12674335951663,0.111576757754527,0.));
#5124=CARTESIAN_POINT('',(1.12674335951663,0.111576757754527,-1.5));
#5125=CARTESIAN_POINT('Origin',(1.06174335864165,-0.00100654423228227,0.));
#5126=CARTESIAN_POINT('Origin',(0.,0.,-1.5));
#5127=CARTESIAN_POINT('',(2.875,1.74838271594513E-16,-1.5));
#5128=CARTESIAN_POINT('Origin',(0.,1.76042977377432E-16,-1.5));
#5129=CARTESIAN_POINT('Origin',(0.,0.,5.165));
#5130=CARTESIAN_POINT('',(-2.27410527393102,1.17020960998181,5.165));
#5131=CARTESIAN_POINT('Origin',(-2.21229458044673,1.27726887154767,5.165));
#5132=CARTESIAN_POINT('Origin',(-2.21229458044673,1.27726887154767,5.165));
#5133=CARTESIAN_POINT('',(-2.27410527393102,1.17020960998181,5.5));
#5134=CARTESIAN_POINT('',(-2.27410527393102,1.17020960998181,5.165));
#5135=CARTESIAN_POINT('Origin',(-2.21229458044673,1.27726887154767,5.5));
#5136=CARTESIAN_POINT('Origin',(0.,0.,5.165));
#5137=CARTESIAN_POINT('',(-2.15048388696244,-1.38432813311353,5.165));
#5138=CARTESIAN_POINT('Origin',(-2.21229458044673,-1.27726887154767,5.165));
#5139=CARTESIAN_POINT('Origin',(-2.21229458044673,-1.27726887154767,5.165));
#5140=CARTESIAN_POINT('',(-2.15048388696244,-1.38432813311353,5.5));
#5141=CARTESIAN_POINT('',(-2.15048388696244,-1.38432813311353,5.165));
#5142=CARTESIAN_POINT('Origin',(-2.21229458044673,-1.27726887154767,5.5));
#5143=CARTESIAN_POINT('Origin',(0.,0.,5.165));
#5144=CARTESIAN_POINT('',(0.123621386968583,-2.55453774309534,5.165));
#5145=CARTESIAN_POINT('Origin',(3.12840647038281E-16,-2.55453774309534,
5.165));
#5146=CARTESIAN_POINT('Origin',(3.12840647038281E-16,-2.55453774309534,
5.165));
#5147=CARTESIAN_POINT('',(0.123621386968583,-2.55453774309534,5.5));
#5148=CARTESIAN_POINT('',(0.123621386968583,-2.55453774309534,5.165));
#5149=CARTESIAN_POINT('Origin',(3.12840647038281E-16,-2.55453774309534,
5.5));
#5150=CARTESIAN_POINT('Origin',(0.,0.,5.165));
#5151=CARTESIAN_POINT('',(2.27410527393102,-1.17020960998181,5.165));
#5152=CARTESIAN_POINT('Origin',(2.21229458044673,-1.27726887154767,5.165));
#5153=CARTESIAN_POINT('Origin',(2.21229458044673,-1.27726887154767,5.165));
#5154=CARTESIAN_POINT('',(2.27410527393102,-1.17020960998181,5.5));
#5155=CARTESIAN_POINT('',(2.27410527393102,-1.17020960998181,5.165));
#5156=CARTESIAN_POINT('Origin',(2.21229458044673,-1.27726887154767,5.5));
#5157=CARTESIAN_POINT('Origin',(0.,0.,5.165));
#5158=CARTESIAN_POINT('',(2.15048388696244,1.38432813311353,5.165));
#5159=CARTESIAN_POINT('Origin',(2.21229458044673,1.27726887154767,5.165));
#5160=CARTESIAN_POINT('Origin',(2.21229458044673,1.27726887154767,5.165));
#5161=CARTESIAN_POINT('',(2.15048388696244,1.38432813311353,5.5));
#5162=CARTESIAN_POINT('',(2.15048388696244,1.38432813311353,5.165));
#5163=CARTESIAN_POINT('Origin',(2.21229458044673,1.27726887154767,5.5));
#5164=CARTESIAN_POINT('Origin',(0.,1.76042977377432E-16,5.5));
#5165=CARTESIAN_POINT('',(2.875,1.76042977377432E-16,5.5));
#5166=CARTESIAN_POINT('',(2.875,-1.76042977377432E-16,5.5));
#5167=CARTESIAN_POINT('Origin',(0.,1.76042977377432E-16,5.5));
#5168=CARTESIAN_POINT('',(1.17390758856638,2.62441726360468,1.));
#5169=CARTESIAN_POINT('',(0.96601048623416,2.70784946784079,1.));
#5170=CARTESIAN_POINT('Ctrl Pts',(1.17390758856638,2.62441726360468,0.999999999999999));
#5171=CARTESIAN_POINT('Ctrl Pts',(1.17390758856638,2.62441726360468,0.985935782835169));
#5172=CARTESIAN_POINT('Ctrl Pts',(1.1713422748578,2.62556945485644,0.970934669223664));
#5173=CARTESIAN_POINT('Ctrl Pts',(1.16089056112116,2.63020736677341,0.943339600988511));
#5174=CARTESIAN_POINT('Ctrl Pts',(1.15300193956928,2.63368761395441,0.930745568159528));
#5175=CARTESIAN_POINT('Ctrl Pts',(1.13475316669942,2.64160162681165,0.910858543185488));
#5176=CARTESIAN_POINT('Ctrl Pts',(1.12317633731324,2.64656197222457,0.902239542815409));
#5177=CARTESIAN_POINT('Ctrl Pts',(1.09772369714721,2.65721998378886,0.890810256369467));
#5178=CARTESIAN_POINT('Ctrl Pts',(1.08384559924162,2.66291221904466,0.888));
#5179=CARTESIAN_POINT('Ctrl Pts',(1.05773874770444,2.67338954200089,0.888));
#5180=CARTESIAN_POINT('Ctrl Pts',(1.04377151076204,2.67887225017793,0.89081193770043));
#5181=CARTESIAN_POINT('Ctrl Pts',(1.01800280511342,2.68877031154283,0.902244048962049));
#5182=CARTESIAN_POINT('Ctrl Pts',(1.00620340253594,2.69319117898951,0.910864104637619));
#5183=CARTESIAN_POINT('Ctrl Pts',(0.987538916802749,2.70009089819528,0.930750408177375));
#5184=CARTESIAN_POINT('Ctrl Pts',(0.979428601997386,2.70303114003949,0.943342293392587));
#5185=CARTESIAN_POINT('Ctrl Pts',(0.968663194329246,2.70690770925306,0.97093466191859));
#5186=CARTESIAN_POINT('Ctrl Pts',(0.96601048623416,2.70784946784079,0.98593531229366));
#5187=CARTESIAN_POINT('Ctrl Pts',(0.96601048623416,2.70784946784079,1.));
#5188=CARTESIAN_POINT('Ctrl Pts',(0.96601048623416,2.70784946784079,1.));
#5189=CARTESIAN_POINT('Ctrl Pts',(0.96601048623416,2.70784946784079,1.01406570549229));
#5190=CARTESIAN_POINT('Ctrl Pts',(0.968663575325701,2.70690757452194,1.0290673715603));
#5191=CARTESIAN_POINT('Ctrl Pts',(0.979430412950035,2.70303048546025,1.0566612910068));
#5192=CARTESIAN_POINT('Ctrl Pts',(0.987541776109065,2.70008985706312,1.069253711496));
#5193=CARTESIAN_POINT('Ctrl Pts',(1.00620726352823,2.69318973581411,1.08913893537021));
#5194=CARTESIAN_POINT('Ctrl Pts',(1.01800615713562,2.68876903843862,1.09775787457272));
#5195=CARTESIAN_POINT('Ctrl Pts',(1.04377340428653,2.67887150840334,1.1091884658271));
#5196=CARTESIAN_POINT('Ctrl Pts',(1.05773969224484,2.67338916293354,1.112));
#5197=CARTESIAN_POINT('Ctrl Pts',(1.08384612594539,2.66291200766545,1.112));
#5198=CARTESIAN_POINT('Ctrl Pts',(1.09772474606357,2.65721955271729,1.10918951863558));
#5199=CARTESIAN_POINT('Ctrl Pts',(1.12317817852402,2.64656119308643,1.09775938436517));
#5200=CARTESIAN_POINT('Ctrl Pts',(1.13475527833158,2.64160072009425,1.08913976117158));
#5201=CARTESIAN_POINT('Ctrl Pts',(1.15300349226548,2.63368693154677,1.06925213404879));
#5202=CARTESIAN_POINT('Ctrl Pts',(1.160891542548,2.63020693268071,1.05665839986676));
#5203=CARTESIAN_POINT('Ctrl Pts',(1.17134248010084,2.62556936236831,1.02906419675654));
#5204=CARTESIAN_POINT('Ctrl Pts',(1.17390758856638,2.62441726360468,1.014063649636));
#5205=CARTESIAN_POINT('Ctrl Pts',(1.17390758856638,2.62441726360468,0.999999999999999));
#5206=CARTESIAN_POINT('',(-0.966010486234161,2.70784946784079,4.5));
#5207=CARTESIAN_POINT('',(-1.17390758856638,2.62441726360468,4.5));
#5208=CARTESIAN_POINT('Ctrl Pts',(-0.966010486234164,2.70784946784079,4.5));
#5209=CARTESIAN_POINT('Ctrl Pts',(-0.966010486234164,2.70784946784079,4.48593531229366));
#5210=CARTESIAN_POINT('Ctrl Pts',(-0.96866319432925,2.70690770925306,4.47093466191859));
#5211=CARTESIAN_POINT('Ctrl Pts',(-0.97942860199739,2.70303114003949,4.44334229339259));
#5212=CARTESIAN_POINT('Ctrl Pts',(-0.987538916802753,2.70009089819528,4.43075040817737));
#5213=CARTESIAN_POINT('Ctrl Pts',(-1.00620340253595,2.69319117898951,4.41086410463762));
#5214=CARTESIAN_POINT('Ctrl Pts',(-1.01800280511343,2.68877031154283,4.40224404896205));
#5215=CARTESIAN_POINT('Ctrl Pts',(-1.04377151076204,2.67887225017793,4.39081193770043));
#5216=CARTESIAN_POINT('Ctrl Pts',(-1.05773874770444,2.67338954200088,4.388));
#5217=CARTESIAN_POINT('Ctrl Pts',(-1.08384559924162,2.66291221904466,4.388));
#5218=CARTESIAN_POINT('Ctrl Pts',(-1.09772369714722,2.65721998378886,4.39081025636947));
#5219=CARTESIAN_POINT('Ctrl Pts',(-1.12317633731324,2.64656197222457,4.40223954281541));
#5220=CARTESIAN_POINT('Ctrl Pts',(-1.13475316669943,2.64160162681165,4.41085854318549));
#5221=CARTESIAN_POINT('Ctrl Pts',(-1.15300193956928,2.63368761395441,4.43074556815953));
#5222=CARTESIAN_POINT('Ctrl Pts',(-1.16089056112117,2.63020736677341,4.44333960098851));
#5223=CARTESIAN_POINT('Ctrl Pts',(-1.17134227485781,2.62556945485643,4.47093466922366));
#5224=CARTESIAN_POINT('Ctrl Pts',(-1.17390758856638,2.62441726360468,4.48593578283517));
#5225=CARTESIAN_POINT('Ctrl Pts',(-1.17390758856638,2.62441726360468,4.5));
#5226=CARTESIAN_POINT('Ctrl Pts',(-1.17390758856638,2.62441726360468,4.5));
#5227=CARTESIAN_POINT('Ctrl Pts',(-1.17390758856638,2.62441726360468,4.51406421716483));
#5228=CARTESIAN_POINT('Ctrl Pts',(-1.17134227485781,2.62556945485643,4.52906533077634));
#5229=CARTESIAN_POINT('Ctrl Pts',(-1.16089056112117,2.63020736677341,4.55666039901149));
#5230=CARTESIAN_POINT('Ctrl Pts',(-1.15300193956928,2.63368761395441,4.56925443184047));
#5231=CARTESIAN_POINT('Ctrl Pts',(-1.13475316669943,2.64160162681165,4.58914145681451));
#5232=CARTESIAN_POINT('Ctrl Pts',(-1.12317633731324,2.64656197222457,4.59776045718459));
#5233=CARTESIAN_POINT('Ctrl Pts',(-1.09772369714722,2.65721998378886,4.60918974363053));
#5234=CARTESIAN_POINT('Ctrl Pts',(-1.08384559924162,2.66291221904466,4.612));
#5235=CARTESIAN_POINT('Ctrl Pts',(-1.05773874770444,2.67338954200088,4.612));
#5236=CARTESIAN_POINT('Ctrl Pts',(-1.04377151076204,2.67887225017793,4.60918806229957));
#5237=CARTESIAN_POINT('Ctrl Pts',(-1.01800280511343,2.68877031154283,4.59775595103795));
#5238=CARTESIAN_POINT('Ctrl Pts',(-1.00620340253595,2.69319117898951,4.58913589536238));
#5239=CARTESIAN_POINT('Ctrl Pts',(-0.987538916802753,2.70009089819528,4.56924959182263));
#5240=CARTESIAN_POINT('Ctrl Pts',(-0.97942860199739,2.70303114003949,4.55665770660741));
#5241=CARTESIAN_POINT('Ctrl Pts',(-0.96866319432925,2.70690770925306,4.52906533808141));
#5242=CARTESIAN_POINT('Ctrl Pts',(-0.966010486234164,2.70784946784079,4.51406468770634));
#5243=CARTESIAN_POINT('Ctrl Pts',(-0.966010486234164,2.70784946784079,4.5));
#5244=CARTESIAN_POINT('',(-0.966010486234161,2.70784946784079,2.75));
#5245=CARTESIAN_POINT('',(-1.17390758856638,2.62441726360468,2.75));
#5246=CARTESIAN_POINT('Ctrl Pts',(-0.966010486234164,2.70784946784079,2.75));
#5247=CARTESIAN_POINT('Ctrl Pts',(-0.966010486234164,2.70784946784079,2.73593531229366));
#5248=CARTESIAN_POINT('Ctrl Pts',(-0.96866319432925,2.70690770925306,2.72093466191859));
#5249=CARTESIAN_POINT('Ctrl Pts',(-0.97942860199739,2.70303114003949,2.69334229339259));
#5250=CARTESIAN_POINT('Ctrl Pts',(-0.987538916802753,2.70009089819528,2.68075040817737));
#5251=CARTESIAN_POINT('Ctrl Pts',(-1.00620340253595,2.69319117898951,2.66086410463762));
#5252=CARTESIAN_POINT('Ctrl Pts',(-1.01800280511343,2.68877031154283,2.65224404896205));
#5253=CARTESIAN_POINT('Ctrl Pts',(-1.04377151076204,2.67887225017793,2.64081193770043));
#5254=CARTESIAN_POINT('Ctrl Pts',(-1.05773874770444,2.67338954200088,2.638));
#5255=CARTESIAN_POINT('Ctrl Pts',(-1.08384559924162,2.66291221904466,2.638));
#5256=CARTESIAN_POINT('Ctrl Pts',(-1.09772369714722,2.65721998378886,2.64081025636947));
#5257=CARTESIAN_POINT('Ctrl Pts',(-1.12317633731324,2.64656197222457,2.65223954281541));
#5258=CARTESIAN_POINT('Ctrl Pts',(-1.13475316669943,2.64160162681165,2.66085854318549));
#5259=CARTESIAN_POINT('Ctrl Pts',(-1.15300193956928,2.63368761395441,2.68074556815953));
#5260=CARTESIAN_POINT('Ctrl Pts',(-1.16089056112117,2.63020736677341,2.69333960098851));
#5261=CARTESIAN_POINT('Ctrl Pts',(-1.17134227485781,2.62556945485643,2.72093466922366));
#5262=CARTESIAN_POINT('Ctrl Pts',(-1.17390758856638,2.62441726360468,2.73593578283517));
#5263=CARTESIAN_POINT('Ctrl Pts',(-1.17390758856638,2.62441726360468,2.75));
#5264=CARTESIAN_POINT('Ctrl Pts',(-1.17390758856638,2.62441726360468,2.75));
#5265=CARTESIAN_POINT('Ctrl Pts',(-1.17390758856638,2.62441726360468,2.76406421716483));
#5266=CARTESIAN_POINT('Ctrl Pts',(-1.17134227485781,2.62556945485643,2.77906533077633));
#5267=CARTESIAN_POINT('Ctrl Pts',(-1.16089056112117,2.63020736677341,2.80666039901149));
#5268=CARTESIAN_POINT('Ctrl Pts',(-1.15300193956928,2.63368761395441,2.81925443184047));
#5269=CARTESIAN_POINT('Ctrl Pts',(-1.13475316669943,2.64160162681165,2.83914145681451));
#5270=CARTESIAN_POINT('Ctrl Pts',(-1.12317633731324,2.64656197222457,2.84776045718459));
#5271=CARTESIAN_POINT('Ctrl Pts',(-1.09772369714722,2.65721998378886,2.85918974363053));
#5272=CARTESIAN_POINT('Ctrl Pts',(-1.08384559924162,2.66291221904466,2.862));
#5273=CARTESIAN_POINT('Ctrl Pts',(-1.05773874770444,2.67338954200088,2.862));
#5274=CARTESIAN_POINT('Ctrl Pts',(-1.04377151076204,2.67887225017793,2.85918806229957));
#5275=CARTESIAN_POINT('Ctrl Pts',(-1.01800280511343,2.68877031154283,2.84775595103795));
#5276=CARTESIAN_POINT('Ctrl Pts',(-1.00620340253595,2.69319117898951,2.83913589536238));
#5277=CARTESIAN_POINT('Ctrl Pts',(-0.987538916802753,2.70009089819528,2.81924959182262));
#5278=CARTESIAN_POINT('Ctrl Pts',(-0.97942860199739,2.70303114003949,2.80665770660741));
#5279=CARTESIAN_POINT('Ctrl Pts',(-0.96866319432925,2.70690770925306,2.77906533808141));
#5280=CARTESIAN_POINT('Ctrl Pts',(-0.966010486234164,2.70784946784079,2.76406468770634));
#5281=CARTESIAN_POINT('Ctrl Pts',(-0.966010486234164,2.70784946784079,2.75));
#5282=CARTESIAN_POINT('',(-0.966010486234161,2.70784946784079,1.));
#5283=CARTESIAN_POINT('',(-1.17390758856638,2.62441726360468,1.));
#5284=CARTESIAN_POINT('Ctrl Pts',(-0.966010486234164,2.70784946784079,1.));
#5285=CARTESIAN_POINT('Ctrl Pts',(-0.966010486234164,2.70784946784079,0.985935312293661));
#5286=CARTESIAN_POINT('Ctrl Pts',(-0.96866319432925,2.70690770925306,0.97093466191859));
#5287=CARTESIAN_POINT('Ctrl Pts',(-0.97942860199739,2.70303114003949,0.943342293392587));
#5288=CARTESIAN_POINT('Ctrl Pts',(-0.987538916802753,2.70009089819528,0.930750408177375));
#5289=CARTESIAN_POINT('Ctrl Pts',(-1.00620340253595,2.69319117898951,0.910864104637619));
#5290=CARTESIAN_POINT('Ctrl Pts',(-1.01800280511343,2.68877031154283,0.902244048962049));
#5291=CARTESIAN_POINT('Ctrl Pts',(-1.04377151076204,2.67887225017793,0.89081193770043));
#5292=CARTESIAN_POINT('Ctrl Pts',(-1.05773874770444,2.67338954200088,0.888));
#5293=CARTESIAN_POINT('Ctrl Pts',(-1.08384559924162,2.66291221904466,0.888));
#5294=CARTESIAN_POINT('Ctrl Pts',(-1.09772369714722,2.65721998378886,0.890810256369467));
#5295=CARTESIAN_POINT('Ctrl Pts',(-1.12317633731324,2.64656197222457,0.902239542815409));
#5296=CARTESIAN_POINT('Ctrl Pts',(-1.13475316669943,2.64160162681165,0.910858543185488));
#5297=CARTESIAN_POINT('Ctrl Pts',(-1.15300193956928,2.63368761395441,0.930745568159528));
#5298=CARTESIAN_POINT('Ctrl Pts',(-1.16089056112117,2.63020736677341,0.943339600988511));
#5299=CARTESIAN_POINT('Ctrl Pts',(-1.17134227485781,2.62556945485643,0.970934669223665));
#5300=CARTESIAN_POINT('Ctrl Pts',(-1.17390758856638,2.62441726360468,0.98593578283517));
#5301=CARTESIAN_POINT('Ctrl Pts',(-1.17390758856638,2.62441726360468,1.));
#5302=CARTESIAN_POINT('Ctrl Pts',(-1.17390758856638,2.62441726360468,1.));
#5303=CARTESIAN_POINT('Ctrl Pts',(-1.17390758856638,2.62441726360468,1.014063649636));
#5304=CARTESIAN_POINT('Ctrl Pts',(-1.17134248010085,2.62556936236831,1.02906419675654));
#5305=CARTESIAN_POINT('Ctrl Pts',(-1.160891542548,2.6302069326807,1.05665839986676));
#5306=CARTESIAN_POINT('Ctrl Pts',(-1.15300349226549,2.63368693154676,1.06925213404879));
#5307=CARTESIAN_POINT('Ctrl Pts',(-1.13475527833158,2.64160072009425,1.08913976117158));
#5308=CARTESIAN_POINT('Ctrl Pts',(-1.12317817852402,2.64656119308643,1.09775938436517));
#5309=CARTESIAN_POINT('Ctrl Pts',(-1.09772474606358,2.65721955271729,1.10918951863558));
#5310=CARTESIAN_POINT('Ctrl Pts',(-1.08384612594539,2.66291200766545,1.112));
#5311=CARTESIAN_POINT('Ctrl Pts',(-1.05773969224484,2.67338916293354,1.112));
#5312=CARTESIAN_POINT('Ctrl Pts',(-1.04377340428653,2.67887150840334,1.1091884658271));
#5313=CARTESIAN_POINT('Ctrl Pts',(-1.01800615713563,2.68876903843862,1.09775787457272));
#5314=CARTESIAN_POINT('Ctrl Pts',(-1.00620726352823,2.69318973581411,1.08913893537021));
#5315=CARTESIAN_POINT('Ctrl Pts',(-0.98754177610907,2.70008985706311,1.069253711496));
#5316=CARTESIAN_POINT('Ctrl Pts',(-0.979430412950039,2.70303048546025,1.0566612910068));
#5317=CARTESIAN_POINT('Ctrl Pts',(-0.968663575325705,2.70690757452194,1.0290673715603));
#5318=CARTESIAN_POINT('Ctrl Pts',(-0.966010486234164,2.70784946784079,1.01406570549229));
#5319=CARTESIAN_POINT('Ctrl Pts',(-0.966010486234164,2.70784946784079,0.999999999999999));
#5320=CARTESIAN_POINT('',(1.17390758856638,2.62441726360468,2.75));
#5321=CARTESIAN_POINT('',(0.96601048623416,2.70784946784079,2.75));
#5322=CARTESIAN_POINT('Ctrl Pts',(1.17390758856638,2.62441726360468,2.75));
#5323=CARTESIAN_POINT('Ctrl Pts',(1.17390758856638,2.62441726360468,2.73593578283517));
#5324=CARTESIAN_POINT('Ctrl Pts',(1.1713422748578,2.62556945485643,2.72093466922366));
#5325=CARTESIAN_POINT('Ctrl Pts',(1.16089056112116,2.63020736677341,2.69333960098851));
#5326=CARTESIAN_POINT('Ctrl Pts',(1.15300193956928,2.63368761395441,2.68074556815953));
#5327=CARTESIAN_POINT('Ctrl Pts',(1.13475316669942,2.64160162681165,2.66085854318549));
#5328=CARTESIAN_POINT('Ctrl Pts',(1.12317633731324,2.64656197222457,2.65223954281541));
#5329=CARTESIAN_POINT('Ctrl Pts',(1.09772369714721,2.65721998378886,2.64081025636947));
#5330=CARTESIAN_POINT('Ctrl Pts',(1.08384559924162,2.66291221904466,2.638));
#5331=CARTESIAN_POINT('Ctrl Pts',(1.05773874770444,2.67338954200089,2.638));
#5332=CARTESIAN_POINT('Ctrl Pts',(1.04377151076204,2.67887225017793,2.64081193770043));
#5333=CARTESIAN_POINT('Ctrl Pts',(1.01800280511342,2.68877031154283,2.65224404896205));
#5334=CARTESIAN_POINT('Ctrl Pts',(1.00620340253594,2.69319117898951,2.66086410463762));
#5335=CARTESIAN_POINT('Ctrl Pts',(0.987538916802749,2.70009089819528,2.68075040817737));
#5336=CARTESIAN_POINT('Ctrl Pts',(0.979428601997386,2.70303114003949,2.69334229339259));
#5337=CARTESIAN_POINT('Ctrl Pts',(0.968663194329245,2.70690770925306,2.72093466191859));
#5338=CARTESIAN_POINT('Ctrl Pts',(0.96601048623416,2.70784946784079,2.73593531229366));
#5339=CARTESIAN_POINT('Ctrl Pts',(0.96601048623416,2.70784946784079,2.75));
#5340=CARTESIAN_POINT('Ctrl Pts',(0.96601048623416,2.70784946784079,2.75));
#5341=CARTESIAN_POINT('Ctrl Pts',(0.96601048623416,2.70784946784079,2.76406468770634));
#5342=CARTESIAN_POINT('Ctrl Pts',(0.968663194329245,2.70690770925306,2.77906533808141));
#5343=CARTESIAN_POINT('Ctrl Pts',(0.979428601997386,2.70303114003949,2.80665770660741));
#5344=CARTESIAN_POINT('Ctrl Pts',(0.987538916802749,2.70009089819528,2.81924959182262));
#5345=CARTESIAN_POINT('Ctrl Pts',(1.00620340253594,2.69319117898951,2.83913589536238));
#5346=CARTESIAN_POINT('Ctrl Pts',(1.01800280511342,2.68877031154283,2.84775595103795));
#5347=CARTESIAN_POINT('Ctrl Pts',(1.04377151076204,2.67887225017793,2.85918806229957));
#5348=CARTESIAN_POINT('Ctrl Pts',(1.05773874770444,2.67338954200089,2.862));
#5349=CARTESIAN_POINT('Ctrl Pts',(1.08384559924162,2.66291221904466,2.862));
#5350=CARTESIAN_POINT('Ctrl Pts',(1.09772369714721,2.65721998378886,2.85918974363053));
#5351=CARTESIAN_POINT('Ctrl Pts',(1.12317633731324,2.64656197222457,2.84776045718459));
#5352=CARTESIAN_POINT('Ctrl Pts',(1.13475316669942,2.64160162681165,2.83914145681451));
#5353=CARTESIAN_POINT('Ctrl Pts',(1.15300193956928,2.63368761395441,2.81925443184047));
#5354=CARTESIAN_POINT('Ctrl Pts',(1.16089056112116,2.63020736677341,2.80666039901149));
#5355=CARTESIAN_POINT('Ctrl Pts',(1.1713422748578,2.62556945485643,2.77906533077633));
#5356=CARTESIAN_POINT('Ctrl Pts',(1.17390758856638,2.62441726360468,2.76406421716483));
#5357=CARTESIAN_POINT('Ctrl Pts',(1.17390758856638,2.62441726360468,2.75));
#5358=CARTESIAN_POINT('',(1.17390758856638,2.62441726360468,4.5));
#5359=CARTESIAN_POINT('',(0.96601048623416,2.70784946784079,4.5));
#5360=CARTESIAN_POINT('Ctrl Pts',(1.17390758856638,2.62441726360468,4.5));
#5361=CARTESIAN_POINT('Ctrl Pts',(1.17390758856638,2.62441726360468,4.48593578283517));
#5362=CARTESIAN_POINT('Ctrl Pts',(1.1713422748578,2.62556945485643,4.47093466922366));
#5363=CARTESIAN_POINT('Ctrl Pts',(1.16089056112116,2.63020736677341,4.44333960098851));
#5364=CARTESIAN_POINT('Ctrl Pts',(1.15300193956928,2.63368761395441,4.43074556815953));
#5365=CARTESIAN_POINT('Ctrl Pts',(1.13475316669942,2.64160162681165,4.41085854318549));
#5366=CARTESIAN_POINT('Ctrl Pts',(1.12317633731324,2.64656197222457,4.40223954281541));
#5367=CARTESIAN_POINT('Ctrl Pts',(1.09772369714721,2.65721998378886,4.39081025636947));
#5368=CARTESIAN_POINT('Ctrl Pts',(1.08384559924162,2.66291221904466,4.388));
#5369=CARTESIAN_POINT('Ctrl Pts',(1.05773874770444,2.67338954200089,4.388));
#5370=CARTESIAN_POINT('Ctrl Pts',(1.04377151076204,2.67887225017793,4.39081193770043));
#5371=CARTESIAN_POINT('Ctrl Pts',(1.01800280511342,2.68877031154283,4.40224404896205));
#5372=CARTESIAN_POINT('Ctrl Pts',(1.00620340253594,2.69319117898951,4.41086410463762));
#5373=CARTESIAN_POINT('Ctrl Pts',(0.987538916802749,2.70009089819528,4.43075040817737));
#5374=CARTESIAN_POINT('Ctrl Pts',(0.979428601997386,2.70303114003949,4.44334229339259));
#5375=CARTESIAN_POINT('Ctrl Pts',(0.968663194329246,2.70690770925306,4.47093466191859));
#5376=CARTESIAN_POINT('Ctrl Pts',(0.96601048623416,2.70784946784079,4.48593531229366));
#5377=CARTESIAN_POINT('Ctrl Pts',(0.96601048623416,2.70784946784079,4.5));
#5378=CARTESIAN_POINT('Ctrl Pts',(0.96601048623416,2.70784946784079,4.5));
#5379=CARTESIAN_POINT('Ctrl Pts',(0.96601048623416,2.70784946784079,4.51406468770634));
#5380=CARTESIAN_POINT('Ctrl Pts',(0.968663194329245,2.70690770925306,4.52906533808141));
#5381=CARTESIAN_POINT('Ctrl Pts',(0.979428601997386,2.70303114003949,4.55665770660741));
#5382=CARTESIAN_POINT('Ctrl Pts',(0.987538916802749,2.70009089819528,4.56924959182263));
#5383=CARTESIAN_POINT('Ctrl Pts',(1.00620340253594,2.69319117898951,4.58913589536238));
#5384=CARTESIAN_POINT('Ctrl Pts',(1.01800280511342,2.68877031154283,4.59775595103795));
#5385=CARTESIAN_POINT('Ctrl Pts',(1.04377151076204,2.67887225017793,4.60918806229957));
#5386=CARTESIAN_POINT('Ctrl Pts',(1.05773874770444,2.67338954200089,4.612));
#5387=CARTESIAN_POINT('Ctrl Pts',(1.08384559924162,2.66291221904466,4.612));
#5388=CARTESIAN_POINT('Ctrl Pts',(1.09772369714721,2.65721998378886,4.60918974363053));
#5389=CARTESIAN_POINT('Ctrl Pts',(1.12317633731324,2.64656197222457,4.59776045718459));
#5390=CARTESIAN_POINT('Ctrl Pts',(1.13475316669942,2.64160162681165,4.58914145681451));
#5391=CARTESIAN_POINT('Ctrl Pts',(1.15300193956928,2.63368761395441,4.56925443184047));
#5392=CARTESIAN_POINT('Ctrl Pts',(1.16089056112116,2.63020736677341,4.55666039901149));
#5393=CARTESIAN_POINT('Ctrl Pts',(1.1713422748578,2.62556945485643,4.52906533077633));
#5394=CARTESIAN_POINT('Ctrl Pts',(1.17390758856638,2.62441726360468,4.51406421716483));
#5395=CARTESIAN_POINT('Ctrl Pts',(1.17390758856638,2.62441726360468,4.5));
#5396=CARTESIAN_POINT('',(-2.82807167189138,0.517335112519449,2.75));
#5397=CARTESIAN_POINT('',(-2.85976581469528,0.295574838408522,2.75));
#5398=CARTESIAN_POINT('Ctrl Pts',(-2.82807167189138,0.51733511251945,2.75));
#5399=CARTESIAN_POINT('Ctrl Pts',(-2.82807167189138,0.51733511251945,2.73593531229366));
#5400=CARTESIAN_POINT('Ctrl Pts',(-2.82858243907772,0.51456692062642,2.72093466191859));
#5401=CARTESIAN_POINT('Ctrl Pts',(-2.83060793549331,0.503305519496929,2.69334229339259));
#5402=CARTESIAN_POINT('Ctrl Pts',(-2.83211676876563,0.49481165992069,2.68075040817737));
#5403=CARTESIAN_POINT('Ctrl Pts',(-2.83547367952105,0.475197881524284,2.66086410463762));
#5404=CARTESIAN_POINT('Ctrl Pts',(-2.8375447972942,0.462768865419368,2.65224404896205));
#5405=CARTESIAN_POINT('Ctrl Pts',(-2.84185717752829,0.435503481022574,2.64081193770043));
#5406=CARTESIAN_POINT('Ctrl Pts',(-2.84409263143663,0.420666144921256,2.638));
#5407=CARTESIAN_POINT('Ctrl Pts',(-2.84807242936147,0.392818286799119,2.638));
#5408=CARTESIAN_POINT('Ctrl Pts',(-2.85008185797843,0.377953383828764,2.64081025636947));
#5409=CARTESIAN_POINT('Ctrl Pts',(-2.85357806929294,0.350581745069459,2.65223954281541));
#5410=CARTESIAN_POINT('Ctrl Pts',(-2.8550706988469,0.338075744019282,2.66085854318549));
#5411=CARTESIAN_POINT('Ctrl Pts',(-2.85734134910158,0.318314836697478,2.68074556815953));
#5412=CARTESIAN_POINT('Ctrl Pts',(-2.85827167740733,0.309742966442204,2.69333960098851));
#5413=CARTESIAN_POINT('Ctrl Pts',(-2.85948098473503,0.298372560874704,2.72093466922366));
#5414=CARTESIAN_POINT('Ctrl Pts',(-2.85976581469528,0.295574838408522,2.73593578283517));
#5415=CARTESIAN_POINT('Ctrl Pts',(-2.85976581469528,0.295574838408522,2.75));
#5416=CARTESIAN_POINT('Ctrl Pts',(-2.85976581469528,0.295574838408522,2.75));
#5417=CARTESIAN_POINT('Ctrl Pts',(-2.85976581469528,0.295574838408522,2.76406421716483));
#5418=CARTESIAN_POINT('Ctrl Pts',(-2.85948098473503,0.298372560874704,2.77906533077633));
#5419=CARTESIAN_POINT('Ctrl Pts',(-2.85827167740733,0.309742966442204,2.80666039901149));
#5420=CARTESIAN_POINT('Ctrl Pts',(-2.85734134910158,0.318314836697478,2.81925443184047));
#5421=CARTESIAN_POINT('Ctrl Pts',(-2.8550706988469,0.338075744019282,2.83914145681451));
#5422=CARTESIAN_POINT('Ctrl Pts',(-2.85357806929294,0.350581745069459,2.84776045718459));
#5423=CARTESIAN_POINT('Ctrl Pts',(-2.85008185797843,0.377953383828764,2.85918974363053));
#5424=CARTESIAN_POINT('Ctrl Pts',(-2.84807242936147,0.392818286799119,2.862));
#5425=CARTESIAN_POINT('Ctrl Pts',(-2.84409263143663,0.420666144921256,2.862));
#5426=CARTESIAN_POINT('Ctrl Pts',(-2.84185717752829,0.435503481022575,2.85918806229957));
#5427=CARTESIAN_POINT('Ctrl Pts',(-2.8375447972942,0.462768865419368,2.84775595103795));
#5428=CARTESIAN_POINT('Ctrl Pts',(-2.83547367952105,0.475197881524284,2.83913589536238));
#5429=CARTESIAN_POINT('Ctrl Pts',(-2.83211676876563,0.49481165992069,2.81924959182262));
#5430=CARTESIAN_POINT('Ctrl Pts',(-2.83060793549331,0.503305519496929,2.80665770660741));
#5431=CARTESIAN_POINT('Ctrl Pts',(-2.82858243907772,0.51456692062642,2.77906533808141));
#5432=CARTESIAN_POINT('Ctrl Pts',(-2.82807167189138,0.51733511251945,2.76406468770634));
#5433=CARTESIAN_POINT('Ctrl Pts',(-2.82807167189138,0.51733511251945,2.75));
#5434=CARTESIAN_POINT('',(-2.82807167189138,0.517335112519449,1.));
#5435=CARTESIAN_POINT('',(-2.85976581469528,0.295574838408522,1.));
#5436=CARTESIAN_POINT('Ctrl Pts',(-2.82807167189138,0.51733511251945,1.));
#5437=CARTESIAN_POINT('Ctrl Pts',(-2.82807167189138,0.51733511251945,0.985935312293661));
#5438=CARTESIAN_POINT('Ctrl Pts',(-2.82858243907772,0.51456692062642,0.97093466191859));
#5439=CARTESIAN_POINT('Ctrl Pts',(-2.83060793549331,0.503305519496929,0.943342293392587));
#5440=CARTESIAN_POINT('Ctrl Pts',(-2.83211676876563,0.49481165992069,0.930750408177375));
#5441=CARTESIAN_POINT('Ctrl Pts',(-2.83547367952105,0.475197881524284,0.910864104637619));
#5442=CARTESIAN_POINT('Ctrl Pts',(-2.8375447972942,0.462768865419368,0.902244048962049));
#5443=CARTESIAN_POINT('Ctrl Pts',(-2.84185717752829,0.435503481022575,0.89081193770043));
#5444=CARTESIAN_POINT('Ctrl Pts',(-2.84409263143663,0.420666144921256,0.888));
#5445=CARTESIAN_POINT('Ctrl Pts',(-2.84807242936147,0.392818286799119,0.888));
#5446=CARTESIAN_POINT('Ctrl Pts',(-2.85008185797843,0.377953383828763,0.890810256369467));
#5447=CARTESIAN_POINT('Ctrl Pts',(-2.85357806929294,0.350581745069459,0.902239542815409));
#5448=CARTESIAN_POINT('Ctrl Pts',(-2.8550706988469,0.338075744019282,0.910858543185488));
#5449=CARTESIAN_POINT('Ctrl Pts',(-2.85734134910158,0.318314836697478,0.930745568159528));
#5450=CARTESIAN_POINT('Ctrl Pts',(-2.85827167740733,0.309742966442204,0.943339600988511));
#5451=CARTESIAN_POINT('Ctrl Pts',(-2.85948098473503,0.298372560874704,0.970934669223664));
#5452=CARTESIAN_POINT('Ctrl Pts',(-2.85976581469528,0.295574838408522,0.985935782835169));
#5453=CARTESIAN_POINT('Ctrl Pts',(-2.85976581469528,0.295574838408522,1.));
#5454=CARTESIAN_POINT('Ctrl Pts',(-2.85976581469528,0.295574838408522,1.));
#5455=CARTESIAN_POINT('Ctrl Pts',(-2.85976581469528,0.295574838408522,1.014063649636));
#5456=CARTESIAN_POINT('Ctrl Pts',(-2.85948100725949,0.298372336884954,1.02906419675654));
#5457=CARTESIAN_POINT('Ctrl Pts',(-2.85827179218544,0.309741899455282,1.05665839986676));
#5458=CARTESIAN_POINT('Ctrl Pts',(-2.85734153446733,0.318313150819298,1.06925213404879));
#5459=CARTESIAN_POINT('Ctrl Pts',(-2.85507096942268,0.338073461933495,1.08913976117158));
#5460=CARTESIAN_POINT('Ctrl Pts',(-2.85357831514491,0.350579760965076,1.09775938436517));
#5461=CARTESIAN_POINT('Ctrl Pts',(-2.85008200911769,0.377952259904766,1.10918951863558));
#5462=CARTESIAN_POINT('Ctrl Pts',(-2.8480725096536,0.392817724970672,1.112));
#5463=CARTESIAN_POINT('Ctrl Pts',(-2.84409277542488,0.420665137391602,1.112));
#5464=CARTESIAN_POINT('Ctrl Pts',(-2.8418574818949,0.435501470294969,1.1091884658271));
#5465=CARTESIAN_POINT('Ctrl Pts',(-2.83754537076471,0.462765325930885,1.09775787457272));
#5466=CARTESIAN_POINT('Ctrl Pts',(-2.83547436019063,0.475193816219183,1.08913893537021));
#5467=CARTESIAN_POINT('Ctrl Pts',(-2.83211729677189,0.4948086631227,1.069253711496));
#5468=CARTESIAN_POINT('Ctrl Pts',(-2.83060827408738,0.50330362387631,1.0566612910068));
#5469=CARTESIAN_POINT('Ctrl Pts',(-2.82858251289537,0.51456652330825,1.0290673715603));
#5470=CARTESIAN_POINT('Ctrl Pts',(-2.82807167189138,0.51733511251945,1.01406570549229));
#5471=CARTESIAN_POINT('Ctrl Pts',(-2.82807167189138,0.51733511251945,1.));
#5472=CARTESIAN_POINT('',(-2.82807167189138,0.517335112519449,4.5));
#5473=CARTESIAN_POINT('',(-2.85976581469528,0.295574838408522,4.5));
#5474=CARTESIAN_POINT('Ctrl Pts',(-2.82807167189138,0.51733511251945,4.5));
#5475=CARTESIAN_POINT('Ctrl Pts',(-2.82807167189138,0.51733511251945,4.48593531229366));
#5476=CARTESIAN_POINT('Ctrl Pts',(-2.82858243907772,0.51456692062642,4.47093466191859));
#5477=CARTESIAN_POINT('Ctrl Pts',(-2.83060793549331,0.503305519496929,4.44334229339259));
#5478=CARTESIAN_POINT('Ctrl Pts',(-2.83211676876563,0.49481165992069,4.43075040817737));
#5479=CARTESIAN_POINT('Ctrl Pts',(-2.83547367952105,0.475197881524283,4.41086410463762));
#5480=CARTESIAN_POINT('Ctrl Pts',(-2.8375447972942,0.462768865419368,4.40224404896205));
#5481=CARTESIAN_POINT('Ctrl Pts',(-2.84185717752829,0.435503481022575,4.39081193770043));
#5482=CARTESIAN_POINT('Ctrl Pts',(-2.84409263143663,0.420666144921256,4.388));
#5483=CARTESIAN_POINT('Ctrl Pts',(-2.84807242936147,0.392818286799119,4.388));
#5484=CARTESIAN_POINT('Ctrl Pts',(-2.85008185797843,0.377953383828764,4.39081025636947));
#5485=CARTESIAN_POINT('Ctrl Pts',(-2.85357806929294,0.350581745069459,4.40223954281541));
#5486=CARTESIAN_POINT('Ctrl Pts',(-2.8550706988469,0.338075744019282,4.41085854318549));
#5487=CARTESIAN_POINT('Ctrl Pts',(-2.85734134910158,0.318314836697478,4.43074556815953));
#5488=CARTESIAN_POINT('Ctrl Pts',(-2.85827167740733,0.309742966442204,4.44333960098851));
#5489=CARTESIAN_POINT('Ctrl Pts',(-2.85948098473503,0.298372560874704,4.47093466922366));
#5490=CARTESIAN_POINT('Ctrl Pts',(-2.85976581469528,0.295574838408522,4.48593578283517));
#5491=CARTESIAN_POINT('Ctrl Pts',(-2.85976581469528,0.295574838408522,4.5));
#5492=CARTESIAN_POINT('Ctrl Pts',(-2.85976581469528,0.295574838408522,4.5));
#5493=CARTESIAN_POINT('Ctrl Pts',(-2.85976581469528,0.295574838408522,4.51406421716483));
#5494=CARTESIAN_POINT('Ctrl Pts',(-2.85948098473503,0.298372560874704,4.52906533077633));
#5495=CARTESIAN_POINT('Ctrl Pts',(-2.85827167740733,0.309742966442204,4.55666039901149));
#5496=CARTESIAN_POINT('Ctrl Pts',(-2.85734134910158,0.318314836697478,4.56925443184047));
#5497=CARTESIAN_POINT('Ctrl Pts',(-2.8550706988469,0.338075744019282,4.58914145681451));
#5498=CARTESIAN_POINT('Ctrl Pts',(-2.85357806929294,0.350581745069459,4.59776045718459));
#5499=CARTESIAN_POINT('Ctrl Pts',(-2.85008185797843,0.377953383828764,4.60918974363053));
#5500=CARTESIAN_POINT('Ctrl Pts',(-2.84807242936147,0.392818286799119,4.612));
#5501=CARTESIAN_POINT('Ctrl Pts',(-2.84409263143663,0.420666144921256,4.612));
#5502=CARTESIAN_POINT('Ctrl Pts',(-2.84185717752829,0.435503481022575,4.60918806229957));
#5503=CARTESIAN_POINT('Ctrl Pts',(-2.8375447972942,0.462768865419368,4.59775595103795));
#5504=CARTESIAN_POINT('Ctrl Pts',(-2.83547367952105,0.475197881524283,4.58913589536238));
#5505=CARTESIAN_POINT('Ctrl Pts',(-2.83211676876563,0.49481165992069,4.56924959182263));
#5506=CARTESIAN_POINT('Ctrl Pts',(-2.83060793549331,0.503305519496929,4.55665770660741));
#5507=CARTESIAN_POINT('Ctrl Pts',(-2.82858243907772,0.51456692062642,4.52906533808141));
#5508=CARTESIAN_POINT('Ctrl Pts',(-2.82807167189138,0.51733511251945,4.51406468770634));
#5509=CARTESIAN_POINT('Ctrl Pts',(-2.82807167189138,0.51733511251945,4.5));
#5510=CARTESIAN_POINT('',(-1.6858582261289,2.32884242519616,2.75));
#5511=CARTESIAN_POINT('',(-1.86206118565722,2.19051435532133,2.75));
#5512=CARTESIAN_POINT('Ctrl Pts',(-1.68585822612891,2.32884242519615,2.75));
#5513=CARTESIAN_POINT('Ctrl Pts',(-1.68585822612891,2.32884242519615,2.73593578283517));
#5514=CARTESIAN_POINT('Ctrl Pts',(-1.68813870987724,2.32719689398172,2.72093466922366));
#5515=CARTESIAN_POINT('Ctrl Pts',(-1.69738111628617,2.3204644003312,2.69333960098851));
#5516=CARTESIAN_POINT('Ctrl Pts',(-1.70433940953231,2.31537277725693,2.68074556815953));
#5517=CARTESIAN_POINT('Ctrl Pts',(-1.72031753214748,2.30352588279236,2.66085854318549));
#5518=CARTESIAN_POINT('Ctrl Pts',(-1.73040173197971,2.2959802271551,2.65223954281541));
#5519=CARTESIAN_POINT('Ctrl Pts',(-1.75235816083122,2.27926659996009,2.64081025636947));
#5520=CARTESIAN_POINT('Ctrl Pts',(-1.76422683011986,2.27009393224553,2.638));
#5521=CARTESIAN_POINT('Ctrl Pts',(-1.7863538837322,2.25272339707962,2.638));
#5522=CARTESIAN_POINT('Ctrl Pts',(-1.79808566676626,2.24336876915535,2.64081193770043));
#5523=CARTESIAN_POINT('Ctrl Pts',(-1.81954199218078,2.22600144612346,2.65224404896205));
#5524=CARTESIAN_POINT('Ctrl Pts',(-1.82927027698511,2.21799329746522,2.66086410463762));
#5525=CARTESIAN_POINT('Ctrl Pts',(-1.84457785196289,2.20527923827458,2.68075040817737));
#5526=CARTESIAN_POINT('Ctrl Pts',(-1.85117933349592,2.19972562054256,2.69334229339259));
#5527=CARTESIAN_POINT('Ctrl Pts',(-1.85991924474848,2.19234078862664,2.72093466191859));
#5528=CARTESIAN_POINT('Ctrl Pts',(-1.86206118565722,2.19051435532133,2.73593531229366));
#5529=CARTESIAN_POINT('Ctrl Pts',(-1.86206118565722,2.19051435532133,2.75));
#5530=CARTESIAN_POINT('Ctrl Pts',(-1.86206118565722,2.19051435532133,2.75));
#5531=CARTESIAN_POINT('Ctrl Pts',(-1.86206118565722,2.19051435532133,2.76406468770634));
#5532=CARTESIAN_POINT('Ctrl Pts',(-1.85991924474848,2.19234078862664,2.77906533808141));
#5533=CARTESIAN_POINT('Ctrl Pts',(-1.85117933349592,2.19972562054256,2.80665770660741));
#5534=CARTESIAN_POINT('Ctrl Pts',(-1.84457785196289,2.20527923827458,2.81924959182262));
#5535=CARTESIAN_POINT('Ctrl Pts',(-1.82927027698511,2.21799329746522,2.83913589536238));
#5536=CARTESIAN_POINT('Ctrl Pts',(-1.81954199218078,2.22600144612346,2.84775595103795));
#5537=CARTESIAN_POINT('Ctrl Pts',(-1.79808566676626,2.24336876915535,2.85918806229957));
#5538=CARTESIAN_POINT('Ctrl Pts',(-1.7863538837322,2.25272339707962,2.862));
#5539=CARTESIAN_POINT('Ctrl Pts',(-1.76422683011986,2.27009393224553,2.862));
#5540=CARTESIAN_POINT('Ctrl Pts',(-1.75235816083122,2.27926659996009,2.85918974363053));
#5541=CARTESIAN_POINT('Ctrl Pts',(-1.73040173197971,2.2959802271551,2.84776045718459));
#5542=CARTESIAN_POINT('Ctrl Pts',(-1.72031753214748,2.30352588279236,2.83914145681451));
#5543=CARTESIAN_POINT('Ctrl Pts',(-1.70433940953231,2.31537277725693,2.81925443184047));
#5544=CARTESIAN_POINT('Ctrl Pts',(-1.69738111628617,2.3204644003312,2.80666039901149));
#5545=CARTESIAN_POINT('Ctrl Pts',(-1.68813870987724,2.32719689398172,2.77906533077633));
#5546=CARTESIAN_POINT('Ctrl Pts',(-1.68585822612891,2.32884242519615,2.76406421716483));
#5547=CARTESIAN_POINT('Ctrl Pts',(-1.68585822612891,2.32884242519615,2.75));
#5548=CARTESIAN_POINT('',(-1.6858582261289,2.32884242519615,1.));
#5549=CARTESIAN_POINT('',(-1.86206118565722,2.19051435532133,1.));
#5550=CARTESIAN_POINT('Ctrl Pts',(-1.68585822612891,2.32884242519615,1.));
#5551=CARTESIAN_POINT('Ctrl Pts',(-1.68585822612891,2.32884242519615,0.98593578283517));
#5552=CARTESIAN_POINT('Ctrl Pts',(-1.68813870987724,2.32719689398172,0.970934669223665));
#5553=CARTESIAN_POINT('Ctrl Pts',(-1.69738111628617,2.3204644003312,0.943339600988512));
#5554=CARTESIAN_POINT('Ctrl Pts',(-1.70433940953231,2.31537277725693,0.930745568159529));
#5555=CARTESIAN_POINT('Ctrl Pts',(-1.72031753214748,2.30352588279236,0.910858543185488));
#5556=CARTESIAN_POINT('Ctrl Pts',(-1.73040173197971,2.2959802271551,0.902239542815409));
#5557=CARTESIAN_POINT('Ctrl Pts',(-1.75235816083122,2.27926659996009,0.890810256369467));
#5558=CARTESIAN_POINT('Ctrl Pts',(-1.76422683011986,2.27009393224553,0.888000000000001));
#5559=CARTESIAN_POINT('Ctrl Pts',(-1.7863538837322,2.25272339707962,0.888000000000001));
#5560=CARTESIAN_POINT('Ctrl Pts',(-1.79808566676626,2.24336876915535,0.89081193770043));
#5561=CARTESIAN_POINT('Ctrl Pts',(-1.81954199218078,2.22600144612346,0.902244048962049));
#5562=CARTESIAN_POINT('Ctrl Pts',(-1.82927027698511,2.21799329746522,0.910864104637619));
#5563=CARTESIAN_POINT('Ctrl Pts',(-1.84457785196289,2.20527923827458,0.930750408177375));
#5564=CARTESIAN_POINT('Ctrl Pts',(-1.85117933349592,2.19972562054256,0.943342293392587));
#5565=CARTESIAN_POINT('Ctrl Pts',(-1.85991924474848,2.19234078862664,0.97093466191859));
#5566=CARTESIAN_POINT('Ctrl Pts',(-1.86206118565722,2.19051435532133,0.985935312293661));
#5567=CARTESIAN_POINT('Ctrl Pts',(-1.86206118565722,2.19051435532133,1.));
#5568=CARTESIAN_POINT('Ctrl Pts',(-1.86206118565722,2.19051435532133,1.));
#5569=CARTESIAN_POINT('Ctrl Pts',(-1.86206118565722,2.19051435532133,1.01406570549229));
#5570=CARTESIAN_POINT('Ctrl Pts',(-1.85991893756967,2.19234105121369,1.0290673715603));
#5571=CARTESIAN_POINT('Ctrl Pts',(-1.85117786113735,2.19972686158394,1.0566612910068));
#5572=CARTESIAN_POINT('Ctrl Pts',(-1.84457552066282,2.20528119394041,1.069253711496));
#5573=CARTESIAN_POINT('Ctrl Pts',(-1.82926709666241,2.21799591959492,1.08913893537021));
#5574=CARTESIAN_POINT('Ctrl Pts',(-1.8195392136291,2.22600371250773,1.09775787457272));
#5575=CARTESIAN_POINT('Ctrl Pts',(-1.79808407760837,2.24337003810837,1.1091884658271));
#5576=CARTESIAN_POINT('Ctrl Pts',(-1.78635308318005,2.25272402554193,1.112));
#5577=CARTESIAN_POINT('Ctrl Pts',(-1.76422638370822,2.27009428269478,1.112));
#5578=CARTESIAN_POINT('Ctrl Pts',(-1.75235726305412,2.27926729281252,1.10918951863558));
#5579=CARTESIAN_POINT('Ctrl Pts',(-1.73040013662089,2.29598143212134,1.09775938436517));
#5580=CARTESIAN_POINT('Ctrl Pts',(-1.7203156910911,2.30352725816075,1.08913976117158));
#5581=CARTESIAN_POINT('Ctrl Pts',(-1.70433804220185,2.31537378072746,1.06925213404879));
#5582=CARTESIAN_POINT('Ctrl Pts',(-1.69738024963745,2.32046503322542,1.05665839986676));
#5583=CARTESIAN_POINT('Ctrl Pts',(-1.68813852715865,2.32719702548335,1.02906419675655));
#5584=CARTESIAN_POINT('Ctrl Pts',(-1.68585822612891,2.32884242519615,1.014063649636));
#5585=CARTESIAN_POINT('Ctrl Pts',(-1.68585822612891,2.32884242519615,0.999999999999999));
#5586=CARTESIAN_POINT('',(-1.6858582261289,2.32884242519616,4.5));
#5587=CARTESIAN_POINT('',(-1.86206118565722,2.19051435532133,4.5));
#5588=CARTESIAN_POINT('Ctrl Pts',(-1.68585822612891,2.32884242519615,4.5));
#5589=CARTESIAN_POINT('Ctrl Pts',(-1.68585822612891,2.32884242519615,4.48593578283517));
#5590=CARTESIAN_POINT('Ctrl Pts',(-1.68813870987724,2.32719689398172,4.47093466922366));
#5591=CARTESIAN_POINT('Ctrl Pts',(-1.69738111628617,2.3204644003312,4.44333960098851));
#5592=CARTESIAN_POINT('Ctrl Pts',(-1.70433940953231,2.31537277725693,4.43074556815953));
#5593=CARTESIAN_POINT('Ctrl Pts',(-1.72031753214748,2.30352588279236,4.41085854318549));
#5594=CARTESIAN_POINT('Ctrl Pts',(-1.73040173197971,2.2959802271551,4.40223954281541));
#5595=CARTESIAN_POINT('Ctrl Pts',(-1.75235816083122,2.27926659996009,4.39081025636947));
#5596=CARTESIAN_POINT('Ctrl Pts',(-1.76422683011986,2.27009393224553,4.388));
#5597=CARTESIAN_POINT('Ctrl Pts',(-1.7863538837322,2.25272339707962,4.388));
#5598=CARTESIAN_POINT('Ctrl Pts',(-1.79808566676626,2.24336876915535,4.39081193770043));
#5599=CARTESIAN_POINT('Ctrl Pts',(-1.81954199218078,2.22600144612346,4.40224404896205));
#5600=CARTESIAN_POINT('Ctrl Pts',(-1.82927027698511,2.21799329746522,4.41086410463762));
#5601=CARTESIAN_POINT('Ctrl Pts',(-1.84457785196289,2.20527923827458,4.43075040817737));
#5602=CARTESIAN_POINT('Ctrl Pts',(-1.85117933349592,2.19972562054256,4.44334229339259));
#5603=CARTESIAN_POINT('Ctrl Pts',(-1.85991924474848,2.19234078862664,4.47093466191859));
#5604=CARTESIAN_POINT('Ctrl Pts',(-1.86206118565722,2.19051435532133,4.48593531229366));
#5605=CARTESIAN_POINT('Ctrl Pts',(-1.86206118565722,2.19051435532133,4.5));
#5606=CARTESIAN_POINT('Ctrl Pts',(-1.86206118565722,2.19051435532133,4.5));
#5607=CARTESIAN_POINT('Ctrl Pts',(-1.86206118565722,2.19051435532133,4.51406468770634));
#5608=CARTESIAN_POINT('Ctrl Pts',(-1.85991924474848,2.19234078862664,4.52906533808141));
#5609=CARTESIAN_POINT('Ctrl Pts',(-1.85117933349592,2.19972562054256,4.55665770660741));
#5610=CARTESIAN_POINT('Ctrl Pts',(-1.84457785196289,2.20527923827458,4.56924959182263));
#5611=CARTESIAN_POINT('Ctrl Pts',(-1.82927027698511,2.21799329746522,4.58913589536238));
#5612=CARTESIAN_POINT('Ctrl Pts',(-1.81954199218078,2.22600144612346,4.59775595103795));
#5613=CARTESIAN_POINT('Ctrl Pts',(-1.79808566676626,2.24336876915535,4.60918806229957));
#5614=CARTESIAN_POINT('Ctrl Pts',(-1.7863538837322,2.25272339707962,4.612));
#5615=CARTESIAN_POINT('Ctrl Pts',(-1.76422683011986,2.27009393224553,4.612));
#5616=CARTESIAN_POINT('Ctrl Pts',(-1.75235816083122,2.27926659996009,4.60918974363053));
#5617=CARTESIAN_POINT('Ctrl Pts',(-1.73040173197971,2.2959802271551,4.59776045718459));
#5618=CARTESIAN_POINT('Ctrl Pts',(-1.72031753214748,2.30352588279236,4.58914145681451));
#5619=CARTESIAN_POINT('Ctrl Pts',(-1.70433940953231,2.31537277725693,4.56925443184047));
#5620=CARTESIAN_POINT('Ctrl Pts',(-1.69738111628617,2.3204644003312,4.55666039901149));
#5621=CARTESIAN_POINT('Ctrl Pts',(-1.68813870987724,2.32719689398172,4.52906533077633));
#5622=CARTESIAN_POINT('Ctrl Pts',(-1.68585822612891,2.32884242519615,4.51406421716483));
#5623=CARTESIAN_POINT('Ctrl Pts',(-1.68585822612891,2.32884242519615,4.5));
#5624=CARTESIAN_POINT('',(-1.86206118565721,-2.19051435532134,2.75));
#5625=CARTESIAN_POINT('',(-1.68585822612891,-2.32884242519615,2.75));
#5626=CARTESIAN_POINT('Ctrl Pts',(-1.86206118565722,-2.19051435532133,2.75));
#5627=CARTESIAN_POINT('Ctrl Pts',(-1.86206118565722,-2.19051435532133,2.73593531229366));
#5628=CARTESIAN_POINT('Ctrl Pts',(-1.85991924474847,-2.19234078862664,2.72093466191859));
#5629=CARTESIAN_POINT('Ctrl Pts',(-1.85117933349592,-2.19972562054256,2.69334229339259));
#5630=CARTESIAN_POINT('Ctrl Pts',(-1.84457785196288,-2.20527923827459,2.68075040817737));
#5631=CARTESIAN_POINT('Ctrl Pts',(-1.82927027698511,-2.21799329746522,2.66086410463762));
#5632=CARTESIAN_POINT('Ctrl Pts',(-1.81954199218078,-2.22600144612346,2.65224404896205));
#5633=CARTESIAN_POINT('Ctrl Pts',(-1.79808566676625,-2.24336876915535,2.64081193770043));
#5634=CARTESIAN_POINT('Ctrl Pts',(-1.78635388373219,-2.25272339707962,2.638));
#5635=CARTESIAN_POINT('Ctrl Pts',(-1.76422683011986,-2.27009393224553,2.638));
#5636=CARTESIAN_POINT('Ctrl Pts',(-1.75235816083122,-2.27926659996009,2.64081025636947));
#5637=CARTESIAN_POINT('Ctrl Pts',(-1.73040173197971,-2.2959802271551,2.65223954281541));
#5638=CARTESIAN_POINT('Ctrl Pts',(-1.72031753214748,-2.30352588279236,2.66085854318549));
#5639=CARTESIAN_POINT('Ctrl Pts',(-1.70433940953231,-2.31537277725693,2.68074556815953));
#5640=CARTESIAN_POINT('Ctrl Pts',(-1.69738111628617,-2.3204644003312,2.69333960098851));
#5641=CARTESIAN_POINT('Ctrl Pts',(-1.68813870987723,-2.32719689398173,2.72093466922366));
#5642=CARTESIAN_POINT('Ctrl Pts',(-1.68585822612891,-2.32884242519615,2.73593578283517));
#5643=CARTESIAN_POINT('Ctrl Pts',(-1.68585822612891,-2.32884242519615,2.75));
#5644=CARTESIAN_POINT('Ctrl Pts',(-1.68585822612891,-2.32884242519615,2.75));
#5645=CARTESIAN_POINT('Ctrl Pts',(-1.68585822612891,-2.32884242519615,2.76406421716483));
#5646=CARTESIAN_POINT('Ctrl Pts',(-1.68813870987723,-2.32719689398173,2.77906533077633));
#5647=CARTESIAN_POINT('Ctrl Pts',(-1.69738111628617,-2.3204644003312,2.80666039901149));
#5648=CARTESIAN_POINT('Ctrl Pts',(-1.70433940953231,-2.31537277725693,2.81925443184047));
#5649=CARTESIAN_POINT('Ctrl Pts',(-1.72031753214748,-2.30352588279236,2.83914145681451));
#5650=CARTESIAN_POINT('Ctrl Pts',(-1.73040173197971,-2.2959802271551,2.84776045718459));
#5651=CARTESIAN_POINT('Ctrl Pts',(-1.75235816083122,-2.27926659996009,2.85918974363053));
#5652=CARTESIAN_POINT('Ctrl Pts',(-1.76422683011986,-2.27009393224553,2.862));
#5653=CARTESIAN_POINT('Ctrl Pts',(-1.78635388373219,-2.25272339707962,2.862));
#5654=CARTESIAN_POINT('Ctrl Pts',(-1.79808566676626,-2.24336876915535,2.85918806229957));
#5655=CARTESIAN_POINT('Ctrl Pts',(-1.81954199218078,-2.22600144612346,2.84775595103795));
#5656=CARTESIAN_POINT('Ctrl Pts',(-1.82927027698511,-2.21799329746522,2.83913589536238));
#5657=CARTESIAN_POINT('Ctrl Pts',(-1.84457785196288,-2.20527923827459,2.81924959182262));
#5658=CARTESIAN_POINT('Ctrl Pts',(-1.85117933349592,-2.19972562054256,2.80665770660741));
#5659=CARTESIAN_POINT('Ctrl Pts',(-1.85991924474847,-2.19234078862664,2.77906533808141));
#5660=CARTESIAN_POINT('Ctrl Pts',(-1.86206118565722,-2.19051435532133,2.76406468770634));
#5661=CARTESIAN_POINT('Ctrl Pts',(-1.86206118565722,-2.19051435532133,2.75));
#5662=CARTESIAN_POINT('',(-1.86206118565721,-2.19051435532134,1.));
#5663=CARTESIAN_POINT('',(-1.68585822612891,-2.32884242519615,1.));
#5664=CARTESIAN_POINT('Ctrl Pts',(-1.86206118565722,-2.19051435532133,1.));
#5665=CARTESIAN_POINT('Ctrl Pts',(-1.86206118565722,-2.19051435532133,0.985935312293661));
#5666=CARTESIAN_POINT('Ctrl Pts',(-1.85991924474847,-2.19234078862664,0.97093466191859));
#5667=CARTESIAN_POINT('Ctrl Pts',(-1.85117933349592,-2.19972562054256,0.943342293392587));
#5668=CARTESIAN_POINT('Ctrl Pts',(-1.84457785196288,-2.20527923827459,0.930750408177375));
#5669=CARTESIAN_POINT('Ctrl Pts',(-1.82927027698511,-2.21799329746522,0.910864104637619));
#5670=CARTESIAN_POINT('Ctrl Pts',(-1.81954199218078,-2.22600144612346,0.902244048962049));
#5671=CARTESIAN_POINT('Ctrl Pts',(-1.79808566676626,-2.24336876915535,0.89081193770043));
#5672=CARTESIAN_POINT('Ctrl Pts',(-1.78635388373219,-2.25272339707962,0.888));
#5673=CARTESIAN_POINT('Ctrl Pts',(-1.76422683011986,-2.27009393224553,0.888));
#5674=CARTESIAN_POINT('Ctrl Pts',(-1.75235816083122,-2.27926659996009,0.890810256369467));
#5675=CARTESIAN_POINT('Ctrl Pts',(-1.73040173197971,-2.2959802271551,0.902239542815409));
#5676=CARTESIAN_POINT('Ctrl Pts',(-1.72031753214748,-2.30352588279236,0.910858543185488));
#5677=CARTESIAN_POINT('Ctrl Pts',(-1.70433940953231,-2.31537277725693,0.930745568159528));
#5678=CARTESIAN_POINT('Ctrl Pts',(-1.69738111628617,-2.3204644003312,0.943339600988511));
#5679=CARTESIAN_POINT('Ctrl Pts',(-1.68813870987723,-2.32719689398173,0.970934669223664));
#5680=CARTESIAN_POINT('Ctrl Pts',(-1.68585822612891,-2.32884242519615,0.985935782835169));
#5681=CARTESIAN_POINT('Ctrl Pts',(-1.68585822612891,-2.32884242519615,1.));
#5682=CARTESIAN_POINT('Ctrl Pts',(-1.68585822612891,-2.32884242519615,1.));
#5683=CARTESIAN_POINT('Ctrl Pts',(-1.68585822612891,-2.32884242519615,1.014063649636));
#5684=CARTESIAN_POINT('Ctrl Pts',(-1.68813852715865,-2.32719702548335,1.02906419675654));
#5685=CARTESIAN_POINT('Ctrl Pts',(-1.69738024963744,-2.32046503322542,1.05665839986676));
#5686=CARTESIAN_POINT('Ctrl Pts',(-1.70433804220185,-2.31537378072746,1.06925213404879));
#5687=CARTESIAN_POINT('Ctrl Pts',(-1.7203156910911,-2.30352725816075,1.08913976117158));
#5688=CARTESIAN_POINT('Ctrl Pts',(-1.73040013662089,-2.29598143212135,1.09775938436517));
#5689=CARTESIAN_POINT('Ctrl Pts',(-1.75235726305411,-2.27926729281252,1.10918951863558));
#5690=CARTESIAN_POINT('Ctrl Pts',(-1.76422638370821,-2.27009428269478,1.112));
#5691=CARTESIAN_POINT('Ctrl Pts',(-1.78635308318005,-2.25272402554194,1.112));
#5692=CARTESIAN_POINT('Ctrl Pts',(-1.79808407760837,-2.24337003810837,1.1091884658271));
#5693=CARTESIAN_POINT('Ctrl Pts',(-1.81953921362909,-2.22600371250773,1.09775787457272));
#5694=CARTESIAN_POINT('Ctrl Pts',(-1.82926709666241,-2.21799591959492,1.08913893537021));
#5695=CARTESIAN_POINT('Ctrl Pts',(-1.84457552066282,-2.20528119394041,1.069253711496));
#5696=CARTESIAN_POINT('Ctrl Pts',(-1.85117786113735,-2.19972686158394,1.0566612910068));
#5697=CARTESIAN_POINT('Ctrl Pts',(-1.85991893756967,-2.19234105121369,1.0290673715603));
#5698=CARTESIAN_POINT('Ctrl Pts',(-1.86206118565722,-2.19051435532133,1.01406570549229));
#5699=CARTESIAN_POINT('Ctrl Pts',(-1.86206118565722,-2.19051435532133,0.999999999999999));
#5700=CARTESIAN_POINT('',(-1.86206118565721,-2.19051435532134,4.5));
#5701=CARTESIAN_POINT('',(-1.68585822612891,-2.32884242519615,4.5));
#5702=CARTESIAN_POINT('Ctrl Pts',(-1.86206118565722,-2.19051435532133,4.5));
#5703=CARTESIAN_POINT('Ctrl Pts',(-1.86206118565722,-2.19051435532133,4.48593531229366));
#5704=CARTESIAN_POINT('Ctrl Pts',(-1.85991924474847,-2.19234078862664,4.47093466191859));
#5705=CARTESIAN_POINT('Ctrl Pts',(-1.85117933349592,-2.19972562054256,4.44334229339259));
#5706=CARTESIAN_POINT('Ctrl Pts',(-1.84457785196288,-2.20527923827459,4.43075040817737));
#5707=CARTESIAN_POINT('Ctrl Pts',(-1.82927027698511,-2.21799329746522,4.41086410463762));
#5708=CARTESIAN_POINT('Ctrl Pts',(-1.81954199218078,-2.22600144612346,4.40224404896205));
#5709=CARTESIAN_POINT('Ctrl Pts',(-1.79808566676626,-2.24336876915535,4.39081193770043));
#5710=CARTESIAN_POINT('Ctrl Pts',(-1.78635388373219,-2.25272339707962,4.388));
#5711=CARTESIAN_POINT('Ctrl Pts',(-1.76422683011986,-2.27009393224553,4.388));
#5712=CARTESIAN_POINT('Ctrl Pts',(-1.75235816083122,-2.27926659996009,4.39081025636947));
#5713=CARTESIAN_POINT('Ctrl Pts',(-1.73040173197971,-2.2959802271551,4.40223954281541));
#5714=CARTESIAN_POINT('Ctrl Pts',(-1.72031753214748,-2.30352588279236,4.41085854318549));
#5715=CARTESIAN_POINT('Ctrl Pts',(-1.70433940953231,-2.31537277725693,4.43074556815953));
#5716=CARTESIAN_POINT('Ctrl Pts',(-1.69738111628617,-2.3204644003312,4.44333960098851));
#5717=CARTESIAN_POINT('Ctrl Pts',(-1.68813870987723,-2.32719689398173,4.47093466922366));
#5718=CARTESIAN_POINT('Ctrl Pts',(-1.68585822612891,-2.32884242519615,4.48593578283517));
#5719=CARTESIAN_POINT('Ctrl Pts',(-1.68585822612891,-2.32884242519615,4.5));
#5720=CARTESIAN_POINT('Ctrl Pts',(-1.68585822612891,-2.32884242519615,4.5));
#5721=CARTESIAN_POINT('Ctrl Pts',(-1.68585822612891,-2.32884242519615,4.51406421716483));
#5722=CARTESIAN_POINT('Ctrl Pts',(-1.68813870987723,-2.32719689398173,4.52906533077633));
#5723=CARTESIAN_POINT('Ctrl Pts',(-1.69738111628617,-2.3204644003312,4.55666039901149));
#5724=CARTESIAN_POINT('Ctrl Pts',(-1.70433940953231,-2.31537277725693,4.56925443184047));
#5725=CARTESIAN_POINT('Ctrl Pts',(-1.72031753214748,-2.30352588279236,4.58914145681451));
#5726=CARTESIAN_POINT('Ctrl Pts',(-1.73040173197971,-2.2959802271551,4.59776045718459));
#5727=CARTESIAN_POINT('Ctrl Pts',(-1.75235816083122,-2.27926659996009,4.60918974363053));
#5728=CARTESIAN_POINT('Ctrl Pts',(-1.76422683011986,-2.27009393224553,4.612));
#5729=CARTESIAN_POINT('Ctrl Pts',(-1.78635388373219,-2.25272339707962,4.612));
#5730=CARTESIAN_POINT('Ctrl Pts',(-1.79808566676626,-2.24336876915535,4.60918806229957));
#5731=CARTESIAN_POINT('Ctrl Pts',(-1.81954199218078,-2.22600144612346,4.59775595103795));
#5732=CARTESIAN_POINT('Ctrl Pts',(-1.82927027698511,-2.21799329746522,4.58913589536238));
#5733=CARTESIAN_POINT('Ctrl Pts',(-1.84457785196288,-2.20527923827459,4.56924959182263));
#5734=CARTESIAN_POINT('Ctrl Pts',(-1.85117933349592,-2.19972562054256,4.55665770660741));
#5735=CARTESIAN_POINT('Ctrl Pts',(-1.85991924474847,-2.19234078862664,4.52906533808141));
#5736=CARTESIAN_POINT('Ctrl Pts',(-1.86206118565722,-2.19051435532133,4.51406468770634));
#5737=CARTESIAN_POINT('Ctrl Pts',(-1.86206118565722,-2.19051435532133,4.5));
#5738=CARTESIAN_POINT('',(-2.85976581469528,-0.295574838408522,2.75));
#5739=CARTESIAN_POINT('',(-2.82807167189138,-0.51733511251945,2.75));
#5740=CARTESIAN_POINT('Ctrl Pts',(-2.85976581469528,-0.295574838408521,
2.75));
#5741=CARTESIAN_POINT('Ctrl Pts',(-2.85976581469528,-0.295574838408521,
2.73593578283517));
#5742=CARTESIAN_POINT('Ctrl Pts',(-2.85948098473503,-0.298372560874703,
2.72093466922366));
#5743=CARTESIAN_POINT('Ctrl Pts',(-2.85827167740733,-0.309742966442203,
2.69333960098851));
#5744=CARTESIAN_POINT('Ctrl Pts',(-2.85734134910158,-0.318314836697478,
2.68074556815953));
#5745=CARTESIAN_POINT('Ctrl Pts',(-2.8550706988469,-0.338075744019281,2.66085854318549));
#5746=CARTESIAN_POINT('Ctrl Pts',(-2.85357806929294,-0.350581745069458,
2.65223954281541));
#5747=CARTESIAN_POINT('Ctrl Pts',(-2.85008185797843,-0.377953383828763,
2.64081025636947));
#5748=CARTESIAN_POINT('Ctrl Pts',(-2.84807242936147,-0.392818286799119,
2.638));
#5749=CARTESIAN_POINT('Ctrl Pts',(-2.84409263143663,-0.420666144921255,
2.638));
#5750=CARTESIAN_POINT('Ctrl Pts',(-2.84185717752829,-0.435503481022574,
2.64081193770043));
#5751=CARTESIAN_POINT('Ctrl Pts',(-2.8375447972942,-0.462768865419367,2.65224404896205));
#5752=CARTESIAN_POINT('Ctrl Pts',(-2.83547367952105,-0.475197881524283,
2.66086410463762));
#5753=CARTESIAN_POINT('Ctrl Pts',(-2.83211676876563,-0.494811659920689,
2.68075040817737));
#5754=CARTESIAN_POINT('Ctrl Pts',(-2.83060793549331,-0.503305519496928,
2.69334229339259));
#5755=CARTESIAN_POINT('Ctrl Pts',(-2.82858243907772,-0.514566920626419,
2.72093466191859));
#5756=CARTESIAN_POINT('Ctrl Pts',(-2.82807167189138,-0.51733511251945,2.73593531229366));
#5757=CARTESIAN_POINT('Ctrl Pts',(-2.82807167189138,-0.51733511251945,2.75));
#5758=CARTESIAN_POINT('Ctrl Pts',(-2.82807167189138,-0.51733511251945,2.75));
#5759=CARTESIAN_POINT('Ctrl Pts',(-2.82807167189138,-0.51733511251945,2.76406468770634));
#5760=CARTESIAN_POINT('Ctrl Pts',(-2.82858243907772,-0.514566920626419,
2.77906533808141));
#5761=CARTESIAN_POINT('Ctrl Pts',(-2.83060793549331,-0.503305519496928,
2.80665770660741));
#5762=CARTESIAN_POINT('Ctrl Pts',(-2.83211676876563,-0.494811659920689,
2.81924959182262));
#5763=CARTESIAN_POINT('Ctrl Pts',(-2.83547367952105,-0.475197881524283,
2.83913589536238));
#5764=CARTESIAN_POINT('Ctrl Pts',(-2.8375447972942,-0.462768865419367,2.84775595103795));
#5765=CARTESIAN_POINT('Ctrl Pts',(-2.84185717752829,-0.435503481022574,
2.85918806229957));
#5766=CARTESIAN_POINT('Ctrl Pts',(-2.84409263143663,-0.420666144921255,
2.862));
#5767=CARTESIAN_POINT('Ctrl Pts',(-2.84807242936147,-0.392818286799119,
2.862));
#5768=CARTESIAN_POINT('Ctrl Pts',(-2.85008185797843,-0.377953383828763,
2.85918974363053));
#5769=CARTESIAN_POINT('Ctrl Pts',(-2.85357806929294,-0.350581745069458,
2.84776045718459));
#5770=CARTESIAN_POINT('Ctrl Pts',(-2.8550706988469,-0.338075744019281,2.83914145681451));
#5771=CARTESIAN_POINT('Ctrl Pts',(-2.85734134910158,-0.318314836697477,
2.81925443184047));
#5772=CARTESIAN_POINT('Ctrl Pts',(-2.85827167740733,-0.309742966442203,
2.80666039901149));
#5773=CARTESIAN_POINT('Ctrl Pts',(-2.85948098473503,-0.298372560874703,
2.77906533077633));
#5774=CARTESIAN_POINT('Ctrl Pts',(-2.85976581469528,-0.295574838408522,
2.76406421716483));
#5775=CARTESIAN_POINT('Ctrl Pts',(-2.85976581469528,-0.295574838408522,
2.75));
#5776=CARTESIAN_POINT('',(-2.85976581469528,-0.295574838408523,1.));
#5777=CARTESIAN_POINT('',(-2.82807167189138,-0.51733511251945,1.));
#5778=CARTESIAN_POINT('Ctrl Pts',(-2.85976581469528,-0.295574838408521,
1.));
#5779=CARTESIAN_POINT('Ctrl Pts',(-2.85976581469528,-0.295574838408522,
0.98593578283517));
#5780=CARTESIAN_POINT('Ctrl Pts',(-2.85948098473503,-0.298372560874703,
0.970934669223665));
#5781=CARTESIAN_POINT('Ctrl Pts',(-2.85827167740733,-0.309742966442203,
0.943339600988511));
#5782=CARTESIAN_POINT('Ctrl Pts',(-2.85734134910158,-0.318314836697478,
0.930745568159528));
#5783=CARTESIAN_POINT('Ctrl Pts',(-2.8550706988469,-0.338075744019281,0.910858543185488));
#5784=CARTESIAN_POINT('Ctrl Pts',(-2.85357806929294,-0.350581745069458,
0.902239542815409));
#5785=CARTESIAN_POINT('Ctrl Pts',(-2.85008185797843,-0.377953383828763,
0.890810256369467));
#5786=CARTESIAN_POINT('Ctrl Pts',(-2.84807242936147,-0.392818286799119,
0.888));
#5787=CARTESIAN_POINT('Ctrl Pts',(-2.84409263143663,-0.420666144921255,
0.888));
#5788=CARTESIAN_POINT('Ctrl Pts',(-2.84185717752829,-0.435503481022574,
0.89081193770043));
#5789=CARTESIAN_POINT('Ctrl Pts',(-2.8375447972942,-0.462768865419367,0.902244048962049));
#5790=CARTESIAN_POINT('Ctrl Pts',(-2.83547367952105,-0.475197881524283,
0.910864104637619));
#5791=CARTESIAN_POINT('Ctrl Pts',(-2.83211676876563,-0.494811659920689,
0.930750408177375));
#5792=CARTESIAN_POINT('Ctrl Pts',(-2.83060793549331,-0.503305519496928,
0.943342293392587));
#5793=CARTESIAN_POINT('Ctrl Pts',(-2.82858243907772,-0.514566920626419,
0.97093466191859));
#5794=CARTESIAN_POINT('Ctrl Pts',(-2.82807167189138,-0.51733511251945,0.985935312293661));
#5795=CARTESIAN_POINT('Ctrl Pts',(-2.82807167189138,-0.51733511251945,1.));
#5796=CARTESIAN_POINT('Ctrl Pts',(-2.82807167189138,-0.51733511251945,1.));
#5797=CARTESIAN_POINT('Ctrl Pts',(-2.82807167189138,-0.51733511251945,1.01406570549229));
#5798=CARTESIAN_POINT('Ctrl Pts',(-2.82858251289537,-0.514566523308249,
1.0290673715603));
#5799=CARTESIAN_POINT('Ctrl Pts',(-2.83060827408738,-0.50330362387631,1.0566612910068));
#5800=CARTESIAN_POINT('Ctrl Pts',(-2.83211729677189,-0.494808663122699,
1.069253711496));
#5801=CARTESIAN_POINT('Ctrl Pts',(-2.83547436019063,-0.475193816219182,
1.08913893537021));
#5802=CARTESIAN_POINT('Ctrl Pts',(-2.83754537076471,-0.462765325930884,
1.09775787457272));
#5803=CARTESIAN_POINT('Ctrl Pts',(-2.8418574818949,-0.435501470294968,1.1091884658271));
#5804=CARTESIAN_POINT('Ctrl Pts',(-2.84409277542489,-0.420665137391601,
1.112));
#5805=CARTESIAN_POINT('Ctrl Pts',(-2.8480725096536,-0.392817724970672,1.112));
#5806=CARTESIAN_POINT('Ctrl Pts',(-2.85008200911769,-0.377952259904766,
1.10918951863558));
#5807=CARTESIAN_POINT('Ctrl Pts',(-2.85357831514491,-0.350579760965075,
1.09775938436517));
#5808=CARTESIAN_POINT('Ctrl Pts',(-2.85507096942268,-0.338073461933494,
1.08913976117158));
#5809=CARTESIAN_POINT('Ctrl Pts',(-2.85734153446733,-0.318313150819298,
1.06925213404879));
#5810=CARTESIAN_POINT('Ctrl Pts',(-2.85827179218544,-0.309741899455282,
1.05665839986676));
#5811=CARTESIAN_POINT('Ctrl Pts',(-2.85948100725949,-0.298372336884953,
1.02906419675654));
#5812=CARTESIAN_POINT('Ctrl Pts',(-2.85976581469528,-0.295574838408521,
1.014063649636));
#5813=CARTESIAN_POINT('Ctrl Pts',(-2.85976581469528,-0.295574838408521,
1.));
#5814=CARTESIAN_POINT('',(-2.85976581469528,-0.295574838408522,4.5));
#5815=CARTESIAN_POINT('',(-2.82807167189138,-0.51733511251945,4.5));
#5816=CARTESIAN_POINT('Ctrl Pts',(-2.85976581469528,-0.295574838408521,
4.5));
#5817=CARTESIAN_POINT('Ctrl Pts',(-2.85976581469528,-0.295574838408521,
4.48593578283517));
#5818=CARTESIAN_POINT('Ctrl Pts',(-2.85948098473503,-0.298372560874703,
4.47093466922366));
#5819=CARTESIAN_POINT('Ctrl Pts',(-2.85827167740733,-0.309742966442203,
4.44333960098851));
#5820=CARTESIAN_POINT('Ctrl Pts',(-2.85734134910158,-0.318314836697477,
4.43074556815953));
#5821=CARTESIAN_POINT('Ctrl Pts',(-2.8550706988469,-0.338075744019281,4.41085854318549));
#5822=CARTESIAN_POINT('Ctrl Pts',(-2.85357806929294,-0.350581745069458,
4.40223954281541));
#5823=CARTESIAN_POINT('Ctrl Pts',(-2.85008185797843,-0.377953383828763,
4.39081025636947));
#5824=CARTESIAN_POINT('Ctrl Pts',(-2.84807242936147,-0.392818286799119,
4.388));
#5825=CARTESIAN_POINT('Ctrl Pts',(-2.84409263143663,-0.420666144921255,
4.388));
#5826=CARTESIAN_POINT('Ctrl Pts',(-2.84185717752829,-0.435503481022574,
4.39081193770043));
#5827=CARTESIAN_POINT('Ctrl Pts',(-2.8375447972942,-0.462768865419367,4.40224404896205));
#5828=CARTESIAN_POINT('Ctrl Pts',(-2.83547367952105,-0.475197881524283,
4.41086410463762));
#5829=CARTESIAN_POINT('Ctrl Pts',(-2.83211676876563,-0.494811659920689,
4.43075040817737));
#5830=CARTESIAN_POINT('Ctrl Pts',(-2.83060793549331,-0.503305519496928,
4.44334229339259));
#5831=CARTESIAN_POINT('Ctrl Pts',(-2.82858243907772,-0.514566920626419,
4.47093466191859));
#5832=CARTESIAN_POINT('Ctrl Pts',(-2.82807167189138,-0.51733511251945,4.48593531229366));
#5833=CARTESIAN_POINT('Ctrl Pts',(-2.82807167189138,-0.51733511251945,4.5));
#5834=CARTESIAN_POINT('Ctrl Pts',(-2.82807167189138,-0.51733511251945,4.5));
#5835=CARTESIAN_POINT('Ctrl Pts',(-2.82807167189138,-0.51733511251945,4.51406468770634));
#5836=CARTESIAN_POINT('Ctrl Pts',(-2.82858243907772,-0.514566920626419,
4.52906533808141));
#5837=CARTESIAN_POINT('Ctrl Pts',(-2.83060793549331,-0.503305519496928,
4.55665770660741));
#5838=CARTESIAN_POINT('Ctrl Pts',(-2.83211676876563,-0.494811659920689,
4.56924959182263));
#5839=CARTESIAN_POINT('Ctrl Pts',(-2.83547367952105,-0.475197881524283,
4.58913589536238));
#5840=CARTESIAN_POINT('Ctrl Pts',(-2.8375447972942,-0.462768865419367,4.59775595103795));
#5841=CARTESIAN_POINT('Ctrl Pts',(-2.84185717752829,-0.435503481022574,
4.60918806229957));
#5842=CARTESIAN_POINT('Ctrl Pts',(-2.84409263143663,-0.420666144921255,
4.612));
#5843=CARTESIAN_POINT('Ctrl Pts',(-2.84807242936147,-0.392818286799119,
4.612));
#5844=CARTESIAN_POINT('Ctrl Pts',(-2.85008185797843,-0.377953383828763,
4.60918974363053));
#5845=CARTESIAN_POINT('Ctrl Pts',(-2.85357806929294,-0.350581745069458,
4.59776045718459));
#5846=CARTESIAN_POINT('Ctrl Pts',(-2.8550706988469,-0.338075744019281,4.58914145681451));
#5847=CARTESIAN_POINT('Ctrl Pts',(-2.85734134910158,-0.318314836697477,
4.56925443184047));
#5848=CARTESIAN_POINT('Ctrl Pts',(-2.85827167740733,-0.309742966442203,
4.55666039901149));
#5849=CARTESIAN_POINT('Ctrl Pts',(-2.85948098473503,-0.298372560874703,
4.52906533077633));
#5850=CARTESIAN_POINT('Ctrl Pts',(-2.85976581469528,-0.295574838408521,
4.51406421716483));
#5851=CARTESIAN_POINT('Ctrl Pts',(-2.85976581469528,-0.295574838408521,
4.5));
#5852=CARTESIAN_POINT('',(0.966010486234161,-2.70784946784079,2.75));
#5853=CARTESIAN_POINT('',(1.17390758856638,-2.62441726360468,2.75));
#5854=CARTESIAN_POINT('Ctrl Pts',(0.966010486234161,-2.70784946784079,2.75));
#5855=CARTESIAN_POINT('Ctrl Pts',(0.966010486234161,-2.70784946784079,2.73593531229366));
#5856=CARTESIAN_POINT('Ctrl Pts',(0.968663194329246,-2.70690770925306,2.72093466191859));
#5857=CARTESIAN_POINT('Ctrl Pts',(0.979428601997386,-2.70303114003949,2.69334229339259));
#5858=CARTESIAN_POINT('Ctrl Pts',(0.987538916802749,-2.70009089819528,2.68075040817737));
#5859=CARTESIAN_POINT('Ctrl Pts',(1.00620340253594,-2.69319117898951,2.66086410463762));
#5860=CARTESIAN_POINT('Ctrl Pts',(1.01800280511343,-2.68877031154283,2.65224404896205));
#5861=CARTESIAN_POINT('Ctrl Pts',(1.04377151076204,-2.67887225017793,2.64081193770043));
#5862=CARTESIAN_POINT('Ctrl Pts',(1.05773874770444,-2.67338954200088,2.638));
#5863=CARTESIAN_POINT('Ctrl Pts',(1.08384559924162,-2.66291221904466,2.638));
#5864=CARTESIAN_POINT('Ctrl Pts',(1.09772369714721,-2.65721998378886,2.64081025636947));
#5865=CARTESIAN_POINT('Ctrl Pts',(1.12317633731324,-2.64656197222457,2.65223954281541));
#5866=CARTESIAN_POINT('Ctrl Pts',(1.13475316669942,-2.64160162681165,2.66085854318549));
#5867=CARTESIAN_POINT('Ctrl Pts',(1.15300193956928,-2.63368761395441,2.68074556815953));
#5868=CARTESIAN_POINT('Ctrl Pts',(1.16089056112116,-2.63020736677341,2.69333960098851));
#5869=CARTESIAN_POINT('Ctrl Pts',(1.1713422748578,-2.62556945485643,2.72093466922366));
#5870=CARTESIAN_POINT('Ctrl Pts',(1.17390758856638,-2.62441726360468,2.73593578283517));
#5871=CARTESIAN_POINT('Ctrl Pts',(1.17390758856638,-2.62441726360468,2.75));
#5872=CARTESIAN_POINT('Ctrl Pts',(1.17390758856638,-2.62441726360468,2.75));
#5873=CARTESIAN_POINT('Ctrl Pts',(1.17390758856638,-2.62441726360468,2.76406421716483));
#5874=CARTESIAN_POINT('Ctrl Pts',(1.1713422748578,-2.62556945485643,2.77906533077633));
#5875=CARTESIAN_POINT('Ctrl Pts',(1.16089056112116,-2.63020736677341,2.80666039901149));
#5876=CARTESIAN_POINT('Ctrl Pts',(1.15300193956928,-2.63368761395441,2.81925443184047));
#5877=CARTESIAN_POINT('Ctrl Pts',(1.13475316669942,-2.64160162681165,2.83914145681451));
#5878=CARTESIAN_POINT('Ctrl Pts',(1.12317633731324,-2.64656197222457,2.84776045718459));
#5879=CARTESIAN_POINT('Ctrl Pts',(1.09772369714721,-2.65721998378886,2.85918974363053));
#5880=CARTESIAN_POINT('Ctrl Pts',(1.08384559924162,-2.66291221904466,2.862));
#5881=CARTESIAN_POINT('Ctrl Pts',(1.05773874770444,-2.67338954200088,2.862));
#5882=CARTESIAN_POINT('Ctrl Pts',(1.04377151076204,-2.67887225017793,2.85918806229957));
#5883=CARTESIAN_POINT('Ctrl Pts',(1.01800280511343,-2.68877031154283,2.84775595103795));
#5884=CARTESIAN_POINT('Ctrl Pts',(1.00620340253594,-2.69319117898951,2.83913589536238));
#5885=CARTESIAN_POINT('Ctrl Pts',(0.987538916802749,-2.70009089819528,2.81924959182262));
#5886=CARTESIAN_POINT('Ctrl Pts',(0.979428601997387,-2.70303114003949,2.80665770660741));
#5887=CARTESIAN_POINT('Ctrl Pts',(0.968663194329246,-2.70690770925306,2.77906533808141));
#5888=CARTESIAN_POINT('Ctrl Pts',(0.966010486234161,-2.70784946784079,2.76406468770634));
#5889=CARTESIAN_POINT('Ctrl Pts',(0.966010486234161,-2.70784946784079,2.75));
#5890=CARTESIAN_POINT('',(0.966010486234161,-2.70784946784079,1.));
#5891=CARTESIAN_POINT('',(1.17390758856638,-2.62441726360468,1.));
#5892=CARTESIAN_POINT('Ctrl Pts',(0.966010486234161,-2.70784946784079,1.));
#5893=CARTESIAN_POINT('Ctrl Pts',(0.966010486234161,-2.70784946784079,0.985935312293661));
#5894=CARTESIAN_POINT('Ctrl Pts',(0.968663194329246,-2.70690770925306,0.97093466191859));
#5895=CARTESIAN_POINT('Ctrl Pts',(0.979428601997386,-2.70303114003949,0.943342293392587));
#5896=CARTESIAN_POINT('Ctrl Pts',(0.987538916802749,-2.70009089819528,0.930750408177375));
#5897=CARTESIAN_POINT('Ctrl Pts',(1.00620340253594,-2.69319117898951,0.910864104637619));
#5898=CARTESIAN_POINT('Ctrl Pts',(1.01800280511342,-2.68877031154283,0.902244048962049));
#5899=CARTESIAN_POINT('Ctrl Pts',(1.04377151076204,-2.67887225017793,0.89081193770043));
#5900=CARTESIAN_POINT('Ctrl Pts',(1.05773874770444,-2.67338954200088,0.888));
#5901=CARTESIAN_POINT('Ctrl Pts',(1.08384559924162,-2.66291221904466,0.888));
#5902=CARTESIAN_POINT('Ctrl Pts',(1.09772369714721,-2.65721998378886,0.890810256369467));
#5903=CARTESIAN_POINT('Ctrl Pts',(1.12317633731324,-2.64656197222457,0.902239542815409));
#5904=CARTESIAN_POINT('Ctrl Pts',(1.13475316669942,-2.64160162681165,0.910858543185488));
#5905=CARTESIAN_POINT('Ctrl Pts',(1.15300193956928,-2.63368761395441,0.930745568159528));
#5906=CARTESIAN_POINT('Ctrl Pts',(1.16089056112116,-2.63020736677341,0.943339600988511));
#5907=CARTESIAN_POINT('Ctrl Pts',(1.1713422748578,-2.62556945485643,0.970934669223665));
#5908=CARTESIAN_POINT('Ctrl Pts',(1.17390758856638,-2.62441726360468,0.98593578283517));
#5909=CARTESIAN_POINT('Ctrl Pts',(1.17390758856638,-2.62441726360468,1.));
#5910=CARTESIAN_POINT('Ctrl Pts',(1.17390758856638,-2.62441726360468,1.));
#5911=CARTESIAN_POINT('Ctrl Pts',(1.17390758856638,-2.62441726360468,1.014063649636));
#5912=CARTESIAN_POINT('Ctrl Pts',(1.17134248010085,-2.62556936236831,1.02906419675654));
#5913=CARTESIAN_POINT('Ctrl Pts',(1.160891542548,-2.63020693268071,1.05665839986676));
#5914=CARTESIAN_POINT('Ctrl Pts',(1.15300349226548,-2.63368693154677,1.06925213404879));
#5915=CARTESIAN_POINT('Ctrl Pts',(1.13475527833158,-2.64160072009425,1.08913976117158));
#5916=CARTESIAN_POINT('Ctrl Pts',(1.12317817852402,-2.64656119308643,1.09775938436517));
#5917=CARTESIAN_POINT('Ctrl Pts',(1.09772474606357,-2.65721955271729,1.10918951863558));
#5918=CARTESIAN_POINT('Ctrl Pts',(1.08384612594539,-2.66291200766545,1.112));
#5919=CARTESIAN_POINT('Ctrl Pts',(1.05773969224484,-2.67338916293354,1.112));
#5920=CARTESIAN_POINT('Ctrl Pts',(1.04377340428653,-2.67887150840334,1.1091884658271));
#5921=CARTESIAN_POINT('Ctrl Pts',(1.01800615713562,-2.68876903843862,1.09775787457272));
#5922=CARTESIAN_POINT('Ctrl Pts',(1.00620726352823,-2.69318973581411,1.08913893537021));
#5923=CARTESIAN_POINT('Ctrl Pts',(0.987541776109066,-2.70008985706312,1.069253711496));
#5924=CARTESIAN_POINT('Ctrl Pts',(0.979430412950035,-2.70303048546025,1.0566612910068));
#5925=CARTESIAN_POINT('Ctrl Pts',(0.968663575325701,-2.70690757452194,1.0290673715603));
#5926=CARTESIAN_POINT('Ctrl Pts',(0.966010486234161,-2.70784946784079,1.01406570549229));
#5927=CARTESIAN_POINT('Ctrl Pts',(0.966010486234161,-2.70784946784079,1.));
#5928=CARTESIAN_POINT('',(0.966010486234161,-2.70784946784079,4.5));
#5929=CARTESIAN_POINT('',(1.17390758856638,-2.62441726360468,4.5));
#5930=CARTESIAN_POINT('Ctrl Pts',(0.966010486234161,-2.70784946784079,4.5));
#5931=CARTESIAN_POINT('Ctrl Pts',(0.966010486234161,-2.70784946784079,4.48593531229366));
#5932=CARTESIAN_POINT('Ctrl Pts',(0.968663194329246,-2.70690770925306,4.47093466191859));
#5933=CARTESIAN_POINT('Ctrl Pts',(0.979428601997386,-2.70303114003949,4.44334229339259));
#5934=CARTESIAN_POINT('Ctrl Pts',(0.987538916802749,-2.70009089819528,4.43075040817737));
#5935=CARTESIAN_POINT('Ctrl Pts',(1.00620340253594,-2.69319117898951,4.41086410463762));
#5936=CARTESIAN_POINT('Ctrl Pts',(1.01800280511343,-2.68877031154283,4.40224404896205));
#5937=CARTESIAN_POINT('Ctrl Pts',(1.04377151076204,-2.67887225017793,4.39081193770043));
#5938=CARTESIAN_POINT('Ctrl Pts',(1.05773874770444,-2.67338954200088,4.388));
#5939=CARTESIAN_POINT('Ctrl Pts',(1.08384559924162,-2.66291221904466,4.388));
#5940=CARTESIAN_POINT('Ctrl Pts',(1.09772369714721,-2.65721998378886,4.39081025636947));
#5941=CARTESIAN_POINT('Ctrl Pts',(1.12317633731324,-2.64656197222457,4.40223954281541));
#5942=CARTESIAN_POINT('Ctrl Pts',(1.13475316669942,-2.64160162681165,4.41085854318549));
#5943=CARTESIAN_POINT('Ctrl Pts',(1.15300193956928,-2.63368761395441,4.43074556815953));
#5944=CARTESIAN_POINT('Ctrl Pts',(1.16089056112116,-2.63020736677341,4.44333960098851));
#5945=CARTESIAN_POINT('Ctrl Pts',(1.1713422748578,-2.62556945485643,4.47093466922366));
#5946=CARTESIAN_POINT('Ctrl Pts',(1.17390758856638,-2.62441726360468,4.48593578283517));
#5947=CARTESIAN_POINT('Ctrl Pts',(1.17390758856638,-2.62441726360468,4.5));
#5948=CARTESIAN_POINT('Ctrl Pts',(1.17390758856638,-2.62441726360468,4.5));
#5949=CARTESIAN_POINT('Ctrl Pts',(1.17390758856638,-2.62441726360468,4.51406421716483));
#5950=CARTESIAN_POINT('Ctrl Pts',(1.1713422748578,-2.62556945485643,4.52906533077633));
#5951=CARTESIAN_POINT('Ctrl Pts',(1.16089056112116,-2.63020736677341,4.55666039901149));
#5952=CARTESIAN_POINT('Ctrl Pts',(1.15300193956928,-2.63368761395441,4.56925443184047));
#5953=CARTESIAN_POINT('Ctrl Pts',(1.13475316669942,-2.64160162681165,4.58914145681451));
#5954=CARTESIAN_POINT('Ctrl Pts',(1.12317633731324,-2.64656197222457,4.59776045718459));
#5955=CARTESIAN_POINT('Ctrl Pts',(1.09772369714721,-2.65721998378886,4.60918974363053));
#5956=CARTESIAN_POINT('Ctrl Pts',(1.08384559924162,-2.66291221904466,4.612));
#5957=CARTESIAN_POINT('Ctrl Pts',(1.05773874770444,-2.67338954200088,4.612));
#5958=CARTESIAN_POINT('Ctrl Pts',(1.04377151076204,-2.67887225017793,4.60918806229957));
#5959=CARTESIAN_POINT('Ctrl Pts',(1.01800280511343,-2.68877031154283,4.59775595103795));
#5960=CARTESIAN_POINT('Ctrl Pts',(1.00620340253594,-2.69319117898951,4.58913589536238));
#5961=CARTESIAN_POINT('Ctrl Pts',(0.987538916802749,-2.70009089819528,4.56924959182263));
#5962=CARTESIAN_POINT('Ctrl Pts',(0.979428601997386,-2.70303114003949,4.55665770660741));
#5963=CARTESIAN_POINT('Ctrl Pts',(0.968663194329246,-2.70690770925306,4.52906533808141));
#5964=CARTESIAN_POINT('Ctrl Pts',(0.966010486234161,-2.70784946784079,4.51406468770634));
#5965=CARTESIAN_POINT('Ctrl Pts',(0.966010486234161,-2.70784946784079,4.5));
#5966=CARTESIAN_POINT('',(-1.17390758856638,-2.62441726360468,2.75));
#5967=CARTESIAN_POINT('',(-0.966010486234164,-2.70784946784079,2.75));
#5968=CARTESIAN_POINT('Ctrl Pts',(-1.17390758856638,-2.62441726360468,2.75));
#5969=CARTESIAN_POINT('Ctrl Pts',(-1.17390758856638,-2.62441726360468,2.73593578283517));
#5970=CARTESIAN_POINT('Ctrl Pts',(-1.1713422748578,-2.62556945485643,2.72093466922366));
#5971=CARTESIAN_POINT('Ctrl Pts',(-1.16089056112117,-2.63020736677341,2.69333960098851));
#5972=CARTESIAN_POINT('Ctrl Pts',(-1.15300193956928,-2.63368761395441,2.68074556815953));
#5973=CARTESIAN_POINT('Ctrl Pts',(-1.13475316669943,-2.64160162681165,2.66085854318549));
#5974=CARTESIAN_POINT('Ctrl Pts',(-1.12317633731324,-2.64656197222456,2.65223954281541));
#5975=CARTESIAN_POINT('Ctrl Pts',(-1.09772369714722,-2.65721998378886,2.64081025636947));
#5976=CARTESIAN_POINT('Ctrl Pts',(-1.08384559924162,-2.66291221904466,2.638));
#5977=CARTESIAN_POINT('Ctrl Pts',(-1.05773874770444,-2.67338954200088,2.638));
#5978=CARTESIAN_POINT('Ctrl Pts',(-1.04377151076204,-2.67887225017793,2.64081193770043));
#5979=CARTESIAN_POINT('Ctrl Pts',(-1.01800280511343,-2.68877031154283,2.65224404896205));
#5980=CARTESIAN_POINT('Ctrl Pts',(-1.00620340253595,-2.69319117898951,2.66086410463762));
#5981=CARTESIAN_POINT('Ctrl Pts',(-0.987538916802752,-2.70009089819528,
2.68075040817737));
#5982=CARTESIAN_POINT('Ctrl Pts',(-0.979428601997389,-2.70303114003949,
2.69334229339259));
#5983=CARTESIAN_POINT('Ctrl Pts',(-0.968663194329249,-2.70690770925306,
2.72093466191859));
#5984=CARTESIAN_POINT('Ctrl Pts',(-0.966010486234164,-2.70784946784079,
2.73593531229366));
#5985=CARTESIAN_POINT('Ctrl Pts',(-0.966010486234164,-2.70784946784079,
2.75));
#5986=CARTESIAN_POINT('Ctrl Pts',(-0.966010486234164,-2.70784946784079,
2.75));
#5987=CARTESIAN_POINT('Ctrl Pts',(-0.966010486234164,-2.70784946784079,
2.76406468770634));
#5988=CARTESIAN_POINT('Ctrl Pts',(-0.968663194329249,-2.70690770925306,
2.77906533808141));
#5989=CARTESIAN_POINT('Ctrl Pts',(-0.979428601997389,-2.70303114003949,
2.80665770660741));
#5990=CARTESIAN_POINT('Ctrl Pts',(-0.987538916802752,-2.70009089819528,
2.81924959182262));
#5991=CARTESIAN_POINT('Ctrl Pts',(-1.00620340253595,-2.69319117898951,2.83913589536238));
#5992=CARTESIAN_POINT('Ctrl Pts',(-1.01800280511343,-2.68877031154283,2.84775595103795));
#5993=CARTESIAN_POINT('Ctrl Pts',(-1.04377151076204,-2.67887225017793,2.85918806229957));
#5994=CARTESIAN_POINT('Ctrl Pts',(-1.05773874770444,-2.67338954200088,2.862));
#5995=CARTESIAN_POINT('Ctrl Pts',(-1.08384559924162,-2.66291221904466,2.862));
#5996=CARTESIAN_POINT('Ctrl Pts',(-1.09772369714722,-2.65721998378886,2.85918974363053));
#5997=CARTESIAN_POINT('Ctrl Pts',(-1.12317633731324,-2.64656197222456,2.84776045718459));
#5998=CARTESIAN_POINT('Ctrl Pts',(-1.13475316669943,-2.64160162681165,2.83914145681451));
#5999=CARTESIAN_POINT('Ctrl Pts',(-1.15300193956928,-2.63368761395441,2.81925443184047));
#6000=CARTESIAN_POINT('Ctrl Pts',(-1.16089056112117,-2.63020736677341,2.80666039901149));
#6001=CARTESIAN_POINT('Ctrl Pts',(-1.1713422748578,-2.62556945485643,2.77906533077633));
#6002=CARTESIAN_POINT('Ctrl Pts',(-1.17390758856638,-2.62441726360468,2.76406421716483));
#6003=CARTESIAN_POINT('Ctrl Pts',(-1.17390758856638,-2.62441726360468,2.75));
#6004=CARTESIAN_POINT('',(-1.17390758856638,-2.62441726360468,1.));
#6005=CARTESIAN_POINT('',(-0.96601048623416,-2.70784946784079,1.));
#6006=CARTESIAN_POINT('Ctrl Pts',(-1.17390758856638,-2.62441726360468,1.));
#6007=CARTESIAN_POINT('Ctrl Pts',(-1.17390758856638,-2.62441726360468,0.985935782835169));
#6008=CARTESIAN_POINT('Ctrl Pts',(-1.1713422748578,-2.62556945485643,0.970934669223665));
#6009=CARTESIAN_POINT('Ctrl Pts',(-1.16089056112116,-2.63020736677341,0.943339600988511));
#6010=CARTESIAN_POINT('Ctrl Pts',(-1.15300193956928,-2.63368761395441,0.930745568159528));
#6011=CARTESIAN_POINT('Ctrl Pts',(-1.13475316669942,-2.64160162681165,0.910858543185488));
#6012=CARTESIAN_POINT('Ctrl Pts',(-1.12317633731323,-2.64656197222457,0.902239542815409));
#6013=CARTESIAN_POINT('Ctrl Pts',(-1.09772369714721,-2.65721998378886,0.890810256369467));
#6014=CARTESIAN_POINT('Ctrl Pts',(-1.08384559924161,-2.66291221904466,0.888));
#6015=CARTESIAN_POINT('Ctrl Pts',(-1.05773874770444,-2.67338954200089,0.888));
#6016=CARTESIAN_POINT('Ctrl Pts',(-1.04377151076204,-2.67887225017793,0.89081193770043));
#6017=CARTESIAN_POINT('Ctrl Pts',(-1.01800280511342,-2.68877031154283,0.902244048962049));
#6018=CARTESIAN_POINT('Ctrl Pts',(-1.00620340253594,-2.69319117898951,0.910864104637619));
#6019=CARTESIAN_POINT('Ctrl Pts',(-0.987538916802749,-2.70009089819528,
0.930750408177375));
#6020=CARTESIAN_POINT('Ctrl Pts',(-0.979428601997386,-2.70303114003949,
0.943342293392587));
#6021=CARTESIAN_POINT('Ctrl Pts',(-0.968663194329245,-2.70690770925306,
0.97093466191859));
#6022=CARTESIAN_POINT('Ctrl Pts',(-0.96601048623416,-2.70784946784079,0.985935312293661));
#6023=CARTESIAN_POINT('Ctrl Pts',(-0.96601048623416,-2.70784946784079,0.999999999999999));
#6024=CARTESIAN_POINT('Ctrl Pts',(-0.96601048623416,-2.70784946784079,1.));
#6025=CARTESIAN_POINT('Ctrl Pts',(-0.96601048623416,-2.70784946784079,1.01406570549229));
#6026=CARTESIAN_POINT('Ctrl Pts',(-0.968663575325701,-2.70690757452194,
1.0290673715603));
#6027=CARTESIAN_POINT('Ctrl Pts',(-0.979430412950035,-2.70303048546025,
1.0566612910068));
#6028=CARTESIAN_POINT('Ctrl Pts',(-0.987541776109065,-2.70008985706312,
1.069253711496));
#6029=CARTESIAN_POINT('Ctrl Pts',(-1.00620726352823,-2.69318973581411,1.08913893537021));
#6030=CARTESIAN_POINT('Ctrl Pts',(-1.01800615713562,-2.68876903843862,1.09775787457272));
#6031=CARTESIAN_POINT('Ctrl Pts',(-1.04377340428653,-2.67887150840334,1.1091884658271));
#6032=CARTESIAN_POINT('Ctrl Pts',(-1.05773969224484,-2.67338916293354,1.112));
#6033=CARTESIAN_POINT('Ctrl Pts',(-1.08384612594539,-2.66291200766545,1.112));
#6034=CARTESIAN_POINT('Ctrl Pts',(-1.09772474606357,-2.65721955271729,1.10918951863558));
#6035=CARTESIAN_POINT('Ctrl Pts',(-1.12317817852402,-2.64656119308643,1.09775938436517));
#6036=CARTESIAN_POINT('Ctrl Pts',(-1.13475527833158,-2.64160072009425,1.08913976117158));
#6037=CARTESIAN_POINT('Ctrl Pts',(-1.15300349226548,-2.63368693154677,1.06925213404879));
#6038=CARTESIAN_POINT('Ctrl Pts',(-1.160891542548,-2.63020693268071,1.05665839986676));
#6039=CARTESIAN_POINT('Ctrl Pts',(-1.17134248010084,-2.62556936236831,1.02906419675654));
#6040=CARTESIAN_POINT('Ctrl Pts',(-1.17390758856638,-2.62441726360468,1.014063649636));
#6041=CARTESIAN_POINT('Ctrl Pts',(-1.17390758856638,-2.62441726360468,1.));
#6042=CARTESIAN_POINT('',(-1.17390758856638,-2.62441726360468,4.5));
#6043=CARTESIAN_POINT('',(-0.966010486234164,-2.70784946784079,4.5));
#6044=CARTESIAN_POINT('Ctrl Pts',(-1.17390758856638,-2.62441726360468,4.5));
#6045=CARTESIAN_POINT('Ctrl Pts',(-1.17390758856638,-2.62441726360468,4.48593578283517));
#6046=CARTESIAN_POINT('Ctrl Pts',(-1.1713422748578,-2.62556945485643,4.47093466922366));
#6047=CARTESIAN_POINT('Ctrl Pts',(-1.16089056112117,-2.63020736677341,4.44333960098851));
#6048=CARTESIAN_POINT('Ctrl Pts',(-1.15300193956928,-2.63368761395441,4.43074556815953));
#6049=CARTESIAN_POINT('Ctrl Pts',(-1.13475316669943,-2.64160162681165,4.41085854318549));
#6050=CARTESIAN_POINT('Ctrl Pts',(-1.12317633731324,-2.64656197222457,4.40223954281541));
#6051=CARTESIAN_POINT('Ctrl Pts',(-1.09772369714722,-2.65721998378886,4.39081025636947));
#6052=CARTESIAN_POINT('Ctrl Pts',(-1.08384559924162,-2.66291221904466,4.388));
#6053=CARTESIAN_POINT('Ctrl Pts',(-1.05773874770444,-2.67338954200088,4.388));
#6054=CARTESIAN_POINT('Ctrl Pts',(-1.04377151076204,-2.67887225017793,4.39081193770043));
#6055=CARTESIAN_POINT('Ctrl Pts',(-1.01800280511343,-2.68877031154283,4.40224404896205));
#6056=CARTESIAN_POINT('Ctrl Pts',(-1.00620340253595,-2.69319117898951,4.41086410463762));
#6057=CARTESIAN_POINT('Ctrl Pts',(-0.987538916802752,-2.70009089819528,
4.43075040817737));
#6058=CARTESIAN_POINT('Ctrl Pts',(-0.979428601997389,-2.70303114003949,
4.44334229339259));
#6059=CARTESIAN_POINT('Ctrl Pts',(-0.968663194329249,-2.70690770925306,
4.47093466191859));
#6060=CARTESIAN_POINT('Ctrl Pts',(-0.966010486234164,-2.70784946784079,
4.48593531229366));
#6061=CARTESIAN_POINT('Ctrl Pts',(-0.966010486234164,-2.70784946784079,
4.5));
#6062=CARTESIAN_POINT('Ctrl Pts',(-0.966010486234164,-2.70784946784079,
4.5));
#6063=CARTESIAN_POINT('Ctrl Pts',(-0.966010486234164,-2.70784946784079,
4.51406468770634));
#6064=CARTESIAN_POINT('Ctrl Pts',(-0.968663194329249,-2.70690770925306,
4.52906533808141));
#6065=CARTESIAN_POINT('Ctrl Pts',(-0.979428601997389,-2.70303114003949,
4.55665770660741));
#6066=CARTESIAN_POINT('Ctrl Pts',(-0.987538916802752,-2.70009089819528,
4.56924959182263));
#6067=CARTESIAN_POINT('Ctrl Pts',(-1.00620340253595,-2.69319117898951,4.58913589536238));
#6068=CARTESIAN_POINT('Ctrl Pts',(-1.01800280511343,-2.68877031154283,4.59775595103795));
#6069=CARTESIAN_POINT('Ctrl Pts',(-1.04377151076204,-2.67887225017793,4.60918806229957));
#6070=CARTESIAN_POINT('Ctrl Pts',(-1.05773874770444,-2.67338954200088,4.612));
#6071=CARTESIAN_POINT('Ctrl Pts',(-1.08384559924162,-2.66291221904466,4.612));
#6072=CARTESIAN_POINT('Ctrl Pts',(-1.09772369714722,-2.65721998378886,4.60918974363053));
#6073=CARTESIAN_POINT('Ctrl Pts',(-1.12317633731324,-2.64656197222457,4.59776045718459));
#6074=CARTESIAN_POINT('Ctrl Pts',(-1.13475316669943,-2.64160162681165,4.58914145681451));
#6075=CARTESIAN_POINT('Ctrl Pts',(-1.15300193956928,-2.63368761395441,4.56925443184047));
#6076=CARTESIAN_POINT('Ctrl Pts',(-1.16089056112117,-2.63020736677341,4.55666039901149));
#6077=CARTESIAN_POINT('Ctrl Pts',(-1.1713422748578,-2.62556945485643,4.52906533077633));
#6078=CARTESIAN_POINT('Ctrl Pts',(-1.17390758856638,-2.62441726360468,4.51406421716483));
#6079=CARTESIAN_POINT('Ctrl Pts',(-1.17390758856638,-2.62441726360468,4.5));
#6080=CARTESIAN_POINT('',(2.82807167189138,-0.517335112519453,2.75));
#6081=CARTESIAN_POINT('',(2.85976581469528,-0.295574838408526,2.75));
#6082=CARTESIAN_POINT('Ctrl Pts',(2.82807167189138,-0.517335112519454,2.75));
#6083=CARTESIAN_POINT('Ctrl Pts',(2.82807167189138,-0.517335112519454,2.73593531229366));
#6084=CARTESIAN_POINT('Ctrl Pts',(2.82858243907772,-0.514566920626424,2.72093466191859));
#6085=CARTESIAN_POINT('Ctrl Pts',(2.83060793549331,-0.503305519496933,2.69334229339259));
#6086=CARTESIAN_POINT('Ctrl Pts',(2.83211676876563,-0.494811659920694,2.68075040817737));
#6087=CARTESIAN_POINT('Ctrl Pts',(2.83547367952105,-0.475197881524288,2.66086410463762));
#6088=CARTESIAN_POINT('Ctrl Pts',(2.8375447972942,-0.462768865419372,2.65224404896205));
#6089=CARTESIAN_POINT('Ctrl Pts',(2.84185717752829,-0.435503481022579,2.64081193770043));
#6090=CARTESIAN_POINT('Ctrl Pts',(2.84409263143663,-0.42066614492126,2.638));
#6091=CARTESIAN_POINT('Ctrl Pts',(2.84807242936147,-0.392818286799123,2.638));
#6092=CARTESIAN_POINT('Ctrl Pts',(2.85008185797843,-0.377953383828768,2.64081025636947));
#6093=CARTESIAN_POINT('Ctrl Pts',(2.85357806929294,-0.350581745069463,2.65223954281541));
#6094=CARTESIAN_POINT('Ctrl Pts',(2.8550706988469,-0.338075744019286,2.66085854318549));
#6095=CARTESIAN_POINT('Ctrl Pts',(2.85734134910158,-0.318314836697482,2.68074556815953));
#6096=CARTESIAN_POINT('Ctrl Pts',(2.85827167740733,-0.309742966442208,2.69333960098851));
#6097=CARTESIAN_POINT('Ctrl Pts',(2.85948098473503,-0.298372560874708,2.72093466922366));
#6098=CARTESIAN_POINT('Ctrl Pts',(2.85976581469528,-0.295574838408526,2.73593578283517));
#6099=CARTESIAN_POINT('Ctrl Pts',(2.85976581469528,-0.295574838408526,2.75));
#6100=CARTESIAN_POINT('Ctrl Pts',(2.85976581469528,-0.295574838408526,2.75));
#6101=CARTESIAN_POINT('Ctrl Pts',(2.85976581469528,-0.295574838408526,2.76406421716483));
#6102=CARTESIAN_POINT('Ctrl Pts',(2.85948098473503,-0.298372560874708,2.77906533077633));
#6103=CARTESIAN_POINT('Ctrl Pts',(2.85827167740733,-0.309742966442208,2.80666039901149));
#6104=CARTESIAN_POINT('Ctrl Pts',(2.85734134910158,-0.318314836697482,2.81925443184047));
#6105=CARTESIAN_POINT('Ctrl Pts',(2.8550706988469,-0.338075744019286,2.83914145681451));
#6106=CARTESIAN_POINT('Ctrl Pts',(2.85357806929294,-0.350581745069462,2.84776045718459));
#6107=CARTESIAN_POINT('Ctrl Pts',(2.85008185797843,-0.377953383828767,2.85918974363053));
#6108=CARTESIAN_POINT('Ctrl Pts',(2.84807242936147,-0.392818286799123,2.862));
#6109=CARTESIAN_POINT('Ctrl Pts',(2.84409263143663,-0.42066614492126,2.862));
#6110=CARTESIAN_POINT('Ctrl Pts',(2.84185717752829,-0.435503481022579,2.85918806229957));
#6111=CARTESIAN_POINT('Ctrl Pts',(2.8375447972942,-0.462768865419372,2.84775595103795));
#6112=CARTESIAN_POINT('Ctrl Pts',(2.83547367952105,-0.475197881524288,2.83913589536238));
#6113=CARTESIAN_POINT('Ctrl Pts',(2.83211676876563,-0.494811659920694,2.81924959182262));
#6114=CARTESIAN_POINT('Ctrl Pts',(2.83060793549331,-0.503305519496933,2.80665770660741));
#6115=CARTESIAN_POINT('Ctrl Pts',(2.82858243907772,-0.514566920626424,2.77906533808141));
#6116=CARTESIAN_POINT('Ctrl Pts',(2.82807167189138,-0.517335112519454,2.76406468770634));
#6117=CARTESIAN_POINT('Ctrl Pts',(2.82807167189138,-0.517335112519454,2.75));
#6118=CARTESIAN_POINT('',(2.82807167189138,-0.517335112519453,1.));
#6119=CARTESIAN_POINT('',(2.85976581469528,-0.295574838408526,1.));
#6120=CARTESIAN_POINT('Ctrl Pts',(2.82807167189138,-0.517335112519454,1.));
#6121=CARTESIAN_POINT('Ctrl Pts',(2.82807167189138,-0.517335112519454,0.985935312293661));
#6122=CARTESIAN_POINT('Ctrl Pts',(2.82858243907772,-0.514566920626424,0.97093466191859));
#6123=CARTESIAN_POINT('Ctrl Pts',(2.83060793549331,-0.503305519496933,0.943342293392587));
#6124=CARTESIAN_POINT('Ctrl Pts',(2.83211676876563,-0.494811659920694,0.930750408177375));
#6125=CARTESIAN_POINT('Ctrl Pts',(2.83547367952105,-0.475197881524288,0.910864104637619));
#6126=CARTESIAN_POINT('Ctrl Pts',(2.8375447972942,-0.462768865419372,0.902244048962049));
#6127=CARTESIAN_POINT('Ctrl Pts',(2.84185717752829,-0.435503481022579,0.89081193770043));
#6128=CARTESIAN_POINT('Ctrl Pts',(2.84409263143663,-0.42066614492126,0.888));
#6129=CARTESIAN_POINT('Ctrl Pts',(2.84807242936147,-0.392818286799123,0.888));
#6130=CARTESIAN_POINT('Ctrl Pts',(2.85008185797843,-0.377953383828767,0.890810256369467));
#6131=CARTESIAN_POINT('Ctrl Pts',(2.85357806929294,-0.350581745069463,0.902239542815409));
#6132=CARTESIAN_POINT('Ctrl Pts',(2.8550706988469,-0.338075744019286,0.910858543185488));
#6133=CARTESIAN_POINT('Ctrl Pts',(2.85734134910158,-0.318314836697482,0.930745568159528));
#6134=CARTESIAN_POINT('Ctrl Pts',(2.85827167740733,-0.309742966442208,0.943339600988511));
#6135=CARTESIAN_POINT('Ctrl Pts',(2.85948098473503,-0.298372560874708,0.970934669223664));
#6136=CARTESIAN_POINT('Ctrl Pts',(2.85976581469528,-0.295574838408526,0.985935782835169));
#6137=CARTESIAN_POINT('Ctrl Pts',(2.85976581469528,-0.295574838408526,1.));
#6138=CARTESIAN_POINT('Ctrl Pts',(2.85976581469528,-0.295574838408526,1.));
#6139=CARTESIAN_POINT('Ctrl Pts',(2.85976581469528,-0.295574838408526,1.014063649636));
#6140=CARTESIAN_POINT('Ctrl Pts',(2.85948100725949,-0.298372336884958,1.02906419675654));
#6141=CARTESIAN_POINT('Ctrl Pts',(2.85827179218544,-0.309741899455286,1.05665839986676));
#6142=CARTESIAN_POINT('Ctrl Pts',(2.85734153446733,-0.318313150819302,1.06925213404879));
#6143=CARTESIAN_POINT('Ctrl Pts',(2.85507096942268,-0.338073461933499,1.08913976117158));
#6144=CARTESIAN_POINT('Ctrl Pts',(2.85357831514491,-0.35057976096508,1.09775938436517));
#6145=CARTESIAN_POINT('Ctrl Pts',(2.85008200911769,-0.37795225990477,1.10918951863558));
#6146=CARTESIAN_POINT('Ctrl Pts',(2.8480725096536,-0.392817724970676,1.112));
#6147=CARTESIAN_POINT('Ctrl Pts',(2.84409277542488,-0.420665137391606,1.112));
#6148=CARTESIAN_POINT('Ctrl Pts',(2.8418574818949,-0.435501470294973,1.1091884658271));
#6149=CARTESIAN_POINT('Ctrl Pts',(2.83754537076471,-0.462765325930889,1.09775787457272));
#6150=CARTESIAN_POINT('Ctrl Pts',(2.83547436019063,-0.475193816219187,1.08913893537021));
#6151=CARTESIAN_POINT('Ctrl Pts',(2.83211729677188,-0.494808663122704,1.069253711496));
#6152=CARTESIAN_POINT('Ctrl Pts',(2.83060827408738,-0.503303623876314,1.0566612910068));
#6153=CARTESIAN_POINT('Ctrl Pts',(2.82858251289537,-0.514566523308254,1.0290673715603));
#6154=CARTESIAN_POINT('Ctrl Pts',(2.82807167189138,-0.517335112519455,1.01406570549229));
#6155=CARTESIAN_POINT('Ctrl Pts',(2.82807167189138,-0.517335112519454,0.999999999999999));
#6156=CARTESIAN_POINT('',(2.82807167189138,-0.517335112519453,4.5));
#6157=CARTESIAN_POINT('',(2.85976581469528,-0.295574838408526,4.5));
#6158=CARTESIAN_POINT('Ctrl Pts',(2.82807167189138,-0.517335112519454,4.5));
#6159=CARTESIAN_POINT('Ctrl Pts',(2.82807167189138,-0.517335112519454,4.48593531229366));
#6160=CARTESIAN_POINT('Ctrl Pts',(2.82858243907772,-0.514566920626424,4.47093466191859));
#6161=CARTESIAN_POINT('Ctrl Pts',(2.83060793549331,-0.503305519496933,4.44334229339259));
#6162=CARTESIAN_POINT('Ctrl Pts',(2.83211676876563,-0.494811659920694,4.43075040817737));
#6163=CARTESIAN_POINT('Ctrl Pts',(2.83547367952105,-0.475197881524287,4.41086410463762));
#6164=CARTESIAN_POINT('Ctrl Pts',(2.8375447972942,-0.462768865419372,4.40224404896205));
#6165=CARTESIAN_POINT('Ctrl Pts',(2.84185717752829,-0.435503481022579,4.39081193770043));
#6166=CARTESIAN_POINT('Ctrl Pts',(2.84409263143663,-0.42066614492126,4.388));
#6167=CARTESIAN_POINT('Ctrl Pts',(2.84807242936147,-0.392818286799123,4.388));
#6168=CARTESIAN_POINT('Ctrl Pts',(2.85008185797843,-0.377953383828768,4.39081025636947));
#6169=CARTESIAN_POINT('Ctrl Pts',(2.85357806929294,-0.350581745069463,4.40223954281541));
#6170=CARTESIAN_POINT('Ctrl Pts',(2.8550706988469,-0.338075744019286,4.41085854318549));
#6171=CARTESIAN_POINT('Ctrl Pts',(2.85734134910158,-0.318314836697482,4.43074556815953));
#6172=CARTESIAN_POINT('Ctrl Pts',(2.85827167740733,-0.309742966442208,4.44333960098851));
#6173=CARTESIAN_POINT('Ctrl Pts',(2.85948098473503,-0.298372560874708,4.47093466922366));
#6174=CARTESIAN_POINT('Ctrl Pts',(2.85976581469528,-0.295574838408526,4.48593578283517));
#6175=CARTESIAN_POINT('Ctrl Pts',(2.85976581469528,-0.295574838408526,4.5));
#6176=CARTESIAN_POINT('Ctrl Pts',(2.85976581469528,-0.295574838408526,4.5));
#6177=CARTESIAN_POINT('Ctrl Pts',(2.85976581469528,-0.295574838408526,4.51406421716483));
#6178=CARTESIAN_POINT('Ctrl Pts',(2.85948098473503,-0.298372560874708,4.52906533077633));
#6179=CARTESIAN_POINT('Ctrl Pts',(2.85827167740733,-0.309742966442208,4.55666039901149));
#6180=CARTESIAN_POINT('Ctrl Pts',(2.85734134910158,-0.318314836697482,4.56925443184047));
#6181=CARTESIAN_POINT('Ctrl Pts',(2.8550706988469,-0.338075744019286,4.58914145681451));
#6182=CARTESIAN_POINT('Ctrl Pts',(2.85357806929294,-0.350581745069463,4.59776045718459));
#6183=CARTESIAN_POINT('Ctrl Pts',(2.85008185797843,-0.377953383828768,4.60918974363053));
#6184=CARTESIAN_POINT('Ctrl Pts',(2.84807242936147,-0.392818286799123,4.612));
#6185=CARTESIAN_POINT('Ctrl Pts',(2.84409263143663,-0.42066614492126,4.612));
#6186=CARTESIAN_POINT('Ctrl Pts',(2.84185717752829,-0.435503481022579,4.60918806229957));
#6187=CARTESIAN_POINT('Ctrl Pts',(2.8375447972942,-0.462768865419372,4.59775595103795));
#6188=CARTESIAN_POINT('Ctrl Pts',(2.83547367952105,-0.475197881524287,4.58913589536238));
#6189=CARTESIAN_POINT('Ctrl Pts',(2.83211676876563,-0.494811659920694,4.56924959182263));
#6190=CARTESIAN_POINT('Ctrl Pts',(2.83060793549331,-0.503305519496933,4.55665770660741));
#6191=CARTESIAN_POINT('Ctrl Pts',(2.82858243907772,-0.514566920626424,4.52906533808141));
#6192=CARTESIAN_POINT('Ctrl Pts',(2.82807167189138,-0.517335112519454,4.51406468770634));
#6193=CARTESIAN_POINT('Ctrl Pts',(2.82807167189138,-0.517335112519454,4.5));
#6194=CARTESIAN_POINT('',(1.6858582261289,-2.32884242519616,2.75));
#6195=CARTESIAN_POINT('',(1.86206118565722,-2.19051435532133,2.75));
#6196=CARTESIAN_POINT('Ctrl Pts',(1.68585822612891,-2.32884242519615,2.75));
#6197=CARTESIAN_POINT('Ctrl Pts',(1.68585822612891,-2.32884242519615,2.73593578283517));
#6198=CARTESIAN_POINT('Ctrl Pts',(1.68813870987724,-2.32719689398172,2.72093466922366));
#6199=CARTESIAN_POINT('Ctrl Pts',(1.69738111628617,-2.3204644003312,2.69333960098851));
#6200=CARTESIAN_POINT('Ctrl Pts',(1.70433940953231,-2.31537277725693,2.68074556815953));
#6201=CARTESIAN_POINT('Ctrl Pts',(1.72031753214748,-2.30352588279236,2.66085854318549));
#6202=CARTESIAN_POINT('Ctrl Pts',(1.73040173197971,-2.2959802271551,2.65223954281541));
#6203=CARTESIAN_POINT('Ctrl Pts',(1.75235816083122,-2.27926659996009,2.64081025636947));
#6204=CARTESIAN_POINT('Ctrl Pts',(1.76422683011986,-2.27009393224553,2.638));
#6205=CARTESIAN_POINT('Ctrl Pts',(1.7863538837322,-2.25272339707962,2.638));
#6206=CARTESIAN_POINT('Ctrl Pts',(1.79808566676626,-2.24336876915535,2.64081193770043));
#6207=CARTESIAN_POINT('Ctrl Pts',(1.81954199218078,-2.22600144612346,2.65224404896205));
#6208=CARTESIAN_POINT('Ctrl Pts',(1.82927027698511,-2.21799329746522,2.66086410463762));
#6209=CARTESIAN_POINT('Ctrl Pts',(1.84457785196289,-2.20527923827458,2.68075040817737));
#6210=CARTESIAN_POINT('Ctrl Pts',(1.85117933349592,-2.19972562054256,2.69334229339259));
#6211=CARTESIAN_POINT('Ctrl Pts',(1.85991924474848,-2.19234078862664,2.72093466191859));
#6212=CARTESIAN_POINT('Ctrl Pts',(1.86206118565722,-2.19051435532133,2.73593531229366));
#6213=CARTESIAN_POINT('Ctrl Pts',(1.86206118565722,-2.19051435532133,2.75));
#6214=CARTESIAN_POINT('Ctrl Pts',(1.86206118565722,-2.19051435532133,2.75));
#6215=CARTESIAN_POINT('Ctrl Pts',(1.86206118565722,-2.19051435532133,2.76406468770634));
#6216=CARTESIAN_POINT('Ctrl Pts',(1.85991924474848,-2.19234078862664,2.77906533808141));
#6217=CARTESIAN_POINT('Ctrl Pts',(1.85117933349592,-2.19972562054256,2.80665770660741));
#6218=CARTESIAN_POINT('Ctrl Pts',(1.84457785196289,-2.20527923827458,2.81924959182262));
#6219=CARTESIAN_POINT('Ctrl Pts',(1.82927027698511,-2.21799329746522,2.83913589536238));
#6220=CARTESIAN_POINT('Ctrl Pts',(1.81954199218078,-2.22600144612346,2.84775595103795));
#6221=CARTESIAN_POINT('Ctrl Pts',(1.79808566676626,-2.24336876915535,2.85918806229957));
#6222=CARTESIAN_POINT('Ctrl Pts',(1.7863538837322,-2.25272339707962,2.862));
#6223=CARTESIAN_POINT('Ctrl Pts',(1.76422683011986,-2.27009393224553,2.862));
#6224=CARTESIAN_POINT('Ctrl Pts',(1.75235816083122,-2.27926659996009,2.85918974363053));
#6225=CARTESIAN_POINT('Ctrl Pts',(1.73040173197971,-2.2959802271551,2.84776045718459));
#6226=CARTESIAN_POINT('Ctrl Pts',(1.72031753214748,-2.30352588279236,2.83914145681451));
#6227=CARTESIAN_POINT('Ctrl Pts',(1.70433940953231,-2.31537277725693,2.81925443184047));
#6228=CARTESIAN_POINT('Ctrl Pts',(1.69738111628617,-2.3204644003312,2.80666039901149));
#6229=CARTESIAN_POINT('Ctrl Pts',(1.68813870987724,-2.32719689398172,2.77906533077633));
#6230=CARTESIAN_POINT('Ctrl Pts',(1.68585822612891,-2.32884242519615,2.76406421716483));
#6231=CARTESIAN_POINT('Ctrl Pts',(1.68585822612891,-2.32884242519615,2.75));
#6232=CARTESIAN_POINT('',(1.6858582261289,-2.32884242519616,1.));
#6233=CARTESIAN_POINT('',(1.86206118565722,-2.19051435532133,1.));
#6234=CARTESIAN_POINT('Ctrl Pts',(1.68585822612891,-2.32884242519615,1.));
#6235=CARTESIAN_POINT('Ctrl Pts',(1.68585822612891,-2.32884242519615,0.98593578283517));
#6236=CARTESIAN_POINT('Ctrl Pts',(1.68813870987724,-2.32719689398172,0.970934669223665));
#6237=CARTESIAN_POINT('Ctrl Pts',(1.69738111628617,-2.3204644003312,0.943339600988511));
#6238=CARTESIAN_POINT('Ctrl Pts',(1.70433940953231,-2.31537277725693,0.930745568159529));
#6239=CARTESIAN_POINT('Ctrl Pts',(1.72031753214748,-2.30352588279236,0.910858543185488));
#6240=CARTESIAN_POINT('Ctrl Pts',(1.73040173197971,-2.2959802271551,0.90223954281541));
#6241=CARTESIAN_POINT('Ctrl Pts',(1.75235816083122,-2.27926659996009,0.890810256369468));
#6242=CARTESIAN_POINT('Ctrl Pts',(1.76422683011986,-2.27009393224553,0.888000000000001));
#6243=CARTESIAN_POINT('Ctrl Pts',(1.7863538837322,-2.25272339707962,0.888000000000001));
#6244=CARTESIAN_POINT('Ctrl Pts',(1.79808566676626,-2.24336876915535,0.89081193770043));
#6245=CARTESIAN_POINT('Ctrl Pts',(1.81954199218078,-2.22600144612346,0.902244048962049));
#6246=CARTESIAN_POINT('Ctrl Pts',(1.82927027698511,-2.21799329746522,0.910864104637619));
#6247=CARTESIAN_POINT('Ctrl Pts',(1.84457785196289,-2.20527923827458,0.930750408177375));
#6248=CARTESIAN_POINT('Ctrl Pts',(1.85117933349592,-2.19972562054256,0.943342293392587));
#6249=CARTESIAN_POINT('Ctrl Pts',(1.85991924474848,-2.19234078862664,0.97093466191859));
#6250=CARTESIAN_POINT('Ctrl Pts',(1.86206118565722,-2.19051435532133,0.985935312293661));
#6251=CARTESIAN_POINT('Ctrl Pts',(1.86206118565722,-2.19051435532133,1.));
#6252=CARTESIAN_POINT('Ctrl Pts',(1.86206118565722,-2.19051435532133,1.));
#6253=CARTESIAN_POINT('Ctrl Pts',(1.86206118565722,-2.19051435532133,1.01406570549229));
#6254=CARTESIAN_POINT('Ctrl Pts',(1.85991893756967,-2.19234105121369,1.0290673715603));
#6255=CARTESIAN_POINT('Ctrl Pts',(1.85117786113735,-2.19972686158394,1.0566612910068));
#6256=CARTESIAN_POINT('Ctrl Pts',(1.84457552066282,-2.20528119394041,1.069253711496));
#6257=CARTESIAN_POINT('Ctrl Pts',(1.82926709666241,-2.21799591959492,1.08913893537021));
#6258=CARTESIAN_POINT('Ctrl Pts',(1.8195392136291,-2.22600371250773,1.09775787457272));
#6259=CARTESIAN_POINT('Ctrl Pts',(1.79808407760837,-2.24337003810837,1.1091884658271));
#6260=CARTESIAN_POINT('Ctrl Pts',(1.78635308318005,-2.25272402554193,1.112));
#6261=CARTESIAN_POINT('Ctrl Pts',(1.76422638370822,-2.27009428269478,1.112));
#6262=CARTESIAN_POINT('Ctrl Pts',(1.75235726305412,-2.27926729281252,1.10918951863558));
#6263=CARTESIAN_POINT('Ctrl Pts',(1.73040013662089,-2.29598143212134,1.09775938436517));
#6264=CARTESIAN_POINT('Ctrl Pts',(1.7203156910911,-2.30352725816075,1.08913976117158));
#6265=CARTESIAN_POINT('Ctrl Pts',(1.70433804220185,-2.31537378072746,1.06925213404879));
#6266=CARTESIAN_POINT('Ctrl Pts',(1.69738024963745,-2.32046503322542,1.05665839986676));
#6267=CARTESIAN_POINT('Ctrl Pts',(1.68813852715865,-2.32719702548335,1.02906419675655));
#6268=CARTESIAN_POINT('Ctrl Pts',(1.68585822612891,-2.32884242519615,1.014063649636));
#6269=CARTESIAN_POINT('Ctrl Pts',(1.68585822612891,-2.32884242519615,0.999999999999999));
#6270=CARTESIAN_POINT('',(1.6858582261289,-2.32884242519616,4.5));
#6271=CARTESIAN_POINT('',(1.86206118565722,-2.19051435532133,4.5));
#6272=CARTESIAN_POINT('Ctrl Pts',(1.68585822612891,-2.32884242519615,4.5));
#6273=CARTESIAN_POINT('Ctrl Pts',(1.68585822612891,-2.32884242519615,4.48593578283517));
#6274=CARTESIAN_POINT('Ctrl Pts',(1.68813870987724,-2.32719689398172,4.47093466922366));
#6275=CARTESIAN_POINT('Ctrl Pts',(1.69738111628617,-2.3204644003312,4.44333960098851));
#6276=CARTESIAN_POINT('Ctrl Pts',(1.70433940953231,-2.31537277725693,4.43074556815953));
#6277=CARTESIAN_POINT('Ctrl Pts',(1.72031753214748,-2.30352588279236,4.41085854318549));
#6278=CARTESIAN_POINT('Ctrl Pts',(1.73040173197971,-2.2959802271551,4.40223954281541));
#6279=CARTESIAN_POINT('Ctrl Pts',(1.75235816083122,-2.27926659996009,4.39081025636947));
#6280=CARTESIAN_POINT('Ctrl Pts',(1.76422683011986,-2.27009393224553,4.388));
#6281=CARTESIAN_POINT('Ctrl Pts',(1.7863538837322,-2.25272339707962,4.388));
#6282=CARTESIAN_POINT('Ctrl Pts',(1.79808566676626,-2.24336876915535,4.39081193770043));
#6283=CARTESIAN_POINT('Ctrl Pts',(1.81954199218078,-2.22600144612346,4.40224404896205));
#6284=CARTESIAN_POINT('Ctrl Pts',(1.82927027698511,-2.21799329746522,4.41086410463762));
#6285=CARTESIAN_POINT('Ctrl Pts',(1.84457785196289,-2.20527923827458,4.43075040817737));
#6286=CARTESIAN_POINT('Ctrl Pts',(1.85117933349592,-2.19972562054256,4.44334229339259));
#6287=CARTESIAN_POINT('Ctrl Pts',(1.85991924474848,-2.19234078862664,4.47093466191859));
#6288=CARTESIAN_POINT('Ctrl Pts',(1.86206118565722,-2.19051435532133,4.48593531229366));
#6289=CARTESIAN_POINT('Ctrl Pts',(1.86206118565722,-2.19051435532133,4.5));
#6290=CARTESIAN_POINT('Ctrl Pts',(1.86206118565722,-2.19051435532133,4.5));
#6291=CARTESIAN_POINT('Ctrl Pts',(1.86206118565722,-2.19051435532133,4.51406468770634));
#6292=CARTESIAN_POINT('Ctrl Pts',(1.85991924474848,-2.19234078862664,4.52906533808141));
#6293=CARTESIAN_POINT('Ctrl Pts',(1.85117933349592,-2.19972562054256,4.55665770660741));
#6294=CARTESIAN_POINT('Ctrl Pts',(1.84457785196289,-2.20527923827458,4.56924959182263));
#6295=CARTESIAN_POINT('Ctrl Pts',(1.82927027698511,-2.21799329746522,4.58913589536238));
#6296=CARTESIAN_POINT('Ctrl Pts',(1.81954199218078,-2.22600144612346,4.59775595103795));
#6297=CARTESIAN_POINT('Ctrl Pts',(1.79808566676626,-2.24336876915535,4.60918806229957));
#6298=CARTESIAN_POINT('Ctrl Pts',(1.7863538837322,-2.25272339707962,4.612));
#6299=CARTESIAN_POINT('Ctrl Pts',(1.76422683011986,-2.27009393224553,4.612));
#6300=CARTESIAN_POINT('Ctrl Pts',(1.75235816083122,-2.27926659996009,4.60918974363053));
#6301=CARTESIAN_POINT('Ctrl Pts',(1.73040173197971,-2.2959802271551,4.59776045718459));
#6302=CARTESIAN_POINT('Ctrl Pts',(1.72031753214748,-2.30352588279236,4.58914145681451));
#6303=CARTESIAN_POINT('Ctrl Pts',(1.70433940953231,-2.31537277725693,4.56925443184047));
#6304=CARTESIAN_POINT('Ctrl Pts',(1.69738111628617,-2.3204644003312,4.55666039901149));
#6305=CARTESIAN_POINT('Ctrl Pts',(1.68813870987724,-2.32719689398172,4.52906533077633));
#6306=CARTESIAN_POINT('Ctrl Pts',(1.68585822612891,-2.32884242519615,4.51406421716483));
#6307=CARTESIAN_POINT('Ctrl Pts',(1.68585822612891,-2.32884242519615,4.5));
#6308=CARTESIAN_POINT('',(1.86206118565722,2.19051435532133,2.75));
#6309=CARTESIAN_POINT('',(1.68585822612891,2.32884242519615,2.75));
#6310=CARTESIAN_POINT('Ctrl Pts',(1.86206118565722,2.19051435532133,2.75));
#6311=CARTESIAN_POINT('Ctrl Pts',(1.86206118565722,2.19051435532133,2.73593531229366));
#6312=CARTESIAN_POINT('Ctrl Pts',(1.85991924474848,2.19234078862664,2.72093466191859));
#6313=CARTESIAN_POINT('Ctrl Pts',(1.85117933349593,2.19972562054256,2.69334229339259));
#6314=CARTESIAN_POINT('Ctrl Pts',(1.84457785196289,2.20527923827458,2.68075040817737));
#6315=CARTESIAN_POINT('Ctrl Pts',(1.82927027698511,2.21799329746522,2.66086410463762));
#6316=CARTESIAN_POINT('Ctrl Pts',(1.81954199218078,2.22600144612346,2.65224404896205));
#6317=CARTESIAN_POINT('Ctrl Pts',(1.79808566676626,2.24336876915535,2.64081193770043));
#6318=CARTESIAN_POINT('Ctrl Pts',(1.7863538837322,2.25272339707962,2.638));
#6319=CARTESIAN_POINT('Ctrl Pts',(1.76422683011986,2.27009393224553,2.638));
#6320=CARTESIAN_POINT('Ctrl Pts',(1.75235816083122,2.27926659996009,2.64081025636947));
#6321=CARTESIAN_POINT('Ctrl Pts',(1.73040173197971,2.2959802271551,2.65223954281541));
#6322=CARTESIAN_POINT('Ctrl Pts',(1.72031753214748,2.30352588279236,2.66085854318549));
#6323=CARTESIAN_POINT('Ctrl Pts',(1.70433940953231,2.31537277725693,2.68074556815953));
#6324=CARTESIAN_POINT('Ctrl Pts',(1.69738111628617,2.3204644003312,2.69333960098851));
#6325=CARTESIAN_POINT('Ctrl Pts',(1.68813870987724,2.32719689398172,2.72093466922366));
#6326=CARTESIAN_POINT('Ctrl Pts',(1.68585822612891,2.32884242519615,2.73593578283517));
#6327=CARTESIAN_POINT('Ctrl Pts',(1.68585822612891,2.32884242519615,2.75));
#6328=CARTESIAN_POINT('Ctrl Pts',(1.68585822612891,2.32884242519615,2.75));
#6329=CARTESIAN_POINT('Ctrl Pts',(1.68585822612891,2.32884242519615,2.76406421716483));
#6330=CARTESIAN_POINT('Ctrl Pts',(1.68813870987724,2.32719689398172,2.77906533077633));
#6331=CARTESIAN_POINT('Ctrl Pts',(1.69738111628617,2.3204644003312,2.80666039901149));
#6332=CARTESIAN_POINT('Ctrl Pts',(1.70433940953231,2.31537277725693,2.81925443184047));
#6333=CARTESIAN_POINT('Ctrl Pts',(1.72031753214748,2.30352588279236,2.83914145681451));
#6334=CARTESIAN_POINT('Ctrl Pts',(1.73040173197971,2.2959802271551,2.84776045718459));
#6335=CARTESIAN_POINT('Ctrl Pts',(1.75235816083122,2.27926659996009,2.85918974363053));
#6336=CARTESIAN_POINT('Ctrl Pts',(1.76422683011986,2.27009393224553,2.862));
#6337=CARTESIAN_POINT('Ctrl Pts',(1.7863538837322,2.25272339707962,2.862));
#6338=CARTESIAN_POINT('Ctrl Pts',(1.79808566676626,2.24336876915535,2.85918806229957));
#6339=CARTESIAN_POINT('Ctrl Pts',(1.81954199218078,2.22600144612346,2.84775595103795));
#6340=CARTESIAN_POINT('Ctrl Pts',(1.82927027698511,2.21799329746522,2.83913589536238));
#6341=CARTESIAN_POINT('Ctrl Pts',(1.84457785196289,2.20527923827458,2.81924959182262));
#6342=CARTESIAN_POINT('Ctrl Pts',(1.85117933349593,2.19972562054256,2.80665770660741));
#6343=CARTESIAN_POINT('Ctrl Pts',(1.85991924474848,2.19234078862664,2.77906533808141));
#6344=CARTESIAN_POINT('Ctrl Pts',(1.86206118565722,2.19051435532133,2.76406468770634));
#6345=CARTESIAN_POINT('Ctrl Pts',(1.86206118565722,2.19051435532133,2.75));
#6346=CARTESIAN_POINT('',(1.86206118565722,2.19051435532133,1.));
#6347=CARTESIAN_POINT('',(1.68585822612891,2.32884242519615,1.));
#6348=CARTESIAN_POINT('Ctrl Pts',(1.86206118565722,2.19051435532133,1.));
#6349=CARTESIAN_POINT('Ctrl Pts',(1.86206118565722,2.19051435532133,0.985935312293661));
#6350=CARTESIAN_POINT('Ctrl Pts',(1.85991924474848,2.19234078862664,0.97093466191859));
#6351=CARTESIAN_POINT('Ctrl Pts',(1.85117933349593,2.19972562054256,0.943342293392587));
#6352=CARTESIAN_POINT('Ctrl Pts',(1.84457785196289,2.20527923827458,0.930750408177375));
#6353=CARTESIAN_POINT('Ctrl Pts',(1.82927027698511,2.21799329746522,0.910864104637619));
#6354=CARTESIAN_POINT('Ctrl Pts',(1.81954199218078,2.22600144612346,0.902244048962049));
#6355=CARTESIAN_POINT('Ctrl Pts',(1.79808566676626,2.24336876915535,0.89081193770043));
#6356=CARTESIAN_POINT('Ctrl Pts',(1.7863538837322,2.25272339707962,0.888));
#6357=CARTESIAN_POINT('Ctrl Pts',(1.76422683011986,2.27009393224553,0.888));
#6358=CARTESIAN_POINT('Ctrl Pts',(1.75235816083122,2.27926659996009,0.890810256369467));
#6359=CARTESIAN_POINT('Ctrl Pts',(1.73040173197971,2.2959802271551,0.902239542815409));
#6360=CARTESIAN_POINT('Ctrl Pts',(1.72031753214748,2.30352588279236,0.910858543185488));
#6361=CARTESIAN_POINT('Ctrl Pts',(1.70433940953231,2.31537277725693,0.930745568159528));
#6362=CARTESIAN_POINT('Ctrl Pts',(1.69738111628617,2.3204644003312,0.943339600988511));
#6363=CARTESIAN_POINT('Ctrl Pts',(1.68813870987724,2.32719689398172,0.970934669223665));
#6364=CARTESIAN_POINT('Ctrl Pts',(1.68585822612891,2.32884242519615,0.985935782835169));
#6365=CARTESIAN_POINT('Ctrl Pts',(1.68585822612891,2.32884242519615,1.));
#6366=CARTESIAN_POINT('Ctrl Pts',(1.68585822612891,2.32884242519615,1.));
#6367=CARTESIAN_POINT('Ctrl Pts',(1.68585822612891,2.32884242519615,1.014063649636));
#6368=CARTESIAN_POINT('Ctrl Pts',(1.68813852715865,2.32719702548335,1.02906419675654));
#6369=CARTESIAN_POINT('Ctrl Pts',(1.69738024963745,2.32046503322542,1.05665839986676));
#6370=CARTESIAN_POINT('Ctrl Pts',(1.70433804220185,2.31537378072746,1.06925213404879));
#6371=CARTESIAN_POINT('Ctrl Pts',(1.72031569109111,2.30352725816075,1.08913976117158));
#6372=CARTESIAN_POINT('Ctrl Pts',(1.73040013662089,2.29598143212134,1.09775938436518));
#6373=CARTESIAN_POINT('Ctrl Pts',(1.75235726305412,2.27926729281252,1.10918951863558));
#6374=CARTESIAN_POINT('Ctrl Pts',(1.76422638370822,2.27009428269477,1.112));
#6375=CARTESIAN_POINT('Ctrl Pts',(1.78635308318005,2.25272402554193,1.112));
#6376=CARTESIAN_POINT('Ctrl Pts',(1.79808407760838,2.24337003810837,1.1091884658271));
#6377=CARTESIAN_POINT('Ctrl Pts',(1.8195392136291,2.22600371250773,1.09775787457272));
#6378=CARTESIAN_POINT('Ctrl Pts',(1.82926709666241,2.21799591959492,1.08913893537021));
#6379=CARTESIAN_POINT('Ctrl Pts',(1.84457552066282,2.20528119394041,1.069253711496));
#6380=CARTESIAN_POINT('Ctrl Pts',(1.85117786113735,2.19972686158394,1.0566612910068));
#6381=CARTESIAN_POINT('Ctrl Pts',(1.85991893756968,2.19234105121368,1.0290673715603));
#6382=CARTESIAN_POINT('Ctrl Pts',(1.86206118565722,2.19051435532133,1.01406570549229));
#6383=CARTESIAN_POINT('Ctrl Pts',(1.86206118565722,2.19051435532133,0.999999999999999));
#6384=CARTESIAN_POINT('',(1.86206118565722,2.19051435532133,4.5));
#6385=CARTESIAN_POINT('',(1.68585822612891,2.32884242519615,4.5));
#6386=CARTESIAN_POINT('Ctrl Pts',(1.86206118565722,2.19051435532133,4.5));
#6387=CARTESIAN_POINT('Ctrl Pts',(1.86206118565722,2.19051435532133,4.48593531229366));
#6388=CARTESIAN_POINT('Ctrl Pts',(1.85991924474848,2.19234078862664,4.47093466191859));
#6389=CARTESIAN_POINT('Ctrl Pts',(1.85117933349593,2.19972562054256,4.44334229339259));
#6390=CARTESIAN_POINT('Ctrl Pts',(1.84457785196289,2.20527923827458,4.43075040817737));
#6391=CARTESIAN_POINT('Ctrl Pts',(1.82927027698511,2.21799329746522,4.41086410463762));
#6392=CARTESIAN_POINT('Ctrl Pts',(1.81954199218078,2.22600144612346,4.40224404896205));
#6393=CARTESIAN_POINT('Ctrl Pts',(1.79808566676626,2.24336876915535,4.39081193770043));
#6394=CARTESIAN_POINT('Ctrl Pts',(1.7863538837322,2.25272339707962,4.388));
#6395=CARTESIAN_POINT('Ctrl Pts',(1.76422683011986,2.27009393224553,4.388));
#6396=CARTESIAN_POINT('Ctrl Pts',(1.75235816083122,2.27926659996009,4.39081025636947));
#6397=CARTESIAN_POINT('Ctrl Pts',(1.73040173197971,2.2959802271551,4.40223954281541));
#6398=CARTESIAN_POINT('Ctrl Pts',(1.72031753214748,2.30352588279236,4.41085854318549));
#6399=CARTESIAN_POINT('Ctrl Pts',(1.70433940953231,2.31537277725693,4.43074556815953));
#6400=CARTESIAN_POINT('Ctrl Pts',(1.69738111628617,2.3204644003312,4.44333960098851));
#6401=CARTESIAN_POINT('Ctrl Pts',(1.68813870987724,2.32719689398172,4.47093466922366));
#6402=CARTESIAN_POINT('Ctrl Pts',(1.68585822612891,2.32884242519615,4.48593578283517));
#6403=CARTESIAN_POINT('Ctrl Pts',(1.68585822612891,2.32884242519615,4.5));
#6404=CARTESIAN_POINT('Ctrl Pts',(1.68585822612891,2.32884242519615,4.5));
#6405=CARTESIAN_POINT('Ctrl Pts',(1.68585822612891,2.32884242519615,4.51406421716483));
#6406=CARTESIAN_POINT('Ctrl Pts',(1.68813870987724,2.32719689398172,4.52906533077634));
#6407=CARTESIAN_POINT('Ctrl Pts',(1.69738111628617,2.3204644003312,4.55666039901149));
#6408=CARTESIAN_POINT('Ctrl Pts',(1.70433940953231,2.31537277725693,4.56925443184047));
#6409=CARTESIAN_POINT('Ctrl Pts',(1.72031753214748,2.30352588279236,4.58914145681451));
#6410=CARTESIAN_POINT('Ctrl Pts',(1.73040173197971,2.2959802271551,4.59776045718459));
#6411=CARTESIAN_POINT('Ctrl Pts',(1.75235816083122,2.27926659996009,4.60918974363053));
#6412=CARTESIAN_POINT('Ctrl Pts',(1.76422683011986,2.27009393224553,4.612));
#6413=CARTESIAN_POINT('Ctrl Pts',(1.7863538837322,2.25272339707962,4.612));
#6414=CARTESIAN_POINT('Ctrl Pts',(1.79808566676626,2.24336876915535,4.60918806229957));
#6415=CARTESIAN_POINT('Ctrl Pts',(1.81954199218078,2.22600144612346,4.59775595103795));
#6416=CARTESIAN_POINT('Ctrl Pts',(1.82927027698511,2.21799329746522,4.58913589536238));
#6417=CARTESIAN_POINT('Ctrl Pts',(1.84457785196289,2.20527923827458,4.56924959182262));
#6418=CARTESIAN_POINT('Ctrl Pts',(1.85117933349593,2.19972562054256,4.55665770660741));
#6419=CARTESIAN_POINT('Ctrl Pts',(1.85991924474848,2.19234078862664,4.52906533808141));
#6420=CARTESIAN_POINT('Ctrl Pts',(1.86206118565722,2.19051435532133,4.51406468770634));
#6421=CARTESIAN_POINT('Ctrl Pts',(1.86206118565722,2.19051435532133,4.5));
#6422=CARTESIAN_POINT('',(2.85976581469528,0.295574838408521,2.75));
#6423=CARTESIAN_POINT('',(2.82807167189138,0.517335112519449,2.75));
#6424=CARTESIAN_POINT('Ctrl Pts',(2.85976581469528,0.29557483840852,2.75));
#6425=CARTESIAN_POINT('Ctrl Pts',(2.85976581469528,0.29557483840852,2.73593578283517));
#6426=CARTESIAN_POINT('Ctrl Pts',(2.85948098473503,0.298372560874702,2.72093466922366));
#6427=CARTESIAN_POINT('Ctrl Pts',(2.85827167740733,0.309742966442202,2.69333960098851));
#6428=CARTESIAN_POINT('Ctrl Pts',(2.85734134910158,0.318314836697476,2.68074556815953));
#6429=CARTESIAN_POINT('Ctrl Pts',(2.8550706988469,0.33807574401928,2.66085854318549));
#6430=CARTESIAN_POINT('Ctrl Pts',(2.85357806929294,0.350581745069457,2.65223954281541));
#6431=CARTESIAN_POINT('Ctrl Pts',(2.85008185797843,0.377953383828762,2.64081025636947));
#6432=CARTESIAN_POINT('Ctrl Pts',(2.84807242936147,0.392818286799117,2.638));
#6433=CARTESIAN_POINT('Ctrl Pts',(2.84409263143663,0.420666144921254,2.638));
#6434=CARTESIAN_POINT('Ctrl Pts',(2.84185717752829,0.435503481022573,2.64081193770043));
#6435=CARTESIAN_POINT('Ctrl Pts',(2.8375447972942,0.462768865419366,2.65224404896205));
#6436=CARTESIAN_POINT('Ctrl Pts',(2.83547367952105,0.475197881524282,2.66086410463762));
#6437=CARTESIAN_POINT('Ctrl Pts',(2.83211676876563,0.494811659920688,2.68075040817737));
#6438=CARTESIAN_POINT('Ctrl Pts',(2.83060793549331,0.503305519496927,2.69334229339259));
#6439=CARTESIAN_POINT('Ctrl Pts',(2.82858243907772,0.514566920626418,2.72093466191859));
#6440=CARTESIAN_POINT('Ctrl Pts',(2.82807167189138,0.517335112519449,2.73593531229366));
#6441=CARTESIAN_POINT('Ctrl Pts',(2.82807167189138,0.517335112519449,2.75));
#6442=CARTESIAN_POINT('Ctrl Pts',(2.82807167189138,0.517335112519449,2.75));
#6443=CARTESIAN_POINT('Ctrl Pts',(2.82807167189138,0.517335112519449,2.76406468770634));
#6444=CARTESIAN_POINT('Ctrl Pts',(2.82858243907772,0.514566920626418,2.77906533808141));
#6445=CARTESIAN_POINT('Ctrl Pts',(2.83060793549331,0.503305519496927,2.80665770660741));
#6446=CARTESIAN_POINT('Ctrl Pts',(2.83211676876563,0.494811659920688,2.81924959182262));
#6447=CARTESIAN_POINT('Ctrl Pts',(2.83547367952105,0.475197881524282,2.83913589536238));
#6448=CARTESIAN_POINT('Ctrl Pts',(2.8375447972942,0.462768865419366,2.84775595103795));
#6449=CARTESIAN_POINT('Ctrl Pts',(2.84185717752829,0.435503481022573,2.85918806229957));
#6450=CARTESIAN_POINT('Ctrl Pts',(2.84409263143663,0.420666144921254,2.862));
#6451=CARTESIAN_POINT('Ctrl Pts',(2.84807242936147,0.392818286799117,2.862));
#6452=CARTESIAN_POINT('Ctrl Pts',(2.85008185797843,0.377953383828762,2.85918974363053));
#6453=CARTESIAN_POINT('Ctrl Pts',(2.85357806929294,0.350581745069457,2.84776045718459));
#6454=CARTESIAN_POINT('Ctrl Pts',(2.8550706988469,0.33807574401928,2.83914145681451));
#6455=CARTESIAN_POINT('Ctrl Pts',(2.85734134910158,0.318314836697476,2.81925443184047));
#6456=CARTESIAN_POINT('Ctrl Pts',(2.85827167740733,0.309742966442202,2.80666039901149));
#6457=CARTESIAN_POINT('Ctrl Pts',(2.85948098473503,0.298372560874702,2.77906533077633));
#6458=CARTESIAN_POINT('Ctrl Pts',(2.85976581469528,0.29557483840852,2.76406421716483));
#6459=CARTESIAN_POINT('Ctrl Pts',(2.85976581469528,0.29557483840852,2.75));
#6460=CARTESIAN_POINT('',(2.85976581469528,0.295574838408521,1.));
#6461=CARTESIAN_POINT('',(2.82807167189138,0.517335112519449,1.));
#6462=CARTESIAN_POINT('Ctrl Pts',(2.85976581469528,0.29557483840852,1.));
#6463=CARTESIAN_POINT('Ctrl Pts',(2.85976581469528,0.29557483840852,0.985935782835169));
#6464=CARTESIAN_POINT('Ctrl Pts',(2.85948098473503,0.298372560874702,0.970934669223664));
#6465=CARTESIAN_POINT('Ctrl Pts',(2.85827167740733,0.309742966442202,0.943339600988511));
#6466=CARTESIAN_POINT('Ctrl Pts',(2.85734134910158,0.318314836697476,0.930745568159528));
#6467=CARTESIAN_POINT('Ctrl Pts',(2.8550706988469,0.33807574401928,0.910858543185488));
#6468=CARTESIAN_POINT('Ctrl Pts',(2.85357806929294,0.350581745069457,0.902239542815409));
#6469=CARTESIAN_POINT('Ctrl Pts',(2.85008185797843,0.377953383828762,0.890810256369467));
#6470=CARTESIAN_POINT('Ctrl Pts',(2.84807242936147,0.392818286799117,0.888));
#6471=CARTESIAN_POINT('Ctrl Pts',(2.84409263143663,0.420666144921254,0.888));
#6472=CARTESIAN_POINT('Ctrl Pts',(2.84185717752829,0.435503481022573,0.89081193770043));
#6473=CARTESIAN_POINT('Ctrl Pts',(2.8375447972942,0.462768865419366,0.902244048962049));
#6474=CARTESIAN_POINT('Ctrl Pts',(2.83547367952105,0.475197881524282,0.910864104637619));
#6475=CARTESIAN_POINT('Ctrl Pts',(2.83211676876563,0.494811659920688,0.930750408177375));
#6476=CARTESIAN_POINT('Ctrl Pts',(2.83060793549331,0.503305519496927,0.943342293392587));
#6477=CARTESIAN_POINT('Ctrl Pts',(2.82858243907772,0.514566920626418,0.97093466191859));
#6478=CARTESIAN_POINT('Ctrl Pts',(2.82807167189138,0.517335112519449,0.985935312293661));
#6479=CARTESIAN_POINT('Ctrl Pts',(2.82807167189138,0.517335112519449,1.));
#6480=CARTESIAN_POINT('Ctrl Pts',(2.82807167189138,0.517335112519449,1.));
#6481=CARTESIAN_POINT('Ctrl Pts',(2.82807167189138,0.517335112519449,1.01406570549229));
#6482=CARTESIAN_POINT('Ctrl Pts',(2.82858251289537,0.514566523308248,1.0290673715603));
#6483=CARTESIAN_POINT('Ctrl Pts',(2.83060827408738,0.503303623876308,1.0566612910068));
#6484=CARTESIAN_POINT('Ctrl Pts',(2.83211729677189,0.494808663122698,1.069253711496));
#6485=CARTESIAN_POINT('Ctrl Pts',(2.83547436019063,0.475193816219181,1.08913893537021));
#6486=CARTESIAN_POINT('Ctrl Pts',(2.83754537076471,0.462765325930883,1.09775787457272));
#6487=CARTESIAN_POINT('Ctrl Pts',(2.8418574818949,0.435501470294967,1.1091884658271));
#6488=CARTESIAN_POINT('Ctrl Pts',(2.84409277542489,0.4206651373916,1.112));
#6489=CARTESIAN_POINT('Ctrl Pts',(2.8480725096536,0.39281772497067,1.112));
#6490=CARTESIAN_POINT('Ctrl Pts',(2.85008200911769,0.377952259904764,1.10918951863558));
#6491=CARTESIAN_POINT('Ctrl Pts',(2.85357831514491,0.350579760965074,1.09775938436517));
#6492=CARTESIAN_POINT('Ctrl Pts',(2.85507096942268,0.338073461933493,1.08913976117158));
#6493=CARTESIAN_POINT('Ctrl Pts',(2.85734153446733,0.318313150819296,1.06925213404879));
#6494=CARTESIAN_POINT('Ctrl Pts',(2.85827179218544,0.309741899455281,1.05665839986676));
#6495=CARTESIAN_POINT('Ctrl Pts',(2.85948100725949,0.298372336884952,1.02906419675654));
#6496=CARTESIAN_POINT('Ctrl Pts',(2.85976581469528,0.29557483840852,1.014063649636));
#6497=CARTESIAN_POINT('Ctrl Pts',(2.85976581469528,0.29557483840852,1.));
#6498=CARTESIAN_POINT('',(2.85976581469528,0.295574838408521,4.5));
#6499=CARTESIAN_POINT('',(2.82807167189138,0.517335112519449,4.5));
#6500=CARTESIAN_POINT('Ctrl Pts',(2.85976581469528,0.29557483840852,4.5));
#6501=CARTESIAN_POINT('Ctrl Pts',(2.85976581469528,0.29557483840852,4.48593578283517));
#6502=CARTESIAN_POINT('Ctrl Pts',(2.85948098473503,0.298372560874702,4.47093466922366));
#6503=CARTESIAN_POINT('Ctrl Pts',(2.85827167740733,0.309742966442202,4.44333960098851));
#6504=CARTESIAN_POINT('Ctrl Pts',(2.85734134910158,0.318314836697476,4.43074556815953));
#6505=CARTESIAN_POINT('Ctrl Pts',(2.8550706988469,0.33807574401928,4.41085854318549));
#6506=CARTESIAN_POINT('Ctrl Pts',(2.85357806929294,0.350581745069457,4.40223954281541));
#6507=CARTESIAN_POINT('Ctrl Pts',(2.85008185797843,0.377953383828762,4.39081025636947));
#6508=CARTESIAN_POINT('Ctrl Pts',(2.84807242936147,0.392818286799117,4.388));
#6509=CARTESIAN_POINT('Ctrl Pts',(2.84409263143663,0.420666144921254,4.388));
#6510=CARTESIAN_POINT('Ctrl Pts',(2.84185717752829,0.435503481022573,4.39081193770043));
#6511=CARTESIAN_POINT('Ctrl Pts',(2.8375447972942,0.462768865419366,4.40224404896205));
#6512=CARTESIAN_POINT('Ctrl Pts',(2.83547367952105,0.475197881524282,4.41086410463762));
#6513=CARTESIAN_POINT('Ctrl Pts',(2.83211676876563,0.494811659920688,4.43075040817737));
#6514=CARTESIAN_POINT('Ctrl Pts',(2.83060793549331,0.503305519496927,4.44334229339259));
#6515=CARTESIAN_POINT('Ctrl Pts',(2.82858243907772,0.514566920626418,4.47093466191859));
#6516=CARTESIAN_POINT('Ctrl Pts',(2.82807167189138,0.517335112519449,4.48593531229366));
#6517=CARTESIAN_POINT('Ctrl Pts',(2.82807167189138,0.517335112519449,4.5));
#6518=CARTESIAN_POINT('Ctrl Pts',(2.82807167189138,0.517335112519449,4.5));
#6519=CARTESIAN_POINT('Ctrl Pts',(2.82807167189138,0.517335112519449,4.51406468770634));
#6520=CARTESIAN_POINT('Ctrl Pts',(2.82858243907772,0.514566920626418,4.52906533808141));
#6521=CARTESIAN_POINT('Ctrl Pts',(2.83060793549331,0.503305519496927,4.55665770660741));
#6522=CARTESIAN_POINT('Ctrl Pts',(2.83211676876563,0.494811659920688,4.56924959182263));
#6523=CARTESIAN_POINT('Ctrl Pts',(2.83547367952105,0.475197881524282,4.58913589536238));
#6524=CARTESIAN_POINT('Ctrl Pts',(2.8375447972942,0.462768865419366,4.59775595103795));
#6525=CARTESIAN_POINT('Ctrl Pts',(2.84185717752829,0.435503481022573,4.60918806229957));
#6526=CARTESIAN_POINT('Ctrl Pts',(2.84409263143663,0.420666144921254,4.612));
#6527=CARTESIAN_POINT('Ctrl Pts',(2.84807242936147,0.392818286799117,4.612));
#6528=CARTESIAN_POINT('Ctrl Pts',(2.85008185797843,0.377953383828762,4.60918974363053));
#6529=CARTESIAN_POINT('Ctrl Pts',(2.85357806929294,0.350581745069457,4.59776045718459));
#6530=CARTESIAN_POINT('Ctrl Pts',(2.8550706988469,0.33807574401928,4.58914145681451));
#6531=CARTESIAN_POINT('Ctrl Pts',(2.85734134910158,0.318314836697476,4.56925443184047));
#6532=CARTESIAN_POINT('Ctrl Pts',(2.85827167740733,0.309742966442202,4.55666039901149));
#6533=CARTESIAN_POINT('Ctrl Pts',(2.85948098473503,0.298372560874702,4.52906533077633));
#6534=CARTESIAN_POINT('Ctrl Pts',(2.85976581469528,0.29557483840852,4.51406421716483));
#6535=CARTESIAN_POINT('Ctrl Pts',(2.85976581469528,0.29557483840852,4.5));
#6536=CARTESIAN_POINT('Origin',(0.,1.39303573403011E-16,5.5));
#6537=CARTESIAN_POINT('',(2.275,1.39303573403011E-16,5.5));
#6538=CARTESIAN_POINT('Origin',(0.,1.39303573403011E-16,5.5));
#6539=CARTESIAN_POINT('',(2.275,1.39303573403011E-16,0.));
#6540=CARTESIAN_POINT('',(2.275,-1.39303573403011E-16,5.5));
#6541=CARTESIAN_POINT('Origin',(0.,1.39303573403011E-16,0.));
#6542=CARTESIAN_POINT('Origin',(0.,0.,5.5));
#6543=CARTESIAN_POINT('',(-0.123621386968582,2.55453774309534,5.5));
#6544=CARTESIAN_POINT('Origin',(0.,2.55453774309534,5.5));
#6545=CARTESIAN_POINT('Origin',(0.,0.,0.));
#6546=CARTESIAN_POINT('Origin',(-2.41948414870266,5.92417519219201,4.5));
#6547=CARTESIAN_POINT('',(-1.03049327012007,2.2781844709731,4.5));
#6548=CARTESIAN_POINT('',(-2.52295865634392,5.88131464776712,4.5));
#6549=CARTESIAN_POINT('Origin',(-0.927018762478807,2.32104501539799,4.5));
#6550=CARTESIAN_POINT('Origin',(-2.41948414870266,5.92417519219201,2.75));
#6551=CARTESIAN_POINT('',(-1.03049327012007,2.2781844709731,2.75));
#6552=CARTESIAN_POINT('',(-2.52295865634392,5.88131464776712,2.75));
#6553=CARTESIAN_POINT('Origin',(-0.927018762478807,2.32104501539799,2.75));
#6554=CARTESIAN_POINT('Origin',(-2.41948414870266,5.92417519219201,1.));
#6555=CARTESIAN_POINT('',(-1.03049327012007,2.2781844709731,1.));
#6556=CARTESIAN_POINT('',(-2.52295865634392,5.88131464776712,1.));
#6557=CARTESIAN_POINT('Origin',(-0.927018762478807,2.32104501539799,1.));
#6558=CARTESIAN_POINT('Origin',(-0.878202812890197,2.34126524377771,2.75));
#6559=CARTESIAN_POINT('Origin',(-0.878202812890197,2.34126524377771,2.75));
#6560=CARTESIAN_POINT('Origin',(-0.878202812890197,2.34126524377771,2.75));
#6561=CARTESIAN_POINT('Origin',(1.99087870445376,4.88943011577937,4.5));
#6562=CARTESIAN_POINT('',(0.823544254837543,2.36390555982288,4.5));
#6563=CARTESIAN_POINT('',(1.88740419681249,4.93229066020426,4.5));
#6564=CARTESIAN_POINT('Origin',(0.927018762478807,2.32104501539799,4.5));
#6565=CARTESIAN_POINT('Origin',(1.99087870445376,4.88943011577937,2.75));
#6566=CARTESIAN_POINT('',(0.823544254837543,2.36390555982288,2.75));
#6567=CARTESIAN_POINT('',(1.88740419681249,4.93229066020426,2.75));
#6568=CARTESIAN_POINT('Origin',(0.927018762478807,2.32104501539799,2.75));
#6569=CARTESIAN_POINT('Origin',(1.99087870445376,4.88943011577937,1.));
#6570=CARTESIAN_POINT('',(0.823544254837539,2.36390555982288,1.));
#6571=CARTESIAN_POINT('',(1.88740419681249,4.93229066020426,1.));
#6572=CARTESIAN_POINT('Origin',(0.927018762478807,2.32104501539799,1.));
#6573=CARTESIAN_POINT('Origin',(0.927018762478807,2.32104501539799,2.75));
#6574=CARTESIAN_POINT('Origin',(0.927018762478807,2.32104501539799,2.75));
#6575=CARTESIAN_POINT('Origin',(0.927018762478807,2.32104501539799,2.75));
#6576=CARTESIAN_POINT('Origin',(-6.34022828725917,0.86675285926574,2.75));
#6577=CARTESIAN_POINT('',(-2.48821226142995,0.24665888513367,2.75));
#6578=CARTESIAN_POINT('',(-6.35484722078782,0.755711034791873,2.75));
#6579=CARTESIAN_POINT('Origin',(-2.47359332790131,0.357700709607537,2.75));
#6580=CARTESIAN_POINT('Origin',(-2.47359332790131,0.357700709607537,2.75));
#6581=CARTESIAN_POINT('Origin',(-6.34022828725917,0.86675285926574,1.));
#6582=CARTESIAN_POINT('',(-2.48821226142995,0.24665888513367,1.));
#6583=CARTESIAN_POINT('',(-6.35484722078782,0.755711034791873,1.));
#6584=CARTESIAN_POINT('Origin',(-2.47359332790131,0.357700709607537,1.));
#6585=CARTESIAN_POINT('Origin',(-2.47359332790131,0.357700709607537,2.75));
#6586=CARTESIAN_POINT('Origin',(-6.34022828725917,0.86675285926574,4.5));
#6587=CARTESIAN_POINT('',(-2.48821226142995,0.24665888513367,4.5));
#6588=CARTESIAN_POINT('',(-6.35484722078782,0.755711034791873,4.5));
#6589=CARTESIAN_POINT('Origin',(-2.47359332790131,0.357700709607537,4.5));
#6590=CARTESIAN_POINT('Origin',(-2.47359332790131,0.357700709607537,2.75));
#6591=CARTESIAN_POINT('Origin',(-3.23893133806674,4.16886659180008,2.75));
#6592=CARTESIAN_POINT('',(-1.63543013953512,1.89516302574148,2.75));
#6593=CARTESIAN_POINT('',(-3.32778691217936,4.1006853117511,2.75));
#6594=CARTESIAN_POINT('Origin',(-1.5465745654225,1.96334430579046,2.75));
#6595=CARTESIAN_POINT('Origin',(-1.5465745654225,1.96334430579046,2.75));
#6596=CARTESIAN_POINT('Origin',(-3.23893133806674,4.16886659180008,1.));
#6597=CARTESIAN_POINT('',(-1.63543013953512,1.89516302574148,1.));
#6598=CARTESIAN_POINT('',(-3.32778691217936,4.1006853117511,1.));
#6599=CARTESIAN_POINT('Origin',(-1.5465745654225,1.96334430579046,1.));
#6600=CARTESIAN_POINT('Origin',(-1.5465745654225,1.96334430579046,2.75));
#6601=CARTESIAN_POINT('Origin',(-3.23893133806674,4.16886659180008,4.5));
#6602=CARTESIAN_POINT('',(-1.63543013953512,1.89516302574148,4.5));
#6603=CARTESIAN_POINT('',(-3.32778691217936,4.1006853117511,4.5));
#6604=CARTESIAN_POINT('Origin',(-1.5465745654225,1.96334430579046,4.5));
#6605=CARTESIAN_POINT('Origin',(-1.5465745654225,1.96334430579046,2.75));
#6606=CARTESIAN_POINT('Origin',(-3.92074413855651,-5.05742233292626,2.75));
#6607=CARTESIAN_POINT('',(-1.45771899130988,-2.03152558583943,2.75));
#6608=CARTESIAN_POINT('',(-3.83188856444389,-5.12560361297524,2.75));
#6609=CARTESIAN_POINT('Origin',(-1.5465745654225,-1.96334430579045,2.75));
#6610=CARTESIAN_POINT('Origin',(-1.5465745654225,-1.96334430579045,2.75));
#6611=CARTESIAN_POINT('Origin',(-3.92074413855651,-5.05742233292626,1.));
#6612=CARTESIAN_POINT('',(-1.45771899130988,-2.03152558583943,1.));
#6613=CARTESIAN_POINT('',(-3.83188856444389,-5.12560361297524,1.));
#6614=CARTESIAN_POINT('Origin',(-1.5465745654225,-1.96334430579045,1.));
#6615=CARTESIAN_POINT('Origin',(-1.5465745654225,-1.96334430579045,2.75));
#6616=CARTESIAN_POINT('Origin',(-3.92074413855651,-5.05742233292626,4.5));
#6617=CARTESIAN_POINT('',(-1.45771899130988,-2.03152558583943,4.5));
#6618=CARTESIAN_POINT('',(-3.83188856444389,-5.12560361297524,4.5));
#6619=CARTESIAN_POINT('Origin',(-1.5465745654225,-1.96334430579045,4.5));
#6620=CARTESIAN_POINT('Origin',(-1.5465745654225,-1.96334430579045,2.75));
#6621=CARTESIAN_POINT('Origin',(-5.22981004252051,-0.720563523979279,2.75));
#6622=CARTESIAN_POINT('',(-2.45897439437267,-0.468742534081406,2.75));
#6623=CARTESIAN_POINT('',(-5.21519110899187,-0.831605348453146,2.75));
#6624=CARTESIAN_POINT('Origin',(-2.47359332790131,-0.357700709607537,2.75));
#6625=CARTESIAN_POINT('Origin',(-2.47359332790131,-0.357700709607537,2.75));
#6626=CARTESIAN_POINT('Origin',(-5.22981004252051,-0.720563523979279,1.));
#6627=CARTESIAN_POINT('',(-2.45897439437267,-0.468742534081406,1.));
#6628=CARTESIAN_POINT('',(-5.21519110899187,-0.831605348453146,1.));
#6629=CARTESIAN_POINT('Origin',(-2.47359332790131,-0.357700709607538,1.));
#6630=CARTESIAN_POINT('Origin',(-2.47359332790131,-0.357700709607537,2.75));
#6631=CARTESIAN_POINT('Origin',(-5.22981004252051,-0.720563523979279,4.5));
#6632=CARTESIAN_POINT('',(-2.45897439437267,-0.468742534081406,4.5));
#6633=CARTESIAN_POINT('',(-5.21519110899187,-0.831605348453146,4.5));
#6634=CARTESIAN_POINT('Origin',(-2.47359332790131,-0.357700709607537,4.5));
#6635=CARTESIAN_POINT('Origin',(-2.47359332790131,-0.357700709607537,2.75));
#6636=CARTESIAN_POINT('Origin',(2.41948414870265,-5.92417519219201,2.75));
#6637=CARTESIAN_POINT('',(1.03049327012007,-2.2781844709731,2.75));
#6638=CARTESIAN_POINT('',(2.52295865634392,-5.88131464776712,2.75));
#6639=CARTESIAN_POINT('Origin',(0.927018762478807,-2.32104501539799,2.75));
#6640=CARTESIAN_POINT('Origin',(0.927018762478807,-2.32104501539799,2.75));
#6641=CARTESIAN_POINT('Origin',(2.41948414870265,-5.92417519219201,1.));
#6642=CARTESIAN_POINT('',(1.03049327012007,-2.2781844709731,1.));
#6643=CARTESIAN_POINT('',(2.52295865634392,-5.88131464776712,1.));
#6644=CARTESIAN_POINT('Origin',(0.927018762478807,-2.32104501539799,1.));
#6645=CARTESIAN_POINT('Origin',(0.927018762478807,-2.32104501539799,2.75));
#6646=CARTESIAN_POINT('Origin',(2.41948414870265,-5.92417519219201,4.5));
#6647=CARTESIAN_POINT('',(1.03049327012007,-2.2781844709731,4.5));
#6648=CARTESIAN_POINT('',(2.52295865634392,-5.88131464776712,4.5));
#6649=CARTESIAN_POINT('Origin',(0.927018762478807,-2.32104501539799,4.5));
#6650=CARTESIAN_POINT('Origin',(0.927018762478807,-2.32104501539799,2.75));
#6651=CARTESIAN_POINT('Origin',(-1.99087870445376,-4.88943011577937,2.75));
#6652=CARTESIAN_POINT('',(-0.823544254837543,-2.36390555982288,2.75));
#6653=CARTESIAN_POINT('',(-1.8874041968125,-4.93229066020426,2.75));
#6654=CARTESIAN_POINT('Origin',(-0.927018762478807,-2.32104501539799,2.75));
#6655=CARTESIAN_POINT('Origin',(-0.927018762478807,-2.32104501539799,2.75));
#6656=CARTESIAN_POINT('Origin',(-1.99087870445376,-4.88943011577937,1.));
#6657=CARTESIAN_POINT('',(-0.823544254837543,-2.36390555982288,1.));
#6658=CARTESIAN_POINT('',(-1.88740419681249,-4.93229066020426,1.));
#6659=CARTESIAN_POINT('Origin',(-0.927018762478807,-2.32104501539799,1.));
#6660=CARTESIAN_POINT('Origin',(-0.927018762478807,-2.32104501539799,2.75));
#6661=CARTESIAN_POINT('Origin',(-1.99087870445376,-4.88943011577937,4.5));
#6662=CARTESIAN_POINT('',(-0.823544254837543,-2.36390555982288,4.5));
#6663=CARTESIAN_POINT('',(-1.8874041968125,-4.93229066020426,4.5));
#6664=CARTESIAN_POINT('Origin',(-0.927018762478807,-2.32104501539799,4.5));
#6665=CARTESIAN_POINT('Origin',(-0.927018762478807,-2.32104501539799,2.75));
#6666=CARTESIAN_POINT('Origin',(6.34022828725917,-0.866752859265744,2.75));
#6667=CARTESIAN_POINT('',(2.48821226142995,-0.246658885133671,2.75));
#6668=CARTESIAN_POINT('',(6.35484722078782,-0.755711034791877,2.75));
#6669=CARTESIAN_POINT('Origin',(2.47359332790131,-0.357700709607537,2.75));
#6670=CARTESIAN_POINT('Origin',(2.47359332790131,-0.357700709607537,2.75));
#6671=CARTESIAN_POINT('Origin',(6.34022828725917,-0.866752859265744,1.));
#6672=CARTESIAN_POINT('',(2.48821226142995,-0.246658885133671,1.));
#6673=CARTESIAN_POINT('',(6.35484722078782,-0.755711034791877,1.));
#6674=CARTESIAN_POINT('Origin',(2.47359332790131,-0.357700709607537,1.));
#6675=CARTESIAN_POINT('Origin',(2.47359332790131,-0.357700709607537,2.75));
#6676=CARTESIAN_POINT('Origin',(6.34022828725917,-0.866752859265744,4.5));
#6677=CARTESIAN_POINT('',(2.48821226142995,-0.246658885133671,4.5));
#6678=CARTESIAN_POINT('',(6.35484722078782,-0.755711034791877,4.5));
#6679=CARTESIAN_POINT('Origin',(2.47359332790131,-0.357700709607537,4.5));
#6680=CARTESIAN_POINT('Origin',(2.47359332790131,-0.357700709607537,2.75));
#6681=CARTESIAN_POINT('Origin',(3.23893133806674,-4.16886659180008,2.75));
#6682=CARTESIAN_POINT('',(1.63543013953512,-1.89516302574148,2.75));
#6683=CARTESIAN_POINT('',(3.32778691217936,-4.1006853117511,2.75));
#6684=CARTESIAN_POINT('Origin',(1.5465745654225,-1.96334430579046,2.75));
#6685=CARTESIAN_POINT('Origin',(1.5465745654225,-1.96334430579046,2.75));
#6686=CARTESIAN_POINT('Origin',(3.23893133806674,-4.16886659180008,1.));
#6687=CARTESIAN_POINT('',(1.63543013953512,-1.89516302574148,1.));
#6688=CARTESIAN_POINT('',(3.32778691217936,-4.1006853117511,1.));
#6689=CARTESIAN_POINT('Origin',(1.5465745654225,-1.96334430579046,1.));
#6690=CARTESIAN_POINT('Origin',(1.5465745654225,-1.96334430579046,2.75));
#6691=CARTESIAN_POINT('Origin',(3.23893133806674,-4.16886659180008,4.5));
#6692=CARTESIAN_POINT('',(1.63543013953512,-1.89516302574148,4.5));
#6693=CARTESIAN_POINT('',(3.32778691217936,-4.1006853117511,4.5));
#6694=CARTESIAN_POINT('Origin',(1.5465745654225,-1.96334430579046,4.5));
#6695=CARTESIAN_POINT('Origin',(1.5465745654225,-1.96334430579046,2.75));
#6696=CARTESIAN_POINT('Origin',(3.92074413855652,5.05742233292626,2.75));
#6697=CARTESIAN_POINT('',(1.45771899130988,2.03152558583943,2.75));
#6698=CARTESIAN_POINT('',(3.8318885644439,5.12560361297524,2.75));
#6699=CARTESIAN_POINT('Origin',(1.5465745654225,1.96334430579045,2.75));
#6700=CARTESIAN_POINT('Origin',(1.5465745654225,1.96334430579045,2.75));
#6701=CARTESIAN_POINT('Origin',(3.92074413855652,5.05742233292626,1.));
#6702=CARTESIAN_POINT('',(1.45771899130988,2.03152558583943,1.));
#6703=CARTESIAN_POINT('',(3.8318885644439,5.12560361297524,1.));
#6704=CARTESIAN_POINT('Origin',(1.5465745654225,1.96334430579045,1.));
#6705=CARTESIAN_POINT('Origin',(1.5465745654225,1.96334430579045,2.75));
#6706=CARTESIAN_POINT('Origin',(3.92074413855652,5.05742233292626,4.5));
#6707=CARTESIAN_POINT('',(1.45771899130988,2.03152558583943,4.5));
#6708=CARTESIAN_POINT('',(3.8318885644439,5.12560361297524,4.5));
#6709=CARTESIAN_POINT('Origin',(1.5465745654225,1.96334430579045,4.5));
#6710=CARTESIAN_POINT('Origin',(1.5465745654225,1.96334430579045,2.75));
#6711=CARTESIAN_POINT('Origin',(5.22981004252051,0.720563523979275,2.75));
#6712=CARTESIAN_POINT('',(2.45897439437267,0.468742534081401,2.75));
#6713=CARTESIAN_POINT('',(5.21519110899187,0.831605348453142,2.75));
#6714=CARTESIAN_POINT('Origin',(2.47359332790131,0.357700709607536,2.75));
#6715=CARTESIAN_POINT('Origin',(2.47359332790131,0.357700709607536,2.75));
#6716=CARTESIAN_POINT('Origin',(5.22981004252051,0.720563523979275,1.));
#6717=CARTESIAN_POINT('',(2.45897439437267,0.468742534081401,1.));
#6718=CARTESIAN_POINT('',(5.21519110899187,0.831605348453142,1.));
#6719=CARTESIAN_POINT('Origin',(2.47359332790131,0.357700709607537,1.));
#6720=CARTESIAN_POINT('Origin',(2.47359332790131,0.357700709607536,2.75));
#6721=CARTESIAN_POINT('Origin',(5.22981004252051,0.720563523979275,4.5));
#6722=CARTESIAN_POINT('',(2.45897439437267,0.468742534081401,4.5));
#6723=CARTESIAN_POINT('',(5.21519110899187,0.831605348453142,4.5));
#6724=CARTESIAN_POINT('Origin',(2.47359332790131,0.357700709607536,4.5));
#6725=CARTESIAN_POINT('Origin',(2.47359332790131,0.357700709607536,2.75));
#6726=CARTESIAN_POINT('Origin',(0.,2.55453774309534,5.165));
#6727=CARTESIAN_POINT('',(-0.123621386968582,2.55453774309534,5.165));
#6728=CARTESIAN_POINT('Origin',(0.,2.55453774309534,5.165));
#6729=CARTESIAN_POINT('',(-0.123621386968582,2.55453774309534,5.165));
#6730=CARTESIAN_POINT('Origin',(0.,0.,5.165));
#6731=CARTESIAN_POINT('',(0.,0.,0.));
#6732=CARTESIAN_POINT('',(0.,0.,0.));
#6733=CARTESIAN_POINT('Origin',(8.19554398099597E-16,5.46369598731899E-16,
-0.750000000000001));
#6734=CARTESIAN_POINT('',(4.5,7.79422863405995,0.));
#6735=CARTESIAN_POINT('',(3.75,6.4951905283833,-1.5));
#6736=CARTESIAN_POINT('',(4.125,7.14470958122163,-0.750000000000001));
#6737=CARTESIAN_POINT('',(-3.75,6.4951905283833,-1.5));
#6738=CARTESIAN_POINT('Origin',(8.19554398099597E-16,5.46369598731899E-16,
-1.5));
#6739=CARTESIAN_POINT('',(-4.5,7.79422863405995,0.));
#6740=CARTESIAN_POINT('',(-4.125,7.14470958122163,-0.750000000000001));
#6741=CARTESIAN_POINT('Origin',(8.19554398099597E-16,5.46369598731899E-16,
0.));
#6742=CARTESIAN_POINT('Origin',(4.5,7.79422863405995,0.));
#6743=CARTESIAN_POINT('',(1.4375,2.48982303588026,0.));
#6744=CARTESIAN_POINT('',(4.5,7.79422863405995,0.));
#6745=CARTESIAN_POINT('',(1.4375,2.48982303588026,-1.5));
#6746=CARTESIAN_POINT('',(1.4375,2.48982303588026,0.));
#6747=CARTESIAN_POINT('',(4.5,7.79422863405995,-1.5));
#6748=CARTESIAN_POINT('Origin',(8.19554398099597E-16,5.46369598731899E-16,
-0.65));
#6749=CARTESIAN_POINT('',(4.04605812485167,7.93274471102669,0.));
#6750=CARTESIAN_POINT('',(4.29595347275191,7.56680968175828,-0.203745780061359));
#6751=CARTESIAN_POINT('Ctrl Pts',(4.04605812485167,7.93274471102669,8.74191357972564E-17));
#6752=CARTESIAN_POINT('Ctrl Pts',(4.17245173732897,7.74765983181684,-0.10744920763052));
#6753=CARTESIAN_POINT('Ctrl Pts',(4.29595347275191,7.56680968175828,-0.203745780061359));
#6754=CARTESIAN_POINT('',(-4.04632156467175,7.9326103393065,0.));
#6755=CARTESIAN_POINT('Origin',(8.19554398099597E-16,5.46369598731899E-16,
0.));
#6756=CARTESIAN_POINT('',(-4.29595347275191,7.56680968175828,-0.203745780061356));
#6757=CARTESIAN_POINT('Ctrl Pts',(-4.29595347275191,7.56680968175828,-0.203745780061356));
#6758=CARTESIAN_POINT('Ctrl Pts',(-4.17258193292977,7.74759342345521,-0.10744267813394));
#6759=CARTESIAN_POINT('Ctrl Pts',(-4.04632156467175,7.9326103393065,8.74191357972564E-17));
#6760=CARTESIAN_POINT('',(-3.74780992395028,6.61739720539275,-1.3));
#6761=CARTESIAN_POINT('Ctrl Pts',(-3.74780992395029,6.61739720539275,-1.3));
#6762=CARTESIAN_POINT('Ctrl Pts',(-4.00345610921972,7.06018938704057,-0.788725173493901));
#6763=CARTESIAN_POINT('Ctrl Pts',(-4.29595347275191,7.56680968175828,-0.203745780061356));
#6764=CARTESIAN_POINT('',(3.7478099239503,6.61739720539274,-1.3));
#6765=CARTESIAN_POINT('Origin',(8.19554398099597E-16,5.46369598731899E-16,
-1.3));
#6766=CARTESIAN_POINT('Ctrl Pts',(4.29595347275191,7.56680968175828,-0.203745780061359));
#6767=CARTESIAN_POINT('Ctrl Pts',(4.00345610924062,7.06018938707678,-0.788725173452098));
#6768=CARTESIAN_POINT('Ctrl Pts',(3.7478099239503,6.61739720539274,-1.3));
#6769=CARTESIAN_POINT('Origin',(4.29595347275191,7.56680968175828,0.));
#6770=CARTESIAN_POINT('',(4.29595347275191,7.56680968175828,0.));
#6771=CARTESIAN_POINT('',(4.29595347275191,7.56680968175828,0.));
#6772=CARTESIAN_POINT('',(4.29595347275191,7.56680968175828,0.));
#6773=CARTESIAN_POINT('Origin',(1.54149099218685,2.79594071787739,0.));
#6774=CARTESIAN_POINT('',(1.54149099218685,2.79594071787739,-1.3));
#6775=CARTESIAN_POINT('',(1.99930436705911,3.5888967435407,-1.3));
#6776=CARTESIAN_POINT('',(1.54149099218685,2.79594071787739,0.));
#6777=CARTESIAN_POINT('',(1.54149099218685,2.79594071787739,0.));
#6778=CARTESIAN_POINT('',(1.54149099218685,2.79594071787739,0.));
#6779=CARTESIAN_POINT('Origin',(6.99353086378051E-16,5.8004703589387,-1.3));
#6780=CARTESIAN_POINT('',(-1.54149099218685,2.79594071787739,-1.3));
#6781=CARTESIAN_POINT('',(-3.37653560734163,5.97433122548115,-1.3));
#6782=CARTESIAN_POINT('',(-1.29174922495695,2.71116481137513,-1.3));
#6783=CARTESIAN_POINT('Origin',(-1.36828591142996,2.89594071787739,-1.3));
#6784=CARTESIAN_POINT('',(-0.993624151535748,2.83465226006967,-1.3));
#6785=CARTESIAN_POINT('',(-0.194343534117978,3.16572513194605,-1.3));
#6786=CARTESIAN_POINT('',(-0.782341303734838,2.79767172564447,-1.3));
#6787=CARTESIAN_POINT('Origin',(-0.917087465062733,2.64987635356741,-1.3));
#6788=CARTESIAN_POINT('',(0.782341303734836,2.79767172564447,-1.3));
#6789=CARTESIAN_POINT('Origin',(8.19554398099597E-16,5.46369598731899E-16,
-1.3));
#6790=CARTESIAN_POINT('',(0.993624151535748,2.83465226006967,-1.3));
#6791=CARTESIAN_POINT('Origin',(0.917087465062729,2.64987635356741,-1.3));
#6792=CARTESIAN_POINT('',(1.29174922495695,2.71116481137513,-1.3));
#6793=CARTESIAN_POINT('',(0.0452809974073741,3.22746885629332,-1.3));
#6794=CARTESIAN_POINT('Origin',(1.36828591142997,2.89594071787739,-1.3));
#6795=CARTESIAN_POINT('Origin',(-4.04632156467175,7.9326103393065,0.));
#6796=CARTESIAN_POINT('',(-4.29595347275191,7.56680968175828,0.));
#6797=CARTESIAN_POINT('',(-4.29595347275191,7.56680968175828,0.));
#6798=CARTESIAN_POINT('',(-4.29595347275191,7.56680968175828,0.));
#6799=CARTESIAN_POINT('Origin',(0.765624999999999,6.46812723451503,0.));
#6800=CARTESIAN_POINT('',(-1.4375,2.48982303588026,0.));
#6801=CARTESIAN_POINT('',(-1.4375,2.48982303588026,0.));
#6802=CARTESIAN_POINT('Origin',(8.19554398099597E-16,5.46369598731899E-16,
0.));
#6803=CARTESIAN_POINT('',(1.29174922495695,2.71116481137513,0.));
#6804=CARTESIAN_POINT('Origin',(1.36828591142997,2.89594071787739,0.));
#6805=CARTESIAN_POINT('',(0.993624151535749,2.83465226006967,0.));
#6806=CARTESIAN_POINT('',(0.993624151535749,2.83465226006967,0.));
#6807=CARTESIAN_POINT('',(0.782341303734836,2.79767172564447,0.));
#6808=CARTESIAN_POINT('Origin',(0.917087465062729,2.64987635356741,0.));
#6809=CARTESIAN_POINT('',(-0.782341303734838,2.79767172564447,0.));
#6810=CARTESIAN_POINT('Origin',(8.19554398099597E-16,5.46369598731899E-16,
0.));
#6811=CARTESIAN_POINT('',(-0.993624151535748,2.83465226006967,0.));
#6812=CARTESIAN_POINT('Origin',(-0.917087465062733,2.64987635356741,0.));
#6813=CARTESIAN_POINT('',(-1.29174922495695,2.71116481137513,0.));
#6814=CARTESIAN_POINT('',(-1.29174922495695,2.71116481137513,0.));
#6815=CARTESIAN_POINT('',(-1.54149099218685,2.79594071787739,0.));
#6816=CARTESIAN_POINT('Origin',(-1.36828591142996,2.89594071787739,0.));
#6817=CARTESIAN_POINT('',(-4.29595347275191,7.56680968175828,0.));
#6818=CARTESIAN_POINT('Origin',(8.19554398099597E-16,5.46369598731899E-16,
0.));
#6819=CARTESIAN_POINT('',(-0.782341303734838,2.79767172564447,0.));
#6820=CARTESIAN_POINT('',(0.782341303734836,2.79767172564447,0.));
#6821=CARTESIAN_POINT('Origin',(-0.917087465062733,2.64987635356741,0.));
#6822=CARTESIAN_POINT('',(-0.993624151535748,2.83465226006967,0.));
#6823=CARTESIAN_POINT('Origin',(-1.29174922495695,2.71116481137513,0.));
#6824=CARTESIAN_POINT('',(-1.29174922495695,2.71116481137513,0.));
#6825=CARTESIAN_POINT('Origin',(-1.36828591142996,2.89594071787739,0.));
#6826=CARTESIAN_POINT('',(-1.54149099218685,2.79594071787739,0.));
#6827=CARTESIAN_POINT('Origin',(-4.29595347275191,7.56680968175828,0.));
#6828=CARTESIAN_POINT('Origin',(1.36828591142997,2.89594071787739,0.));
#6829=CARTESIAN_POINT('',(1.29174922495695,2.71116481137513,0.));
#6830=CARTESIAN_POINT('Origin',(0.993624151535749,2.83465226006967,0.));
#6831=CARTESIAN_POINT('',(0.993624151535749,2.83465226006967,0.));
#6832=CARTESIAN_POINT('Origin',(0.917087465062729,2.64987635356741,0.));
#6833=CARTESIAN_POINT('Origin',(8.19554398099597E-16,5.46369598731899E-16,
0.));
#6834=CARTESIAN_POINT('',(-1.4375,2.48982303588026,-1.5));
#6835=CARTESIAN_POINT('',(-1.4375,2.48982303588026,0.));
#6836=CARTESIAN_POINT('Origin',(8.19554398099597E-16,5.46369598731899E-16,
-1.5));
#6837=CARTESIAN_POINT('Origin',(-1.4375,2.48982303588026,0.));
#6838=CARTESIAN_POINT('',(-1.4375,2.48982303588026,-1.5));
#6839=CARTESIAN_POINT('Origin',(0.765624999999999,6.46812723451503,-1.5));
#6840=CARTESIAN_POINT('Origin',(-2.29149099218685,4.09497882355405,0.));
#6841=CARTESIAN_POINT('',(-3.04149099218685,5.39401692923071,0.));
#6842=CARTESIAN_POINT('',(-2.29149099218685,4.09497882355405,0.));
#6843=CARTESIAN_POINT('',(-4.29595347275191,7.56680968175828,0.));
#6844=CARTESIAN_POINT('',(-2.99818972199763,5.41901692923071,0.));
#6845=CARTESIAN_POINT('',(-3.04149099218685,5.39401692923071,0.));
#6846=CARTESIAN_POINT('',(-2.24818972199763,4.11997882355405,0.));
#6847=CARTESIAN_POINT('',(-4.25265220256269,7.59180968175828,0.));
#6848=CARTESIAN_POINT('',(-2.29149099218685,4.09497882355405,0.));
#6849=CARTESIAN_POINT('Origin',(-2.29149099218685,4.09497882355405,0.0999999968085702));
#6850=CARTESIAN_POINT('',(-2.29149099218685,4.09497882355405,0.0999999968085702));
#6851=CARTESIAN_POINT('',(-2.29149099218685,4.09497882355405,0.0999999968085702));
#6852=CARTESIAN_POINT('',(-2.24818972199763,4.11997882355405,0.0999999968085702));
#6853=CARTESIAN_POINT('',(-2.24818972199763,4.11997882355405,0.0999999968085702));
#6854=CARTESIAN_POINT('',(-2.29149099218685,4.09497882355405,0.0999999968085702));
#6855=CARTESIAN_POINT('Origin',(-3.04149099218685,5.39401692923071,0.0999999968085702));
#6856=CARTESIAN_POINT('',(-3.04149099218685,5.39401692923071,0.0999999968085702));
#6857=CARTESIAN_POINT('',(-3.04149099218685,5.39401692923071,0.0999999968085702));
#6858=CARTESIAN_POINT('',(-2.99818972199763,5.41901692923071,0.0999999968085702));
#6859=CARTESIAN_POINT('',(-2.99818972199763,5.41901692923071,0.0999999968085702));
#6860=CARTESIAN_POINT('',(-3.04149099218685,5.39401692923071,0.0999999968085702));
#6861=CARTESIAN_POINT('Origin',(-3.04149099218685,5.39401692923071,0.));
#6862=CARTESIAN_POINT('',(-3.04149099218685,5.39401692923071,-0.10000000319143));
#6863=CARTESIAN_POINT('',(-2.99818972199763,5.41901692923071,-0.10000000319143));
#6864=CARTESIAN_POINT('Origin',(-2.62318972199763,4.76949787639238,0.0499999984042851));
#6865=CARTESIAN_POINT('Origin',(-2.66649099218685,4.74449787639238,0.0499999984042851));
#6866=CARTESIAN_POINT('Origin',(-8.37311410058098E-13,1.47164651418694E-12,
5.5));
#6867=CARTESIAN_POINT('',(-1.4375,2.48982303588026,0.));
#6868=CARTESIAN_POINT('',(1.4375,2.48982303588026,0.));
#6869=CARTESIAN_POINT('Origin',(-8.37311410058098E-13,1.47164651418694E-12,
0.));
#6870=CARTESIAN_POINT('',(1.4375,2.48982303588026,5.5));
#6871=CARTESIAN_POINT('',(1.4375,2.48982303588026,5.5));
#6872=CARTESIAN_POINT('',(-1.4375,2.48982303588026,5.5));
#6873=CARTESIAN_POINT('Origin',(-8.37311410058098E-13,1.47164651418694E-12,
5.5));
#6874=CARTESIAN_POINT('',(-1.4375,2.48982303588026,5.5));
#6875=CARTESIAN_POINT('',(-1.15241068334623,2.63392760282234,1.));
#6876=CARTESIAN_POINT('',(-0.988135061832205,2.69985445896214,1.));
#6877=CARTESIAN_POINT('Ctrl Pts',(-1.15241068334623,2.63392760282234,0.999999999999999));
#6878=CARTESIAN_POINT('Ctrl Pts',(-1.15241068334623,2.63392760282234,1.0111125117314));
#6879=CARTESIAN_POINT('Ctrl Pts',(-1.15037666075307,2.63482047544559,1.02296551998978));
#6880=CARTESIAN_POINT('Ctrl Pts',(-1.14209249264856,2.6384219028926,1.04476996908437));
#6881=CARTESIAN_POINT('Ctrl Pts',(-1.13584095262557,2.64112704689533,1.05472144331104));
#6882=CARTESIAN_POINT('Ctrl Pts',(-1.12138657841874,2.64729652474635,1.07043650075591));
#6883=CARTESIAN_POINT('Ctrl Pts',(-1.11221995794456,2.65117155744158,1.07724755425799));
#6884=CARTESIAN_POINT('Ctrl Pts',(-1.09208107801511,2.65953055648525,1.08627930757829));
#6885=CARTESIAN_POINT('Ctrl Pts',(-1.08110740466988,2.66401112401234,1.0885));
#6886=CARTESIAN_POINT('Ctrl Pts',(-1.0604795013148,2.6722896100279,1.0885));
#6887=CARTESIAN_POINT('Ctrl Pts',(-1.04945109322548,2.67663899663701,1.08627865043753));
#6888=CARTESIAN_POINT('Ctrl Pts',(-1.02911628353725,2.68452297258732,1.07724661204283));
#6889=CARTESIAN_POINT('Ctrl Pts',(-1.01981118746911,2.68806100032678,1.07043598564525));
#6890=CARTESIAN_POINT('Ctrl Pts',(-1.00509630393974,2.69359763351801,1.05472242813581));
#6891=CARTESIAN_POINT('Ctrl Pts',(-0.998705357231337,2.69596606745898,1.04477177368633));
#6892=CARTESIAN_POINT('Ctrl Pts',(-0.990223997021553,2.69909278521266,1.02296750117994));
#6893=CARTESIAN_POINT('Ctrl Pts',(-0.988135061832205,2.69985445896214,1.01111379436519));
#6894=CARTESIAN_POINT('Ctrl Pts',(-0.988135061832205,2.69985445896214,1.));
#6895=CARTESIAN_POINT('Ctrl Pts',(-0.988135061832205,2.69985445896214,1.));
#6896=CARTESIAN_POINT('Ctrl Pts',(-0.988135061832205,2.69985445896214,0.988886878234769));
#6897=CARTESIAN_POINT('Ctrl Pts',(-0.99022374614443,2.69909287641101,0.977033842709045));
#6898=CARTESIAN_POINT('Ctrl Pts',(-0.998704163938572,2.69596650866459,0.955230595282299));
#6899=CARTESIAN_POINT('Ctrl Pts',(-1.00509441942373,2.69359833428183,0.945280294643857));
#6900=CARTESIAN_POINT('Ctrl Pts',(-1.01980864086883,2.68806196681666,0.929566023548153));
#6901=CARTESIAN_POINT('Ctrl Pts',(-1.02911407167413,2.68452382259075,0.922754659217407));
#6902=CARTESIAN_POINT('Ctrl Pts',(-1.04944984270726,2.67663948902653,0.913721616224713));
#6903=CARTESIAN_POINT('Ctrl Pts',(-1.06047887711666,2.672289860534,0.9115));
#6904=CARTESIAN_POINT('Ctrl Pts',(-1.08110711042105,2.66401124210165,0.9115));
#6905=CARTESIAN_POINT('Ctrl Pts',(-1.09208049159367,2.65953079629621,0.913720566726922));
#6906=CARTESIAN_POINT('Ctrl Pts',(-1.11221892761575,2.65117198869117,0.922751846378226));
#6907=CARTESIAN_POINT('Ctrl Pts',(-1.12138539620686,2.64729702536107,0.92956255190831));
#6908=CARTESIAN_POINT('Ctrl Pts',(-1.13584008268221,2.64112742218982,0.94527727292461));
#6909=CARTESIAN_POINT('Ctrl Pts',(-1.14209194266798,2.63842214136786,0.955228914010473));
#6910=CARTESIAN_POINT('Ctrl Pts',(-1.15037654567147,2.63482052609686,0.977033846456619));
#6911=CARTESIAN_POINT('Ctrl Pts',(-1.15241068334623,2.63392760282234,0.988887171211303));
#6912=CARTESIAN_POINT('Ctrl Pts',(-1.15241068334623,2.63392760282234,0.999999999999999));
#6913=CARTESIAN_POINT('',(-1.15241068334623,2.63392760282234,2.75));
#6914=CARTESIAN_POINT('',(-0.988135061832205,2.69985445896214,2.75));
#6915=CARTESIAN_POINT('Ctrl Pts',(-1.15241068334623,2.63392760282234,2.75));
#6916=CARTESIAN_POINT('Ctrl Pts',(-1.15241068334623,2.63392760282234,2.7611128287887));
#6917=CARTESIAN_POINT('Ctrl Pts',(-1.15037654567147,2.63482052609686,2.77296615354338));
#6918=CARTESIAN_POINT('Ctrl Pts',(-1.14209194266798,2.63842214136786,2.79477108598953));
#6919=CARTESIAN_POINT('Ctrl Pts',(-1.13584008268221,2.64112742218982,2.80472272707539));
#6920=CARTESIAN_POINT('Ctrl Pts',(-1.12138539620686,2.64729702536107,2.82043744809169));
#6921=CARTESIAN_POINT('Ctrl Pts',(-1.11221892761575,2.65117198869117,2.82724815362177));
#6922=CARTESIAN_POINT('Ctrl Pts',(-1.09208049159367,2.65953079629621,2.83627943327308));
#6923=CARTESIAN_POINT('Ctrl Pts',(-1.08110711042105,2.66401124210165,2.8385));
#6924=CARTESIAN_POINT('Ctrl Pts',(-1.06047887711666,2.672289860534,2.8385));
#6925=CARTESIAN_POINT('Ctrl Pts',(-1.04944984270726,2.67663948902653,2.83627838377529));
#6926=CARTESIAN_POINT('Ctrl Pts',(-1.02911407167413,2.68452382259075,2.82724534078259));
#6927=CARTESIAN_POINT('Ctrl Pts',(-1.01980864086883,2.68806196681666,2.82043397645185));
#6928=CARTESIAN_POINT('Ctrl Pts',(-1.00509441942373,2.69359833428183,2.80471970535614));
#6929=CARTESIAN_POINT('Ctrl Pts',(-0.998704163938572,2.69596650866459,2.7947694047177));
#6930=CARTESIAN_POINT('Ctrl Pts',(-0.99022374614443,2.69909287641101,2.77296615729095));
#6931=CARTESIAN_POINT('Ctrl Pts',(-0.988135061832204,2.69985445896214,2.76111312176523));
#6932=CARTESIAN_POINT('Ctrl Pts',(-0.988135061832204,2.69985445896214,2.75));
#6933=CARTESIAN_POINT('Ctrl Pts',(-0.988135061832204,2.69985445896214,2.75));
#6934=CARTESIAN_POINT('Ctrl Pts',(-0.988135061832204,2.69985445896214,2.73888687823477));
#6935=CARTESIAN_POINT('Ctrl Pts',(-0.99022374614443,2.69909287641101,2.72703384270905));
#6936=CARTESIAN_POINT('Ctrl Pts',(-0.998704163938572,2.69596650866459,2.7052305952823));
#6937=CARTESIAN_POINT('Ctrl Pts',(-1.00509441942373,2.69359833428183,2.69528029464386));
#6938=CARTESIAN_POINT('Ctrl Pts',(-1.01980864086883,2.68806196681666,2.67956602354815));
#6939=CARTESIAN_POINT('Ctrl Pts',(-1.02911407167413,2.68452382259075,2.67275465921741));
#6940=CARTESIAN_POINT('Ctrl Pts',(-1.04944984270726,2.67663948902653,2.66372161622471));
#6941=CARTESIAN_POINT('Ctrl Pts',(-1.06047887711666,2.672289860534,2.6615));
#6942=CARTESIAN_POINT('Ctrl Pts',(-1.08110711042105,2.66401124210165,2.6615));
#6943=CARTESIAN_POINT('Ctrl Pts',(-1.09208049159367,2.65953079629621,2.66372056672692));
#6944=CARTESIAN_POINT('Ctrl Pts',(-1.11221892761575,2.65117198869117,2.67275184637823));
#6945=CARTESIAN_POINT('Ctrl Pts',(-1.12138539620686,2.64729702536107,2.67956255190831));
#6946=CARTESIAN_POINT('Ctrl Pts',(-1.13584008268221,2.64112742218982,2.69527727292461));
#6947=CARTESIAN_POINT('Ctrl Pts',(-1.14209194266798,2.63842214136786,2.70522891401047));
#6948=CARTESIAN_POINT('Ctrl Pts',(-1.15037654567147,2.63482052609686,2.72703384645662));
#6949=CARTESIAN_POINT('Ctrl Pts',(-1.15241068334623,2.63392760282234,2.7388871712113));
#6950=CARTESIAN_POINT('Ctrl Pts',(-1.15241068334623,2.63392760282234,2.75));
#6951=CARTESIAN_POINT('',(-1.15241068334623,2.63392760282234,4.5));
#6952=CARTESIAN_POINT('',(-0.988135061832205,2.69985445896214,4.5));
#6953=CARTESIAN_POINT('Ctrl Pts',(-1.15241068334623,2.63392760282234,4.5));
#6954=CARTESIAN_POINT('Ctrl Pts',(-1.15241068334623,2.63392760282234,4.5111128287887));
#6955=CARTESIAN_POINT('Ctrl Pts',(-1.15037654567147,2.63482052609686,4.52296615354338));
#6956=CARTESIAN_POINT('Ctrl Pts',(-1.14209194266798,2.63842214136786,4.54477108598953));
#6957=CARTESIAN_POINT('Ctrl Pts',(-1.13584008268221,2.64112742218982,4.55472272707539));
#6958=CARTESIAN_POINT('Ctrl Pts',(-1.12138539620686,2.64729702536107,4.57043744809169));
#6959=CARTESIAN_POINT('Ctrl Pts',(-1.11221892761575,2.65117198869117,4.57724815362177));
#6960=CARTESIAN_POINT('Ctrl Pts',(-1.09208049159366,2.65953079629621,4.58627943327308));
#6961=CARTESIAN_POINT('Ctrl Pts',(-1.08110711042105,2.66401124210165,4.5885));
#6962=CARTESIAN_POINT('Ctrl Pts',(-1.06047887711666,2.672289860534,4.5885));
#6963=CARTESIAN_POINT('Ctrl Pts',(-1.04944984270726,2.67663948902653,4.58627838377529));
#6964=CARTESIAN_POINT('Ctrl Pts',(-1.02911407167413,2.68452382259075,4.57724534078259));
#6965=CARTESIAN_POINT('Ctrl Pts',(-1.01980864086883,2.68806196681666,4.57043397645185));
#6966=CARTESIAN_POINT('Ctrl Pts',(-1.00509441942373,2.69359833428183,4.55471970535614));
#6967=CARTESIAN_POINT('Ctrl Pts',(-0.998704163938572,2.69596650866459,4.5447694047177));
#6968=CARTESIAN_POINT('Ctrl Pts',(-0.99022374614443,2.69909287641101,4.52296615729095));
#6969=CARTESIAN_POINT('Ctrl Pts',(-0.988135061832205,2.69985445896214,4.51111312176523));
#6970=CARTESIAN_POINT('Ctrl Pts',(-0.988135061832205,2.69985445896214,4.5));
#6971=CARTESIAN_POINT('Ctrl Pts',(-0.988135061832205,2.69985445896214,4.5));
#6972=CARTESIAN_POINT('Ctrl Pts',(-0.988135061832205,2.69985445896214,4.48888687823477));
#6973=CARTESIAN_POINT('Ctrl Pts',(-0.99022374614443,2.69909287641101,4.47703384270905));
#6974=CARTESIAN_POINT('Ctrl Pts',(-0.998704163938572,2.69596650866459,4.4552305952823));
#6975=CARTESIAN_POINT('Ctrl Pts',(-1.00509441942373,2.69359833428183,4.44528029464386));
#6976=CARTESIAN_POINT('Ctrl Pts',(-1.01980864086883,2.68806196681666,4.42956602354815));
#6977=CARTESIAN_POINT('Ctrl Pts',(-1.02911407167413,2.68452382259075,4.42275465921741));
#6978=CARTESIAN_POINT('Ctrl Pts',(-1.04944984270727,2.67663948902653,4.41372161622471));
#6979=CARTESIAN_POINT('Ctrl Pts',(-1.06047887711666,2.672289860534,4.4115));
#6980=CARTESIAN_POINT('Ctrl Pts',(-1.08110711042105,2.66401124210165,4.4115));
#6981=CARTESIAN_POINT('Ctrl Pts',(-1.09208049159366,2.65953079629621,4.41372056672692));
#6982=CARTESIAN_POINT('Ctrl Pts',(-1.11221892761575,2.65117198869117,4.42275184637823));
#6983=CARTESIAN_POINT('Ctrl Pts',(-1.12138539620686,2.64729702536107,4.42956255190831));
#6984=CARTESIAN_POINT('Ctrl Pts',(-1.13584008268221,2.64112742218982,4.44527727292461));
#6985=CARTESIAN_POINT('Ctrl Pts',(-1.14209194266798,2.63842214136786,4.45522891401047));
#6986=CARTESIAN_POINT('Ctrl Pts',(-1.15037654567147,2.63482052609686,4.47703384645662));
#6987=CARTESIAN_POINT('Ctrl Pts',(-1.15241068334623,2.63392760282234,4.4888871712113));
#6988=CARTESIAN_POINT('Ctrl Pts',(-1.15241068334623,2.63392760282234,4.5));
#6989=CARTESIAN_POINT('',(0.988135061831984,2.69985445896161,1.));
#6990=CARTESIAN_POINT('',(1.15241068334598,2.63392760282172,1.));
#6991=CARTESIAN_POINT('Ctrl Pts',(0.988135061831985,2.6998544589616,1.));
#6992=CARTESIAN_POINT('Ctrl Pts',(0.988135061831985,2.6998544589616,1.01111379436519));
#6993=CARTESIAN_POINT('Ctrl Pts',(0.990223997021333,2.69909278521213,1.02296750117994));
#6994=CARTESIAN_POINT('Ctrl Pts',(0.998705357231115,2.69596606745844,1.04477177368633));
#6995=CARTESIAN_POINT('Ctrl Pts',(1.00509630393952,2.69359763351747,1.05472242813581));
#6996=CARTESIAN_POINT('Ctrl Pts',(1.01981118746888,2.68806100032623,1.07043598564525));
#6997=CARTESIAN_POINT('Ctrl Pts',(1.02911628353702,2.68452297258677,1.07724661204283));
#6998=CARTESIAN_POINT('Ctrl Pts',(1.04945109322524,2.67663899663645,1.08627865043753));
#6999=CARTESIAN_POINT('Ctrl Pts',(1.06047950131456,2.67228961002733,1.0885));
#7000=CARTESIAN_POINT('Ctrl Pts',(1.08110740466964,2.66401112401175,1.0885));
#7001=CARTESIAN_POINT('Ctrl Pts',(1.09208107801487,2.65953055648466,1.08627930757829));
#7002=CARTESIAN_POINT('Ctrl Pts',(1.11221995794431,2.65117155744098,1.07724755425799));
#7003=CARTESIAN_POINT('Ctrl Pts',(1.12138657841849,2.64729652474574,1.07043650075591));
#7004=CARTESIAN_POINT('Ctrl Pts',(1.13584095262532,2.64112704689472,1.05472144331104));
#7005=CARTESIAN_POINT('Ctrl Pts',(1.14209249264831,2.63842190289198,1.04476996908437));
#7006=CARTESIAN_POINT('Ctrl Pts',(1.15037666075282,2.63482047544497,1.02296551998978));
#7007=CARTESIAN_POINT('Ctrl Pts',(1.15241068334598,2.63392760282172,1.0111125117314));
#7008=CARTESIAN_POINT('Ctrl Pts',(1.15241068334598,2.63392760282172,0.999999999999999));
#7009=CARTESIAN_POINT('Ctrl Pts',(1.15241068334598,2.63392760282172,1.));
#7010=CARTESIAN_POINT('Ctrl Pts',(1.15241068334598,2.63392760282172,0.988887171211303));
#7011=CARTESIAN_POINT('Ctrl Pts',(1.15037654567121,2.63482052609624,0.977033846456619));
#7012=CARTESIAN_POINT('Ctrl Pts',(1.14209194266773,2.63842214136724,0.955228914010473));
#7013=CARTESIAN_POINT('Ctrl Pts',(1.13584008268196,2.64112742218921,0.94527727292461));
#7014=CARTESIAN_POINT('Ctrl Pts',(1.12138539620661,2.64729702536047,0.929562551908309));
#7015=CARTESIAN_POINT('Ctrl Pts',(1.1122189276155,2.65117198869057,0.922751846378226));
#7016=CARTESIAN_POINT('Ctrl Pts',(1.09208049159342,2.65953079629562,0.913720566726922));
#7017=CARTESIAN_POINT('Ctrl Pts',(1.0811071104208,2.66401124210106,0.9115));
#7018=CARTESIAN_POINT('Ctrl Pts',(1.06047887711642,2.67228986053343,0.9115));
#7019=CARTESIAN_POINT('Ctrl Pts',(1.04944984270703,2.67663948902596,0.913721616224713));
#7020=CARTESIAN_POINT('Ctrl Pts',(1.0291140716739,2.68452382259019,0.922754659217407));
#7021=CARTESIAN_POINT('Ctrl Pts',(1.0198086408686,2.68806196681611,0.929566023548154));
#7022=CARTESIAN_POINT('Ctrl Pts',(1.0050944194235,2.69359833428129,0.945280294643857));
#7023=CARTESIAN_POINT('Ctrl Pts',(0.998704163938349,2.69596650866405,0.955230595282299));
#7024=CARTESIAN_POINT('Ctrl Pts',(0.99022374614421,2.69909287641048,0.977033842709045));
#7025=CARTESIAN_POINT('Ctrl Pts',(0.988135061831985,2.6998544589616,0.988886878234769));
#7026=CARTESIAN_POINT('Ctrl Pts',(0.988135061831985,2.6998544589616,1.));
#7027=CARTESIAN_POINT('',(0.988135061831984,2.69985445896161,2.75));
#7028=CARTESIAN_POINT('',(1.15241068334598,2.63392760282172,2.75));
#7029=CARTESIAN_POINT('Ctrl Pts',(0.988135061831985,2.6998544589616,2.75));
#7030=CARTESIAN_POINT('Ctrl Pts',(0.988135061831985,2.6998544589616,2.76111312176523));
#7031=CARTESIAN_POINT('Ctrl Pts',(0.99022374614421,2.69909287641048,2.77296615729095));
#7032=CARTESIAN_POINT('Ctrl Pts',(0.998704163938349,2.69596650866405,2.7947694047177));
#7033=CARTESIAN_POINT('Ctrl Pts',(1.0050944194235,2.69359833428129,2.80471970535614));
#7034=CARTESIAN_POINT('Ctrl Pts',(1.0198086408686,2.68806196681611,2.82043397645185));
#7035=CARTESIAN_POINT('Ctrl Pts',(1.0291140716739,2.68452382259019,2.82724534078259));
#7036=CARTESIAN_POINT('Ctrl Pts',(1.04944984270703,2.67663948902596,2.83627838377529));
#7037=CARTESIAN_POINT('Ctrl Pts',(1.06047887711642,2.67228986053343,2.8385));
#7038=CARTESIAN_POINT('Ctrl Pts',(1.08110711042081,2.66401124210106,2.8385));
#7039=CARTESIAN_POINT('Ctrl Pts',(1.09208049159342,2.65953079629562,2.83627943327308));
#7040=CARTESIAN_POINT('Ctrl Pts',(1.1122189276155,2.65117198869057,2.82724815362177));
#7041=CARTESIAN_POINT('Ctrl Pts',(1.12138539620661,2.64729702536047,2.82043744809169));
#7042=CARTESIAN_POINT('Ctrl Pts',(1.13584008268196,2.64112742218921,2.80472272707539));
#7043=CARTESIAN_POINT('Ctrl Pts',(1.14209194266773,2.63842214136724,2.79477108598953));
#7044=CARTESIAN_POINT('Ctrl Pts',(1.15037654567121,2.63482052609624,2.77296615354338));
#7045=CARTESIAN_POINT('Ctrl Pts',(1.15241068334598,2.63392760282172,2.7611128287887));
#7046=CARTESIAN_POINT('Ctrl Pts',(1.15241068334598,2.63392760282172,2.75));
#7047=CARTESIAN_POINT('Ctrl Pts',(1.15241068334598,2.63392760282172,2.75));
#7048=CARTESIAN_POINT('Ctrl Pts',(1.15241068334598,2.63392760282172,2.7388871712113));
#7049=CARTESIAN_POINT('Ctrl Pts',(1.15037654567121,2.63482052609624,2.72703384645662));
#7050=CARTESIAN_POINT('Ctrl Pts',(1.14209194266773,2.63842214136724,2.70522891401047));
#7051=CARTESIAN_POINT('Ctrl Pts',(1.13584008268196,2.64112742218921,2.69527727292461));
#7052=CARTESIAN_POINT('Ctrl Pts',(1.12138539620661,2.64729702536047,2.67956255190831));
#7053=CARTESIAN_POINT('Ctrl Pts',(1.1122189276155,2.65117198869057,2.67275184637823));
#7054=CARTESIAN_POINT('Ctrl Pts',(1.09208049159342,2.65953079629562,2.66372056672692));
#7055=CARTESIAN_POINT('Ctrl Pts',(1.08110711042081,2.66401124210106,2.6615));
#7056=CARTESIAN_POINT('Ctrl Pts',(1.06047887711642,2.67228986053343,2.6615));
#7057=CARTESIAN_POINT('Ctrl Pts',(1.04944984270703,2.67663948902596,2.66372161622471));
#7058=CARTESIAN_POINT('Ctrl Pts',(1.0291140716739,2.68452382259019,2.67275465921741));
#7059=CARTESIAN_POINT('Ctrl Pts',(1.0198086408686,2.68806196681611,2.67956602354815));
#7060=CARTESIAN_POINT('Ctrl Pts',(1.0050944194235,2.69359833428129,2.69528029464386));
#7061=CARTESIAN_POINT('Ctrl Pts',(0.998704163938349,2.69596650866405,2.7052305952823));
#7062=CARTESIAN_POINT('Ctrl Pts',(0.99022374614421,2.69909287641048,2.72703384270905));
#7063=CARTESIAN_POINT('Ctrl Pts',(0.988135061831984,2.6998544589616,2.73888687823477));
#7064=CARTESIAN_POINT('Ctrl Pts',(0.988135061831984,2.6998544589616,2.75));
#7065=CARTESIAN_POINT('',(0.988135061831984,2.69985445896161,4.5));
#7066=CARTESIAN_POINT('',(1.15241068334598,2.63392760282172,4.5));
#7067=CARTESIAN_POINT('Ctrl Pts',(0.988135061831984,2.6998544589616,4.5));
#7068=CARTESIAN_POINT('Ctrl Pts',(0.988135061831984,2.6998544589616,4.51111312176523));
#7069=CARTESIAN_POINT('Ctrl Pts',(0.99022374614421,2.69909287641048,4.52296615729095));
#7070=CARTESIAN_POINT('Ctrl Pts',(0.998704163938349,2.69596650866405,4.5447694047177));
#7071=CARTESIAN_POINT('Ctrl Pts',(1.0050944194235,2.69359833428129,4.55471970535614));
#7072=CARTESIAN_POINT('Ctrl Pts',(1.0198086408686,2.68806196681611,4.57043397645185));
#7073=CARTESIAN_POINT('Ctrl Pts',(1.0291140716739,2.68452382259019,4.57724534078259));
#7074=CARTESIAN_POINT('Ctrl Pts',(1.04944984270703,2.67663948902596,4.58627838377529));
#7075=CARTESIAN_POINT('Ctrl Pts',(1.06047887711642,2.67228986053343,4.5885));
#7076=CARTESIAN_POINT('Ctrl Pts',(1.08110711042081,2.66401124210106,4.5885));
#7077=CARTESIAN_POINT('Ctrl Pts',(1.09208049159342,2.65953079629562,4.58627943327308));
#7078=CARTESIAN_POINT('Ctrl Pts',(1.1122189276155,2.65117198869057,4.57724815362177));
#7079=CARTESIAN_POINT('Ctrl Pts',(1.12138539620661,2.64729702536047,4.57043744809169));
#7080=CARTESIAN_POINT('Ctrl Pts',(1.13584008268196,2.64112742218921,4.55472272707539));
#7081=CARTESIAN_POINT('Ctrl Pts',(1.14209194266773,2.63842214136724,4.54477108598953));
#7082=CARTESIAN_POINT('Ctrl Pts',(1.15037654567121,2.63482052609624,4.52296615354338));
#7083=CARTESIAN_POINT('Ctrl Pts',(1.15241068334598,2.63392760282172,4.5111128287887));
#7084=CARTESIAN_POINT('Ctrl Pts',(1.15241068334598,2.63392760282172,4.5));
#7085=CARTESIAN_POINT('Ctrl Pts',(1.15241068334598,2.63392760282172,4.5));
#7086=CARTESIAN_POINT('Ctrl Pts',(1.15241068334598,2.63392760282172,4.4888871712113));
#7087=CARTESIAN_POINT('Ctrl Pts',(1.15037654567121,2.63482052609624,4.47703384645662));
#7088=CARTESIAN_POINT('Ctrl Pts',(1.14209194266773,2.63842214136724,4.45522891401047));
#7089=CARTESIAN_POINT('Ctrl Pts',(1.13584008268196,2.64112742218921,4.44527727292461));
#7090=CARTESIAN_POINT('Ctrl Pts',(1.12138539620661,2.64729702536047,4.42956255190831));
#7091=CARTESIAN_POINT('Ctrl Pts',(1.1122189276155,2.65117198869057,4.42275184637823));
#7092=CARTESIAN_POINT('Ctrl Pts',(1.09208049159342,2.65953079629562,4.41372056672692));
#7093=CARTESIAN_POINT('Ctrl Pts',(1.08110711042081,2.66401124210106,4.4115));
#7094=CARTESIAN_POINT('Ctrl Pts',(1.06047887711642,2.67228986053343,4.4115));
#7095=CARTESIAN_POINT('Ctrl Pts',(1.04944984270703,2.67663948902596,4.41372161622471));
#7096=CARTESIAN_POINT('Ctrl Pts',(1.0291140716739,2.68452382259019,4.42275465921741));
#7097=CARTESIAN_POINT('Ctrl Pts',(1.0198086408686,2.68806196681611,4.42956602354815));
#7098=CARTESIAN_POINT('Ctrl Pts',(1.0050944194235,2.69359833428129,4.44528029464386));
#7099=CARTESIAN_POINT('Ctrl Pts',(0.998704163938349,2.69596650866405,4.4552305952823));
#7100=CARTESIAN_POINT('Ctrl Pts',(0.99022374614421,2.69909287641048,4.47703384270905));
#7101=CARTESIAN_POINT('Ctrl Pts',(0.988135061831985,2.6998544589616,4.48888687823477));
#7102=CARTESIAN_POINT('Ctrl Pts',(0.988135061831985,2.6998544589616,4.5));
#7103=CARTESIAN_POINT('',(-0.375,2.85043856274772,2.37500005782741));
#7104=CARTESIAN_POINT('',(0.375,2.8504385627475,2.37500005782741));
#7105=CARTESIAN_POINT('Ctrl Pts',(-0.375000000000001,2.85043856274772,2.37500005782741));
#7106=CARTESIAN_POINT('Ctrl Pts',(-0.375000000000001,2.85043856274772,2.32785626822711));
#7107=CARTESIAN_POINT('Ctrl Pts',(-0.365567290886788,2.85172884837789,2.27760725392023));
#7108=CARTESIAN_POINT('Ctrl Pts',(-0.327280568414653,2.85637607741477,2.18523115840105));
#7109=CARTESIAN_POINT('Ctrl Pts',(-0.298429463763506,2.85966446814351,2.143099435701));
#7110=CARTESIAN_POINT('Ctrl Pts',(-0.231900952025913,2.86582674659827,2.07657092396341));
#7111=CARTESIAN_POINT('Ctrl Pts',(-0.189769086142915,2.86910288876551,2.04771956074073));
#7112=CARTESIAN_POINT('Ctrl Pts',(-0.0973925048267727,2.87372204506868,
2.00943264904168));
#7113=CARTESIAN_POINT('Ctrl Pts',(-0.0471433220523135,2.87499999999979,
2.00000005782741));
#7114=CARTESIAN_POINT('Ctrl Pts',(0.0471433220523127,2.87499999999977,2.00000005782741));
#7115=CARTESIAN_POINT('Ctrl Pts',(0.0973925048267725,2.87372204506862,2.00943264904168));
#7116=CARTESIAN_POINT('Ctrl Pts',(0.189769086142915,2.86910288876539,2.04771956074074));
#7117=CARTESIAN_POINT('Ctrl Pts',(0.231900952025913,2.86582674659813,2.07657092396341));
#7118=CARTESIAN_POINT('Ctrl Pts',(0.298429463763504,2.85966446814333,2.143099435701));
#7119=CARTESIAN_POINT('Ctrl Pts',(0.327280568414651,2.85637607741458,2.18523115840105));
#7120=CARTESIAN_POINT('Ctrl Pts',(0.365567290886786,2.85172884837767,2.27760725392023));
#7121=CARTESIAN_POINT('Ctrl Pts',(0.374999999999999,2.8504385627475,2.32785626822711));
#7122=CARTESIAN_POINT('Ctrl Pts',(0.374999999999999,2.8504385627475,2.37500005782741));
#7123=CARTESIAN_POINT('',(-0.375,2.85043856274772,3.12500005782741));
#7124=CARTESIAN_POINT('',(-0.375,2.85043856274772,5.5));
#7125=CARTESIAN_POINT('',(0.375,2.8504385627475,3.12500005782741));
#7126=CARTESIAN_POINT('Ctrl Pts',(0.374999999999999,2.8504385627475,3.12500005782741));
#7127=CARTESIAN_POINT('Ctrl Pts',(0.374999999999999,2.8504385627475,3.1721438474277));
#7128=CARTESIAN_POINT('Ctrl Pts',(0.365567290886786,2.85172884837767,3.22239286173458));
#7129=CARTESIAN_POINT('Ctrl Pts',(0.32728056841465,2.85637607741458,3.31476895725376));
#7130=CARTESIAN_POINT('Ctrl Pts',(0.298429463763504,2.85966446814333,3.35690067995381));
#7131=CARTESIAN_POINT('Ctrl Pts',(0.231900952025913,2.86582674659813,3.4234291916914));
#7132=CARTESIAN_POINT('Ctrl Pts',(0.189769086142915,2.86910288876539,3.45228055491407));
#7133=CARTESIAN_POINT('Ctrl Pts',(0.0973925048267727,2.87372204506862,3.49056746661313));
#7134=CARTESIAN_POINT('Ctrl Pts',(0.0471433220523127,2.87499999999977,3.50000005782741));
#7135=CARTESIAN_POINT('Ctrl Pts',(-0.0471433220523135,2.87499999999979,
3.50000005782741));
#7136=CARTESIAN_POINT('Ctrl Pts',(-0.0973925048267727,2.87372204506868,
3.49056746661313));
#7137=CARTESIAN_POINT('Ctrl Pts',(-0.189769086142914,2.86910288876551,3.45228055491408));
#7138=CARTESIAN_POINT('Ctrl Pts',(-0.231900952025913,2.86582674659827,3.4234291916914));
#7139=CARTESIAN_POINT('Ctrl Pts',(-0.298429463763506,2.85966446814351,3.35690067995381));
#7140=CARTESIAN_POINT('Ctrl Pts',(-0.327280568414652,2.85637607741477,3.31476895725376));
#7141=CARTESIAN_POINT('Ctrl Pts',(-0.365567290886788,2.85172884837789,3.22239286173458));
#7142=CARTESIAN_POINT('Ctrl Pts',(-0.375000000000001,2.85043856274772,3.1721438474277));
#7143=CARTESIAN_POINT('Ctrl Pts',(-0.375000000000001,2.85043856274772,3.12500005782741));
#7144=CARTESIAN_POINT('',(0.375,2.8504385627475,5.5));
#7145=CARTESIAN_POINT('',(-0.375,2.85043856274772,4.125));
#7146=CARTESIAN_POINT('',(0.375,2.8504385627475,4.125));
#7147=CARTESIAN_POINT('Ctrl Pts',(-0.375,2.85043856274772,4.125));
#7148=CARTESIAN_POINT('Ctrl Pts',(-0.375,2.85043856274772,4.0778562103997));
#7149=CARTESIAN_POINT('Ctrl Pts',(-0.365567290886787,2.85172884837789,4.02760719609283));
#7150=CARTESIAN_POINT('Ctrl Pts',(-0.327280568414651,2.85637607741477,3.93523110057364));
#7151=CARTESIAN_POINT('Ctrl Pts',(-0.298429463763504,2.85966446814351,3.89309937787359));
#7152=CARTESIAN_POINT('Ctrl Pts',(-0.231900952025912,2.86582674659827,3.826570866136));
#7153=CARTESIAN_POINT('Ctrl Pts',(-0.189769086142914,2.86910288876551,3.79771950291333));
#7154=CARTESIAN_POINT('Ctrl Pts',(-0.0973925048267718,2.87372204506868,
3.75943259121428));
#7155=CARTESIAN_POINT('Ctrl Pts',(-0.0471433220523124,2.87499999999979,
3.75));
#7156=CARTESIAN_POINT('Ctrl Pts',(0.0471433220523138,2.87499999999977,3.75));
#7157=CARTESIAN_POINT('Ctrl Pts',(0.0973925048267737,2.87372204506862,3.75943259121428));
#7158=CARTESIAN_POINT('Ctrl Pts',(0.189769086142916,2.86910288876539,3.79771950291333));
#7159=CARTESIAN_POINT('Ctrl Pts',(0.231900952025914,2.86582674659813,3.826570866136));
#7160=CARTESIAN_POINT('Ctrl Pts',(0.298429463763505,2.85966446814333,3.89309937787359));
#7161=CARTESIAN_POINT('Ctrl Pts',(0.327280568414652,2.85637607741458,3.93523110057364));
#7162=CARTESIAN_POINT('Ctrl Pts',(0.365567290886787,2.85172884837767,4.02760719609283));
#7163=CARTESIAN_POINT('Ctrl Pts',(0.375,2.8504385627475,4.0778562103997));
#7164=CARTESIAN_POINT('Ctrl Pts',(0.375,2.8504385627475,4.125));
#7165=CARTESIAN_POINT('',(-0.375,2.85043856274772,4.875));
#7166=CARTESIAN_POINT('',(-0.375,2.85043856274772,5.5));
#7167=CARTESIAN_POINT('',(0.375,2.8504385627475,4.875));
#7168=CARTESIAN_POINT('Ctrl Pts',(0.375,2.8504385627475,4.875));
#7169=CARTESIAN_POINT('Ctrl Pts',(0.375,2.8504385627475,4.9221437896003));
#7170=CARTESIAN_POINT('Ctrl Pts',(0.365567290886787,2.85172884837767,4.97239280390717));
#7171=CARTESIAN_POINT('Ctrl Pts',(0.327280568414652,2.85637607741458,5.06476889942636));
#7172=CARTESIAN_POINT('Ctrl Pts',(0.298429463763505,2.85966446814333,5.1069006221264));
#7173=CARTESIAN_POINT('Ctrl Pts',(0.231900952025914,2.86582674659813,5.173429133864));
#7174=CARTESIAN_POINT('Ctrl Pts',(0.189769086142916,2.86910288876539,5.20228049708667));
#7175=CARTESIAN_POINT('Ctrl Pts',(0.0973925048267737,2.87372204506862,5.24056740878572));
#7176=CARTESIAN_POINT('Ctrl Pts',(0.0471433220523139,2.87499999999977,5.25));
#7177=CARTESIAN_POINT('Ctrl Pts',(-0.0471433220523124,2.87499999999979,
5.25));
#7178=CARTESIAN_POINT('Ctrl Pts',(-0.0973925048267715,2.87372204506868,
5.24056740878572));
#7179=CARTESIAN_POINT('Ctrl Pts',(-0.189769086142913,2.86910288876551,5.20228049708667));
#7180=CARTESIAN_POINT('Ctrl Pts',(-0.231900952025912,2.86582674659827,5.173429133864));
#7181=CARTESIAN_POINT('Ctrl Pts',(-0.298429463763504,2.85966446814351,5.10690062212641));
#7182=CARTESIAN_POINT('Ctrl Pts',(-0.327280568414651,2.85637607741477,5.06476889942636));
#7183=CARTESIAN_POINT('Ctrl Pts',(-0.365567290886787,2.85172884837789,4.97239280390717));
#7184=CARTESIAN_POINT('Ctrl Pts',(-0.375,2.85043856274772,4.9221437896003));
#7185=CARTESIAN_POINT('Ctrl Pts',(-0.375,2.85043856274772,4.875));
#7186=CARTESIAN_POINT('',(0.375,2.8504385627475,5.5));
#7187=CARTESIAN_POINT('',(-0.375,2.85043856274772,0.625));
#7188=CARTESIAN_POINT('',(0.375,2.8504385627475,0.625));
#7189=CARTESIAN_POINT('Ctrl Pts',(-0.375,2.85043856274772,0.625));
#7190=CARTESIAN_POINT('Ctrl Pts',(-0.375,2.85043856274772,0.577856210399701));
#7191=CARTESIAN_POINT('Ctrl Pts',(-0.365567290886788,2.85172884837789,0.527607196092828));
#7192=CARTESIAN_POINT('Ctrl Pts',(-0.327280568414652,2.85637607741477,0.435231100573643));
#7193=CARTESIAN_POINT('Ctrl Pts',(-0.298429463763506,2.85966446814351,0.393099377873595));
#7194=CARTESIAN_POINT('Ctrl Pts',(-0.231900952025913,2.86582674659827,0.326570866136002));
#7195=CARTESIAN_POINT('Ctrl Pts',(-0.189769086142915,2.86910288876551,0.29771950291333));
#7196=CARTESIAN_POINT('Ctrl Pts',(-0.0973925048267725,2.87372204506868,
0.259432591214278));
#7197=CARTESIAN_POINT('Ctrl Pts',(-0.047143322052313,2.87499999999979,0.25));
#7198=CARTESIAN_POINT('Ctrl Pts',(0.0471433220523132,2.87499999999977,0.25));
#7199=CARTESIAN_POINT('Ctrl Pts',(0.0973925048267729,2.87372204506862,0.259432591214279));
#7200=CARTESIAN_POINT('Ctrl Pts',(0.189769086142915,2.86910288876539,0.297719502913331));
#7201=CARTESIAN_POINT('Ctrl Pts',(0.231900952025913,2.86582674659813,0.326570866136002));
#7202=CARTESIAN_POINT('Ctrl Pts',(0.298429463763504,2.85966446814333,0.393099377873594));
#7203=CARTESIAN_POINT('Ctrl Pts',(0.327280568414651,2.85637607741458,0.435231100573642));
#7204=CARTESIAN_POINT('Ctrl Pts',(0.365567290886787,2.85172884837767,0.527607196092827));
#7205=CARTESIAN_POINT('Ctrl Pts',(0.375,2.8504385627475,0.577856210399701));
#7206=CARTESIAN_POINT('Ctrl Pts',(0.375,2.8504385627475,0.625));
#7207=CARTESIAN_POINT('',(-0.375,2.85043856274772,1.375));
#7208=CARTESIAN_POINT('',(-0.375,2.85043856274772,5.5));
#7209=CARTESIAN_POINT('',(0.375,2.8504385627475,1.375));
#7210=CARTESIAN_POINT('Ctrl Pts',(0.375,2.8504385627475,1.375));
#7211=CARTESIAN_POINT('Ctrl Pts',(0.375,2.8504385627475,1.4221437896003));
#7212=CARTESIAN_POINT('Ctrl Pts',(0.365567290886787,2.85172884837767,1.47239280390717));
#7213=CARTESIAN_POINT('Ctrl Pts',(0.327280568414652,2.85637607741458,1.56476889942636));
#7214=CARTESIAN_POINT('Ctrl Pts',(0.298429463763505,2.85966446814333,1.6069006221264));
#7215=CARTESIAN_POINT('Ctrl Pts',(0.231900952025913,2.86582674659813,1.673429133864));
#7216=CARTESIAN_POINT('Ctrl Pts',(0.189769086142916,2.86910288876539,1.70228049708667));
#7217=CARTESIAN_POINT('Ctrl Pts',(0.0973925048267733,2.87372204506862,1.74056740878572));
#7218=CARTESIAN_POINT('Ctrl Pts',(0.0471433220523135,2.87499999999977,1.75));
#7219=CARTESIAN_POINT('Ctrl Pts',(-0.0471433220523127,2.87499999999979,
1.75));
#7220=CARTESIAN_POINT('Ctrl Pts',(-0.0973925048267717,2.87372204506868,
1.74056740878572));
#7221=CARTESIAN_POINT('Ctrl Pts',(-0.189769086142914,2.86910288876551,1.70228049708667));
#7222=CARTESIAN_POINT('Ctrl Pts',(-0.231900952025912,2.86582674659827,1.673429133864));
#7223=CARTESIAN_POINT('Ctrl Pts',(-0.298429463763505,2.85966446814351,1.60690062212641));
#7224=CARTESIAN_POINT('Ctrl Pts',(-0.327280568414652,2.85637607741477,1.56476889942636));
#7225=CARTESIAN_POINT('Ctrl Pts',(-0.365567290886788,2.85172884837789,1.47239280390717));
#7226=CARTESIAN_POINT('Ctrl Pts',(-0.375,2.85043856274772,1.4221437896003));
#7227=CARTESIAN_POINT('Ctrl Pts',(-0.375,2.85043856274772,1.375));
#7228=CARTESIAN_POINT('',(0.375,2.8504385627475,5.5));
#7229=CARTESIAN_POINT('Origin',(4.78073398891244E-16,4.37095678986283E-15,
5.5));
#7230=CARTESIAN_POINT('',(-0.782341303734835,2.79767172564446,0.));
#7231=CARTESIAN_POINT('',(0.782341303734835,2.79767172564446,0.));
#7232=CARTESIAN_POINT('Origin',(4.78073398891244E-16,4.37095678986283E-15,
0.));
#7233=CARTESIAN_POINT('',(-0.782341303734835,2.79767172564446,5.5));
#7234=CARTESIAN_POINT('',(-0.782341303734835,2.79767172564446,2.75));
#7235=CARTESIAN_POINT('',(0.782341303734835,2.79767172564446,5.5));
#7236=CARTESIAN_POINT('Origin',(4.78073398891244E-16,4.37095678986283E-15,
5.5));
#7237=CARTESIAN_POINT('',(0.782341303734835,2.79767172564447,2.75));
#7238=CARTESIAN_POINT('',(-0.375,2.88069436074013,3.12500005782741));
#7239=CARTESIAN_POINT('',(-0.375,2.88069436074013,2.37500005782741));
#7240=CARTESIAN_POINT('',(-0.375,2.88069436074013,5.5));
#7241=CARTESIAN_POINT('',(0.375,2.88069436074013,2.37500005782741));
#7242=CARTESIAN_POINT('Ctrl Pts',(-0.375000000000001,2.88069436074014,2.37500005782741));
#7243=CARTESIAN_POINT('Ctrl Pts',(-0.375000000000001,2.88069436074014,2.32785747340803));
#7244=CARTESIAN_POINT('Ctrl Pts',(-0.365567759614502,2.88197102046682,2.27760896579318));
#7245=CARTESIAN_POINT('Ctrl Pts',(-0.327281377471834,2.88656952920767,2.18523252951615));
#7246=CARTESIAN_POINT('Ctrl Pts',(-0.298430085489849,2.88982358359205,2.14310005742734));
#7247=CARTESIAN_POINT('Ctrl Pts',(-0.231900316783152,2.89592180178616,2.07657028872064));
#7248=CARTESIAN_POINT('Ctrl Pts',(-0.189767707321625,2.89916398544598,2.04771874878562));
#7249=CARTESIAN_POINT('Ctrl Pts',(-0.0973908051901743,2.90373528894196,
2.00943218509006));
#7250=CARTESIAN_POINT('Ctrl Pts',(-0.0471421360472899,2.905,2.00000005782741));
#7251=CARTESIAN_POINT('Ctrl Pts',(0.0471421360472876,2.905,2.00000005782741));
#7252=CARTESIAN_POINT('Ctrl Pts',(0.0973908051901721,2.90373528894196,2.00943218509006));
#7253=CARTESIAN_POINT('Ctrl Pts',(0.189767707321623,2.89916398544598,2.04771874878562));
#7254=CARTESIAN_POINT('Ctrl Pts',(0.231900316783149,2.89592180178616,2.07657028872064));
#7255=CARTESIAN_POINT('Ctrl Pts',(0.298430085489847,2.88982358359205,2.14310005742734));
#7256=CARTESIAN_POINT('Ctrl Pts',(0.327281377471832,2.88656952920767,2.18523252951615));
#7257=CARTESIAN_POINT('Ctrl Pts',(0.365567759614499,2.88197102046682,2.27760896579318));
#7258=CARTESIAN_POINT('Ctrl Pts',(0.374999999999999,2.88069436074014,2.32785747340803));
#7259=CARTESIAN_POINT('Ctrl Pts',(0.374999999999999,2.88069436074014,2.37500005782741));
#7260=CARTESIAN_POINT('',(0.375,2.88069436074013,3.12500005782741));
#7261=CARTESIAN_POINT('',(0.375,2.88069436074013,5.5));
#7262=CARTESIAN_POINT('Ctrl Pts',(0.374999999999999,2.88069436074014,3.12500005782741));
#7263=CARTESIAN_POINT('Ctrl Pts',(0.374999999999999,2.88069436074014,3.17214264224678));
#7264=CARTESIAN_POINT('Ctrl Pts',(0.3655677596145,2.88197102046682,3.22239114986163));
#7265=CARTESIAN_POINT('Ctrl Pts',(0.327281377471832,2.88656952920767,3.31476758613866));
#7266=CARTESIAN_POINT('Ctrl Pts',(0.298430085489847,2.88982358359205,3.35690005822747));
#7267=CARTESIAN_POINT('Ctrl Pts',(0.231900316783149,2.89592180178616,3.42342982693417));
#7268=CARTESIAN_POINT('Ctrl Pts',(0.189767707321623,2.89916398544598,3.45228136686919));
#7269=CARTESIAN_POINT('Ctrl Pts',(0.0973908051901722,2.90373528894196,3.49056793056475));
#7270=CARTESIAN_POINT('Ctrl Pts',(0.0471421360472876,2.905,3.50000005782741));
#7271=CARTESIAN_POINT('Ctrl Pts',(-0.0471421360472899,2.905,3.50000005782741));
#7272=CARTESIAN_POINT('Ctrl Pts',(-0.0973908051901745,2.90373528894196,
3.49056793056475));
#7273=CARTESIAN_POINT('Ctrl Pts',(-0.189767707321625,2.89916398544598,3.45228136686919));
#7274=CARTESIAN_POINT('Ctrl Pts',(-0.231900316783152,2.89592180178616,3.42342982693417));
#7275=CARTESIAN_POINT('Ctrl Pts',(-0.298430085489849,2.88982358359205,3.35690005822747));
#7276=CARTESIAN_POINT('Ctrl Pts',(-0.327281377471834,2.88656952920767,3.31476758613866));
#7277=CARTESIAN_POINT('Ctrl Pts',(-0.365567759614502,2.88197102046682,3.22239114986163));
#7278=CARTESIAN_POINT('Ctrl Pts',(-0.375000000000001,2.88069436074014,3.17214264224678));
#7279=CARTESIAN_POINT('Ctrl Pts',(-0.375000000000001,2.88069436074014,3.12500005782741));
#7280=CARTESIAN_POINT('',(-0.375,2.88069436074013,1.375));
#7281=CARTESIAN_POINT('',(-0.375,2.88069436074013,0.625));
#7282=CARTESIAN_POINT('',(-0.375,2.88069436074013,5.5));
#7283=CARTESIAN_POINT('',(0.375,2.88069436074013,0.625));
#7284=CARTESIAN_POINT('Ctrl Pts',(-0.375,2.88069436074014,0.625));
#7285=CARTESIAN_POINT('Ctrl Pts',(-0.375,2.88069436074014,0.577857415580628));
#7286=CARTESIAN_POINT('Ctrl Pts',(-0.365567759614501,2.88197102046682,0.527608907965772));
#7287=CARTESIAN_POINT('Ctrl Pts',(-0.327281377471833,2.88656952920767,0.43523247168874));
#7288=CARTESIAN_POINT('Ctrl Pts',(-0.298430085489848,2.88982358359205,0.393099999599937));
#7289=CARTESIAN_POINT('Ctrl Pts',(-0.231900316783151,2.89592180178616,0.32657023089324));
#7290=CARTESIAN_POINT('Ctrl Pts',(-0.189767707321624,2.89916398544598,0.297718690958211));
#7291=CARTESIAN_POINT('Ctrl Pts',(-0.0973908051901736,2.90373528894196,
0.259432127262657));
#7292=CARTESIAN_POINT('Ctrl Pts',(-0.0471421360472891,2.905,0.25));
#7293=CARTESIAN_POINT('Ctrl Pts',(0.0471421360472884,2.905,0.25));
#7294=CARTESIAN_POINT('Ctrl Pts',(0.0973908051901729,2.90373528894196,0.259432127262657));
#7295=CARTESIAN_POINT('Ctrl Pts',(0.189767707321624,2.89916398544598,0.297718690958212));
#7296=CARTESIAN_POINT('Ctrl Pts',(0.23190031678315,2.89592180178616,0.32657023089324));
#7297=CARTESIAN_POINT('Ctrl Pts',(0.298430085489847,2.88982358359205,0.393099999599937));
#7298=CARTESIAN_POINT('Ctrl Pts',(0.327281377471832,2.88656952920767,0.43523247168874));
#7299=CARTESIAN_POINT('Ctrl Pts',(0.3655677596145,2.88197102046682,0.527608907965772));
#7300=CARTESIAN_POINT('Ctrl Pts',(0.375,2.88069436074014,0.577857415580629));
#7301=CARTESIAN_POINT('Ctrl Pts',(0.375,2.88069436074014,0.625));
#7302=CARTESIAN_POINT('',(0.375,2.88069436074013,1.375));
#7303=CARTESIAN_POINT('',(0.375,2.88069436074013,5.5));
#7304=CARTESIAN_POINT('Ctrl Pts',(0.375,2.88069436074014,1.375));
#7305=CARTESIAN_POINT('Ctrl Pts',(0.375,2.88069436074014,1.42214258441937));
#7306=CARTESIAN_POINT('Ctrl Pts',(0.3655677596145,2.88197102046682,1.47239109203423));
#7307=CARTESIAN_POINT('Ctrl Pts',(0.327281377471832,2.88656952920767,1.56476752831126));
#7308=CARTESIAN_POINT('Ctrl Pts',(0.298430085489847,2.88982358359205,1.60690000040006));
#7309=CARTESIAN_POINT('Ctrl Pts',(0.23190031678315,2.89592180178616,1.67342976910676));
#7310=CARTESIAN_POINT('Ctrl Pts',(0.189767707321624,2.89916398544598,1.70228130904179));
#7311=CARTESIAN_POINT('Ctrl Pts',(0.0973908051901728,2.90373528894196,1.74056787273734));
#7312=CARTESIAN_POINT('Ctrl Pts',(0.0471421360472884,2.905,1.75));
#7313=CARTESIAN_POINT('Ctrl Pts',(-0.0471421360472891,2.905,1.75));
#7314=CARTESIAN_POINT('Ctrl Pts',(-0.0973908051901733,2.90373528894196,
1.74056787273734));
#7315=CARTESIAN_POINT('Ctrl Pts',(-0.189767707321624,2.89916398544598,1.70228130904179));
#7316=CARTESIAN_POINT('Ctrl Pts',(-0.231900316783151,2.89592180178616,1.67342976910676));
#7317=CARTESIAN_POINT('Ctrl Pts',(-0.298430085489848,2.88982358359205,1.60690000040006));
#7318=CARTESIAN_POINT('Ctrl Pts',(-0.327281377471833,2.88656952920767,1.56476752831126));
#7319=CARTESIAN_POINT('Ctrl Pts',(-0.365567759614501,2.88197102046682,1.47239109203423));
#7320=CARTESIAN_POINT('Ctrl Pts',(-0.375,2.88069436074014,1.42214258441937));
#7321=CARTESIAN_POINT('Ctrl Pts',(-0.375,2.88069436074014,1.375));
#7322=CARTESIAN_POINT('',(-0.375,2.88069436074013,4.875));
#7323=CARTESIAN_POINT('',(-0.375,2.88069436074013,4.125));
#7324=CARTESIAN_POINT('',(-0.375,2.88069436074013,5.5));
#7325=CARTESIAN_POINT('',(0.375,2.88069436074013,4.125));
#7326=CARTESIAN_POINT('Ctrl Pts',(-0.375,2.88069436074014,4.125));
#7327=CARTESIAN_POINT('Ctrl Pts',(-0.375,2.88069436074014,4.07785741558063));
#7328=CARTESIAN_POINT('Ctrl Pts',(-0.3655677596145,2.88197102046682,4.02760890796577));
#7329=CARTESIAN_POINT('Ctrl Pts',(-0.327281377471833,2.88656952920767,3.93523247168874));
#7330=CARTESIAN_POINT('Ctrl Pts',(-0.298430085489848,2.88982358359205,3.89309999959994));
#7331=CARTESIAN_POINT('Ctrl Pts',(-0.23190031678315,2.89592180178616,3.82657023089324));
#7332=CARTESIAN_POINT('Ctrl Pts',(-0.189767707321624,2.89916398544598,3.79771869095821));
#7333=CARTESIAN_POINT('Ctrl Pts',(-0.0973908051901731,2.90373528894196,
3.75943212726266));
#7334=CARTESIAN_POINT('Ctrl Pts',(-0.0471421360472887,2.905,3.75));
#7335=CARTESIAN_POINT('Ctrl Pts',(0.0471421360472888,2.905,3.75));
#7336=CARTESIAN_POINT('Ctrl Pts',(0.0973908051901731,2.90373528894196,3.75943212726266));
#7337=CARTESIAN_POINT('Ctrl Pts',(0.189767707321624,2.89916398544598,3.79771869095821));
#7338=CARTESIAN_POINT('Ctrl Pts',(0.23190031678315,2.89592180178616,3.82657023089324));
#7339=CARTESIAN_POINT('Ctrl Pts',(0.298430085489848,2.88982358359205,3.89309999959994));
#7340=CARTESIAN_POINT('Ctrl Pts',(0.327281377471833,2.88656952920767,3.93523247168874));
#7341=CARTESIAN_POINT('Ctrl Pts',(0.3655677596145,2.88197102046682,4.02760890796577));
#7342=CARTESIAN_POINT('Ctrl Pts',(0.375,2.88069436074014,4.07785741558063));
#7343=CARTESIAN_POINT('Ctrl Pts',(0.375,2.88069436074014,4.125));
#7344=CARTESIAN_POINT('',(0.375,2.88069436074013,4.875));
#7345=CARTESIAN_POINT('',(0.375,2.88069436074013,5.5));
#7346=CARTESIAN_POINT('Ctrl Pts',(0.375,2.88069436074014,4.875));
#7347=CARTESIAN_POINT('Ctrl Pts',(0.375,2.88069436074014,4.92214258441937));
#7348=CARTESIAN_POINT('Ctrl Pts',(0.3655677596145,2.88197102046682,4.97239109203423));
#7349=CARTESIAN_POINT('Ctrl Pts',(0.327281377471833,2.88656952920767,5.06476752831126));
#7350=CARTESIAN_POINT('Ctrl Pts',(0.298430085489848,2.88982358359205,5.10690000040006));
#7351=CARTESIAN_POINT('Ctrl Pts',(0.23190031678315,2.89592180178616,5.17342976910676));
#7352=CARTESIAN_POINT('Ctrl Pts',(0.189767707321624,2.89916398544598,5.20228130904179));
#7353=CARTESIAN_POINT('Ctrl Pts',(0.0973908051901732,2.90373528894196,5.24056787273734));
#7354=CARTESIAN_POINT('Ctrl Pts',(0.0471421360472888,2.905,5.25));
#7355=CARTESIAN_POINT('Ctrl Pts',(-0.0471421360472887,2.905,5.25));
#7356=CARTESIAN_POINT('Ctrl Pts',(-0.0973908051901731,2.90373528894196,
5.24056787273734));
#7357=CARTESIAN_POINT('Ctrl Pts',(-0.189767707321624,2.89916398544598,5.20228130904179));
#7358=CARTESIAN_POINT('Ctrl Pts',(-0.23190031678315,2.89592180178616,5.17342976910676));
#7359=CARTESIAN_POINT('Ctrl Pts',(-0.298430085489848,2.88982358359205,5.10690000040006));
#7360=CARTESIAN_POINT('Ctrl Pts',(-0.327281377471833,2.88656952920767,5.06476752831126));
#7361=CARTESIAN_POINT('Ctrl Pts',(-0.3655677596145,2.88197102046682,4.97239109203423));
#7362=CARTESIAN_POINT('Ctrl Pts',(-0.375,2.88069436074014,4.92214258441937));
#7363=CARTESIAN_POINT('Ctrl Pts',(-0.375,2.88069436074014,4.875));
#7364=CARTESIAN_POINT('Origin',(8.19554398099279E-16,5.46369598732854E-16,
5.5));
#7365=CARTESIAN_POINT('',(-4.5,7.79422863405996,0.));
#7366=CARTESIAN_POINT('',(4.5,7.79422863405996,0.));
#7367=CARTESIAN_POINT('Origin',(8.19554398099279E-16,5.46369598732854E-16,
0.));
#7368=CARTESIAN_POINT('',(-4.5,7.79422863405996,5.5));
#7369=CARTESIAN_POINT('',(-4.5,7.79422863405996,5.5));
#7370=CARTESIAN_POINT('',(4.5,7.79422863405996,5.5));
#7371=CARTESIAN_POINT('Origin',(8.19554398099279E-16,5.46369598732854E-16,
5.5));
#7372=CARTESIAN_POINT('',(4.5,7.79422863405996,5.5));
#7373=CARTESIAN_POINT('Origin',(-1.475,2.55477494116409,5.5));
#7374=CARTESIAN_POINT('',(-1.475,2.55477494116409,0.));
#7375=CARTESIAN_POINT('',(-1.475,2.55477494116409,5.5));
#7376=CARTESIAN_POINT('Origin',(-1.11836047866135,2.78298478165363,5.5));
#7377=CARTESIAN_POINT('',(-1.29174922495695,2.71116481137513,5.5));
#7378=CARTESIAN_POINT('',(-0.993624151535748,2.83465226006967,5.5));
#7379=CARTESIAN_POINT('',(-1.11836047866135,2.78298478165363,5.5));
#7380=CARTESIAN_POINT('',(-0.993624151535748,2.83465226006967,0.));
#7381=CARTESIAN_POINT('',(-0.993624151535748,2.83465226006967,5.5));
#7382=CARTESIAN_POINT('',(-1.29174922495695,2.71116481137513,0.));
#7383=CARTESIAN_POINT('',(-1.11836047866135,2.78298478165363,0.));
#7384=CARTESIAN_POINT('',(-1.29174922495695,2.71116481137513,5.5));
#7385=CARTESIAN_POINT('',(-1.0365971400341,2.81685226541794,4.5));
#7386=CARTESIAN_POINT('Origin',(-1.11836047866135,2.78298478165363,4.5));
#7387=CARTESIAN_POINT('',(-1.0365971400341,2.81685226541794,2.75));
#7388=CARTESIAN_POINT('Origin',(-1.11836047866135,2.78298478165363,2.75));
#7389=CARTESIAN_POINT('',(-1.0365971400341,2.81685226541794,1.));
#7390=CARTESIAN_POINT('Origin',(-1.11836047866135,2.78298478165363,1.));
#7391=CARTESIAN_POINT('Origin',(-2.92772065972931,5.19696093302024,5.5));
#7392=CARTESIAN_POINT('',(-1.54149099218685,2.79594071787739,5.5));
#7393=CARTESIAN_POINT('',(-4.29595347275193,7.56680968175827,5.5));
#7394=CARTESIAN_POINT('',(-2.92772065972931,5.19696093302024,5.5));
#7395=CARTESIAN_POINT('',(-1.54149099218685,2.79594071787739,0.));
#7396=CARTESIAN_POINT('',(-1.54149099218685,2.79594071787739,5.5));
#7397=CARTESIAN_POINT('',(-4.29595347275193,7.56680968175827,0.));
#7398=CARTESIAN_POINT('',(-2.92772065972931,5.19696093302024,0.));
#7399=CARTESIAN_POINT('',(-4.29595347275193,7.56680968175827,5.5));
#7400=CARTESIAN_POINT('Origin',(-5.46369598732854E-16,-1.0927391974657E-15,
5.5));
#7401=CARTESIAN_POINT('',(-4.21746977951933,7.84295694612953,0.));
#7402=CARTESIAN_POINT('',(4.21746977951933,7.84295694612953,0.));
#7403=CARTESIAN_POINT('Origin',(-5.46369598732854E-16,-1.0927391974657E-15,
0.));
#7404=CARTESIAN_POINT('',(4.21746977951933,7.84295694612953,5.5));
#7405=CARTESIAN_POINT('',(4.21746977951933,7.84295694612953,5.5));
#7406=CARTESIAN_POINT('',(-4.21746977951933,7.84295694612953,5.5));
#7407=CARTESIAN_POINT('Origin',(-5.46369598732854E-16,-1.0927391974657E-15,
5.5));
#7408=CARTESIAN_POINT('',(-4.21746977951933,7.84295694612953,5.5));
#7409=CARTESIAN_POINT('Origin',(2.92772065972931,5.19696093302024,5.5));
#7410=CARTESIAN_POINT('',(1.54149099218685,2.79594071787739,5.5));
#7411=CARTESIAN_POINT('',(4.29595347275193,7.56680968175827,5.5));
#7412=CARTESIAN_POINT('',(2.92772065972931,5.19696093302024,5.5));
#7413=CARTESIAN_POINT('',(4.29595347275193,7.56680968175827,0.));
#7414=CARTESIAN_POINT('',(4.29595347275193,7.56680968175827,5.5));
#7415=CARTESIAN_POINT('',(1.54149099218685,2.79594071787739,0.));
#7416=CARTESIAN_POINT('',(2.92772065972931,5.19696093302024,0.));
#7417=CARTESIAN_POINT('',(1.54149099218685,2.79594071787739,5.5));
#7418=CARTESIAN_POINT('Origin',(1.11836047866135,2.78298478165363,5.5));
#7419=CARTESIAN_POINT('',(0.993624151535748,2.83465226006967,0.));
#7420=CARTESIAN_POINT('',(1.29174922495695,2.71116481137513,0.));
#7421=CARTESIAN_POINT('',(1.11836047866135,2.78298478165363,0.));
#7422=CARTESIAN_POINT('',(0.993624151535748,2.83465226006967,5.5));
#7423=CARTESIAN_POINT('',(0.993624151535748,2.83465226006967,5.5));
#7424=CARTESIAN_POINT('',(1.29174922495695,2.71116481137513,5.5));
#7425=CARTESIAN_POINT('',(1.11836047866135,2.78298478165363,5.5));
#7426=CARTESIAN_POINT('',(1.29174922495695,2.71116481137513,0.));
#7427=CARTESIAN_POINT('',(1.2001238172886,2.74911729788933,4.5));
#7428=CARTESIAN_POINT('Origin',(1.11836047866135,2.78298478165364,4.5));
#7429=CARTESIAN_POINT('',(1.2001238172886,2.74911729788933,2.75));
#7430=CARTESIAN_POINT('Origin',(1.11836047866135,2.78298478165364,2.75));
#7431=CARTESIAN_POINT('',(1.2001238172886,2.74911729788933,1.));
#7432=CARTESIAN_POINT('Origin',(1.11836047866135,2.78298478165364,1.));
#7433=CARTESIAN_POINT('Origin',(1.475,2.55477494116409,5.5));
#7434=CARTESIAN_POINT('',(1.475,2.55477494116409,0.));
#7435=CARTESIAN_POINT('',(1.475,2.55477494116409,5.5));
#7436=CARTESIAN_POINT('Origin',(0.,4.5,5.5));
#7437=CARTESIAN_POINT('Origin',(0.917087465062728,2.64987635356741,5.5));
#7438=CARTESIAN_POINT('Origin',(-0.917087465062732,2.64987635356741,5.5));
#7439=CARTESIAN_POINT('Origin',(-1.36828591142996,2.89594071787739,5.5));
#7440=CARTESIAN_POINT('Origin',(-4.12274839199504,7.66680968175831,5.5));
#7441=CARTESIAN_POINT('Origin',(4.12274839199504,7.66680968175831,5.5));
#7442=CARTESIAN_POINT('Origin',(1.36828591142996,2.89594071787739,5.5));
#7443=CARTESIAN_POINT('Origin',(0.,4.5,0.));
#7444=CARTESIAN_POINT('Origin',(0.917087465062728,2.64987635356741,0.));
#7445=CARTESIAN_POINT('Origin',(1.36828591142996,2.89594071787739,0.));
#7446=CARTESIAN_POINT('Origin',(4.12274839199504,7.66680968175831,0.));
#7447=CARTESIAN_POINT('Origin',(-4.12274839199504,7.66680968175831,0.));
#7448=CARTESIAN_POINT('Origin',(-1.36828591142996,2.89594071787739,0.));
#7449=CARTESIAN_POINT('Origin',(-0.917087465062732,2.64987635356741,0.));
#7450=CARTESIAN_POINT('Origin',(-0.927018762478807,2.32104501539799,1.));
#7451=CARTESIAN_POINT('',(-0.845255423851558,2.3549124991623,1.));
#7452=CARTESIAN_POINT('Origin',(-0.927018762478807,2.32104501539799,2.75));
#7453=CARTESIAN_POINT('',(-0.845255423851558,2.3549124991623,2.75));
#7454=CARTESIAN_POINT('Origin',(-0.927018762478807,2.32104501539799,4.5));
#7455=CARTESIAN_POINT('',(-0.845255423851558,2.3549124991623,4.5));
#7456=CARTESIAN_POINT('Origin',(0.927018762478807,2.32104501539799,1.));
#7457=CARTESIAN_POINT('',(1.00878210110606,2.28717753163368,1.));
#7458=CARTESIAN_POINT('Origin',(0.927018762478807,2.32104501539799,2.75));
#7459=CARTESIAN_POINT('',(1.00878210110606,2.28717753163368,2.75));
#7460=CARTESIAN_POINT('Origin',(0.927018762478807,2.32104501539799,4.5));
#7461=CARTESIAN_POINT('',(1.00878210110606,2.28717753163368,4.5));
#7462=CARTESIAN_POINT('Origin',(4.12274839199504,7.66680968175831,5.5));
#7463=CARTESIAN_POINT('Origin',(1.36828591142996,2.89594071787739,5.5));
#7464=CARTESIAN_POINT('Origin',(-1.36828591142996,2.89594071787739,5.5));
#7465=CARTESIAN_POINT('Origin',(-4.12274839199504,7.66680968175831,5.5));
#7466=CARTESIAN_POINT('Origin',(0.917087465062728,2.64987635356741,5.5));
#7467=CARTESIAN_POINT('Origin',(-0.917087465062732,2.64987635356741,5.5));
#7468=CARTESIAN_POINT('Origin',(-1.44590039876244E-15,4.45166331725401,
2.37500005782741));
#7469=CARTESIAN_POINT('',(0.375,4.45166331725401,2.37500005782741));
#7470=CARTESIAN_POINT('',(-0.375,4.45166331725401,2.37500005782741));
#7471=CARTESIAN_POINT('Origin',(-0.375,4.45166331725401,2.75000005782741));
#7472=CARTESIAN_POINT('',(-0.375,4.45166331725401,3.12500005782741));
#7473=CARTESIAN_POINT('Origin',(-1.44590039876244E-15,4.45166331725401,
3.12500005782741));
#7474=CARTESIAN_POINT('',(0.375,4.45166331725401,3.12500005782741));
#7475=CARTESIAN_POINT('Origin',(0.375,4.45166331725401,2.75000005782741));
#7476=CARTESIAN_POINT('Origin',(-6.94642200504764E-16,4.45166331725401,
0.625));
#7477=CARTESIAN_POINT('',(0.375,4.45166331725401,0.625));
#7478=CARTESIAN_POINT('',(-0.375,4.45166331725401,0.625));
#7479=CARTESIAN_POINT('Origin',(-0.375,4.45166331725401,1.));
#7480=CARTESIAN_POINT('',(-0.375,4.45166331725401,1.375));
#7481=CARTESIAN_POINT('Origin',(-6.94642200504764E-16,4.45166331725401,
1.375));
#7482=CARTESIAN_POINT('',(0.375,4.45166331725401,1.375));
#7483=CARTESIAN_POINT('Origin',(0.375,4.45166331725401,1.));
#7484=CARTESIAN_POINT('Origin',(-2.84865001455127E-16,4.45166331725401,
4.125));
#7485=CARTESIAN_POINT('',(0.375,4.45166331725401,4.125));
#7486=CARTESIAN_POINT('',(-0.375,4.45166331725401,4.125));
#7487=CARTESIAN_POINT('Origin',(-0.375,4.45166331725401,4.5));
#7488=CARTESIAN_POINT('',(-0.375,4.45166331725401,4.875));
#7489=CARTESIAN_POINT('Origin',(-2.84865001455127E-16,4.45166331725401,
4.875));
#7490=CARTESIAN_POINT('',(0.375,4.45166331725401,4.875));
#7491=CARTESIAN_POINT('Origin',(0.375,4.45166331725401,4.5));
#7492=CARTESIAN_POINT('',(0.,0.,0.));
#7493=CARTESIAN_POINT('',(0.,0.,0.));
#7494=CARTESIAN_POINT('',(0.,0.,0.));
#7495=CARTESIAN_POINT('Origin',(-7.40697602434663E-17,5.41294163995075E-16,
-12.4));
#7496=CARTESIAN_POINT('',(-0.507452776831719,4.79359853536704E-16,-12.3464534475673));
#7497=CARTESIAN_POINT('',(-6.21450418865399E-17,0.507452776831718,-12.3464534475673));
#7498=CARTESIAN_POINT('Origin',(0.,6.10523961934811E-16,-12.3464534475673));
#7499=CARTESIAN_POINT('',(-0.450464719006317,4.86128146369085E-16,-12.4));
#7500=CARTESIAN_POINT('',(-0.450464719006317,4.86128146369085E-16,-12.4));
#7501=CARTESIAN_POINT('Origin',(-7.40697602434663E-17,5.41294163995075E-16,
-12.4));
#7502=CARTESIAN_POINT('Origin',(0.,6.10523961934811E-16,-12.3464534475673));
#7503=CARTESIAN_POINT('Origin',(-6.68699561742343E-17,5.41504895423244E-16,
11.544705913462));
#7504=CARTESIAN_POINT('',(0.507507186468962,4.79353190277895E-16,11.544705913462));
#7505=CARTESIAN_POINT('',(6.21517051453493E-17,0.507507186468962,11.544705913462));
#7506=CARTESIAN_POINT('Origin',(-6.68699561742343E-17,5.41504895423244E-16,
11.544705913462));
#7507=CARTESIAN_POINT('',(0.452213099930966,4.85920691490273E-16,11.6));
#7508=CARTESIAN_POINT('',(0.507507186468962,4.79353190277895E-16,11.544705913462));
#7509=CARTESIAN_POINT('Origin',(-7.40564337242835E-17,5.41300824026569E-16,
11.6));
#7510=CARTESIAN_POINT('Origin',(-6.68699561742343E-17,5.41504895423244E-16,
11.544705913462));
#7511=CARTESIAN_POINT('Origin',(0.,5.41504895423244E-16,10.98287));
#7512=CARTESIAN_POINT('',(0.5234375,-6.41026058928693E-17,11.0330545293913));
#7513=CARTESIAN_POINT('',(6.41026058928693E-17,0.523437500000001,11.0330545293913));
#7514=CARTESIAN_POINT('Origin',(0.,5.47650727751815E-16,11.0330545293913));
#7515=CARTESIAN_POINT('Origin',(0.,5.47650727751815E-16,11.0330545293913));
#7516=CARTESIAN_POINT('',(6.4293956955236E-17,0.525,10.98287));
#7517=CARTESIAN_POINT('Origin',(0.,5.41504895423244E-16,-11.78287));
#7518=CARTESIAN_POINT('',(-6.41026058928693E-17,0.523437500000001,-11.8330545293913));
#7519=CARTESIAN_POINT('',(0.5234375,-6.41026058928693E-17,-11.8330545293913));
#7520=CARTESIAN_POINT('Origin',(0.,5.47650727751815E-16,-11.8330545293913));
#7521=CARTESIAN_POINT('',(-6.4293956955236E-17,0.525,-11.78287));
#7522=CARTESIAN_POINT('Origin',(0.,5.47650727751815E-16,-11.8330545293913));
#7523=CARTESIAN_POINT('Origin',(0.,0.,11.6));
#7524=CARTESIAN_POINT('',(0.0417890625,-0.409875193510623,11.6));
#7525=CARTESIAN_POINT('',(-0.0417890625000002,-0.409875193510623,11.6));
#7526=CARTESIAN_POINT('Origin',(0.,0.,11.6));
#7527=CARTESIAN_POINT('',(-0.0417890625000002,-0.409875193510623,-12.4));
#7528=CARTESIAN_POINT('',(-0.0417890625000002,-0.409875193510623,11.6));
#7529=CARTESIAN_POINT('',(0.0417890625,-0.409875193510623,-12.4));
#7530=CARTESIAN_POINT('Origin',(0.,0.,-12.4));
#7531=CARTESIAN_POINT('',(0.0417890625,-0.409875193510623,11.6));
#7532=CARTESIAN_POINT('Origin',(0.,0.,11.6));
#7533=CARTESIAN_POINT('',(0.5234375,-6.41026058928693E-17,11.6));
#7534=CARTESIAN_POINT('Origin',(0.,0.,11.6));
#7535=CARTESIAN_POINT('Origin',(0.,-0.447010079472399,11.6));
#7536=CARTESIAN_POINT('Origin',(0.,0.,-12.4));
#7537=CARTESIAN_POINT('Origin',(0.,-0.447010079472399,-12.4));
#7538=CARTESIAN_POINT('Origin',(0.,-0.447010079472399,11.6));
#7539=CARTESIAN_POINT('',(0.,0.,0.));
#7540=CARTESIAN_POINT('Ctrl Pts',(0.65290589286796,-0.0969045535929335,
1.16790482434914));
#7541=CARTESIAN_POINT('Ctrl Pts',(0.647061709762868,-0.124016722550666,
1.19272267731552));
#7542=CARTESIAN_POINT('Ctrl Pts',(0.640591073434116,-0.140749034084281,
1.22815161103673));
#7543=CARTESIAN_POINT('Ctrl Pts',(0.634580787749473,-0.143955768727315,
1.30175630538286));
#7544=CARTESIAN_POINT('Ctrl Pts',(0.635360037504911,-0.130032991790939,
1.33893241403756));
#7545=CARTESIAN_POINT('Ctrl Pts',(0.640028535595004,-0.0791988294368373,
1.39295296282356));
#7546=CARTESIAN_POINT('Ctrl Pts',(0.642834628666484,-0.0427451687079542,
1.40953478601296));
#7547=CARTESIAN_POINT('Ctrl Pts',(0.643261963150975,0.0323181252558346,
1.41221718213368));
#7548=CARTESIAN_POINT('Ctrl Pts',(0.64081549363976,0.0698494542235949,1.39841461696844));
#7549=CARTESIAN_POINT('Ctrl Pts',(0.63585998642816,0.124766170521897,1.34793663294382));
#7550=CARTESIAN_POINT('Ctrl Pts',(0.63445823426171,0.141299116988057,1.31190659139259));
#7551=CARTESIAN_POINT('Ctrl Pts',(0.639246189877777,0.143515420112342,1.23815095329));
#7552=CARTESIAN_POINT('Ctrl Pts',(0.645304930712943,0.129334180962826,1.2016428734615));
#7553=CARTESIAN_POINT('Ctrl Pts',(0.657282003514149,0.0789110031861742,
1.14833649317405));
#7554=CARTESIAN_POINT('Ctrl Pts',(0.662255728775005,0.0426405697182117,
1.13186503417179));
#7555=CARTESIAN_POINT('Ctrl Pts',(0.663028294487513,-0.0323509633771197,
1.12921692392173));
#7556=CARTESIAN_POINT('Ctrl Pts',(0.658750075973052,-0.0697923846352011,
1.14308697138276));
#7557=CARTESIAN_POINT('Ctrl Pts',(0.65290589286796,-0.0969045535929335,
1.16790482434914));
#7558=CARTESIAN_POINT('Ctrl Pts',(0.642867021916068,-0.0850342353747308,
1.17838024877662));
#7559=CARTESIAN_POINT('Ctrl Pts',(0.637086281066075,-0.108821821019894,
1.20049793778901));
#7560=CARTESIAN_POINT('Ctrl Pts',(0.630678222851956,-0.123495875777774,
1.23207220747608));
#7561=CARTESIAN_POINT('Ctrl Pts',(0.624683434486222,-0.126293541963313,
1.2976688069713));
#7562=CARTESIAN_POINT('Ctrl Pts',(0.625410991489475,-0.114070752532706,
1.33080016101376));
#7563=CARTESIAN_POINT('Ctrl Pts',(0.629947601801663,-0.0694698510632855,
1.37894331259162));
#7564=CARTESIAN_POINT('Ctrl Pts',(0.632691093264838,-0.0374935324879676,
1.39372104453168));
#7565=CARTESIAN_POINT('Ctrl Pts',(0.633108713224694,0.0283475201971731,
1.39611160037122));
#7566=CARTESIAN_POINT('Ctrl Pts',(0.630716160398683,0.061268279673319,1.38381074296183));
#7567=CARTESIAN_POINT('Ctrl Pts',(0.625893432107793,0.109448693827673,1.33882472719297));
#7568=CARTESIAN_POINT('Ctrl Pts',(0.624552031286791,0.123960548275079,1.30671475031377));
#7569=CARTESIAN_POINT('Ctrl Pts',(0.629343635185832,0.125920893572525,1.24098362744796));
#7570=CARTESIAN_POINT('Ctrl Pts',(0.635347149225325,0.113486023962159,1.20844762154056));
#7571=CARTESIAN_POINT('Ctrl Pts',(0.647196591296905,0.0692480360672719,
1.16094093890992));
#7572=CARTESIAN_POINT('Ctrl Pts',(0.65211180134524,0.037419809439155,1.14626156346446));
#7573=CARTESIAN_POINT('Ctrl Pts',(0.652875381332537,-0.0283900725480844,
1.14390156205205));
#7574=CARTESIAN_POINT('Ctrl Pts',(0.648647762766062,-0.0612466497295677,
1.15626255976422));
#7575=CARTESIAN_POINT('Ctrl Pts',(0.642867021916068,-0.0850342353747308,
1.17838024877662));
#7576=CARTESIAN_POINT('',(0.638288918365783,0.0972496703044746,1.37311792827186));
#7577=CARTESIAN_POINT('',(0.65285704164789,-0.0968467833829411,1.16795580736073));
#7578=CARTESIAN_POINT('Ctrl Pts',(0.638288917908589,0.0972496722632186,
1.37311793042957));
#7579=CARTESIAN_POINT('Ctrl Pts',(0.637089260090993,0.110975404938706,1.36051300040243));
#7580=CARTESIAN_POINT('Ctrl Pts',(0.636074880713098,0.12177683098499,1.34558551840915));
#7581=CARTESIAN_POINT('Ctrl Pts',(0.635500698039157,0.13359699901689,1.31984961710514));
#7582=CARTESIAN_POINT('Ctrl Pts',(0.635473481046403,0.136622666428288,1.31110986816162));
#7583=CARTESIAN_POINT('Ctrl Pts',(0.635737766060268,0.139790079488226,1.29775857198308));
#7584=CARTESIAN_POINT('Ctrl Pts',(0.63587634311697,0.14061729997757,1.29326786112969));
#7585=CARTESIAN_POINT('Ctrl Pts',(0.63625982842719,0.141813711128743,1.28420588183515));
#7586=CARTESIAN_POINT('Ctrl Pts',(0.636507690740584,0.142184215664336,1.27958929758972));
#7587=CARTESIAN_POINT('Ctrl Pts',(0.637396417084648,0.142598341768272,1.26589418780844));
#7588=CARTESIAN_POINT('Ctrl Pts',(0.638187212312789,0.141970632774096,1.2568431615088));
#7589=CARTESIAN_POINT('Ctrl Pts',(0.639658747099423,0.139658377678637,1.24338519239116));
#7590=CARTESIAN_POINT('Ctrl Pts',(0.640196452490849,0.138659100667346,1.23891896440725));
#7591=CARTESIAN_POINT('Ctrl Pts',(0.641359830679268,0.136200132408333,1.23002603188338));
#7592=CARTESIAN_POINT('Ctrl Pts',(0.641995763824917,0.134714305751433,1.22553139771614));
#7593=CARTESIAN_POINT('Ctrl Pts',(0.643959059076081,0.129719261055972,1.21251971891847));
#7594=CARTESIAN_POINT('Ctrl Pts',(0.645359029668736,0.125645967644905,1.2043360177683));
#7595=CARTESIAN_POINT('Ctrl Pts',(0.648257126018654,0.115990265978133,1.18895011823119));
#7596=CARTESIAN_POINT('Ctrl Pts',(0.649763041563417,0.110374639877038,1.1817127873219));
#7597=CARTESIAN_POINT('Ctrl Pts',(0.654207999242217,0.0914324065006747,
1.16168519417684));
#7598=CARTESIAN_POINT('Ctrl Pts',(0.656961128310851,0.0765597696772781,
1.15115199935327));
#7599=CARTESIAN_POINT('Ctrl Pts',(0.661176801473296,0.041853740784423,1.13551435306892));
#7600=CARTESIAN_POINT('Ctrl Pts',(0.662401783921941,0.0237719903424029,
1.13127299811047));
#7601=CARTESIAN_POINT('Ctrl Pts',(0.662688035748093,-0.00417166746119647,
1.13028113592243));
#7602=CARTESIAN_POINT('Ctrl Pts',(0.662523088996501,-0.0134139353395364,
1.13085574885199));
#7603=CARTESIAN_POINT('Ctrl Pts',(0.661691966883642,-0.0317221822255725,
1.13381544202891));
#7604=CARTESIAN_POINT('Ctrl Pts',(0.661019717316353,-0.0408481634901676,
1.13622260782885));
#7605=CARTESIAN_POINT('Ctrl Pts',(0.658319438816161,-0.0675550074594949,
1.14602645215708));
#7606=CARTESIAN_POINT('Ctrl Pts',(0.655758792310617,-0.083228195385281,
1.15548585348487));
#7607=CARTESIAN_POINT('Ctrl Pts',(0.652857043914875,-0.0968467826467485,
1.16795580869902));
#7608=CARTESIAN_POINT('',(0.628304796575065,0.0853584871366655,1.36131773545567));
#7609=CARTESIAN_POINT('',(0.638288919265682,0.0972496663697306,1.37311792393932));
#7610=CARTESIAN_POINT('',(0.652517795565965,-5.45803147055478E-8,1.1450036205232));
#7611=CARTESIAN_POINT('Ctrl Pts',(0.652517795565965,-5.45803147299682E-8,
1.1450036205232));
#7612=CARTESIAN_POINT('Ctrl Pts',(0.652519235051167,0.0015377996590277,
1.1450014197293));
#7613=CARTESIAN_POINT('Ctrl Pts',(0.652510985357159,0.00303566426111296,
1.14502818576256));
#7614=CARTESIAN_POINT('Ctrl Pts',(0.652493756044504,0.0045148786691744,
1.14508132676923));
#7615=CARTESIAN_POINT('Ctrl Pts',(0.65245969037983,0.00743957003761653,
1.14518639675955));
#7616=CARTESIAN_POINT('Ctrl Pts',(0.652392127159448,0.0102829631150224,
1.1453912187527));
#7617=CARTESIAN_POINT('Ctrl Pts',(0.652288489306894,0.0132102521160074,
1.14570793633679));
#7618=CARTESIAN_POINT('Ctrl Pts',(0.652261807224421,0.013963897281567,1.14578947685979));
#7619=CARTESIAN_POINT('Ctrl Pts',(0.652232651994081,0.0147230713430645,
1.14587868625196));
#7620=CARTESIAN_POINT('Ctrl Pts',(0.652200812351982,0.0154905086924036,
1.14597629836281));
#7621=CARTESIAN_POINT('Ctrl Pts',(0.651982753346916,0.020746429105247,1.14664481089535));
#7622=CARTESIAN_POINT('Ctrl Pts',(0.651645734054829,0.0262039818326652,
1.14768476094044));
#7623=CARTESIAN_POINT('Ctrl Pts',(0.651177910883395,0.0317971271082541,
1.14917172624894));
#7624=CARTESIAN_POINT('Ctrl Pts',(0.650710087711961,0.0373902723838429,
1.15065869155744));
#7625=CARTESIAN_POINT('Ctrl Pts',(0.650110735317509,0.043127188707926,1.15259522575068));
#7626=CARTESIAN_POINT('Ctrl Pts',(0.649374205799128,0.0489009844589051,
1.15505185507275));
#7627=CARTESIAN_POINT('Ctrl Pts',(0.648637676280747,0.0546747802098842,
1.15750848439483));
#7628=CARTESIAN_POINT('Ctrl Pts',(0.64776338086494,0.0604856442458941,1.16048478994247));
#7629=CARTESIAN_POINT('Ctrl Pts',(0.646753353152243,0.0662266953310069,
1.16405610688185));
#7630=CARTESIAN_POINT('Ctrl Pts',(0.645743325439546,0.0719677464161198,
1.16762742382122));
#7631=CARTESIAN_POINT('Ctrl Pts',(0.644598905229672,0.0776328794152899,
1.17178994960437));
#7632=CARTESIAN_POINT('Ctrl Pts',(0.643340493316788,0.0830625965073026,
1.1765984074616));
#7633=CARTESIAN_POINT('Ctrl Pts',(0.642711287360346,0.085777455053309,1.17900263639022));
#7634=CARTESIAN_POINT('Ctrl Pts',(0.642053118207865,0.088431937415104,1.18156893145543));
#7635=CARTESIAN_POINT('Ctrl Pts',(0.641369963308698,0.0910004351809459,
1.18430197950625));
#7636=CARTESIAN_POINT('Ctrl Pts',(0.641338167701174,0.0911199790018096,
1.18442918187759));
#7637=CARTESIAN_POINT('Ctrl Pts',(0.641305490624553,0.0912425732098052,
1.18456013312184));
#7638=CARTESIAN_POINT('Ctrl Pts',(0.641272139584136,0.0913673728110345,
1.18469401942136));
#7639=CARTESIAN_POINT('Ctrl Pts',(0.641126346959536,0.0919129288472179,
1.18527929756442));
#7640=CARTESIAN_POINT('Ctrl Pts',(0.640968238847868,0.0925001784937795,
1.18592091148004));
#7641=CARTESIAN_POINT('Ctrl Pts',(0.640815547180539,0.0930620228640915,
1.18654754769987));
#7642=CARTESIAN_POINT('Ctrl Pts',(0.64062792627051,0.0937523929012778,1.18731753115659));
#7643=CARTESIAN_POINT('Ctrl Pts',(0.640441826696614,0.0944290736363361,
1.18809117305979));
#7644=CARTESIAN_POINT('Ctrl Pts',(0.640257290869012,0.0950922023027208,
1.18886795541608));
#7645=CARTESIAN_POINT('Ctrl Pts',(0.639888219213808,0.09641845963549,1.19042152012866));
#7646=CARTESIAN_POINT('Ctrl Pts',(0.63952540174915,0.0976905111660859,1.1919876477424));
#7647=CARTESIAN_POINT('Ctrl Pts',(0.639169146297823,0.0989096722255028,
1.1935624048308));
#7648=CARTESIAN_POINT('Ctrl Pts',(0.637919100715554,0.103187520861142,1.19908798523711));
#7649=CARTESIAN_POINT('Ctrl Pts',(0.636752251035891,0.106804487228477,1.20470572468112));
#7650=CARTESIAN_POINT('Ctrl Pts',(0.635675552521217,0.10985052685451,1.21028760164056));
#7651=CARTESIAN_POINT('Ctrl Pts',(0.635524840705487,0.110276898913699,1.21106892974706));
#7652=CARTESIAN_POINT('Ctrl Pts',(0.635375869892147,0.110692063751436,1.21184963107588));
#7653=CARTESIAN_POINT('Ctrl Pts',(0.635228635837518,0.111096248140688,1.2126294247909));
#7654=CARTESIAN_POINT('Ctrl Pts',(0.634629092269008,0.112742104812082,1.21580477921405));
#7655=CARTESIAN_POINT('Ctrl Pts',(0.634059155913762,0.114206157979189,1.21896356797724));
#7656=CARTESIAN_POINT('Ctrl Pts',(0.633520517752789,0.115504337016362,1.22208249609634));
#7657=CARTESIAN_POINT('Ctrl Pts',(0.633251198672302,0.116153426534948,1.22364196015589));
#7658=CARTESIAN_POINT('Ctrl Pts',(0.632989701739549,0.116761046060495,1.22519145193156));
#7659=CARTESIAN_POINT('Ctrl Pts',(0.632736193821984,0.117329198765313,1.22672801018059));
#7660=CARTESIAN_POINT('Ctrl Pts',(0.632482685904418,0.11789735147013,1.22826456842961));
#7661=CARTESIAN_POINT('Ctrl Pts',(0.632237168301256,0.118426036365458,1.22978819307316));
#7662=CARTESIAN_POINT('Ctrl Pts',(0.631999750815879,0.118917284448672,1.23129588725135));
#7663=CARTESIAN_POINT('Ctrl Pts',(0.631037982171734,0.120907310592624,1.23740349547253));
#7664=CARTESIAN_POINT('Ctrl Pts',(0.630207312495676,0.122291150187092,1.24326707022239));
#7665=CARTESIAN_POINT('Ctrl Pts',(0.629505567659765,0.123230991993874,1.24877779342577));
#7666=CARTESIAN_POINT('Ctrl Pts',(0.628821478217691,0.124147188058792,1.25414987080875));
#7667=CARTESIAN_POINT('Ctrl Pts',(0.628259469198466,0.124642040141229,1.25918780176406));
#7668=CARTESIAN_POINT('Ctrl Pts',(0.627806581648983,0.124861298356312,1.2638368711719));
#7669=CARTESIAN_POINT('Ctrl Pts',(0.627577215775332,0.124972342150992,1.26619140237419));
#7670=CARTESIAN_POINT('Ctrl Pts',(0.627375767870195,0.125012683293184,1.26844679634458));
#7671=CARTESIAN_POINT('Ctrl Pts',(0.627199921211837,0.125000127025429,1.27059952899741));
#7672=CARTESIAN_POINT('Ctrl Pts',(0.627111997882659,0.124993848891551,1.27167589532383));
#7673=CARTESIAN_POINT('Ctrl Pts',(0.627030469019457,0.124974329800866,1.2727266290873));
#7674=CARTESIAN_POINT('Ctrl Pts',(0.626955154879169,0.124943927461751,1.27375150204593));
#7675=CARTESIAN_POINT('Ctrl Pts',(0.626952816669009,0.12494298358776,1.27378332035196));
#7676=CARTESIAN_POINT('Ctrl Pts',(0.626950426174185,0.124942006033431,1.27381591031137));
#7677=CARTESIAN_POINT('Ctrl Pts',(0.626947988549962,0.124940994822178,1.27384920737828));
#7678=CARTESIAN_POINT('Ctrl Pts',(0.626911168032245,0.12492572039164,1.27435216235837));
#7679=CARTESIAN_POINT('Ctrl Pts',(0.62686390100718,0.124901739478797,1.27501614507594));
#7680=CARTESIAN_POINT('Ctrl Pts',(0.626822397790496,0.124874869693495,1.27561848614996));
#7681=CARTESIAN_POINT('Ctrl Pts',(0.626778146941443,0.124846221051089,1.27626070393629));
#7682=CARTESIAN_POINT('Ctrl Pts',(0.62673506000868,0.124812263337394,1.27690616108407));
#7683=CARTESIAN_POINT('Ctrl Pts',(0.626693360328272,0.124773200206893,1.2775548585779));
#7684=CARTESIAN_POINT('Ctrl Pts',(0.626359762885009,0.124460695162882,1.28274443852856));
#7685=CARTESIAN_POINT('Ctrl Pts',(0.62611075681593,0.123812967100052,1.28814095073926));
#7686=CARTESIAN_POINT('Ctrl Pts',(0.62595101886693,0.122745377616199,1.29368794592963));
#7687=CARTESIAN_POINT('Ctrl Pts',(0.625791280917931,0.121677788132347,1.29923494112));
#7688=CARTESIAN_POINT('Ctrl Pts',(0.625720338549607,0.120187387397667,1.30493909244766));
#7689=CARTESIAN_POINT('Ctrl Pts',(0.625740040049377,0.118202089113402,1.31070539266125));
#7690=CARTESIAN_POINT('Ctrl Pts',(0.625749890799262,0.117209439971269,1.31358854276804));
#7691=CARTESIAN_POINT('Ctrl Pts',(0.625782246028821,0.116093159656325,1.31648723858352));
#7692=CARTESIAN_POINT('Ctrl Pts',(0.62583686241414,0.11484451209256,1.31938969826744));
#7693=CARTESIAN_POINT('Ctrl Pts',(0.625864170606799,0.114220188310677,1.3208409281094));
#7694=CARTESIAN_POINT('Ctrl Pts',(0.62589704297364,0.11356277320835,1.32229310014206));
#7695=CARTESIAN_POINT('Ctrl Pts',(0.625935458855094,0.112871169210854,1.3237447440028));
#7696=CARTESIAN_POINT('Ctrl Pts',(0.625973874736548,0.112179565213357,1.32519638786353));
#7697=CARTESIAN_POINT('Ctrl Pts',(0.62601783328643,0.111453772668602,1.32664750397847));
#7698=CARTESIAN_POINT('Ctrl Pts',(0.626067336507452,0.110692682686878,1.32809661714329));
#7699=CARTESIAN_POINT('Ctrl Pts',(0.62626534939154,0.107648322759982,1.33389306980259));
#7700=CARTESIAN_POINT('Ctrl Pts',(0.626550891216349,0.104034793409196,1.33965734561558));
#7701=CARTESIAN_POINT('Ctrl Pts',(0.626924365807845,0.0998221353020683,
1.34524276770081));
#7702=CARTESIAN_POINT('Ctrl Pts',(0.627111103103594,0.0977158062485047,
1.34803547874343));
#7703=CARTESIAN_POINT('Ctrl Pts',(0.627319684606886,0.0954597626292003,
1.35078352420755));
#7704=CARTESIAN_POINT('Ctrl Pts',(0.627549822731655,0.0930503813537295,
1.35346874445672));
#7705=CARTESIAN_POINT('Ctrl Pts',(0.627664891794039,0.0918456907159941,
1.35481135458131));
#7706=CARTESIAN_POINT('Ctrl Pts',(0.627785350549428,0.0906026646230275,
1.35613825917292));
#7707=CARTESIAN_POINT('Ctrl Pts',(0.6279111813987,0.0893208388475084,1.35744718416869));
#7708=CARTESIAN_POINT('Ctrl Pts',(0.627974096823335,0.0886799259597488,
1.35810164666658));
#7709=CARTESIAN_POINT('Ctrl Pts',(0.628038355569813,0.088029313753562,1.35875161350086));
#7710=CARTESIAN_POINT('Ctrl Pts',(0.628104040446902,0.0873690416983382,
1.35939689713558));
#7711=CARTESIAN_POINT('Ctrl Pts',(0.628169725323968,0.0867087696433481,
1.36004218077007));
#7712=CARTESIAN_POINT('Ctrl Pts',(0.628236710596783,0.0860386816425712,
1.36068263762864));
#7713=CARTESIAN_POINT('Ctrl Pts',(0.628304796889076,0.085358487513015,1.36131773582508));
#7714=CARTESIAN_POINT('',(0.642867023304719,-0.0850342370443999,1.17838024734212));
#7715=CARTESIAN_POINT('Ctrl Pts',(0.642867023312818,-0.0850342370541442,
1.17838024733375));
#7716=CARTESIAN_POINT('Ctrl Pts',(0.642933935853072,-0.0847588864053447,
1.17812422939938));
#7717=CARTESIAN_POINT('Ctrl Pts',(0.642971166776372,-0.0846043854337783,
1.1779820999316));
#7718=CARTESIAN_POINT('Ctrl Pts',(0.643020575402312,-0.0843987109646637,
1.17779363377459));
#7719=CARTESIAN_POINT('Ctrl Pts',(0.643168801280188,-0.0837816875570807,
1.17722823530335));
#7720=CARTESIAN_POINT('Ctrl Pts',(0.643315520439177,-0.0831606017083033,
1.17667108147526));
#7721=CARTESIAN_POINT('Ctrl Pts',(0.643460696638593,-0.0825357341502187,
1.17612213193865));
#7722=CARTESIAN_POINT('Ctrl Pts',(0.643654264904481,-0.0817025774061058,
1.17539019922318));
#7723=CARTESIAN_POINT('Ctrl Pts',(0.643845089993305,-0.0808626987331757,
1.17467285251682));
#7724=CARTESIAN_POINT('Ctrl Pts',(0.644033174149942,-0.0800168320074509,
1.17396989218319));
#7725=CARTESIAN_POINT('Ctrl Pts',(0.644409342463215,-0.0783250985560014,
1.17256397151593));
#7726=CARTESIAN_POINT('Ctrl Pts',(0.644775214802719,-0.0766101525775916,
1.17121484619067));
#7727=CARTESIAN_POINT('Ctrl Pts',(0.645129568919819,-0.0748759132578407,
1.16992212064365));
#7728=CARTESIAN_POINT('Ctrl Pts',(0.645838277154017,-0.071407434618339,
1.16733666954959));
#7729=CARTESIAN_POINT('Ctrl Pts',(0.646500759618637,-0.0678620904588928,
1.16497699872552));
#7730=CARTESIAN_POINT('Ctrl Pts',(0.647112564207794,-0.0642717720741896,
1.16283418998376));
#7731=CARTESIAN_POINT('Ctrl Pts',(0.648254746898982,-0.057568979078616,
1.15883376386936));
#7732=CARTESIAN_POINT('Ctrl Pts',(0.649219008469542,-0.0507119492496822,
1.15559025065467));
#7733=CARTESIAN_POINT('Ctrl Pts',(0.649996324672391,-0.0438711312915029,
1.15302678543901));
#7734=CARTESIAN_POINT('Ctrl Pts',(0.650051739737137,-0.0433834476838788,
1.15284403536847));
#7735=CARTESIAN_POINT('Ctrl Pts',(0.65010620993034,-0.0428958256156849,
1.15266473873422));
#7736=CARTESIAN_POINT('Ctrl Pts',(0.650159734321419,-0.0424083174711255,
1.15248886646924));
#7737=CARTESIAN_POINT('Ctrl Pts',(0.650964054125691,-0.0350824526175762,
1.1498460050952));
#7738=CARTESIAN_POINT('Ctrl Pts',(0.651554619898219,-0.0277847502071865,
1.147975525763));
#7739=CARTESIAN_POINT('Ctrl Pts',(0.651941862929535,-0.0206734268992864,
1.14676681321574));
#7740=CARTESIAN_POINT('Ctrl Pts',(0.652329105960851,-0.0135621035913863,
1.14555810066849));
#7741=CARTESIAN_POINT('Ctrl Pts',(0.652513244086125,-0.00663651983961827,
1.14501073723537));
#7742=CARTESIAN_POINT('Ctrl Pts',(0.652517795565937,-5.46098870071861E-8,
1.14500362052324));
#7743=CARTESIAN_POINT('',(0.65285703711392,-0.096846784855326,1.16795580468416));
#7744=CARTESIAN_POINT('Ctrl Pts',(0.695869086249737,-0.101038722421809,
0.551411077407274));
#7745=CARTESIAN_POINT('Ctrl Pts',(0.690174679879701,-0.12722389105676,0.577311218709391));
#7746=CARTESIAN_POINT('Ctrl Pts',(0.684136067461198,-0.142594062716336,
0.613505881139948));
#7747=CARTESIAN_POINT('Ctrl Pts',(0.6787954101005,-0.142864266454651,0.6873801477143));
#7748=CARTESIAN_POINT('Ctrl Pts',(0.679689383795761,-0.127462293789938,
0.724059066556175));
#7749=CARTESIAN_POINT('Ctrl Pts',(0.683998646315046,-0.0744404196727078,
0.776227242755617));
#7750=CARTESIAN_POINT('Ctrl Pts',(0.686403275592717,-0.0372820277290696,
0.791439103518261));
#7751=CARTESIAN_POINT('Ctrl Pts',(0.68637631608531,0.0379330088439606,0.791243001271067));
#7752=CARTESIAN_POINT('Ctrl Pts',(0.683960160741446,0.074934748199197,0.776005770932742));
#7753=CARTESIAN_POINT('Ctrl Pts',(0.679650986997947,0.127949846184033,0.723308207155614));
#7754=CARTESIAN_POINT('Ctrl Pts',(0.678809864970294,0.143057362129422,0.686583906962333));
#7755=CARTESIAN_POINT('Ctrl Pts',(0.684238427382851,0.142392721173976,0.612690346333993));
#7756=CARTESIAN_POINT('Ctrl Pts',(0.690297449443841,0.126803702359096,0.576661813633965));
#7757=CARTESIAN_POINT('Ctrl Pts',(0.70167102281313,0.0741977546975415,0.525103170783118));
#7758=CARTESIAN_POINT('Ctrl Pts',(0.706078986534706,0.03717732660499,0.509977850828453));
#7759=CARTESIAN_POINT('Ctrl Pts',(0.706013158065346,-0.0379589179119158,
0.510216859558588));
#7760=CARTESIAN_POINT('Ctrl Pts',(0.701563492619773,-0.074853553786858,
0.525510936105156));
#7761=CARTESIAN_POINT('Ctrl Pts',(0.695869086249737,-0.101038722421809,
0.551411077407274));
#7762=CARTESIAN_POINT('Ctrl Pts',(0.685691763547898,-0.0885010352260746,
0.561724483779968));
#7763=CARTESIAN_POINT('Ctrl Pts',(0.680054413375124,-0.111433559188401,
0.584747274118869));
#7764=CARTESIAN_POINT('Ctrl Pts',(0.674068145021449,-0.124888517894456,
0.616920907140889));
#7765=CARTESIAN_POINT('Ctrl Pts',(0.668731834355787,-0.125111000200491,
0.682588223941942));
#7766=CARTESIAN_POINT('Ctrl Pts',(0.669575314143109,-0.111615925620201,
0.715192315281718));
#7767=CARTESIAN_POINT('Ctrl Pts',(0.673766412308285,-0.065180228558721,
0.76156491899044));
#7768=CARTESIAN_POINT('Ctrl Pts',(0.676119035704502,-0.0326438359785942,
0.775086833417258));
#7769=CARTESIAN_POINT('Ctrl Pts',(0.676092685621791,0.0332138315316279,
0.774912516792036));
#7770=CARTESIAN_POINT('Ctrl Pts',(0.67372873602345,0.0656130804835145,0.761368051400462));
#7771=CARTESIAN_POINT('Ctrl Pts',(0.669538258037803,0.112042990504917,0.714524871825441));
#7772=CARTESIAN_POINT('Ctrl Pts',(0.668746878630127,0.12528026766247,0.6818804413359));
#7773=CARTESIAN_POINT('Ctrl Pts',(0.674169818698943,0.124712331862868,0.616195972803139));
#7774=CARTESIAN_POINT('Ctrl Pts',(0.680176038183774,0.111065629419908,0.584170014099396));
#7775=CARTESIAN_POINT('Ctrl Pts',(0.691435489987937,0.0649941075708893,
0.538339228364524));
#7776=CARTESIAN_POINT('Ctrl Pts',(0.695794694294385,0.0325662272070579,
0.524894240443096));
#7777=CARTESIAN_POINT('Ctrl Pts',(0.695729580791106,-0.0332508739907058,
0.525106697041098));
#7778=CARTESIAN_POINT('Ctrl Pts',(0.691329113720673,-0.0655685112637483,
0.538701693441067));
#7779=CARTESIAN_POINT('Ctrl Pts',(0.685691763547898,-0.0885010352260746,
0.561724483779968));
#7780=CARTESIAN_POINT('',(0.68175823433917,0.101383597109845,0.749602494862415));
#7781=CARTESIAN_POINT('',(0.695821721642512,-0.100980365804109,0.551459082455858));
#7782=CARTESIAN_POINT('Ctrl Pts',(0.681758233893721,0.101383599102601,0.749602496887213));
#7783=CARTESIAN_POINT('Ctrl Pts',(0.68071892603757,0.11462357328566,0.73645325539699));
#7784=CARTESIAN_POINT('Ctrl Pts',(0.679917785712247,0.124862758890883,0.721057860348142));
#7785=CARTESIAN_POINT('Ctrl Pts',(0.679685016307006,0.135669893198245,0.694850104439735));
#7786=CARTESIAN_POINT('Ctrl Pts',(0.679769170740318,0.138353415144195,0.685986160122916));
#7787=CARTESIAN_POINT('Ctrl Pts',(0.680187090303887,0.140998833800222,0.672498205126665));
#7788=CARTESIAN_POINT('Ctrl Pts',(0.680374662037056,0.14165059816161,0.667970213707744));
#7789=CARTESIAN_POINT('Ctrl Pts',(0.68085031299622,0.142492919444467,0.658850218029561));
#7790=CARTESIAN_POINT('Ctrl Pts',(0.681141702074185,0.142683019203877,0.65421323335404));
#7791=CARTESIAN_POINT('Ctrl Pts',(0.682148265803952,0.142561652789517,0.640479616057898));
#7792=CARTESIAN_POINT('Ctrl Pts',(0.683001230691136,0.141580459857569,0.631439800054239));
#7793=CARTESIAN_POINT('Ctrl Pts',(0.684535967611334,0.138743325223307,0.618053969339402));
#7794=CARTESIAN_POINT('Ctrl Pts',(0.685089758072167,0.137569992850451,0.613621007982899));
#7795=CARTESIAN_POINT('Ctrl Pts',(0.68627475159025,0.134764903529326,0.604813049700109));
#7796=CARTESIAN_POINT('Ctrl Pts',(0.686915128776499,0.133107423194261,0.600378150376221));
#7797=CARTESIAN_POINT('Ctrl Pts',(0.690193226807295,0.123925534515531,0.578955270682971));
#7798=CARTESIAN_POINT('Ctrl Pts',(0.693123677104423,0.113614045125346,0.563842110816681));
#7799=CARTESIAN_POINT('Ctrl Pts',(0.698750053957783,0.0872713741784723,
0.538019401800854));
#7800=CARTESIAN_POINT('Ctrl Pts',(0.701294036217608,0.0719405890830471,
0.528018642637111));
#7801=CARTESIAN_POINT('Ctrl Pts',(0.705030195183852,0.0365578982748182,
0.513669522714928));
#7802=CARTESIAN_POINT('Ctrl Pts',(0.7060124482586,0.0182829887380889,0.510110478008965));
#7803=CARTESIAN_POINT('Ctrl Pts',(0.705991098580722,-0.00972578709990128,
0.510194795796273));
#7804=CARTESIAN_POINT('Ctrl Pts',(0.705735755397523,-0.0189506284082944,
0.511124532738684));
#7805=CARTESIAN_POINT('Ctrl Pts',(0.704755613241269,-0.0371491969222422,
0.514787268650124));
#7806=CARTESIAN_POINT('Ctrl Pts',(0.704025060742667,-0.0461766568034334,
0.517542422472936));
#7807=CARTESIAN_POINT('Ctrl Pts',(0.701205835347639,-0.0725197338273485,
0.528379026338229));
#7808=CARTESIAN_POINT('Ctrl Pts',(0.69864964484178,-0.0878294073615263,
0.5384473168792));
#7809=CARTESIAN_POINT('Ctrl Pts',(0.695821723884401,-0.100980365032046,
0.551459083729504));
#7810=CARTESIAN_POINT('',(0.671633497327146,0.0888280358640972,0.737946461952549));
#7811=CARTESIAN_POINT('',(0.681758235215992,0.101383593106875,0.74960249079661));
#7812=CARTESIAN_POINT('',(0.695762317931393,3.64776589839501E-10,0.524999852329674));
#7813=CARTESIAN_POINT('Ctrl Pts',(0.695762317931393,3.65679965474985E-10,
0.524999852329674));
#7814=CARTESIAN_POINT('Ctrl Pts',(0.695762644794885,0.00503414546743922,
0.524997971035343));
#7815=CARTESIAN_POINT('Ctrl Pts',(0.695659915834228,0.0102790862735572,
0.525313568356052));
#7816=CARTESIAN_POINT('Ctrl Pts',(0.69544316231781,0.0156770735844278,0.526008876175674));
#7817=CARTESIAN_POINT('Ctrl Pts',(0.695226408801392,0.0210750608952985,
0.526704183995297));
#7818=CARTESIAN_POINT('Ctrl Pts',(0.69489557763237,0.0266262764905904,0.527778714295163));
#7819=CARTESIAN_POINT('Ctrl Pts',(0.694440377692191,0.0322753021957642,
0.529298962838614));
#7820=CARTESIAN_POINT('Ctrl Pts',(0.693918640363606,0.0387500560794473,
0.53104142882737));
#7821=CARTESIAN_POINT('Ctrl Pts',(0.693232290961326,0.0453463143718556,
0.533370003477852));
#7822=CARTESIAN_POINT('Ctrl Pts',(0.692378240427878,0.0519324665627829,
0.536373394873052));
#7823=CARTESIAN_POINT('Ctrl Pts',(0.691742024766306,0.0568387490475566,
0.538610738646779));
#7824=CARTESIAN_POINT('Ctrl Pts',(0.691012920819173,0.0617386225364889,
0.541222494763768));
#7825=CARTESIAN_POINT('Ctrl Pts',(0.690194125087698,0.0665594733158342,
0.544242325653134));
#7826=CARTESIAN_POINT('Ctrl Pts',(0.689235154982947,0.0722056334008751,
0.547779138844732));
#7827=CARTESIAN_POINT('Ctrl Pts',(0.688155450107903,0.077747746121867,0.551873235502556));
#7828=CARTESIAN_POINT('Ctrl Pts',(0.686972247077307,0.0830395188305683,
0.556567182481212));
#7829=CARTESIAN_POINT('Ctrl Pts',(0.686676446319658,0.0843624620077435,
0.557740669225876));
#7830=CARTESIAN_POINT('Ctrl Pts',(0.686374028264459,0.0856693048838981,
0.558951789547775));
#7831=CARTESIAN_POINT('Ctrl Pts',(0.686065357970053,0.0869572312766548,
0.560200999814103));
#7832=CARTESIAN_POINT('Ctrl Pts',(0.685988190396452,0.087279212874844,0.560513302380685));
#7833=CARTESIAN_POINT('Ctrl Pts',(0.685910632264408,0.0876000112955322,
0.560827984986436));
#7834=CARTESIAN_POINT('Ctrl Pts',(0.6858327839726,0.0879196959029069,0.561144957815181));
#7835=CARTESIAN_POINT('Ctrl Pts',(0.685824083807128,0.087955423199148,0.561180382048602));
#7836=CARTESIAN_POINT('Ctrl Pts',(0.68581510972743,0.0879922603328638,0.561216943390549));
#7837=CARTESIAN_POINT('Ctrl Pts',(0.685805901429442,0.0880300367714065,
0.561254481275256));
#7838=CARTESIAN_POINT('Ctrl Pts',(0.685732714711946,0.0883302804797571,
0.561552828979351));
#7839=CARTESIAN_POINT('Ctrl Pts',(0.685644872236446,0.0886895561561565,
0.561913099756771));
#7840=CARTESIAN_POINT('Ctrl Pts',(0.685562586212461,0.0890241623345234,
0.562252717056245));
#7841=CARTESIAN_POINT('Ctrl Pts',(0.685377307832658,0.0897775744888316,
0.563017412443779));
#7842=CARTESIAN_POINT('Ctrl Pts',(0.685193365377271,0.0905160860310263,
0.563786301420702));
#7843=CARTESIAN_POINT('Ctrl Pts',(0.685010823881776,0.0912398189430016,
0.56455874179887));
#7844=CARTESIAN_POINT('Ctrl Pts',(0.684280657899797,0.094134750590903,0.567648503311544));
#7845=CARTESIAN_POINT('Ctrl Pts',(0.683572880951376,0.0967932911416685,
0.570795110045705));
#7846=CARTESIAN_POINT('Ctrl Pts',(0.682890658069624,0.0992285970469959,
0.57396280441879));
#7847=CARTESIAN_POINT('Ctrl Pts',(0.68174446931622,0.103320104843706,0.579284783147097));
#7848=CARTESIAN_POINT('Ctrl Pts',(0.680673419676284,0.106773456174728,0.584652069583785));
#7849=CARTESIAN_POINT('Ctrl Pts',(0.679683930596205,0.109685256108776,0.589943960842274));
#7850=CARTESIAN_POINT('Ctrl Pts',(0.679495512303402,0.110239720411214,0.590951641610758));
#7851=CARTESIAN_POINT('Ctrl Pts',(0.679310006198111,0.110774514747388,0.591956729952623));
#7852=CARTESIAN_POINT('Ctrl Pts',(0.679127397365938,0.111290258981536,0.592958580471826));
#7853=CARTESIAN_POINT('Ctrl Pts',(0.678556602761628,0.112902360776133,0.596090142422477));
#7854=CARTESIAN_POINT('Ctrl Pts',(0.678015040779543,0.114328614055367,0.599188265598766));
#7855=CARTESIAN_POINT('Ctrl Pts',(0.677504537568189,0.115588560334817,0.602228309559221));
#7856=CARTESIAN_POINT('Ctrl Pts',(0.677249285962512,0.116218533474541,0.603748331539448));
#7857=CARTESIAN_POINT('Ctrl Pts',(0.677001797641809,0.116806928236469,0.605253826731372));
#7858=CARTESIAN_POINT('Ctrl Pts',(0.676762261922326,0.117356198311775,0.606741666412505));
#7859=CARTESIAN_POINT('Ctrl Pts',(0.676522726202843,0.11790546838708,0.608229506093639));
#7860=CARTESIAN_POINT('Ctrl Pts',(0.676291144308714,0.118415612838504,0.609699690167705));
#7861=CARTESIAN_POINT('Ctrl Pts',(0.67606765264187,0.118889112077019,0.611149054881052));
#7862=CARTESIAN_POINT('Ctrl Pts',(0.67517320843303,0.12078412077136,0.616949610636268));
#7863=CARTESIAN_POINT('Ctrl Pts',(0.674405466108118,0.122100220520409,0.622436143101136));
#7864=CARTESIAN_POINT('Ctrl Pts',(0.673758344890867,0.123014400160002,0.6275069548842));
#7865=CARTESIAN_POINT('Ctrl Pts',(0.673111914666328,0.123927603643268,0.632572352080474));
#7866=CARTESIAN_POINT('Ctrl Pts',(0.672585341475759,0.124440501018649,0.637224183138452));
#7867=CARTESIAN_POINT('Ctrl Pts',(0.672162493395182,0.124717145169836,0.641410451966499));
#7868=CARTESIAN_POINT('Ctrl Pts',(0.671950956355481,0.124855541174171,0.643504705094169));
#7869=CARTESIAN_POINT('Ctrl Pts',(0.671765238833344,0.124934532324216,0.645483223475439));
#7870=CARTESIAN_POINT('Ctrl Pts',(0.671602776218753,0.124972434881441,0.647343178133273));
#7871=CARTESIAN_POINT('Ctrl Pts',(0.671562160565105,0.124981910520747,0.647808166797731));
#7872=CARTESIAN_POINT('Ctrl Pts',(0.671522997423989,0.12498880944181,0.648265754825244));
#7873=CARTESIAN_POINT('Ctrl Pts',(0.671485245269628,0.1249933999262,0.648715916130301));
#7874=CARTESIAN_POINT('Ctrl Pts',(0.671476590524138,0.124994452302541,0.648819116373866));
#7875=CARTESIAN_POINT('Ctrl Pts',(0.671467867360394,0.12499543564687,0.648923779370631));
#7876=CARTESIAN_POINT('Ctrl Pts',(0.671458392207841,0.124996376454856,0.649038209660366));
#7877=CARTESIAN_POINT('Ctrl Pts',(0.671447201968087,0.124997487557486,0.649173352854115));
#7878=CARTESIAN_POINT('Ctrl Pts',(0.671434963562055,0.124998547126792,0.649322103236514));
#7879=CARTESIAN_POINT('Ctrl Pts',(0.671420604667283,0.124999392995101,0.649498132184666));
#7880=CARTESIAN_POINT('Ctrl Pts',(0.671394087613129,0.125000955088572,0.649823210766619));
#7881=CARTESIAN_POINT('Ctrl Pts',(0.671367853478215,0.12500119739604,0.650148992952647));
#7882=CARTESIAN_POINT('Ctrl Pts',(0.671341904785646,0.125000105614877,0.650475468498247));
#7883=CARTESIAN_POINT('Ctrl Pts',(0.67123811001537,0.124995738490225,0.65178137068065));
#7884=CARTESIAN_POINT('Ctrl Pts',(0.67113888379503,0.12497002502936,0.65309835452042));
#7885=CARTESIAN_POINT('Ctrl Pts',(0.671045070390862,0.124923270928731,0.654425813441265));
#7886=CARTESIAN_POINT('Ctrl Pts',(0.670669816774191,0.124736254526212,0.659735649124642));
#7887=CARTESIAN_POINT('Ctrl Pts',(0.67037701310903,0.124204437046731,0.665214236958236));
#7888=CARTESIAN_POINT('Ctrl Pts',(0.670168045654459,0.123261018688866,0.670806744090649));
#7889=CARTESIAN_POINT('Ctrl Pts',(0.669959078199887,0.122317600331001,0.676399251223062));
#7890=CARTESIAN_POINT('Ctrl Pts',(0.669833195865033,0.120959984977639,0.682110757546376));
#7891=CARTESIAN_POINT('Ctrl Pts',(0.669791091391426,0.119133483668246,0.687857108895983));
#7892=CARTESIAN_POINT('Ctrl Pts',(0.669770039154622,0.11822023301355,0.690730284570787));
#7893=CARTESIAN_POINT('Ctrl Pts',(0.669769810181074,0.117189831546805,0.693612180862962));
#7894=CARTESIAN_POINT('Ctrl Pts',(0.66979013242813,0.11603563769459,0.696492369274242));
#7895=CARTESIAN_POINT('Ctrl Pts',(0.669810454675186,0.114881443842374,0.699372557685523));
#7896=CARTESIAN_POINT('Ctrl Pts',(0.669851307853943,0.113603468049348,0.702251045158978));
#7897=CARTESIAN_POINT('Ctrl Pts',(0.669912556105287,0.112194980578741,0.705117419542542));
#7898=CARTESIAN_POINT('Ctrl Pts',(0.670035052607974,0.109378005637526,0.710850168309668));
#7899=CARTESIAN_POINT('Ctrl Pts',(0.67023829991062,0.106035889186968,0.716534072033788));
#7900=CARTESIAN_POINT('Ctrl Pts',(0.67052481891015,0.102147972166974,0.722046401848081));
#7901=CARTESIAN_POINT('Ctrl Pts',(0.670668078409915,0.100204013656978,0.724802566755227));
#7902=CARTESIAN_POINT('Ctrl Pts',(0.670832056069794,0.0981236608470585,
0.727515854839172));
#7903=CARTESIAN_POINT('Ctrl Pts',(0.671016803022741,0.0959044849257817,
0.730170971549333));
#7904=CARTESIAN_POINT('Ctrl Pts',(0.671109176499214,0.0947948969651433,
0.731498529904414));
#7905=CARTESIAN_POINT('Ctrl Pts',(0.67120674228444,0.0936506033495426,0.73281154537702));
#7906=CARTESIAN_POINT('Ctrl Pts',(0.671309516792091,0.0924712979158464,
0.734108100870189));
#7907=CARTESIAN_POINT('Ctrl Pts',(0.671412291299729,0.0912919924823083,
0.735404656363183));
#7908=CARTESIAN_POINT('Ctrl Pts',(0.671520668128959,0.0900781639531005,
0.736685205844565));
#7909=CARTESIAN_POINT('Ctrl Pts',(0.671633497609303,0.0888280362158029,
0.737946462275911));
#7910=CARTESIAN_POINT('',(0.685691764661688,-0.0885010366149478,0.561724482661));
#7911=CARTESIAN_POINT('Ctrl Pts',(0.685691764661656,-0.0885010366149074,
0.561724482661032));
#7912=CARTESIAN_POINT('Ctrl Pts',(0.685755848815508,-0.0882403388153596,
0.561462761223541));
#7913=CARTESIAN_POINT('Ctrl Pts',(0.685799714700714,-0.0880605418144555,
0.561284024419891));
#7914=CARTESIAN_POINT('Ctrl Pts',(0.685851804184568,-0.087846103334364,
0.561072055245912));
#7915=CARTESIAN_POINT('Ctrl Pts',(0.686008072636867,-0.087202787891064,
0.560436147720983));
#7916=CARTESIAN_POINT('Ctrl Pts',(0.686162794356158,-0.0865545908248577,
0.559809875336383));
#7917=CARTESIAN_POINT('Ctrl Pts',(0.686315918999453,-0.0859018776960563,
0.559193187061385));
#7918=CARTESIAN_POINT('Ctrl Pts',(0.686520085190513,-0.0850315935243213,
0.558370936028054));
#7919=CARTESIAN_POINT('Ctrl Pts',(0.686721411907731,-0.084153284539367,
0.5575657259992));
#7920=CARTESIAN_POINT('Ctrl Pts',(0.686920079138999,-0.0832681148418722,
0.556777098864858));
#7921=CARTESIAN_POINT('Ctrl Pts',(0.687317413601535,-0.0814977754468826,
0.555199844596173));
#7922=CARTESIAN_POINT('Ctrl Pts',(0.687703634996882,-0.079699442775718,
0.553689405808164));
#7923=CARTESIAN_POINT('Ctrl Pts',(0.688077574231587,-0.0778787183791536,
0.552244771748565));
#7924=CARTESIAN_POINT('Ctrl Pts',(0.688825452700995,-0.0742372695860248,
0.549355503629366));
#7925=CARTESIAN_POINT('Ctrl Pts',(0.689523992872588,-0.0705066615773345,
0.546729679686642));
#7926=CARTESIAN_POINT('Ctrl Pts',(0.690167747503937,-0.0667280891536075,
0.54435480064776));
#7927=CARTESIAN_POINT('Ctrl Pts',(0.690811502135286,-0.0629495167298805,
0.541979921608879));
#7928=CARTESIAN_POINT('Ctrl Pts',(0.691400278623072,-0.0591241665456461,
0.539856654720388));
#7929=CARTESIAN_POINT('Ctrl Pts',(0.691932143049133,-0.0552847631992259,
0.537967997219245));
#7930=CARTESIAN_POINT('Ctrl Pts',(0.692464007475195,-0.0514453598528058,
0.536079339718103));
#7931=CARTESIAN_POINT('Ctrl Pts',(0.692939032649303,-0.0475918673750435,
0.534425332893181));
#7932=CARTESIAN_POINT('Ctrl Pts',(0.693356583267366,-0.0437566286839631,
0.532989923688929));
#7933=CARTESIAN_POINT('Ctrl Pts',(0.694094448238313,-0.0369792748424187,
0.530453373328386));
#7934=CARTESIAN_POINT('Ctrl Pts',(0.694653093373063,-0.0302572352604114,
0.528597529666035));
#7935=CARTESIAN_POINT('Ctrl Pts',(0.695043743101602,-0.023720060845197,
0.527317465766583));
#7936=CARTESIAN_POINT('Ctrl Pts',(0.695095223144824,-0.0228585882858696,
0.527148778218489));
#7937=CARTESIAN_POINT('Ctrl Pts',(0.695143802783231,-0.0220002555845517,
0.526990076620271));
#7938=CARTESIAN_POINT('Ctrl Pts',(0.695189522593233,-0.021145296746321,
0.526841110004222));
#7939=CARTESIAN_POINT('Ctrl Pts',(0.695536190301658,-0.0146626227973638,
0.525711579601188));
#7940=CARTESIAN_POINT('Ctrl Pts',(0.69571770628677,-0.00840291972360286,
0.52514276995841));
#7941=CARTESIAN_POINT('Ctrl Pts',(0.69575504215025,-0.00238327057804174,
0.525023604973424));
#7942=CARTESIAN_POINT('Ctrl Pts',(0.69575928061783,-0.00169990382631399,
0.525010077044015));
#7943=CARTESIAN_POINT('Ctrl Pts',(0.695761657482271,-0.00101958964659087,
0.525002379654664));
#7944=CARTESIAN_POINT('Ctrl Pts',(0.695762200275275,-0.000342323687507227,
0.525000377832339));
#7945=CARTESIAN_POINT('Ctrl Pts',(0.695762291806622,-0.000228116126906494,
0.525000040264444));
#7946=CARTESIAN_POINT('Ctrl Pts',(0.695762330894976,-0.000114008140782845,
0.52499986542149));
#7947=CARTESIAN_POINT('Ctrl Pts',(0.695762317931393,3.6387321628022E-10,
0.524999852329674));
#7948=CARTESIAN_POINT('',(0.695821717158808,-0.100980367348329,0.551459079908488));
#7949=CARTESIAN_POINT('Origin',(1.37503937007874,7.10295143505465E-17,0.65));
#7950=CARTESIAN_POINT('',(0.676105915682958,1.34626737770665E-8,0.775000089739196));
#7951=CARTESIAN_POINT('Ctrl Pts',(0.676105915682958,1.34626737674504E-8,
0.775000089739197));
#7952=CARTESIAN_POINT('Ctrl Pts',(0.676105912633052,-0.000221396988614204,
0.775000148026826));
#7953=CARTESIAN_POINT('Ctrl Pts',(0.676105720321834,-0.000588220179645561,
0.774999164904862));
#7954=CARTESIAN_POINT('Ctrl Pts',(0.676105338026148,-0.000884466383730839,
0.774997054042811));
#7955=CARTESIAN_POINT('Ctrl Pts',(0.676104955730462,-0.00118071258781612,
0.77499494318076));
#7956=CARTESIAN_POINT('Ctrl Pts',(0.676104382460367,-0.00147837407966743,
0.774991723541839));
#7957=CARTESIAN_POINT('Ctrl Pts',(0.676103614585752,-0.00177744209644999,
0.77498736556441));
#7958=CARTESIAN_POINT('Ctrl Pts',(0.676102078836523,-0.00237557813001525,
0.77497864960955));
#7959=CARTESIAN_POINT('Ctrl Pts',(0.6760997646037,-0.0029793399382051,0.774965380437874));
#7960=CARTESIAN_POINT('Ctrl Pts',(0.676096683212336,-0.00358865748127593,
0.774947382938197));
#7961=CARTESIAN_POINT('Ctrl Pts',(0.676090520429607,-0.00480729256741753,
0.774911387938845));
#7962=CARTESIAN_POINT('Ctrl Pts',(0.676081368421019,-0.0060481564513871,
0.774856609431622));
#7963=CARTESIAN_POINT('Ctrl Pts',(0.676068963520404,-0.00731058781777522,
0.774781040806138));
#7964=CARTESIAN_POINT('Ctrl Pts',(0.676044153719175,-0.00983545055055164,
0.774629903555169));
#7965=CARTESIAN_POINT('Ctrl Pts',(0.67600632521719,-0.0124467097463733,
0.774395650773187));
#7966=CARTESIAN_POINT('Ctrl Pts',(0.675954018086356,-0.0151375924072315,
0.774062582511875));
#7967=CARTESIAN_POINT('Ctrl Pts',(0.675849403824688,-0.0205193577289477,
0.773396445989251));
#7968=CARTESIAN_POINT('Ctrl Pts',(0.675686545723808,-0.0262222646393037,
0.772335434220503));
#7969=CARTESIAN_POINT('Ctrl Pts',(0.675456243820469,-0.032164032143357,
0.770747054430814));
#7970=CARTESIAN_POINT('Ctrl Pts',(0.67522594191713,-0.0381057996474103,
0.769158674641125));
#7971=CARTESIAN_POINT('Ctrl Pts',(0.674927312851556,-0.0443011485442772,
0.767037546258151));
#7972=CARTESIAN_POINT('Ctrl Pts',(0.674560371289964,-0.0505926716032181,
0.76425803280894));
#7973=CARTESIAN_POINT('Ctrl Pts',(0.674376900509168,-0.0537384331326887,
0.762868276084335));
#7974=CARTESIAN_POINT('Ctrl Pts',(0.674176416691806,-0.0569082485106334,
0.761313863667005));
#7975=CARTESIAN_POINT('Ctrl Pts',(0.673960124714017,-0.0600821272284148,
0.759578345992993));
#7976=CARTESIAN_POINT('Ctrl Pts',(0.673743832736228,-0.0632560059461964,
0.757842828318982));
#7977=CARTESIAN_POINT('Ctrl Pts',(0.6735116710654,-0.0664339898412952,0.755926219221934));
#7978=CARTESIAN_POINT('Ctrl Pts',(0.673266614525328,-0.0695953219947819,
0.753811227129304));
#7979=CARTESIAN_POINT('Ctrl Pts',(0.673235982457819,-0.0699904885139677,
0.753546853117725));
#7980=CARTESIAN_POINT('Ctrl Pts',(0.673196215678908,-0.0705006312461818,
0.753201352851422));
#7981=CARTESIAN_POINT('Ctrl Pts',(0.673161068157759,-0.0709485737224564,
0.752893331434348));
#7982=CARTESIAN_POINT('Ctrl Pts',(0.673125920636609,-0.071396516198731,
0.752585310017273));
#7983=CARTESIAN_POINT('Ctrl Pts',(0.673090886201258,-0.0718403734086765,
0.752275900912484));
#7984=CARTESIAN_POINT('Ctrl Pts',(0.673055979073231,-0.0722801634980994,
0.751965203004614));
#7985=CARTESIAN_POINT('Ctrl Pts',(0.672986164817176,-0.0731597436769454,
0.751343807188874));
#7986=CARTESIAN_POINT('Ctrl Pts',(0.672916860015169,-0.0740230556853984,
0.750717255835711));
#7987=CARTESIAN_POINT('Ctrl Pts',(0.672848174462383,-0.0748702564251699,
0.750086332215568));
#7988=CARTESIAN_POINT('Ctrl Pts',(0.672710803356809,-0.0765646579047132,
0.748824484975281));
#7989=CARTESIAN_POINT('Ctrl Pts',(0.672575911854827,-0.0781946182692016,
0.747545144094409));
#7990=CARTESIAN_POINT('Ctrl Pts',(0.67244426744129,-0.0797617466816996,
0.746254251930797));
#7991=CARTESIAN_POINT('Ctrl Pts',(0.672312623027754,-0.0813288750941976,
0.744963359767186));
#7992=CARTESIAN_POINT('Ctrl Pts',(0.672184249035095,-0.0828330900128582,
0.743661023177354));
#7993=CARTESIAN_POINT('Ctrl Pts',(0.672059729717198,-0.0842765213345366,
0.742352616549255));
#7994=CARTESIAN_POINT('Ctrl Pts',(0.671935210399301,-0.085719952656215,
0.741044209921155));
#7995=CARTESIAN_POINT('Ctrl Pts',(0.67181454851019,-0.0871025985881519,
0.739729731913995));
#7996=CARTESIAN_POINT('Ctrl Pts',(0.671698279482411,-0.0884265561693103,
0.738414628042234));
#7997=CARTESIAN_POINT('Ctrl Pts',(0.671698138135524,-0.0884281656889382,
0.738413029285956));
#7998=CARTESIAN_POINT('Ctrl Pts',(0.671697996793798,-0.0884297751222169,
0.738411430525608));
#7999=CARTESIAN_POINT('Ctrl Pts',(0.671697855457232,-0.0884313844691497,
0.738409831761198));
#8000=CARTESIAN_POINT('Ctrl Pts',(0.671321414073816,-0.0927177825657692,
0.734151619573423));
#8001=CARTESIAN_POINT('Ctrl Pts',(0.671015980665483,-0.0963780184125863,
0.729877472108354));
#8002=CARTESIAN_POINT('Ctrl Pts',(0.670768986593204,-0.0995130898465614,
0.725751340190227));
#8003=CARTESIAN_POINT('Ctrl Pts',(0.670710945803591,-0.100249795872918,
0.724781746254764));
#8004=CARTESIAN_POINT('Ctrl Pts',(0.670656098813604,-0.100957495109364,
0.72382009927398));
#8005=CARTESIAN_POINT('Ctrl Pts',(0.670604227224894,-0.101637475756744,
0.722868128786581));
#8006=CARTESIAN_POINT('Ctrl Pts',(0.670467879551852,-0.103424846864669,
0.720365815593801));
#8007=CARTESIAN_POINT('Ctrl Pts',(0.67035467038855,-0.105022297101608,0.717936068278486));
#8008=CARTESIAN_POINT('Ctrl Pts',(0.670258859503436,-0.106455336801297,
0.715598758781832));
#8009=CARTESIAN_POINT('Ctrl Pts',(0.670187001339601,-0.107530116576063,
0.713845776659341));
#8010=CARTESIAN_POINT('Ctrl Pts',(0.670124991843171,-0.108512409952456,
0.712144737693175));
#8011=CARTESIAN_POINT('Ctrl Pts',(0.670071238982997,-0.109412767963359,
0.710503437213893));
#8012=CARTESIAN_POINT('Ctrl Pts',(0.669940538842012,-0.111601989496541,
0.706512613221484));
#8013=CARTESIAN_POINT('Ctrl Pts',(0.669856837954205,-0.113306925758593,
0.702873512817813));
#8014=CARTESIAN_POINT('Ctrl Pts',(0.669812274139986,-0.114674802646376,
0.699696607397103));
#8015=CARTESIAN_POINT('Ctrl Pts',(0.669801854865669,-0.114994620076198,
0.698953828762917));
#8016=CARTESIAN_POINT('Ctrl Pts',(0.669793574052599,-0.115295936525516,
0.698236101915409));
#8017=CARTESIAN_POINT('Ctrl Pts',(0.669787337112018,-0.115580471625714,
0.697544477348506));
#8018=CARTESIAN_POINT('Ctrl Pts',(0.669786422870868,-0.115622180167576,
0.697443095648387));
#8019=CARTESIAN_POINT('Ctrl Pts',(0.66978428926592,-0.115722683403502,0.697197757998734));
#8020=CARTESIAN_POINT('Ctrl Pts',(0.669782824496487,-0.115796202378036,
0.697016761558788));
#8021=CARTESIAN_POINT('Ctrl Pts',(0.669781359727054,-0.11586972135257,0.696835765118842));
#8022=CARTESIAN_POINT('Ctrl Pts',(0.669779979108093,-0.115942813130032,
0.696654625240931));
#8023=CARTESIAN_POINT('Ctrl Pts',(0.669778682960211,-0.116015477151386,
0.696473343850194));
#8024=CARTESIAN_POINT('Ctrl Pts',(0.669776090664445,-0.116160805194094,
0.696110781068719));
#8025=CARTESIAN_POINT('Ctrl Pts',(0.669773836252711,-0.116304422215266,
0.69574765223238));
#8026=CARTESIAN_POINT('Ctrl Pts',(0.66977192234868,-0.116446323816895,0.695383972773755));
#8027=CARTESIAN_POINT('Ctrl Pts',(0.669768094540618,-0.116730127020154,
0.694656613856505));
#8028=CARTESIAN_POINT('Ctrl Pts',(0.669765628759884,-0.117007068589812,
0.693927052388006));
#8029=CARTESIAN_POINT('Ctrl Pts',(0.669764546878506,-0.117277114451788,
0.693195412341413));
#8030=CARTESIAN_POINT('Ctrl Pts',(0.669762383115751,-0.117817206175742,
0.691732132248226));
#8031=CARTESIAN_POINT('Ctrl Pts',(0.66976575498806,-0.118329715669004,0.690260536727992));
#8032=CARTESIAN_POINT('Ctrl Pts',(0.669774844950831,-0.118814376182811,
0.688781630082561));
#8033=CARTESIAN_POINT('Ctrl Pts',(0.669793024876372,-0.119783697210424,
0.685823816791698));
#8034=CARTESIAN_POINT('Ctrl Pts',(0.669834079457542,-0.120641629184843,
0.682836735085677));
#8035=CARTESIAN_POINT('Ctrl Pts',(0.669899700634832,-0.121386415083877,
0.67982858894288));
#8036=CARTESIAN_POINT('Ctrl Pts',(0.670030942989411,-0.122875986881946,
0.673812296657286));
#8037=CARTESIAN_POINT('Ctrl Pts',(0.670260368367054,-0.123912398376792,
0.66771138955486));
#8038=CARTESIAN_POINT('Ctrl Pts',(0.670603539209599,-0.124487483875006,
0.661595240429205));
#8039=CARTESIAN_POINT('Ctrl Pts',(0.670775124630871,-0.124775026624113,
0.658537165866378));
#8040=CARTESIAN_POINT('Ctrl Pts',(0.670974860084366,-0.124946827178899,
0.65547566722409));
#8041=CARTESIAN_POINT('Ctrl Pts',(0.671205068780172,-0.125003519656919,
0.652419570442414));
#8042=CARTESIAN_POINT('Ctrl Pts',(0.671271998024364,-0.125020002026067,
0.651531062529799));
#8043=CARTESIAN_POINT('Ctrl Pts',(0.671341509268513,-0.125026783418269,
0.650643086873398));
#8044=CARTESIAN_POINT('Ctrl Pts',(0.671413636471793,-0.125023795942391,
0.649755498915831));
#8045=CARTESIAN_POINT('Ctrl Pts',(0.671527574899459,-0.125019076664661,
0.648353387483505));
#8046=CARTESIAN_POINT('Ctrl Pts',(0.671647686171391,-0.124990467662995,
0.646953863586933));
#8047=CARTESIAN_POINT('Ctrl Pts',(0.671773680889931,-0.124938158086518,
0.645556307165416));
#8048=CARTESIAN_POINT('Ctrl Pts',(0.672390942878216,-0.124681887716167,
0.638709524494836));
#8049=CARTESIAN_POINT('Ctrl Pts',(0.673149352804813,-0.123858549583937,
0.631924148760291));
#8050=CARTESIAN_POINT('Ctrl Pts',(0.674011319782197,-0.122512044034711,
0.625281930071487));
#8051=CARTESIAN_POINT('Ctrl Pts',(0.674035263309346,-0.122474641102788,
0.625097423996798));
#8052=CARTESIAN_POINT('Ctrl Pts',(0.674041096659014,-0.122465426954976,
0.62505279641823));
#8053=CARTESIAN_POINT('Ctrl Pts',(0.674054674622714,-0.122444057639041,
0.624948728598388));
#8054=CARTESIAN_POINT('Ctrl Pts',(0.674068252586413,-0.122422688323105,
0.624844660778547));
#8055=CARTESIAN_POINT('Ctrl Pts',(0.674081947522299,-0.122401062552833,
0.624739962194823));
#8056=CARTESIAN_POINT('Ctrl Pts',(0.674095760020406,-0.122379175019457,
0.624634634272826));
#8057=CARTESIAN_POINT('Ctrl Pts',(0.674123385016619,-0.122335399952705,
0.62442397842883));
#8058=CARTESIAN_POINT('Ctrl Pts',(0.674151480232609,-0.122290577849343,
0.624210805222135));
#8059=CARTESIAN_POINT('Ctrl Pts',(0.674180050350694,-0.122244665534198,
0.62399512661887));
#8060=CARTESIAN_POINT('Ctrl Pts',(0.674237190586865,-0.122152840903907,
0.62356376941234));
#8061=CARTESIAN_POINT('Ctrl Pts',(0.674296229971869,-0.122056655671432,
0.623122390451448));
#8062=CARTESIAN_POINT('Ctrl Pts',(0.674357208490124,-0.121955757069937,
0.622671090013065));
#8063=CARTESIAN_POINT('Ctrl Pts',(0.674479165526634,-0.121753959866948,
0.621768489136298));
#8064=CARTESIAN_POINT('Ctrl Pts',(0.674608872206286,-0.121533312806731,
0.620826199667561));
#8065=CARTESIAN_POINT('Ctrl Pts',(0.674746622967954,-0.121290809480207,
0.619845194525753));
#8066=CARTESIAN_POINT('Ctrl Pts',(0.675022124491288,-0.12080580282716,0.617883184242137));
#8067=CARTESIAN_POINT('Ctrl Pts',(0.675329829488275,-0.120233545942794,
0.615766056627635));
#8068=CARTESIAN_POINT('Ctrl Pts',(0.675671853437979,-0.119547655570936,
0.613504346798342));
#8069=CARTESIAN_POINT('Ctrl Pts',(0.676013877387683,-0.118861765199078,
0.611242636969049));
#8070=CARTESIAN_POINT('Ctrl Pts',(0.676390760137654,-0.118062448851037,
0.608835130581724));
#8071=CARTESIAN_POINT('Ctrl Pts',(0.676803045611612,-0.117120318012665,
0.606299107255317));
#8072=CARTESIAN_POINT('Ctrl Pts',(0.677009188348592,-0.116649252593479,
0.605031095592113));
#8073=CARTESIAN_POINT('Ctrl Pts',(0.677224200074742,-0.116142474366207,
0.603730961961202));
#8074=CARTESIAN_POINT('Ctrl Pts',(0.67744827204315,-0.115596255076148,0.602400927061557));
#8075=CARTESIAN_POINT('Ctrl Pts',(0.677672344011558,-0.115050035786088,
0.601070892161911));
#8076=CARTESIAN_POINT('Ctrl Pts',(0.677905475213423,-0.114464375341612,
0.599710954832302));
#8077=CARTESIAN_POINT('Ctrl Pts',(0.678147955170962,-0.113835509902177,
0.598323395566987));
#8078=CARTESIAN_POINT('Ctrl Pts',(0.678937648113695,-0.111787461871768,
0.593804482867708));
#8079=CARTESIAN_POINT('Ctrl Pts',(0.679820085889922,-0.109270995790683,
0.588994746586355));
#8080=CARTESIAN_POINT('Ctrl Pts',(0.680802115998131,-0.106168905809197,
0.58401539015038));
#8081=CARTESIAN_POINT('Ctrl Pts',(0.681706598454965,-0.103311777555877,
0.579429236930622));
#8082=CARTESIAN_POINT('Ctrl Pts',(0.682695752717791,-0.099957585793648,
0.574698974417675));
#8083=CARTESIAN_POINT('Ctrl Pts',(0.683761290877687,-0.0960091706835086,
0.569960295227706));
#8084=CARTESIAN_POINT('Ctrl Pts',(0.684380709051319,-0.0937138797513648,
0.567205608328868));
#8085=CARTESIAN_POINT('Ctrl Pts',(0.685025669489975,-0.0912176981365797,
0.564448860418238));
#8086=CARTESIAN_POINT('Ctrl Pts',(0.685691764660752,-0.0885010366185852,
0.561724482664725));
#8087=CARTESIAN_POINT('',(0.5,8.63377229811316E-17,0.525));
#8088=CARTESIAN_POINT('',(1.37503937007874,5.57214293612046E-17,0.525));
#8089=CARTESIAN_POINT('Ctrl Pts',(0.484122918275927,-0.125,0.65));
#8090=CARTESIAN_POINT('Ctrl Pts',(0.484122918275927,-0.125,0.634231323665201));
#8091=CARTESIAN_POINT('Ctrl Pts',(0.484973579332106,-0.121834881761244,
0.617459786498687));
#8092=CARTESIAN_POINT('Ctrl Pts',(0.488005597223663,-0.109057998139517,
0.586683664371196));
#8093=CARTESIAN_POINT('Ctrl Pts',(0.490138825645427,-0.0994496384782273,
0.57267294318159));
#8094=CARTESIAN_POINT('Ctrl Pts',(0.494111880834681,-0.0773286033839411,
0.550551908087304));
#8095=CARTESIAN_POINT('Ctrl Pts',(0.496215629725421,-0.0633172380752554,
0.540942342586591));
#8096=CARTESIAN_POINT('Ctrl Pts',(0.499179575122445,-0.0325388319770619,
0.528164578621243));
#8097=CARTESIAN_POINT('Ctrl Pts',(0.5,-0.0157664715929045,0.525));
#8098=CARTESIAN_POINT('Ctrl Pts',(0.5,0.0157664715929046,0.525));
#8099=CARTESIAN_POINT('Ctrl Pts',(0.499179575122445,0.032538831977062,0.528164578621243));
#8100=CARTESIAN_POINT('Ctrl Pts',(0.496215629725421,0.0633172380752555,
0.540942342586591));
#8101=CARTESIAN_POINT('Ctrl Pts',(0.494111880834681,0.0773286033839412,
0.550551908087304));
#8102=CARTESIAN_POINT('Ctrl Pts',(0.490138825645426,0.0994496384782274,
0.57267294318159));
#8103=CARTESIAN_POINT('Ctrl Pts',(0.488005597223663,0.109057998139517,0.586683664371196));
#8104=CARTESIAN_POINT('Ctrl Pts',(0.484973579332105,0.121834881761244,0.617459786498687));
#8105=CARTESIAN_POINT('Ctrl Pts',(0.484122918275927,0.125,0.634231323665201));
#8106=CARTESIAN_POINT('Ctrl Pts',(0.484122918275927,0.125,0.665768676334799));
#8107=CARTESIAN_POINT('Ctrl Pts',(0.484973579332105,0.121834881761244,0.682540213501313));
#8108=CARTESIAN_POINT('Ctrl Pts',(0.488005597223663,0.109057998139517,0.713316335628804));
#8109=CARTESIAN_POINT('Ctrl Pts',(0.490138825645426,0.0994496384782274,
0.727327056818409));
#8110=CARTESIAN_POINT('Ctrl Pts',(0.494111880834681,0.0773286033839412,
0.749448091912696));
#8111=CARTESIAN_POINT('Ctrl Pts',(0.496215629725421,0.0633172380752555,
0.759057657413409));
#8112=CARTESIAN_POINT('Ctrl Pts',(0.499179575122445,0.032538831977062,0.771835421378757));
#8113=CARTESIAN_POINT('Ctrl Pts',(0.5,0.0157664715929047,0.775));
#8114=CARTESIAN_POINT('Ctrl Pts',(0.5,-0.0157664715929045,0.775));
#8115=CARTESIAN_POINT('Ctrl Pts',(0.499179575122445,-0.0325388319770618,
0.771835421378757));
#8116=CARTESIAN_POINT('Ctrl Pts',(0.496215629725421,-0.0633172380752554,
0.759057657413409));
#8117=CARTESIAN_POINT('Ctrl Pts',(0.494111880834681,-0.077328603383941,
0.749448091912696));
#8118=CARTESIAN_POINT('Ctrl Pts',(0.490138825645427,-0.0994496384782272,
0.72732705681841));
#8119=CARTESIAN_POINT('Ctrl Pts',(0.488005597223663,-0.109057998139517,
0.713316335628804));
#8120=CARTESIAN_POINT('Ctrl Pts',(0.484973579332106,-0.121834881761244,
0.682540213501312));
#8121=CARTESIAN_POINT('Ctrl Pts',(0.484122918275927,-0.125,0.665768676334799));
#8122=CARTESIAN_POINT('Ctrl Pts',(0.484122918275927,-0.125,0.65));
#8123=CARTESIAN_POINT('Ctrl Pts',(0.671633497030682,0.0888280354936083,
0.737946461613565));
#8124=CARTESIAN_POINT('Ctrl Pts',(0.67253932554006,0.0788490540677469,0.74802547218458));
#8125=CARTESIAN_POINT('Ctrl Pts',(0.673632905447345,0.0663680191630355,
0.757189912143301));
#8126=CARTESIAN_POINT('Ctrl Pts',(0.674648327044245,0.0494140031269046,
0.764839180872936));
#8127=CARTESIAN_POINT('Ctrl Pts',(0.67476276402421,0.0473973921445231,0.76568608739629));
#8128=CARTESIAN_POINT('Ctrl Pts',(0.67499546402108,0.0430363335870835,0.767384362784257));
#8129=CARTESIAN_POINT('Ctrl Pts',(0.675111969742344,0.0406864719792758,
0.768219411854423));
#8130=CARTESIAN_POINT('Ctrl Pts',(0.675783246341902,0.0259422984587682,
0.772967044808366));
#8131=CARTESIAN_POINT('Ctrl Pts',(0.676108194327905,0.0130178415504534,
0.774999998596945));
#8132=CARTESIAN_POINT('Ctrl Pts',(0.676105859208572,1.34724321563186E-8,
0.774999999999999));
#8133=CARTESIAN_POINT('Origin',(1.37503937007874,-1.53080849893419E-17,
1.27));
#8134=CARTESIAN_POINT('',(0.632913365671382,6.35837391819161E-8,1.39499734611577));
#8135=CARTESIAN_POINT('Ctrl Pts',(0.632913365671382,6.35837391838237E-8,
1.39499734611577));
#8136=CARTESIAN_POINT('Ctrl Pts',(0.632913619627017,-0.000130439137643151,
1.39499776899057));
#8137=CARTESIAN_POINT('Ctrl Pts',(0.632913747707604,-0.000269666018732202,
1.39499784486237));
#8138=CARTESIAN_POINT('Ctrl Pts',(0.632913783831486,-0.000414486107070811,
1.39499757869021));
#8139=CARTESIAN_POINT('Ctrl Pts',(0.632913892205545,-0.000848956043121635,
1.39499678015598));
#8140=CARTESIAN_POINT('Ctrl Pts',(0.632913263760967,-0.00133376719383704,
1.3949928453653));
#8141=CARTESIAN_POINT('Ctrl Pts',(0.632912070732688,-0.0017843734085129,
1.3949863807802));
#8142=CARTESIAN_POINT('Ctrl Pts',(0.632910480028317,-0.00238518169474736,
1.39497776133339));
#8143=CARTESIAN_POINT('Ctrl Pts',(0.632908239074448,-0.00299196042747036,
1.39496491863739));
#8144=CARTESIAN_POINT('Ctrl Pts',(0.632905297569424,-0.00360465413165316,
1.39494759227502));
#8145=CARTESIAN_POINT('Ctrl Pts',(0.632903755778299,-0.00392579780065714,
1.39493851065473));
#8146=CARTESIAN_POINT('Ctrl Pts',(0.632901961057713,-0.00424857584101263,
1.39492810186151));
#8147=CARTESIAN_POINT('Ctrl Pts',(0.632899903244766,-0.0045730061453973,
1.39491632245145));
#8148=CARTESIAN_POINT('Ctrl Pts',(0.632894109063986,-0.00548650405899105,
1.39488315518448));
#8149=CARTESIAN_POINT('Ctrl Pts',(0.632886280410558,-0.00641237750603136,
1.39483905937289));
#8150=CARTESIAN_POINT('Ctrl Pts',(0.632876308268712,-0.00735094025412477,
1.39478317377271));
#8151=CARTESIAN_POINT('Ctrl Pts',(0.632849280739475,-0.00989472999445892,
1.39463170684453));
#8152=CARTESIAN_POINT('Ctrl Pts',(0.63280648447889,-0.0125302226670498,
1.39439371845171));
#8153=CARTESIAN_POINT('Ctrl Pts',(0.632746436494172,-0.0152500786861174,
1.39405278595986));
#8154=CARTESIAN_POINT('Ctrl Pts',(0.632626340524736,-0.0206897907242528,
1.39337092097615));
#8155=CARTESIAN_POINT('Ctrl Pts',(0.632442295391814,-0.0264711479546045,
1.39228623121675));
#8156=CARTESIAN_POINT('Ctrl Pts',(0.632181698439146,-0.0325071496576284,
1.39065342310184));
#8157=CARTESIAN_POINT('Ctrl Pts',(0.631936835461533,-0.0381787177045698,
1.38911919849638));
#8158=CARTESIAN_POINT('Ctrl Pts',(0.631623668119532,-0.0440888570725658,
1.3870960909388));
#8159=CARTESIAN_POINT('Ctrl Pts',(0.631241524783057,-0.0500983014945926,
1.38447122020376));
#8160=CARTESIAN_POINT('Ctrl Pts',(0.631216969687869,-0.0504844458172241,
1.38430255587129));
#8161=CARTESIAN_POINT('Ctrl Pts',(0.631192134494665,-0.0508709842881177,
1.38413141419068));
#8162=CARTESIAN_POINT('Ctrl Pts',(0.631167020999908,-0.0512578733454946,
1.38395776835964));
#8163=CARTESIAN_POINT('Ctrl Pts',(0.631063034242239,-0.0528598542343555,
1.38323875783853));
#8164=CARTESIAN_POINT('Ctrl Pts',(0.630954225714609,-0.0544681506865948,
1.38247664015628));
#8165=CARTESIAN_POINT('Ctrl Pts',(0.630840715754514,-0.0560800839955174,
1.38166922125412));
#8166=CARTESIAN_POINT('Ctrl Pts',(0.630670450814372,-0.0584979839589014,
1.38045809290089));
#8167=CARTESIAN_POINT('Ctrl Pts',(0.630489575861146,-0.0609240806697471,
1.3791450521596));
#8168=CARTESIAN_POINT('Ctrl Pts',(0.630298914277295,-0.0633491792890304,
1.37772246870722));
#8169=CARTESIAN_POINT('Ctrl Pts',(0.630108252693444,-0.0657742779083137,
1.37629988525485));
#8170=CARTESIAN_POINT('Ctrl Pts',(0.629907785969512,-0.0681983916912489,
1.37476776212463));
#8171=CARTESIAN_POINT('Ctrl Pts',(0.629699064030266,-0.0706119898249359,
1.3731181439572));
#8172=CARTESIAN_POINT('Ctrl Pts',(0.629664277040391,-0.0710142561805504,
1.37284320759597));
#8173=CARTESIAN_POINT('Ctrl Pts',(0.629619864093723,-0.0715249220438217,
1.37248982829627));
#8174=CARTESIAN_POINT('Ctrl Pts',(0.629580342440557,-0.0719763682471178,
1.37217264764842));
#8175=CARTESIAN_POINT('Ctrl Pts',(0.629540820787392,-0.0724278144504139,
1.37185546700056));
#8176=CARTESIAN_POINT('Ctrl Pts',(0.629501429248339,-0.0728750811268215,
1.3715368784235));
#8177=CARTESIAN_POINT('Ctrl Pts',(0.629462183446133,-0.0733181872202617,
1.3712169828549));
#8178=CARTESIAN_POINT('Ctrl Pts',(0.629383691841719,-0.0742043994071422,
1.3705771917177));
#8179=CARTESIAN_POINT('Ctrl Pts',(0.629305783438086,-0.075073969607492,
1.36993217224858));
#8180=CARTESIAN_POINT('Ctrl Pts',(0.629228578844221,-0.0759270613294757,
1.36928272417296));
#8181=CARTESIAN_POINT('Ctrl Pts',(0.629074169656492,-0.0776332447734434,
1.3679838280217));
#8182=CARTESIAN_POINT('Ctrl Pts',(0.628922578714013,-0.0792735186973502,
1.36666721223741));
#8183=CARTESIAN_POINT('Ctrl Pts',(0.628774651748562,-0.0808495557805391,
1.3653389438066));
#8184=CARTESIAN_POINT('Ctrl Pts',(0.628626724783112,-0.082425592863728,
1.36401067537579));
#8185=CARTESIAN_POINT('Ctrl Pts',(0.628482486094224,-0.0839373082747734,
1.36267086529389));
#8186=CARTESIAN_POINT('Ctrl Pts',(0.62834258563653,-0.0853869124423491,
1.36132499816805));
#8187=CARTESIAN_POINT('Ctrl Pts',(0.628202685178837,-0.0868365166099248,
1.35997913104221));
#8188=CARTESIAN_POINT('Ctrl Pts',(0.628067125929549,-0.0882240075373531,
1.35862720541441));
#8189=CARTESIAN_POINT('Ctrl Pts',(0.627936501425746,-0.0895515593171039,
1.35727478765012));
#8190=CARTESIAN_POINT('Ctrl Pts',(0.627860344253194,-0.0903255533765565,
1.35648629613407));
#8191=CARTESIAN_POINT('Ctrl Pts',(0.627785739881539,-0.0910792759412317,
1.35569729328515));
#8192=CARTESIAN_POINT('Ctrl Pts',(0.627712709970207,-0.0918131590052061,
1.35490867316551));
#8193=CARTESIAN_POINT('Ctrl Pts',(0.627312263798347,-0.0958372726622357,
1.35058441886748));
#8194=CARTESIAN_POINT('Ctrl Pts',(0.626994138938895,-0.0992526875940008,
1.34628356100696));
#8195=CARTESIAN_POINT('Ctrl Pts',(0.626737616970408,-0.102163637456753,
1.34214965589072));
#8196=CARTESIAN_POINT('Ctrl Pts',(0.626719958158551,-0.102364025424511,
1.34186508044826));
#8197=CARTESIAN_POINT('Ctrl Pts',(0.626702589071413,-0.102562019000436,
1.34158127653138));
#8198=CARTESIAN_POINT('Ctrl Pts',(0.626685502047416,-0.102757650451583,
1.34129828255454));
#8199=CARTESIAN_POINT('Ctrl Pts',(0.62653021687864,-0.104535529555312,1.33872646153624));
#8200=CARTESIAN_POINT('Ctrl Pts',(0.626401461180588,-0.106119847986367,
1.33622923385081));
#8201=CARTESIAN_POINT('Ctrl Pts',(0.626292732424573,-0.107537365460662,
1.33382704057571));
#8202=CARTESIAN_POINT('Ctrl Pts',(0.626251959141067,-0.108068934513523,
1.33292621809754));
#8203=CARTESIAN_POINT('Ctrl Pts',(0.626214029733866,-0.10857704266074,1.3320387374915));
#8204=CARTESIAN_POINT('Ctrl Pts',(0.626178692594627,-0.109063081002872,
1.331165606925));
#8205=CARTESIAN_POINT('Ctrl Pts',(0.626055012607291,-0.110764215200334,
1.32810964994226));
#8206=CARTESIAN_POINT('Ctrl Pts',(0.625962670812939,-0.112195168837689,
1.32522971042152));
#8207=CARTESIAN_POINT('Ctrl Pts',(0.625894681735366,-0.113414187194615,
1.32256667796019));
#8208=CARTESIAN_POINT('Ctrl Pts',(0.62586068719658,-0.114023696373078,1.32123516172953));
#8209=CARTESIAN_POINT('Ctrl Pts',(0.625832865831627,-0.114580186165217,
1.31995782476904));
#8210=CARTESIAN_POINT('Ctrl Pts',(0.625810804603307,-0.115090715132305,
1.31873957744752));
#8211=CARTESIAN_POINT('Ctrl Pts',(0.625799773989148,-0.115345979615848,
1.31813045378676));
#8212=CARTESIAN_POINT('Ctrl Pts',(0.625790187818813,-0.115589751516881,
1.31753610110584));
#8213=CARTESIAN_POINT('Ctrl Pts',(0.625782020460258,-0.115822898595013,
1.31695712647774));
#8214=CARTESIAN_POINT('Ctrl Pts',(0.625773853101702,-0.116056045673145,
1.31637815184965));
#8215=CARTESIAN_POINT('Ctrl Pts',(0.625767104546914,-0.116278567949917,
1.31581455520078));
#8216=CARTESIAN_POINT('Ctrl Pts',(0.625761766329514,-0.116491323130618,
1.3152669407444));
#8217=CARTESIAN_POINT('Ctrl Pts',(0.625760749526199,-0.116531847926942,
1.31516263322889));
#8218=CARTESIAN_POINT('Ctrl Pts',(0.625758402270255,-0.116628455829367,
1.31491284623309));
#8219=CARTESIAN_POINT('Ctrl Pts',(0.625756791718663,-0.116699071986293,
1.31472862644369));
#8220=CARTESIAN_POINT('Ctrl Pts',(0.625755181167072,-0.116769688143219,
1.31454440665429));
#8221=CARTESIAN_POINT('Ctrl Pts',(0.625753663537923,-0.116839869838054,
1.31436003975773));
#8222=CARTESIAN_POINT('Ctrl Pts',(0.625752239145475,-0.116909616409196,
1.31417552768955));
#8223=CARTESIAN_POINT('Ctrl Pts',(0.625749390360579,-0.117049109551479,
1.31380650355319));
#8224=CARTESIAN_POINT('Ctrl Pts',(0.625746914521728,-0.117186862202217,
1.31343689872681));
#8225=CARTESIAN_POINT('Ctrl Pts',(0.625744814210337,-0.117322869137611,
1.3130667287401));
#8226=CARTESIAN_POINT('Ctrl Pts',(0.625740613587555,-0.1175948830084,1.31232638876667));
#8227=CARTESIAN_POINT('Ctrl Pts',(0.625737915063212,-0.117859914067961,
1.31158378808993));
#8228=CARTESIAN_POINT('Ctrl Pts',(0.625736740310558,-0.118117921558856,
1.31083905167646));
#8229=CARTESIAN_POINT('Ctrl Pts',(0.625734390805253,-0.118633936540645,
1.30934957884952));
#8230=CARTESIAN_POINT('Ctrl Pts',(0.625738136278691,-0.119121857947563,
1.30785156195202));
#8231=CARTESIAN_POINT('Ctrl Pts',(0.625748159457366,-0.119581364118443,
1.30634601516409));
#8232=CARTESIAN_POINT('Ctrl Pts',(0.625768205814717,-0.120500376460205,
1.30333492158823));
#8233=CARTESIAN_POINT('Ctrl Pts',(0.625813362994242,-0.121305736262153,
1.30029368351647));
#8234=CARTESIAN_POINT('Ctrl Pts',(0.625885366345521,-0.121995230165457,
1.29723065688753));
#8235=CARTESIAN_POINT('Ctrl Pts',(0.62602937304808,-0.123374217972064,1.29110460362964));
#8236=CARTESIAN_POINT('Ctrl Pts',(0.626280626955408,-0.124289163921681,
1.284890924046));
#8237=CARTESIAN_POINT('Ctrl Pts',(0.62665569173004,-0.124728123319438,1.27866141570204));
#8238=CARTESIAN_POINT('Ctrl Pts',(0.626843224117355,-0.124947603018317,
1.27554666153006));
#8239=CARTESIAN_POINT('Ctrl Pts',(0.627061409225998,-0.12504762796049,1.27242828593029));
#8240=CARTESIAN_POINT('Ctrl Pts',(0.627312803676164,-0.125028435644936,
1.26931569446371));
#8241=CARTESIAN_POINT('Ctrl Pts',(0.627432616721127,-0.125019288705675,
1.2678322525616));
#8242=CARTESIAN_POINT('Ctrl Pts',(0.62755997627711,-0.124983203408173,1.26635076117939));
#8243=CARTESIAN_POINT('Ctrl Pts',(0.627695111233426,-0.124919881818663,
1.26487062755502));
#8244=CARTESIAN_POINT('Ctrl Pts',(0.627772633701341,-0.124883556311001,
1.26402152370704));
#8245=CARTESIAN_POINT('Ctrl Pts',(0.627852505468122,-0.124838495747196,
1.26317346361609));
#8246=CARTESIAN_POINT('Ctrl Pts',(0.627934670327301,-0.124784745921419,
1.26232631655569));
#8247=CARTESIAN_POINT('Ctrl Pts',(0.628610847226152,-0.12434241095156,1.25535470755037));
#8248=CARTESIAN_POINT('Ctrl Pts',(0.629442089553378,-0.12331130136983,1.24844885220457));
#8249=CARTESIAN_POINT('Ctrl Pts',(0.63038715884943,-0.121733961203348,1.24169398034486));
#8250=CARTESIAN_POINT('Ctrl Pts',(0.630413410774321,-0.121690146198723,
1.24150634501542));
#8251=CARTESIAN_POINT('Ctrl Pts',(0.63041398844239,-0.121689122912979,1.24150246288991));
#8252=CARTESIAN_POINT('Ctrl Pts',(0.630425676069536,-0.121669544185876,
1.2414193425139));
#8253=CARTESIAN_POINT('Ctrl Pts',(0.630437363696683,-0.121649965458774,
1.2413362221379));
#8254=CARTESIAN_POINT('Ctrl Pts',(0.630449193988422,-0.121630118523015,
1.24125228195098));
#8255=CARTESIAN_POINT('Ctrl Pts',(0.630461167632044,-0.121609997843206,
1.24116752343428));
#8256=CARTESIAN_POINT('Ctrl Pts',(0.630485114919288,-0.121569756483588,
1.2409980064009));
#8257=CARTESIAN_POINT('Ctrl Pts',(0.630509635560363,-0.121528420177066,
1.2408252160333));
#8258=CARTESIAN_POINT('Ctrl Pts',(0.630534735076409,-0.121485943366677,
1.24064916484109));
#8259=CARTESIAN_POINT('Ctrl Pts',(0.630584934108499,-0.121400989745899,
1.24029706245666));
#8260=CARTESIAN_POINT('Ctrl Pts',(0.630637447795909,-0.121311474563393,
1.239931916509));
#8261=CARTESIAN_POINT('Ctrl Pts',(0.630692325729772,-0.121217020161356,
1.23955383264596));
#8262=CARTESIAN_POINT('Ctrl Pts',(0.630802081597498,-0.121028111357282,
1.23879766491988));
#8263=CARTESIAN_POINT('Ctrl Pts',(0.630921281608712,-0.120819452486339,
1.23798974115031));
#8264=CARTESIAN_POINT('Ctrl Pts',(0.631050303044217,-0.120587685512643,
1.23713111080413));
#8265=CARTESIAN_POINT('Ctrl Pts',(0.631308345915229,-0.120124151565252,
1.23541385011176));
#8266=CARTESIAN_POINT('Ctrl Pts',(0.631605693631273,-0.119568520246071,
1.23349343438435));
#8267=CARTESIAN_POINT('Ctrl Pts',(0.631945297291116,-0.11888956124493,1.23138172058094));
#8268=CARTESIAN_POINT('Ctrl Pts',(0.632478022529205,-0.117824500297995,
1.22806914368112));
#8269=CARTESIAN_POINT('Ctrl Pts',(0.633115010081639,-0.116456797112433,
1.22428356702254));
#8270=CARTESIAN_POINT('Ctrl Pts',(0.633864835045371,-0.114643263774942,
1.22010092568119));
#8271=CARTESIAN_POINT('Ctrl Pts',(0.634071012477317,-0.114144601201197,
1.21895083560387));
#8272=CARTESIAN_POINT('Ctrl Pts',(0.634285680586542,-0.113612094878222,
1.21777098590764));
#8273=CARTESIAN_POINT('Ctrl Pts',(0.634508898824587,-0.113042493125377,
1.2165636072727));
#8274=CARTESIAN_POINT('Ctrl Pts',(0.634767653102779,-0.112382211547561,
1.21516401559989));
#8275=CARTESIAN_POINT('Ctrl Pts',(0.635038195840435,-0.111672036046502,
1.21372665893558));
#8276=CARTESIAN_POINT('Ctrl Pts',(0.63532025435772,-0.110906910601708,1.21225636001531));
#8277=CARTESIAN_POINT('Ctrl Pts',(0.63612081565545,-0.108735269678023,1.20808323869639));
#8278=CARTESIAN_POINT('Ctrl Pts',(0.637013268117338,-0.106121182495511,
1.20364493088821));
#8279=CARTESIAN_POINT('Ctrl Pts',(0.637996763232239,-0.10294699430877,1.19905187796227));
#8280=CARTESIAN_POINT('Ctrl Pts',(0.638052800660266,-0.102766135919783,
1.19879017572414));
#8281=CARTESIAN_POINT('Ctrl Pts',(0.638109129580432,-0.1025834567457,1.19852798465007));
#8282=CARTESIAN_POINT('Ctrl Pts',(0.638165748268028,-0.102398934211417,
1.19826533026365));
#8283=CARTESIAN_POINT('Ctrl Pts',(0.639122731256049,-0.0992800889376625,
1.19382588120176));
#8284=CARTESIAN_POINT('Ctrl Pts',(0.640161486174325,-0.0956321876190516,
1.1892531627341));
#8285=CARTESIAN_POINT('Ctrl Pts',(0.641274693324872,-0.0913681026779141,
1.18469249769515));
#8286=CARTESIAN_POINT('Ctrl Pts',(0.641790520367809,-0.0893922526980245,
1.18257922132991));
#8287=CARTESIAN_POINT('Ctrl Pts',(0.642322066658504,-0.0872840122695446,
1.18046913701649));
#8288=CARTESIAN_POINT('Ctrl Pts',(0.64286702331274,-0.0850342370544646,
1.17838024733405));
#8289=CARTESIAN_POINT('',(0.5,1.23641213311853E-22,1.145));
#8290=CARTESIAN_POINT('',(1.37503937007874,-3.06161699786839E-17,1.145));
#8291=CARTESIAN_POINT('Ctrl Pts',(0.484122918275927,-0.125,1.27));
#8292=CARTESIAN_POINT('Ctrl Pts',(0.484122918275927,-0.125,1.2542313236652));
#8293=CARTESIAN_POINT('Ctrl Pts',(0.484973579332106,-0.121834881761244,
1.23745978649869));
#8294=CARTESIAN_POINT('Ctrl Pts',(0.488005597223663,-0.109057998139517,
1.2066836643712));
#8295=CARTESIAN_POINT('Ctrl Pts',(0.490138825645426,-0.0994496384782275,
1.19267294318159));
#8296=CARTESIAN_POINT('Ctrl Pts',(0.494111880834681,-0.0773286033839412,
1.1705519080873));
#8297=CARTESIAN_POINT('Ctrl Pts',(0.496215629725421,-0.0633172380752555,
1.16094234258659));
#8298=CARTESIAN_POINT('Ctrl Pts',(0.499179575122445,-0.032538831977062,
1.14816457862124));
#8299=CARTESIAN_POINT('Ctrl Pts',(0.5,-0.0157664715929046,1.145));
#8300=CARTESIAN_POINT('Ctrl Pts',(0.5,0.0157664715929046,1.145));
#8301=CARTESIAN_POINT('Ctrl Pts',(0.499179575122445,0.0325388319770619,
1.14816457862124));
#8302=CARTESIAN_POINT('Ctrl Pts',(0.496215629725421,0.0633172380752555,
1.16094234258659));
#8303=CARTESIAN_POINT('Ctrl Pts',(0.494111880834681,0.0773286033839412,
1.1705519080873));
#8304=CARTESIAN_POINT('Ctrl Pts',(0.490138825645426,0.0994496384782274,
1.19267294318159));
#8305=CARTESIAN_POINT('Ctrl Pts',(0.488005597223663,0.109057998139517,1.2066836643712));
#8306=CARTESIAN_POINT('Ctrl Pts',(0.484973579332105,0.121834881761244,1.23745978649869));
#8307=CARTESIAN_POINT('Ctrl Pts',(0.484122918275927,0.125,1.2542313236652));
#8308=CARTESIAN_POINT('Ctrl Pts',(0.484122918275927,0.125,1.2857686763348));
#8309=CARTESIAN_POINT('Ctrl Pts',(0.484973579332105,0.121834881761244,1.30254021350131));
#8310=CARTESIAN_POINT('Ctrl Pts',(0.488005597223663,0.109057998139517,1.3333163356288));
#8311=CARTESIAN_POINT('Ctrl Pts',(0.490138825645426,0.0994496384782274,
1.34732705681841));
#8312=CARTESIAN_POINT('Ctrl Pts',(0.494111880834681,0.0773286033839412,
1.3694480919127));
#8313=CARTESIAN_POINT('Ctrl Pts',(0.496215629725421,0.0633172380752555,
1.37905765741341));
#8314=CARTESIAN_POINT('Ctrl Pts',(0.499179575122445,0.0325388319770619,
1.39183542137876));
#8315=CARTESIAN_POINT('Ctrl Pts',(0.5,0.0157664715929046,1.395));
#8316=CARTESIAN_POINT('Ctrl Pts',(0.5,-0.0157664715929046,1.395));
#8317=CARTESIAN_POINT('Ctrl Pts',(0.499179575122445,-0.0325388319770619,
1.39183542137876));
#8318=CARTESIAN_POINT('Ctrl Pts',(0.496215629725421,-0.0633172380752555,
1.37905765741341));
#8319=CARTESIAN_POINT('Ctrl Pts',(0.494111880834681,-0.0773286033839412,
1.3694480919127));
#8320=CARTESIAN_POINT('Ctrl Pts',(0.490138825645426,-0.0994496384782274,
1.34732705681841));
#8321=CARTESIAN_POINT('Ctrl Pts',(0.488005597223663,-0.109057998139517,
1.3333163356288));
#8322=CARTESIAN_POINT('Ctrl Pts',(0.484973579332106,-0.121834881761245,
1.30254021350131));
#8323=CARTESIAN_POINT('Ctrl Pts',(0.484122918275927,-0.125,1.2857686763348));
#8324=CARTESIAN_POINT('Ctrl Pts',(0.484122918275927,-0.125,1.27));
#8325=CARTESIAN_POINT('Ctrl Pts',(0.628304796253309,0.0853584867497871,
1.36131773507806));
#8326=CARTESIAN_POINT('Ctrl Pts',(0.629308138464122,0.0753854865584313,
1.37063991333797));
#8327=CARTESIAN_POINT('Ctrl Pts',(0.630352360334373,0.0639139080204549,
1.37830146786877));
#8328=CARTESIAN_POINT('Ctrl Pts',(0.631456785483518,0.0471945327104619,
1.38583910944242));
#8329=CARTESIAN_POINT('Ctrl Pts',(0.631708331707174,0.0429127947584794,
1.38749273732112));
#8330=CARTESIAN_POINT('Ctrl Pts',(0.632555774013136,0.0261031746526204,
1.3929421877921));
#8331=CARTESIAN_POINT('Ctrl Pts',(0.632916531993989,0.0130977357380541,
1.39499999272502));
#8332=CARTESIAN_POINT('Ctrl Pts',(0.632915052241537,6.94299573733614E-8,
1.39499999999998));
#8333=CARTESIAN_POINT('Origin',(-1.06,-3.75629099128836E-16,0.0309368698526255));
#8334=CARTESIAN_POINT('',(-0.925,-3.59096367340347E-16,0.0309368698526255));
#8335=CARTESIAN_POINT('',(-1.195,-3.92161830917325E-16,0.0309368698526255));
#8336=CARTESIAN_POINT('Origin',(-1.06,-3.75629099128836E-16,0.0309368698526255));
#8337=CARTESIAN_POINT('Origin',(-1.06,-3.75629099128836E-16,0.0309368698526255));
#8338=CARTESIAN_POINT('',(-1.28178583054641,-4.58188726342604E-16,0.130772547507651));
#8339=CARTESIAN_POINT('',(-1.195,-3.92161830917325E-16,0.0309368698526255));
#8340=CARTESIAN_POINT('',(-0.82432749005587,-3.01262572145991E-16,0.146747344767996));
#8341=CARTESIAN_POINT('Ctrl Pts',(-1.28178583054641,-4.91732638859567E-16,
0.130772547507651));
#8342=CARTESIAN_POINT('Ctrl Pts',(-1.28178583054641,-0.0325799101088123,
0.130772547507651));
#8343=CARTESIAN_POINT('Ctrl Pts',(-1.27437292519896,-0.066990639587546,
0.130983948407436));
#8344=CARTESIAN_POINT('Ctrl Pts',(-1.24488175766324,-0.128819483221688,
0.131843392734946));
#8345=CARTESIAN_POINT('Ctrl Pts',(-1.22280337815026,-0.15623751583479,0.132493275458748));
#8346=CARTESIAN_POINT('Ctrl Pts',(-1.17172725368253,-0.197683038707716,
0.134046432232047));
#8347=CARTESIAN_POINT('Ctrl Pts',(-1.13970276074995,-0.213802909149951,
0.135043112236854));
#8348=CARTESIAN_POINT('Ctrl Pts',(-1.07182227083427,-0.229774506533644,
0.137257576912292));
#8349=CARTESIAN_POINT('Ctrl Pts',(-1.03596653074152,-0.229626861456909,
0.138478705533298));
#8350=CARTESIAN_POINT('Ctrl Pts',(-0.979757748444443,-0.217167920089417,
0.140489199631611));
#8351=CARTESIAN_POINT('Ctrl Pts',(-0.955031971063413,-0.207459350761827,
0.141406663151537));
#8352=CARTESIAN_POINT('Ctrl Pts',(-0.910527121709921,-0.180020054034713,
0.143123192072152));
#8353=CARTESIAN_POINT('Ctrl Pts',(-0.890748304817773,-0.162288826335518,
0.143920873215295));
#8354=CARTESIAN_POINT('Ctrl Pts',(-0.859793649987092,-0.124240657779949,
0.14520237819204));
#8355=CARTESIAN_POINT('Ctrl Pts',(-0.846347498638781,-0.100979376428883,
0.145780558288238));
#8356=CARTESIAN_POINT('Ctrl Pts',(-0.828613536994829,-0.0511957377778604,
0.146554600140493));
#8357=CARTESIAN_POINT('Ctrl Pts',(-0.82432749005587,-0.0246727039350139,
0.146747344767996));
#8358=CARTESIAN_POINT('Ctrl Pts',(-0.82432749005587,-3.05966975290397E-16,
0.146747344767996));
#8359=CARTESIAN_POINT('Ctrl Pts',(-0.82432749005587,-3.11430671277726E-16,
0.146747344767996));
#8360=CARTESIAN_POINT('Ctrl Pts',(-0.82432749005587,0.0246727039350133,
0.146747344767996));
#8361=CARTESIAN_POINT('Ctrl Pts',(-0.828613536994829,0.0511957377778598,
0.146554600140493));
#8362=CARTESIAN_POINT('Ctrl Pts',(-0.846347498638781,0.100979376428882,
0.145780558288238));
#8363=CARTESIAN_POINT('Ctrl Pts',(-0.859793649987093,0.124240657779949,
0.14520237819204));
#8364=CARTESIAN_POINT('Ctrl Pts',(-0.890748304817773,0.162288826335518,
0.143920873215295));
#8365=CARTESIAN_POINT('Ctrl Pts',(-0.910527121709921,0.180020054034712,
0.143123192072152));
#8366=CARTESIAN_POINT('Ctrl Pts',(-0.955031971063413,0.207459350761826,
0.141406663151537));
#8367=CARTESIAN_POINT('Ctrl Pts',(-0.979757748444443,0.217167920089417,
0.140489199631611));
#8368=CARTESIAN_POINT('Ctrl Pts',(-1.0035587549028,0.2224435252855,0.139637877452712));
#8369=CARTESIAN_POINT('Ctrl Pts',(-1.03596653074152,0.229626861456908,0.138478705533298));
#8370=CARTESIAN_POINT('Ctrl Pts',(-1.07182227083427,0.229774506533643,0.137257576912292));
#8371=CARTESIAN_POINT('Ctrl Pts',(-1.13970276074995,0.213802909149951,0.135043112236854));
#8372=CARTESIAN_POINT('Ctrl Pts',(-1.17172725368253,0.197683038707715,0.134046432232047));
#8373=CARTESIAN_POINT('Ctrl Pts',(-1.22280337815026,0.156237515834789,0.132493275458748));
#8374=CARTESIAN_POINT('Ctrl Pts',(-1.24488175766324,0.128819483221687,0.131843392734946));
#8375=CARTESIAN_POINT('Ctrl Pts',(-1.27437292519896,0.066990639587545,0.130983948407436));
#8376=CARTESIAN_POINT('Ctrl Pts',(-1.28178583054641,0.0325799101088112,
0.130772547507651));
#8377=CARTESIAN_POINT('Ctrl Pts',(-1.28178583054641,-5.24514814783538E-16,
0.130772547507651));
#8378=CARTESIAN_POINT('Origin',(0.53,0.917986928011505,0.0309368698526255));
#8379=CARTESIAN_POINT('',(0.665,0.917986928011505,0.0309368698526255));
#8380=CARTESIAN_POINT('',(0.395,0.917986928011505,0.0309368698526255));
#8381=CARTESIAN_POINT('Origin',(0.53,0.917986928011505,0.0309368698526255));
#8382=CARTESIAN_POINT('Origin',(0.53,0.917986928011505,0.0309368698526255));
#8383=CARTESIAN_POINT('',(0.298607858079602,0.917986928011488,0.141823344622215));
#8384=CARTESIAN_POINT('',(0.395,0.917986928011505,0.0309368698526255));
#8385=CARTESIAN_POINT('',(0.754622447915973,0.917986928011505,0.134035702512971));
#8386=CARTESIAN_POINT('Ctrl Pts',(0.298607858079602,0.917986928011471,0.141823344622215));
#8387=CARTESIAN_POINT('Ctrl Pts',(0.298478788188444,0.913557770471725,0.141971822547327));
#8388=CARTESIAN_POINT('Ctrl Pts',(0.298478026349298,0.909117127495311,0.142119212337549));
#8389=CARTESIAN_POINT('Ctrl Pts',(0.299361620870252,0.878549645252874,0.143123192072152));
#8390=CARTESIAN_POINT('Ctrl Pts',(0.304827906051967,0.852555073517875,0.143920873215295));
#8391=CARTESIAN_POINT('Ctrl Pts',(0.322301259173221,0.806723471791343,0.14520237819204));
#8392=CARTESIAN_POINT('Ctrl Pts',(0.335723044073667,0.783448122465042,0.145780558288238));
#8393=CARTESIAN_POINT('Ctrl Pts',(0.369969959016301,0.743198241846129,0.146554600140493));
#8394=CARTESIAN_POINT('Ctrl Pts',(0.390796556640161,0.726224899393754,0.146747344767996));
#8395=CARTESIAN_POINT('Ctrl Pts',(0.433530933415709,0.70155219545874,0.146747344767996));
#8396=CARTESIAN_POINT('Ctrl Pts',(0.458643577978528,0.692002504068269,0.146554600140493));
#8397=CARTESIAN_POINT('Ctrl Pts',(0.510624454565115,0.682468746036159,0.145780558288238));
#8398=CARTESIAN_POINT('Ctrl Pts',(0.537492390813871,0.682482814011393,0.14520237819204));
#8399=CARTESIAN_POINT('Ctrl Pts',(0.585920398765806,0.690266247182357,0.143920873215295));
#8400=CARTESIAN_POINT('Ctrl Pts',(0.611165500839669,0.698529591218161,0.143123192072152));
#8401=CARTESIAN_POINT('Ctrl Pts',(0.657181053544075,0.723352272986327,0.141406663151537));
#8402=CARTESIAN_POINT('Ctrl Pts',(0.677951809906686,0.739911139662823,0.140489199631611));
#8403=CARTESIAN_POINT('Ctrl Pts',(0.69442112125601,0.757885613293356,0.139637877452712));
#8404=CARTESIAN_POINT('Ctrl Pts',(0.716845960783732,0.782359902364133,0.138478705533298));
#8405=CARTESIAN_POINT('Ctrl Pts',(0.734901695217302,0.813338061617578,0.137257576912292));
#8406=CARTESIAN_POINT('Ctrl Pts',(0.751941524938837,0.869920482212211,0.135381046026922));
#8407=CARTESIAN_POINT('Ctrl Pts',(0.755167826879407,0.894281469272495,0.134663089242468));
#8408=CARTESIAN_POINT('Ctrl Pts',(0.754622447915973,0.917986928011505,0.134035702512971));
#8409=CARTESIAN_POINT('Ctrl Pts',(0.754622447915973,0.917986928011505,0.134035702512971));
#8410=CARTESIAN_POINT('Ctrl Pts',(0.754382876450903,0.92840014865447,0.133760107068282));
#8411=CARTESIAN_POINT('Ctrl Pts',(0.753430228903666,0.938687237513952,0.133501665412814));
#8412=CARTESIAN_POINT('Ctrl Pts',(0.74670734681223,0.980860031394158,0.132493275458748));
#8413=CARTESIAN_POINT('Ctrl Pts',(0.734001823803986,1.01368948523335,0.131843392734946));
#8414=CARTESIAN_POINT('Ctrl Pts',(0.695202058298061,1.07014400732361,0.130983948407436));
#8415=CARTESIAN_POINT('Ctrl Pts',(0.66910794508045,1.09376913640972,0.130772547507651));
#8416=CARTESIAN_POINT('Ctrl Pts',(0.612677885465961,1.12634904651853,0.130772547507651));
#8417=CARTESIAN_POINT('Ctrl Pts',(0.579170866900897,1.13713464691116,0.130983948407436));
#8418=CARTESIAN_POINT('Ctrl Pts',(0.510879933859257,1.14250896845504,0.131843392734946));
#8419=CARTESIAN_POINT('Ctrl Pts',(0.476096031338028,1.13709754722895,0.132493275458748));
#8420=CARTESIAN_POINT('Ctrl Pts',(0.414665093423081,1.1135870873495,0.134046432232047));
#8421=CARTESIAN_POINT('Ctrl Pts',(0.384692629648101,1.09391299814769,0.135043112236854));
#8422=CARTESIAN_POINT('Ctrl Pts',(0.336920575616965,1.04311256815122,0.137257576912292));
#8423=CARTESIAN_POINT('Ctrl Pts',(0.319120569957787,1.01198676382104,0.138478705533298));
#8424=CARTESIAN_POINT('Ctrl Pts',(0.303050706337513,0.961026434681877,0.14034466301085));
#8425=CARTESIAN_POINT('Ctrl Pts',(0.299239011171325,0.939645553813869,0.141097286045374));
#8426=CARTESIAN_POINT('Ctrl Pts',(0.298607858079602,0.917986928011471,0.141823344622215));
#8427=CARTESIAN_POINT('Origin',(0.53,-0.917986928011505,0.0309368698526255));
#8428=CARTESIAN_POINT('',(0.665,-0.917986928011505,0.0309368698526255));
#8429=CARTESIAN_POINT('',(0.395,-0.917986928011505,0.0309368698526255));
#8430=CARTESIAN_POINT('Origin',(0.53,-0.917986928011505,0.0309368698526255));
#8431=CARTESIAN_POINT('Origin',(0.53,-0.917986928011505,0.0309368698526255));
#8432=CARTESIAN_POINT('',(0.298607858079602,-0.917986928011488,0.141823344622215));
#8433=CARTESIAN_POINT('',(0.395,-0.917986928011505,0.0309368698526255));
#8434=CARTESIAN_POINT('',(0.754622447915973,-0.917986928011505,0.134035702512971));
#8435=CARTESIAN_POINT('Ctrl Pts',(0.298607858079602,-0.917986928011471,
0.141823344622215));
#8436=CARTESIAN_POINT('Ctrl Pts',(0.299239011171328,-0.939645553813869,
0.141097286045374));
#8437=CARTESIAN_POINT('Ctrl Pts',(0.303050706337513,-0.961026434681877,
0.14034466301085));
#8438=CARTESIAN_POINT('Ctrl Pts',(0.309137633646791,-0.980329138578857,
0.139637877452712));
#8439=CARTESIAN_POINT('Ctrl Pts',(0.319120569957787,-1.01198676382104,0.138478705533298));
#8440=CARTESIAN_POINT('Ctrl Pts',(0.336920575616965,-1.04311256815122,0.137257576912292));
#8441=CARTESIAN_POINT('Ctrl Pts',(0.384692629648101,-1.09391299814769,0.135043112236854));
#8442=CARTESIAN_POINT('Ctrl Pts',(0.414665093423081,-1.1135870873495,0.134046432232047));
#8443=CARTESIAN_POINT('Ctrl Pts',(0.476096031338028,-1.13709754722895,0.132493275458748));
#8444=CARTESIAN_POINT('Ctrl Pts',(0.510879933859257,-1.14250896845504,0.131843392734946));
#8445=CARTESIAN_POINT('Ctrl Pts',(0.579170866900897,-1.13713464691116,0.130983948407436));
#8446=CARTESIAN_POINT('Ctrl Pts',(0.612677885465961,-1.12634904651853,0.130772547507651));
#8447=CARTESIAN_POINT('Ctrl Pts',(0.66910794508045,-1.09376913640972,0.130772547507651));
#8448=CARTESIAN_POINT('Ctrl Pts',(0.695202058298061,-1.07014400732361,0.130983948407436));
#8449=CARTESIAN_POINT('Ctrl Pts',(0.734001823803986,-1.01368948523335,0.131843392734946));
#8450=CARTESIAN_POINT('Ctrl Pts',(0.74670734681223,-0.980860031394157,0.132493275458748));
#8451=CARTESIAN_POINT('Ctrl Pts',(0.753430228903666,-0.938687237513952,
0.133501665412814));
#8452=CARTESIAN_POINT('Ctrl Pts',(0.754382876450903,-0.92840014865447,0.133760107068282));
#8453=CARTESIAN_POINT('Ctrl Pts',(0.754622447915973,-0.917986928011505,
0.134035702512971));
#8454=CARTESIAN_POINT('Ctrl Pts',(0.754622447915973,-0.917986928011505,
0.134035702512971));
#8455=CARTESIAN_POINT('Ctrl Pts',(0.755167826879407,-0.894281469272495,
0.134663089242468));
#8456=CARTESIAN_POINT('Ctrl Pts',(0.751941524938837,-0.869920482212211,
0.135381046026923));
#8457=CARTESIAN_POINT('Ctrl Pts',(0.734901695217302,-0.813338061617578,
0.137257576912292));
#8458=CARTESIAN_POINT('Ctrl Pts',(0.716845960783732,-0.782359902364133,
0.138478705533298));
#8459=CARTESIAN_POINT('Ctrl Pts',(0.677951809906686,-0.739911139662822,
0.140489199631611));
#8460=CARTESIAN_POINT('Ctrl Pts',(0.657181053544075,-0.723352272986327,
0.141406663151537));
#8461=CARTESIAN_POINT('Ctrl Pts',(0.611165500839669,-0.698529591218161,
0.143123192072152));
#8462=CARTESIAN_POINT('Ctrl Pts',(0.585920398765806,-0.690266247182357,
0.143920873215295));
#8463=CARTESIAN_POINT('Ctrl Pts',(0.537492390813871,-0.682482814011393,
0.14520237819204));
#8464=CARTESIAN_POINT('Ctrl Pts',(0.510624454565115,-0.682468746036158,
0.145780558288238));
#8465=CARTESIAN_POINT('Ctrl Pts',(0.458643577978528,-0.692002504068268,
0.146554600140493));
#8466=CARTESIAN_POINT('Ctrl Pts',(0.433530933415709,-0.70155219545874,0.146747344767996));
#8467=CARTESIAN_POINT('Ctrl Pts',(0.390796556640161,-0.726224899393754,
0.146747344767996));
#8468=CARTESIAN_POINT('Ctrl Pts',(0.369969959016301,-0.743198241846129,
0.146554600140493));
#8469=CARTESIAN_POINT('Ctrl Pts',(0.335723044073666,-0.783448122465041,
0.145780558288238));
#8470=CARTESIAN_POINT('Ctrl Pts',(0.322301259173221,-0.806723471791343,
0.14520237819204));
#8471=CARTESIAN_POINT('Ctrl Pts',(0.304827906051967,-0.852555073517875,
0.143920873215295));
#8472=CARTESIAN_POINT('Ctrl Pts',(0.299361620870252,-0.878549645252874,
0.143123192072152));
#8473=CARTESIAN_POINT('Ctrl Pts',(0.298478026349298,-0.909117127495311,
0.142119212337549));
#8474=CARTESIAN_POINT('Ctrl Pts',(0.298478788188444,-0.913557770471725,
0.141971822547327));
#8475=CARTESIAN_POINT('Ctrl Pts',(0.298607858079602,-0.917986928011471,
0.141823344622215));
#8476=CARTESIAN_POINT('Origin',(0.,-2.08413018930187E-16,0.0792329982424443));
#8477=CARTESIAN_POINT('',(1.68388934882761E-16,1.375,0.0792329982424443));
#8478=CARTESIAN_POINT('',(-1.68388934882761E-16,-1.375,0.0792329982424443));
#8479=CARTESIAN_POINT('Origin',(0.,-2.08413018930187E-16,0.0792329982424443));
#8480=CARTESIAN_POINT('Origin',(0.,-2.08413018930187E-16,0.0792329982424443));
#8481=CARTESIAN_POINT('',(-1.62479398671667E-16,-1.32674497483512,0.129202539593399));
#8482=CARTESIAN_POINT('Origin',(-1.62265700887024E-16,-1.325,0.0792329982424443));
#8483=CARTESIAN_POINT('Origin',(0.,-2.08553697180463E-16,0.129202539593399));
#8484=CARTESIAN_POINT('Origin',(0.,-2.13088543051639E-16,1.74));
#8485=CARTESIAN_POINT('',(-1.68388934882761E-16,1.375,0.));
#8486=CARTESIAN_POINT('',(-1.68388934882761E-16,1.375,1.74));
#8487=CARTESIAN_POINT('Origin',(0.,-2.0818995585505E-16,0.));
#8488=CARTESIAN_POINT('Origin',(0.,-2.73184799366426E-16,0.198398358952211));
#8489=CARTESIAN_POINT('',(8.91595750562512E-17,-0.728043180436413,0.194910535265005));
#8490=CARTESIAN_POINT('',(-8.91595750562512E-17,0.728043180436413,0.194910535265005));
#8491=CARTESIAN_POINT('Origin',(0.,-2.08738683586389E-16,0.194910535265005));
#8492=CARTESIAN_POINT('Origin',(0.,-2.08738683586389E-16,0.194910535265005));
#8493=CARTESIAN_POINT('',(-9.50541953770842E-17,0.776176408114279,0.148428817601256));
#8494=CARTESIAN_POINT('Origin',(-9.5267893161727E-17,0.777921382949404,
0.198398358952211));
#8495=CARTESIAN_POINT('',(1.28766797024376E-16,-0.77617640811428,0.148428817601256));
#8496=CARTESIAN_POINT('Origin',(0.,-2.08607824536375E-16,0.148428817601256));
#8497=CARTESIAN_POINT('Origin',(0.,-2.08607824536375E-16,0.148428817601256));
#8498=CARTESIAN_POINT('Origin',(0.,-2.0488859952482E-16,1.69));
#8499=CARTESIAN_POINT('',(-7.02180934701603E-17,0.573374245693117,1.74));
#8500=CARTESIAN_POINT('Origin',(0.,-2.13088543051639E-16,1.74));
#8501=CARTESIAN_POINT('',(-7.63264115756362E-17,0.623252448206108,1.69348782368721));
#8502=CARTESIAN_POINT('Origin',(-7.02180934701603E-17,0.573374245693117,
1.69));
#8503=CARTESIAN_POINT('',(8.27429933159437E-17,-0.623252448206108,1.69348782368721));
#8504=CARTESIAN_POINT('Origin',(0.,-2.12957598252001E-16,1.69348782368721));
#8505=CARTESIAN_POINT('Origin',(0.,-2.12957598252001E-16,1.69348782368721));
#8506=CARTESIAN_POINT('Origin',(0.53,-0.917986928011505,1.74003937007874));
#8507=CARTESIAN_POINT('',(0.665,-0.917986928011505,0.));
#8508=CARTESIAN_POINT('',(0.665,-0.917986928011505,1.74003937007874));
#8509=CARTESIAN_POINT('Origin',(0.53,-0.917986928011505,0.));
#8510=CARTESIAN_POINT('Origin',(0.53,0.917986928011505,1.74003937007874));
#8511=CARTESIAN_POINT('',(0.665,0.917986928011505,0.));
#8512=CARTESIAN_POINT('',(0.665,0.917986928011505,1.74003937007874));
#8513=CARTESIAN_POINT('Origin',(0.53,0.917986928011505,0.));
#8514=CARTESIAN_POINT('Origin',(-1.06,-3.75629099128836E-16,1.74003937007874));
#8515=CARTESIAN_POINT('',(-0.925,-3.92161830917325E-16,0.));
#8516=CARTESIAN_POINT('',(-0.925,-3.92161830917325E-16,1.74003937007874));
#8517=CARTESIAN_POINT('Origin',(-1.06,-3.75629099128836E-16,0.));
#8518=CARTESIAN_POINT('Origin',(0.,-2.08548953144789E-16,0.127517436982798));
#8519=CARTESIAN_POINT('',(-1.68388934882761E-16,-1.375,0.127517436982798));
#8520=CARTESIAN_POINT('Origin',(0.,-2.08738683586389E-16,0.194910535265005));
#8521=CARTESIAN_POINT('',(-8.91595750562512E-17,-0.728043180436413,0.194910535265005));
#8522=CARTESIAN_POINT('Ctrl Pts',(0.695821723884401,-0.100980365032045,
0.551459083729504));
#8523=CARTESIAN_POINT('Ctrl Pts',(0.694407759966752,-0.107555849792257,
0.557965002332292));
#8524=CARTESIAN_POINT('Ctrl Pts',(0.692968654582925,-0.113387205996939,
0.564997416480649));
#8525=CARTESIAN_POINT('Ctrl Pts',(0.691559357714923,-0.118482863505153,
0.572556336104426));
#8526=CARTESIAN_POINT('Ctrl Pts',(0.690854709280921,-0.12103069225926,0.576335795916314));
#8527=CARTESIAN_POINT('Ctrl Pts',(0.690157294044928,-0.123394630212425,
0.580246882098666));
#8528=CARTESIAN_POINT('Ctrl Pts',(0.689472673409329,-0.125575869211242,
0.584289594651483));
#8529=CARTESIAN_POINT('Ctrl Pts',(0.68878805277373,-0.127757108210058,0.5883323072043));
#8530=CARTESIAN_POINT('Ctrl Pts',(0.688122743242279,-0.129737584369075,
0.592463697310835));
#8531=CARTESIAN_POINT('Ctrl Pts',(0.687461718531421,-0.131573201407437,
0.59681374784899));
#8532=CARTESIAN_POINT('Ctrl Pts',(0.686139669109704,-0.13524443548416,0.605513848925301));
#8533=CARTESIAN_POINT('Ctrl Pts',(0.684954995477272,-0.137994197377982,
0.614332646207994));
#8534=CARTESIAN_POINT('Ctrl Pts',(0.683940553464543,-0.139835876591949,
0.62327013969707));
#8535=CARTESIAN_POINT('Ctrl Pts',(0.682926111451814,-0.141677555805916,
0.632207633186146));
#8536=CARTESIAN_POINT('Ctrl Pts',(0.682084994657092,-0.142611255413696,
0.641219969015264));
#8537=CARTESIAN_POINT('Ctrl Pts',(0.681418929448802,-0.142646670804894,
0.650439283549093));
#8538=CARTESIAN_POINT('Ctrl Pts',(0.680599577140909,-0.142690236633212,
0.66178031524759));
#8539=CARTESIAN_POINT('Ctrl Pts',(0.680092011511426,-0.141320922439649,
0.672959127055723));
#8540=CARTESIAN_POINT('Ctrl Pts',(0.679870473529657,-0.138561500654443,
0.683943946093571));
#8541=CARTESIAN_POINT('Ctrl Pts',(0.6797318276429,-0.136834562107425,0.690818613652614));
#8542=CARTESIAN_POINT('Ctrl Pts',(0.679704172850597,-0.134562912553757,
0.697617300538893));
#8543=CARTESIAN_POINT('Ctrl Pts',(0.679771065828224,-0.131750008642049,
0.704332218626466));
#8544=CARTESIAN_POINT('Ctrl Pts',(0.679890756030168,-0.126716938666919,
0.716347080730832));
#8545=CARTESIAN_POINT('Ctrl Pts',(0.680308080595427,-0.120271104694946,
0.727326922347594));
#8546=CARTESIAN_POINT('Ctrl Pts',(0.680901352226471,-0.112412797840211,
0.737261379907294));
#8547=CARTESIAN_POINT('Ctrl Pts',(0.681169456618694,-0.108861563510193,
0.741750844035925));
#8548=CARTESIAN_POINT('Ctrl Pts',(0.681472791295432,-0.105021752648103,
0.746026818641699));
#8549=CARTESIAN_POINT('Ctrl Pts',(0.681796662770679,-0.100893022349539,
0.750088347278729));
#8550=CARTESIAN_POINT('Ctrl Pts',(0.682603925806136,-0.0906019914680139,
0.760211875241892));
#8551=CARTESIAN_POINT('Ctrl Pts',(0.683501673971633,-0.0789897735599522,
0.768579365347803));
#8552=CARTESIAN_POINT('Ctrl Pts',(0.684287812235702,-0.0660241766235176,
0.775196443366475));
#8553=CARTESIAN_POINT('Ctrl Pts',(0.684514991180646,-0.0622773667209793,
0.777108652543405));
#8554=CARTESIAN_POINT('Ctrl Pts',(0.684732522543094,-0.0584175792501815,
0.778874684873554));
#8555=CARTESIAN_POINT('Ctrl Pts',(0.684934721784944,-0.0544441894780173,
0.780494676122414));
#8556=CARTESIAN_POINT('Ctrl Pts',(0.685836618619909,-0.0367211375673145,
0.787720543868784));
#8557=CARTESIAN_POINT('Ctrl Pts',(0.686347655328214,-0.018469208755714,
0.791310594525008));
#8558=CARTESIAN_POINT('Ctrl Pts',(0.686341935337598,0.000325259318098765,
0.791265021751119));
#8559=CARTESIAN_POINT('Ctrl Pts',(0.686336215346983,0.0191197273919115,
0.79121944897723));
#8560=CARTESIAN_POINT('Ctrl Pts',(0.685811990038926,0.037366470092228,0.78754934844974));
#8561=CARTESIAN_POINT('Ctrl Pts',(0.684904005540322,0.0550212052124729,
0.780275234811914));
#8562=CARTESIAN_POINT('Ctrl Pts',(0.684155258172461,0.0695797538131349,
0.774276813640385));
#8563=CARTESIAN_POINT('Ctrl Pts',(0.68320695687879,0.0826514272047482,0.766255223066764));
#8564=CARTESIAN_POINT('Ctrl Pts',(0.682316716720854,0.0942125068059958,
0.75625266019385));
#8565=CARTESIAN_POINT('Ctrl Pts',(0.682127388124408,0.0966712174750155,
0.754125401416866));
#8566=CARTESIAN_POINT('Ctrl Pts',(0.68194050184891,0.099061642973289,0.751908545020346));
#8567=CARTESIAN_POINT('Ctrl Pts',(0.68175823389438,0.101383599094171,0.749602496895585));
#8568=CARTESIAN_POINT('Ctrl Pts',(0.652857043914875,-0.0968467826467485,
1.16795580869902));
#8569=CARTESIAN_POINT('Ctrl Pts',(0.651406166604459,-0.103656081390778,
1.1741908196058));
#8570=CARTESIAN_POINT('Ctrl Pts',(0.649913644203152,-0.109743939958379,
1.18097557579111));
#8571=CARTESIAN_POINT('Ctrl Pts',(0.647701024340111,-0.117805986690937,
1.19197734365827));
#8572=CARTESIAN_POINT('Ctrl Pts',(0.646967626726587,-0.120315088893943,
1.19578203854552));
#8573=CARTESIAN_POINT('Ctrl Pts',(0.645521279407242,-0.124979246124487,
1.20366630618308));
#8574=CARTESIAN_POINT('Ctrl Pts',(0.64481572496444,-0.127113349861379,1.20770110206246));
#8575=CARTESIAN_POINT('Ctrl Pts',(0.642700412725808,-0.133115879571735,
1.22049010702771));
#8576=CARTESIAN_POINT('Ctrl Pts',(0.641423495290872,-0.136203118238279,
1.22916879431164));
#8577=CARTESIAN_POINT('Ctrl Pts',(0.639214198226694,-0.140578673425186,
1.24683153682701));
#8578=CARTESIAN_POINT('Ctrl Pts',(0.638285733706225,-0.141865169731817,
1.25576636123756));
#8579=CARTESIAN_POINT('Ctrl Pts',(0.636041853889262,-0.143071992855295,
1.2833262498109));
#8580=CARTESIAN_POINT('Ctrl Pts',(0.635432968296047,-0.140132156488938,
1.30141455183212));
#8581=CARTESIAN_POINT('Ctrl Pts',(0.635681302728655,-0.126926589762346,
1.3367680544929));
#8582=CARTESIAN_POINT('Ctrl Pts',(0.636517603828377,-0.117271885976067,
1.35237670560255));
#8583=CARTESIAN_POINT('Ctrl Pts',(0.638773476314592,-0.0918351692330986,
1.37940072133404));
#8584=CARTESIAN_POINT('Ctrl Pts',(0.640110688276346,-0.0768163021940832,
1.3900897534131));
#8585=CARTESIAN_POINT('Ctrl Pts',(0.64222780751171,-0.0420324944533687,
1.40584860851783));
#8586=CARTESIAN_POINT('Ctrl Pts',(0.642894052942984,-0.0239606768234146,
1.41012502582495));
#8587=CARTESIAN_POINT('Ctrl Pts',(0.64310376932896,0.0135395453871763,1.41147164770709));
#8588=CARTESIAN_POINT('Ctrl Pts',(0.642638463085708,0.0319050956768257,
1.40850307832042));
#8589=CARTESIAN_POINT('Ctrl Pts',(0.640783526965147,0.0676987156104152,
1.39534406087695));
#8590=CARTESIAN_POINT('Ctrl Pts',(0.639488576408682,0.0835239125137137,
1.38572290912501));
#8591=CARTESIAN_POINT('Ctrl Pts',(0.638288917908589,0.0972496722632186,
1.37311793042957));
#8592=CARTESIAN_POINT('Origin',(0.,-2.13088543051639E-16,1.74));
#8593=CARTESIAN_POINT('',(-6.12323399573677E-17,0.5,0.));
#8594=CARTESIAN_POINT('Origin',(0.,-2.0818995585505E-16,0.));
#8595=CARTESIAN_POINT('',(-6.12323399573677E-17,0.5,1.74));
#8596=CARTESIAN_POINT('',(-6.12323399573677E-17,0.5,1.74));
#8597=CARTESIAN_POINT('Origin',(0.,-2.13088543051639E-16,1.74));
#8598=CARTESIAN_POINT('Origin',(0.,1.375,1.23168499914247E-18));
#8599=CARTESIAN_POINT('Origin',(0.,0.5,1.74));
#8600=CARTESIAN_POINT('Ctrl Pts',(0.695858290373317,-0.101025422723497,
0.55142201763821));
#8601=CARTESIAN_POINT('Ctrl Pts',(0.69016394452722,-0.127207141025689,0.577319106710745));
#8602=CARTESIAN_POINT('Ctrl Pts',(0.68412538763413,-0.142575281070176,0.613509503723191));
#8603=CARTESIAN_POINT('Ctrl Pts',(0.678784734884309,-0.142845434186663,
0.68737506454868));
#8604=CARTESIAN_POINT('Ctrl Pts',(0.679678655016762,-0.127445484316811,
0.724049660904629));
#8605=CARTESIAN_POINT('Ctrl Pts',(0.683987792189941,-0.074430596668975,
0.776211689290326));
#8606=CARTESIAN_POINT('Ctrl Pts',(0.686392366300936,-0.0372771076389421,
0.791421757395674));
#8607=CARTESIAN_POINT('Ctrl Pts',(0.686365407439993,0.0379280028461595,
0.791225678258181));
#8608=CARTESIAN_POINT('Ctrl Pts',(0.683949307474817,0.0749248599824593,
0.775990243567072));
#8609=CARTESIAN_POINT('Ctrl Pts',(0.679640259641125,0.127932972547108,0.723298889989837));
#8610=CARTESIAN_POINT('Ctrl Pts',(0.67879919037933,0.143038504584998,0.686578917631137));
#8611=CARTESIAN_POINT('Ctrl Pts',(0.684227746827831,0.142373966212219,0.612694065024187));
#8612=CARTESIAN_POINT('Ctrl Pts',(0.690286712877029,0.126787007763128,0.576669778165182));
#8613=CARTESIAN_POINT('Ctrl Pts',(0.701660165188713,0.0741879916744064,
0.525117211297123));
#8614=CARTESIAN_POINT('Ctrl Pts',(0.706068077187391,0.0371724352538245,
0.509993673801117));
#8615=CARTESIAN_POINT('Ctrl Pts',(0.706002249476451,-0.037953923724167,
0.510232654365344));
#8616=CARTESIAN_POINT('Ctrl Pts',(0.701552636219415,-0.0748437044213059,
0.525524928565674));
#8617=CARTESIAN_POINT('Ctrl Pts',(0.695858290373317,-0.101025422723497,
0.55142201763821));
#8618=CARTESIAN_POINT('Ctrl Pts',(0.685691763547898,-0.0885010352260746,
0.561724483779968));
#8619=CARTESIAN_POINT('Ctrl Pts',(0.680054413375124,-0.111433559188401,
0.584747274118869));
#8620=CARTESIAN_POINT('Ctrl Pts',(0.674068145021449,-0.124888517894456,
0.616920907140889));
#8621=CARTESIAN_POINT('Ctrl Pts',(0.668731834355787,-0.125111000200491,
0.682588223941942));
#8622=CARTESIAN_POINT('Ctrl Pts',(0.669575314143109,-0.111615925620201,
0.715192315281718));
#8623=CARTESIAN_POINT('Ctrl Pts',(0.673766412308285,-0.065180228558721,
0.76156491899044));
#8624=CARTESIAN_POINT('Ctrl Pts',(0.676119035704502,-0.0326438359785942,
0.775086833417258));
#8625=CARTESIAN_POINT('Ctrl Pts',(0.676092685621791,0.0332138315316279,
0.774912516792036));
#8626=CARTESIAN_POINT('Ctrl Pts',(0.67372873602345,0.0656130804835145,0.761368051400462));
#8627=CARTESIAN_POINT('Ctrl Pts',(0.669538258037803,0.112042990504917,0.714524871825441));
#8628=CARTESIAN_POINT('Ctrl Pts',(0.668746878630127,0.12528026766247,0.6818804413359));
#8629=CARTESIAN_POINT('Ctrl Pts',(0.674169818698943,0.124712331862868,0.616195972803139));
#8630=CARTESIAN_POINT('Ctrl Pts',(0.680176038183774,0.111065629419908,0.584170014099396));
#8631=CARTESIAN_POINT('Ctrl Pts',(0.691435489987937,0.0649941075708893,
0.538339228364524));
#8632=CARTESIAN_POINT('Ctrl Pts',(0.695794694294385,0.0325662272070579,
0.524894240443096));
#8633=CARTESIAN_POINT('Ctrl Pts',(0.695729580791106,-0.0332508739907058,
0.525106697041098));
#8634=CARTESIAN_POINT('Ctrl Pts',(0.691329113720673,-0.0655685112637483,
0.538701693441067));
#8635=CARTESIAN_POINT('Ctrl Pts',(0.685691763547898,-0.0885010352260746,
0.561724483779968));
#8636=CARTESIAN_POINT('Ctrl Pts',(0.652898980448512,-0.0968963801022191,
1.16791203736422));
#8637=CARTESIAN_POINT('Ctrl Pts',(0.647054841027563,-0.124006259866828,
1.19272803109106));
#8638=CARTESIAN_POINT('Ctrl Pts',(0.640584247787937,-0.140737154155991,
1.22815431062388));
#8639=CARTESIAN_POINT('Ctrl Pts',(0.634573972774212,-0.143943607128628,
1.30175349087278));
#8640=CARTESIAN_POINT('Ctrl Pts',(0.635353186935808,-0.130022000744873,
1.3389268144493));
#8641=CARTESIAN_POINT('Ctrl Pts',(0.640021594212537,-0.079192130398704,
1.39294331626279));
#8642=CARTESIAN_POINT('Ctrl Pts',(0.642827644178714,-0.0427415526128259,
1.40952389721733));
#8643=CARTESIAN_POINT('Ctrl Pts',(0.64325497197412,0.032315391234473,1.41220609238692));
#8644=CARTESIAN_POINT('Ctrl Pts',(0.64080853958807,0.0698435455234895,1.39840456124572));
#8645=CARTESIAN_POINT('Ctrl Pts',(0.635853123803443,0.12475562343704,1.34793035880056));
#8646=CARTESIAN_POINT('Ctrl Pts',(0.634451413192843,0.141287178249114,1.31190301647033));
#8647=CARTESIAN_POINT('Ctrl Pts',(0.639239371320993,0.143503305129689,1.23815290377149));
#8648=CARTESIAN_POINT('Ctrl Pts',(0.645298074128897,0.129323268469858,1.20164755897575));
#8649=CARTESIAN_POINT('Ctrl Pts',(0.657275059047994,0.0789043496011086,
1.14834517215959));
#8650=CARTESIAN_POINT('Ctrl Pts',(0.662248744017299,0.0426369748831888,
1.13187494712411));
#8651=CARTESIAN_POINT('Ctrl Pts',(0.663021303542546,-0.0323482360446407,
1.12922703525583));
#8652=CARTESIAN_POINT('Ctrl Pts',(0.65874311986946,-0.0697865003376098,
1.14309604363738));
#8653=CARTESIAN_POINT('Ctrl Pts',(0.652898980448512,-0.0968963801022191,
1.16791203736422));
#8654=CARTESIAN_POINT('Ctrl Pts',(0.642867021916068,-0.0850342353747308,
1.17838024877662));
#8655=CARTESIAN_POINT('Ctrl Pts',(0.637086281066075,-0.108821821019894,
1.20049793778901));
#8656=CARTESIAN_POINT('Ctrl Pts',(0.630678222851956,-0.123495875777774,
1.23207220747608));
#8657=CARTESIAN_POINT('Ctrl Pts',(0.624683434486222,-0.126293541963313,
1.2976688069713));
#8658=CARTESIAN_POINT('Ctrl Pts',(0.625410991489475,-0.114070752532706,
1.33080016101376));
#8659=CARTESIAN_POINT('Ctrl Pts',(0.629947601801663,-0.0694698510632855,
1.37894331259162));
#8660=CARTESIAN_POINT('Ctrl Pts',(0.632691093264838,-0.0374935324879676,
1.39372104453168));
#8661=CARTESIAN_POINT('Ctrl Pts',(0.633108713224694,0.0283475201971731,
1.39611160037122));
#8662=CARTESIAN_POINT('Ctrl Pts',(0.630716160398683,0.061268279673319,1.38381074296183));
#8663=CARTESIAN_POINT('Ctrl Pts',(0.625893432107793,0.109448693827673,1.33882472719297));
#8664=CARTESIAN_POINT('Ctrl Pts',(0.624552031286791,0.123960548275079,1.30671475031377));
#8665=CARTESIAN_POINT('Ctrl Pts',(0.629343635185832,0.125920893572525,1.24098362744796));
#8666=CARTESIAN_POINT('Ctrl Pts',(0.635347149225325,0.113486023962159,1.20844762154056));
#8667=CARTESIAN_POINT('Ctrl Pts',(0.647196591296905,0.0692480360672719,
1.16094093890992));
#8668=CARTESIAN_POINT('Ctrl Pts',(0.65211180134524,0.037419809439155,1.14626156346446));
#8669=CARTESIAN_POINT('Ctrl Pts',(0.652875381332537,-0.0283900725480844,
1.14390156205205));
#8670=CARTESIAN_POINT('Ctrl Pts',(0.648647762766062,-0.0612466497295677,
1.15626255976422));
#8671=CARTESIAN_POINT('Ctrl Pts',(0.642867021916068,-0.0850342353747308,
1.17838024877662));
#8672=CARTESIAN_POINT('Origin',(-38.8289224235572,8.63375993398884E-17,
0.65));
#8673=CARTESIAN_POINT('',(0.541156316600239,8.63375993398884E-17,0.65));
#8674=CARTESIAN_POINT('',(0.5,8.63375993398884E-17,0.581504386713101));
#8675=CARTESIAN_POINT('',(-38.8289224235572,-7.93789287683E-15,-64.8728142657677));
#8676=CARTESIAN_POINT('',(0.5,7.79493059831449E-17,0.718495613286898));
#8677=CARTESIAN_POINT('Origin',(0.5,8.63375993398884E-17,0.65));
#8678=CARTESIAN_POINT('Origin',(0.5,8.63375993398884E-17,0.65));
#8679=CARTESIAN_POINT('Origin',(0.5,8.63375993398884E-17,0.65));
#8680=CARTESIAN_POINT('',(0.556504386713102,7.10295143505465E-17,0.775));
#8681=CARTESIAN_POINT('Origin',(0.556504386713102,8.63375993398884E-17,
0.65));
#8682=CARTESIAN_POINT('',(0.5,7.79493059831449E-17,0.718495613286898));
#8683=CARTESIAN_POINT('Origin',(0.6875,8.63375993398884E-17,0.65));
#8684=CARTESIAN_POINT('',(0.669994811544757,1.0164568432923E-16,0.525));
#8685=CARTESIAN_POINT('',(0.669994811544757,7.10295143505465E-17,0.775));
#8686=CARTESIAN_POINT('Origin',(0.669994811544757,8.63375993398884E-17,
0.65));
#8687=CARTESIAN_POINT('Origin',(0.669994811544757,8.63375993398884E-17,
0.65));
#8688=CARTESIAN_POINT('',(0.6875,7.10295143505465E-17,0.775));
#8689=CARTESIAN_POINT('Origin',(0.669994811544757,8.63375993398884E-17,
0.65));
#8690=CARTESIAN_POINT('',(0.6875,7.40911313484149E-17,0.55));
#8691=CARTESIAN_POINT('',(0.669994811544757,7.10295143505465E-17,0.525));
#8692=CARTESIAN_POINT('Origin',(0.6875,8.63375993398884E-17,0.65));
#8693=CARTESIAN_POINT('Origin',(0.6875,8.63375993398884E-17,0.65));
#8694=CARTESIAN_POINT('',(0.6875,7.78005743596876E-17,0.722168783648703));
#8695=CARTESIAN_POINT('',(0.6875,-0.0625000000000001,0.686084391824352));
#8696=CARTESIAN_POINT('Origin',(0.6875,8.63375993398884E-17,0.65));
#8697=CARTESIAN_POINT('',(0.6875,0.0625000000000003,0.686084391824351));
#8698=CARTESIAN_POINT('Origin',(0.6875,8.63375993398884E-17,0.65));
#8699=CARTESIAN_POINT('',(0.6875,0.0624999999999999,0.613915608175647));
#8700=CARTESIAN_POINT('Origin',(0.6875,8.63375993398884E-17,0.65));
#8701=CARTESIAN_POINT('',(0.6875,-5.49670761685073E-16,0.577831216351296));
#8702=CARTESIAN_POINT('Origin',(0.6875,8.63375993398884E-17,0.65));
#8703=CARTESIAN_POINT('',(0.6875,-0.0625000000000001,0.613915608175648));
#8704=CARTESIAN_POINT('Origin',(0.6875,8.63375993398884E-17,0.65));
#8705=CARTESIAN_POINT('Origin',(0.6875,8.63375993398884E-17,0.65));
#8706=CARTESIAN_POINT('Origin',(0.609375,0.0625000000000003,0.686084391824351));
#8707=CARTESIAN_POINT('',(0.609375,0.0625000000000003,0.686084391824351));
#8708=CARTESIAN_POINT('',(0.609375,0.0625000000000003,0.686084391824351));
#8709=CARTESIAN_POINT('Ctrl Pts',(0.687499999999794,3.56728086498636E-13,
0.722168783648497));
#8710=CARTESIAN_POINT('Ctrl Pts',(0.669457804087901,0.0312500000001339,
0.70412658773645));
#8711=CARTESIAN_POINT('Ctrl Pts',(0.6875,0.0625000000000002,0.686084391824351));
#8712=CARTESIAN_POINT('',(0.609375,8.63375993398884E-17,0.722168783648703));
#8713=CARTESIAN_POINT('',(0.609375,8.63375993398884E-17,0.722168783648703));
#8714=CARTESIAN_POINT('',(0.609375,0.0625000000000003,0.686084391824351));
#8715=CARTESIAN_POINT('Origin',(0.609375,0.0625000000000003,0.613915608175648));
#8716=CARTESIAN_POINT('',(0.609375,0.0625000000000003,0.613915608175648));
#8717=CARTESIAN_POINT('',(0.609375,0.0625000000000003,0.613915608175648));
#8718=CARTESIAN_POINT('Ctrl Pts',(0.687499999999794,0.0625000000000003,
0.68608439182394));
#8719=CARTESIAN_POINT('Ctrl Pts',(0.669457804087902,0.0625000000000003,
0.649999999999845));
#8720=CARTESIAN_POINT('Ctrl Pts',(0.6875,0.0625000000000003,0.613915608175648));
#8721=CARTESIAN_POINT('',(0.609375,0.0625000000000003,0.613915608175648));
#8722=CARTESIAN_POINT('Origin',(0.609375,1.96566226833433E-16,0.577831216351296));
#8723=CARTESIAN_POINT('',(0.609375,1.96566226833433E-16,0.577831216351296));
#8724=CARTESIAN_POINT('',(0.609375,1.96566226833433E-16,0.577831216351296));
#8725=CARTESIAN_POINT('Ctrl Pts',(0.687499999999794,0.0624999999996431,
0.613915608175442));
#8726=CARTESIAN_POINT('Ctrl Pts',(0.669457804087902,0.0312499999998663,
0.595873412263395));
#8727=CARTESIAN_POINT('Ctrl Pts',(0.687500000000001,7.78536451092823E-17,
0.577831216351296));
#8728=CARTESIAN_POINT('',(0.609375,1.96566226833433E-16,0.577831216351296));
#8729=CARTESIAN_POINT('Origin',(0.609375,-0.0625000000000001,0.613915608175648));
#8730=CARTESIAN_POINT('',(0.609375,-0.0625000000000001,0.613915608175648));
#8731=CARTESIAN_POINT('',(0.609375,-0.0625000000000001,0.613915608175648));
#8732=CARTESIAN_POINT('Ctrl Pts',(0.687499999999794,-3.57200577586197E-13,
0.577831216351502));
#8733=CARTESIAN_POINT('Ctrl Pts',(0.669457804087902,-0.0312500000001341,
0.595873412263549));
#8734=CARTESIAN_POINT('Ctrl Pts',(0.6875,-0.0625000000000002,0.613915608175648));
#8735=CARTESIAN_POINT('',(0.609375,-0.0625000000000001,0.613915608175648));
#8736=CARTESIAN_POINT('Origin',(0.609375,-0.0625000000000001,0.686084391824351));
#8737=CARTESIAN_POINT('',(0.609375,-0.0625000000000001,0.686084391824351));
#8738=CARTESIAN_POINT('',(0.609375,-0.0625000000000001,0.686084391824351));
#8739=CARTESIAN_POINT('Ctrl Pts',(0.687499999999794,-0.0625000000000001,
0.61391560817606));
#8740=CARTESIAN_POINT('Ctrl Pts',(0.669457804087902,-0.0625000000000001,
0.650000000000154));
#8741=CARTESIAN_POINT('Ctrl Pts',(0.6875,-0.0625000000000001,0.686084391824352));
#8742=CARTESIAN_POINT('',(0.609375,-0.0625000000000001,0.686084391824351));
#8743=CARTESIAN_POINT('Origin',(0.609375,8.63375993398884E-17,0.722168783648703));
#8744=CARTESIAN_POINT('Ctrl Pts',(0.687499999999794,-0.0624999999996434,
0.686084391824557));
#8745=CARTESIAN_POINT('Ctrl Pts',(0.669457804087901,-0.0312499999998662,
0.704126587736604));
#8746=CARTESIAN_POINT('Ctrl Pts',(0.6875,6.17459943970167E-17,0.722168783648703));
#8747=CARTESIAN_POINT('',(0.609375,8.63375993398884E-17,0.722168783648703));
#8748=CARTESIAN_POINT('Origin',(0.609375,6.71292931344366E-17,0.722168783648703));
#8749=CARTESIAN_POINT('Origin',(0.6875,8.63375993398884E-17,0.65));
#8750=CARTESIAN_POINT('Origin',(0.6875,8.63375993398884E-17,0.65));
#8751=CARTESIAN_POINT('Origin',(0.6875,8.63375993398884E-17,0.65));
#8752=CARTESIAN_POINT('Origin',(0.6875,8.63375993398884E-17,0.65));
#8753=CARTESIAN_POINT('Origin',(0.6875,8.63375993398884E-17,0.65));
#8754=CARTESIAN_POINT('Origin',(0.6875,8.63375993398884E-17,0.65));
#8755=CARTESIAN_POINT('Origin',(-38.8289224235572,0.,1.27));
#8756=CARTESIAN_POINT('',(0.541156316600239,0.,1.27));
#8757=CARTESIAN_POINT('',(0.5,0.,1.2015043867131));
#8758=CARTESIAN_POINT('',(-38.8289224235572,-8.02423047616989E-15,-64.2528142657677));
#8759=CARTESIAN_POINT('',(0.5,-8.38829335674352E-18,1.3384956132869));
#8760=CARTESIAN_POINT('Origin',(0.5,0.,1.27));
#8761=CARTESIAN_POINT('Origin',(0.5,0.,1.27));
#8762=CARTESIAN_POINT('Origin',(0.5,0.,1.27));
#8763=CARTESIAN_POINT('',(0.556504386713102,-1.53080849893419E-17,1.395));
#8764=CARTESIAN_POINT('Origin',(0.556504386713102,0.,1.27));
#8765=CARTESIAN_POINT('',(0.5,-8.38829335674352E-18,1.3384956132869));
#8766=CARTESIAN_POINT('Origin',(0.6875,0.,1.27));
#8767=CARTESIAN_POINT('',(0.669994811544757,1.53080849893419E-17,1.145));
#8768=CARTESIAN_POINT('',(0.669994811544757,-1.53080849893419E-17,1.395));
#8769=CARTESIAN_POINT('Origin',(0.669994811544757,0.,1.27));
#8770=CARTESIAN_POINT('Origin',(0.669994811544757,0.,1.27));
#8771=CARTESIAN_POINT('',(0.6875,-1.53080849893419E-17,1.395));
#8772=CARTESIAN_POINT('Origin',(0.669994811544757,0.,1.27));
#8773=CARTESIAN_POINT('',(0.6875,-1.22464679914735E-17,1.17));
#8774=CARTESIAN_POINT('',(0.669994811544757,-1.53080849893419E-17,1.145));
#8775=CARTESIAN_POINT('Origin',(0.6875,0.,1.27));
#8776=CARTESIAN_POINT('Origin',(0.6875,0.,1.27));
#8777=CARTESIAN_POINT('',(0.6875,-8.53702498020082E-18,1.3421687836487));
#8778=CARTESIAN_POINT('',(0.6875,-0.0625000000000001,1.30608439182435));
#8779=CARTESIAN_POINT('Origin',(0.6875,0.,1.27));
#8780=CARTESIAN_POINT('',(0.6875,0.0625000000000002,1.30608439182435));
#8781=CARTESIAN_POINT('Origin',(0.6875,0.,1.27));
#8782=CARTESIAN_POINT('',(0.6875,0.0624999999999998,1.23391560817565));
#8783=CARTESIAN_POINT('Origin',(0.6875,0.,1.27));
#8784=CARTESIAN_POINT('',(0.6875,-6.36008361024961E-16,1.1978312163513));
#8785=CARTESIAN_POINT('Origin',(0.6875,0.,1.27));
#8786=CARTESIAN_POINT('',(0.6875,-0.0625000000000002,1.23391560817565));
#8787=CARTESIAN_POINT('Origin',(0.6875,0.,1.27));
#8788=CARTESIAN_POINT('Origin',(0.6875,0.,1.27));
#8789=CARTESIAN_POINT('Origin',(0.609375,0.0625000000000002,1.30608439182435));
#8790=CARTESIAN_POINT('',(0.609375,0.0625000000000002,1.30608439182435));
#8791=CARTESIAN_POINT('',(0.609375,0.0625000000000002,1.30608439182435));
#8792=CARTESIAN_POINT('Ctrl Pts',(0.687499999999794,3.56604594509842E-13,
1.3421687836485));
#8793=CARTESIAN_POINT('Ctrl Pts',(0.669457804087901,0.0312500000001338,
1.32412658773645));
#8794=CARTESIAN_POINT('Ctrl Pts',(0.6875,0.0625000000000002,1.30608439182435));
#8795=CARTESIAN_POINT('',(0.609375,0.,1.3421687836487));
#8796=CARTESIAN_POINT('',(0.609375,0.,1.3421687836487));
#8797=CARTESIAN_POINT('',(0.609375,0.0625000000000002,1.30608439182435));
#8798=CARTESIAN_POINT('Origin',(0.609375,0.0625000000000002,1.23391560817565));
#8799=CARTESIAN_POINT('',(0.609375,0.0625000000000002,1.23391560817565));
#8800=CARTESIAN_POINT('',(0.609375,0.0625000000000002,1.23391560817565));
#8801=CARTESIAN_POINT('Ctrl Pts',(0.687499999999794,0.0625000000000002,
1.30608439182394));
#8802=CARTESIAN_POINT('Ctrl Pts',(0.669457804087901,0.0625000000000002,
1.26999999999985));
#8803=CARTESIAN_POINT('Ctrl Pts',(0.6875,0.0625000000000002,1.23391560817565));
#8804=CARTESIAN_POINT('',(0.609375,0.0625000000000002,1.23391560817565));
#8805=CARTESIAN_POINT('Origin',(0.609375,1.10228627493545E-16,1.1978312163513));
#8806=CARTESIAN_POINT('',(0.609375,1.10228627493545E-16,1.1978312163513));
#8807=CARTESIAN_POINT('',(0.609375,1.10228627493545E-16,1.1978312163513));
#8808=CARTESIAN_POINT('Ctrl Pts',(0.687499999999794,0.0624999999996431,
1.23391560817544));
#8809=CARTESIAN_POINT('Ctrl Pts',(0.669457804087902,0.0312499999998662,
1.21587341226339));
#8810=CARTESIAN_POINT('Ctrl Pts',(0.6875,-9.12766873695033E-17,1.1978312163513));
#8811=CARTESIAN_POINT('',(0.609375,1.10228627493545E-16,1.1978312163513));
#8812=CARTESIAN_POINT('Origin',(0.609375,-0.0625000000000002,1.23391560817565));
#8813=CARTESIAN_POINT('',(0.609375,-0.0625000000000002,1.23391560817565));
#8814=CARTESIAN_POINT('',(0.609375,-0.0625000000000002,1.23391560817565));
#8815=CARTESIAN_POINT('Ctrl Pts',(0.687499999999794,-3.57227423670717E-13,
1.1978312163515));
#8816=CARTESIAN_POINT('Ctrl Pts',(0.669457804087902,-0.0312500000001341,
1.21587341226355));
#8817=CARTESIAN_POINT('Ctrl Pts',(0.6875,-0.0625000000000002,1.23391560817565));
#8818=CARTESIAN_POINT('',(0.609375,-0.0625000000000002,1.23391560817565));
#8819=CARTESIAN_POINT('Origin',(0.609375,-0.0625000000000002,1.30608439182435));
#8820=CARTESIAN_POINT('',(0.609375,-0.0625000000000002,1.30608439182435));
#8821=CARTESIAN_POINT('',(0.609375,-0.0625000000000002,1.30608439182435));
#8822=CARTESIAN_POINT('Ctrl Pts',(0.687499999999794,-0.0625000000000002,
1.23391560817606));
#8823=CARTESIAN_POINT('Ctrl Pts',(0.669457804087901,-0.0625000000000002,
1.27000000000015));
#8824=CARTESIAN_POINT('Ctrl Pts',(0.6875,-0.0625000000000002,1.30608439182435));
#8825=CARTESIAN_POINT('',(0.609375,-0.0625000000000002,1.30608439182435));
#8826=CARTESIAN_POINT('Origin',(0.609375,0.,1.3421687836487));
#8827=CARTESIAN_POINT('Ctrl Pts',(0.687499999999794,-0.0624999999996435,
1.30608439182456));
#8828=CARTESIAN_POINT('Ctrl Pts',(0.669457804087901,-0.0312499999998663,
1.3241265877366));
#8829=CARTESIAN_POINT('Ctrl Pts',(0.6875,-2.41614760683978E-17,1.3421687836487));
#8830=CARTESIAN_POINT('',(0.609375,0.,1.3421687836487));
#8831=CARTESIAN_POINT('Origin',(0.609375,-1.92083062054518E-17,1.3421687836487));
#8832=CARTESIAN_POINT('Origin',(0.6875,0.,1.27));
#8833=CARTESIAN_POINT('Origin',(0.6875,0.,1.27));
#8834=CARTESIAN_POINT('Origin',(0.6875,0.,1.27));
#8835=CARTESIAN_POINT('Origin',(0.6875,0.,1.27));
#8836=CARTESIAN_POINT('Origin',(0.6875,0.,1.27));
#8837=CARTESIAN_POINT('Origin',(0.6875,0.,1.27));
#8838=CARTESIAN_POINT('',(0.,0.,0.));
#8839=CARTESIAN_POINT('',(8.37311410058098E-13,-1.47147047120956E-12,0.));
#8840=CARTESIAN_POINT('',(1.69295916712386E-12,-1.11896493820488E-14,0.));
#8841=CARTESIAN_POINT('',(-1.69295916712386E-12,1.11896493820488E-14,0.));
#8842=CARTESIAN_POINT('',(8.55647757065759E-13,1.46024924435737E-12,0.));
#8843=CARTESIAN_POINT('',(-8.37311410058098E-13,1.47143889373942E-12,0.));
#8844=CARTESIAN_POINT('',(-8.55647757065761E-13,-1.46024924435737E-12,0.));
#8845=CARTESIAN_POINT('',(0.,0.,0.));
#8846=CARTESIAN_POINT('',(0.00174392136118234,8.56852457039863E-5,-13.044705913462));
#8847=CARTESIAN_POINT('',(0.00174392136124505,8.56852457044847E-5,-1.5));
#8848=CARTESIAN_POINT('Origin',(0.,0.,0.));
#8849=UNCERTAINTY_MEASURE_WITH_UNIT(LENGTH_MEASURE(0.000393700787401575),
#8866,'DISTANCE_ACCURACY_VALUE',
'Maximum model space distance between geometric entities at asserted c
onnectivities');
#8850=UNCERTAINTY_MEASURE_WITH_UNIT(LENGTH_MEASURE(0.000393700787401575),
#8866,'DISTANCE_ACCURACY_VALUE',
'Maximum model space distance between geometric entities at asserted c
onnectivities');
#8851=UNCERTAINTY_MEASURE_WITH_UNIT(LENGTH_MEASURE(0.000393700787401575),
#8866,'DISTANCE_ACCURACY_VALUE',
'Maximum model space distance between geometric entities at asserted c
onnectivities');
#8852=UNCERTAINTY_MEASURE_WITH_UNIT(LENGTH_MEASURE(0.000393700787401575),
#8866,'DISTANCE_ACCURACY_VALUE',
'Maximum model space distance between geometric entities at asserted c
onnectivities');
#8853=UNCERTAINTY_MEASURE_WITH_UNIT(LENGTH_MEASURE(0.000393700787401575),
#8866,'DISTANCE_ACCURACY_VALUE',
'Maximum model space distance between geometric entities at asserted c
onnectivities');
#8854=UNCERTAINTY_MEASURE_WITH_UNIT(LENGTH_MEASURE(0.000393700787401575),
#8866,'DISTANCE_ACCURACY_VALUE',
'Maximum model space distance between geometric entities at asserted c
onnectivities');
#8855=UNCERTAINTY_MEASURE_WITH_UNIT(LENGTH_MEASURE(0.000393700787401575),
#8866,'DISTANCE_ACCURACY_VALUE',
'Maximum model space distance between geometric entities at asserted c
onnectivities');
#8856=UNCERTAINTY_MEASURE_WITH_UNIT(LENGTH_MEASURE(0.000393700787401575),
#8866,'DISTANCE_ACCURACY_VALUE',
'Maximum model space distance between geometric entities at asserted c
onnectivities');
#8857=(
GEOMETRIC_REPRESENTATION_CONTEXT(3)
GLOBAL_UNCERTAINTY_ASSIGNED_CONTEXT((#8849))
GLOBAL_UNIT_ASSIGNED_CONTEXT((#8866,#8870,#8871))
REPRESENTATION_CONTEXT('','3D')
);
#8858=(
GEOMETRIC_REPRESENTATION_CONTEXT(3)
GLOBAL_UNCERTAINTY_ASSIGNED_CONTEXT((#8850))
GLOBAL_UNIT_ASSIGNED_CONTEXT((#8866,#8870,#8871))
REPRESENTATION_CONTEXT('','3D')
);
#8859=(
GEOMETRIC_REPRESENTATION_CONTEXT(3)
GLOBAL_UNCERTAINTY_ASSIGNED_CONTEXT((#8851))
GLOBAL_UNIT_ASSIGNED_CONTEXT((#8866,#8870,#8871))
REPRESENTATION_CONTEXT('','3D')
);
#8860=(
GEOMETRIC_REPRESENTATION_CONTEXT(3)
GLOBAL_UNCERTAINTY_ASSIGNED_CONTEXT((#8852))
GLOBAL_UNIT_ASSIGNED_CONTEXT((#8866,#8870,#8871))
REPRESENTATION_CONTEXT('','3D')
);
#8861=(
GEOMETRIC_REPRESENTATION_CONTEXT(3)
GLOBAL_UNCERTAINTY_ASSIGNED_CONTEXT((#8853))
GLOBAL_UNIT_ASSIGNED_CONTEXT((#8866,#8870,#8871))
REPRESENTATION_CONTEXT('','3D')
);
#8862=(
GEOMETRIC_REPRESENTATION_CONTEXT(3)
GLOBAL_UNCERTAINTY_ASSIGNED_CONTEXT((#8854))
GLOBAL_UNIT_ASSIGNED_CONTEXT((#8866,#8870,#8871))
REPRESENTATION_CONTEXT('','3D')
);
#8863=(
GEOMETRIC_REPRESENTATION_CONTEXT(3)
GLOBAL_UNCERTAINTY_ASSIGNED_CONTEXT((#8855))
GLOBAL_UNIT_ASSIGNED_CONTEXT((#8866,#8870,#8871))
REPRESENTATION_CONTEXT('','3D')
);
#8864=(
GEOMETRIC_REPRESENTATION_CONTEXT(3)
GLOBAL_UNCERTAINTY_ASSIGNED_CONTEXT((#8856))
GLOBAL_UNIT_ASSIGNED_CONTEXT((#8866,#8870,#8871))
REPRESENTATION_CONTEXT('','3D')
);
#8865=DIMENSIONAL_EXPONENTS(1.,0.,0.,0.,0.,0.,0.);
#8866=(
CONVERSION_BASED_UNIT('inch',#8869)
LENGTH_UNIT()
NAMED_UNIT(#8865)
);
#8867=(
LENGTH_UNIT()
NAMED_UNIT(*)
SI_UNIT(.MILLI.,.METRE.)
);
#8868=(
LENGTH_UNIT()
NAMED_UNIT(*)
SI_UNIT($,.METRE.)
);
#8869=LENGTH_MEASURE_WITH_UNIT(LENGTH_MEASURE(25.4),#8867);
#8870=(
NAMED_UNIT(*)
PLANE_ANGLE_UNIT()
SI_UNIT($,.RADIAN.)
);
#8871=(
NAMED_UNIT(*)
SI_UNIT($,.STERADIAN.)
SOLID_ANGLE_UNIT()
);
#8872=SHAPE_DEFINITION_REPRESENTATION(#8879,#8897);
#8873=SHAPE_DEFINITION_REPRESENTATION(#8880,#8898);
#8874=SHAPE_DEFINITION_REPRESENTATION(#8881,#8899);
#8875=SHAPE_DEFINITION_REPRESENTATION(#8882,#8900);
#8876=SHAPE_DEFINITION_REPRESENTATION(#8884,#8901);
#8877=SHAPE_DEFINITION_REPRESENTATION(#8885,#8902);
#8878=SHAPE_DEFINITION_REPRESENTATION(#8886,#8903);
#8879=PRODUCT_DEFINITION_SHAPE('',$,#8905);
#8880=PRODUCT_DEFINITION_SHAPE('',$,#8906);
#8881=PRODUCT_DEFINITION_SHAPE('',$,#8907);
#8882=PRODUCT_DEFINITION_SHAPE('',$,#8908);
#8883=PRODUCT_DEFINITION_SHAPE($,$,#54);
#8884=PRODUCT_DEFINITION_SHAPE('',$,#8909);
#8885=PRODUCT_DEFINITION_SHAPE('',$,#8910);
#8886=PRODUCT_DEFINITION_SHAPE('',$,#8911);
#8887=PRODUCT_DEFINITION_SHAPE($,$,#55);
#8888=PRODUCT_DEFINITION_SHAPE($,$,#56);
#8889=PRODUCT_DEFINITION_SHAPE($,$,#57);
#8890=PRODUCT_DEFINITION_SHAPE($,$,#58);
#8891=PRODUCT_DEFINITION_SHAPE($,$,#59);
#8892=PRODUCT_DEFINITION_SHAPE($,$,#60);
#8893=PRODUCT_DEFINITION_SHAPE($,$,#61);
#8894=PRODUCT_DEFINITION_SHAPE($,$,#62);
#8895=PRODUCT_DEFINITION_SHAPE($,$,#63);
#8896=PRODUCT_DEFINITION_SHAPE($,$,#64);
#8897=SHAPE_REPRESENTATION('',(#3715,#4101,#4102,#4103,#4104,#4105,#4106,
#4107,#4108,#4109,#4110),#8857);
#8898=SHAPE_REPRESENTATION('',(#3716),#8858);
#8899=SHAPE_REPRESENTATION('',(#3867,#3972),#8859);
#8900=SHAPE_REPRESENTATION('',(#3868),#8860);
#8901=SHAPE_REPRESENTATION('',(#3973),#8861);
#8902=SHAPE_REPRESENTATION('',(#3974),#8862);
#8903=SHAPE_REPRESENTATION('',(#3998),#8863);
#8904=PRODUCT_DEFINITION_CONTEXT('part definition',#8927,'design');
#8905=PRODUCT_DEFINITION('2026-09-21-09-13-33-211','DFM Assembly 2',#8912,
#8904);
#8906=PRODUCT_DEFINITION('2026-09-15-16-54-50-715',
'LEAN FLOAT - Part 1',#8913,#8904);
#8907=PRODUCT_DEFINITION('2026-09-15-16-54-50-128','LEAN FLOAT - Wedge',
#8914,#8904);
#8908=PRODUCT_DEFINITION('2026-09-29-14-15-38-578','Component1',#8915,#8904);
#8909=PRODUCT_DEFINITION('2026-09-29-14-12-39-437',
'Wedge Bottom (1.5")',#8916,#8904);
#8910=PRODUCT_DEFINITION(
'4816K51_NO THREADS_Standard-Wall 316-316L Stainless Steel Pipe',
'4816K51_NO THREADS_Standard-Wall 316-316L Stainless Steel Pipe',#8917,
#8904);
#8911=PRODUCT_DEFINITION(
'6040T56_Stainless Steel Slip-on Framing Fitting',
'6040T56_Stainless Steel Slip-on Framing Fitting',#8918,#8904);
#8912=PRODUCT_DEFINITION_FORMATION('',$,#8929);
#8913=PRODUCT_DEFINITION_FORMATION('',$,#8930);
#8914=PRODUCT_DEFINITION_FORMATION('',$,#8931);
#8915=PRODUCT_DEFINITION_FORMATION('',$,#8932);
#8916=PRODUCT_DEFINITION_FORMATION('',$,#8933);
#8917=PRODUCT_DEFINITION_FORMATION('',$,#8934);
#8918=PRODUCT_DEFINITION_FORMATION('',$,#8935);
#8919=PRODUCT_RELATED_PRODUCT_CATEGORY('DFM Assembly 2',
'DFM Assembly 2',(#8929));
#8920=PRODUCT_RELATED_PRODUCT_CATEGORY('LEAN FLOAT - Part 1',
'LEAN FLOAT - Part 1',(#8930));
#8921=PRODUCT_RELATED_PRODUCT_CATEGORY('LEAN FLOAT - Wedge',
'LEAN FLOAT - Wedge',(#8931));
#8922=PRODUCT_RELATED_PRODUCT_CATEGORY('Component1','Component1',(#8932));
#8923=PRODUCT_RELATED_PRODUCT_CATEGORY('Wedge Bottom (1.5")',
'Wedge Bottom (1.5")',(#8933));
#8924=PRODUCT_RELATED_PRODUCT_CATEGORY(
'4816K51_NO THREADS_Standard-Wall 316-316L Stainless Steel Pipe',
'4816K51_NO THREADS_Standard-Wall 316-316L Stainless Steel Pipe',(#8934));
#8925=PRODUCT_RELATED_PRODUCT_CATEGORY(
'6040T56_Stainless Steel Slip-on Framing Fitting',
'6040T56_Stainless Steel Slip-on Framing Fitting',(#8935));
#8926=APPLICATION_PROTOCOL_DEFINITION('international standard',
'automotive_design',2009,#8927);
#8927=APPLICATION_CONTEXT(
'Core Data for Automotive Mechanical Design Process');
#8928=PRODUCT_CONTEXT('part definition',#8927,'mechanical');
#8929=PRODUCT('2026-09-21-09-13-33-211','DFM Assembly 2',$,(#8928));
#8930=PRODUCT('2026-09-15-16-54-50-715','LEAN FLOAT - Part 1',
'STEP AP242 Edition 2',(#8928));
#8931=PRODUCT('2026-09-15-16-54-50-128','LEAN FLOAT - Wedge',
'STEP AP242 Edition 2',(#8928));
#8932=PRODUCT('2026-09-29-14-15-38-578','Component1',$,(#8928));
#8933=PRODUCT('2026-09-29-14-12-39-437','Wedge Bottom (1.5")',$,(#8928));
#8934=PRODUCT(
'4816K51_NO THREADS_Standard-Wall 316-316L Stainless Steel Pipe',
'4816K51_NO THREADS_Standard-Wall 316-316L Stainless Steel Pipe',$,(#8928));
#8935=PRODUCT('6040T56_Stainless Steel Slip-on Framing Fitting',
'6040T56_Stainless Steel Slip-on Framing Fitting',$,(#8928));
#8936=PRESENTATION_STYLE_ASSIGNMENT((#8939));
#8937=PRESENTATION_STYLE_ASSIGNMENT((#8940));
#8938=PRESENTATION_STYLE_ASSIGNMENT((NULL_STYLE(.NULL.)));
#8939=SURFACE_STYLE_USAGE(.BOTH.,#8941);
#8940=SURFACE_STYLE_USAGE(.BOTH.,#8942);
#8941=SURFACE_SIDE_STYLE('',(#8943));
#8942=SURFACE_SIDE_STYLE('',(#8944));
#8943=SURFACE_STYLE_FILL_AREA(#8945);
#8944=SURFACE_STYLE_FILL_AREA(#8946);
#8945=FILL_AREA_STYLE('Steel - Satin',(#8947));
#8946=FILL_AREA_STYLE('ABS (White)',(#8948));
#8947=FILL_AREA_STYLE_COLOUR('Steel - Satin',#8949);
#8948=FILL_AREA_STYLE_COLOUR('ABS (White)',#8950);
#8949=COLOUR_RGB('Steel - Satin',0.627450980392157,0.627450980392157,0.627450980392157);
#8950=COLOUR_RGB('ABS (White)',0.964705882352941,0.964705882352941,0.952941176470588);
ENDSEC;
END-ISO-10303-21;
