ISO-10303-21;
HEADER;
/* Generated by software containing ST-Developer
 * from STEP Tools, Inc. (www.steptools.com) 
 */

FILE_DESCRIPTION(
/* description */ (''),
/* implementation_level */ '2;1');

FILE_NAME(
/* name */ 'DFM Assembly 2.step',
/* time_stamp */ '2026-10-06T10:01:48-07:00',
/* author */ (''),
/* organization */ (''),
/* preprocessor_version */ 'ST-DEVELOPER v20.2',
/* originating_system */ 'Autodesk Translation Framework v15.15.0.0',
/* authorisation */ '');

FILE_SCHEMA (('AUTOMOTIVE_DESIGN { 1 0 10303 214 3 1 1 }'));
ENDSEC;

DATA;
#10=MECHANICAL_DESIGN_GEOMETRIC_PRESENTATION_REPRESENTATION('',(#189,#190,
#191,#192,#193,#194,#195,#196,#197,#198,#199,#200),#12885);
#11=CONTEXT_DEPENDENT_OVER_RIDING_STYLED_ITEM('',(#12974),#12925,#200,(#92));
#12=MAPPED_ITEM('',#13,#6607);
#13=REPRESENTATION_MAP(#6607,#12924);
#14=SPHERICAL_SURFACE('',#6417,0.2);
#15=SPHERICAL_SURFACE('',#6421,0.199999999999999);
#16=SPHERICAL_SURFACE('',#6425,0.2);
#17=SPHERICAL_SURFACE('',#6429,0.199999999999999);
#18=SPHERICAL_SURFACE('',#6480,0.0499999999999982);
#19=SPHERICAL_SURFACE('',#6488,0.05);
#20=ELLIPSE('',#6401,0.282842712474619,0.2);
#21=ELLIPSE('',#6402,0.282842712474619,0.2);
#22=ELLIPSE('',#6404,0.84980833874701,0.2);
#23=ELLIPSE('',#6405,0.205780081464054,0.2);
#24=ELLIPSE('',#6408,0.84980833874701,0.2);
#25=ELLIPSE('',#6410,0.282842712474619,0.2);
#26=ELLIPSE('',#6411,0.282842712474619,0.2);
#27=ELLIPSE('',#6414,0.341866826888748,0.2);
#28=ELLIPSE('',#6415,0.301956993245105,0.2);
#29=ELLIPSE('',#6435,0.301956993245105,0.2);
#30=ELLIPSE('',#6436,0.341866826888748,0.2);
#31=ELLIPSE('',#6439,0.205780081464054,0.2);
#32=ELLIPSE('',#6450,0.166666666666667,0.0999999999999999);
#33=ELLIPSE('',#6452,0.166666666666667,0.0999999999999997);
#34=ELLIPSE('',#6458,0.0707106781186554,0.05);
#35=ELLIPSE('',#6459,0.0707106781186554,0.05);
#36=ELLIPSE('',#6467,0.142400062421959,0.0499999999999999);
#37=ELLIPSE('',#6470,2.43749996245376,1.94999996996301);
#38=ELLIPSE('',#6471,2.47768159051126,1.99999996996301);
#39=ELLIPSE('',#6479,0.0707106781186554,0.05);
#40=ELLIPSE('',#6485,0.142400062421959,0.0499999999999999);
#41=ELLIPSE('',#6502,0.0707106781186541,0.05);
#42=ELLIPSE('',#6515,2.47768159051126,1.99999996996301);
#43=ELLIPSE('',#6516,2.43749996245376,1.94999996996301);
#44=ELLIPSE('',#6565,0.113897678903648,0.1);
#45=ELLIPSE('',#6566,0.113897678903648,0.1);
#46=ELLIPSE('',#6569,0.104241032933328,0.1);
#47=ELLIPSE('',#6570,0.104241032933328,0.1);
#48=ELLIPSE('',#6572,0.107678679696348,0.1);
#49=ELLIPSE('',#6573,0.107678679696348,0.1);
#50=ELLIPSE('',#6575,0.10882345068725,0.1);
#51=ELLIPSE('',#6576,0.10882345068725,0.1);
#52=ELLIPSE('',#6578,0.113004201584104,0.1);
#53=ELLIPSE('',#6579,0.113004201584105,0.1);
#54=ELLIPSE('',#6581,0.104705332799303,0.1);
#55=ELLIPSE('',#6582,0.104705332799303,0.1);
#56=ELLIPSE('',#6584,0.12076314134944,0.1);
#57=ELLIPSE('',#6585,0.12076314134944,0.1);
#58=ELLIPSE('',#6587,0.11206081017919,0.1);
#59=ELLIPSE('',#6588,0.11206081017919,0.1);
#60=ELLIPSE('',#6590,0.100810929111799,0.1);
#61=ELLIPSE('',#6591,0.100810929111799,0.1);
#62=TOROIDAL_SURFACE('',#6250,1.325,0.05);
#63=TOROIDAL_SURFACE('',#6257,0.777921382949404,0.05);
#64=TOROIDAL_SURFACE('',#6263,0.573374245693117,0.0500000000000001);
#65=TOROIDAL_SURFACE('',#6460,0.1,0.05);
#66=TOROIDAL_SURFACE('',#6472,0.0999999999999998,0.0499999999999999);
#67=TOROIDAL_SURFACE('',#6496,1.45,0.05);
#68=TOROIDAL_SURFACE('',#6505,1.45,0.05);
#69=B_SPLINE_SURFACE_WITH_KNOTS('',1,3,((#10839,#10840,#10841,#10842,#10843,
#10844,#10845,#10846,#10847,#10848,#10849,#10850,#10851,#10852,#10853,#10854,
#10855,#10856),(#10857,#10858,#10859,#10860,#10861,#10862,#10863,#10864,
#10865,#10866,#10867,#10868,#10869,#10870,#10871,#10872,#10873,#10874)),
 .UNSPECIFIED.,.F.,.T.,.F.,(2,2),(4,2,2,2,2,2,2,2,4),(-0.0048898406846394,
1.),(-0.0222487574336218,-0.0194557039748539,-0.0166626505160861,-0.0138695970573183,
-0.0110765435985505,-0.00828349013978267,-0.00549043668101485,-0.00269738322224703,
9.56702365207882E-5),.UNSPECIFIED.);
#70=B_SPLINE_SURFACE_WITH_KNOTS('',1,3,((#11043,#11044,#11045,#11046,#11047,
#11048,#11049,#11050,#11051,#11052,#11053,#11054,#11055,#11056,#11057,#11058,
#11059,#11060),(#11061,#11062,#11063,#11064,#11065,#11066,#11067,#11068,
#11069,#11070,#11071,#11072,#11073,#11074,#11075,#11076,#11077,#11078)),
 .UNSPECIFIED.,.F.,.T.,.F.,(2,2),(4,2,2,2,2,2,2,2,4),(-0.00467554370160566,
1.),(-0.0223110560686864,-0.0195114236346943,-0.0167117912007021,-0.01391215876671,
-0.0111125263327178,-0.00831289389872567,-0.00551326146473352,-0.00271362903074136,
8.60034032507881E-5),.UNSPECIFIED.);
#71=B_SPLINE_SURFACE_WITH_KNOTS('',1,3,((#11899,#11900,#11901,#11902,#11903,
#11904,#11905,#11906,#11907,#11908,#11909,#11910,#11911,#11912,#11913,#11914,
#11915,#11916),(#11917,#11918,#11919,#11920,#11921,#11922,#11923,#11924,
#11925,#11926,#11927,#11928,#11929,#11930,#11931,#11932,#11933,#11934)),
 .UNSPECIFIED.,.F.,.T.,.F.,(2,2),(4,2,2,2,2,2,2,2,4),(-0.00360980634320971,
1.),(-0.0223110560686864,-0.0195114236346943,-0.0167117912007021,-0.01391215876671,
-0.0111125263327178,-0.00831289389872567,-0.00551326146473352,-0.00271362903074136,
8.60034032507881E-5),.UNSPECIFIED.);
#72=B_SPLINE_SURFACE_WITH_KNOTS('',1,3,((#11935,#11936,#11937,#11938,#11939,
#11940,#11941,#11942,#11943,#11944,#11945,#11946,#11947,#11948,#11949,#11950,
#11951,#11952),(#11953,#11954,#11955,#11956,#11957,#11958,#11959,#11960,
#11961,#11962,#11963,#11964,#11965,#11966,#11967,#11968,#11969,#11970)),
 .UNSPECIFIED.,.F.,.T.,.F.,(2,2),(4,2,2,2,2,2,2,2,4),(-0.00419790828392983,
1.),(-0.0222487574336218,-0.0194557039748539,-0.0166626505160861,-0.0138695970573183,
-0.0110765435985505,-0.00828349013978267,-0.00549043668101485,-0.00269738322224703,
9.56702365207882E-5),.UNSPECIFIED.);
#73=B_SPLINE_SURFACE_WITH_KNOTS('',3,3,((#12421,#12422,#12423,#12424,#12425,
#12426),(#12427,#12428,#12429,#12430,#12431,#12432),(#12433,#12434,#12435,
#12436,#12437,#12438),(#12439,#12440,#12441,#12442,#12443,#12444),(#12445,
#12446,#12447,#12448,#12449,#12450)),.UNSPECIFIED.,.F.,.F.,.F.,(4,1,4),
(4,1,1,4),(0.,0.571428571428571,1.),(-1.57079632679491,-0.897597901025661,
-0.448798950512831,-1.09273919746571E-16),.UNSPECIFIED.);
#74=B_SPLINE_SURFACE_WITH_KNOTS('',3,3,((#12458,#12459,#12460,#12461),(#12462,
#12463,#12464,#12465),(#12466,#12467,#12468,#12469),(#12470,#12471,#12472,
#12473),(#12474,#12475,#12476,#12477),(#12478,#12479,#12480,#12481)),
 .UNSPECIFIED.,.F.,.F.,.F.,(4,1,1,4),(4,4),(0.,0.285714285714286,0.571428571428571,
1.),(0.746903206679214,0.930984980364804),.UNSPECIFIED.);
#75=B_SPLINE_SURFACE_WITH_KNOTS('',3,3,((#12555,#12556,#12557,#12558,#12559),
(#12560,#12561,#12562,#12563,#12564),(#12565,#12566,#12567,#12568,#12569),
(#12570,#12571,#12572,#12573,#12574),(#12575,#12576,#12577,#12578,#12579)),
 .UNSPECIFIED.,.F.,.F.,.F.,(4,1,4),(4,1,4),(0.,0.571428571428571,1.),(-6.28318530717959,
-5.60998688141034,-4.71238898038468),.UNSPECIFIED.);
#76=B_SPLINE_SURFACE_WITH_KNOTS('',3,3,((#12676,#12677,#12678,#12679),(#12680,
#12681,#12682,#12683),(#12684,#12685,#12686,#12687),(#12688,#12689,#12690,
#12691),(#12692,#12693,#12694,#12695),(#12696,#12697,#12698,#12699)),
 .UNSPECIFIED.,.F.,.F.,.F.,(4,1,1,4),(4,4),(0.,0.285714285714286,0.571428571428571,
1.),(-0.930984980364804,-0.746903206679214),.UNSPECIFIED.);
#77=ITEM_DEFINED_TRANSFORMATION($,$,#6090,#6212);
#78=ITEM_DEFINED_TRANSFORMATION($,$,#6089,#6595);
#79=ITEM_DEFINED_TRANSFORMATION($,$,#5938,#6596);
#80=ITEM_DEFINED_TRANSFORMATION($,$,#6089,#6597);
#81=ITEM_DEFINED_TRANSFORMATION($,$,#6089,#6598);
#82=ITEM_DEFINED_TRANSFORMATION($,$,#6089,#6599);
#83=ITEM_DEFINED_TRANSFORMATION($,$,#6089,#6600);
#84=ITEM_DEFINED_TRANSFORMATION($,$,#6089,#6601);
#85=ITEM_DEFINED_TRANSFORMATION($,$,#6213,#6602);
#86=ITEM_DEFINED_TRANSFORMATION($,$,#6214,#6603);
#87=ITEM_DEFINED_TRANSFORMATION($,$,#6238,#6604);
#88=ITEM_DEFINED_TRANSFORMATION($,$,#6341,#6605);
#89=ITEM_DEFINED_TRANSFORMATION($,$,#6562,#6606);
#90=(
REPRESENTATION_RELATIONSHIP($,$,#12927,#12926)
REPRESENTATION_RELATIONSHIP_WITH_TRANSFORMATION(#77)
SHAPE_REPRESENTATION_RELATIONSHIP()
);
#91=(
REPRESENTATION_RELATIONSHIP($,$,#12926,#12924)
REPRESENTATION_RELATIONSHIP_WITH_TRANSFORMATION(#78)
SHAPE_REPRESENTATION_RELATIONSHIP()
);
#92=(
REPRESENTATION_RELATIONSHIP($,$,#12925,#12924)
REPRESENTATION_RELATIONSHIP_WITH_TRANSFORMATION(#79)
SHAPE_REPRESENTATION_RELATIONSHIP()
);
#93=(
REPRESENTATION_RELATIONSHIP($,$,#12926,#12924)
REPRESENTATION_RELATIONSHIP_WITH_TRANSFORMATION(#80)
SHAPE_REPRESENTATION_RELATIONSHIP()
);
#94=(
REPRESENTATION_RELATIONSHIP($,$,#12926,#12924)
REPRESENTATION_RELATIONSHIP_WITH_TRANSFORMATION(#81)
SHAPE_REPRESENTATION_RELATIONSHIP()
);
#95=(
REPRESENTATION_RELATIONSHIP($,$,#12926,#12924)
REPRESENTATION_RELATIONSHIP_WITH_TRANSFORMATION(#82)
SHAPE_REPRESENTATION_RELATIONSHIP()
);
#96=(
REPRESENTATION_RELATIONSHIP($,$,#12926,#12924)
REPRESENTATION_RELATIONSHIP_WITH_TRANSFORMATION(#83)
SHAPE_REPRESENTATION_RELATIONSHIP()
);
#97=(
REPRESENTATION_RELATIONSHIP($,$,#12926,#12924)
REPRESENTATION_RELATIONSHIP_WITH_TRANSFORMATION(#84)
SHAPE_REPRESENTATION_RELATIONSHIP()
);
#98=(
REPRESENTATION_RELATIONSHIP($,$,#12928,#12924)
REPRESENTATION_RELATIONSHIP_WITH_TRANSFORMATION(#85)
SHAPE_REPRESENTATION_RELATIONSHIP()
);
#99=(
REPRESENTATION_RELATIONSHIP($,$,#12929,#12924)
REPRESENTATION_RELATIONSHIP_WITH_TRANSFORMATION(#86)
SHAPE_REPRESENTATION_RELATIONSHIP()
);
#100=(
REPRESENTATION_RELATIONSHIP($,$,#12930,#12924)
REPRESENTATION_RELATIONSHIP_WITH_TRANSFORMATION(#87)
SHAPE_REPRESENTATION_RELATIONSHIP()
);
#101=(
REPRESENTATION_RELATIONSHIP($,$,#12931,#12924)
REPRESENTATION_RELATIONSHIP_WITH_TRANSFORMATION(#88)
SHAPE_REPRESENTATION_RELATIONSHIP()
);
#102=(
REPRESENTATION_RELATIONSHIP($,$,#12932,#12924)
REPRESENTATION_RELATIONSHIP_WITH_TRANSFORMATION(#89)
SHAPE_REPRESENTATION_RELATIONSHIP()
);
#103=CONTEXT_DEPENDENT_SHAPE_REPRESENTATION(#90,#12906);
#104=CONTEXT_DEPENDENT_SHAPE_REPRESENTATION(#91,#12912);
#105=CONTEXT_DEPENDENT_SHAPE_REPRESENTATION(#92,#12913);
#106=CONTEXT_DEPENDENT_SHAPE_REPRESENTATION(#93,#12914);
#107=CONTEXT_DEPENDENT_SHAPE_REPRESENTATION(#94,#12915);
#108=CONTEXT_DEPENDENT_SHAPE_REPRESENTATION(#95,#12916);
#109=CONTEXT_DEPENDENT_SHAPE_REPRESENTATION(#96,#12917);
#110=CONTEXT_DEPENDENT_SHAPE_REPRESENTATION(#97,#12918);
#111=CONTEXT_DEPENDENT_SHAPE_REPRESENTATION(#98,#12919);
#112=CONTEXT_DEPENDENT_SHAPE_REPRESENTATION(#99,#12920);
#113=CONTEXT_DEPENDENT_SHAPE_REPRESENTATION(#100,#12921);
#114=CONTEXT_DEPENDENT_SHAPE_REPRESENTATION(#101,#12922);
#115=CONTEXT_DEPENDENT_SHAPE_REPRESENTATION(#102,#12923);
#116=NEXT_ASSEMBLY_USAGE_OCCURRENCE('Component1:1','Component1:1',
'Component1:1',#12936,#12937,'Component1:1');
#117=NEXT_ASSEMBLY_USAGE_OCCURRENCE('LEAN FLOAT - Wedge:1',
'LEAN FLOAT - Wedge:1','LEAN FLOAT - Wedge:1',#12934,#12936,
'LEAN FLOAT - Wedge:1');
#118=NEXT_ASSEMBLY_USAGE_OCCURRENCE('LEAN FLOAT - Part 1:1',
'LEAN FLOAT - Part 1:1','LEAN FLOAT - Part 1:1',#12934,#12935,
'LEAN FLOAT - Part 1:1');
#119=NEXT_ASSEMBLY_USAGE_OCCURRENCE('LEAN FLOAT - Wedge:2',
'LEAN FLOAT - Wedge:2','LEAN FLOAT - Wedge:2',#12934,#12936,
'LEAN FLOAT - Wedge:2');
#120=NEXT_ASSEMBLY_USAGE_OCCURRENCE('LEAN FLOAT - Wedge:3',
'LEAN FLOAT - Wedge:3','LEAN FLOAT - Wedge:3',#12934,#12936,
'LEAN FLOAT - Wedge:3');
#121=NEXT_ASSEMBLY_USAGE_OCCURRENCE('LEAN FLOAT - Wedge:4',
'LEAN FLOAT - Wedge:4','LEAN FLOAT - Wedge:4',#12934,#12936,
'LEAN FLOAT - Wedge:4');
#122=NEXT_ASSEMBLY_USAGE_OCCURRENCE('LEAN FLOAT - Wedge:5',
'LEAN FLOAT - Wedge:5','LEAN FLOAT - Wedge:5',#12934,#12936,
'LEAN FLOAT - Wedge:5');
#123=NEXT_ASSEMBLY_USAGE_OCCURRENCE('LEAN FLOAT - Wedge:6',
'LEAN FLOAT - Wedge:6','LEAN FLOAT - Wedge:6',#12934,#12936,
'LEAN FLOAT - Wedge:6');
#124=NEXT_ASSEMBLY_USAGE_OCCURRENCE('Wedge Bottom (1.5"):1',
'Wedge Bottom (1.5"):1','Wedge Bottom (1.5"):1',#12934,#12938,
'Wedge Bottom (1.5"):1');
#125=NEXT_ASSEMBLY_USAGE_OCCURRENCE(
'4816K51_NO THREADS_Standard-Wall 316-316L Stainless Steel Pipe:1',
'4816K51_NO THREADS_Standard-Wall 316-316L Stainless Steel Pipe:1',
'4816K51_NO THREADS_Standard-Wall 316-316L Stainless Steel Pipe:1',#12934,
#12939,
'4816K51_NO THREADS_Standard-Wall 316-316L Stainless Steel Pipe:1');
#126=NEXT_ASSEMBLY_USAGE_OCCURRENCE(
'6040T56_Stainless Steel Slip-on Framing Fitting:1',
'6040T56_Stainless Steel Slip-on Framing Fitting:1',
'6040T56_Stainless Steel Slip-on Framing Fitting:1',#12934,#12940,
'6040T56_Stainless Steel Slip-on Framing Fitting:1');
#127=NEXT_ASSEMBLY_USAGE_OCCURRENCE('Electronics Housing:1',
'Electronics Housing:1','Electronics Housing:1',#12934,#12941,
'Electronics Housing:1');
#128=NEXT_ASSEMBLY_USAGE_OCCURRENCE('Cables V2:1','Cables V2:1',
'Cables V2:1',#12934,#12942,'Cables V2:1');
#129=(
BOUNDED_CURVE()
B_SPLINE_CURVE(2,(#10072,#10073,#10074),.UNSPECIFIED.,.F.,.F.)
B_SPLINE_CURVE_WITH_KNOTS((3,3),(0.,1.03790584957209),.UNSPECIFIED.)
CURVE()
GEOMETRIC_REPRESENTATION_ITEM()
RATIONAL_B_SPLINE_CURVE((1.,1.00646798823412,1.01233614322289))
REPRESENTATION_ITEM('')
);
#130=(
BOUNDED_CURVE()
B_SPLINE_CURVE(2,(#10078,#10079,#10080),.UNSPECIFIED.,.F.,.F.)
B_SPLINE_CURVE_WITH_KNOTS((3,3),(21.3588327369254,22.3960062046075),
 .UNSPECIFIED.)
CURVE()
GEOMETRIC_REPRESENTATION_ITEM()
RATIONAL_B_SPLINE_CURVE((1.01233705844918,1.00646806969692,1.))
REPRESENTATION_ITEM('')
);
#131=(
BOUNDED_CURVE()
B_SPLINE_CURVE(2,(#10082,#10083,#10084),.UNSPECIFIED.,.F.,.F.)
B_SPLINE_CURVE_WITH_KNOTS((3,3),(0.,3.98530728964292),.UNSPECIFIED.)
CURVE()
GEOMETRIC_REPRESENTATION_ITEM()
RATIONAL_B_SPLINE_CURVE((1.,1.00265813245682,1.00077925218772))
REPRESENTATION_ITEM('')
);
#132=(
BOUNDED_CURVE()
B_SPLINE_CURVE(2,(#10087,#10088,#10089),.UNSPECIFIED.,.F.,.F.)
B_SPLINE_CURVE_WITH_KNOTS((3,3),(0.684494316032069,4.66980160601434),
 .UNSPECIFIED.)
CURVE()
GEOMETRIC_REPRESENTATION_ITEM()
RATIONAL_B_SPLINE_CURVE((1.00077925235735,1.00265813303676,1.))
REPRESENTATION_ITEM('')
);
#133=(
BOUNDED_CURVE()
B_SPLINE_CURVE(2,(#12008,#12009,#12010),.UNSPECIFIED.,.F.,.F.)
B_SPLINE_CURVE_WITH_KNOTS((3,3),(-0.399766234689582,-0.131560916056173),
 .UNSPECIFIED.)
CURVE()
GEOMETRIC_REPRESENTATION_ITEM()
RATIONAL_B_SPLINE_CURVE((1.2923474741045,1.49227432411827,1.29234747410253))
REPRESENTATION_ITEM('')
);
#134=(
BOUNDED_CURVE()
B_SPLINE_CURVE(2,(#12017,#12018,#12019),.UNSPECIFIED.,.F.,.F.)
B_SPLINE_CURVE_WITH_KNOTS((3,3),(-0.399766234689581,-0.131560916056172),
 .UNSPECIFIED.)
CURVE()
GEOMETRIC_REPRESENTATION_ITEM()
RATIONAL_B_SPLINE_CURVE((1.2923474741045,1.49227432411826,1.29234747410252))
REPRESENTATION_ITEM('')
);
#135=(
BOUNDED_CURVE()
B_SPLINE_CURVE(2,(#12024,#12025,#12026),.UNSPECIFIED.,.F.,.F.)
B_SPLINE_CURVE_WITH_KNOTS((3,3),(-0.399766234689577,-0.131560916056172),
 .UNSPECIFIED.)
CURVE()
GEOMETRIC_REPRESENTATION_ITEM()
RATIONAL_B_SPLINE_CURVE((1.2923474741045,1.49227432411825,1.29234747410252))
REPRESENTATION_ITEM('')
);
#136=(
BOUNDED_CURVE()
B_SPLINE_CURVE(2,(#12031,#12032,#12033),.UNSPECIFIED.,.F.,.F.)
B_SPLINE_CURVE_WITH_KNOTS((3,3),(-0.399766234689578,-0.131560916056174),
 .UNSPECIFIED.)
CURVE()
GEOMETRIC_REPRESENTATION_ITEM()
RATIONAL_B_SPLINE_CURVE((1.2923474741045,1.49227432411825,1.29234747410252))
REPRESENTATION_ITEM('')
);
#137=(
BOUNDED_CURVE()
B_SPLINE_CURVE(2,(#12038,#12039,#12040),.UNSPECIFIED.,.F.,.F.)
B_SPLINE_CURVE_WITH_KNOTS((3,3),(-0.39976623468958,-0.131560916056174),
 .UNSPECIFIED.)
CURVE()
GEOMETRIC_REPRESENTATION_ITEM()
RATIONAL_B_SPLINE_CURVE((1.2923474741045,1.49227432411826,1.29234747410252))
REPRESENTATION_ITEM('')
);
#138=(
BOUNDED_CURVE()
B_SPLINE_CURVE(2,(#12043,#12044,#12045),.UNSPECIFIED.,.F.,.F.)
B_SPLINE_CURVE_WITH_KNOTS((3,3),(-0.399766234689582,-0.131560916056174),
 .UNSPECIFIED.)
CURVE()
GEOMETRIC_REPRESENTATION_ITEM()
RATIONAL_B_SPLINE_CURVE((1.2923474741045,1.49227432411826,1.29234747410252))
REPRESENTATION_ITEM('')
);
#139=(
BOUNDED_CURVE()
B_SPLINE_CURVE(2,(#12091,#12092,#12093),.UNSPECIFIED.,.F.,.F.)
B_SPLINE_CURVE_WITH_KNOTS((3,3),(-0.399766234689583,-0.131560916056173),
 .UNSPECIFIED.)
CURVE()
GEOMETRIC_REPRESENTATION_ITEM()
RATIONAL_B_SPLINE_CURVE((1.2923474741045,1.49227432411827,1.29234747410253))
REPRESENTATION_ITEM('')
);
#140=(
BOUNDED_CURVE()
B_SPLINE_CURVE(2,(#12100,#12101,#12102),.UNSPECIFIED.,.F.,.F.)
B_SPLINE_CURVE_WITH_KNOTS((3,3),(-0.399766234689581,-0.131560916056172),
 .UNSPECIFIED.)
CURVE()
GEOMETRIC_REPRESENTATION_ITEM()
RATIONAL_B_SPLINE_CURVE((1.2923474741045,1.49227432411826,1.29234747410252))
REPRESENTATION_ITEM('')
);
#141=(
BOUNDED_CURVE()
B_SPLINE_CURVE(2,(#12107,#12108,#12109),.UNSPECIFIED.,.F.,.F.)
B_SPLINE_CURVE_WITH_KNOTS((3,3),(-0.399766234689579,-0.131560916056173),
 .UNSPECIFIED.)
CURVE()
GEOMETRIC_REPRESENTATION_ITEM()
RATIONAL_B_SPLINE_CURVE((1.2923474741045,1.49227432411825,1.29234747410252))
REPRESENTATION_ITEM('')
);
#142=(
BOUNDED_CURVE()
B_SPLINE_CURVE(2,(#12114,#12115,#12116),.UNSPECIFIED.,.F.,.F.)
B_SPLINE_CURVE_WITH_KNOTS((3,3),(-0.399766234689579,-0.131560916056174),
 .UNSPECIFIED.)
CURVE()
GEOMETRIC_REPRESENTATION_ITEM()
RATIONAL_B_SPLINE_CURVE((1.2923474741045,1.49227432411825,1.29234747410252))
REPRESENTATION_ITEM('')
);
#143=(
BOUNDED_CURVE()
B_SPLINE_CURVE(2,(#12121,#12122,#12123),.UNSPECIFIED.,.F.,.F.)
B_SPLINE_CURVE_WITH_KNOTS((3,3),(-0.399766234689582,-0.131560916056173),
 .UNSPECIFIED.)
CURVE()
GEOMETRIC_REPRESENTATION_ITEM()
RATIONAL_B_SPLINE_CURVE((1.2923474741045,1.49227432411826,1.29234747410252))
REPRESENTATION_ITEM('')
);
#144=(
BOUNDED_CURVE()
B_SPLINE_CURVE(2,(#12126,#12127,#12128),.UNSPECIFIED.,.F.,.F.)
B_SPLINE_CURVE_WITH_KNOTS((3,3),(-0.399766234689583,-0.131560916056174),
 .UNSPECIFIED.)
CURVE()
GEOMETRIC_REPRESENTATION_ITEM()
RATIONAL_B_SPLINE_CURVE((1.2923474741045,1.49227432411827,1.29234747410253))
REPRESENTATION_ITEM('')
);
#145=CONICAL_SURFACE('',#6115,8.25,0.785398163397447);
#146=CONICAL_SURFACE('',#6119,8.255,0.785398163397449);
#147=CONICAL_SURFACE('',#6215,0.450464719006317,0.816523201724672);
#148=CONICAL_SURFACE('',#6219,0.507507186468962,0.785398163397431);
#149=CONICAL_SURFACE('',#6223,0.524999999999999,0.031125038327233);
#150=CONICAL_SURFACE('',#6226,0.524999999999999,0.031125038327233);
#151=CONICAL_SURFACE('',#6241,0.135,0.715584993317677);
#152=CONICAL_SURFACE('',#6244,0.135,0.715584993317677);
#153=CONICAL_SURFACE('',#6247,0.135,0.715584993317677);
#154=CONICAL_SURFACE('',#6274,1.375,1.53588974175502);
#155=CONICAL_SURFACE('',#6275,0.728043180436413,0.0698131700797663);
#156=CONICAL_SURFACE('',#6281,65.5228142657677,1.02974425867665);
#157=CONICAL_SURFACE('',#6284,0.0684956132868986,0.785398163397444);
#158=CONICAL_SURFACE('',#6289,0.125,0.959931088596879);
#159=CONICAL_SURFACE('',#6305,0.0721687836487033,0.78539816339745);
#160=CONICAL_SURFACE('',#6306,0.0721687836487033,0.78539816339745);
#161=CONICAL_SURFACE('',#6307,0.0721687836487033,0.78539816339745);
#162=CONICAL_SURFACE('',#6308,0.0721687836487033,0.78539816339745);
#163=CONICAL_SURFACE('',#6309,0.0721687836487033,0.78539816339745);
#164=CONICAL_SURFACE('',#6310,0.0721687836487033,0.78539816339745);
#165=CONICAL_SURFACE('',#6311,65.5228142657677,1.02974425867665);
#166=CONICAL_SURFACE('',#6314,0.0684956132868986,0.785398163397444);
#167=CONICAL_SURFACE('',#6319,0.125,0.959931088596879);
#168=CONICAL_SURFACE('',#6335,0.0721687836487034,0.78539816339745);
#169=CONICAL_SURFACE('',#6336,0.0721687836487034,0.78539816339745);
#170=CONICAL_SURFACE('',#6337,0.0721687836487034,0.78539816339745);
#171=CONICAL_SURFACE('',#6338,0.0721687836487034,0.78539816339745);
#172=CONICAL_SURFACE('',#6339,0.0721687836487034,0.78539816339745);
#173=CONICAL_SURFACE('',#6340,0.0721687836487034,0.78539816339745);
#174=CONICAL_SURFACE('',#6446,2.3,0.785398163397448);
#175=SHAPE_REPRESENTATION_RELATIONSHIP('SRR','None',#12925,#182);
#176=SHAPE_REPRESENTATION_RELATIONSHIP('SRR','None',#12927,#183);
#177=SHAPE_REPRESENTATION_RELATIONSHIP('SRR','None',#12926,#184);
#178=SHAPE_REPRESENTATION_RELATIONSHIP('SRR','None',#12929,#185);
#179=SHAPE_REPRESENTATION_RELATIONSHIP('SRR','None',#12930,#186);
#180=SHAPE_REPRESENTATION_RELATIONSHIP('SRR','None',#12931,#187);
#181=SHAPE_REPRESENTATION_RELATIONSHIP('SRR','None',#12932,#188);
#182=ADVANCED_BREP_SHAPE_REPRESENTATION('',(#201),#12877);
#183=ADVANCED_BREP_SHAPE_REPRESENTATION('',(#202),#12879);
#184=ADVANCED_BREP_SHAPE_REPRESENTATION('',(#203),#12878);
#185=ADVANCED_BREP_SHAPE_REPRESENTATION('',(#204),#12881);
#186=ADVANCED_BREP_SHAPE_REPRESENTATION('',(#205,#206,#207),#12882);
#187=ADVANCED_BREP_SHAPE_REPRESENTATION('',(#208,#209,#210),#12883);
#188=ADVANCED_BREP_SHAPE_REPRESENTATION('',(#211),#12884);
#189=STYLED_ITEM('',(#12974),#201);
#190=STYLED_ITEM('',(#12974),#202);
#191=STYLED_ITEM('',(#12974),#203);
#192=STYLED_ITEM('',(#12973),#204);
#193=STYLED_ITEM('',(#12973),#205);
#194=STYLED_ITEM('',(#12973),#206);
#195=STYLED_ITEM('',(#12973),#207);
#196=STYLED_ITEM('',(#12973),#208);
#197=STYLED_ITEM('',(#12973),#209);
#198=STYLED_ITEM('',(#12973),#210);
#199=STYLED_ITEM('',(#12973),#211);
#200=STYLED_ITEM('',(#12975),#12);
#201=MANIFOLD_SOLID_BREP('Body1',#5848);
#202=MANIFOLD_SOLID_BREP('Body1',#5849);
#203=MANIFOLD_SOLID_BREP('Body1',#5850);
#204=MANIFOLD_SOLID_BREP('Body1',#5851);
#205=MANIFOLD_SOLID_BREP('Body1',#5852);
#206=MANIFOLD_SOLID_BREP('Body2',#5853);
#207=MANIFOLD_SOLID_BREP('Body3',#5854);
#208=MANIFOLD_SOLID_BREP('Body2',#5855);
#209=MANIFOLD_SOLID_BREP('Body3',#5856);
#210=MANIFOLD_SOLID_BREP('Body4',#5857);
#211=MANIFOLD_SOLID_BREP('Body1',#5858);
#212=B_SPLINE_CURVE_WITH_KNOTS('',3,(#8367,#8368,#8369,#8370,#8371,#8372,
#8373,#8374,#8375,#8376,#8377,#8378,#8379,#8380,#8381,#8382,#8383,#8384),
 .UNSPECIFIED.,.F.,.F.,(4,2,2,2,2,2,2,2,4),(0.857397925645026,0.964567260441031,
1.07173659523704,1.17889702471197,1.28605745418691,1.39325373220709,1.50045001022728,
1.60762293054958,1.71479585087188),.UNSPECIFIED.);
#213=B_SPLINE_CURVE_WITH_KNOTS('',3,(#8385,#8386,#8387,#8388,#8389,#8390,
#8391,#8392,#8393,#8394,#8395,#8396,#8397,#8398,#8399,#8400,#8401,#8402),
 .UNSPECIFIED.,.F.,.F.,(4,2,2,2,2,2,2,2,4),(1.71479585087188,1.82197652672312,
1.92915720257436,2.03634572521392,2.14353424785349,2.25069900195891,2.35786375606432,
2.46502876629062,2.57219377651691),.UNSPECIFIED.);
#214=B_SPLINE_CURVE_WITH_KNOTS('',3,(#8405,#8406,#8407,#8408,#8409,#8410,
#8411,#8412,#8413,#8414,#8415,#8416,#8417,#8418,#8419,#8420,#8421,#8422),
 .UNSPECIFIED.,.F.,.F.,(4,2,2,2,2,2,2,2,4),(0.857397925226859,0.964570845549163,
1.07174376587147,1.17894004389165,1.28613632191184,1.39329675138677,1.50045718086171,
1.60762651565771,1.71479585045372),.UNSPECIFIED.);
#215=B_SPLINE_CURVE_WITH_KNOTS('',3,(#8423,#8424,#8425,#8426,#8427,#8428,
#8429,#8430,#8431,#8432,#8433,#8434,#8435,#8436,#8437,#8438,#8439,#8440),
 .UNSPECIFIED.,.F.,.F.,(4,2,2,2,2,2,2,2,4),(1.71479585045372,1.82196518524972,
1.92913452004573,2.03629494952067,2.1434553789956,2.25065165701579,2.35784793503597,
2.46502085535827,2.57219377568058),.UNSPECIFIED.);
#216=B_SPLINE_CURVE_WITH_KNOTS('',3,(#8443,#8444,#8445,#8446,#8447,#8448,
#8449,#8450,#8451,#8452,#8453,#8454,#8455,#8456,#8457,#8458,#8459,#8460),
 .UNSPECIFIED.,.F.,.F.,(4,2,2,2,2,2,2,2,4),(0.857397925226858,0.964570845549161,
1.07174376587146,1.17894004389165,1.28613632191183,1.39329675138677,1.5004571808617,
1.60762651565771,1.71479585045372),.UNSPECIFIED.);
#217=B_SPLINE_CURVE_WITH_KNOTS('',3,(#8461,#8462,#8463,#8464,#8465,#8466,
#8467,#8468,#8469,#8470,#8471,#8472,#8473,#8474,#8475,#8476,#8477,#8478),
 .UNSPECIFIED.,.F.,.F.,(4,2,2,2,2,2,2,2,4),(1.71479585045372,1.82196518524972,
1.92913452004573,2.03629494952066,2.1434553789956,2.25065165701578,2.35784793503597,
2.46502085535827,2.57219377568058),.UNSPECIFIED.);
#218=B_SPLINE_CURVE_WITH_KNOTS('',3,(#8481,#8482,#8483,#8484,#8485,#8486,
#8487,#8488,#8489,#8490,#8491,#8492,#8493,#8494,#8495,#8496,#8497,#8498),
 .UNSPECIFIED.,.F.,.F.,(4,2,2,2,2,2,2,2,4),(0.857397925645025,0.964570845967327,
1.07174376628963,1.17894004430981,1.28613632233,1.39329675180494,1.50045718127987,
1.60762651607588,1.71479585087188),.UNSPECIFIED.);
#219=B_SPLINE_CURVE_WITH_KNOTS('',3,(#8499,#8500,#8501,#8502,#8503,#8504,
#8505,#8506,#8507,#8508,#8509,#8510,#8511,#8512,#8513,#8514,#8515,#8516),
 .UNSPECIFIED.,.F.,.F.,(4,2,2,2,2,2,2,2,4),(1.71479585087188,1.82196086109817,
1.92912587132446,2.03629062542988,2.1434553795353,2.25064390217486,2.35783242481442,
2.46501310066567,2.57219377651691),.UNSPECIFIED.);
#220=B_SPLINE_CURVE_WITH_KNOTS('',3,(#8519,#8520,#8521,#8522,#8523,#8524,
#8525,#8526,#8527,#8528,#8529,#8530,#8531,#8532,#8533,#8534,#8535,#8536),
 .UNSPECIFIED.,.F.,.F.,(4,2,2,2,2,2,2,2,4),(0.857397925226858,0.964567260022864,
1.07173659481887,1.1788970242938,1.28605745376874,1.39325373178893,1.50045000980911,
1.60762293013141,1.71479585045372),.UNSPECIFIED.);
#221=B_SPLINE_CURVE_WITH_KNOTS('',3,(#8537,#8538,#8539,#8540,#8541,#8542,
#8543,#8544,#8545,#8546,#8547,#8548,#8549,#8550,#8551,#8552,#8553,#8554),
 .UNSPECIFIED.,.F.,.F.,(4,2,2,2,2,2,2,2,4),(1.71479585045372,1.82196877077602,
1.92914169109832,2.03633796911851,2.14353424713869,2.25069467661363,2.35785510608856,
2.46502444088457,2.57219377568057),.UNSPECIFIED.);
#222=B_SPLINE_CURVE_WITH_KNOTS('',3,(#8557,#8558,#8559,#8560,#8561,#8562,
#8563,#8564,#8565,#8566,#8567,#8568,#8569,#8570,#8571,#8572,#8573,#8574),
 .UNSPECIFIED.,.F.,.F.,(4,2,2,2,2,2,2,2,4),(0.857397925226859,0.964567260022865,
1.07173659481887,1.17889702429381,1.28605745376874,1.39325373178893,1.50045000980911,
1.60762293013141,1.71479585045372),.UNSPECIFIED.);
#223=B_SPLINE_CURVE_WITH_KNOTS('',3,(#8575,#8576,#8577,#8578,#8579,#8580,
#8581,#8582,#8583,#8584,#8585,#8586,#8587,#8588,#8589,#8590,#8591,#8592),
 .UNSPECIFIED.,.F.,.F.,(4,2,2,2,2,2,2,2,4),(1.71479585045372,1.82196877077602,
1.92914169109832,2.03633796911851,2.14353424713869,2.25069467661363,2.35785510608856,
2.46502444088457,2.57219377568058),.UNSPECIFIED.);
#224=B_SPLINE_CURVE_WITH_KNOTS('',3,(#8595,#8596,#8597,#8598,#8599,#8600,
#8601,#8602,#8603,#8604,#8605,#8606,#8607,#8608,#8609,#8610,#8611,#8612),
 .UNSPECIFIED.,.F.,.F.,(4,2,2,2,2,2,2,2,4),(0.857397925226859,0.964570845549162,
1.07174376587146,1.17894004389165,1.28613632191183,1.39329675138677,1.50045718086171,
1.60762651565771,1.71479585045372),.UNSPECIFIED.);
#225=B_SPLINE_CURVE_WITH_KNOTS('',3,(#8613,#8614,#8615,#8616,#8617,#8618,
#8619,#8620,#8621,#8622,#8623,#8624,#8625,#8626,#8627,#8628,#8629,#8630),
 .UNSPECIFIED.,.F.,.F.,(4,2,2,2,2,2,2,2,4),(1.71479585045372,1.82196518524972,
1.92913452004573,2.03629494952066,2.1434553789956,2.25065165701579,2.35784793503597,
2.46502085535827,2.57219377568058),.UNSPECIFIED.);
#226=B_SPLINE_CURVE_WITH_KNOTS('',3,(#8633,#8634,#8635,#8636,#8637,#8638,
#8639,#8640,#8641,#8642,#8643,#8644,#8645,#8646,#8647,#8648,#8649,#8650),
 .UNSPECIFIED.,.F.,.F.,(4,2,2,2,2,2,2,2,4),(0.857397925645025,0.964570845967328,
1.07174376628963,1.17894004430982,1.28613632233,1.39329675180494,1.50045718127987,
1.60762651607588,1.71479585087188),.UNSPECIFIED.);
#227=B_SPLINE_CURVE_WITH_KNOTS('',3,(#8651,#8652,#8653,#8654,#8655,#8656,
#8657,#8658,#8659,#8660,#8661,#8662,#8663,#8664,#8665,#8666,#8667,#8668),
 .UNSPECIFIED.,.F.,.F.,(4,2,2,2,2,2,2,2,4),(1.71479585087188,1.82196086109817,
1.92912587132447,2.03629062542988,2.1434553795353,2.25064390217486,2.35783242481443,
2.46501310066567,2.57219377651691),.UNSPECIFIED.);
#228=B_SPLINE_CURVE_WITH_KNOTS('',3,(#8671,#8672,#8673,#8674,#8675,#8676,
#8677,#8678,#8679,#8680,#8681,#8682,#8683,#8684,#8685,#8686,#8687,#8688),
 .UNSPECIFIED.,.F.,.F.,(4,2,2,2,2,2,2,2,4),(0.85739792522686,0.964570845549163,
1.07174376587147,1.17894004389165,1.28613632191184,1.39329675138677,1.50045718086171,
1.60762651565771,1.71479585045372),.UNSPECIFIED.);
#229=B_SPLINE_CURVE_WITH_KNOTS('',3,(#8689,#8690,#8691,#8692,#8693,#8694,
#8695,#8696,#8697,#8698,#8699,#8700,#8701,#8702,#8703,#8704,#8705,#8706),
 .UNSPECIFIED.,.F.,.F.,(4,2,2,2,2,2,2,2,4),(1.71479585045372,1.82196518524973,
1.92913452004573,2.03629494952067,2.1434553789956,2.25065165701579,2.35784793503597,
2.46502085535828,2.57219377568058),.UNSPECIFIED.);
#230=B_SPLINE_CURVE_WITH_KNOTS('',3,(#8709,#8710,#8711,#8712,#8713,#8714,
#8715,#8716,#8717,#8718,#8719,#8720,#8721,#8722,#8723,#8724,#8725,#8726),
 .UNSPECIFIED.,.F.,.F.,(4,2,2,2,2,2,2,2,4),(0.857397925226859,0.964567260022865,
1.07173659481887,1.17889702429381,1.28605745376874,1.39325373178893,1.50045000980911,
1.60762293013142,1.71479585045372),.UNSPECIFIED.);
#231=B_SPLINE_CURVE_WITH_KNOTS('',3,(#8727,#8728,#8729,#8730,#8731,#8732,
#8733,#8734,#8735,#8736,#8737,#8738,#8739,#8740,#8741,#8742,#8743,#8744),
 .UNSPECIFIED.,.F.,.F.,(4,2,2,2,2,2,2,2,4),(1.71479585045372,1.82196877077602,
1.92914169109832,2.03633796911851,2.1435342471387,2.25069467661363,2.35785510608857,
2.46502444088457,2.57219377568058),.UNSPECIFIED.);
#232=B_SPLINE_CURVE_WITH_KNOTS('',3,(#8747,#8748,#8749,#8750,#8751,#8752,
#8753,#8754,#8755,#8756,#8757,#8758,#8759,#8760,#8761,#8762,#8763,#8764),
 .UNSPECIFIED.,.F.,.F.,(4,2,2,2,2,2,2,2,4),(0.857397925645031,0.964567260441036,
1.07173659523704,1.17889702471198,1.28605745418691,1.3932537322071,1.50045001022728,
1.60762293054958,1.71479585087189),.UNSPECIFIED.);
#233=B_SPLINE_CURVE_WITH_KNOTS('',3,(#8765,#8766,#8767,#8768,#8769,#8770,
#8771,#8772,#8773,#8774,#8775,#8776,#8777,#8778,#8779,#8780,#8781,#8782),
 .UNSPECIFIED.,.F.,.F.,(4,2,2,2,2,2,2,2,4),(1.71479585087189,1.82197652672313,
1.92915720257437,2.03634572521393,2.14353424785349,2.25069900195891,2.35786375606433,
2.46502876629062,2.57219377651692),.UNSPECIFIED.);
#234=B_SPLINE_CURVE_WITH_KNOTS('',3,(#8785,#8786,#8787,#8788,#8789,#8790,
#8791,#8792,#8793,#8794,#8795,#8796,#8797,#8798,#8799,#8800,#8801,#8802),
 .UNSPECIFIED.,.F.,.F.,(4,2,2,2,2,2,2,2,4),(0.857397925226861,0.964567260022867,
1.07173659481887,1.17889702429381,1.28605745376874,1.39325373178893,1.50045000980911,
1.60762293013142,1.71479585045372),.UNSPECIFIED.);
#235=B_SPLINE_CURVE_WITH_KNOTS('',3,(#8803,#8804,#8805,#8806,#8807,#8808,
#8809,#8810,#8811,#8812,#8813,#8814,#8815,#8816,#8817,#8818,#8819,#8820),
 .UNSPECIFIED.,.F.,.F.,(4,2,2,2,2,2,2,2,4),(1.71479585045372,1.82196877077602,
1.92914169109833,2.03633796911851,2.1435342471387,2.25069467661363,2.35785510608857,
2.46502444088458,2.57219377568058),.UNSPECIFIED.);
#236=B_SPLINE_CURVE_WITH_KNOTS('',3,(#8823,#8824,#8825,#8826,#8827,#8828,
#8829,#8830,#8831,#8832,#8833,#8834,#8835,#8836,#8837,#8838,#8839,#8840),
 .UNSPECIFIED.,.F.,.F.,(4,2,2,2,2,2,2,2,4),(0.857397925226858,0.964570845549161,
1.07174376587146,1.17894004389165,1.28613632191183,1.39329675138677,1.5004571808617,
1.60762651565771,1.71479585045372),.UNSPECIFIED.);
#237=B_SPLINE_CURVE_WITH_KNOTS('',3,(#8841,#8842,#8843,#8844,#8845,#8846,
#8847,#8848,#8849,#8850,#8851,#8852,#8853,#8854,#8855,#8856,#8857,#8858),
 .UNSPECIFIED.,.F.,.F.,(4,2,2,2,2,2,2,2,4),(1.71479585045372,1.82196518524972,
1.92913452004573,2.03629494952066,2.1434553789956,2.25065165701578,2.35784793503597,
2.46502085535827,2.57219377568057),.UNSPECIFIED.);
#238=B_SPLINE_CURVE_WITH_KNOTS('',3,(#8861,#8862,#8863,#8864,#8865,#8866,
#8867,#8868,#8869,#8870,#8871,#8872,#8873,#8874,#8875,#8876,#8877,#8878),
 .UNSPECIFIED.,.F.,.F.,(4,2,2,2,2,2,2,2,4),(0.857397925645027,0.964570845967329,
1.07174376628963,1.17894004430982,1.28613632233,1.39329675180494,1.50045718127987,
1.60762651607588,1.71479585087188),.UNSPECIFIED.);
#239=B_SPLINE_CURVE_WITH_KNOTS('',3,(#8879,#8880,#8881,#8882,#8883,#8884,
#8885,#8886,#8887,#8888,#8889,#8890,#8891,#8892,#8893,#8894,#8895,#8896),
 .UNSPECIFIED.,.F.,.F.,(4,2,2,2,2,2,2,2,4),(1.71479585087188,1.82196086109817,
1.92912587132447,2.03629062542988,2.1434553795353,2.25064390217486,2.35783242481443,
2.46501310066567,2.57219377651691),.UNSPECIFIED.);
#240=B_SPLINE_CURVE_WITH_KNOTS('',3,(#8899,#8900,#8901,#8902,#8903,#8904,
#8905,#8906,#8907,#8908,#8909,#8910,#8911,#8912,#8913,#8914,#8915,#8916),
 .UNSPECIFIED.,.F.,.F.,(4,2,2,2,2,2,2,2,4),(0.857397925226859,0.964570845549162,
1.07174376587147,1.17894004389165,1.28613632191183,1.39329675138677,1.50045718086171,
1.60762651565771,1.71479585045372),.UNSPECIFIED.);
#241=B_SPLINE_CURVE_WITH_KNOTS('',3,(#8917,#8918,#8919,#8920,#8921,#8922,
#8923,#8924,#8925,#8926,#8927,#8928,#8929,#8930,#8931,#8932,#8933,#8934),
 .UNSPECIFIED.,.F.,.F.,(4,2,2,2,2,2,2,2,4),(1.71479585045372,1.82196518524972,
1.92913452004573,2.03629494952067,2.1434553789956,2.25065165701579,2.35784793503597,
2.46502085535827,2.57219377568058),.UNSPECIFIED.);
#242=B_SPLINE_CURVE_WITH_KNOTS('',3,(#8937,#8938,#8939,#8940,#8941,#8942,
#8943,#8944,#8945,#8946,#8947,#8948,#8949,#8950,#8951,#8952,#8953,#8954),
 .UNSPECIFIED.,.F.,.F.,(4,2,2,2,2,2,2,2,4),(0.857397925226859,0.964567260022865,
1.07173659481887,1.17889702429381,1.28605745376874,1.39325373178893,1.50045000980911,
1.60762293013141,1.71479585045372),.UNSPECIFIED.);
#243=B_SPLINE_CURVE_WITH_KNOTS('',3,(#8955,#8956,#8957,#8958,#8959,#8960,
#8961,#8962,#8963,#8964,#8965,#8966,#8967,#8968,#8969,#8970,#8971,#8972),
 .UNSPECIFIED.,.F.,.F.,(4,2,2,2,2,2,2,2,4),(1.71479585045372,1.82196877077602,
1.92914169109832,2.03633796911851,2.14353424713869,2.25069467661363,2.35785510608856,
2.46502444088457,2.57219377568058),.UNSPECIFIED.);
#244=B_SPLINE_CURVE_WITH_KNOTS('',3,(#8975,#8976,#8977,#8978,#8979,#8980,
#8981,#8982,#8983,#8984,#8985,#8986,#8987,#8988,#8989,#8990,#8991,#8992),
 .UNSPECIFIED.,.F.,.F.,(4,2,2,2,2,2,2,2,4),(0.857397925645026,0.964567260441031,
1.07173659523704,1.17889702471197,1.28605745418691,1.39325373220709,1.50045001022728,
1.60762293054958,1.71479585087188),.UNSPECIFIED.);
#245=B_SPLINE_CURVE_WITH_KNOTS('',3,(#8993,#8994,#8995,#8996,#8997,#8998,
#8999,#9000,#9001,#9002,#9003,#9004,#9005,#9006,#9007,#9008,#9009,#9010),
 .UNSPECIFIED.,.F.,.F.,(4,2,2,2,2,2,2,2,4),(1.71479585087188,1.82197652672312,
1.92915720257436,2.03634572521393,2.14353424785349,2.25069900195891,2.35786375606432,
2.46502876629062,2.57219377651691),.UNSPECIFIED.);
#246=B_SPLINE_CURVE_WITH_KNOTS('',3,(#9013,#9014,#9015,#9016,#9017,#9018,
#9019,#9020,#9021,#9022,#9023,#9024,#9025,#9026,#9027,#9028,#9029,#9030),
 .UNSPECIFIED.,.F.,.F.,(4,2,2,2,2,2,2,2,4),(0.85739792522686,0.964567260022866,
1.07173659481887,1.17889702429381,1.28605745376874,1.39325373178893,1.50045000980911,
1.60762293013142,1.71479585045372),.UNSPECIFIED.);
#247=B_SPLINE_CURVE_WITH_KNOTS('',3,(#9031,#9032,#9033,#9034,#9035,#9036,
#9037,#9038,#9039,#9040,#9041,#9042,#9043,#9044,#9045,#9046,#9047,#9048),
 .UNSPECIFIED.,.F.,.F.,(4,2,2,2,2,2,2,2,4),(1.71479585045372,1.82196877077602,
1.92914169109833,2.03633796911851,2.1435342471387,2.25069467661363,2.35785510608857,
2.46502444088457,2.57219377568058),.UNSPECIFIED.);
#248=B_SPLINE_CURVE_WITH_KNOTS('',3,(#9051,#9052,#9053,#9054,#9055,#9056,
#9057,#9058,#9059,#9060,#9061,#9062,#9063,#9064,#9065,#9066,#9067,#9068),
 .UNSPECIFIED.,.F.,.F.,(4,2,2,2,2,2,2,2,4),(0.857397925226859,0.964570845549162,
1.07174376587147,1.17894004389165,1.28613632191184,1.39329675138677,1.50045718086171,
1.60762651565771,1.71479585045372),.UNSPECIFIED.);
#249=B_SPLINE_CURVE_WITH_KNOTS('',3,(#9069,#9070,#9071,#9072,#9073,#9074,
#9075,#9076,#9077,#9078,#9079,#9080,#9081,#9082,#9083,#9084,#9085,#9086),
 .UNSPECIFIED.,.F.,.F.,(4,2,2,2,2,2,2,2,4),(1.71479585045372,1.82196518524972,
1.92913452004573,2.03629494952067,2.1434553789956,2.25065165701579,2.35784793503597,
2.46502085535827,2.57219377568058),.UNSPECIFIED.);
#250=B_SPLINE_CURVE_WITH_KNOTS('',3,(#9089,#9090,#9091,#9092,#9093,#9094,
#9095,#9096,#9097,#9098,#9099,#9100,#9101,#9102,#9103,#9104,#9105,#9106),
 .UNSPECIFIED.,.F.,.F.,(4,2,2,2,2,2,2,2,4),(0.857397925645026,0.964570845967329,
1.07174376628963,1.17894004430982,1.28613632233,1.39329675180494,1.50045718127987,
1.60762651607588,1.71479585087188),.UNSPECIFIED.);
#251=B_SPLINE_CURVE_WITH_KNOTS('',3,(#9107,#9108,#9109,#9110,#9111,#9112,
#9113,#9114,#9115,#9116,#9117,#9118,#9119,#9120,#9121,#9122,#9123,#9124),
 .UNSPECIFIED.,.F.,.F.,(4,2,2,2,2,2,2,2,4),(1.71479585087188,1.82196086109818,
1.92912587132447,2.03629062542988,2.1434553795353,2.25064390217486,2.35783242481443,
2.46501310066567,2.57219377651691),.UNSPECIFIED.);
#252=B_SPLINE_CURVE_WITH_KNOTS('',3,(#9127,#9128,#9129,#9130,#9131,#9132,
#9133,#9134,#9135,#9136,#9137,#9138,#9139,#9140,#9141,#9142,#9143,#9144),
 .UNSPECIFIED.,.F.,.F.,(4,2,2,2,2,2,2,2,4),(0.85739792522686,0.964570845549164,
1.07174376587147,1.17894004389165,1.28613632191184,1.39329675138677,1.50045718086171,
1.60762651565771,1.71479585045372),.UNSPECIFIED.);
#253=B_SPLINE_CURVE_WITH_KNOTS('',3,(#9145,#9146,#9147,#9148,#9149,#9150,
#9151,#9152,#9153,#9154,#9155,#9156,#9157,#9158,#9159,#9160,#9161,#9162),
 .UNSPECIFIED.,.F.,.F.,(4,2,2,2,2,2,2,2,4),(1.71479585045372,1.82196518524973,
1.92913452004573,2.03629494952067,2.1434553789956,2.25065165701579,2.35784793503597,
2.46502085535828,2.57219377568058),.UNSPECIFIED.);
#254=B_SPLINE_CURVE_WITH_KNOTS('',3,(#9165,#9166,#9167,#9168,#9169,#9170,
#9171,#9172,#9173,#9174,#9175,#9176,#9177,#9178,#9179,#9180,#9181,#9182),
 .UNSPECIFIED.,.F.,.F.,(4,2,2,2,2,2,2,2,4),(0.857397925226858,0.964567260022864,
1.07173659481887,1.17889702429381,1.28605745376874,1.39325373178893,1.50045000980911,
1.60762293013141,1.71479585045372),.UNSPECIFIED.);
#255=B_SPLINE_CURVE_WITH_KNOTS('',3,(#9183,#9184,#9185,#9186,#9187,#9188,
#9189,#9190,#9191,#9192,#9193,#9194,#9195,#9196,#9197,#9198,#9199,#9200),
 .UNSPECIFIED.,.F.,.F.,(4,2,2,2,2,2,2,2,4),(1.71479585045372,1.82196877077602,
1.92914169109832,2.03633796911851,2.14353424713869,2.25069467661363,2.35785510608856,
2.46502444088457,2.57219377568057),.UNSPECIFIED.);
#256=B_SPLINE_CURVE_WITH_KNOTS('',3,(#9203,#9204,#9205,#9206,#9207,#9208,
#9209,#9210,#9211,#9212,#9213,#9214,#9215,#9216,#9217,#9218,#9219,#9220),
 .UNSPECIFIED.,.F.,.F.,(4,2,2,2,2,2,2,2,4),(0.857397925645026,0.964567260441031,
1.07173659523704,1.17889702471197,1.28605745418691,1.39325373220709,1.50045001022728,
1.60762293054958,1.71479585087188),.UNSPECIFIED.);
#257=B_SPLINE_CURVE_WITH_KNOTS('',3,(#9221,#9222,#9223,#9224,#9225,#9226,
#9227,#9228,#9229,#9230,#9231,#9232,#9233,#9234,#9235,#9236,#9237,#9238),
 .UNSPECIFIED.,.F.,.F.,(4,2,2,2,2,2,2,2,4),(1.71479585087188,1.82197652672312,
1.92915720257436,2.03634572521392,2.14353424785349,2.25069900195891,2.35786375606432,
2.46502876629062,2.57219377651691),.UNSPECIFIED.);
#258=B_SPLINE_CURVE_WITH_KNOTS('',3,(#9241,#9242,#9243,#9244,#9245,#9246,
#9247,#9248,#9249,#9250,#9251,#9252,#9253,#9254,#9255,#9256,#9257,#9258),
 .UNSPECIFIED.,.F.,.F.,(4,2,2,2,2,2,2,2,4),(0.857397925226859,0.964567260022865,
1.07173659481887,1.17889702429381,1.28605745376874,1.39325373178893,1.50045000980911,
1.60762293013141,1.71479585045372),.UNSPECIFIED.);
#259=B_SPLINE_CURVE_WITH_KNOTS('',3,(#9259,#9260,#9261,#9262,#9263,#9264,
#9265,#9266,#9267,#9268,#9269,#9270,#9271,#9272,#9273,#9274,#9275,#9276),
 .UNSPECIFIED.,.F.,.F.,(4,2,2,2,2,2,2,2,4),(1.71479585045372,1.82196877077602,
1.92914169109832,2.03633796911851,2.14353424713869,2.25069467661363,2.35785510608856,
2.46502444088457,2.57219377568058),.UNSPECIFIED.);
#260=B_SPLINE_CURVE_WITH_KNOTS('',3,(#9279,#9280,#9281,#9282,#9283,#9284,
#9285,#9286,#9287,#9288,#9289,#9290,#9291,#9292,#9293,#9294,#9295,#9296),
 .UNSPECIFIED.,.F.,.F.,(4,2,2,2,2,2,2,2,4),(0.857397925226859,0.964570845549162,
1.07174376587146,1.17894004389165,1.28613632191184,1.39329675138677,1.50045718086171,
1.60762651565771,1.71479585045372),.UNSPECIFIED.);
#261=B_SPLINE_CURVE_WITH_KNOTS('',3,(#9297,#9298,#9299,#9300,#9301,#9302,
#9303,#9304,#9305,#9306,#9307,#9308,#9309,#9310,#9311,#9312,#9313,#9314),
 .UNSPECIFIED.,.F.,.F.,(4,2,2,2,2,2,2,2,4),(1.71479585045372,1.82196518524972,
1.92913452004573,2.03629494952067,2.1434553789956,2.25065165701579,2.35784793503597,
2.46502085535827,2.57219377568058),.UNSPECIFIED.);
#262=B_SPLINE_CURVE_WITH_KNOTS('',3,(#9317,#9318,#9319,#9320,#9321,#9322,
#9323,#9324,#9325,#9326,#9327,#9328,#9329,#9330,#9331,#9332,#9333,#9334),
 .UNSPECIFIED.,.F.,.F.,(4,2,2,2,2,2,2,2,4),(0.857397925645025,0.964570845967328,
1.07174376628963,1.17894004430982,1.28613632233,1.39329675180494,1.50045718127987,
1.60762651607588,1.71479585087188),.UNSPECIFIED.);
#263=B_SPLINE_CURVE_WITH_KNOTS('',3,(#9335,#9336,#9337,#9338,#9339,#9340,
#9341,#9342,#9343,#9344,#9345,#9346,#9347,#9348,#9349,#9350,#9351,#9352),
 .UNSPECIFIED.,.F.,.F.,(4,2,2,2,2,2,2,2,4),(1.71479585087188,1.82196086109817,
1.92912587132447,2.03629062542988,2.1434553795353,2.25064390217486,2.35783242481443,
2.46501310066567,2.57219377651691),.UNSPECIFIED.);
#264=B_SPLINE_CURVE_WITH_KNOTS('',3,(#9355,#9356,#9357,#9358,#9359,#9360,
#9361,#9362,#9363,#9364,#9365,#9366,#9367,#9368,#9369,#9370,#9371,#9372),
 .UNSPECIFIED.,.F.,.F.,(4,2,2,2,2,2,2,2,4),(0.85739792522686,0.964570845549164,
1.07174376587147,1.17894004389165,1.28613632191184,1.39329675138677,1.50045718086171,
1.60762651565771,1.71479585045372),.UNSPECIFIED.);
#265=B_SPLINE_CURVE_WITH_KNOTS('',3,(#9373,#9374,#9375,#9376,#9377,#9378,
#9379,#9380,#9381,#9382,#9383,#9384,#9385,#9386,#9387,#9388,#9389,#9390),
 .UNSPECIFIED.,.F.,.F.,(4,2,2,2,2,2,2,2,4),(1.71479585045372,1.82196518524973,
1.92913452004573,2.03629494952067,2.1434553789956,2.25065165701579,2.35784793503597,
2.46502085535828,2.57219377568058),.UNSPECIFIED.);
#266=B_SPLINE_CURVE_WITH_KNOTS('',3,(#9393,#9394,#9395,#9396,#9397,#9398,
#9399,#9400,#9401,#9402,#9403,#9404,#9405,#9406,#9407,#9408,#9409,#9410),
 .UNSPECIFIED.,.F.,.F.,(4,2,2,2,2,2,2,2,4),(0.857397925226859,0.964567260022865,
1.07173659481887,1.17889702429381,1.28605745376874,1.39325373178893,1.50045000980911,
1.60762293013141,1.71479585045372),.UNSPECIFIED.);
#267=B_SPLINE_CURVE_WITH_KNOTS('',3,(#9411,#9412,#9413,#9414,#9415,#9416,
#9417,#9418,#9419,#9420,#9421,#9422,#9423,#9424,#9425,#9426,#9427,#9428),
 .UNSPECIFIED.,.F.,.F.,(4,2,2,2,2,2,2,2,4),(1.71479585045372,1.82196877077602,
1.92914169109832,2.03633796911851,2.14353424713869,2.25069467661363,2.35785510608856,
2.46502444088457,2.57219377568058),.UNSPECIFIED.);
#268=B_SPLINE_CURVE_WITH_KNOTS('',3,(#9431,#9432,#9433,#9434,#9435,#9436,
#9437,#9438,#9439,#9440,#9441,#9442,#9443,#9444,#9445,#9446,#9447,#9448),
 .UNSPECIFIED.,.F.,.F.,(4,2,2,2,2,2,2,2,4),(0.857397925645031,0.964567260441036,
1.07173659523704,1.17889702471198,1.28605745418691,1.3932537322071,1.50045001022728,
1.60762293054958,1.71479585087189),.UNSPECIFIED.);
#269=B_SPLINE_CURVE_WITH_KNOTS('',3,(#9449,#9450,#9451,#9452,#9453,#9454,
#9455,#9456,#9457,#9458,#9459,#9460,#9461,#9462,#9463,#9464,#9465,#9466),
 .UNSPECIFIED.,.F.,.F.,(4,2,2,2,2,2,2,2,4),(1.71479585087189,1.82197652672313,
1.92915720257437,2.03634572521393,2.14353424785349,2.25069900195891,2.35786375606433,
2.46502876629062,2.57219377651692),.UNSPECIFIED.);
#270=B_SPLINE_CURVE_WITH_KNOTS('',3,(#9469,#9470,#9471,#9472,#9473,#9474,
#9475,#9476,#9477,#9478,#9479,#9480,#9481,#9482,#9483,#9484,#9485,#9486),
 .UNSPECIFIED.,.F.,.F.,(4,2,2,2,2,2,2,2,4),(0.85739792522686,0.964567260022866,
1.07173659481887,1.17889702429381,1.28605745376874,1.39325373178893,1.50045000980911,
1.60762293013142,1.71479585045372),.UNSPECIFIED.);
#271=B_SPLINE_CURVE_WITH_KNOTS('',3,(#9487,#9488,#9489,#9490,#9491,#9492,
#9493,#9494,#9495,#9496,#9497,#9498,#9499,#9500,#9501,#9502,#9503,#9504),
 .UNSPECIFIED.,.F.,.F.,(4,2,2,2,2,2,2,2,4),(1.71479585045372,1.82196877077602,
1.92914169109833,2.03633796911851,2.1435342471387,2.25069467661363,2.35785510608857,
2.46502444088457,2.57219377568058),.UNSPECIFIED.);
#272=B_SPLINE_CURVE_WITH_KNOTS('',3,(#9507,#9508,#9509,#9510,#9511,#9512,
#9513,#9514,#9515,#9516,#9517,#9518,#9519,#9520,#9521,#9522,#9523,#9524),
 .UNSPECIFIED.,.F.,.F.,(4,2,2,2,2,2,2,2,4),(0.857397925226858,0.964570845549161,
1.07174376587146,1.17894004389165,1.28613632191183,1.39329675138677,1.5004571808617,
1.60762651565771,1.71479585045372),.UNSPECIFIED.);
#273=B_SPLINE_CURVE_WITH_KNOTS('',3,(#9525,#9526,#9527,#9528,#9529,#9530,
#9531,#9532,#9533,#9534,#9535,#9536,#9537,#9538,#9539,#9540,#9541,#9542),
 .UNSPECIFIED.,.F.,.F.,(4,2,2,2,2,2,2,2,4),(1.71479585045372,1.82196518524972,
1.92913452004573,2.03629494952066,2.1434553789956,2.25065165701578,2.35784793503597,
2.46502085535827,2.57219377568058),.UNSPECIFIED.);
#274=B_SPLINE_CURVE_WITH_KNOTS('',3,(#9545,#9546,#9547,#9548,#9549,#9550,
#9551,#9552,#9553,#9554,#9555,#9556,#9557,#9558,#9559,#9560,#9561,#9562),
 .UNSPECIFIED.,.F.,.F.,(4,2,2,2,2,2,2,2,4),(0.857397925645027,0.964570845967329,
1.07174376628963,1.17894004430982,1.28613632233,1.39329675180494,1.50045718127987,
1.60762651607588,1.71479585087188),.UNSPECIFIED.);
#275=B_SPLINE_CURVE_WITH_KNOTS('',3,(#9563,#9564,#9565,#9566,#9567,#9568,
#9569,#9570,#9571,#9572,#9573,#9574,#9575,#9576,#9577,#9578,#9579,#9580),
 .UNSPECIFIED.,.F.,.F.,(4,2,2,2,2,2,2,2,4),(1.71479585087188,1.82196086109817,
1.92912587132447,2.03629062542988,2.1434553795353,2.25064390217487,2.35783242481443,
2.46501310066567,2.57219377651691),.UNSPECIFIED.);
#276=B_SPLINE_CURVE_WITH_KNOTS('',3,(#9583,#9584,#9585,#9586,#9587,#9588,
#9589,#9590,#9591,#9592,#9593,#9594,#9595,#9596,#9597,#9598,#9599,#9600),
 .UNSPECIFIED.,.F.,.F.,(4,2,2,2,2,2,2,2,4),(0.857397925226859,0.964570845549162,
1.07174376587147,1.17894004389165,1.28613632191183,1.39329675138677,1.5004571808617,
1.60762651565771,1.71479585045372),.UNSPECIFIED.);
#277=B_SPLINE_CURVE_WITH_KNOTS('',3,(#9601,#9602,#9603,#9604,#9605,#9606,
#9607,#9608,#9609,#9610,#9611,#9612,#9613,#9614,#9615,#9616,#9617,#9618),
 .UNSPECIFIED.,.F.,.F.,(4,2,2,2,2,2,2,2,4),(1.71479585045372,1.82196518524972,
1.92913452004573,2.03629494952067,2.1434553789956,2.25065165701578,2.35784793503597,
2.46502085535827,2.57219377568058),.UNSPECIFIED.);
#278=B_SPLINE_CURVE_WITH_KNOTS('',3,(#9621,#9622,#9623,#9624,#9625,#9626,
#9627,#9628,#9629,#9630,#9631,#9632,#9633,#9634,#9635,#9636,#9637,#9638),
 .UNSPECIFIED.,.F.,.F.,(4,2,2,2,2,2,2,2,4),(0.857397925226859,0.964567260022865,
1.07173659481887,1.17889702429381,1.28605745376874,1.39325373178893,1.50045000980911,
1.60762293013141,1.71479585045372),.UNSPECIFIED.);
#279=B_SPLINE_CURVE_WITH_KNOTS('',3,(#9639,#9640,#9641,#9642,#9643,#9644,
#9645,#9646,#9647,#9648,#9649,#9650,#9651,#9652,#9653,#9654,#9655,#9656),
 .UNSPECIFIED.,.F.,.F.,(4,2,2,2,2,2,2,2,4),(1.71479585045372,1.82196877077602,
1.92914169109832,2.03633796911851,2.14353424713869,2.25069467661363,2.35785510608856,
2.46502444088457,2.57219377568058),.UNSPECIFIED.);
#280=B_SPLINE_CURVE_WITH_KNOTS('',3,(#9659,#9660,#9661,#9662,#9663,#9664,
#9665,#9666,#9667,#9668,#9669,#9670,#9671,#9672,#9673,#9674,#9675,#9676),
 .UNSPECIFIED.,.F.,.F.,(4,2,2,2,2,2,2,2,4),(0.857397925645026,0.964567260441031,
1.07173659523704,1.17889702471197,1.28605745418691,1.39325373220709,1.50045001022728,
1.60762293054958,1.71479585087188),.UNSPECIFIED.);
#281=B_SPLINE_CURVE_WITH_KNOTS('',3,(#9677,#9678,#9679,#9680,#9681,#9682,
#9683,#9684,#9685,#9686,#9687,#9688,#9689,#9690,#9691,#9692,#9693,#9694),
 .UNSPECIFIED.,.F.,.F.,(4,2,2,2,2,2,2,2,4),(1.71479585087188,1.82197652672312,
1.92915720257436,2.03634572521393,2.14353424785349,2.25069900195891,2.35786375606432,
2.46502876629062,2.57219377651691),.UNSPECIFIED.);
#282=B_SPLINE_CURVE_WITH_KNOTS('',3,(#9697,#9698,#9699,#9700,#9701,#9702,
#9703,#9704,#9705,#9706,#9707,#9708,#9709,#9710,#9711,#9712,#9713,#9714),
 .UNSPECIFIED.,.F.,.F.,(4,2,2,2,2,2,2,2,4),(0.85739792522686,0.964567260022866,
1.07173659481887,1.17889702429381,1.28605745376874,1.39325373178893,1.50045000980911,
1.60762293013142,1.71479585045372),.UNSPECIFIED.);
#283=B_SPLINE_CURVE_WITH_KNOTS('',3,(#9715,#9716,#9717,#9718,#9719,#9720,
#9721,#9722,#9723,#9724,#9725,#9726,#9727,#9728,#9729,#9730,#9731,#9732),
 .UNSPECIFIED.,.F.,.F.,(4,2,2,2,2,2,2,2,4),(1.71479585045372,1.82196877077602,
1.92914169109833,2.03633796911851,2.1435342471387,2.25069467661363,2.35785510608857,
2.46502444088457,2.57219377568058),.UNSPECIFIED.);
#284=B_SPLINE_CURVE_WITH_KNOTS('',3,(#10176,#10177,#10178,#10179,#10180,
#10181,#10182,#10183,#10184,#10185,#10186,#10187,#10188,#10189,#10190,#10191,
#10192,#10193),.UNSPECIFIED.,.F.,.F.,(4,2,2,2,2,2,2,2,4),(0.677469824066876,
0.762147163460117,0.846824502853357,0.931502314229315,1.01618012560527,
1.10087277391215,1.18556542221902,1.27025253528178,1.35493964834454),
 .UNSPECIFIED.);
#285=B_SPLINE_CURVE_WITH_KNOTS('',3,(#10194,#10195,#10196,#10197,#10198,
#10199,#10200,#10201,#10202,#10203,#10204,#10205,#10206,#10207,#10208,#10209,
#10210,#10211),.UNSPECIFIED.,.F.,.F.,(4,2,2,2,2,2,2,2,4),(1.35493964834454,
1.43962163619559,1.52430362404665,1.60900139748546,1.69369917092426,1.77837456629798,
1.86304996167169,1.94772971704155,2.03240947241142),.UNSPECIFIED.);
#286=B_SPLINE_CURVE_WITH_KNOTS('',3,(#10214,#10215,#10216,#10217,#10218,
#10219,#10220,#10221,#10222,#10223,#10224,#10225,#10226,#10227,#10228,#10229,
#10230,#10231),.UNSPECIFIED.,.F.,.F.,(4,2,2,2,2,2,2,2,4),(0.677469824066878,
0.762149579436743,0.846829334806607,0.931504730180319,1.01618012555403,
1.10087789899284,1.18557567243165,1.2702576602827,1.35493964813376),
 .UNSPECIFIED.);
#287=B_SPLINE_CURVE_WITH_KNOTS('',3,(#10232,#10233,#10234,#10235,#10236,
#10237,#10238,#10239,#10240,#10241,#10242,#10243,#10244,#10245,#10246,#10247,
#10248,#10249),.UNSPECIFIED.,.F.,.F.,(4,2,2,2,2,2,2,2,4),(1.35493964813376,
1.43962163598481,1.52430362383586,1.60900139727467,1.69369917071348,1.77837456608719,
1.8630499614609,1.94772971683077,2.03240947220063),.UNSPECIFIED.);
#288=B_SPLINE_CURVE_WITH_KNOTS('',3,(#10252,#10253,#10254,#10255,#10256,
#10257,#10258,#10259,#10260,#10261,#10262,#10263,#10264,#10265,#10266,#10267,
#10268,#10269),.UNSPECIFIED.,.F.,.F.,(4,2,2,2,2,2,2,2,4),(0.677469824066878,
0.762149579436743,0.846829334806607,0.931504730180319,1.01618012555403,
1.10087789899284,1.18557567243165,1.2702576602827,1.35493964813376),
 .UNSPECIFIED.);
#289=B_SPLINE_CURVE_WITH_KNOTS('',3,(#10270,#10271,#10272,#10273,#10274,
#10275,#10276,#10277,#10278,#10279,#10280,#10281,#10282,#10283,#10284,#10285,
#10286,#10287),.UNSPECIFIED.,.F.,.F.,(4,2,2,2,2,2,2,2,4),(1.35493964813376,
1.43962163598481,1.52430362383587,1.60900139727467,1.69369917071348,1.77837456608719,
1.8630499614609,1.94772971683077,2.03240947220063),.UNSPECIFIED.);
#290=B_SPLINE_CURVE_WITH_KNOTS('',3,(#10290,#10291,#10292,#10293,#10294,
#10295,#10296,#10297,#10298,#10299,#10300,#10301,#10302,#10303,#10304,#10305,
#10306,#10307),.UNSPECIFIED.,.F.,.F.,(4,2,2,2,2,2,2,2,4),(0.677469824066874,
0.762156937129635,0.846844050192395,0.931536698499267,1.01622934680614,
1.1009071581821,1.18558496955805,1.27026230895129,1.35493964834454),
 .UNSPECIFIED.);
#291=B_SPLINE_CURVE_WITH_KNOTS('',3,(#10308,#10309,#10310,#10311,#10312,
#10313,#10314,#10315,#10316,#10317,#10318,#10319,#10320,#10321,#10322,#10323,
#10324,#10325),.UNSPECIFIED.,.F.,.F.,(4,2,2,2,2,2,2,2,4),(1.35493964834454,
1.4396194037144,1.52429915908427,1.60897455445798,1.69364994983169,1.77834772327049,
1.8630454967093,1.94772748456035,2.03240947241141),.UNSPECIFIED.);
#292=B_SPLINE_CURVE_WITH_KNOTS('',3,(#10328,#10329,#10330,#10331,#10332,
#10333,#10334,#10335,#10336,#10337,#10338,#10339,#10340,#10341,#10342,#10343,
#10344,#10345),.UNSPECIFIED.,.F.,.F.,(4,2,2,2,2,2,2,2,4),(0.677469824066876,
0.762151811917931,0.846833799768987,0.931531573207793,1.0162293466466,1.10090474202031,
1.18558013739402,1.27025989276389,1.35493964813375),.UNSPECIFIED.);
#293=B_SPLINE_CURVE_WITH_KNOTS('',3,(#10346,#10347,#10348,#10349,#10350,
#10351,#10352,#10353,#10354,#10355,#10356,#10357,#10358,#10359,#10360,#10361,
#10362,#10363),.UNSPECIFIED.,.F.,.F.,(4,2,2,2,2,2,2,2,4),(1.35493964813375,
1.43961940350362,1.52429915887348,1.60897455424719,1.6936499496209,1.77834772305971,
1.86304549649852,1.94772748434957,2.03240947220063),.UNSPECIFIED.);
#294=B_SPLINE_CURVE_WITH_KNOTS('',3,(#10366,#10367,#10368,#10369,#10370,
#10371,#10372,#10373,#10374,#10375,#10376,#10377,#10378,#10379,#10380,#10381,
#10382,#10383),.UNSPECIFIED.,.F.,.F.,(4,2,2,2,2,2,2,2,4),(0.677469824066876,
0.762151811917931,0.846833799768985,0.931531573207792,1.0162293466466,1.10090474202031,
1.18558013739402,1.27025989276389,1.35493964813375),.UNSPECIFIED.);
#295=B_SPLINE_CURVE_WITH_KNOTS('',3,(#10384,#10385,#10386,#10387,#10388,
#10389,#10390,#10391,#10392,#10393,#10394,#10395,#10396,#10397,#10398,#10399,
#10400,#10401),.UNSPECIFIED.,.F.,.F.,(4,2,2,2,2,2,2,2,4),(1.35493964813375,
1.43961940350362,1.52429915887348,1.60897455424719,1.6936499496209,1.77834772305971,
1.86304549649852,1.94772748434957,2.03240947220063),.UNSPECIFIED.);
#296=B_SPLINE_CURVE_WITH_KNOTS('',3,(#10404,#10405,#10406,#10407,#10408,
#10409,#10410,#10411,#10412,#10413,#10414,#10415,#10416,#10417,#10418,#10419,
#10420,#10421),.UNSPECIFIED.,.F.,.F.,(4,2,2,2,2,2,2,2,4),(-5.74774232634323,
-5.38850664958895,-5.02927097283468,-4.67003885879606,-4.31080674475744,
-3.9515746307188,-3.59234251668017,-3.23310683992589,-2.87387116317162),
 .UNSPECIFIED.);
#297=B_SPLINE_CURVE_WITH_KNOTS('',3,(#10425,#10426,#10427,#10428,#10429,
#10430,#10431,#10432,#10433,#10434,#10435,#10436,#10437,#10438,#10439,#10440,
#10441,#10442),.UNSPECIFIED.,.F.,.F.,(4,2,2,2,2,2,2,2,4),(-2.87387116317162,
-2.51463548641734,-2.15539980966306,-1.79616769562443,-1.4369355815858,
-1.07770346754718,-0.718471353508556,-0.359235676754278,0.),
 .UNSPECIFIED.);
#298=B_SPLINE_CURVE_WITH_KNOTS('',3,(#10446,#10447,#10448,#10449,#10450,
#10451,#10452,#10453,#10454,#10455,#10456,#10457,#10458,#10459,#10460,#10461,
#10462,#10463),.UNSPECIFIED.,.F.,.F.,(4,2,2,2,2,2,2,2,4),(-5.74774232634323,
-5.38850664958895,-5.02927097283468,-4.67003885879606,-4.31080674475744,
-3.9515746307188,-3.59234251668017,-3.23310683992589,-2.87387116317162),
 .UNSPECIFIED.);
#299=B_SPLINE_CURVE_WITH_KNOTS('',3,(#10467,#10468,#10469,#10470,#10471,
#10472,#10473,#10474,#10475,#10476,#10477,#10478,#10479,#10480,#10481,#10482,
#10483,#10484),.UNSPECIFIED.,.F.,.F.,(4,2,2,2,2,2,2,2,4),(-2.87387116317162,
-2.51463548641734,-2.15539980966306,-1.79616769562443,-1.4369355815858,
-1.07770346754718,-0.718471353508555,-0.359235676754277,0.),
 .UNSPECIFIED.);
#300=B_SPLINE_CURVE_WITH_KNOTS('',3,(#10488,#10489,#10490,#10491,#10492,
#10493,#10494,#10495,#10496,#10497,#10498,#10499,#10500,#10501,#10502,#10503,
#10504,#10505),.UNSPECIFIED.,.F.,.F.,(4,2,2,2,2,2,2,2,4),(-5.74774232634323,
-5.38850664958896,-5.02927097283468,-4.67003885879606,-4.31080674475743,
-3.95157463071881,-3.59234251668018,-3.2331068399259,-2.87387116317161),
 .UNSPECIFIED.);
#301=B_SPLINE_CURVE_WITH_KNOTS('',3,(#10509,#10510,#10511,#10512,#10513,
#10514,#10515,#10516,#10517,#10518,#10519,#10520,#10521,#10522,#10523,#10524,
#10525,#10526),.UNSPECIFIED.,.F.,.F.,(4,2,2,2,2,2,2,2,4),(-2.87387116317162,
-2.51463548641734,-2.15539980966306,-1.79616769562443,-1.4369355815858,
-1.07770346754718,-0.718471353508557,-0.359235676754278,0.),
 .UNSPECIFIED.);
#302=B_SPLINE_CURVE_WITH_KNOTS('',3,(#10541,#10542,#10543,#10544,#10545,
#10546,#10547,#10548,#10549,#10550,#10551,#10552,#10553,#10554,#10555,#10556,
#10557,#10558),.UNSPECIFIED.,.F.,.F.,(4,2,2,2,2,2,2,2,4),(-5.74759655964761,
-5.388370066372,-5.02914357309639,-4.66992049641605,-4.31069741973571,-3.95147434305537,
-3.59225126637503,-3.23302477309942,-2.87379827982381),.UNSPECIFIED.);
#303=B_SPLINE_CURVE_WITH_KNOTS('',3,(#10561,#10562,#10563,#10564,#10565,
#10566,#10567,#10568,#10569,#10570,#10571,#10572,#10573,#10574,#10575,#10576,
#10577,#10578),.UNSPECIFIED.,.F.,.F.,(4,2,2,2,2,2,2,2,4),(-2.8737982798238,
-2.51457178654819,-2.15534529327258,-1.79612221659224,-1.4368991399119,
-1.07767606323156,-0.718452986551222,-0.359226493275611,0.),
 .UNSPECIFIED.);
#304=B_SPLINE_CURVE_WITH_KNOTS('',3,(#10583,#10584,#10585,#10586,#10587,
#10588,#10589,#10590,#10591,#10592,#10593,#10594,#10595,#10596,#10597,#10598,
#10599,#10600),.UNSPECIFIED.,.F.,.F.,(4,2,2,2,2,2,2,2,4),(-5.74759655964761,
-5.388370066372,-5.02914357309639,-4.66992049641605,-4.31069741973571,-3.95147434305537,
-3.59225126637503,-3.23302477309942,-2.87379827982381),.UNSPECIFIED.);
#305=B_SPLINE_CURVE_WITH_KNOTS('',3,(#10603,#10604,#10605,#10606,#10607,
#10608,#10609,#10610,#10611,#10612,#10613,#10614,#10615,#10616,#10617,#10618,
#10619,#10620),.UNSPECIFIED.,.F.,.F.,(4,2,2,2,2,2,2,2,4),(-2.87379827982381,
-2.5145717865482,-2.15534529327258,-1.79612221659224,-1.4368991399119,-1.07767606323156,
-0.718452986551223,-0.359226493275611,0.),.UNSPECIFIED.);
#306=B_SPLINE_CURVE_WITH_KNOTS('',3,(#10625,#10626,#10627,#10628,#10629,
#10630,#10631,#10632,#10633,#10634,#10635,#10636,#10637,#10638,#10639,#10640,
#10641,#10642),.UNSPECIFIED.,.F.,.F.,(4,2,2,2,2,2,2,2,4),(-5.74759655964761,
-5.388370066372,-5.02914357309639,-4.66992049641605,-4.31069741973571,-3.95147434305537,
-3.59225126637503,-3.23302477309942,-2.87379827982381),.UNSPECIFIED.);
#307=B_SPLINE_CURVE_WITH_KNOTS('',3,(#10645,#10646,#10647,#10648,#10649,
#10650,#10651,#10652,#10653,#10654,#10655,#10656,#10657,#10658,#10659,#10660,
#10661,#10662),.UNSPECIFIED.,.F.,.F.,(4,2,2,2,2,2,2,2,4),(-2.87379827982381,
-2.5145717865482,-2.15534529327258,-1.79612221659224,-1.4368991399119,-1.07767606323156,
-0.718452986551223,-0.359226493275611,0.),.UNSPECIFIED.);
#308=B_SPLINE_CURVE_WITH_KNOTS('',3,(#10877,#10878,#10879,#10880,#10881,
#10882,#10883,#10884,#10885,#10886,#10887,#10888,#10889,#10890,#10891,#10892,
#10893,#10894,#10895,#10896,#10897,#10898,#10899,#10900,#10901,#10902,#10903,
#10904,#10905,#10906),.UNSPECIFIED.,.F.,.F.,(4,2,2,2,2,2,2,2,2,2,2,2,2,
2,4),(0.500135488883512,0.562635400529709,0.593885356352808,0.609510334264357,
0.625135312175906,0.656385267999005,0.672010245910554,0.687635223822104,
0.718885179645204,0.750135135468303,0.812635047114502,0.875134958760701,
0.9063849145838,0.937634870406899,1.0001347820531),.UNSPECIFIED.);
#309=B_SPLINE_CURVE_WITH_KNOTS('',3,(#10910,#10911,#10912,#10913,#10914,
#10915,#10916,#10917,#10918,#10919,#10920,#10921,#10922,#10923,#10924,#10925,
#10926,#10927,#10928,#10929,#10930,#10931,#10932,#10933,#10934,#10935,#10936,
#10937,#10938,#10939,#10940,#10941,#10942,#10943,#10944,#10945,#10946,#10947,
#10948,#10949,#10950,#10951,#10952,#10953,#10954,#10955,#10956,#10957,#10958,
#10959,#10960,#10961,#10962,#10963,#10964,#10965,#10966,#10967,#10968,#10969,
#10970,#10971,#10972,#10973,#10974,#10975,#10976,#10977,#10978,#10979,#10980,
#10981,#10982,#10983,#10984,#10985,#10986,#10987,#10988,#10989,#10990,#10991,
#10992,#10993,#10994,#10995,#10996,#10997,#10998,#10999,#11000,#11001,#11002,
#11003,#11004,#11005,#11006,#11007,#11008,#11009,#11010,#11011,#11012),
 .UNSPECIFIED.,.F.,.F.,(4,3,3,3,3,3,3,3,3,3,3,3,3,3,3,3,3,3,3,3,3,3,3,3,
3,3,3,3,3,3,3,3,3,3,4),(0.118070364177965,0.124915421776327,0.138449417095273,
0.141933811748277,0.165797259362465,0.189660706976653,0.213524154590841,
0.237387602205029,0.249319326012123,0.249874656007873,0.252302256963896,
0.25528518791567,0.261251049819216,0.282184341616369,0.285114497433404,
0.297046221240498,0.303012083144045,0.308977945047592,0.333145410662086,
0.356704840275968,0.368636564083062,0.37460242598661,0.374787642718267,
0.377585356938385,0.380568287890159,0.404431735504358,0.428295183118557,
0.440226906925657,0.446192768829206,0.452158630732756,0.476022078346955,
0.487953802154054,0.493919664057604,0.496902595009379,0.499885525960098),
 .UNSPECIFIED.);
#310=B_SPLINE_CURVE_WITH_KNOTS('',3,(#11014,#11015,#11016,#11017,#11018,
#11019,#11020,#11021,#11022,#11023,#11024,#11025,#11026,#11027,#11028,#11029,
#11030,#11031,#11032,#11033,#11034,#11035,#11036,#11037,#11038,#11039,#11040,
#11041),.UNSPECIFIED.,.F.,.F.,(4,3,3,3,3,3,3,3,3,4),(0.999913602478463,
1.00083670217854,1.00360600127985,1.0072984000816,1.0146831976851,1.0294527928921,
1.057026263736,1.0589919833061,1.08853117372009,1.11807036413409),
 .UNSPECIFIED.);
#311=B_SPLINE_CURVE_WITH_KNOTS('',3,(#11081,#11082,#11083,#11084,#11085,
#11086,#11087,#11088,#11089,#11090,#11091,#11092,#11093,#11094,#11095,#11096,
#11097,#11098,#11099,#11100,#11101,#11102,#11103,#11104,#11105,#11106,#11107,
#11108),.UNSPECIFIED.,.F.,.F.,(4,2,2,2,2,2,2,2,2,2,2,2,2,4),(0.500132374719899,
0.562632277402782,0.593882228744223,0.609507204414944,0.625132180085665,
0.656382131427106,0.672007107097827,0.687632082768548,0.750131985451429,
0.812631888134311,0.875131790817193,0.906381742158633,0.937631693500074,
1.00013159618296),.UNSPECIFIED.);
#312=B_SPLINE_CURVE_WITH_KNOTS('',3,(#11112,#11113,#11114,#11115,#11116,
#11117,#11118,#11119,#11120,#11121,#11122,#11123,#11124,#11125,#11126,#11127,
#11128,#11129,#11130,#11131,#11132,#11133,#11134,#11135,#11136,#11137,#11138,
#11139,#11140,#11141,#11142,#11143,#11144,#11145,#11146,#11147,#11148,#11149,
#11150,#11151,#11152,#11153,#11154,#11155,#11156,#11157,#11158,#11159,#11160,
#11161,#11162,#11163,#11164,#11165,#11166,#11167,#11168,#11169,#11170,#11171,
#11172,#11173,#11174,#11175,#11176,#11177,#11178,#11179,#11180,#11181,#11182,
#11183,#11184,#11185,#11186,#11187,#11188,#11189,#11190,#11191,#11192,#11193,
#11194,#11195,#11196,#11197,#11198,#11199,#11200,#11201,#11202,#11203,#11204,
#11205,#11206,#11207,#11208),.UNSPECIFIED.,.F.,.F.,(4,3,3,3,3,3,3,3,3,3,
3,3,3,3,3,3,3,3,3,3,3,3,3,3,3,3,3,3,3,3,3,3,4),(0.12536891804804,0.148776176086993,
0.172183434125947,0.199012172886204,0.218997950203853,0.242405208242807,
0.248257022752545,0.24971997637998,0.249883473077752,0.251182930007414,
0.254108837262284,0.265812466281762,0.285475494765469,0.289219724320717,
0.300923353340194,0.306775167849933,0.312626982359672,0.33604674414933,
0.359441498437583,0.37114512745706,0.37407103471193,0.374741803918338,0.375533988339365,
0.3769969419668,0.382848756476541,0.406256014515505,0.429663272554468,0.44136690157395,
0.453070530593432,0.476477788632396,0.488181417651878,0.494033232161618,
0.499885046670575),.UNSPECIFIED.);
#313=B_SPLINE_CURVE_WITH_KNOTS('',3,(#11210,#11211,#11212,#11213,#11214,
#11215,#11216,#11217,#11218,#11219,#11220,#11221,#11222,#11223,#11224,#11225,
#11226,#11227,#11228,#11229,#11230,#11231,#11232,#11233,#11234,#11235,#11236,
#11237,#11238,#11239,#11240,#11241,#11242,#11243,#11244,#11245,#11246),
 .UNSPECIFIED.,.F.,.F.,(4,3,3,3,3,3,3,3,3,3,3,3,4),(0.999908807085108,1.00088896419743,
1.00382943554823,1.00775006401597,1.01559132095144,1.03127383482238,1.04695634869333,
1.06263886256427,1.09035185624977,1.09400389030615,1.12169521879983,1.12483881284429,
1.12536891804524),.UNSPECIFIED.);
#314=B_SPLINE_CURVE_WITH_KNOTS('',3,(#11250,#11251,#11252,#11253,#11254,
#11255,#11256,#11257,#11258,#11259,#11260,#11261,#11262,#11263,#11264,#11265,
#11266,#11267,#11268,#11269,#11270,#11271,#11272,#11273,#11274,#11275,#11276,
#11277,#11278,#11279,#11280,#11281,#11282,#11283,#11284,#11285,#11286,#11287,
#11288,#11289,#11290,#11291,#11292,#11293,#11294,#11295,#11296,#11297,#11298,
#11299,#11300,#11301,#11302,#11303,#11304,#11305,#11306,#11307,#11308,#11309,
#11310,#11311,#11312,#11313,#11314,#11315,#11316,#11317,#11318,#11319,#11320,
#11321,#11322,#11323,#11324,#11325,#11326,#11327,#11328,#11329,#11330,#11331,
#11332,#11333,#11334,#11335,#11336,#11337,#11338,#11339,#11340,#11341,#11342,
#11343,#11344,#11345,#11346,#11347,#11348,#11349,#11350,#11351,#11352,#11353,
#11354,#11355,#11356,#11357,#11358,#11359,#11360,#11361,#11362,#11363,#11364,
#11365,#11366,#11367,#11368,#11369,#11370,#11371,#11372,#11373,#11374,#11375,
#11376,#11377,#11378,#11379,#11380,#11381,#11382,#11383,#11384,#11385),
 .UNSPECIFIED.,.F.,.F.,(4,3,3,3,3,3,3,3,3,3,3,3,3,3,3,3,3,3,3,3,3,3,3,3,
3,3,3,3,3,3,3,3,3,3,3,3,3,3,3,3,3,3,3,3,3,4),(0.625244110996009,0.626707644965089,
0.62817117893417,0.63109824687233,0.636952382748651,0.648660654501293,0.672077198006578,
0.695493741511862,0.707202013264504,0.718910285017146,0.720373818986227,
0.721837352955307,0.724764420893468,0.730618556769789,0.73647269264611,
0.742326828522432,0.742333945326423,0.761289121776743,0.765743372027718,
0.77745164378036,0.786232847594843,0.807584354712166,0.812576459038289,
0.813308226022829,0.81403999300737,0.81550352697645,0.818430594914609,0.824284730790929,
0.835993002543568,0.859409546048845,0.871117817801483,0.874521797727005,
0.879899021615962,0.906242633059399,0.906974400043938,0.907706167028478,
0.909169700997558,0.912096768935717,0.917950904812035,0.929659176564672,
0.94136744831731,0.947221584193629,0.953075720069948,0.972141088747229,
0.989700928672218,0.999908807080499),.UNSPECIFIED.);
#315=B_SPLINE_CURVE_WITH_KNOTS('',3,(#11388,#11389,#11390,#11391,#11392,
#11393,#11394,#11395,#11396,#11397,#11398,#11399,#11400,#11401,#11402,#11403,
#11404,#11405,#11406,#11407,#11408,#11409,#11410,#11411,#11412,#11413,#11414,
#11415,#11416,#11417,#11418,#11419,#11420,#11421),.UNSPECIFIED.,.T.,.F.,
(4,2,2,2,2,2,2,2,2,2,2,2,2,2,2,2,4),(0.,0.120157313671168,0.240314627342335,
0.360455140880268,0.480595654418201,0.600736167956134,0.720876681494067,
0.841033995165235,0.961191308836403,1.08134862250757,1.20150593617874,1.32164644971667,
1.4417869632546,1.56192747679254,1.68206799033047,1.80222530400164,1.92238261767281),
 .UNSPECIFIED.);
#316=B_SPLINE_CURVE_WITH_KNOTS('',3,(#11422,#11423,#11424,#11425,#11426,
#11427,#11428,#11429,#11430,#11431),.UNSPECIFIED.,.F.,.F.,(4,2,2,2,4),(0.,
0.108297076817655,0.122724608415348,0.139169175800578,0.22487222578839),
 .UNSPECIFIED.);
#317=B_SPLINE_CURVE_WITH_KNOTS('',3,(#11434,#11435,#11436,#11437,#11438,
#11439,#11440,#11441,#11442,#11443,#11444,#11445,#11446,#11447,#11448,#11449,
#11450,#11451,#11452,#11453,#11454,#11455,#11456,#11457,#11458,#11459,#11460,
#11461,#11462,#11463,#11464,#11465,#11466,#11467,#11468,#11469,#11470,#11471,
#11472,#11473,#11474,#11475,#11476,#11477,#11478,#11479,#11480,#11481,#11482,
#11483,#11484,#11485,#11486,#11487,#11488,#11489,#11490,#11491,#11492,#11493,
#11494,#11495,#11496,#11497,#11498,#11499,#11500,#11501,#11502,#11503,#11504,
#11505,#11506,#11507,#11508,#11509,#11510,#11511,#11512,#11513,#11514,#11515,
#11516,#11517,#11518,#11519,#11520,#11521,#11522,#11523,#11524,#11525,#11526,
#11527,#11528,#11529,#11530,#11531,#11532,#11533,#11534,#11535,#11536,#11537,
#11538,#11539,#11540,#11541,#11542,#11543,#11544,#11545,#11546,#11547,#11548,
#11549,#11550,#11551,#11552,#11553,#11554,#11555,#11556,#11557,#11558,#11559,
#11560,#11561,#11562,#11563,#11564,#11565,#11566,#11567,#11568,#11569,#11570,
#11571,#11572,#11573,#11574,#11575,#11576,#11577,#11578,#11579,#11580,#11581,
#11582,#11583,#11584,#11585,#11586,#11587),.UNSPECIFIED.,.F.,.F.,(4,3,3,
3,3,3,3,3,3,3,3,3,3,3,3,3,3,3,3,3,3,3,3,3,3,3,3,3,3,3,3,3,3,3,3,3,3,3,3,
3,3,3,3,3,3,3,3,3,3,3,3,4),(0.619079463165008,0.619823263318787,0.622054713450838,
0.625029980293573,0.626589467690978,0.630980513979044,0.642881581349984,
0.666683716091865,0.68904875730506,0.690485850833746,0.696436384519216,
0.705362185047421,0.714287985575627,0.715775618996994,0.717263252418362,
0.720238519261097,0.726189052946568,0.732139586632038,0.738090120317509,
0.741559422075359,0.760582704215863,0.761892255059392,0.773793322430333,
0.778256222694436,0.793876373618796,0.801686449080976,0.805591486812066,
0.809496524543156,0.81024034125384,0.810984157964523,0.81247179138589,0.815447058228623,
0.82139759191409,0.833298659285024,0.857100794026892,0.869001861397826,
0.874673836730112,0.877927661926027,0.904705063510628,0.905448880221311,
0.906192696931993,0.90768033035336,0.910655597196094,0.916606130881561,
0.928507198252495,0.947176016343593,0.952309332994365,0.958259866679832,
0.975149152687833,0.976111467736235,0.992376753449026,0.999913602478105),
 .UNSPECIFIED.);
#318=B_SPLINE_CURVE_WITH_KNOTS('',3,(#11590,#11591,#11592,#11593,#11594,
#11595,#11596,#11597,#11598,#11599,#11600,#11601,#11602,#11603,#11604,#11605,
#11606,#11607,#11608,#11609,#11610,#11611,#11612,#11613,#11614,#11615,#11616,
#11617,#11618,#11619,#11620,#11621,#11622,#11623),.UNSPECIFIED.,.T.,.F.,
(4,2,2,2,2,2,2,2,2,2,2,2,2,2,2,2,4),(0.,0.120157313671168,0.240314627342335,
0.360455140880269,0.480595654418202,0.600736167956135,0.720876681494068,
0.841033995165236,0.961191308836403,1.08134862250757,1.20150593617874,1.32164644971667,
1.44178696325461,1.56192747679254,1.68206799033047,1.80222530400164,1.92238261767281),
 .UNSPECIFIED.);
#319=B_SPLINE_CURVE_WITH_KNOTS('',3,(#11624,#11625,#11626,#11627,#11628,
#11629,#11630,#11631),.UNSPECIFIED.,.F.,.F.,(4,2,2,4),(0.,0.104305090668398,
0.139074664010319,0.238216704274075),.UNSPECIFIED.);
#320=B_SPLINE_CURVE_WITH_KNOTS('',3,(#11640,#11641,#11642,#11643,#11644,
#11645,#11646,#11647,#11648,#11649,#11650,#11651,#11652,#11653,#11654,#11655,
#11656,#11657),.UNSPECIFIED.,.F.,.F.,(4,2,2,2,2,2,2,2,4),(1.00270793940158,
1.25096685443072,1.49922576945987,1.75232082413151,2.00541587880315,2.1912946339759,
2.37717338914864,2.56517939313344,2.75318539711825),.UNSPECIFIED.);
#321=B_SPLINE_CURVE_WITH_KNOTS('',3,(#11658,#11659,#11660,#11661,#11662,
#11663,#11664,#11665,#11666,#11667,#11668,#11669,#11670,#11671,#11672,#11673,
#11674,#11675,#11676),.UNSPECIFIED.,.F.,.F.,(4,2,2,2,3,2,2,2,4),(-0.747769518315093,
-0.559763514330289,-0.371757510345485,-0.185878755172743,0.,0.253095054671643,
0.506190109343286,0.754449024372432,1.00270793940158),.UNSPECIFIED.);
#322=B_SPLINE_CURVE_WITH_KNOTS('',3,(#11685,#11686,#11687,#11688,#11689,
#11690,#11691,#11692,#11693,#11694,#11695,#11696,#11697,#11698,#11699,#11700,
#11701,#11702,#11703,#11704,#11705,#11706,#11707),.UNSPECIFIED.,.F.,.F.,
(4,2,2,2,2,2,2,2,3,2,4),(-1.34121858900525,-1.30966028145744,-1.1237815262847,
-0.935775522299897,-0.747769518315093,-0.559763514330289,-0.371757510345485,
-0.185878755172743,0.,0.253095054671643,0.428944017299895),
 .UNSPECIFIED.);
#323=B_SPLINE_CURVE_WITH_KNOTS('',3,(#11708,#11709,#11710,#11711,#11712,
#11713,#11714,#11715,#11716,#11717,#11718,#11719,#11720,#11721,#11722,#11723,
#11724,#11725),.UNSPECIFIED.,.F.,.F.,(4,2,2,2,2,2,2,2,4),(-3.07201089813345,
-2.99476480609006,-2.74650589106091,-2.49824697603176,-2.24998806100262,
-2.00172914597347,-1.74863409130183,-1.49553903663019,-1.34121858900525),
 .UNSPECIFIED.);
#324=B_SPLINE_CURVE_WITH_KNOTS('',3,(#11734,#11735,#11736,#11737,#11738,
#11739,#11740,#11741,#11742,#11743,#11744,#11745,#11746,#11747,#11748,#11749,
#11750,#11751,#11752),.UNSPECIFIED.,.F.,.F.,(4,3,2,2,2,2,2,2,4),(-0.154320447624936,
0.,0.253095054671644,0.506190109343287,0.754449024372433,1.00270793940158,
1.25096685443072,1.49922576945987,1.57647186150326),.UNSPECIFIED.);
#325=B_SPLINE_CURVE_WITH_KNOTS('',3,(#11753,#11754,#11755,#11756,#11757,
#11758,#11759,#11760,#11761,#11762,#11763,#11764,#11765,#11766,#11767,#11768,
#11769,#11770,#11771,#11772,#11773,#11774),.UNSPECIFIED.,.F.,.F.,(4,2,2,
2,2,2,2,2,2,2,4),(-1.92448305393008,-1.74863409130183,-1.49553903663019,
-1.30966028145744,-1.1237815262847,-0.935775522299897,-0.747769518315093,
-0.559763514330289,-0.371757510345485,-0.185878755172742,-0.154320447624936),
 .UNSPECIFIED.);
#326=B_SPLINE_CURVE_WITH_KNOTS('',3,(#11821,#11822,#11823,#11824,#11825,
#11826,#11827,#11828,#11829,#11830,#11831,#11832,#11833,#11834,#11835,#11836,
#11837,#11838,#11839,#11840,#11841,#11842,#11843,#11844,#11845,#11846,#11847,
#11848,#11849,#11850,#11851,#11852,#11853,#11854,#11855,#11856,#11857,#11858,
#11859,#11860,#11861,#11862,#11863,#11864,#11865,#11866),.UNSPECIFIED.,
 .F.,.F.,(4,3,3,3,3,3,3,3,3,3,3,3,3,3,3,4),(0.000131596182955736,0.0313816448415148,
0.0470066691707942,0.0626316935000736,0.0938817421586324,0.125131790817191,
0.163573671839457,0.187631888134309,0.23067874998578,0.250131985451427,
0.298619978719517,0.312632082768545,0.375132180085663,0.437632277402781,
0.489171464943124,0.500132374706635),.UNSPECIFIED.);
#327=B_SPLINE_CURVE_WITH_KNOTS('',3,(#11867,#11868,#11869,#11870,#11871,
#11872,#11873,#11874,#11875,#11876,#11877,#11878,#11879,#11880,#11881,#11882,
#11883,#11884,#11885,#11886,#11887,#11888,#11889,#11890),.UNSPECIFIED.,
 .F.,.F.,(4,2,2,2,2,2,2,2,2,2,2,4),(0.000134782053098135,0.0313848262299994,
0.0470098483184499,0.0626348704069003,0.0938849145838012,0.125134958760702,
0.187635047114504,0.250135135468305,0.312635223822107,0.375135312175909,
0.43763540052971,0.500135488883512),.UNSPECIFIED.);
#328=B_SPLINE_CURVE_WITH_KNOTS('',3,(#12365,#12366,#12367,#12368,#12369,
#12370,#12371,#12372),.UNSPECIFIED.,.F.,.F.,(4,2,2,4),(0.,0.167986883439472,
0.269088495435314,0.329325982443085),.UNSPECIFIED.);
#329=B_SPLINE_CURVE_WITH_KNOTS('',3,(#12376,#12377,#12378,#12379,#12380,
#12381,#12382,#12383,#12384,#12385,#12386,#12387),.UNSPECIFIED.,.F.,.F.,
(4,2,2,2,2,4),(0.086362615914777,0.0864623448594651,0.122766243333028,0.17743260061782,
0.242943072427578,0.316374358593477),.UNSPECIFIED.);
#330=B_SPLINE_CURVE_WITH_KNOTS('',3,(#12485,#12486,#12487,#12488,#12489,
#12490,#12491,#12492,#12493,#12494,#12495,#12496,#12497,#12498,#12499,#12500),
 .UNSPECIFIED.,.F.,.F.,(4,3,3,3,3,4),(-0.000579733851024299,0.,0.0410888933852342,
0.0464638489240023,0.0845264122134997,0.0919529420133679),.UNSPECIFIED.);
#331=B_SPLINE_CURVE_WITH_KNOTS('',3,(#12504,#12505,#12506,#12507,#12508,
#12509,#12510,#12511,#12512,#12513),.UNSPECIFIED.,.F.,.F.,(4,2,2,2,4),(0.0884872477351026,
0.114101645879582,0.160752970153299,0.240447115982871,0.34163649168205),
 .UNSPECIFIED.);
#332=B_SPLINE_CURVE_WITH_KNOTS('',3,(#12514,#12515,#12516,#12517,#12518,
#12519,#12520,#12521,#12522,#12523,#12524,#12525,#12526,#12527,#12528,#12529),
 .UNSPECIFIED.,.F.,.F.,(4,3,3,3,3,4),(-0.0892695222495332,-0.0515253470267012,
-0.0450015977620047,-0.00524761849408073,0.,0.000560757377568847),
 .UNSPECIFIED.);
#333=B_SPLINE_CURVE_WITH_KNOTS('',3,(#12645,#12646,#12647,#12648,#12649,
#12650,#12651,#12652,#12653,#12654,#12655,#12656,#12657,#12658,#12659,#12660),
 .UNSPECIFIED.,.F.,.F.,(4,3,3,3,3,4),(-0.0924131021969148,-0.0918341174964158,
-0.0507983204867847,-0.0454303106361368,-0.00741693300169455,0.),
 .UNSPECIFIED.);
#334=B_SPLINE_CURVE_WITH_KNOTS('',3,(#12666,#12667,#12668,#12669,#12670,
#12671,#12672,#12673,#12674,#12675),.UNSPECIFIED.,.F.,.F.,(4,3,3,4),(-0.267157164167609,
-0.235035341976437,-0.203742803834382,-0.177612867081182),.UNSPECIFIED.);
#335=B_SPLINE_CURVE_WITH_KNOTS('',3,(#12703,#12704,#12705,#12706,#12707,
#12708,#12709,#12710,#12711,#12712),.UNSPECIFIED.,.F.,.F.,(4,2,2,2,4),(0.,
0.192359795989871,0.301811082285756,0.375336392393333,0.390148316010121),
 .UNSPECIFIED.);
#336=FACE_BOUND('',#962,.T.);
#337=FACE_BOUND('',#963,.T.);
#338=FACE_BOUND('',#964,.T.);
#339=FACE_BOUND('',#976,.T.);
#340=FACE_BOUND('',#977,.T.);
#341=FACE_BOUND('',#978,.T.);
#342=FACE_BOUND('',#979,.T.);
#343=FACE_BOUND('',#980,.T.);
#344=FACE_BOUND('',#981,.T.);
#345=FACE_BOUND('',#982,.T.);
#346=FACE_BOUND('',#983,.T.);
#347=FACE_BOUND('',#984,.T.);
#348=FACE_BOUND('',#985,.T.);
#349=FACE_BOUND('',#986,.T.);
#350=FACE_BOUND('',#987,.T.);
#351=FACE_BOUND('',#988,.T.);
#352=FACE_BOUND('',#989,.T.);
#353=FACE_BOUND('',#990,.T.);
#354=FACE_BOUND('',#991,.T.);
#355=FACE_BOUND('',#992,.T.);
#356=FACE_BOUND('',#993,.T.);
#357=FACE_BOUND('',#994,.T.);
#358=FACE_BOUND('',#995,.T.);
#359=FACE_BOUND('',#996,.T.);
#360=FACE_BOUND('',#997,.T.);
#361=FACE_BOUND('',#998,.T.);
#362=FACE_BOUND('',#999,.T.);
#363=FACE_BOUND('',#1000,.T.);
#364=FACE_BOUND('',#1001,.T.);
#365=FACE_BOUND('',#1002,.T.);
#366=FACE_BOUND('',#1003,.T.);
#367=FACE_BOUND('',#1004,.T.);
#368=FACE_BOUND('',#1005,.T.);
#369=FACE_BOUND('',#1006,.T.);
#370=FACE_BOUND('',#1007,.T.);
#371=FACE_BOUND('',#1008,.T.);
#372=FACE_BOUND('',#1009,.T.);
#373=FACE_BOUND('',#1010,.T.);
#374=FACE_BOUND('',#1011,.T.);
#375=FACE_BOUND('',#1014,.T.);
#376=FACE_BOUND('',#1015,.T.);
#377=FACE_BOUND('',#1016,.T.);
#378=FACE_BOUND('',#1017,.T.);
#379=FACE_BOUND('',#1018,.T.);
#380=FACE_BOUND('',#1019,.T.);
#381=FACE_BOUND('',#1020,.T.);
#382=FACE_BOUND('',#1022,.T.);
#383=FACE_BOUND('',#1023,.T.);
#384=FACE_BOUND('',#1024,.T.);
#385=FACE_BOUND('',#1131,.T.);
#386=FACE_BOUND('',#1144,.T.);
#387=FACE_BOUND('',#1145,.T.);
#388=FACE_BOUND('',#1146,.T.);
#389=FACE_BOUND('',#1147,.T.);
#390=FACE_BOUND('',#1148,.T.);
#391=FACE_BOUND('',#1149,.T.);
#392=FACE_BOUND('',#1150,.T.);
#393=FACE_BOUND('',#1151,.T.);
#394=FACE_BOUND('',#1152,.T.);
#395=FACE_BOUND('',#1154,.T.);
#396=FACE_BOUND('',#1155,.T.);
#397=FACE_BOUND('',#1156,.T.);
#398=FACE_BOUND('',#1160,.T.);
#399=FACE_BOUND('',#1161,.T.);
#400=FACE_BOUND('',#1162,.T.);
#401=FACE_BOUND('',#1167,.T.);
#402=FACE_BOUND('',#1168,.T.);
#403=FACE_BOUND('',#1169,.T.);
#404=FACE_BOUND('',#1172,.T.);
#405=FACE_BOUND('',#1174,.T.);
#406=FACE_BOUND('',#1206,.T.);
#407=FACE_BOUND('',#1208,.T.);
#408=FACE_BOUND('',#1225,.T.);
#409=FACE_BOUND('',#1226,.T.);
#410=FACE_BOUND('',#1227,.T.);
#411=FACE_BOUND('',#1229,.T.);
#412=FACE_BOUND('',#1230,.T.);
#413=FACE_BOUND('',#1232,.T.);
#414=FACE_BOUND('',#1233,.T.);
#415=FACE_BOUND('',#1235,.T.);
#416=FACE_BOUND('',#1236,.T.);
#417=FACE_BOUND('',#1237,.T.);
#418=FACE_BOUND('',#1238,.T.);
#419=FACE_BOUND('',#1240,.T.);
#420=FACE_BOUND('',#1248,.T.);
#421=FACE_BOUND('',#1267,.T.);
#422=FACE_BOUND('',#1285,.T.);
#423=FACE_BOUND('',#1298,.T.);
#424=FACE_BOUND('',#1300,.T.);
#425=FACE_BOUND('',#1301,.T.);
#426=FACE_BOUND('',#1302,.T.);
#427=FACE_BOUND('',#1303,.T.);
#428=FACE_BOUND('',#1304,.T.);
#429=FACE_BOUND('',#1305,.T.);
#430=FACE_BOUND('',#1306,.T.);
#431=FACE_BOUND('',#1307,.T.);
#432=FACE_BOUND('',#1308,.T.);
#433=FACE_BOUND('',#1312,.T.);
#434=FACE_BOUND('',#1314,.T.);
#435=FACE_BOUND('',#1315,.T.);
#436=FACE_BOUND('',#1316,.T.);
#437=FACE_BOUND('',#1317,.T.);
#438=FACE_BOUND('',#1318,.T.);
#439=FACE_BOUND('',#1319,.T.);
#440=FACE_BOUND('',#1320,.T.);
#441=FACE_BOUND('',#1321,.T.);
#442=FACE_BOUND('',#1322,.T.);
#443=FACE_BOUND('',#1344,.T.);
#444=FACE_BOUND('',#1345,.T.);
#445=FACE_BOUND('',#1346,.T.);
#446=FACE_BOUND('',#1353,.T.);
#447=FACE_BOUND('',#1387,.T.);
#448=FACE_BOUND('',#1388,.T.);
#449=FACE_BOUND('',#1389,.T.);
#450=FACE_BOUND('',#1393,.T.);
#451=FACE_BOUND('',#1407,.T.);
#452=FACE_BOUND('',#1408,.T.);
#453=FACE_BOUND('',#1409,.T.);
#454=FACE_BOUND('',#1410,.T.);
#455=FACE_BOUND('',#1411,.T.);
#456=FACE_BOUND('',#1412,.T.);
#457=FACE_BOUND('',#1413,.T.);
#458=FACE_BOUND('',#1414,.T.);
#459=FACE_BOUND('',#1415,.T.);
#460=FACE_BOUND('',#1417,.T.);
#461=FACE_BOUND('',#1418,.T.);
#462=FACE_BOUND('',#1419,.T.);
#463=FACE_BOUND('',#1420,.T.);
#464=FACE_BOUND('',#1421,.T.);
#465=FACE_BOUND('',#1422,.T.);
#466=FACE_BOUND('',#1423,.T.);
#467=FACE_BOUND('',#1424,.T.);
#468=FACE_BOUND('',#1425,.T.);
#469=PLANE('',#5948);
#470=PLANE('',#5950);
#471=PLANE('',#5954);
#472=PLANE('',#5958);
#473=PLANE('',#5962);
#474=PLANE('',#5966);
#475=PLANE('',#5975);
#476=PLANE('',#5977);
#477=PLANE('',#5984);
#478=PLANE('',#5985);
#479=PLANE('',#5986);
#480=PLANE('',#5993);
#481=PLANE('',#5994);
#482=PLANE('',#5995);
#483=PLANE('',#5998);
#484=PLANE('',#6001);
#485=PLANE('',#6004);
#486=PLANE('',#6007);
#487=PLANE('',#6010);
#488=PLANE('',#6013);
#489=PLANE('',#6016);
#490=PLANE('',#6019);
#491=PLANE('',#6022);
#492=PLANE('',#6025);
#493=PLANE('',#6028);
#494=PLANE('',#6031);
#495=PLANE('',#6034);
#496=PLANE('',#6037);
#497=PLANE('',#6040);
#498=PLANE('',#6043);
#499=PLANE('',#6046);
#500=PLANE('',#6049);
#501=PLANE('',#6052);
#502=PLANE('',#6055);
#503=PLANE('',#6058);
#504=PLANE('',#6061);
#505=PLANE('',#6064);
#506=PLANE('',#6067);
#507=PLANE('',#6070);
#508=PLANE('',#6073);
#509=PLANE('',#6076);
#510=PLANE('',#6079);
#511=PLANE('',#6082);
#512=PLANE('',#6085);
#513=PLANE('',#6088);
#514=PLANE('',#6091);
#515=PLANE('',#6092);
#516=PLANE('',#6093);
#517=PLANE('',#6094);
#518=PLANE('',#6095);
#519=PLANE('',#6096);
#520=PLANE('',#6097);
#521=PLANE('',#6098);
#522=PLANE('',#6099);
#523=PLANE('',#6100);
#524=PLANE('',#6101);
#525=PLANE('',#6102);
#526=PLANE('',#6103);
#527=PLANE('',#6104);
#528=PLANE('',#6105);
#529=PLANE('',#6106);
#530=PLANE('',#6107);
#531=PLANE('',#6108);
#532=PLANE('',#6109);
#533=PLANE('',#6110);
#534=PLANE('',#6111);
#535=PLANE('',#6112);
#536=PLANE('',#6113);
#537=PLANE('',#6114);
#538=PLANE('',#6118);
#539=PLANE('',#6122);
#540=PLANE('',#6123);
#541=PLANE('',#6124);
#542=PLANE('',#6130);
#543=PLANE('',#6131);
#544=PLANE('',#6140);
#545=PLANE('',#6142);
#546=PLANE('',#6144);
#547=PLANE('',#6148);
#548=PLANE('',#6149);
#549=PLANE('',#6159);
#550=PLANE('',#6160);
#551=PLANE('',#6164);
#552=PLANE('',#6168);
#553=PLANE('',#6169);
#554=PLANE('',#6173);
#555=PLANE('',#6174);
#556=PLANE('',#6181);
#557=PLANE('',#6201);
#558=PLANE('',#6203);
#559=PLANE('',#6205);
#560=PLANE('',#6207);
#561=PLANE('',#6209);
#562=PLANE('',#6211);
#563=PLANE('',#6233);
#564=PLANE('',#6235);
#565=PLANE('',#6279);
#566=PLANE('',#6280);
#567=PLANE('',#6291);
#568=PLANE('',#6298);
#569=PLANE('',#6299);
#570=PLANE('',#6300);
#571=PLANE('',#6301);
#572=PLANE('',#6302);
#573=PLANE('',#6303);
#574=PLANE('',#6304);
#575=PLANE('',#6321);
#576=PLANE('',#6328);
#577=PLANE('',#6329);
#578=PLANE('',#6330);
#579=PLANE('',#6331);
#580=PLANE('',#6332);
#581=PLANE('',#6333);
#582=PLANE('',#6334);
#583=PLANE('',#6342);
#584=PLANE('',#6349);
#585=PLANE('',#6350);
#586=PLANE('',#6381);
#587=PLANE('',#6382);
#588=PLANE('',#6389);
#589=PLANE('',#6390);
#590=PLANE('',#6407);
#591=PLANE('',#6416);
#592=PLANE('',#6440);
#593=PLANE('',#6441);
#594=PLANE('',#6442);
#595=PLANE('',#6443);
#596=PLANE('',#6444);
#597=PLANE('',#6445);
#598=PLANE('',#6449);
#599=PLANE('',#6517);
#600=PLANE('',#6520);
#601=PLANE('',#6521);
#602=PLANE('',#6522);
#603=PLANE('',#6523);
#604=PLANE('',#6528);
#605=PLANE('',#6529);
#606=PLANE('',#6532);
#607=PLANE('',#6560);
#608=PLANE('',#6561);
#609=PLANE('',#6567);
#610=PLANE('',#6594);
#611=FACE_OUTER_BOUND('',#958,.T.);
#612=FACE_OUTER_BOUND('',#959,.T.);
#613=FACE_OUTER_BOUND('',#960,.T.);
#614=FACE_OUTER_BOUND('',#961,.T.);
#615=FACE_OUTER_BOUND('',#965,.T.);
#616=FACE_OUTER_BOUND('',#966,.T.);
#617=FACE_OUTER_BOUND('',#967,.T.);
#618=FACE_OUTER_BOUND('',#968,.T.);
#619=FACE_OUTER_BOUND('',#969,.T.);
#620=FACE_OUTER_BOUND('',#970,.T.);
#621=FACE_OUTER_BOUND('',#971,.T.);
#622=FACE_OUTER_BOUND('',#972,.T.);
#623=FACE_OUTER_BOUND('',#973,.T.);
#624=FACE_OUTER_BOUND('',#974,.T.);
#625=FACE_OUTER_BOUND('',#975,.T.);
#626=FACE_OUTER_BOUND('',#1012,.T.);
#627=FACE_OUTER_BOUND('',#1013,.T.);
#628=FACE_OUTER_BOUND('',#1021,.T.);
#629=FACE_OUTER_BOUND('',#1025,.T.);
#630=FACE_OUTER_BOUND('',#1026,.T.);
#631=FACE_OUTER_BOUND('',#1027,.T.);
#632=FACE_OUTER_BOUND('',#1028,.T.);
#633=FACE_OUTER_BOUND('',#1029,.T.);
#634=FACE_OUTER_BOUND('',#1030,.T.);
#635=FACE_OUTER_BOUND('',#1031,.T.);
#636=FACE_OUTER_BOUND('',#1032,.T.);
#637=FACE_OUTER_BOUND('',#1033,.T.);
#638=FACE_OUTER_BOUND('',#1034,.T.);
#639=FACE_OUTER_BOUND('',#1035,.T.);
#640=FACE_OUTER_BOUND('',#1036,.T.);
#641=FACE_OUTER_BOUND('',#1037,.T.);
#642=FACE_OUTER_BOUND('',#1038,.T.);
#643=FACE_OUTER_BOUND('',#1039,.T.);
#644=FACE_OUTER_BOUND('',#1040,.T.);
#645=FACE_OUTER_BOUND('',#1041,.T.);
#646=FACE_OUTER_BOUND('',#1042,.T.);
#647=FACE_OUTER_BOUND('',#1043,.T.);
#648=FACE_OUTER_BOUND('',#1044,.T.);
#649=FACE_OUTER_BOUND('',#1045,.T.);
#650=FACE_OUTER_BOUND('',#1046,.T.);
#651=FACE_OUTER_BOUND('',#1047,.T.);
#652=FACE_OUTER_BOUND('',#1048,.T.);
#653=FACE_OUTER_BOUND('',#1049,.T.);
#654=FACE_OUTER_BOUND('',#1050,.T.);
#655=FACE_OUTER_BOUND('',#1051,.T.);
#656=FACE_OUTER_BOUND('',#1052,.T.);
#657=FACE_OUTER_BOUND('',#1053,.T.);
#658=FACE_OUTER_BOUND('',#1054,.T.);
#659=FACE_OUTER_BOUND('',#1055,.T.);
#660=FACE_OUTER_BOUND('',#1056,.T.);
#661=FACE_OUTER_BOUND('',#1057,.T.);
#662=FACE_OUTER_BOUND('',#1058,.T.);
#663=FACE_OUTER_BOUND('',#1059,.T.);
#664=FACE_OUTER_BOUND('',#1060,.T.);
#665=FACE_OUTER_BOUND('',#1061,.T.);
#666=FACE_OUTER_BOUND('',#1062,.T.);
#667=FACE_OUTER_BOUND('',#1063,.T.);
#668=FACE_OUTER_BOUND('',#1064,.T.);
#669=FACE_OUTER_BOUND('',#1065,.T.);
#670=FACE_OUTER_BOUND('',#1066,.T.);
#671=FACE_OUTER_BOUND('',#1067,.T.);
#672=FACE_OUTER_BOUND('',#1068,.T.);
#673=FACE_OUTER_BOUND('',#1069,.T.);
#674=FACE_OUTER_BOUND('',#1070,.T.);
#675=FACE_OUTER_BOUND('',#1071,.T.);
#676=FACE_OUTER_BOUND('',#1072,.T.);
#677=FACE_OUTER_BOUND('',#1073,.T.);
#678=FACE_OUTER_BOUND('',#1074,.T.);
#679=FACE_OUTER_BOUND('',#1075,.T.);
#680=FACE_OUTER_BOUND('',#1076,.T.);
#681=FACE_OUTER_BOUND('',#1077,.T.);
#682=FACE_OUTER_BOUND('',#1078,.T.);
#683=FACE_OUTER_BOUND('',#1079,.T.);
#684=FACE_OUTER_BOUND('',#1080,.T.);
#685=FACE_OUTER_BOUND('',#1081,.T.);
#686=FACE_OUTER_BOUND('',#1082,.T.);
#687=FACE_OUTER_BOUND('',#1083,.T.);
#688=FACE_OUTER_BOUND('',#1084,.T.);
#689=FACE_OUTER_BOUND('',#1085,.T.);
#690=FACE_OUTER_BOUND('',#1086,.T.);
#691=FACE_OUTER_BOUND('',#1087,.T.);
#692=FACE_OUTER_BOUND('',#1088,.T.);
#693=FACE_OUTER_BOUND('',#1089,.T.);
#694=FACE_OUTER_BOUND('',#1090,.T.);
#695=FACE_OUTER_BOUND('',#1091,.T.);
#696=FACE_OUTER_BOUND('',#1092,.T.);
#697=FACE_OUTER_BOUND('',#1093,.T.);
#698=FACE_OUTER_BOUND('',#1094,.T.);
#699=FACE_OUTER_BOUND('',#1095,.T.);
#700=FACE_OUTER_BOUND('',#1096,.T.);
#701=FACE_OUTER_BOUND('',#1097,.T.);
#702=FACE_OUTER_BOUND('',#1098,.T.);
#703=FACE_OUTER_BOUND('',#1099,.T.);
#704=FACE_OUTER_BOUND('',#1100,.T.);
#705=FACE_OUTER_BOUND('',#1101,.T.);
#706=FACE_OUTER_BOUND('',#1102,.T.);
#707=FACE_OUTER_BOUND('',#1103,.T.);
#708=FACE_OUTER_BOUND('',#1104,.T.);
#709=FACE_OUTER_BOUND('',#1105,.T.);
#710=FACE_OUTER_BOUND('',#1106,.T.);
#711=FACE_OUTER_BOUND('',#1107,.T.);
#712=FACE_OUTER_BOUND('',#1108,.T.);
#713=FACE_OUTER_BOUND('',#1109,.T.);
#714=FACE_OUTER_BOUND('',#1110,.T.);
#715=FACE_OUTER_BOUND('',#1111,.T.);
#716=FACE_OUTER_BOUND('',#1112,.T.);
#717=FACE_OUTER_BOUND('',#1113,.T.);
#718=FACE_OUTER_BOUND('',#1114,.T.);
#719=FACE_OUTER_BOUND('',#1115,.T.);
#720=FACE_OUTER_BOUND('',#1116,.T.);
#721=FACE_OUTER_BOUND('',#1117,.T.);
#722=FACE_OUTER_BOUND('',#1118,.T.);
#723=FACE_OUTER_BOUND('',#1119,.T.);
#724=FACE_OUTER_BOUND('',#1120,.T.);
#725=FACE_OUTER_BOUND('',#1121,.T.);
#726=FACE_OUTER_BOUND('',#1122,.T.);
#727=FACE_OUTER_BOUND('',#1123,.T.);
#728=FACE_OUTER_BOUND('',#1124,.T.);
#729=FACE_OUTER_BOUND('',#1125,.T.);
#730=FACE_OUTER_BOUND('',#1126,.T.);
#731=FACE_OUTER_BOUND('',#1127,.T.);
#732=FACE_OUTER_BOUND('',#1128,.T.);
#733=FACE_OUTER_BOUND('',#1129,.T.);
#734=FACE_OUTER_BOUND('',#1130,.T.);
#735=FACE_OUTER_BOUND('',#1132,.T.);
#736=FACE_OUTER_BOUND('',#1133,.T.);
#737=FACE_OUTER_BOUND('',#1134,.T.);
#738=FACE_OUTER_BOUND('',#1135,.T.);
#739=FACE_OUTER_BOUND('',#1136,.T.);
#740=FACE_OUTER_BOUND('',#1137,.T.);
#741=FACE_OUTER_BOUND('',#1138,.T.);
#742=FACE_OUTER_BOUND('',#1139,.T.);
#743=FACE_OUTER_BOUND('',#1140,.T.);
#744=FACE_OUTER_BOUND('',#1141,.T.);
#745=FACE_OUTER_BOUND('',#1142,.T.);
#746=FACE_OUTER_BOUND('',#1143,.T.);
#747=FACE_OUTER_BOUND('',#1153,.T.);
#748=FACE_OUTER_BOUND('',#1157,.T.);
#749=FACE_OUTER_BOUND('',#1158,.T.);
#750=FACE_OUTER_BOUND('',#1159,.T.);
#751=FACE_OUTER_BOUND('',#1163,.T.);
#752=FACE_OUTER_BOUND('',#1164,.T.);
#753=FACE_OUTER_BOUND('',#1165,.T.);
#754=FACE_OUTER_BOUND('',#1166,.T.);
#755=FACE_OUTER_BOUND('',#1170,.T.);
#756=FACE_OUTER_BOUND('',#1171,.T.);
#757=FACE_OUTER_BOUND('',#1173,.T.);
#758=FACE_OUTER_BOUND('',#1175,.T.);
#759=FACE_OUTER_BOUND('',#1176,.T.);
#760=FACE_OUTER_BOUND('',#1177,.T.);
#761=FACE_OUTER_BOUND('',#1178,.T.);
#762=FACE_OUTER_BOUND('',#1179,.T.);
#763=FACE_OUTER_BOUND('',#1180,.T.);
#764=FACE_OUTER_BOUND('',#1181,.T.);
#765=FACE_OUTER_BOUND('',#1182,.T.);
#766=FACE_OUTER_BOUND('',#1183,.T.);
#767=FACE_OUTER_BOUND('',#1184,.T.);
#768=FACE_OUTER_BOUND('',#1185,.T.);
#769=FACE_OUTER_BOUND('',#1186,.T.);
#770=FACE_OUTER_BOUND('',#1187,.T.);
#771=FACE_OUTER_BOUND('',#1188,.T.);
#772=FACE_OUTER_BOUND('',#1189,.T.);
#773=FACE_OUTER_BOUND('',#1190,.T.);
#774=FACE_OUTER_BOUND('',#1191,.T.);
#775=FACE_OUTER_BOUND('',#1192,.T.);
#776=FACE_OUTER_BOUND('',#1193,.T.);
#777=FACE_OUTER_BOUND('',#1194,.T.);
#778=FACE_OUTER_BOUND('',#1195,.T.);
#779=FACE_OUTER_BOUND('',#1196,.T.);
#780=FACE_OUTER_BOUND('',#1197,.T.);
#781=FACE_OUTER_BOUND('',#1198,.T.);
#782=FACE_OUTER_BOUND('',#1199,.T.);
#783=FACE_OUTER_BOUND('',#1200,.T.);
#784=FACE_OUTER_BOUND('',#1201,.T.);
#785=FACE_OUTER_BOUND('',#1202,.T.);
#786=FACE_OUTER_BOUND('',#1203,.T.);
#787=FACE_OUTER_BOUND('',#1204,.T.);
#788=FACE_OUTER_BOUND('',#1205,.T.);
#789=FACE_OUTER_BOUND('',#1207,.T.);
#790=FACE_OUTER_BOUND('',#1209,.T.);
#791=FACE_OUTER_BOUND('',#1210,.T.);
#792=FACE_OUTER_BOUND('',#1211,.T.);
#793=FACE_OUTER_BOUND('',#1212,.T.);
#794=FACE_OUTER_BOUND('',#1213,.T.);
#795=FACE_OUTER_BOUND('',#1214,.T.);
#796=FACE_OUTER_BOUND('',#1215,.T.);
#797=FACE_OUTER_BOUND('',#1216,.T.);
#798=FACE_OUTER_BOUND('',#1217,.T.);
#799=FACE_OUTER_BOUND('',#1218,.T.);
#800=FACE_OUTER_BOUND('',#1219,.T.);
#801=FACE_OUTER_BOUND('',#1220,.T.);
#802=FACE_OUTER_BOUND('',#1221,.T.);
#803=FACE_OUTER_BOUND('',#1222,.T.);
#804=FACE_OUTER_BOUND('',#1223,.T.);
#805=FACE_OUTER_BOUND('',#1224,.T.);
#806=FACE_OUTER_BOUND('',#1228,.T.);
#807=FACE_OUTER_BOUND('',#1231,.T.);
#808=FACE_OUTER_BOUND('',#1234,.T.);
#809=FACE_OUTER_BOUND('',#1239,.T.);
#810=FACE_OUTER_BOUND('',#1241,.T.);
#811=FACE_OUTER_BOUND('',#1242,.T.);
#812=FACE_OUTER_BOUND('',#1243,.T.);
#813=FACE_OUTER_BOUND('',#1244,.T.);
#814=FACE_OUTER_BOUND('',#1245,.T.);
#815=FACE_OUTER_BOUND('',#1246,.T.);
#816=FACE_OUTER_BOUND('',#1247,.T.);
#817=FACE_OUTER_BOUND('',#1249,.T.);
#818=FACE_OUTER_BOUND('',#1250,.T.);
#819=FACE_OUTER_BOUND('',#1251,.T.);
#820=FACE_OUTER_BOUND('',#1252,.T.);
#821=FACE_OUTER_BOUND('',#1253,.T.);
#822=FACE_OUTER_BOUND('',#1254,.T.);
#823=FACE_OUTER_BOUND('',#1255,.T.);
#824=FACE_OUTER_BOUND('',#1256,.T.);
#825=FACE_OUTER_BOUND('',#1257,.T.);
#826=FACE_OUTER_BOUND('',#1258,.T.);
#827=FACE_OUTER_BOUND('',#1259,.T.);
#828=FACE_OUTER_BOUND('',#1260,.T.);
#829=FACE_OUTER_BOUND('',#1261,.T.);
#830=FACE_OUTER_BOUND('',#1262,.T.);
#831=FACE_OUTER_BOUND('',#1263,.T.);
#832=FACE_OUTER_BOUND('',#1264,.T.);
#833=FACE_OUTER_BOUND('',#1265,.T.);
#834=FACE_OUTER_BOUND('',#1266,.T.);
#835=FACE_OUTER_BOUND('',#1268,.T.);
#836=FACE_OUTER_BOUND('',#1269,.T.);
#837=FACE_OUTER_BOUND('',#1270,.T.);
#838=FACE_OUTER_BOUND('',#1271,.T.);
#839=FACE_OUTER_BOUND('',#1272,.T.);
#840=FACE_OUTER_BOUND('',#1273,.T.);
#841=FACE_OUTER_BOUND('',#1274,.T.);
#842=FACE_OUTER_BOUND('',#1275,.T.);
#843=FACE_OUTER_BOUND('',#1276,.T.);
#844=FACE_OUTER_BOUND('',#1277,.T.);
#845=FACE_OUTER_BOUND('',#1278,.T.);
#846=FACE_OUTER_BOUND('',#1279,.T.);
#847=FACE_OUTER_BOUND('',#1280,.T.);
#848=FACE_OUTER_BOUND('',#1281,.T.);
#849=FACE_OUTER_BOUND('',#1282,.T.);
#850=FACE_OUTER_BOUND('',#1283,.T.);
#851=FACE_OUTER_BOUND('',#1284,.T.);
#852=FACE_OUTER_BOUND('',#1286,.T.);
#853=FACE_OUTER_BOUND('',#1287,.T.);
#854=FACE_OUTER_BOUND('',#1288,.T.);
#855=FACE_OUTER_BOUND('',#1289,.T.);
#856=FACE_OUTER_BOUND('',#1290,.T.);
#857=FACE_OUTER_BOUND('',#1291,.T.);
#858=FACE_OUTER_BOUND('',#1292,.T.);
#859=FACE_OUTER_BOUND('',#1293,.T.);
#860=FACE_OUTER_BOUND('',#1294,.T.);
#861=FACE_OUTER_BOUND('',#1295,.T.);
#862=FACE_OUTER_BOUND('',#1296,.T.);
#863=FACE_OUTER_BOUND('',#1297,.T.);
#864=FACE_OUTER_BOUND('',#1299,.T.);
#865=FACE_OUTER_BOUND('',#1309,.T.);
#866=FACE_OUTER_BOUND('',#1310,.T.);
#867=FACE_OUTER_BOUND('',#1311,.T.);
#868=FACE_OUTER_BOUND('',#1313,.T.);
#869=FACE_OUTER_BOUND('',#1323,.T.);
#870=FACE_OUTER_BOUND('',#1324,.T.);
#871=FACE_OUTER_BOUND('',#1325,.T.);
#872=FACE_OUTER_BOUND('',#1326,.T.);
#873=FACE_OUTER_BOUND('',#1327,.T.);
#874=FACE_OUTER_BOUND('',#1328,.T.);
#875=FACE_OUTER_BOUND('',#1329,.T.);
#876=FACE_OUTER_BOUND('',#1330,.T.);
#877=FACE_OUTER_BOUND('',#1331,.T.);
#878=FACE_OUTER_BOUND('',#1332,.T.);
#879=FACE_OUTER_BOUND('',#1333,.T.);
#880=FACE_OUTER_BOUND('',#1334,.T.);
#881=FACE_OUTER_BOUND('',#1335,.T.);
#882=FACE_OUTER_BOUND('',#1336,.T.);
#883=FACE_OUTER_BOUND('',#1337,.T.);
#884=FACE_OUTER_BOUND('',#1338,.T.);
#885=FACE_OUTER_BOUND('',#1339,.T.);
#886=FACE_OUTER_BOUND('',#1340,.T.);
#887=FACE_OUTER_BOUND('',#1341,.T.);
#888=FACE_OUTER_BOUND('',#1342,.T.);
#889=FACE_OUTER_BOUND('',#1343,.T.);
#890=FACE_OUTER_BOUND('',#1347,.T.);
#891=FACE_OUTER_BOUND('',#1348,.T.);
#892=FACE_OUTER_BOUND('',#1349,.T.);
#893=FACE_OUTER_BOUND('',#1350,.T.);
#894=FACE_OUTER_BOUND('',#1351,.T.);
#895=FACE_OUTER_BOUND('',#1352,.T.);
#896=FACE_OUTER_BOUND('',#1354,.T.);
#897=FACE_OUTER_BOUND('',#1355,.T.);
#898=FACE_OUTER_BOUND('',#1356,.T.);
#899=FACE_OUTER_BOUND('',#1357,.T.);
#900=FACE_OUTER_BOUND('',#1358,.T.);
#901=FACE_OUTER_BOUND('',#1359,.T.);
#902=FACE_OUTER_BOUND('',#1360,.T.);
#903=FACE_OUTER_BOUND('',#1361,.T.);
#904=FACE_OUTER_BOUND('',#1362,.T.);
#905=FACE_OUTER_BOUND('',#1363,.T.);
#906=FACE_OUTER_BOUND('',#1364,.T.);
#907=FACE_OUTER_BOUND('',#1365,.T.);
#908=FACE_OUTER_BOUND('',#1366,.T.);
#909=FACE_OUTER_BOUND('',#1367,.T.);
#910=FACE_OUTER_BOUND('',#1368,.T.);
#911=FACE_OUTER_BOUND('',#1369,.T.);
#912=FACE_OUTER_BOUND('',#1370,.T.);
#913=FACE_OUTER_BOUND('',#1371,.T.);
#914=FACE_OUTER_BOUND('',#1372,.T.);
#915=FACE_OUTER_BOUND('',#1373,.T.);
#916=FACE_OUTER_BOUND('',#1374,.T.);
#917=FACE_OUTER_BOUND('',#1375,.T.);
#918=FACE_OUTER_BOUND('',#1376,.T.);
#919=FACE_OUTER_BOUND('',#1377,.T.);
#920=FACE_OUTER_BOUND('',#1378,.T.);
#921=FACE_OUTER_BOUND('',#1379,.T.);
#922=FACE_OUTER_BOUND('',#1380,.T.);
#923=FACE_OUTER_BOUND('',#1381,.T.);
#924=FACE_OUTER_BOUND('',#1382,.T.);
#925=FACE_OUTER_BOUND('',#1383,.T.);
#926=FACE_OUTER_BOUND('',#1384,.T.);
#927=FACE_OUTER_BOUND('',#1385,.T.);
#928=FACE_OUTER_BOUND('',#1386,.T.);
#929=FACE_OUTER_BOUND('',#1390,.T.);
#930=FACE_OUTER_BOUND('',#1391,.T.);
#931=FACE_OUTER_BOUND('',#1392,.T.);
#932=FACE_OUTER_BOUND('',#1394,.T.);
#933=FACE_OUTER_BOUND('',#1395,.T.);
#934=FACE_OUTER_BOUND('',#1396,.T.);
#935=FACE_OUTER_BOUND('',#1397,.T.);
#936=FACE_OUTER_BOUND('',#1398,.T.);
#937=FACE_OUTER_BOUND('',#1399,.T.);
#938=FACE_OUTER_BOUND('',#1400,.T.);
#939=FACE_OUTER_BOUND('',#1401,.T.);
#940=FACE_OUTER_BOUND('',#1402,.T.);
#941=FACE_OUTER_BOUND('',#1403,.T.);
#942=FACE_OUTER_BOUND('',#1404,.T.);
#943=FACE_OUTER_BOUND('',#1405,.T.);
#944=FACE_OUTER_BOUND('',#1406,.T.);
#945=FACE_OUTER_BOUND('',#1416,.T.);
#946=FACE_OUTER_BOUND('',#1426,.T.);
#947=FACE_OUTER_BOUND('',#1427,.T.);
#948=FACE_OUTER_BOUND('',#1428,.T.);
#949=FACE_OUTER_BOUND('',#1429,.T.);
#950=FACE_OUTER_BOUND('',#1430,.T.);
#951=FACE_OUTER_BOUND('',#1431,.T.);
#952=FACE_OUTER_BOUND('',#1432,.T.);
#953=FACE_OUTER_BOUND('',#1433,.T.);
#954=FACE_OUTER_BOUND('',#1434,.T.);
#955=FACE_OUTER_BOUND('',#1435,.T.);
#956=FACE_OUTER_BOUND('',#1436,.T.);
#957=FACE_OUTER_BOUND('',#1437,.T.);
#958=EDGE_LOOP('',(#3743,#3744,#3745,#3746));
#959=EDGE_LOOP('',(#3747,#3748,#3749,#3750));
#960=EDGE_LOOP('',(#3751,#3752,#3753,#3754));
#961=EDGE_LOOP('',(#3755));
#962=EDGE_LOOP('',(#3756));
#963=EDGE_LOOP('',(#3757));
#964=EDGE_LOOP('',(#3758));
#965=EDGE_LOOP('',(#3759));
#966=EDGE_LOOP('',(#3760,#3761,#3762,#3763));
#967=EDGE_LOOP('',(#3764));
#968=EDGE_LOOP('',(#3765,#3766,#3767,#3768));
#969=EDGE_LOOP('',(#3769));
#970=EDGE_LOOP('',(#3770,#3771,#3772,#3773));
#971=EDGE_LOOP('',(#3774));
#972=EDGE_LOOP('',(#3775,#3776,#3777,#3778));
#973=EDGE_LOOP('',(#3779));
#974=EDGE_LOOP('',(#3780,#3781,#3782,#3783));
#975=EDGE_LOOP('',(#3784,#3785,#3786,#3787));
#976=EDGE_LOOP('',(#3788,#3789));
#977=EDGE_LOOP('',(#3790,#3791));
#978=EDGE_LOOP('',(#3792,#3793));
#979=EDGE_LOOP('',(#3794,#3795));
#980=EDGE_LOOP('',(#3796,#3797));
#981=EDGE_LOOP('',(#3798,#3799));
#982=EDGE_LOOP('',(#3800,#3801));
#983=EDGE_LOOP('',(#3802,#3803));
#984=EDGE_LOOP('',(#3804,#3805));
#985=EDGE_LOOP('',(#3806,#3807));
#986=EDGE_LOOP('',(#3808,#3809));
#987=EDGE_LOOP('',(#3810,#3811));
#988=EDGE_LOOP('',(#3812,#3813));
#989=EDGE_LOOP('',(#3814,#3815));
#990=EDGE_LOOP('',(#3816,#3817));
#991=EDGE_LOOP('',(#3818,#3819));
#992=EDGE_LOOP('',(#3820,#3821));
#993=EDGE_LOOP('',(#3822,#3823));
#994=EDGE_LOOP('',(#3824,#3825));
#995=EDGE_LOOP('',(#3826,#3827));
#996=EDGE_LOOP('',(#3828,#3829));
#997=EDGE_LOOP('',(#3830,#3831));
#998=EDGE_LOOP('',(#3832,#3833));
#999=EDGE_LOOP('',(#3834,#3835));
#1000=EDGE_LOOP('',(#3836,#3837));
#1001=EDGE_LOOP('',(#3838,#3839));
#1002=EDGE_LOOP('',(#3840,#3841));
#1003=EDGE_LOOP('',(#3842,#3843));
#1004=EDGE_LOOP('',(#3844,#3845));
#1005=EDGE_LOOP('',(#3846,#3847));
#1006=EDGE_LOOP('',(#3848,#3849));
#1007=EDGE_LOOP('',(#3850,#3851));
#1008=EDGE_LOOP('',(#3852,#3853));
#1009=EDGE_LOOP('',(#3854,#3855));
#1010=EDGE_LOOP('',(#3856,#3857));
#1011=EDGE_LOOP('',(#3858,#3859));
#1012=EDGE_LOOP('',(#3860,#3861,#3862,#3863));
#1013=EDGE_LOOP('',(#3864));
#1014=EDGE_LOOP('',(#3865));
#1015=EDGE_LOOP('',(#3866));
#1016=EDGE_LOOP('',(#3867));
#1017=EDGE_LOOP('',(#3868));
#1018=EDGE_LOOP('',(#3869));
#1019=EDGE_LOOP('',(#3870));
#1020=EDGE_LOOP('',(#3871));
#1021=EDGE_LOOP('',(#3872));
#1022=EDGE_LOOP('',(#3873));
#1023=EDGE_LOOP('',(#3874));
#1024=EDGE_LOOP('',(#3875));
#1025=EDGE_LOOP('',(#3876,#3877,#3878,#3879,#3880));
#1026=EDGE_LOOP('',(#3881,#3882,#3883,#3884,#3885));
#1027=EDGE_LOOP('',(#3886,#3887,#3888,#3889,#3890));
#1028=EDGE_LOOP('',(#3891));
#1029=EDGE_LOOP('',(#3892));
#1030=EDGE_LOOP('',(#3893));
#1031=EDGE_LOOP('',(#3894,#3895,#3896,#3897,#3898));
#1032=EDGE_LOOP('',(#3899,#3900,#3901,#3902,#3903));
#1033=EDGE_LOOP('',(#3904,#3905,#3906,#3907,#3908));
#1034=EDGE_LOOP('',(#3909));
#1035=EDGE_LOOP('',(#3910));
#1036=EDGE_LOOP('',(#3911));
#1037=EDGE_LOOP('',(#3912,#3913,#3914,#3915,#3916));
#1038=EDGE_LOOP('',(#3917));
#1039=EDGE_LOOP('',(#3918,#3919,#3920,#3921,#3922));
#1040=EDGE_LOOP('',(#3923));
#1041=EDGE_LOOP('',(#3924,#3925,#3926,#3927,#3928));
#1042=EDGE_LOOP('',(#3929));
#1043=EDGE_LOOP('',(#3930,#3931,#3932,#3933,#3934));
#1044=EDGE_LOOP('',(#3935));
#1045=EDGE_LOOP('',(#3936,#3937,#3938,#3939,#3940));
#1046=EDGE_LOOP('',(#3941));
#1047=EDGE_LOOP('',(#3942,#3943,#3944,#3945,#3946));
#1048=EDGE_LOOP('',(#3947));
#1049=EDGE_LOOP('',(#3948,#3949,#3950,#3951,#3952));
#1050=EDGE_LOOP('',(#3953));
#1051=EDGE_LOOP('',(#3954,#3955,#3956,#3957,#3958));
#1052=EDGE_LOOP('',(#3959));
#1053=EDGE_LOOP('',(#3960,#3961,#3962,#3963,#3964));
#1054=EDGE_LOOP('',(#3965));
#1055=EDGE_LOOP('',(#3966,#3967,#3968,#3969,#3970));
#1056=EDGE_LOOP('',(#3971));
#1057=EDGE_LOOP('',(#3972,#3973,#3974,#3975,#3976));
#1058=EDGE_LOOP('',(#3977));
#1059=EDGE_LOOP('',(#3978,#3979,#3980,#3981,#3982));
#1060=EDGE_LOOP('',(#3983));
#1061=EDGE_LOOP('',(#3984,#3985,#3986,#3987,#3988));
#1062=EDGE_LOOP('',(#3989));
#1063=EDGE_LOOP('',(#3990,#3991,#3992,#3993,#3994));
#1064=EDGE_LOOP('',(#3995));
#1065=EDGE_LOOP('',(#3996,#3997,#3998,#3999,#4000));
#1066=EDGE_LOOP('',(#4001));
#1067=EDGE_LOOP('',(#4002,#4003,#4004,#4005,#4006));
#1068=EDGE_LOOP('',(#4007));
#1069=EDGE_LOOP('',(#4008,#4009,#4010,#4011,#4012));
#1070=EDGE_LOOP('',(#4013));
#1071=EDGE_LOOP('',(#4014,#4015,#4016,#4017,#4018));
#1072=EDGE_LOOP('',(#4019));
#1073=EDGE_LOOP('',(#4020,#4021,#4022,#4023,#4024));
#1074=EDGE_LOOP('',(#4025));
#1075=EDGE_LOOP('',(#4026,#4027,#4028,#4029,#4030));
#1076=EDGE_LOOP('',(#4031));
#1077=EDGE_LOOP('',(#4032,#4033,#4034,#4035,#4036));
#1078=EDGE_LOOP('',(#4037));
#1079=EDGE_LOOP('',(#4038,#4039,#4040,#4041,#4042));
#1080=EDGE_LOOP('',(#4043));
#1081=EDGE_LOOP('',(#4044,#4045,#4046,#4047,#4048));
#1082=EDGE_LOOP('',(#4049));
#1083=EDGE_LOOP('',(#4050,#4051,#4052,#4053,#4054));
#1084=EDGE_LOOP('',(#4055));
#1085=EDGE_LOOP('',(#4056,#4057,#4058,#4059,#4060));
#1086=EDGE_LOOP('',(#4061));
#1087=EDGE_LOOP('',(#4062,#4063,#4064,#4065,#4066));
#1088=EDGE_LOOP('',(#4067));
#1089=EDGE_LOOP('',(#4068,#4069,#4070,#4071,#4072));
#1090=EDGE_LOOP('',(#4073));
#1091=EDGE_LOOP('',(#4074,#4075,#4076,#4077,#4078));
#1092=EDGE_LOOP('',(#4079));
#1093=EDGE_LOOP('',(#4080,#4081,#4082,#4083,#4084));
#1094=EDGE_LOOP('',(#4085));
#1095=EDGE_LOOP('',(#4086,#4087,#4088,#4089,#4090));
#1096=EDGE_LOOP('',(#4091));
#1097=EDGE_LOOP('',(#4092,#4093,#4094,#4095));
#1098=EDGE_LOOP('',(#4096));
#1099=EDGE_LOOP('',(#4097,#4098,#4099,#4100));
#1100=EDGE_LOOP('',(#4101,#4102,#4103,#4104));
#1101=EDGE_LOOP('',(#4105,#4106,#4107,#4108));
#1102=EDGE_LOOP('',(#4109,#4110,#4111,#4112));
#1103=EDGE_LOOP('',(#4113,#4114,#4115,#4116,#4117));
#1104=EDGE_LOOP('',(#4118,#4119,#4120,#4121));
#1105=EDGE_LOOP('',(#4122,#4123,#4124,#4125,#4126));
#1106=EDGE_LOOP('',(#4127,#4128,#4129,#4130));
#1107=EDGE_LOOP('',(#4131,#4132,#4133,#4134));
#1108=EDGE_LOOP('',(#4135,#4136,#4137,#4138,#4139));
#1109=EDGE_LOOP('',(#4140,#4141,#4142,#4143));
#1110=EDGE_LOOP('',(#4144,#4145,#4146,#4147,#4148));
#1111=EDGE_LOOP('',(#4149,#4150,#4151,#4152));
#1112=EDGE_LOOP('',(#4153,#4154,#4155,#4156));
#1113=EDGE_LOOP('',(#4157,#4158,#4159,#4160));
#1114=EDGE_LOOP('',(#4161,#4162,#4163,#4164,#4165));
#1115=EDGE_LOOP('',(#4166,#4167,#4168,#4169,#4170));
#1116=EDGE_LOOP('',(#4171,#4172,#4173,#4174));
#1117=EDGE_LOOP('',(#4175,#4176,#4177,#4178));
#1118=EDGE_LOOP('',(#4179,#4180,#4181,#4182));
#1119=EDGE_LOOP('',(#4183,#4184,#4185,#4186,#4187));
#1120=EDGE_LOOP('',(#4188,#4189,#4190,#4191,#4192));
#1121=EDGE_LOOP('',(#4193,#4194,#4195,#4196));
#1122=EDGE_LOOP('',(#4197,#4198,#4199,#4200));
#1123=EDGE_LOOP('',(#4201,#4202,#4203,#4204));
#1124=EDGE_LOOP('',(#4205,#4206,#4207,#4208));
#1125=EDGE_LOOP('',(#4209,#4210,#4211,#4212,#4213,#4214));
#1126=EDGE_LOOP('',(#4215,#4216,#4217));
#1127=EDGE_LOOP('',(#4218,#4219,#4220,#4221,#4222,#4223,#4224,#4225,#4226,
#4227,#4228,#4229,#4230));
#1128=EDGE_LOOP('',(#4231,#4232,#4233,#4234,#4235,#4236,#4237,#4238,#4239,
#4240));
#1129=EDGE_LOOP('',(#4241,#4242,#4243));
#1130=EDGE_LOOP('',(#4244,#4245,#4246,#4247));
#1131=EDGE_LOOP('',(#4248,#4249,#4250,#4251,#4252,#4253,#4254,#4255,#4256,
#4257,#4258,#4259,#4260,#4261,#4262,#4263,#4264,#4265,#4266,#4267));
#1132=EDGE_LOOP('',(#4268,#4269,#4270,#4271));
#1133=EDGE_LOOP('',(#4272,#4273,#4274,#4275));
#1134=EDGE_LOOP('',(#4276,#4277,#4278,#4279));
#1135=EDGE_LOOP('',(#4280,#4281,#4282,#4283));
#1136=EDGE_LOOP('',(#4284,#4285,#4286,#4287,#4288,#4289,#4290,#4291,#4292,
#4293,#4294,#4295,#4296));
#1137=EDGE_LOOP('',(#4297,#4298,#4299,#4300));
#1138=EDGE_LOOP('',(#4301,#4302,#4303,#4304));
#1139=EDGE_LOOP('',(#4305,#4306,#4307,#4308));
#1140=EDGE_LOOP('',(#4309,#4310,#4311,#4312));
#1141=EDGE_LOOP('',(#4313,#4314,#4315,#4316));
#1142=EDGE_LOOP('',(#4317,#4318,#4319,#4320));
#1143=EDGE_LOOP('',(#4321,#4322,#4323,#4324));
#1144=EDGE_LOOP('',(#4325,#4326));
#1145=EDGE_LOOP('',(#4327,#4328));
#1146=EDGE_LOOP('',(#4329,#4330));
#1147=EDGE_LOOP('',(#4331,#4332));
#1148=EDGE_LOOP('',(#4333,#4334));
#1149=EDGE_LOOP('',(#4335,#4336));
#1150=EDGE_LOOP('',(#4337,#4338,#4339,#4340));
#1151=EDGE_LOOP('',(#4341,#4342,#4343,#4344));
#1152=EDGE_LOOP('',(#4345,#4346,#4347,#4348));
#1153=EDGE_LOOP('',(#4349,#4350,#4351,#4352));
#1154=EDGE_LOOP('',(#4353,#4354,#4355,#4356));
#1155=EDGE_LOOP('',(#4357,#4358,#4359,#4360));
#1156=EDGE_LOOP('',(#4361,#4362,#4363,#4364));
#1157=EDGE_LOOP('',(#4365,#4366,#4367,#4368));
#1158=EDGE_LOOP('',(#4369,#4370,#4371,#4372));
#1159=EDGE_LOOP('',(#4373,#4374,#4375,#4376));
#1160=EDGE_LOOP('',(#4377));
#1161=EDGE_LOOP('',(#4378));
#1162=EDGE_LOOP('',(#4379));
#1163=EDGE_LOOP('',(#4380,#4381,#4382,#4383));
#1164=EDGE_LOOP('',(#4384,#4385,#4386,#4387));
#1165=EDGE_LOOP('',(#4388,#4389,#4390,#4391));
#1166=EDGE_LOOP('',(#4392,#4393,#4394,#4395));
#1167=EDGE_LOOP('',(#4396));
#1168=EDGE_LOOP('',(#4397));
#1169=EDGE_LOOP('',(#4398));
#1170=EDGE_LOOP('',(#4399,#4400,#4401,#4402));
#1171=EDGE_LOOP('',(#4403,#4404,#4405,#4406));
#1172=EDGE_LOOP('',(#4407,#4408,#4409,#4410,#4411,#4412,#4413,#4414,#4415,
#4416,#4417,#4418));
#1173=EDGE_LOOP('',(#4419,#4420,#4421,#4422));
#1174=EDGE_LOOP('',(#4423,#4424,#4425,#4426,#4427,#4428,#4429,#4430,#4431,
#4432,#4433,#4434));
#1175=EDGE_LOOP('',(#4435,#4436,#4437,#4438,#4439));
#1176=EDGE_LOOP('',(#4440,#4441,#4442,#4443,#4444));
#1177=EDGE_LOOP('',(#4445,#4446,#4447,#4448,#4449));
#1178=EDGE_LOOP('',(#4450,#4451,#4452,#4453,#4454));
#1179=EDGE_LOOP('',(#4455,#4456,#4457,#4458,#4459));
#1180=EDGE_LOOP('',(#4460,#4461,#4462,#4463,#4464));
#1181=EDGE_LOOP('',(#4465,#4466,#4467,#4468));
#1182=EDGE_LOOP('',(#4469,#4470,#4471,#4472));
#1183=EDGE_LOOP('',(#4473,#4474,#4475,#4476));
#1184=EDGE_LOOP('',(#4477,#4478,#4479,#4480));
#1185=EDGE_LOOP('',(#4481,#4482,#4483,#4484));
#1186=EDGE_LOOP('',(#4485,#4486,#4487,#4488));
#1187=EDGE_LOOP('',(#4489,#4490,#4491,#4492));
#1188=EDGE_LOOP('',(#4493,#4494,#4495,#4496));
#1189=EDGE_LOOP('',(#4497,#4498,#4499,#4500));
#1190=EDGE_LOOP('',(#4501,#4502,#4503,#4504));
#1191=EDGE_LOOP('',(#4505,#4506,#4507,#4508));
#1192=EDGE_LOOP('',(#4509,#4510,#4511,#4512));
#1193=EDGE_LOOP('',(#4513,#4514,#4515,#4516));
#1194=EDGE_LOOP('',(#4517,#4518,#4519,#4520));
#1195=EDGE_LOOP('',(#4521,#4522,#4523,#4524));
#1196=EDGE_LOOP('',(#4525,#4526,#4527,#4528));
#1197=EDGE_LOOP('',(#4529,#4530,#4531,#4532));
#1198=EDGE_LOOP('',(#4533,#4534,#4535,#4536));
#1199=EDGE_LOOP('',(#4537,#4538,#4539,#4540,#4541));
#1200=EDGE_LOOP('',(#4542,#4543,#4544,#4545,#4546));
#1201=EDGE_LOOP('',(#4547,#4548,#4549,#4550,#4551,#4552));
#1202=EDGE_LOOP('',(#4553,#4554,#4555,#4556,#4557,#4558));
#1203=EDGE_LOOP('',(#4559,#4560,#4561,#4562));
#1204=EDGE_LOOP('',(#4563,#4564,#4565,#4566,#4567,#4568));
#1205=EDGE_LOOP('',(#4569));
#1206=EDGE_LOOP('',(#4570,#4571));
#1207=EDGE_LOOP('',(#4572));
#1208=EDGE_LOOP('',(#4573,#4574));
#1209=EDGE_LOOP('',(#4575,#4576,#4577,#4578));
#1210=EDGE_LOOP('',(#4579,#4580,#4581,#4582,#4583));
#1211=EDGE_LOOP('',(#4584,#4585,#4586,#4587,#4588));
#1212=EDGE_LOOP('',(#4589,#4590,#4591,#4592,#4593,#4594,#4595));
#1213=EDGE_LOOP('',(#4596,#4597,#4598,#4599,#4600,#4601,#4602));
#1214=EDGE_LOOP('',(#4603,#4604,#4605,#4606,#4607,#4608));
#1215=EDGE_LOOP('',(#4609,#4610,#4611,#4612,#4613,#4614));
#1216=EDGE_LOOP('',(#4615,#4616,#4617,#4618,#4619,#4620));
#1217=EDGE_LOOP('',(#4621,#4622,#4623,#4624,#4625));
#1218=EDGE_LOOP('',(#4626,#4627,#4628,#4629,#4630));
#1219=EDGE_LOOP('',(#4631,#4632,#4633,#4634,#4635,#4636));
#1220=EDGE_LOOP('',(#4637,#4638,#4639,#4640,#4641));
#1221=EDGE_LOOP('',(#4642,#4643,#4644,#4645,#4646));
#1222=EDGE_LOOP('',(#4647,#4648,#4649,#4650,#4651));
#1223=EDGE_LOOP('',(#4652,#4653,#4654,#4655,#4656));
#1224=EDGE_LOOP('',(#4657,#4658,#4659,#4660,#4661));
#1225=EDGE_LOOP('',(#4662,#4663));
#1226=EDGE_LOOP('',(#4664,#4665));
#1227=EDGE_LOOP('',(#4666,#4667));
#1228=EDGE_LOOP('',(#4668,#4669,#4670,#4671,#4672,#4673));
#1229=EDGE_LOOP('',(#4674,#4675));
#1230=EDGE_LOOP('',(#4676,#4677));
#1231=EDGE_LOOP('',(#4678,#4679,#4680,#4681));
#1232=EDGE_LOOP('',(#4682));
#1233=EDGE_LOOP('',(#4683));
#1234=EDGE_LOOP('',(#4684));
#1235=EDGE_LOOP('',(#4685));
#1236=EDGE_LOOP('',(#4686));
#1237=EDGE_LOOP('',(#4687));
#1238=EDGE_LOOP('',(#4688));
#1239=EDGE_LOOP('',(#4689));
#1240=EDGE_LOOP('',(#4690));
#1241=EDGE_LOOP('',(#4691,#4692,#4693,#4694,#4695));
#1242=EDGE_LOOP('',(#4696,#4697,#4698,#4699,#4700));
#1243=EDGE_LOOP('',(#4701,#4702,#4703,#4704));
#1244=EDGE_LOOP('',(#4705,#4706,#4707,#4708,#4709));
#1245=EDGE_LOOP('',(#4710,#4711,#4712,#4713,#4714));
#1246=EDGE_LOOP('',(#4715,#4716,#4717,#4718,#4719));
#1247=EDGE_LOOP('',(#4720));
#1248=EDGE_LOOP('',(#4721,#4722,#4723,#4724,#4725,#4726));
#1249=EDGE_LOOP('',(#4727,#4728,#4729,#4730));
#1250=EDGE_LOOP('',(#4731,#4732,#4733,#4734));
#1251=EDGE_LOOP('',(#4735,#4736,#4737,#4738));
#1252=EDGE_LOOP('',(#4739,#4740,#4741,#4742));
#1253=EDGE_LOOP('',(#4743,#4744,#4745,#4746));
#1254=EDGE_LOOP('',(#4747,#4748,#4749,#4750));
#1255=EDGE_LOOP('',(#4751,#4752,#4753,#4754,#4755,#4756));
#1256=EDGE_LOOP('',(#4757,#4758));
#1257=EDGE_LOOP('',(#4759,#4760));
#1258=EDGE_LOOP('',(#4761,#4762));
#1259=EDGE_LOOP('',(#4763,#4764));
#1260=EDGE_LOOP('',(#4765,#4766));
#1261=EDGE_LOOP('',(#4767,#4768));
#1262=EDGE_LOOP('',(#4769,#4770,#4771,#4772));
#1263=EDGE_LOOP('',(#4773,#4774,#4775,#4776,#4777));
#1264=EDGE_LOOP('',(#4778,#4779,#4780,#4781,#4782));
#1265=EDGE_LOOP('',(#4783,#4784,#4785,#4786,#4787));
#1266=EDGE_LOOP('',(#4788));
#1267=EDGE_LOOP('',(#4789,#4790,#4791,#4792,#4793,#4794));
#1268=EDGE_LOOP('',(#4795,#4796,#4797,#4798));
#1269=EDGE_LOOP('',(#4799,#4800,#4801,#4802));
#1270=EDGE_LOOP('',(#4803,#4804,#4805,#4806));
#1271=EDGE_LOOP('',(#4807,#4808,#4809,#4810));
#1272=EDGE_LOOP('',(#4811,#4812,#4813,#4814));
#1273=EDGE_LOOP('',(#4815,#4816,#4817,#4818));
#1274=EDGE_LOOP('',(#4819,#4820,#4821,#4822,#4823,#4824));
#1275=EDGE_LOOP('',(#4825,#4826));
#1276=EDGE_LOOP('',(#4827,#4828));
#1277=EDGE_LOOP('',(#4829,#4830));
#1278=EDGE_LOOP('',(#4831,#4832));
#1279=EDGE_LOOP('',(#4833,#4834));
#1280=EDGE_LOOP('',(#4835,#4836));
#1281=EDGE_LOOP('',(#4837));
#1282=EDGE_LOOP('',(#4838,#4839,#4840,#4841));
#1283=EDGE_LOOP('',(#4842,#4843,#4844,#4845));
#1284=EDGE_LOOP('',(#4846));
#1285=EDGE_LOOP('',(#4847));
#1286=EDGE_LOOP('',(#4848));
#1287=EDGE_LOOP('',(#4849,#4850,#4851,#4852));
#1288=EDGE_LOOP('',(#4853,#4854,#4855,#4856));
#1289=EDGE_LOOP('',(#4857,#4858,#4859,#4860));
#1290=EDGE_LOOP('',(#4861,#4862,#4863,#4864));
#1291=EDGE_LOOP('',(#4865,#4866,#4867,#4868));
#1292=EDGE_LOOP('',(#4869,#4870,#4871,#4872));
#1293=EDGE_LOOP('',(#4873,#4874,#4875,#4876));
#1294=EDGE_LOOP('',(#4877,#4878,#4879,#4880));
#1295=EDGE_LOOP('',(#4881,#4882,#4883,#4884));
#1296=EDGE_LOOP('',(#4885,#4886,#4887,#4888));
#1297=EDGE_LOOP('',(#4889));
#1298=EDGE_LOOP('',(#4890));
#1299=EDGE_LOOP('',(#4891));
#1300=EDGE_LOOP('',(#4892));
#1301=EDGE_LOOP('',(#4893));
#1302=EDGE_LOOP('',(#4894));
#1303=EDGE_LOOP('',(#4895));
#1304=EDGE_LOOP('',(#4896));
#1305=EDGE_LOOP('',(#4897));
#1306=EDGE_LOOP('',(#4898));
#1307=EDGE_LOOP('',(#4899));
#1308=EDGE_LOOP('',(#4900));
#1309=EDGE_LOOP('',(#4901,#4902,#4903,#4904));
#1310=EDGE_LOOP('',(#4905,#4906,#4907,#4908));
#1311=EDGE_LOOP('',(#4909));
#1312=EDGE_LOOP('',(#4910));
#1313=EDGE_LOOP('',(#4911));
#1314=EDGE_LOOP('',(#4912));
#1315=EDGE_LOOP('',(#4913));
#1316=EDGE_LOOP('',(#4914));
#1317=EDGE_LOOP('',(#4915));
#1318=EDGE_LOOP('',(#4916));
#1319=EDGE_LOOP('',(#4917));
#1320=EDGE_LOOP('',(#4918));
#1321=EDGE_LOOP('',(#4919));
#1322=EDGE_LOOP('',(#4920));
#1323=EDGE_LOOP('',(#4921,#4922,#4923,#4924));
#1324=EDGE_LOOP('',(#4925,#4926,#4927,#4928));
#1325=EDGE_LOOP('',(#4929,#4930,#4931,#4932));
#1326=EDGE_LOOP('',(#4933,#4934,#4935,#4936));
#1327=EDGE_LOOP('',(#4937,#4938,#4939,#4940,#4941,#4942));
#1328=EDGE_LOOP('',(#4943,#4944,#4945,#4946));
#1329=EDGE_LOOP('',(#4947,#4948,#4949,#4950));
#1330=EDGE_LOOP('',(#4951,#4952,#4953,#4954,#4955,#4956));
#1331=EDGE_LOOP('',(#4957,#4958,#4959,#4960));
#1332=EDGE_LOOP('',(#4961,#4962,#4963));
#1333=EDGE_LOOP('',(#4964,#4965,#4966));
#1334=EDGE_LOOP('',(#4967,#4968,#4969,#4970));
#1335=EDGE_LOOP('',(#4971,#4972,#4973));
#1336=EDGE_LOOP('',(#4974,#4975,#4976));
#1337=EDGE_LOOP('',(#4977,#4978,#4979,#4980));
#1338=EDGE_LOOP('',(#4981,#4982,#4983,#4984));
#1339=EDGE_LOOP('',(#4985,#4986,#4987,#4988,#4989,#4990));
#1340=EDGE_LOOP('',(#4991,#4992,#4993,#4994));
#1341=EDGE_LOOP('',(#4995,#4996,#4997,#4998,#4999,#5000));
#1342=EDGE_LOOP('',(#5001,#5002,#5003,#5004));
#1343=EDGE_LOOP('',(#5005,#5006,#5007,#5008,#5009,#5010));
#1344=EDGE_LOOP('',(#5011));
#1345=EDGE_LOOP('',(#5012));
#1346=EDGE_LOOP('',(#5013));
#1347=EDGE_LOOP('',(#5014,#5015,#5016,#5017,#5018));
#1348=EDGE_LOOP('',(#5019,#5020,#5021,#5022));
#1349=EDGE_LOOP('',(#5023,#5024,#5025,#5026));
#1350=EDGE_LOOP('',(#5027,#5028,#5029,#5030,#5031));
#1351=EDGE_LOOP('',(#5032,#5033,#5034,#5035));
#1352=EDGE_LOOP('',(#5036));
#1353=EDGE_LOOP('',(#5037,#5038,#5039,#5040,#5041,#5042,#5043,#5044,#5045,
#5046,#5047,#5048));
#1354=EDGE_LOOP('',(#5049,#5050,#5051,#5052,#5053,#5054));
#1355=EDGE_LOOP('',(#5055,#5056,#5057,#5058));
#1356=EDGE_LOOP('',(#5059,#5060,#5061,#5062));
#1357=EDGE_LOOP('',(#5063,#5064,#5065,#5066));
#1358=EDGE_LOOP('',(#5067,#5068,#5069,#5070));
#1359=EDGE_LOOP('',(#5071,#5072,#5073,#5074,#5075,#5076));
#1360=EDGE_LOOP('',(#5077,#5078,#5079,#5080));
#1361=EDGE_LOOP('',(#5081,#5082,#5083,#5084));
#1362=EDGE_LOOP('',(#5085,#5086,#5087,#5088));
#1363=EDGE_LOOP('',(#5089,#5090,#5091));
#1364=EDGE_LOOP('',(#5092,#5093,#5094,#5095));
#1365=EDGE_LOOP('',(#5096,#5097,#5098,#5099));
#1366=EDGE_LOOP('',(#5100,#5101,#5102));
#1367=EDGE_LOOP('',(#5103,#5104,#5105,#5106));
#1368=EDGE_LOOP('',(#5107,#5108,#5109,#5110));
#1369=EDGE_LOOP('',(#5111,#5112,#5113,#5114));
#1370=EDGE_LOOP('',(#5115,#5116,#5117,#5118));
#1371=EDGE_LOOP('',(#5119,#5120,#5121,#5122));
#1372=EDGE_LOOP('',(#5123,#5124,#5125,#5126));
#1373=EDGE_LOOP('',(#5127,#5128,#5129,#5130));
#1374=EDGE_LOOP('',(#5131,#5132,#5133,#5134));
#1375=EDGE_LOOP('',(#5135,#5136,#5137,#5138));
#1376=EDGE_LOOP('',(#5139,#5140,#5141,#5142));
#1377=EDGE_LOOP('',(#5143,#5144,#5145,#5146,#5147,#5148));
#1378=EDGE_LOOP('',(#5149,#5150,#5151,#5152));
#1379=EDGE_LOOP('',(#5153,#5154,#5155,#5156));
#1380=EDGE_LOOP('',(#5157,#5158,#5159,#5160,#5161,#5162));
#1381=EDGE_LOOP('',(#5163,#5164,#5165,#5166));
#1382=EDGE_LOOP('',(#5167,#5168,#5169,#5170));
#1383=EDGE_LOOP('',(#5171,#5172,#5173,#5174,#5175,#5176,#5177,#5178));
#1384=EDGE_LOOP('',(#5179,#5180,#5181,#5182,#5183,#5184,#5185));
#1385=EDGE_LOOP('',(#5186,#5187,#5188,#5189,#5190,#5191,#5192));
#1386=EDGE_LOOP('',(#5193,#5194,#5195,#5196));
#1387=EDGE_LOOP('',(#5197));
#1388=EDGE_LOOP('',(#5198));
#1389=EDGE_LOOP('',(#5199));
#1390=EDGE_LOOP('',(#5200,#5201,#5202,#5203));
#1391=EDGE_LOOP('',(#5204,#5205,#5206,#5207));
#1392=EDGE_LOOP('',(#5208));
#1393=EDGE_LOOP('',(#5209));
#1394=EDGE_LOOP('',(#5210,#5211,#5212,#5213));
#1395=EDGE_LOOP('',(#5214,#5215,#5216,#5217));
#1396=EDGE_LOOP('',(#5218,#5219,#5220,#5221,#5222,#5223,#5224,#5225));
#1397=EDGE_LOOP('',(#5226,#5227,#5228,#5229));
#1398=EDGE_LOOP('',(#5230,#5231,#5232,#5233));
#1399=EDGE_LOOP('',(#5234,#5235,#5236,#5237));
#1400=EDGE_LOOP('',(#5238,#5239,#5240,#5241));
#1401=EDGE_LOOP('',(#5242,#5243,#5244,#5245));
#1402=EDGE_LOOP('',(#5246,#5247,#5248,#5249));
#1403=EDGE_LOOP('',(#5250,#5251,#5252,#5253));
#1404=EDGE_LOOP('',(#5254,#5255,#5256,#5257));
#1405=EDGE_LOOP('',(#5258,#5259,#5260,#5261));
#1406=EDGE_LOOP('',(#5262));
#1407=EDGE_LOOP('',(#5263));
#1408=EDGE_LOOP('',(#5264));
#1409=EDGE_LOOP('',(#5265));
#1410=EDGE_LOOP('',(#5266));
#1411=EDGE_LOOP('',(#5267));
#1412=EDGE_LOOP('',(#5268));
#1413=EDGE_LOOP('',(#5269));
#1414=EDGE_LOOP('',(#5270));
#1415=EDGE_LOOP('',(#5271));
#1416=EDGE_LOOP('',(#5272));
#1417=EDGE_LOOP('',(#5273));
#1418=EDGE_LOOP('',(#5274));
#1419=EDGE_LOOP('',(#5275));
#1420=EDGE_LOOP('',(#5276));
#1421=EDGE_LOOP('',(#5277));
#1422=EDGE_LOOP('',(#5278));
#1423=EDGE_LOOP('',(#5279));
#1424=EDGE_LOOP('',(#5280));
#1425=EDGE_LOOP('',(#5281,#5282,#5283,#5284,#5285,#5286));
#1426=EDGE_LOOP('',(#5287,#5288,#5289,#5290,#5291));
#1427=EDGE_LOOP('',(#5292));
#1428=EDGE_LOOP('',(#5293,#5294,#5295,#5296,#5297,#5298));
#1429=EDGE_LOOP('',(#5299,#5300,#5301,#5302,#5303,#5304));
#1430=EDGE_LOOP('',(#5305,#5306,#5307,#5308,#5309,#5310));
#1431=EDGE_LOOP('',(#5311,#5312,#5313,#5314,#5315,#5316));
#1432=EDGE_LOOP('',(#5317,#5318,#5319,#5320,#5321,#5322));
#1433=EDGE_LOOP('',(#5323,#5324,#5325,#5326,#5327,#5328));
#1434=EDGE_LOOP('',(#5329,#5330,#5331,#5332,#5333,#5334));
#1435=EDGE_LOOP('',(#5335,#5336,#5337,#5338,#5339,#5340));
#1436=EDGE_LOOP('',(#5341,#5342,#5343,#5344,#5345));
#1437=EDGE_LOOP('',(#5346));
#1438=LINE('',#8309,#1791);
#1439=LINE('',#8315,#1792);
#1440=LINE('',#8321,#1793);
#1441=LINE('',#8331,#1794);
#1442=LINE('',#8338,#1795);
#1443=LINE('',#8345,#1796);
#1444=LINE('',#8352,#1797);
#1445=LINE('',#8359,#1798);
#1446=LINE('',#8363,#1799);
#1447=LINE('',#9737,#1800);
#1448=LINE('',#9745,#1801);
#1449=LINE('',#9749,#1802);
#1450=LINE('',#9753,#1803);
#1451=LINE('',#9760,#1804);
#1452=LINE('',#9764,#1805);
#1453=LINE('',#9768,#1806);
#1454=LINE('',#9775,#1807);
#1455=LINE('',#9780,#1808);
#1456=LINE('',#9785,#1809);
#1457=LINE('',#9790,#1810);
#1458=LINE('',#9795,#1811);
#1459=LINE('',#9800,#1812);
#1460=LINE('',#9805,#1813);
#1461=LINE('',#9810,#1814);
#1462=LINE('',#9815,#1815);
#1463=LINE('',#9820,#1816);
#1464=LINE('',#9825,#1817);
#1465=LINE('',#9830,#1818);
#1466=LINE('',#9835,#1819);
#1467=LINE('',#9840,#1820);
#1468=LINE('',#9845,#1821);
#1469=LINE('',#9850,#1822);
#1470=LINE('',#9855,#1823);
#1471=LINE('',#9860,#1824);
#1472=LINE('',#9865,#1825);
#1473=LINE('',#9870,#1826);
#1474=LINE('',#9875,#1827);
#1475=LINE('',#9880,#1828);
#1476=LINE('',#9885,#1829);
#1477=LINE('',#9890,#1830);
#1478=LINE('',#9895,#1831);
#1479=LINE('',#9900,#1832);
#1480=LINE('',#9905,#1833);
#1481=LINE('',#9910,#1834);
#1482=LINE('',#9915,#1835);
#1483=LINE('',#9920,#1836);
#1484=LINE('',#9926,#1837);
#1485=LINE('',#9933,#1838);
#1486=LINE('',#9935,#1839);
#1487=LINE('',#9937,#1840);
#1488=LINE('',#9938,#1841);
#1489=LINE('',#9942,#1842);
#1490=LINE('',#9944,#1843);
#1491=LINE('',#9946,#1844);
#1492=LINE('',#9947,#1845);
#1493=LINE('',#9951,#1846);
#1494=LINE('',#9953,#1847);
#1495=LINE('',#9955,#1848);
#1496=LINE('',#9956,#1849);
#1497=LINE('',#9960,#1850);
#1498=LINE('',#9962,#1851);
#1499=LINE('',#9964,#1852);
#1500=LINE('',#9965,#1853);
#1501=LINE('',#9968,#1854);
#1502=LINE('',#9970,#1855);
#1503=LINE('',#9972,#1856);
#1504=LINE('',#9973,#1857);
#1505=LINE('',#9976,#1858);
#1506=LINE('',#9978,#1859);
#1507=LINE('',#9979,#1860);
#1508=LINE('',#9982,#1861);
#1509=LINE('',#9983,#1862);
#1510=LINE('',#9984,#1863);
#1511=LINE('',#9987,#1864);
#1512=LINE('',#9990,#1865);
#1513=LINE('',#9992,#1866);
#1514=LINE('',#9994,#1867);
#1515=LINE('',#9995,#1868);
#1516=LINE('',#9998,#1869);
#1517=LINE('',#10000,#1870);
#1518=LINE('',#10001,#1871);
#1519=LINE('',#10004,#1872);
#1520=LINE('',#10005,#1873);
#1521=LINE('',#10006,#1874);
#1522=LINE('',#10009,#1875);
#1523=LINE('',#10013,#1876);
#1524=LINE('',#10015,#1877);
#1525=LINE('',#10017,#1878);
#1526=LINE('',#10018,#1879);
#1527=LINE('',#10021,#1880);
#1528=LINE('',#10022,#1881);
#1529=LINE('',#10023,#1882);
#1530=LINE('',#10026,#1883);
#1531=LINE('',#10027,#1884);
#1532=LINE('',#10028,#1885);
#1533=LINE('',#10031,#1886);
#1534=LINE('',#10035,#1887);
#1535=LINE('',#10037,#1888);
#1536=LINE('',#10039,#1889);
#1537=LINE('',#10040,#1890);
#1538=LINE('',#10043,#1891);
#1539=LINE('',#10044,#1892);
#1540=LINE('',#10045,#1893);
#1541=LINE('',#10048,#1894);
#1542=LINE('',#10049,#1895);
#1543=LINE('',#10050,#1896);
#1544=LINE('',#10053,#1897);
#1545=LINE('',#10057,#1898);
#1546=LINE('',#10061,#1899);
#1547=LINE('',#10065,#1900);
#1548=LINE('',#10067,#1901);
#1549=LINE('',#10068,#1902);
#1550=LINE('',#10092,#1903);
#1551=LINE('',#10093,#1904);
#1552=LINE('',#10095,#1905);
#1553=LINE('',#10097,#1906);
#1554=LINE('',#10099,#1907);
#1555=LINE('',#10100,#1908);
#1556=LINE('',#10101,#1909);
#1557=LINE('',#10104,#1910);
#1558=LINE('',#10108,#1911);
#1559=LINE('',#10116,#1912);
#1560=LINE('',#10120,#1913);
#1561=LINE('',#10121,#1914);
#1562=LINE('',#10124,#1915);
#1563=LINE('',#10129,#1916);
#1564=LINE('',#10137,#1917);
#1565=LINE('',#10140,#1918);
#1566=LINE('',#10141,#1919);
#1567=LINE('',#10142,#1920);
#1568=LINE('',#10144,#1921);
#1569=LINE('',#10145,#1922);
#1570=LINE('',#10147,#1923);
#1571=LINE('',#10149,#1924);
#1572=LINE('',#10151,#1925);
#1573=LINE('',#10154,#1926);
#1574=LINE('',#10156,#1927);
#1575=LINE('',#10160,#1928);
#1576=LINE('',#10163,#1929);
#1577=LINE('',#10170,#1930);
#1578=LINE('',#10173,#1931);
#1579=LINE('',#10423,#1932);
#1580=LINE('',#10443,#1933);
#1581=LINE('',#10465,#1934);
#1582=LINE('',#10485,#1935);
#1583=LINE('',#10507,#1936);
#1584=LINE('',#10527,#1937);
#1585=LINE('',#10533,#1938);
#1586=LINE('',#10536,#1939);
#1587=LINE('',#10539,#1940);
#1588=LINE('',#10560,#1941);
#1589=LINE('',#10581,#1942);
#1590=LINE('',#10602,#1943);
#1591=LINE('',#10623,#1944);
#1592=LINE('',#10644,#1945);
#1593=LINE('',#10668,#1946);
#1594=LINE('',#10671,#1947);
#1595=LINE('',#10673,#1948);
#1596=LINE('',#10674,#1949);
#1597=LINE('',#10678,#1950);
#1598=LINE('',#10680,#1951);
#1599=LINE('',#10682,#1952);
#1600=LINE('',#10683,#1953);
#1601=LINE('',#10693,#1954);
#1602=LINE('',#10695,#1955);
#1603=LINE('',#10697,#1956);
#1604=LINE('',#10698,#1957);
#1605=LINE('',#10704,#1958);
#1606=LINE('',#10707,#1959);
#1607=LINE('',#10711,#1960);
#1608=LINE('',#10713,#1961);
#1609=LINE('',#10715,#1962);
#1610=LINE('',#10716,#1963);
#1611=LINE('',#10720,#1964);
#1612=LINE('',#10722,#1965);
#1613=LINE('',#10724,#1966);
#1614=LINE('',#10725,#1967);
#1615=LINE('',#10733,#1968);
#1616=LINE('',#10734,#1969);
#1617=LINE('',#10750,#1970);
#1618=LINE('',#10752,#1971);
#1619=LINE('',#10754,#1972);
#1620=LINE('',#10756,#1973);
#1621=LINE('',#10758,#1974);
#1622=LINE('',#10760,#1975);
#1623=LINE('',#10768,#1976);
#1624=LINE('',#10769,#1977);
#1625=LINE('',#10771,#1978);
#1626=LINE('',#10773,#1979);
#1627=LINE('',#10776,#1980);
#1628=LINE('',#10777,#1981);
#1629=LINE('',#10779,#1982);
#1630=LINE('',#10781,#1983);
#1631=LINE('',#10784,#1984);
#1632=LINE('',#10785,#1985);
#1633=LINE('',#10787,#1986);
#1634=LINE('',#10789,#1987);
#1635=LINE('',#10799,#1988);
#1636=LINE('',#10807,#1989);
#1637=LINE('',#10815,#1990);
#1638=LINE('',#10820,#1991);
#1639=LINE('',#10827,#1992);
#1640=LINE('',#10830,#1993);
#1641=LINE('',#10832,#1994);
#1642=LINE('',#10908,#1995);
#1643=LINE('',#11042,#1996);
#1644=LINE('',#11110,#1997);
#1645=LINE('',#11247,#1998);
#1646=LINE('',#11387,#1999);
#1647=LINE('',#11589,#2000);
#1648=LINE('',#11638,#2001);
#1649=LINE('',#11683,#2002);
#1650=LINE('',#11732,#2003);
#1651=LINE('',#11785,#2004);
#1652=LINE('',#11807,#2005);
#1653=LINE('',#11811,#2006);
#1654=LINE('',#11815,#2007);
#1655=LINE('',#11818,#2008);
#1656=LINE('',#11820,#2009);
#1657=LINE('',#11895,#2010);
#1658=LINE('',#11974,#2011);
#1659=LINE('',#11981,#2012);
#1660=LINE('',#11987,#2013);
#1661=LINE('',#11990,#2014);
#1662=LINE('',#12007,#2015);
#1663=LINE('',#12012,#2016);
#1664=LINE('',#12013,#2017);
#1665=LINE('',#12016,#2018);
#1666=LINE('',#12020,#2019);
#1667=LINE('',#12023,#2020);
#1668=LINE('',#12027,#2021);
#1669=LINE('',#12030,#2022);
#1670=LINE('',#12034,#2023);
#1671=LINE('',#12037,#2024);
#1672=LINE('',#12041,#2025);
#1673=LINE('',#12046,#2026);
#1674=LINE('',#12057,#2027);
#1675=LINE('',#12064,#2028);
#1676=LINE('',#12070,#2029);
#1677=LINE('',#12073,#2030);
#1678=LINE('',#12090,#2031);
#1679=LINE('',#12095,#2032);
#1680=LINE('',#12096,#2033);
#1681=LINE('',#12099,#2034);
#1682=LINE('',#12103,#2035);
#1683=LINE('',#12106,#2036);
#1684=LINE('',#12110,#2037);
#1685=LINE('',#12113,#2038);
#1686=LINE('',#12117,#2039);
#1687=LINE('',#12120,#2040);
#1688=LINE('',#12124,#2041);
#1689=LINE('',#12129,#2042);
#1690=LINE('',#12143,#2043);
#1691=LINE('',#12149,#2044);
#1692=LINE('',#12157,#2045);
#1693=LINE('',#12163,#2046);
#1694=LINE('',#12169,#2047);
#1695=LINE('',#12175,#2048);
#1696=LINE('',#12181,#2049);
#1697=LINE('',#12187,#2050);
#1698=LINE('',#12193,#2051);
#1699=LINE('',#12199,#2052);
#1700=LINE('',#12205,#2053);
#1701=LINE('',#12211,#2054);
#1702=LINE('',#12221,#2055);
#1703=LINE('',#12225,#2056);
#1704=LINE('',#12233,#2057);
#1705=LINE('',#12239,#2058);
#1706=LINE('',#12245,#2059);
#1707=LINE('',#12252,#2060);
#1708=LINE('',#12255,#2061);
#1709=LINE('',#12262,#2062);
#1710=LINE('',#12265,#2063);
#1711=LINE('',#12269,#2064);
#1712=LINE('',#12275,#2065);
#1713=LINE('',#12278,#2066);
#1714=LINE('',#12281,#2067);
#1715=LINE('',#12285,#2068);
#1716=LINE('',#12291,#2069);
#1717=LINE('',#12292,#2070);
#1718=LINE('',#12305,#2071);
#1719=LINE('',#12306,#2072);
#1720=LINE('',#12318,#2073);
#1721=LINE('',#12320,#2074);
#1722=LINE('',#12321,#2075);
#1723=LINE('',#12327,#2076);
#1724=LINE('',#12329,#2077);
#1725=LINE('',#12330,#2078);
#1726=LINE('',#12332,#2079);
#1727=LINE('',#12334,#2080);
#1728=LINE('',#12339,#2081);
#1729=LINE('',#12341,#2082);
#1730=LINE('',#12342,#2083);
#1731=LINE('',#12344,#2084);
#1732=LINE('',#12347,#2085);
#1733=LINE('',#12349,#2086);
#1734=LINE('',#12354,#2087);
#1735=LINE('',#12359,#2088);
#1736=LINE('',#12363,#2089);
#1737=LINE('',#12389,#2090);
#1738=LINE('',#12393,#2091);
#1739=LINE('',#12401,#2092);
#1740=LINE('',#12407,#2093);
#1741=LINE('',#12419,#2094);
#1742=LINE('',#12420,#2095);
#1743=LINE('',#12457,#2096);
#1744=LINE('',#12540,#2097);
#1745=LINE('',#12541,#2098);
#1746=LINE('',#12544,#2099);
#1747=LINE('',#12546,#2100);
#1748=LINE('',#12586,#2101);
#1749=LINE('',#12595,#2102);
#1750=LINE('',#12596,#2103);
#1751=LINE('',#12598,#2104);
#1752=LINE('',#12599,#2105);
#1753=LINE('',#12604,#2106);
#1754=LINE('',#12605,#2107);
#1755=LINE('',#12613,#2108);
#1756=LINE('',#12614,#2109);
#1757=LINE('',#12617,#2110);
#1758=LINE('',#12623,#2111);
#1759=LINE('',#12624,#2112);
#1760=LINE('',#12632,#2113);
#1761=LINE('',#12633,#2114);
#1762=LINE('',#12635,#2115);
#1763=LINE('',#12636,#2116);
#1764=LINE('',#12639,#2117);
#1765=LINE('',#12640,#2118);
#1766=LINE('',#12644,#2119);
#1767=LINE('',#12663,#2120);
#1768=LINE('',#12665,#2121);
#1769=LINE('',#12717,#2122);
#1770=LINE('',#12722,#2123);
#1771=LINE('',#12727,#2124);
#1772=LINE('',#12738,#2125);
#1773=LINE('',#12744,#2126);
#1774=LINE('',#12750,#2127);
#1775=LINE('',#12756,#2128);
#1776=LINE('',#12762,#2129);
#1777=LINE('',#12768,#2130);
#1778=LINE('',#12774,#2131);
#1779=LINE('',#12780,#2132);
#1780=LINE('',#12786,#2133);
#1781=LINE('',#12795,#2134);
#1782=LINE('',#12802,#2135);
#1783=LINE('',#12808,#2136);
#1784=LINE('',#12814,#2137);
#1785=LINE('',#12820,#2138);
#1786=LINE('',#12826,#2139);
#1787=LINE('',#12832,#2140);
#1788=LINE('',#12838,#2141);
#1789=LINE('',#12844,#2142);
#1790=LINE('',#12850,#2143);
#1791=VECTOR('',#6616,0.13);
#1792=VECTOR('',#6623,0.13);
#1793=VECTOR('',#6630,0.13);
#1794=VECTOR('',#6643,0.123621386968582);
#1795=VECTOR('',#6652,0.123621386968582);
#1796=VECTOR('',#6661,0.123621386968582);
#1797=VECTOR('',#6670,0.123621386968582);
#1798=VECTOR('',#6679,0.123621386968582);
#1799=VECTOR('',#6684,2.875);
#1800=VECTOR('',#6691,2.275);
#1801=VECTOR('',#6702,0.112);
#1802=VECTOR('',#6707,0.112);
#1803=VECTOR('',#6712,0.112);
#1804=VECTOR('',#6723,0.112);
#1805=VECTOR('',#6728,0.112);
#1806=VECTOR('',#6733,0.112);
#1807=VECTOR('',#6744,0.112);
#1808=VECTOR('',#6751,0.112);
#1809=VECTOR('',#6758,0.112);
#1810=VECTOR('',#6765,0.112);
#1811=VECTOR('',#6772,0.112);
#1812=VECTOR('',#6779,0.112);
#1813=VECTOR('',#6786,0.112);
#1814=VECTOR('',#6793,0.112);
#1815=VECTOR('',#6800,0.112);
#1816=VECTOR('',#6807,0.112);
#1817=VECTOR('',#6814,0.112);
#1818=VECTOR('',#6821,0.112);
#1819=VECTOR('',#6828,0.112);
#1820=VECTOR('',#6835,0.112);
#1821=VECTOR('',#6842,0.112);
#1822=VECTOR('',#6849,0.112);
#1823=VECTOR('',#6856,0.112);
#1824=VECTOR('',#6863,0.112);
#1825=VECTOR('',#6870,0.112);
#1826=VECTOR('',#6877,0.112);
#1827=VECTOR('',#6884,0.112);
#1828=VECTOR('',#6891,0.112);
#1829=VECTOR('',#6898,0.112);
#1830=VECTOR('',#6905,0.112);
#1831=VECTOR('',#6912,0.112);
#1832=VECTOR('',#6919,0.112);
#1833=VECTOR('',#6926,0.112);
#1834=VECTOR('',#6933,0.112);
#1835=VECTOR('',#6940,0.112);
#1836=VECTOR('',#6947,0.112);
#1837=VECTOR('',#6956,0.123621386968582);
#1838=VECTOR('',#6965,0.393700787401575);
#1839=VECTOR('',#6966,0.393700787401575);
#1840=VECTOR('',#6967,0.393700787401575);
#1841=VECTOR('',#6968,0.393700787401575);
#1842=VECTOR('',#6971,0.393700787401575);
#1843=VECTOR('',#6972,0.393700787401575);
#1844=VECTOR('',#6973,0.393700787401575);
#1845=VECTOR('',#6974,0.393700787401575);
#1846=VECTOR('',#6977,0.393700787401575);
#1847=VECTOR('',#6978,0.393700787401575);
#1848=VECTOR('',#6979,0.393700787401575);
#1849=VECTOR('',#6980,0.393700787401575);
#1850=VECTOR('',#6983,0.393700787401575);
#1851=VECTOR('',#6984,0.393700787401575);
#1852=VECTOR('',#6985,0.393700787401575);
#1853=VECTOR('',#6986,0.393700787401575);
#1854=VECTOR('',#6989,0.393700787401575);
#1855=VECTOR('',#6990,0.393700787401575);
#1856=VECTOR('',#6991,0.393700787401575);
#1857=VECTOR('',#6992,0.393700787401575);
#1858=VECTOR('',#6995,0.393700787401575);
#1859=VECTOR('',#6996,0.393700787401575);
#1860=VECTOR('',#6997,0.393700787401575);
#1861=VECTOR('',#7000,0.393700787401575);
#1862=VECTOR('',#7001,0.393700787401575);
#1863=VECTOR('',#7002,0.393700787401575);
#1864=VECTOR('',#7007,0.393700787401575);
#1865=VECTOR('',#7010,0.393700787401575);
#1866=VECTOR('',#7011,0.393700787401575);
#1867=VECTOR('',#7012,0.393700787401575);
#1868=VECTOR('',#7013,0.393700787401575);
#1869=VECTOR('',#7016,0.393700787401575);
#1870=VECTOR('',#7017,0.393700787401575);
#1871=VECTOR('',#7018,0.393700787401575);
#1872=VECTOR('',#7021,0.393700787401575);
#1873=VECTOR('',#7022,0.393700787401575);
#1874=VECTOR('',#7023,0.393700787401575);
#1875=VECTOR('',#7028,0.393700787401575);
#1876=VECTOR('',#7031,0.393700787401575);
#1877=VECTOR('',#7032,0.393700787401575);
#1878=VECTOR('',#7033,0.393700787401575);
#1879=VECTOR('',#7034,0.393700787401575);
#1880=VECTOR('',#7037,0.393700787401575);
#1881=VECTOR('',#7038,0.393700787401575);
#1882=VECTOR('',#7039,0.393700787401575);
#1883=VECTOR('',#7042,0.393700787401575);
#1884=VECTOR('',#7043,0.393700787401575);
#1885=VECTOR('',#7044,0.393700787401575);
#1886=VECTOR('',#7049,0.393700787401575);
#1887=VECTOR('',#7052,0.393700787401575);
#1888=VECTOR('',#7053,0.393700787401575);
#1889=VECTOR('',#7054,0.393700787401575);
#1890=VECTOR('',#7055,0.393700787401575);
#1891=VECTOR('',#7058,0.393700787401575);
#1892=VECTOR('',#7059,0.393700787401575);
#1893=VECTOR('',#7060,0.393700787401575);
#1894=VECTOR('',#7063,0.393700787401575);
#1895=VECTOR('',#7064,0.393700787401575);
#1896=VECTOR('',#7065,0.393700787401575);
#1897=VECTOR('',#7070,0.393700787401575);
#1898=VECTOR('',#7073,0.393700787401575);
#1899=VECTOR('',#7076,0.393700787401575);
#1900=VECTOR('',#7081,0.393700787401575);
#1901=VECTOR('',#7082,0.393700787401575);
#1902=VECTOR('',#7083,0.393700787401575);
#1903=VECTOR('',#7092,0.393700787401575);
#1904=VECTOR('',#7093,0.393700787401575);
#1905=VECTOR('',#7096,0.393700787401575);
#1906=VECTOR('',#7097,0.393700787401575);
#1907=VECTOR('',#7098,0.393700787401575);
#1908=VECTOR('',#7099,0.393700787401575);
#1909=VECTOR('',#7100,0.393700787401575);
#1910=VECTOR('',#7103,0.393700787401575);
#1911=VECTOR('',#7106,0.393700787401575);
#1912=VECTOR('',#7113,0.393700787401575);
#1913=VECTOR('',#7118,0.393700787401575);
#1914=VECTOR('',#7119,0.393700787401575);
#1915=VECTOR('',#7122,0.393700787401575);
#1916=VECTOR('',#7127,0.393700787401575);
#1917=VECTOR('',#7134,0.393700787401575);
#1918=VECTOR('',#7137,0.393700787401575);
#1919=VECTOR('',#7138,0.393700787401575);
#1920=VECTOR('',#7139,0.393700787401575);
#1921=VECTOR('',#7142,0.393700787401575);
#1922=VECTOR('',#7143,0.393700787401575);
#1923=VECTOR('',#7146,0.393700787401575);
#1924=VECTOR('',#7149,0.393700787401575);
#1925=VECTOR('',#7152,0.393700787401575);
#1926=VECTOR('',#7157,0.393700787401575);
#1927=VECTOR('',#7160,0.393700787401575);
#1928=VECTOR('',#7165,0.393700787401575);
#1929=VECTOR('',#7170,0.393700787401575);
#1930=VECTOR('',#7177,39.3700787401575);
#1931=VECTOR('',#7180,39.3700787401575);
#1932=VECTOR('',#7181,39.3700787401575);
#1933=VECTOR('',#7182,39.3700787401575);
#1934=VECTOR('',#7183,39.3700787401575);
#1935=VECTOR('',#7184,39.3700787401575);
#1936=VECTOR('',#7185,39.3700787401575);
#1937=VECTOR('',#7186,39.3700787401575);
#1938=VECTOR('',#7191,39.3700787401575);
#1939=VECTOR('',#7194,39.3700787401575);
#1940=VECTOR('',#7195,39.3700787401575);
#1941=VECTOR('',#7196,39.3700787401575);
#1942=VECTOR('',#7197,39.3700787401575);
#1943=VECTOR('',#7198,39.3700787401575);
#1944=VECTOR('',#7199,39.3700787401575);
#1945=VECTOR('',#7200,39.3700787401575);
#1946=VECTOR('',#7205,39.3700787401575);
#1947=VECTOR('',#7208,39.3700787401575);
#1948=VECTOR('',#7211,39.3700787401575);
#1949=VECTOR('',#7212,39.3700787401575);
#1950=VECTOR('',#7215,39.3700787401575);
#1951=VECTOR('',#7216,39.3700787401575);
#1952=VECTOR('',#7217,39.3700787401575);
#1953=VECTOR('',#7218,39.3700787401575);
#1954=VECTOR('',#7227,39.3700787401575);
#1955=VECTOR('',#7228,39.3700787401575);
#1956=VECTOR('',#7229,39.3700787401575);
#1957=VECTOR('',#7230,39.3700787401575);
#1958=VECTOR('',#7235,39.3700787401575);
#1959=VECTOR('',#7238,39.3700787401575);
#1960=VECTOR('',#7241,39.3700787401575);
#1961=VECTOR('',#7242,39.3700787401575);
#1962=VECTOR('',#7243,39.3700787401575);
#1963=VECTOR('',#7244,39.3700787401575);
#1964=VECTOR('',#7247,39.3700787401575);
#1965=VECTOR('',#7248,39.3700787401575);
#1966=VECTOR('',#7249,39.3700787401575);
#1967=VECTOR('',#7250,39.3700787401575);
#1968=VECTOR('',#7259,39.3700787401575);
#1969=VECTOR('',#7260,39.3700787401575);
#1970=VECTOR('',#7291,0.0885);
#1971=VECTOR('',#7294,0.0885);
#1972=VECTOR('',#7297,0.0885);
#1973=VECTOR('',#7300,0.0885);
#1974=VECTOR('',#7303,0.0885);
#1975=VECTOR('',#7306,0.0885);
#1976=VECTOR('',#7321,39.3700787401575);
#1977=VECTOR('',#7322,39.3700787401575);
#1978=VECTOR('',#7325,39.3700787401575);
#1979=VECTOR('',#7328,39.3700787401575);
#1980=VECTOR('',#7333,39.3700787401575);
#1981=VECTOR('',#7334,39.3700787401575);
#1982=VECTOR('',#7337,39.3700787401575);
#1983=VECTOR('',#7340,39.3700787401575);
#1984=VECTOR('',#7345,39.3700787401575);
#1985=VECTOR('',#7346,39.3700787401575);
#1986=VECTOR('',#7349,39.3700787401575);
#1987=VECTOR('',#7352,39.3700787401575);
#1988=VECTOR('',#7365,0.450464719006317);
#1989=VECTOR('',#7374,0.507507186468962);
#1990=VECTOR('',#7385,0.524999999999999);
#1991=VECTOR('',#7390,0.524999999999999);
#1992=VECTOR('',#7397,39.3700787401575);
#1993=VECTOR('',#7400,39.3700787401575);
#1994=VECTOR('',#7403,0.5234375);
#1995=VECTOR('',#7416,0.393700787401575);
#1996=VECTOR('',#7417,0.393700787401575);
#1997=VECTOR('',#7418,0.393700787401575);
#1998=VECTOR('',#7419,0.393700787401575);
#1999=VECTOR('',#7422,0.125);
#2000=VECTOR('',#7425,0.125);
#2001=VECTOR('',#7432,0.135);
#2002=VECTOR('',#7439,0.135);
#2003=VECTOR('',#7446,0.135);
#2004=VECTOR('',#7459,1.375);
#2005=VECTOR('',#7486,0.135);
#2006=VECTOR('',#7491,0.135);
#2007=VECTOR('',#7496,0.135);
#2008=VECTOR('',#7501,1.375);
#2009=VECTOR('',#7504,0.728043180436413);
#2010=VECTOR('',#7509,0.5);
#2011=VECTOR('',#7518,65.5228142657677);
#2012=VECTOR('',#7527,0.0684956132868986);
#2013=VECTOR('',#7534,0.125);
#2014=VECTOR('',#7537,0.125);
#2015=VECTOR('',#7556,39.3700787401575);
#2016=VECTOR('',#7557,39.3700787401575);
#2017=VECTOR('',#7558,39.3700787401575);
#2018=VECTOR('',#7561,39.3700787401575);
#2019=VECTOR('',#7562,39.3700787401575);
#2020=VECTOR('',#7565,39.3700787401575);
#2021=VECTOR('',#7566,39.3700787401575);
#2022=VECTOR('',#7569,39.3700787401575);
#2023=VECTOR('',#7570,39.3700787401575);
#2024=VECTOR('',#7573,39.3700787401575);
#2025=VECTOR('',#7574,39.3700787401575);
#2026=VECTOR('',#7577,39.3700787401575);
#2027=VECTOR('',#7594,65.5228142657677);
#2028=VECTOR('',#7603,0.0684956132868986);
#2029=VECTOR('',#7610,0.125);
#2030=VECTOR('',#7613,0.125);
#2031=VECTOR('',#7632,39.3700787401575);
#2032=VECTOR('',#7633,39.3700787401575);
#2033=VECTOR('',#7634,39.3700787401575);
#2034=VECTOR('',#7637,39.3700787401575);
#2035=VECTOR('',#7638,39.3700787401575);
#2036=VECTOR('',#7641,39.3700787401575);
#2037=VECTOR('',#7642,39.3700787401575);
#2038=VECTOR('',#7645,39.3700787401575);
#2039=VECTOR('',#7646,39.3700787401575);
#2040=VECTOR('',#7649,39.3700787401575);
#2041=VECTOR('',#7650,39.3700787401575);
#2042=VECTOR('',#7653,39.3700787401575);
#2043=VECTOR('',#7676,2.1);
#2044=VECTOR('',#7683,2.25);
#2045=VECTOR('',#7694,0.11);
#2046=VECTOR('',#7701,0.11);
#2047=VECTOR('',#7708,0.11);
#2048=VECTOR('',#7715,0.11);
#2049=VECTOR('',#7722,0.11);
#2050=VECTOR('',#7729,0.11);
#2051=VECTOR('',#7736,0.11);
#2052=VECTOR('',#7743,0.11);
#2053=VECTOR('',#7750,2.25836268765224);
#2054=VECTOR('',#7757,2.50000007978574);
#2055=VECTOR('',#7770,2.10000006702003);
#2056=VECTOR('',#7775,3.);
#2057=VECTOR('',#7786,0.15);
#2058=VECTOR('',#7793,0.15);
#2059=VECTOR('',#7800,0.15);
#2060=VECTOR('',#7807,0.393700787401575);
#2061=VECTOR('',#7810,0.393700787401575);
#2062=VECTOR('',#7817,0.393700787401575);
#2063=VECTOR('',#7820,0.393700787401575);
#2064=VECTOR('',#7825,0.393700787401575);
#2065=VECTOR('',#7830,0.393700787401575);
#2066=VECTOR('',#7833,0.393700787401575);
#2067=VECTOR('',#7836,0.393700787401575);
#2068=VECTOR('',#7839,0.393700787401575);
#2069=VECTOR('',#7846,0.393700787401575);
#2070=VECTOR('',#7847,0.393700787401575);
#2071=VECTOR('',#7864,0.393700787401575);
#2072=VECTOR('',#7865,0.393700787401575);
#2073=VECTOR('',#7882,0.393700787401575);
#2074=VECTOR('',#7885,0.393700787401575);
#2075=VECTOR('',#7886,0.393700787401575);
#2076=VECTOR('',#7893,0.393700787401575);
#2077=VECTOR('',#7896,0.393700787401575);
#2078=VECTOR('',#7897,0.393700787401575);
#2079=VECTOR('',#7900,0.393700787401575);
#2080=VECTOR('',#7901,0.393700787401575);
#2081=VECTOR('',#7908,0.393700787401575);
#2082=VECTOR('',#7909,0.393700787401575);
#2083=VECTOR('',#7910,0.393700787401575);
#2084=VECTOR('',#7913,0.393700787401575);
#2085=VECTOR('',#7918,0.393700787401575);
#2086=VECTOR('',#7921,0.393700787401575);
#2087=VECTOR('',#7926,2.3);
#2088=VECTOR('',#7931,0.393700787401575);
#2089=VECTOR('',#7934,0.393700787401575);
#2090=VECTOR('',#7937,0.393700787401575);
#2091=VECTOR('',#7940,0.393700787401575);
#2092=VECTOR('',#7949,0.393700787401575);
#2093=VECTOR('',#7954,0.393700787401575);
#2094=VECTOR('',#7969,0.393700787401575);
#2095=VECTOR('',#7970,0.393700787401575);
#2096=VECTOR('',#7979,0.393700787401575);
#2097=VECTOR('',#7996,0.393700787401575);
#2098=VECTOR('',#7997,0.393700787401575);
#2099=VECTOR('',#8000,0.393700787401575);
#2100=VECTOR('',#8001,0.393700787401575);
#2101=VECTOR('',#8020,0.393700787401575);
#2102=VECTOR('',#8031,0.393700787401575);
#2103=VECTOR('',#8032,0.393700787401575);
#2104=VECTOR('',#8035,0.393700787401575);
#2105=VECTOR('',#8036,0.393700787401575);
#2106=VECTOR('',#8041,0.393700787401575);
#2107=VECTOR('',#8042,0.393700787401575);
#2108=VECTOR('',#8053,0.393700787401575);
#2109=VECTOR('',#8054,0.393700787401575);
#2110=VECTOR('',#8057,0.393700787401575);
#2111=VECTOR('',#8064,0.393700787401575);
#2112=VECTOR('',#8065,0.393700787401575);
#2113=VECTOR('',#8076,0.393700787401575);
#2114=VECTOR('',#8077,0.393700787401575);
#2115=VECTOR('',#8080,0.393700787401575);
#2116=VECTOR('',#8081,0.393700787401575);
#2117=VECTOR('',#8084,0.393700787401575);
#2118=VECTOR('',#8085,0.393700787401575);
#2119=VECTOR('',#8090,0.393700787401575);
#2120=VECTOR('',#8093,0.393700787401575);
#2121=VECTOR('',#8094,0.393700787401575);
#2122=VECTOR('',#8107,0.393700787401575);
#2123=VECTOR('',#8116,0.393700787401575);
#2124=VECTOR('',#8121,2.5);
#2125=VECTOR('',#8138,0.11);
#2126=VECTOR('',#8145,0.11);
#2127=VECTOR('',#8152,0.11);
#2128=VECTOR('',#8159,0.11);
#2129=VECTOR('',#8166,0.11);
#2130=VECTOR('',#8173,0.11);
#2131=VECTOR('',#8180,0.11);
#2132=VECTOR('',#8187,0.11);
#2133=VECTOR('',#8194,3.);
#2134=VECTOR('',#8207,0.1);
#2135=VECTOR('',#8216,0.1);
#2136=VECTOR('',#8223,0.1);
#2137=VECTOR('',#8230,0.1);
#2138=VECTOR('',#8237,0.1);
#2139=VECTOR('',#8244,0.1);
#2140=VECTOR('',#8251,0.1);
#2141=VECTOR('',#8258,0.1);
#2142=VECTOR('',#8265,0.1);
#2143=VECTOR('',#8272,0.1);
#2144=CIRCLE('',#5940,0.13);
#2145=CIRCLE('',#5941,0.13);
#2146=CIRCLE('',#5943,0.13);
#2147=CIRCLE('',#5944,0.13);
#2148=CIRCLE('',#5946,0.13);
#2149=CIRCLE('',#5947,0.13);
#2150=CIRCLE('',#5949,2.875);
#2151=CIRCLE('',#5951,0.123621386968582);
#2152=CIRCLE('',#5953,0.123621386968582);
#2153=CIRCLE('',#5955,0.123621386968582);
#2154=CIRCLE('',#5957,0.123621386968582);
#2155=CIRCLE('',#5959,0.123621386968582);
#2156=CIRCLE('',#5961,0.123621386968582);
#2157=CIRCLE('',#5963,0.123621386968582);
#2158=CIRCLE('',#5965,0.123621386968582);
#2159=CIRCLE('',#5967,0.123621386968582);
#2160=CIRCLE('',#5969,0.123621386968582);
#2161=CIRCLE('',#5971,2.875);
#2162=CIRCLE('',#5973,2.275);
#2163=CIRCLE('',#5974,2.275);
#2164=CIRCLE('',#5976,0.123621386968582);
#2165=CIRCLE('',#5979,0.112);
#2166=CIRCLE('',#5981,0.112);
#2167=CIRCLE('',#5983,0.112);
#2168=CIRCLE('',#5988,0.112);
#2169=CIRCLE('',#5990,0.112);
#2170=CIRCLE('',#5992,0.112);
#2171=CIRCLE('',#5997,0.112);
#2172=CIRCLE('',#6000,0.112);
#2173=CIRCLE('',#6003,0.112);
#2174=CIRCLE('',#6006,0.112);
#2175=CIRCLE('',#6009,0.112);
#2176=CIRCLE('',#6012,0.112);
#2177=CIRCLE('',#6015,0.112);
#2178=CIRCLE('',#6018,0.112);
#2179=CIRCLE('',#6021,0.112);
#2180=CIRCLE('',#6024,0.112);
#2181=CIRCLE('',#6027,0.112);
#2182=CIRCLE('',#6030,0.112);
#2183=CIRCLE('',#6033,0.112);
#2184=CIRCLE('',#6036,0.112);
#2185=CIRCLE('',#6039,0.112);
#2186=CIRCLE('',#6042,0.112);
#2187=CIRCLE('',#6045,0.112);
#2188=CIRCLE('',#6048,0.112);
#2189=CIRCLE('',#6051,0.112);
#2190=CIRCLE('',#6054,0.112);
#2191=CIRCLE('',#6057,0.112);
#2192=CIRCLE('',#6060,0.112);
#2193=CIRCLE('',#6063,0.112);
#2194=CIRCLE('',#6066,0.112);
#2195=CIRCLE('',#6069,0.112);
#2196=CIRCLE('',#6072,0.112);
#2197=CIRCLE('',#6075,0.112);
#2198=CIRCLE('',#6078,0.112);
#2199=CIRCLE('',#6081,0.112);
#2200=CIRCLE('',#6084,0.112);
#2201=CIRCLE('',#6087,0.123621386968582);
#2202=CIRCLE('',#6116,7.50000000000001);
#2203=CIRCLE('',#6117,9.);
#2204=CIRCLE('',#6120,8.905);
#2205=CIRCLE('',#6121,7.605);
#2206=CIRCLE('',#6125,0.200000000000001);
#2207=CIRCLE('',#6126,0.199999999999998);
#2208=CIRCLE('',#6127,2.90500000000001);
#2209=CIRCLE('',#6128,0.199999999999998);
#2210=CIRCLE('',#6129,0.200000000000001);
#2211=CIRCLE('',#6132,2.875);
#2212=CIRCLE('',#6133,0.200000000000001);
#2213=CIRCLE('',#6134,0.199999999999998);
#2214=CIRCLE('',#6135,2.90500000000001);
#2215=CIRCLE('',#6136,0.199999999999998);
#2216=CIRCLE('',#6137,0.200000000000001);
#2217=CIRCLE('',#6147,2.875);
#2218=CIRCLE('',#6151,2.87499999999831);
#2219=CIRCLE('',#6152,2.87499999999831);
#2220=CIRCLE('',#6154,2.905);
#2221=CIRCLE('',#6155,2.905);
#2222=CIRCLE('',#6157,9.);
#2223=CIRCLE('',#6158,9.);
#2224=CIRCLE('',#6161,0.0885);
#2225=CIRCLE('',#6162,0.0885);
#2226=CIRCLE('',#6163,0.0885);
#2227=CIRCLE('',#6166,8.905);
#2228=CIRCLE('',#6167,8.905);
#2229=CIRCLE('',#6170,0.0885);
#2230=CIRCLE('',#6171,0.0885);
#2231=CIRCLE('',#6172,0.0885);
#2232=CIRCLE('',#6175,0.2);
#2233=CIRCLE('',#6176,0.2);
#2234=CIRCLE('',#6177,0.2);
#2235=CIRCLE('',#6178,0.2);
#2236=CIRCLE('',#6179,0.2);
#2237=CIRCLE('',#6180,0.2);
#2238=CIRCLE('',#6182,0.2);
#2239=CIRCLE('',#6183,0.2);
#2240=CIRCLE('',#6184,0.2);
#2241=CIRCLE('',#6185,0.2);
#2242=CIRCLE('',#6186,0.2);
#2243=CIRCLE('',#6187,0.2);
#2244=CIRCLE('',#6216,0.507452776831717);
#2245=CIRCLE('',#6217,0.450464719006317);
#2246=CIRCLE('',#6218,0.507452776831717);
#2247=CIRCLE('',#6220,0.507507186468962);
#2248=CIRCLE('',#6221,0.452213099930966);
#2249=CIRCLE('',#6222,0.507507186468962);
#2250=CIRCLE('',#6224,0.5234375);
#2251=CIRCLE('',#6225,0.5234375);
#2252=CIRCLE('',#6227,0.5234375);
#2253=CIRCLE('',#6228,0.5234375);
#2254=CIRCLE('',#6230,0.412);
#2255=CIRCLE('',#6231,0.412);
#2256=CIRCLE('',#6234,0.0559046107223991);
#2257=CIRCLE('',#6236,0.0559046107223991);
#2258=CIRCLE('',#6242,0.135);
#2259=CIRCLE('',#6243,0.135);
#2260=CIRCLE('',#6245,0.135);
#2261=CIRCLE('',#6246,0.135);
#2262=CIRCLE('',#6248,0.135);
#2263=CIRCLE('',#6249,0.135);
#2264=CIRCLE('',#6251,1.375);
#2265=CIRCLE('',#6252,1.375);
#2266=CIRCLE('',#6253,0.05);
#2267=CIRCLE('',#6254,1.32674497483512);
#2268=CIRCLE('',#6256,1.375);
#2269=CIRCLE('',#6258,0.728043180436413);
#2270=CIRCLE('',#6259,0.728043180436413);
#2271=CIRCLE('',#6260,0.05);
#2272=CIRCLE('',#6261,0.776176408114279);
#2273=CIRCLE('',#6262,0.776176408114279);
#2274=CIRCLE('',#6264,0.573374245693117);
#2275=CIRCLE('',#6265,0.0500000000000001);
#2276=CIRCLE('',#6266,0.623252448206108);
#2277=CIRCLE('',#6267,0.623252448206108);
#2278=CIRCLE('',#6269,0.135);
#2279=CIRCLE('',#6271,0.135);
#2280=CIRCLE('',#6273,0.135);
#2281=CIRCLE('',#6277,0.5);
#2282=CIRCLE('',#6278,0.5);
#2283=CIRCLE('',#6282,0.0684956132868986);
#2284=CIRCLE('',#6283,0.0684956132868986);
#2285=CIRCLE('',#6285,0.125);
#2286=CIRCLE('',#6287,0.125);
#2287=CIRCLE('',#6288,0.125);
#2288=CIRCLE('',#6290,0.1);
#2289=CIRCLE('',#6292,0.0721687836487033);
#2290=CIRCLE('',#6293,0.0721687836487033);
#2291=CIRCLE('',#6294,0.0721687836487033);
#2292=CIRCLE('',#6295,0.0721687836487033);
#2293=CIRCLE('',#6296,0.0721687836487033);
#2294=CIRCLE('',#6297,0.0721687836487033);
#2295=CIRCLE('',#6312,0.0684956132868986);
#2296=CIRCLE('',#6313,0.0684956132868986);
#2297=CIRCLE('',#6315,0.125);
#2298=CIRCLE('',#6317,0.125);
#2299=CIRCLE('',#6318,0.125);
#2300=CIRCLE('',#6320,0.1);
#2301=CIRCLE('',#6322,0.0721687836487034);
#2302=CIRCLE('',#6323,0.0721687836487034);
#2303=CIRCLE('',#6324,0.0721687836487034);
#2304=CIRCLE('',#6325,0.0721687836487034);
#2305=CIRCLE('',#6326,0.0721687836487034);
#2306=CIRCLE('',#6327,0.0721687836487034);
#2307=CIRCLE('',#6343,2.1);
#2308=CIRCLE('',#6345,2.1);
#2309=CIRCLE('',#6347,2.25);
#2310=CIRCLE('',#6348,2.25);
#2311=CIRCLE('',#6352,0.11);
#2312=CIRCLE('',#6353,0.11);
#2313=CIRCLE('',#6355,0.11);
#2314=CIRCLE('',#6356,0.11);
#2315=CIRCLE('',#6358,0.11);
#2316=CIRCLE('',#6359,0.11);
#2317=CIRCLE('',#6361,0.11);
#2318=CIRCLE('',#6362,0.11);
#2319=CIRCLE('',#6364,0.11);
#2320=CIRCLE('',#6365,0.11);
#2321=CIRCLE('',#6367,0.11);
#2322=CIRCLE('',#6368,0.11);
#2323=CIRCLE('',#6370,0.11);
#2324=CIRCLE('',#6371,0.11);
#2325=CIRCLE('',#6373,0.11);
#2326=CIRCLE('',#6374,0.11);
#2327=CIRCLE('',#6376,2.25836268765224);
#2328=CIRCLE('',#6377,2.25836268765224);
#2329=CIRCLE('',#6379,2.50000007978574);
#2330=CIRCLE('',#6380,2.50000007978574);
#2331=CIRCLE('',#6383,3.);
#2332=CIRCLE('',#6385,2.10000006702003);
#2333=CIRCLE('',#6386,2.10000006702003);
#2334=CIRCLE('',#6388,3.);
#2335=CIRCLE('',#6392,0.15);
#2336=CIRCLE('',#6393,0.15);
#2337=CIRCLE('',#6395,0.15);
#2338=CIRCLE('',#6396,0.15);
#2339=CIRCLE('',#6398,0.15);
#2340=CIRCLE('',#6399,0.15);
#2341=CIRCLE('',#6406,0.2);
#2342=CIRCLE('',#6413,0.2);
#2343=CIRCLE('',#6418,0.199999999999999);
#2344=CIRCLE('',#6419,0.2);
#2345=CIRCLE('',#6420,0.2);
#2346=CIRCLE('',#6422,0.2);
#2347=CIRCLE('',#6423,0.199999999999999);
#2348=CIRCLE('',#6426,0.199999999999999);
#2349=CIRCLE('',#6427,0.2);
#2350=CIRCLE('',#6428,0.2);
#2351=CIRCLE('',#6430,0.199999999999999);
#2352=CIRCLE('',#6431,0.2);
#2353=CIRCLE('',#6447,2.225);
#2354=CIRCLE('',#6448,2.375);
#2355=CIRCLE('',#6451,1.99999996996301);
#2356=CIRCLE('',#6453,0.05);
#2357=CIRCLE('',#6454,1.99999996996301);
#2358=CIRCLE('',#6455,0.05);
#2359=CIRCLE('',#6457,0.05);
#2360=CIRCLE('',#6461,0.0499999999999999);
#2361=CIRCLE('',#6462,0.050000000000001);
#2362=CIRCLE('',#6463,0.0999999999999998);
#2363=CIRCLE('',#6464,0.05);
#2364=CIRCLE('',#6466,0.0499999999999999);
#2365=CIRCLE('',#6468,0.0499999999999996);
#2366=CIRCLE('',#6473,0.05);
#2367=CIRCLE('',#6474,0.050000000000001);
#2368=CIRCLE('',#6475,0.1);
#2369=CIRCLE('',#6476,0.0499999999999999);
#2370=CIRCLE('',#6481,0.05);
#2371=CIRCLE('',#6482,0.0499999999999982);
#2372=CIRCLE('',#6483,0.0499999999999999);
#2373=CIRCLE('',#6484,0.0499999999999997);
#2374=CIRCLE('',#6486,0.050000000000001);
#2375=CIRCLE('',#6489,0.0499999999999996);
#2376=CIRCLE('',#6490,0.05);
#2377=CIRCLE('',#6491,0.0499999999999999);
#2378=CIRCLE('',#6495,0.0499999999999999);
#2379=CIRCLE('',#6497,0.0499999999999999);
#2380=CIRCLE('',#6498,1.5);
#2381=CIRCLE('',#6499,1.45);
#2382=CIRCLE('',#6504,0.0499999999999999);
#2383=CIRCLE('',#6506,0.0499999999999999);
#2384=CIRCLE('',#6507,1.5);
#2385=CIRCLE('',#6508,1.45);
#2386=CIRCLE('',#6512,0.05);
#2387=CIRCLE('',#6518,1.99999996996301);
#2388=CIRCLE('',#6526,2.5);
#2389=CIRCLE('',#6527,2.5);
#2390=CIRCLE('',#6531,1.99999996996301);
#2391=CIRCLE('',#6534,0.0670000000000003);
#2392=CIRCLE('',#6535,0.0670000000000003);
#2393=CIRCLE('',#6537,0.0670000000000003);
#2394=CIRCLE('',#6538,0.0670000000000003);
#2395=CIRCLE('',#6540,0.0669999999999999);
#2396=CIRCLE('',#6541,0.0669999999999999);
#2397=CIRCLE('',#6543,0.067);
#2398=CIRCLE('',#6544,0.067);
#2399=CIRCLE('',#6546,0.067);
#2400=CIRCLE('',#6547,0.067);
#2401=CIRCLE('',#6549,0.0670000000000003);
#2402=CIRCLE('',#6550,0.0670000000000003);
#2403=CIRCLE('',#6552,0.0669999999999999);
#2404=CIRCLE('',#6553,0.0669999999999999);
#2405=CIRCLE('',#6555,0.0669999999999999);
#2406=CIRCLE('',#6556,0.0669999999999999);
#2407=CIRCLE('',#6558,3.);
#2408=CIRCLE('',#6559,3.);
#2409=CIRCLE('',#6564,0.1);
#2410=CIRCLE('',#6593,0.1);
#2411=VERTEX_POINT('',#8306);
#2412=VERTEX_POINT('',#8308);
#2413=VERTEX_POINT('',#8312);
#2414=VERTEX_POINT('',#8314);
#2415=VERTEX_POINT('',#8318);
#2416=VERTEX_POINT('',#8320);
#2417=VERTEX_POINT('',#8324);
#2418=VERTEX_POINT('',#8327);
#2419=VERTEX_POINT('',#8330);
#2420=VERTEX_POINT('',#8334);
#2421=VERTEX_POINT('',#8337);
#2422=VERTEX_POINT('',#8341);
#2423=VERTEX_POINT('',#8344);
#2424=VERTEX_POINT('',#8348);
#2425=VERTEX_POINT('',#8351);
#2426=VERTEX_POINT('',#8355);
#2427=VERTEX_POINT('',#8358);
#2428=VERTEX_POINT('',#8362);
#2429=VERTEX_POINT('',#8365);
#2430=VERTEX_POINT('',#8366);
#2431=VERTEX_POINT('',#8403);
#2432=VERTEX_POINT('',#8404);
#2433=VERTEX_POINT('',#8441);
#2434=VERTEX_POINT('',#8442);
#2435=VERTEX_POINT('',#8479);
#2436=VERTEX_POINT('',#8480);
#2437=VERTEX_POINT('',#8517);
#2438=VERTEX_POINT('',#8518);
#2439=VERTEX_POINT('',#8555);
#2440=VERTEX_POINT('',#8556);
#2441=VERTEX_POINT('',#8593);
#2442=VERTEX_POINT('',#8594);
#2443=VERTEX_POINT('',#8631);
#2444=VERTEX_POINT('',#8632);
#2445=VERTEX_POINT('',#8669);
#2446=VERTEX_POINT('',#8670);
#2447=VERTEX_POINT('',#8707);
#2448=VERTEX_POINT('',#8708);
#2449=VERTEX_POINT('',#8745);
#2450=VERTEX_POINT('',#8746);
#2451=VERTEX_POINT('',#8783);
#2452=VERTEX_POINT('',#8784);
#2453=VERTEX_POINT('',#8821);
#2454=VERTEX_POINT('',#8822);
#2455=VERTEX_POINT('',#8859);
#2456=VERTEX_POINT('',#8860);
#2457=VERTEX_POINT('',#8897);
#2458=VERTEX_POINT('',#8898);
#2459=VERTEX_POINT('',#8935);
#2460=VERTEX_POINT('',#8936);
#2461=VERTEX_POINT('',#8973);
#2462=VERTEX_POINT('',#8974);
#2463=VERTEX_POINT('',#9011);
#2464=VERTEX_POINT('',#9012);
#2465=VERTEX_POINT('',#9049);
#2466=VERTEX_POINT('',#9050);
#2467=VERTEX_POINT('',#9087);
#2468=VERTEX_POINT('',#9088);
#2469=VERTEX_POINT('',#9125);
#2470=VERTEX_POINT('',#9126);
#2471=VERTEX_POINT('',#9163);
#2472=VERTEX_POINT('',#9164);
#2473=VERTEX_POINT('',#9201);
#2474=VERTEX_POINT('',#9202);
#2475=VERTEX_POINT('',#9239);
#2476=VERTEX_POINT('',#9240);
#2477=VERTEX_POINT('',#9277);
#2478=VERTEX_POINT('',#9278);
#2479=VERTEX_POINT('',#9315);
#2480=VERTEX_POINT('',#9316);
#2481=VERTEX_POINT('',#9353);
#2482=VERTEX_POINT('',#9354);
#2483=VERTEX_POINT('',#9391);
#2484=VERTEX_POINT('',#9392);
#2485=VERTEX_POINT('',#9429);
#2486=VERTEX_POINT('',#9430);
#2487=VERTEX_POINT('',#9467);
#2488=VERTEX_POINT('',#9468);
#2489=VERTEX_POINT('',#9505);
#2490=VERTEX_POINT('',#9506);
#2491=VERTEX_POINT('',#9543);
#2492=VERTEX_POINT('',#9544);
#2493=VERTEX_POINT('',#9581);
#2494=VERTEX_POINT('',#9582);
#2495=VERTEX_POINT('',#9619);
#2496=VERTEX_POINT('',#9620);
#2497=VERTEX_POINT('',#9657);
#2498=VERTEX_POINT('',#9658);
#2499=VERTEX_POINT('',#9695);
#2500=VERTEX_POINT('',#9696);
#2501=VERTEX_POINT('',#9734);
#2502=VERTEX_POINT('',#9736);
#2503=VERTEX_POINT('',#9740);
#2504=VERTEX_POINT('',#9744);
#2505=VERTEX_POINT('',#9748);
#2506=VERTEX_POINT('',#9752);
#2507=VERTEX_POINT('',#9759);
#2508=VERTEX_POINT('',#9763);
#2509=VERTEX_POINT('',#9767);
#2510=VERTEX_POINT('',#9774);
#2511=VERTEX_POINT('',#9779);
#2512=VERTEX_POINT('',#9784);
#2513=VERTEX_POINT('',#9789);
#2514=VERTEX_POINT('',#9794);
#2515=VERTEX_POINT('',#9799);
#2516=VERTEX_POINT('',#9804);
#2517=VERTEX_POINT('',#9809);
#2518=VERTEX_POINT('',#9814);
#2519=VERTEX_POINT('',#9819);
#2520=VERTEX_POINT('',#9824);
#2521=VERTEX_POINT('',#9829);
#2522=VERTEX_POINT('',#9834);
#2523=VERTEX_POINT('',#9839);
#2524=VERTEX_POINT('',#9844);
#2525=VERTEX_POINT('',#9849);
#2526=VERTEX_POINT('',#9854);
#2527=VERTEX_POINT('',#9859);
#2528=VERTEX_POINT('',#9864);
#2529=VERTEX_POINT('',#9869);
#2530=VERTEX_POINT('',#9874);
#2531=VERTEX_POINT('',#9879);
#2532=VERTEX_POINT('',#9884);
#2533=VERTEX_POINT('',#9889);
#2534=VERTEX_POINT('',#9894);
#2535=VERTEX_POINT('',#9899);
#2536=VERTEX_POINT('',#9904);
#2537=VERTEX_POINT('',#9909);
#2538=VERTEX_POINT('',#9914);
#2539=VERTEX_POINT('',#9919);
#2540=VERTEX_POINT('',#9924);
#2541=VERTEX_POINT('',#9931);
#2542=VERTEX_POINT('',#9932);
#2543=VERTEX_POINT('',#9934);
#2544=VERTEX_POINT('',#9936);
#2545=VERTEX_POINT('',#9940);
#2546=VERTEX_POINT('',#9941);
#2547=VERTEX_POINT('',#9943);
#2548=VERTEX_POINT('',#9945);
#2549=VERTEX_POINT('',#9949);
#2550=VERTEX_POINT('',#9950);
#2551=VERTEX_POINT('',#9952);
#2552=VERTEX_POINT('',#9954);
#2553=VERTEX_POINT('',#9958);
#2554=VERTEX_POINT('',#9959);
#2555=VERTEX_POINT('',#9961);
#2556=VERTEX_POINT('',#9963);
#2557=VERTEX_POINT('',#9967);
#2558=VERTEX_POINT('',#9969);
#2559=VERTEX_POINT('',#9971);
#2560=VERTEX_POINT('',#9975);
#2561=VERTEX_POINT('',#9977);
#2562=VERTEX_POINT('',#9981);
#2563=VERTEX_POINT('',#9989);
#2564=VERTEX_POINT('',#9991);
#2565=VERTEX_POINT('',#9993);
#2566=VERTEX_POINT('',#9997);
#2567=VERTEX_POINT('',#9999);
#2568=VERTEX_POINT('',#10003);
#2569=VERTEX_POINT('',#10011);
#2570=VERTEX_POINT('',#10012);
#2571=VERTEX_POINT('',#10014);
#2572=VERTEX_POINT('',#10016);
#2573=VERTEX_POINT('',#10020);
#2574=VERTEX_POINT('',#10025);
#2575=VERTEX_POINT('',#10033);
#2576=VERTEX_POINT('',#10034);
#2577=VERTEX_POINT('',#10036);
#2578=VERTEX_POINT('',#10038);
#2579=VERTEX_POINT('',#10042);
#2580=VERTEX_POINT('',#10047);
#2581=VERTEX_POINT('',#10055);
#2582=VERTEX_POINT('',#10056);
#2583=VERTEX_POINT('',#10058);
#2584=VERTEX_POINT('',#10060);
#2585=VERTEX_POINT('',#10064);
#2586=VERTEX_POINT('',#10066);
#2587=VERTEX_POINT('',#10070);
#2588=VERTEX_POINT('',#10071);
#2589=VERTEX_POINT('',#10075);
#2590=VERTEX_POINT('',#10077);
#2591=VERTEX_POINT('',#10081);
#2592=VERTEX_POINT('',#10085);
#2593=VERTEX_POINT('',#10091);
#2594=VERTEX_POINT('',#10096);
#2595=VERTEX_POINT('',#10098);
#2596=VERTEX_POINT('',#10103);
#2597=VERTEX_POINT('',#10105);
#2598=VERTEX_POINT('',#10107);
#2599=VERTEX_POINT('',#10109);
#2600=VERTEX_POINT('',#10111);
#2601=VERTEX_POINT('',#10113);
#2602=VERTEX_POINT('',#10115);
#2603=VERTEX_POINT('',#10119);
#2604=VERTEX_POINT('',#10123);
#2605=VERTEX_POINT('',#10126);
#2606=VERTEX_POINT('',#10128);
#2607=VERTEX_POINT('',#10130);
#2608=VERTEX_POINT('',#10132);
#2609=VERTEX_POINT('',#10134);
#2610=VERTEX_POINT('',#10136);
#2611=VERTEX_POINT('',#10138);
#2612=VERTEX_POINT('',#10159);
#2613=VERTEX_POINT('',#10166);
#2614=VERTEX_POINT('',#10167);
#2615=VERTEX_POINT('',#10169);
#2616=VERTEX_POINT('',#10171);
#2617=VERTEX_POINT('',#10174);
#2618=VERTEX_POINT('',#10175);
#2619=VERTEX_POINT('',#10212);
#2620=VERTEX_POINT('',#10213);
#2621=VERTEX_POINT('',#10250);
#2622=VERTEX_POINT('',#10251);
#2623=VERTEX_POINT('',#10288);
#2624=VERTEX_POINT('',#10289);
#2625=VERTEX_POINT('',#10326);
#2626=VERTEX_POINT('',#10327);
#2627=VERTEX_POINT('',#10364);
#2628=VERTEX_POINT('',#10365);
#2629=VERTEX_POINT('',#10402);
#2630=VERTEX_POINT('',#10403);
#2631=VERTEX_POINT('',#10422);
#2632=VERTEX_POINT('',#10424);
#2633=VERTEX_POINT('',#10444);
#2634=VERTEX_POINT('',#10445);
#2635=VERTEX_POINT('',#10464);
#2636=VERTEX_POINT('',#10466);
#2637=VERTEX_POINT('',#10486);
#2638=VERTEX_POINT('',#10487);
#2639=VERTEX_POINT('',#10506);
#2640=VERTEX_POINT('',#10508);
#2641=VERTEX_POINT('',#10529);
#2642=VERTEX_POINT('',#10530);
#2643=VERTEX_POINT('',#10532);
#2644=VERTEX_POINT('',#10534);
#2645=VERTEX_POINT('',#10537);
#2646=VERTEX_POINT('',#10538);
#2647=VERTEX_POINT('',#10540);
#2648=VERTEX_POINT('',#10559);
#2649=VERTEX_POINT('',#10579);
#2650=VERTEX_POINT('',#10580);
#2651=VERTEX_POINT('',#10582);
#2652=VERTEX_POINT('',#10601);
#2653=VERTEX_POINT('',#10621);
#2654=VERTEX_POINT('',#10622);
#2655=VERTEX_POINT('',#10624);
#2656=VERTEX_POINT('',#10643);
#2657=VERTEX_POINT('',#10664);
#2658=VERTEX_POINT('',#10665);
#2659=VERTEX_POINT('',#10667);
#2660=VERTEX_POINT('',#10669);
#2661=VERTEX_POINT('',#10676);
#2662=VERTEX_POINT('',#10677);
#2663=VERTEX_POINT('',#10679);
#2664=VERTEX_POINT('',#10681);
#2665=VERTEX_POINT('',#10684);
#2666=VERTEX_POINT('',#10686);
#2667=VERTEX_POINT('',#10688);
#2668=VERTEX_POINT('',#10691);
#2669=VERTEX_POINT('',#10692);
#2670=VERTEX_POINT('',#10694);
#2671=VERTEX_POINT('',#10696);
#2672=VERTEX_POINT('',#10700);
#2673=VERTEX_POINT('',#10701);
#2674=VERTEX_POINT('',#10703);
#2675=VERTEX_POINT('',#10705);
#2676=VERTEX_POINT('',#10709);
#2677=VERTEX_POINT('',#10710);
#2678=VERTEX_POINT('',#10712);
#2679=VERTEX_POINT('',#10714);
#2680=VERTEX_POINT('',#10718);
#2681=VERTEX_POINT('',#10719);
#2682=VERTEX_POINT('',#10721);
#2683=VERTEX_POINT('',#10723);
#2684=VERTEX_POINT('',#10726);
#2685=VERTEX_POINT('',#10728);
#2686=VERTEX_POINT('',#10730);
#2687=VERTEX_POINT('',#10795);
#2688=VERTEX_POINT('',#10796);
#2689=VERTEX_POINT('',#10798);
#2690=VERTEX_POINT('',#10803);
#2691=VERTEX_POINT('',#10804);
#2692=VERTEX_POINT('',#10806);
#2693=VERTEX_POINT('',#10811);
#2694=VERTEX_POINT('',#10812);
#2695=VERTEX_POINT('',#10817);
#2696=VERTEX_POINT('',#10818);
#2697=VERTEX_POINT('',#10823);
#2698=VERTEX_POINT('',#10824);
#2699=VERTEX_POINT('',#10826);
#2700=VERTEX_POINT('',#10828);
#2701=VERTEX_POINT('',#10875);
#2702=VERTEX_POINT('',#10876);
#2703=VERTEX_POINT('',#10907);
#2704=VERTEX_POINT('',#10909);
#2705=VERTEX_POINT('',#11013);
#2706=VERTEX_POINT('',#11079);
#2707=VERTEX_POINT('',#11080);
#2708=VERTEX_POINT('',#11109);
#2709=VERTEX_POINT('',#11111);
#2710=VERTEX_POINT('',#11209);
#2711=VERTEX_POINT('',#11249);
#2712=VERTEX_POINT('',#11386);
#2713=VERTEX_POINT('',#11433);
#2714=VERTEX_POINT('',#11588);
#2715=VERTEX_POINT('',#11633);
#2716=VERTEX_POINT('',#11634);
#2717=VERTEX_POINT('',#11637);
#2718=VERTEX_POINT('',#11639);
#2719=VERTEX_POINT('',#11678);
#2720=VERTEX_POINT('',#11679);
#2721=VERTEX_POINT('',#11682);
#2722=VERTEX_POINT('',#11684);
#2723=VERTEX_POINT('',#11727);
#2724=VERTEX_POINT('',#11728);
#2725=VERTEX_POINT('',#11731);
#2726=VERTEX_POINT('',#11733);
#2727=VERTEX_POINT('',#11776);
#2728=VERTEX_POINT('',#11777);
#2729=VERTEX_POINT('',#11780);
#2730=VERTEX_POINT('',#11784);
#2731=VERTEX_POINT('',#11788);
#2732=VERTEX_POINT('',#11789);
#2733=VERTEX_POINT('',#11792);
#2734=VERTEX_POINT('',#11794);
#2735=VERTEX_POINT('',#11798);
#2736=VERTEX_POINT('',#11800);
#2737=VERTEX_POINT('',#11802);
#2738=VERTEX_POINT('',#11806);
#2739=VERTEX_POINT('',#11810);
#2740=VERTEX_POINT('',#11814);
#2741=VERTEX_POINT('',#11892);
#2742=VERTEX_POINT('',#11894);
#2743=VERTEX_POINT('',#11972);
#2744=VERTEX_POINT('',#11973);
#2745=VERTEX_POINT('',#11975);
#2746=VERTEX_POINT('',#11979);
#2747=VERTEX_POINT('',#11983);
#2748=VERTEX_POINT('',#11984);
#2749=VERTEX_POINT('',#11989);
#2750=VERTEX_POINT('',#11993);
#2751=VERTEX_POINT('',#11994);
#2752=VERTEX_POINT('',#11996);
#2753=VERTEX_POINT('',#11998);
#2754=VERTEX_POINT('',#12000);
#2755=VERTEX_POINT('',#12002);
#2756=VERTEX_POINT('',#12006);
#2757=VERTEX_POINT('',#12011);
#2758=VERTEX_POINT('',#12015);
#2759=VERTEX_POINT('',#12022);
#2760=VERTEX_POINT('',#12029);
#2761=VERTEX_POINT('',#12036);
#2762=VERTEX_POINT('',#12055);
#2763=VERTEX_POINT('',#12056);
#2764=VERTEX_POINT('',#12058);
#2765=VERTEX_POINT('',#12062);
#2766=VERTEX_POINT('',#12066);
#2767=VERTEX_POINT('',#12067);
#2768=VERTEX_POINT('',#12072);
#2769=VERTEX_POINT('',#12076);
#2770=VERTEX_POINT('',#12077);
#2771=VERTEX_POINT('',#12079);
#2772=VERTEX_POINT('',#12081);
#2773=VERTEX_POINT('',#12083);
#2774=VERTEX_POINT('',#12085);
#2775=VERTEX_POINT('',#12089);
#2776=VERTEX_POINT('',#12094);
#2777=VERTEX_POINT('',#12098);
#2778=VERTEX_POINT('',#12105);
#2779=VERTEX_POINT('',#12112);
#2780=VERTEX_POINT('',#12119);
#2781=VERTEX_POINT('',#12139);
#2782=VERTEX_POINT('',#12142);
#2783=VERTEX_POINT('',#12146);
#2784=VERTEX_POINT('',#12148);
#2785=VERTEX_POINT('',#12154);
#2786=VERTEX_POINT('',#12156);
#2787=VERTEX_POINT('',#12160);
#2788=VERTEX_POINT('',#12162);
#2789=VERTEX_POINT('',#12166);
#2790=VERTEX_POINT('',#12168);
#2791=VERTEX_POINT('',#12172);
#2792=VERTEX_POINT('',#12174);
#2793=VERTEX_POINT('',#12178);
#2794=VERTEX_POINT('',#12180);
#2795=VERTEX_POINT('',#12184);
#2796=VERTEX_POINT('',#12186);
#2797=VERTEX_POINT('',#12190);
#2798=VERTEX_POINT('',#12192);
#2799=VERTEX_POINT('',#12196);
#2800=VERTEX_POINT('',#12198);
#2801=VERTEX_POINT('',#12202);
#2802=VERTEX_POINT('',#12204);
#2803=VERTEX_POINT('',#12208);
#2804=VERTEX_POINT('',#12210);
#2805=VERTEX_POINT('',#12215);
#2806=VERTEX_POINT('',#12218);
#2807=VERTEX_POINT('',#12220);
#2808=VERTEX_POINT('',#12224);
#2809=VERTEX_POINT('',#12230);
#2810=VERTEX_POINT('',#12232);
#2811=VERTEX_POINT('',#12236);
#2812=VERTEX_POINT('',#12238);
#2813=VERTEX_POINT('',#12242);
#2814=VERTEX_POINT('',#12244);
#2815=VERTEX_POINT('',#12248);
#2816=VERTEX_POINT('',#12249);
#2817=VERTEX_POINT('',#12251);
#2818=VERTEX_POINT('',#12253);
#2819=VERTEX_POINT('',#12257);
#2820=VERTEX_POINT('',#12259);
#2821=VERTEX_POINT('',#12261);
#2822=VERTEX_POINT('',#12263);
#2823=VERTEX_POINT('',#12267);
#2824=VERTEX_POINT('',#12271);
#2825=VERTEX_POINT('',#12272);
#2826=VERTEX_POINT('',#12274);
#2827=VERTEX_POINT('',#12276);
#2828=VERTEX_POINT('',#12280);
#2829=VERTEX_POINT('',#12282);
#2830=VERTEX_POINT('',#12284);
#2831=VERTEX_POINT('',#12286);
#2832=VERTEX_POINT('',#12290);
#2833=VERTEX_POINT('',#12294);
#2834=VERTEX_POINT('',#12295);
#2835=VERTEX_POINT('',#12297);
#2836=VERTEX_POINT('',#12301);
#2837=VERTEX_POINT('',#12308);
#2838=VERTEX_POINT('',#12309);
#2839=VERTEX_POINT('',#12314);
#2840=VERTEX_POINT('',#12323);
#2841=VERTEX_POINT('',#12325);
#2842=VERTEX_POINT('',#12333);
#2843=VERTEX_POINT('',#12338);
#2844=VERTEX_POINT('',#12340);
#2845=VERTEX_POINT('',#12351);
#2846=VERTEX_POINT('',#12353);
#2847=VERTEX_POINT('',#12357);
#2848=VERTEX_POINT('',#12358);
#2849=VERTEX_POINT('',#12360);
#2850=VERTEX_POINT('',#12362);
#2851=VERTEX_POINT('',#12364);
#2852=VERTEX_POINT('',#12373);
#2853=VERTEX_POINT('',#12375);
#2854=VERTEX_POINT('',#12388);
#2855=VERTEX_POINT('',#12390);
#2856=VERTEX_POINT('',#12392);
#2857=VERTEX_POINT('',#12394);
#2858=VERTEX_POINT('',#12396);
#2859=VERTEX_POINT('',#12400);
#2860=VERTEX_POINT('',#12402);
#2861=VERTEX_POINT('',#12404);
#2862=VERTEX_POINT('',#12406);
#2863=VERTEX_POINT('',#12410);
#2864=VERTEX_POINT('',#12411);
#2865=VERTEX_POINT('',#12413);
#2866=VERTEX_POINT('',#12415);
#2867=VERTEX_POINT('',#12451);
#2868=VERTEX_POINT('',#12453);
#2869=VERTEX_POINT('',#12482);
#2870=VERTEX_POINT('',#12483);
#2871=VERTEX_POINT('',#12501);
#2872=VERTEX_POINT('',#12503);
#2873=VERTEX_POINT('',#12531);
#2874=VERTEX_POINT('',#12532);
#2875=VERTEX_POINT('',#12534);
#2876=VERTEX_POINT('',#12536);
#2877=VERTEX_POINT('',#12543);
#2878=VERTEX_POINT('',#12545);
#2879=VERTEX_POINT('',#12549);
#2880=VERTEX_POINT('',#12550);
#2881=VERTEX_POINT('',#12552);
#2882=VERTEX_POINT('',#12580);
#2883=VERTEX_POINT('',#12582);
#2884=VERTEX_POINT('',#12588);
#2885=VERTEX_POINT('',#12589);
#2886=VERTEX_POINT('',#12591);
#2887=VERTEX_POINT('',#12601);
#2888=VERTEX_POINT('',#12602);
#2889=VERTEX_POINT('',#12607);
#2890=VERTEX_POINT('',#12608);
#2891=VERTEX_POINT('',#12616);
#2892=VERTEX_POINT('',#12620);
#2893=VERTEX_POINT('',#12621);
#2894=VERTEX_POINT('',#12626);
#2895=VERTEX_POINT('',#12627);
#2896=VERTEX_POINT('',#12638);
#2897=VERTEX_POINT('',#12643);
#2898=VERTEX_POINT('',#12662);
#2899=VERTEX_POINT('',#12664);
#2900=VERTEX_POINT('',#12700);
#2901=VERTEX_POINT('',#12724);
#2902=VERTEX_POINT('',#12726);
#2903=VERTEX_POINT('',#12735);
#2904=VERTEX_POINT('',#12737);
#2905=VERTEX_POINT('',#12741);
#2906=VERTEX_POINT('',#12743);
#2907=VERTEX_POINT('',#12747);
#2908=VERTEX_POINT('',#12749);
#2909=VERTEX_POINT('',#12753);
#2910=VERTEX_POINT('',#12755);
#2911=VERTEX_POINT('',#12759);
#2912=VERTEX_POINT('',#12761);
#2913=VERTEX_POINT('',#12765);
#2914=VERTEX_POINT('',#12767);
#2915=VERTEX_POINT('',#12771);
#2916=VERTEX_POINT('',#12773);
#2917=VERTEX_POINT('',#12777);
#2918=VERTEX_POINT('',#12779);
#2919=VERTEX_POINT('',#12783);
#2920=VERTEX_POINT('',#12785);
#2921=VERTEX_POINT('',#12792);
#2922=VERTEX_POINT('',#12794);
#2923=VERTEX_POINT('',#12796);
#2924=VERTEX_POINT('',#12801);
#2925=VERTEX_POINT('',#12803);
#2926=VERTEX_POINT('',#12807);
#2927=VERTEX_POINT('',#12809);
#2928=VERTEX_POINT('',#12813);
#2929=VERTEX_POINT('',#12815);
#2930=VERTEX_POINT('',#12819);
#2931=VERTEX_POINT('',#12821);
#2932=VERTEX_POINT('',#12825);
#2933=VERTEX_POINT('',#12827);
#2934=VERTEX_POINT('',#12831);
#2935=VERTEX_POINT('',#12833);
#2936=VERTEX_POINT('',#12837);
#2937=VERTEX_POINT('',#12839);
#2938=VERTEX_POINT('',#12843);
#2939=VERTEX_POINT('',#12845);
#2940=VERTEX_POINT('',#12849);
#2941=EDGE_CURVE('',#2411,#2411,#2144,.T.);
#2942=EDGE_CURVE('',#2411,#2412,#1438,.T.);
#2943=EDGE_CURVE('',#2412,#2412,#2145,.T.);
#2944=EDGE_CURVE('',#2413,#2413,#2146,.T.);
#2945=EDGE_CURVE('',#2413,#2414,#1439,.T.);
#2946=EDGE_CURVE('',#2414,#2414,#2147,.T.);
#2947=EDGE_CURVE('',#2415,#2415,#2148,.T.);
#2948=EDGE_CURVE('',#2415,#2416,#1440,.T.);
#2949=EDGE_CURVE('',#2416,#2416,#2149,.T.);
#2950=EDGE_CURVE('',#2417,#2417,#2150,.T.);
#2951=EDGE_CURVE('',#2418,#2418,#2151,.T.);
#2952=EDGE_CURVE('',#2418,#2419,#1441,.T.);
#2953=EDGE_CURVE('',#2419,#2419,#2152,.T.);
#2954=EDGE_CURVE('',#2420,#2420,#2153,.T.);
#2955=EDGE_CURVE('',#2420,#2421,#1442,.T.);
#2956=EDGE_CURVE('',#2421,#2421,#2154,.T.);
#2957=EDGE_CURVE('',#2422,#2422,#2155,.T.);
#2958=EDGE_CURVE('',#2422,#2423,#1443,.T.);
#2959=EDGE_CURVE('',#2423,#2423,#2156,.T.);
#2960=EDGE_CURVE('',#2424,#2424,#2157,.T.);
#2961=EDGE_CURVE('',#2424,#2425,#1444,.T.);
#2962=EDGE_CURVE('',#2425,#2425,#2158,.T.);
#2963=EDGE_CURVE('',#2426,#2426,#2159,.T.);
#2964=EDGE_CURVE('',#2426,#2427,#1445,.T.);
#2965=EDGE_CURVE('',#2427,#2427,#2160,.T.);
#2966=EDGE_CURVE('',#2417,#2428,#1446,.T.);
#2967=EDGE_CURVE('',#2428,#2428,#2161,.T.);
#2968=EDGE_CURVE('',#2429,#2430,#212,.T.);
#2969=EDGE_CURVE('',#2430,#2429,#213,.T.);
#2970=EDGE_CURVE('',#2431,#2432,#214,.T.);
#2971=EDGE_CURVE('',#2432,#2431,#215,.T.);
#2972=EDGE_CURVE('',#2433,#2434,#216,.T.);
#2973=EDGE_CURVE('',#2434,#2433,#217,.T.);
#2974=EDGE_CURVE('',#2435,#2436,#218,.T.);
#2975=EDGE_CURVE('',#2436,#2435,#219,.T.);
#2976=EDGE_CURVE('',#2437,#2438,#220,.T.);
#2977=EDGE_CURVE('',#2438,#2437,#221,.T.);
#2978=EDGE_CURVE('',#2439,#2440,#222,.T.);
#2979=EDGE_CURVE('',#2440,#2439,#223,.T.);
#2980=EDGE_CURVE('',#2441,#2442,#224,.T.);
#2981=EDGE_CURVE('',#2442,#2441,#225,.T.);
#2982=EDGE_CURVE('',#2443,#2444,#226,.T.);
#2983=EDGE_CURVE('',#2444,#2443,#227,.T.);
#2984=EDGE_CURVE('',#2445,#2446,#228,.T.);
#2985=EDGE_CURVE('',#2446,#2445,#229,.T.);
#2986=EDGE_CURVE('',#2447,#2448,#230,.T.);
#2987=EDGE_CURVE('',#2448,#2447,#231,.T.);
#2988=EDGE_CURVE('',#2449,#2450,#232,.T.);
#2989=EDGE_CURVE('',#2450,#2449,#233,.T.);
#2990=EDGE_CURVE('',#2451,#2452,#234,.T.);
#2991=EDGE_CURVE('',#2452,#2451,#235,.T.);
#2992=EDGE_CURVE('',#2453,#2454,#236,.T.);
#2993=EDGE_CURVE('',#2454,#2453,#237,.T.);
#2994=EDGE_CURVE('',#2455,#2456,#238,.T.);
#2995=EDGE_CURVE('',#2456,#2455,#239,.T.);
#2996=EDGE_CURVE('',#2457,#2458,#240,.T.);
#2997=EDGE_CURVE('',#2458,#2457,#241,.T.);
#2998=EDGE_CURVE('',#2459,#2460,#242,.T.);
#2999=EDGE_CURVE('',#2460,#2459,#243,.T.);
#3000=EDGE_CURVE('',#2461,#2462,#244,.T.);
#3001=EDGE_CURVE('',#2462,#2461,#245,.T.);
#3002=EDGE_CURVE('',#2463,#2464,#246,.T.);
#3003=EDGE_CURVE('',#2464,#2463,#247,.T.);
#3004=EDGE_CURVE('',#2465,#2466,#248,.T.);
#3005=EDGE_CURVE('',#2466,#2465,#249,.T.);
#3006=EDGE_CURVE('',#2467,#2468,#250,.T.);
#3007=EDGE_CURVE('',#2468,#2467,#251,.T.);
#3008=EDGE_CURVE('',#2469,#2470,#252,.T.);
#3009=EDGE_CURVE('',#2470,#2469,#253,.T.);
#3010=EDGE_CURVE('',#2471,#2472,#254,.T.);
#3011=EDGE_CURVE('',#2472,#2471,#255,.T.);
#3012=EDGE_CURVE('',#2473,#2474,#256,.T.);
#3013=EDGE_CURVE('',#2474,#2473,#257,.T.);
#3014=EDGE_CURVE('',#2475,#2476,#258,.T.);
#3015=EDGE_CURVE('',#2476,#2475,#259,.T.);
#3016=EDGE_CURVE('',#2477,#2478,#260,.T.);
#3017=EDGE_CURVE('',#2478,#2477,#261,.T.);
#3018=EDGE_CURVE('',#2479,#2480,#262,.T.);
#3019=EDGE_CURVE('',#2480,#2479,#263,.T.);
#3020=EDGE_CURVE('',#2481,#2482,#264,.T.);
#3021=EDGE_CURVE('',#2482,#2481,#265,.T.);
#3022=EDGE_CURVE('',#2483,#2484,#266,.T.);
#3023=EDGE_CURVE('',#2484,#2483,#267,.T.);
#3024=EDGE_CURVE('',#2485,#2486,#268,.T.);
#3025=EDGE_CURVE('',#2486,#2485,#269,.T.);
#3026=EDGE_CURVE('',#2487,#2488,#270,.T.);
#3027=EDGE_CURVE('',#2488,#2487,#271,.T.);
#3028=EDGE_CURVE('',#2489,#2490,#272,.T.);
#3029=EDGE_CURVE('',#2490,#2489,#273,.T.);
#3030=EDGE_CURVE('',#2491,#2492,#274,.T.);
#3031=EDGE_CURVE('',#2492,#2491,#275,.T.);
#3032=EDGE_CURVE('',#2493,#2494,#276,.T.);
#3033=EDGE_CURVE('',#2494,#2493,#277,.T.);
#3034=EDGE_CURVE('',#2495,#2496,#278,.T.);
#3035=EDGE_CURVE('',#2496,#2495,#279,.T.);
#3036=EDGE_CURVE('',#2497,#2498,#280,.T.);
#3037=EDGE_CURVE('',#2498,#2497,#281,.T.);
#3038=EDGE_CURVE('',#2499,#2500,#282,.T.);
#3039=EDGE_CURVE('',#2500,#2499,#283,.T.);
#3040=EDGE_CURVE('',#2501,#2501,#2162,.T.);
#3041=EDGE_CURVE('',#2501,#2502,#1447,.T.);
#3042=EDGE_CURVE('',#2502,#2502,#2163,.T.);
#3043=EDGE_CURVE('',#2503,#2503,#2164,.T.);
#3044=EDGE_CURVE('',#2432,#2504,#1448,.T.);
#3045=EDGE_CURVE('',#2504,#2504,#2165,.T.);
#3046=EDGE_CURVE('',#2434,#2505,#1449,.T.);
#3047=EDGE_CURVE('',#2505,#2505,#2166,.T.);
#3048=EDGE_CURVE('',#2436,#2506,#1450,.T.);
#3049=EDGE_CURVE('',#2506,#2506,#2167,.T.);
#3050=EDGE_CURVE('',#2440,#2507,#1451,.T.);
#3051=EDGE_CURVE('',#2507,#2507,#2168,.T.);
#3052=EDGE_CURVE('',#2438,#2508,#1452,.T.);
#3053=EDGE_CURVE('',#2508,#2508,#2169,.T.);
#3054=EDGE_CURVE('',#2430,#2509,#1453,.T.);
#3055=EDGE_CURVE('',#2509,#2509,#2170,.T.);
#3056=EDGE_CURVE('',#2442,#2510,#1454,.T.);
#3057=EDGE_CURVE('',#2510,#2510,#2171,.T.);
#3058=EDGE_CURVE('',#2444,#2511,#1455,.T.);
#3059=EDGE_CURVE('',#2511,#2511,#2172,.T.);
#3060=EDGE_CURVE('',#2446,#2512,#1456,.T.);
#3061=EDGE_CURVE('',#2512,#2512,#2173,.T.);
#3062=EDGE_CURVE('',#2448,#2513,#1457,.T.);
#3063=EDGE_CURVE('',#2513,#2513,#2174,.T.);
#3064=EDGE_CURVE('',#2450,#2514,#1458,.T.);
#3065=EDGE_CURVE('',#2514,#2514,#2175,.T.);
#3066=EDGE_CURVE('',#2452,#2515,#1459,.T.);
#3067=EDGE_CURVE('',#2515,#2515,#2176,.T.);
#3068=EDGE_CURVE('',#2454,#2516,#1460,.T.);
#3069=EDGE_CURVE('',#2516,#2516,#2177,.T.);
#3070=EDGE_CURVE('',#2456,#2517,#1461,.T.);
#3071=EDGE_CURVE('',#2517,#2517,#2178,.T.);
#3072=EDGE_CURVE('',#2458,#2518,#1462,.T.);
#3073=EDGE_CURVE('',#2518,#2518,#2179,.T.);
#3074=EDGE_CURVE('',#2460,#2519,#1463,.T.);
#3075=EDGE_CURVE('',#2519,#2519,#2180,.T.);
#3076=EDGE_CURVE('',#2462,#2520,#1464,.T.);
#3077=EDGE_CURVE('',#2520,#2520,#2181,.T.);
#3078=EDGE_CURVE('',#2464,#2521,#1465,.T.);
#3079=EDGE_CURVE('',#2521,#2521,#2182,.T.);
#3080=EDGE_CURVE('',#2466,#2522,#1466,.T.);
#3081=EDGE_CURVE('',#2522,#2522,#2183,.T.);
#3082=EDGE_CURVE('',#2468,#2523,#1467,.T.);
#3083=EDGE_CURVE('',#2523,#2523,#2184,.T.);
#3084=EDGE_CURVE('',#2470,#2524,#1468,.T.);
#3085=EDGE_CURVE('',#2524,#2524,#2185,.T.);
#3086=EDGE_CURVE('',#2472,#2525,#1469,.T.);
#3087=EDGE_CURVE('',#2525,#2525,#2186,.T.);
#3088=EDGE_CURVE('',#2474,#2526,#1470,.T.);
#3089=EDGE_CURVE('',#2526,#2526,#2187,.T.);
#3090=EDGE_CURVE('',#2476,#2527,#1471,.T.);
#3091=EDGE_CURVE('',#2527,#2527,#2188,.T.);
#3092=EDGE_CURVE('',#2478,#2528,#1472,.T.);
#3093=EDGE_CURVE('',#2528,#2528,#2189,.T.);
#3094=EDGE_CURVE('',#2480,#2529,#1473,.T.);
#3095=EDGE_CURVE('',#2529,#2529,#2190,.T.);
#3096=EDGE_CURVE('',#2482,#2530,#1474,.T.);
#3097=EDGE_CURVE('',#2530,#2530,#2191,.T.);
#3098=EDGE_CURVE('',#2484,#2531,#1475,.T.);
#3099=EDGE_CURVE('',#2531,#2531,#2192,.T.);
#3100=EDGE_CURVE('',#2486,#2532,#1476,.T.);
#3101=EDGE_CURVE('',#2532,#2532,#2193,.T.);
#3102=EDGE_CURVE('',#2488,#2533,#1477,.T.);
#3103=EDGE_CURVE('',#2533,#2533,#2194,.T.);
#3104=EDGE_CURVE('',#2490,#2534,#1478,.T.);
#3105=EDGE_CURVE('',#2534,#2534,#2195,.T.);
#3106=EDGE_CURVE('',#2492,#2535,#1479,.T.);
#3107=EDGE_CURVE('',#2535,#2535,#2196,.T.);
#3108=EDGE_CURVE('',#2494,#2536,#1480,.T.);
#3109=EDGE_CURVE('',#2536,#2536,#2197,.T.);
#3110=EDGE_CURVE('',#2496,#2537,#1481,.T.);
#3111=EDGE_CURVE('',#2537,#2537,#2198,.T.);
#3112=EDGE_CURVE('',#2498,#2538,#1482,.T.);
#3113=EDGE_CURVE('',#2538,#2538,#2199,.T.);
#3114=EDGE_CURVE('',#2500,#2539,#1483,.T.);
#3115=EDGE_CURVE('',#2539,#2539,#2200,.T.);
#3116=EDGE_CURVE('',#2540,#2540,#2201,.T.);
#3117=EDGE_CURVE('',#2540,#2503,#1484,.T.);
#3118=EDGE_CURVE('',#2541,#2542,#1485,.T.);
#3119=EDGE_CURVE('',#2543,#2542,#1486,.T.);
#3120=EDGE_CURVE('',#2543,#2544,#1487,.T.);
#3121=EDGE_CURVE('',#2544,#2541,#1488,.T.);
#3122=EDGE_CURVE('',#2545,#2546,#1489,.T.);
#3123=EDGE_CURVE('',#2547,#2546,#1490,.T.);
#3124=EDGE_CURVE('',#2547,#2548,#1491,.T.);
#3125=EDGE_CURVE('',#2548,#2545,#1492,.T.);
#3126=EDGE_CURVE('',#2549,#2550,#1493,.T.);
#3127=EDGE_CURVE('',#2551,#2550,#1494,.T.);
#3128=EDGE_CURVE('',#2551,#2552,#1495,.T.);
#3129=EDGE_CURVE('',#2552,#2549,#1496,.T.);
#3130=EDGE_CURVE('',#2553,#2554,#1497,.T.);
#3131=EDGE_CURVE('',#2555,#2554,#1498,.T.);
#3132=EDGE_CURVE('',#2555,#2556,#1499,.T.);
#3133=EDGE_CURVE('',#2556,#2553,#1500,.T.);
#3134=EDGE_CURVE('',#2556,#2557,#1501,.T.);
#3135=EDGE_CURVE('',#2558,#2555,#1502,.T.);
#3136=EDGE_CURVE('',#2559,#2558,#1503,.T.);
#3137=EDGE_CURVE('',#2557,#2559,#1504,.T.);
#3138=EDGE_CURVE('',#2559,#2560,#1505,.T.);
#3139=EDGE_CURVE('',#2561,#2558,#1506,.T.);
#3140=EDGE_CURVE('',#2560,#2561,#1507,.T.);
#3141=EDGE_CURVE('',#2560,#2562,#1508,.T.);
#3142=EDGE_CURVE('',#2554,#2561,#1509,.T.);
#3143=EDGE_CURVE('',#2562,#2553,#1510,.T.);
#3144=EDGE_CURVE('',#2562,#2557,#1511,.T.);
#3145=EDGE_CURVE('',#2552,#2563,#1512,.T.);
#3146=EDGE_CURVE('',#2564,#2551,#1513,.T.);
#3147=EDGE_CURVE('',#2565,#2564,#1514,.T.);
#3148=EDGE_CURVE('',#2563,#2565,#1515,.T.);
#3149=EDGE_CURVE('',#2565,#2566,#1516,.T.);
#3150=EDGE_CURVE('',#2567,#2564,#1517,.T.);
#3151=EDGE_CURVE('',#2566,#2567,#1518,.T.);
#3152=EDGE_CURVE('',#2566,#2568,#1519,.T.);
#3153=EDGE_CURVE('',#2550,#2567,#1520,.T.);
#3154=EDGE_CURVE('',#2568,#2549,#1521,.T.);
#3155=EDGE_CURVE('',#2568,#2563,#1522,.T.);
#3156=EDGE_CURVE('',#2569,#2570,#1523,.T.);
#3157=EDGE_CURVE('',#2570,#2571,#1524,.T.);
#3158=EDGE_CURVE('',#2572,#2571,#1525,.T.);
#3159=EDGE_CURVE('',#2569,#2572,#1526,.T.);
#3160=EDGE_CURVE('',#2573,#2545,#1527,.T.);
#3161=EDGE_CURVE('',#2573,#2569,#1528,.T.);
#3162=EDGE_CURVE('',#2546,#2572,#1529,.T.);
#3163=EDGE_CURVE('',#2570,#2574,#1530,.T.);
#3164=EDGE_CURVE('',#2548,#2574,#1531,.T.);
#3165=EDGE_CURVE('',#2571,#2547,#1532,.T.);
#3166=EDGE_CURVE('',#2573,#2574,#1533,.T.);
#3167=EDGE_CURVE('',#2575,#2576,#1534,.T.);
#3168=EDGE_CURVE('',#2576,#2577,#1535,.T.);
#3169=EDGE_CURVE('',#2578,#2577,#1536,.T.);
#3170=EDGE_CURVE('',#2575,#2578,#1537,.T.);
#3171=EDGE_CURVE('',#2579,#2541,#1538,.T.);
#3172=EDGE_CURVE('',#2579,#2575,#1539,.T.);
#3173=EDGE_CURVE('',#2542,#2578,#1540,.T.);
#3174=EDGE_CURVE('',#2576,#2580,#1541,.T.);
#3175=EDGE_CURVE('',#2544,#2580,#1542,.T.);
#3176=EDGE_CURVE('',#2577,#2543,#1543,.T.);
#3177=EDGE_CURVE('',#2579,#2580,#1544,.T.);
#3178=EDGE_CURVE('',#2581,#2582,#1545,.T.);
#3179=EDGE_CURVE('',#2582,#2583,#2202,.T.);
#3180=EDGE_CURVE('',#2583,#2584,#1546,.T.);
#3181=EDGE_CURVE('',#2584,#2581,#2203,.T.);
#3182=EDGE_CURVE('',#2581,#2585,#1547,.T.);
#3183=EDGE_CURVE('',#2585,#2586,#1548,.T.);
#3184=EDGE_CURVE('',#2582,#2586,#1549,.T.);
#3185=EDGE_CURVE('',#2587,#2588,#129,.T.);
#3186=EDGE_CURVE('',#2587,#2589,#2204,.T.);
#3187=EDGE_CURVE('',#2590,#2589,#130,.T.);
#3188=EDGE_CURVE('',#2591,#2590,#131,.T.);
#3189=EDGE_CURVE('',#2591,#2592,#2205,.T.);
#3190=EDGE_CURVE('',#2588,#2592,#132,.T.);
#3191=EDGE_CURVE('',#2593,#2588,#1550,.T.);
#3192=EDGE_CURVE('',#2593,#2587,#1551,.T.);
#3193=EDGE_CURVE('',#2563,#2593,#1552,.T.);
#3194=EDGE_CURVE('',#2592,#2594,#1553,.T.);
#3195=EDGE_CURVE('',#2595,#2594,#1554,.T.);
#3196=EDGE_CURVE('',#2595,#2562,#1555,.T.);
#3197=EDGE_CURVE('',#2557,#2568,#1556,.T.);
#3198=EDGE_CURVE('',#2596,#2591,#1557,.T.);
#3199=EDGE_CURVE('',#2597,#2596,#2206,.T.);
#3200=EDGE_CURVE('',#2598,#2597,#1558,.T.);
#3201=EDGE_CURVE('',#2599,#2598,#2207,.T.);
#3202=EDGE_CURVE('',#2600,#2599,#2208,.T.);
#3203=EDGE_CURVE('',#2601,#2600,#2209,.T.);
#3204=EDGE_CURVE('',#2602,#2601,#1559,.T.);
#3205=EDGE_CURVE('',#2594,#2602,#2210,.T.);
#3206=EDGE_CURVE('',#2603,#2589,#1560,.T.);
#3207=EDGE_CURVE('',#2603,#2590,#1561,.T.);
#3208=EDGE_CURVE('',#2604,#2584,#1562,.T.);
#3209=EDGE_CURVE('',#2604,#2585,#2211,.T.);
#3210=EDGE_CURVE('',#2605,#2595,#2212,.T.);
#3211=EDGE_CURVE('',#2606,#2605,#1563,.T.);
#3212=EDGE_CURVE('',#2607,#2606,#2213,.T.);
#3213=EDGE_CURVE('',#2608,#2607,#2214,.T.);
#3214=EDGE_CURVE('',#2609,#2608,#2215,.T.);
#3215=EDGE_CURVE('',#2610,#2609,#1564,.T.);
#3216=EDGE_CURVE('',#2611,#2610,#2216,.T.);
#3217=EDGE_CURVE('',#2574,#2611,#1565,.T.);
#3218=EDGE_CURVE('',#2580,#2573,#1566,.T.);
#3219=EDGE_CURVE('',#2603,#2579,#1567,.T.);
#3220=EDGE_CURVE('',#2608,#2599,#1568,.T.);
#3221=EDGE_CURVE('',#2607,#2600,#1569,.T.);
#3222=EDGE_CURVE('',#2609,#2598,#1570,.T.);
#3223=EDGE_CURVE('',#2610,#2597,#1571,.T.);
#3224=EDGE_CURVE('',#2611,#2596,#1572,.T.);
#3225=EDGE_CURVE('',#2605,#2602,#1573,.T.);
#3226=EDGE_CURVE('',#2606,#2601,#1574,.T.);
#3227=EDGE_CURVE('',#2604,#2612,#1575,.T.);
#3228=EDGE_CURVE('',#2586,#2612,#2217,.T.);
#3229=EDGE_CURVE('',#2612,#2583,#1576,.T.);
#3230=EDGE_CURVE('',#2613,#2614,#2218,.T.);
#3231=EDGE_CURVE('',#2615,#2614,#1577,.T.);
#3232=EDGE_CURVE('',#2616,#2615,#2219,.T.);
#3233=EDGE_CURVE('',#2616,#2613,#1578,.T.);
#3234=EDGE_CURVE('',#2617,#2618,#284,.T.);
#3235=EDGE_CURVE('',#2618,#2617,#285,.T.);
#3236=EDGE_CURVE('',#2619,#2620,#286,.T.);
#3237=EDGE_CURVE('',#2620,#2619,#287,.T.);
#3238=EDGE_CURVE('',#2621,#2622,#288,.T.);
#3239=EDGE_CURVE('',#2622,#2621,#289,.T.);
#3240=EDGE_CURVE('',#2623,#2624,#290,.T.);
#3241=EDGE_CURVE('',#2624,#2623,#291,.T.);
#3242=EDGE_CURVE('',#2625,#2626,#292,.T.);
#3243=EDGE_CURVE('',#2626,#2625,#293,.T.);
#3244=EDGE_CURVE('',#2627,#2628,#294,.T.);
#3245=EDGE_CURVE('',#2628,#2627,#295,.T.);
#3246=EDGE_CURVE('',#2629,#2630,#296,.T.);
#3247=EDGE_CURVE('',#2631,#2629,#1579,.T.);
#3248=EDGE_CURVE('',#2632,#2631,#297,.T.);
#3249=EDGE_CURVE('',#2632,#2630,#1580,.T.);
#3250=EDGE_CURVE('',#2633,#2634,#298,.T.);
#3251=EDGE_CURVE('',#2635,#2633,#1581,.T.);
#3252=EDGE_CURVE('',#2636,#2635,#299,.T.);
#3253=EDGE_CURVE('',#2636,#2634,#1582,.T.);
#3254=EDGE_CURVE('',#2637,#2638,#300,.T.);
#3255=EDGE_CURVE('',#2639,#2637,#1583,.T.);
#3256=EDGE_CURVE('',#2640,#2639,#301,.T.);
#3257=EDGE_CURVE('',#2640,#2638,#1584,.T.);
#3258=EDGE_CURVE('',#2641,#2642,#2220,.T.);
#3259=EDGE_CURVE('',#2641,#2643,#1585,.F.);
#3260=EDGE_CURVE('',#2643,#2644,#2221,.T.);
#3261=EDGE_CURVE('',#2644,#2642,#1586,.T.);
#3262=EDGE_CURVE('',#2645,#2646,#1587,.T.);
#3263=EDGE_CURVE('',#2646,#2647,#302,.T.);
#3264=EDGE_CURVE('',#2648,#2647,#1588,.T.);
#3265=EDGE_CURVE('',#2648,#2645,#303,.T.);
#3266=EDGE_CURVE('',#2649,#2650,#1589,.T.);
#3267=EDGE_CURVE('',#2650,#2651,#304,.T.);
#3268=EDGE_CURVE('',#2652,#2651,#1590,.T.);
#3269=EDGE_CURVE('',#2652,#2649,#305,.T.);
#3270=EDGE_CURVE('',#2653,#2654,#1591,.T.);
#3271=EDGE_CURVE('',#2654,#2655,#306,.T.);
#3272=EDGE_CURVE('',#2656,#2655,#1592,.T.);
#3273=EDGE_CURVE('',#2656,#2653,#307,.T.);
#3274=EDGE_CURVE('',#2657,#2658,#2222,.T.);
#3275=EDGE_CURVE('',#2659,#2657,#1593,.T.);
#3276=EDGE_CURVE('',#2659,#2660,#2223,.T.);
#3277=EDGE_CURVE('',#2660,#2658,#1594,.T.);
#3278=EDGE_CURVE('',#2657,#2613,#1595,.T.);
#3279=EDGE_CURVE('',#2659,#2616,#1596,.T.);
#3280=EDGE_CURVE('',#2661,#2662,#1597,.T.);
#3281=EDGE_CURVE('',#2662,#2663,#1598,.T.);
#3282=EDGE_CURVE('',#2664,#2663,#1599,.T.);
#3283=EDGE_CURVE('',#2664,#2661,#1600,.F.);
#3284=EDGE_CURVE('',#2665,#2665,#2224,.T.);
#3285=EDGE_CURVE('',#2666,#2666,#2225,.T.);
#3286=EDGE_CURVE('',#2667,#2667,#2226,.T.);
#3287=EDGE_CURVE('',#2668,#2669,#1601,.T.);
#3288=EDGE_CURVE('',#2668,#2670,#1602,.T.);
#3289=EDGE_CURVE('',#2670,#2671,#1603,.T.);
#3290=EDGE_CURVE('',#2671,#2669,#1604,.T.);
#3291=EDGE_CURVE('',#2672,#2673,#2227,.T.);
#3292=EDGE_CURVE('',#2673,#2674,#1605,.F.);
#3293=EDGE_CURVE('',#2675,#2674,#2228,.T.);
#3294=EDGE_CURVE('',#2675,#2672,#1606,.T.);
#3295=EDGE_CURVE('',#2676,#2677,#1607,.T.);
#3296=EDGE_CURVE('',#2677,#2678,#1608,.T.);
#3297=EDGE_CURVE('',#2679,#2678,#1609,.T.);
#3298=EDGE_CURVE('',#2679,#2676,#1610,.F.);
#3299=EDGE_CURVE('',#2680,#2681,#1611,.T.);
#3300=EDGE_CURVE('',#2680,#2682,#1612,.F.);
#3301=EDGE_CURVE('',#2682,#2683,#1613,.T.);
#3302=EDGE_CURVE('',#2683,#2681,#1614,.T.);
#3303=EDGE_CURVE('',#2684,#2684,#2229,.T.);
#3304=EDGE_CURVE('',#2685,#2685,#2230,.T.);
#3305=EDGE_CURVE('',#2686,#2686,#2231,.T.);
#3306=EDGE_CURVE('',#2658,#2614,#1615,.T.);
#3307=EDGE_CURVE('',#2660,#2615,#1616,.T.);
#3308=EDGE_CURVE('',#2682,#2644,#2232,.T.);
#3309=EDGE_CURVE('',#2643,#2662,#2233,.T.);
#3310=EDGE_CURVE('',#2661,#2668,#2234,.F.);
#3311=EDGE_CURVE('',#2669,#2675,#2235,.F.);
#3312=EDGE_CURVE('',#2674,#2677,#2236,.F.);
#3313=EDGE_CURVE('',#2676,#2683,#2237,.F.);
#3314=EDGE_CURVE('',#2642,#2680,#2238,.F.);
#3315=EDGE_CURVE('',#2681,#2679,#2239,.T.);
#3316=EDGE_CURVE('',#2678,#2673,#2240,.T.);
#3317=EDGE_CURVE('',#2672,#2671,#2241,.T.);
#3318=EDGE_CURVE('',#2670,#2664,#2242,.T.);
#3319=EDGE_CURVE('',#2663,#2641,#2243,.F.);
#3320=EDGE_CURVE('',#2618,#2667,#1617,.T.);
#3321=EDGE_CURVE('',#2620,#2666,#1618,.T.);
#3322=EDGE_CURVE('',#2622,#2665,#1619,.T.);
#3323=EDGE_CURVE('',#2624,#2686,#1620,.T.);
#3324=EDGE_CURVE('',#2626,#2685,#1621,.T.);
#3325=EDGE_CURVE('',#2628,#2684,#1622,.T.);
#3326=EDGE_CURVE('',#2647,#2630,#1623,.T.);
#3327=EDGE_CURVE('',#2646,#2629,#1624,.T.);
#3328=EDGE_CURVE('',#2645,#2631,#1625,.T.);
#3329=EDGE_CURVE('',#2648,#2632,#1626,.T.);
#3330=EDGE_CURVE('',#2651,#2638,#1627,.T.);
#3331=EDGE_CURVE('',#2650,#2637,#1628,.T.);
#3332=EDGE_CURVE('',#2649,#2639,#1629,.T.);
#3333=EDGE_CURVE('',#2652,#2640,#1630,.T.);
#3334=EDGE_CURVE('',#2655,#2634,#1631,.T.);
#3335=EDGE_CURVE('',#2654,#2633,#1632,.T.);
#3336=EDGE_CURVE('',#2653,#2635,#1633,.T.);
#3337=EDGE_CURVE('',#2656,#2636,#1634,.T.);
#3338=EDGE_CURVE('',#2687,#2688,#2244,.T.);
#3339=EDGE_CURVE('',#2687,#2689,#1635,.T.);
#3340=EDGE_CURVE('',#2689,#2689,#2245,.T.);
#3341=EDGE_CURVE('',#2688,#2687,#2246,.T.);
#3342=EDGE_CURVE('',#2690,#2691,#2247,.T.);
#3343=EDGE_CURVE('',#2690,#2692,#1636,.T.);
#3344=EDGE_CURVE('',#2692,#2692,#2248,.T.);
#3345=EDGE_CURVE('',#2691,#2690,#2249,.T.);
#3346=EDGE_CURVE('',#2693,#2694,#2250,.T.);
#3347=EDGE_CURVE('',#2694,#2693,#2251,.T.);
#3348=EDGE_CURVE('',#2694,#2691,#1637,.T.);
#3349=EDGE_CURVE('',#2695,#2696,#2252,.T.);
#3350=EDGE_CURVE('',#2695,#2688,#1638,.T.);
#3351=EDGE_CURVE('',#2696,#2695,#2253,.T.);
#3352=EDGE_CURVE('',#2697,#2698,#2254,.T.);
#3353=EDGE_CURVE('',#2698,#2699,#1639,.T.);
#3354=EDGE_CURVE('',#2700,#2699,#2255,.T.);
#3355=EDGE_CURVE('',#2697,#2700,#1640,.T.);
#3356=EDGE_CURVE('',#2696,#2693,#1641,.T.);
#3357=EDGE_CURVE('',#2698,#2697,#2256,.T.);
#3358=EDGE_CURVE('',#2699,#2700,#2257,.T.);
#3359=EDGE_CURVE('',#2701,#2702,#308,.T.);
#3360=EDGE_CURVE('',#2701,#2703,#1642,.T.);
#3361=EDGE_CURVE('',#2704,#2703,#309,.T.);
#3362=EDGE_CURVE('',#2705,#2704,#310,.T.);
#3363=EDGE_CURVE('',#2702,#2705,#1643,.T.);
#3364=EDGE_CURVE('',#2706,#2707,#311,.T.);
#3365=EDGE_CURVE('',#2706,#2708,#1644,.T.);
#3366=EDGE_CURVE('',#2709,#2708,#312,.T.);
#3367=EDGE_CURVE('',#2710,#2709,#313,.T.);
#3368=EDGE_CURVE('',#2707,#2710,#1645,.T.);
#3369=EDGE_CURVE('',#2711,#2710,#314,.T.);
#3370=EDGE_CURVE('',#2709,#2712,#1646,.T.);
#3371=EDGE_CURVE('',#2712,#2712,#315,.T.);
#3372=EDGE_CURVE('',#2708,#2711,#316,.T.);
#3373=EDGE_CURVE('',#2713,#2705,#317,.T.);
#3374=EDGE_CURVE('',#2704,#2714,#1647,.T.);
#3375=EDGE_CURVE('',#2714,#2714,#318,.T.);
#3376=EDGE_CURVE('',#2703,#2713,#319,.T.);
#3377=EDGE_CURVE('',#2715,#2716,#2258,.T.);
#3378=EDGE_CURVE('',#2716,#2715,#2259,.T.);
#3379=EDGE_CURVE('',#2716,#2717,#1648,.T.);
#3380=EDGE_CURVE('',#2717,#2718,#320,.T.);
#3381=EDGE_CURVE('',#2718,#2717,#321,.T.);
#3382=EDGE_CURVE('',#2719,#2720,#2260,.T.);
#3383=EDGE_CURVE('',#2720,#2719,#2261,.T.);
#3384=EDGE_CURVE('',#2720,#2721,#1649,.T.);
#3385=EDGE_CURVE('',#2721,#2722,#322,.T.);
#3386=EDGE_CURVE('',#2722,#2721,#323,.T.);
#3387=EDGE_CURVE('',#2723,#2724,#2262,.T.);
#3388=EDGE_CURVE('',#2724,#2723,#2263,.T.);
#3389=EDGE_CURVE('',#2724,#2725,#1650,.T.);
#3390=EDGE_CURVE('',#2725,#2726,#324,.T.);
#3391=EDGE_CURVE('',#2726,#2725,#325,.T.);
#3392=EDGE_CURVE('',#2727,#2728,#2264,.T.);
#3393=EDGE_CURVE('',#2728,#2727,#2265,.T.);
#3394=EDGE_CURVE('',#2728,#2729,#2266,.T.);
#3395=EDGE_CURVE('',#2729,#2729,#2267,.T.);
#3396=EDGE_CURVE('',#2727,#2730,#1651,.T.);
#3397=EDGE_CURVE('',#2730,#2730,#2268,.T.);
#3398=EDGE_CURVE('',#2731,#2732,#2269,.T.);
#3399=EDGE_CURVE('',#2732,#2731,#2270,.T.);
#3400=EDGE_CURVE('',#2732,#2733,#2271,.T.);
#3401=EDGE_CURVE('',#2733,#2734,#2272,.T.);
#3402=EDGE_CURVE('',#2734,#2733,#2273,.T.);
#3403=EDGE_CURVE('',#2735,#2735,#2274,.T.);
#3404=EDGE_CURVE('',#2735,#2736,#2275,.T.);
#3405=EDGE_CURVE('',#2736,#2737,#2276,.T.);
#3406=EDGE_CURVE('',#2737,#2736,#2277,.T.);
#3407=EDGE_CURVE('',#2723,#2738,#1652,.T.);
#3408=EDGE_CURVE('',#2738,#2738,#2278,.T.);
#3409=EDGE_CURVE('',#2719,#2739,#1653,.T.);
#3410=EDGE_CURVE('',#2739,#2739,#2279,.T.);
#3411=EDGE_CURVE('',#2715,#2740,#1654,.T.);
#3412=EDGE_CURVE('',#2740,#2740,#2280,.T.);
#3413=EDGE_CURVE('',#2729,#2734,#1655,.T.);
#3414=EDGE_CURVE('',#2731,#2737,#1656,.T.);
#3415=EDGE_CURVE('',#2707,#2706,#326,.T.);
#3416=EDGE_CURVE('',#2702,#2701,#327,.T.);
#3417=EDGE_CURVE('',#2741,#2741,#2281,.T.);
#3418=EDGE_CURVE('',#2741,#2742,#1657,.T.);
#3419=EDGE_CURVE('',#2742,#2742,#2282,.T.);
#3420=EDGE_CURVE('',#2743,#2744,#1658,.T.);
#3421=EDGE_CURVE('',#2745,#2744,#2283,.T.);
#3422=EDGE_CURVE('',#2744,#2745,#2284,.T.);
#3423=EDGE_CURVE('',#2746,#2746,#2285,.T.);
#3424=EDGE_CURVE('',#2746,#2745,#1659,.T.);
#3425=EDGE_CURVE('',#2747,#2748,#2286,.T.);
#3426=EDGE_CURVE('',#2748,#2747,#2287,.T.);
#3427=EDGE_CURVE('',#2748,#2746,#1660,.T.);
#3428=EDGE_CURVE('',#2747,#2749,#1661,.T.);
#3429=EDGE_CURVE('',#2749,#2749,#2288,.T.);
#3430=EDGE_CURVE('',#2750,#2751,#2289,.T.);
#3431=EDGE_CURVE('',#2752,#2750,#2290,.T.);
#3432=EDGE_CURVE('',#2753,#2752,#2291,.T.);
#3433=EDGE_CURVE('',#2754,#2753,#2292,.T.);
#3434=EDGE_CURVE('',#2755,#2754,#2293,.T.);
#3435=EDGE_CURVE('',#2751,#2755,#2294,.T.);
#3436=EDGE_CURVE('',#2756,#2752,#1662,.T.);
#3437=EDGE_CURVE('',#2750,#2752,#133,.T.);
#3438=EDGE_CURVE('',#2757,#2750,#1663,.T.);
#3439=EDGE_CURVE('',#2756,#2757,#1664,.T.);
#3440=EDGE_CURVE('',#2758,#2753,#1665,.T.);
#3441=EDGE_CURVE('',#2752,#2753,#134,.T.);
#3442=EDGE_CURVE('',#2758,#2756,#1666,.T.);
#3443=EDGE_CURVE('',#2759,#2754,#1667,.T.);
#3444=EDGE_CURVE('',#2753,#2754,#135,.T.);
#3445=EDGE_CURVE('',#2759,#2758,#1668,.T.);
#3446=EDGE_CURVE('',#2760,#2755,#1669,.T.);
#3447=EDGE_CURVE('',#2754,#2755,#136,.T.);
#3448=EDGE_CURVE('',#2760,#2759,#1670,.T.);
#3449=EDGE_CURVE('',#2761,#2751,#1671,.T.);
#3450=EDGE_CURVE('',#2755,#2751,#137,.T.);
#3451=EDGE_CURVE('',#2761,#2760,#1672,.T.);
#3452=EDGE_CURVE('',#2751,#2750,#138,.T.);
#3453=EDGE_CURVE('',#2757,#2761,#1673,.T.);
#3454=EDGE_CURVE('',#2762,#2763,#1674,.T.);
#3455=EDGE_CURVE('',#2764,#2763,#2295,.T.);
#3456=EDGE_CURVE('',#2763,#2764,#2296,.T.);
#3457=EDGE_CURVE('',#2765,#2765,#2297,.T.);
#3458=EDGE_CURVE('',#2765,#2764,#1675,.T.);
#3459=EDGE_CURVE('',#2766,#2767,#2298,.T.);
#3460=EDGE_CURVE('',#2767,#2766,#2299,.T.);
#3461=EDGE_CURVE('',#2767,#2765,#1676,.T.);
#3462=EDGE_CURVE('',#2766,#2768,#1677,.T.);
#3463=EDGE_CURVE('',#2768,#2768,#2300,.T.);
#3464=EDGE_CURVE('',#2769,#2770,#2301,.T.);
#3465=EDGE_CURVE('',#2771,#2769,#2302,.T.);
#3466=EDGE_CURVE('',#2772,#2771,#2303,.T.);
#3467=EDGE_CURVE('',#2773,#2772,#2304,.T.);
#3468=EDGE_CURVE('',#2774,#2773,#2305,.T.);
#3469=EDGE_CURVE('',#2770,#2774,#2306,.T.);
#3470=EDGE_CURVE('',#2775,#2771,#1678,.T.);
#3471=EDGE_CURVE('',#2769,#2771,#139,.T.);
#3472=EDGE_CURVE('',#2776,#2769,#1679,.T.);
#3473=EDGE_CURVE('',#2775,#2776,#1680,.T.);
#3474=EDGE_CURVE('',#2777,#2772,#1681,.T.);
#3475=EDGE_CURVE('',#2771,#2772,#140,.T.);
#3476=EDGE_CURVE('',#2777,#2775,#1682,.T.);
#3477=EDGE_CURVE('',#2778,#2773,#1683,.T.);
#3478=EDGE_CURVE('',#2772,#2773,#141,.T.);
#3479=EDGE_CURVE('',#2778,#2777,#1684,.T.);
#3480=EDGE_CURVE('',#2779,#2774,#1685,.T.);
#3481=EDGE_CURVE('',#2773,#2774,#142,.T.);
#3482=EDGE_CURVE('',#2779,#2778,#1686,.T.);
#3483=EDGE_CURVE('',#2780,#2770,#1687,.T.);
#3484=EDGE_CURVE('',#2774,#2770,#143,.T.);
#3485=EDGE_CURVE('',#2780,#2779,#1688,.T.);
#3486=EDGE_CURVE('',#2770,#2769,#144,.T.);
#3487=EDGE_CURVE('',#2776,#2780,#1689,.T.);
#3488=EDGE_CURVE('',#2781,#2781,#2307,.T.);
#3489=EDGE_CURVE('',#2781,#2782,#1690,.T.);
#3490=EDGE_CURVE('',#2782,#2782,#2308,.T.);
#3491=EDGE_CURVE('',#2783,#2783,#2309,.T.);
#3492=EDGE_CURVE('',#2783,#2784,#1691,.T.);
#3493=EDGE_CURVE('',#2784,#2784,#2310,.T.);
#3494=EDGE_CURVE('',#2785,#2785,#2311,.T.);
#3495=EDGE_CURVE('',#2785,#2786,#1692,.T.);
#3496=EDGE_CURVE('',#2786,#2786,#2312,.T.);
#3497=EDGE_CURVE('',#2787,#2787,#2313,.T.);
#3498=EDGE_CURVE('',#2787,#2788,#1693,.T.);
#3499=EDGE_CURVE('',#2788,#2788,#2314,.T.);
#3500=EDGE_CURVE('',#2789,#2789,#2315,.T.);
#3501=EDGE_CURVE('',#2789,#2790,#1694,.T.);
#3502=EDGE_CURVE('',#2790,#2790,#2316,.T.);
#3503=EDGE_CURVE('',#2791,#2791,#2317,.T.);
#3504=EDGE_CURVE('',#2791,#2792,#1695,.T.);
#3505=EDGE_CURVE('',#2792,#2792,#2318,.T.);
#3506=EDGE_CURVE('',#2793,#2793,#2319,.T.);
#3507=EDGE_CURVE('',#2793,#2794,#1696,.T.);
#3508=EDGE_CURVE('',#2794,#2794,#2320,.T.);
#3509=EDGE_CURVE('',#2795,#2795,#2321,.T.);
#3510=EDGE_CURVE('',#2795,#2796,#1697,.T.);
#3511=EDGE_CURVE('',#2796,#2796,#2322,.T.);
#3512=EDGE_CURVE('',#2797,#2797,#2323,.T.);
#3513=EDGE_CURVE('',#2797,#2798,#1698,.T.);
#3514=EDGE_CURVE('',#2798,#2798,#2324,.T.);
#3515=EDGE_CURVE('',#2799,#2799,#2325,.T.);
#3516=EDGE_CURVE('',#2799,#2800,#1699,.T.);
#3517=EDGE_CURVE('',#2800,#2800,#2326,.T.);
#3518=EDGE_CURVE('',#2801,#2801,#2327,.T.);
#3519=EDGE_CURVE('',#2801,#2802,#1700,.T.);
#3520=EDGE_CURVE('',#2802,#2802,#2328,.T.);
#3521=EDGE_CURVE('',#2803,#2803,#2329,.T.);
#3522=EDGE_CURVE('',#2803,#2804,#1701,.T.);
#3523=EDGE_CURVE('',#2804,#2804,#2330,.T.);
#3524=EDGE_CURVE('',#2805,#2805,#2331,.T.);
#3525=EDGE_CURVE('',#2806,#2806,#2332,.T.);
#3526=EDGE_CURVE('',#2806,#2807,#1702,.T.);
#3527=EDGE_CURVE('',#2807,#2807,#2333,.T.);
#3528=EDGE_CURVE('',#2805,#2808,#1703,.T.);
#3529=EDGE_CURVE('',#2808,#2808,#2334,.T.);
#3530=EDGE_CURVE('',#2809,#2809,#2335,.T.);
#3531=EDGE_CURVE('',#2809,#2810,#1704,.T.);
#3532=EDGE_CURVE('',#2810,#2810,#2336,.T.);
#3533=EDGE_CURVE('',#2811,#2811,#2337,.T.);
#3534=EDGE_CURVE('',#2811,#2812,#1705,.T.);
#3535=EDGE_CURVE('',#2812,#2812,#2338,.T.);
#3536=EDGE_CURVE('',#2813,#2813,#2339,.T.);
#3537=EDGE_CURVE('',#2813,#2814,#1706,.T.);
#3538=EDGE_CURVE('',#2814,#2814,#2340,.T.);
#3539=EDGE_CURVE('',#2815,#2816,#20,.T.);
#3540=EDGE_CURVE('',#2815,#2817,#1707,.T.);
#3541=EDGE_CURVE('',#2818,#2817,#21,.T.);
#3542=EDGE_CURVE('',#2818,#2816,#1708,.T.);
#3543=EDGE_CURVE('',#2819,#2817,#22,.T.);
#3544=EDGE_CURVE('',#2820,#2819,#23,.T.);
#3545=EDGE_CURVE('',#2820,#2821,#1709,.T.);
#3546=EDGE_CURVE('',#2821,#2822,#2341,.F.);
#3547=EDGE_CURVE('',#2822,#2818,#1710,.T.);
#3548=EDGE_CURVE('',#2815,#2823,#24,.T.);
#3549=EDGE_CURVE('',#2819,#2823,#1711,.T.);
#3550=EDGE_CURVE('',#2824,#2825,#25,.T.);
#3551=EDGE_CURVE('',#2824,#2826,#1712,.T.);
#3552=EDGE_CURVE('',#2827,#2826,#26,.T.);
#3553=EDGE_CURVE('',#2827,#2825,#1713,.T.);
#3554=EDGE_CURVE('',#2826,#2828,#1714,.T.);
#3555=EDGE_CURVE('',#2828,#2829,#2342,.F.);
#3556=EDGE_CURVE('',#2829,#2830,#1715,.T.);
#3557=EDGE_CURVE('',#2830,#2831,#27,.T.);
#3558=EDGE_CURVE('',#2827,#2831,#28,.T.);
#3559=EDGE_CURVE('',#2832,#2824,#1716,.T.);
#3560=EDGE_CURVE('',#2828,#2832,#1717,.T.);
#3561=EDGE_CURVE('',#2833,#2834,#2343,.F.);
#3562=EDGE_CURVE('',#2835,#2833,#2344,.F.);
#3563=EDGE_CURVE('',#2834,#2835,#2345,.F.);
#3564=EDGE_CURVE('',#2836,#2821,#2346,.F.);
#3565=EDGE_CURVE('',#2822,#2836,#2347,.F.);
#3566=EDGE_CURVE('',#2833,#2822,#1718,.T.);
#3567=EDGE_CURVE('',#2836,#2835,#1719,.T.);
#3568=EDGE_CURVE('',#2837,#2838,#2348,.F.);
#3569=EDGE_CURVE('',#2832,#2837,#2349,.F.);
#3570=EDGE_CURVE('',#2838,#2832,#2350,.F.);
#3571=EDGE_CURVE('',#2839,#2828,#2351,.F.);
#3572=EDGE_CURVE('',#2829,#2839,#2352,.F.);
#3573=EDGE_CURVE('',#2837,#2839,#1720,.T.);
#3574=EDGE_CURVE('',#2839,#2836,#1721,.T.);
#3575=EDGE_CURVE('',#2821,#2829,#1722,.T.);
#3576=EDGE_CURVE('',#2840,#2825,#29,.T.);
#3577=EDGE_CURVE('',#2841,#2840,#30,.F.);
#3578=EDGE_CURVE('',#2841,#2838,#1723,.T.);
#3579=EDGE_CURVE('',#2835,#2837,#1724,.T.);
#3580=EDGE_CURVE('',#2838,#2834,#1725,.T.);
#3581=EDGE_CURVE('',#2816,#2833,#1726,.T.);
#3582=EDGE_CURVE('',#2834,#2842,#1727,.T.);
#3583=EDGE_CURVE('',#2823,#2842,#31,.T.);
#3584=EDGE_CURVE('',#2842,#2843,#1728,.T.);
#3585=EDGE_CURVE('',#2844,#2843,#1729,.T.);
#3586=EDGE_CURVE('',#2844,#2820,#1730,.T.);
#3587=EDGE_CURVE('',#2843,#2841,#1731,.T.);
#3588=EDGE_CURVE('',#2840,#2831,#1732,.T.);
#3589=EDGE_CURVE('',#2830,#2844,#1733,.T.);
#3590=EDGE_CURVE('',#2845,#2845,#2353,.T.);
#3591=EDGE_CURVE('',#2845,#2846,#1734,.T.);
#3592=EDGE_CURVE('',#2846,#2846,#2354,.T.);
#3593=EDGE_CURVE('',#2847,#2848,#1735,.T.);
#3594=EDGE_CURVE('',#2849,#2847,#32,.T.);
#3595=EDGE_CURVE('',#2850,#2849,#1736,.T.);
#3596=EDGE_CURVE('',#2851,#2850,#328,.T.);
#3597=EDGE_CURVE('',#2851,#2852,#2355,.T.);
#3598=EDGE_CURVE('',#2853,#2852,#329,.T.);
#3599=EDGE_CURVE('',#2854,#2853,#1737,.T.);
#3600=EDGE_CURVE('',#2855,#2854,#33,.T.);
#3601=EDGE_CURVE('',#2856,#2855,#1738,.T.);
#3602=EDGE_CURVE('',#2857,#2856,#2356,.T.);
#3603=EDGE_CURVE('',#2857,#2858,#2357,.T.);
#3604=EDGE_CURVE('',#2848,#2858,#2358,.T.);
#3605=EDGE_CURVE('',#2858,#2859,#1739,.T.);
#3606=EDGE_CURVE('',#2860,#2859,#2359,.T.);
#3607=EDGE_CURVE('',#2860,#2861,#34,.T.);
#3608=EDGE_CURVE('',#2861,#2862,#1740,.T.);
#3609=EDGE_CURVE('',#2862,#2848,#35,.T.);
#3610=EDGE_CURVE('',#2863,#2864,#2360,.F.);
#3611=EDGE_CURVE('',#2865,#2863,#2361,.T.);
#3612=EDGE_CURVE('',#2865,#2866,#2362,.T.);
#3613=EDGE_CURVE('',#2864,#2866,#2363,.T.);
#3614=EDGE_CURVE('',#2860,#2865,#1741,.T.);
#3615=EDGE_CURVE('',#2863,#2861,#1742,.T.);
#3616=EDGE_CURVE('',#2867,#2847,#2364,.T.);
#3617=EDGE_CURVE('',#2868,#2867,#36,.F.);
#3618=EDGE_CURVE('',#2849,#2868,#2365,.T.);
#3619=EDGE_CURVE('',#2862,#2867,#1743,.T.);
#3620=EDGE_CURVE('',#2869,#2870,#37,.T.);
#3621=EDGE_CURVE('',#2870,#2853,#330,.T.);
#3622=EDGE_CURVE('',#2852,#2871,#38,.T.);
#3623=EDGE_CURVE('',#2872,#2871,#331,.T.);
#3624=EDGE_CURVE('',#2872,#2869,#332,.T.);
#3625=EDGE_CURVE('',#2873,#2874,#2366,.F.);
#3626=EDGE_CURVE('',#2875,#2873,#2367,.T.);
#3627=EDGE_CURVE('',#2875,#2876,#2368,.T.);
#3628=EDGE_CURVE('',#2874,#2876,#2369,.T.);
#3629=EDGE_CURVE('',#2866,#2875,#1744,.T.);
#3630=EDGE_CURVE('',#2873,#2864,#1745,.T.);
#3631=EDGE_CURVE('',#2877,#2874,#1746,.T.);
#3632=EDGE_CURVE('',#2876,#2878,#1747,.T.);
#3633=EDGE_CURVE('',#2877,#2878,#39,.T.);
#3634=EDGE_CURVE('',#2879,#2880,#2370,.F.);
#3635=EDGE_CURVE('',#2881,#2879,#2371,.F.);
#3636=EDGE_CURVE('',#2880,#2881,#2372,.F.);
#3637=EDGE_CURVE('',#2882,#2854,#2373,.T.);
#3638=EDGE_CURVE('',#2883,#2882,#40,.F.);
#3639=EDGE_CURVE('',#2855,#2883,#2374,.T.);
#3640=EDGE_CURVE('',#2870,#2882,#1748,.T.);
#3641=EDGE_CURVE('',#2884,#2885,#2375,.F.);
#3642=EDGE_CURVE('',#2886,#2884,#2376,.F.);
#3643=EDGE_CURVE('',#2885,#2886,#2377,.F.);
#3644=EDGE_CURVE('',#2884,#2881,#1749,.T.);
#3645=EDGE_CURVE('',#2879,#2886,#1750,.T.);
#3646=EDGE_CURVE('',#2874,#2885,#1751,.T.);
#3647=EDGE_CURVE('',#2886,#2873,#1752,.T.);
#3648=EDGE_CURVE('',#2887,#2888,#2378,.T.);
#3649=EDGE_CURVE('',#2888,#2884,#1753,.T.);
#3650=EDGE_CURVE('',#2885,#2887,#1754,.T.);
#3651=EDGE_CURVE('',#2889,#2890,#2379,.T.);
#3652=EDGE_CURVE('',#2890,#2888,#2380,.T.);
#3653=EDGE_CURVE('',#2887,#2889,#2381,.T.);
#3654=EDGE_CURVE('',#2889,#2883,#1755,.T.);
#3655=EDGE_CURVE('',#2882,#2890,#1756,.T.);
#3656=EDGE_CURVE('',#2883,#2891,#1757,.T.);
#3657=EDGE_CURVE('',#2891,#2856,#41,.T.);
#3658=EDGE_CURVE('',#2892,#2893,#2382,.T.);
#3659=EDGE_CURVE('',#2893,#2868,#1758,.T.);
#3660=EDGE_CURVE('',#2867,#2892,#1759,.T.);
#3661=EDGE_CURVE('',#2894,#2895,#2383,.T.);
#3662=EDGE_CURVE('',#2895,#2893,#2384,.T.);
#3663=EDGE_CURVE('',#2892,#2894,#2385,.T.);
#3664=EDGE_CURVE('',#2894,#2880,#1760,.T.);
#3665=EDGE_CURVE('',#2881,#2895,#1761,.T.);
#3666=EDGE_CURVE('',#2880,#2863,#1762,.T.);
#3667=EDGE_CURVE('',#2864,#2879,#1763,.T.);
#3668=EDGE_CURVE('',#2896,#2857,#1764,.T.);
#3669=EDGE_CURVE('',#2891,#2877,#1765,.T.);
#3670=EDGE_CURVE('',#2896,#2878,#2386,.T.);
#3671=EDGE_CURVE('',#2868,#2897,#1766,.T.);
#3672=EDGE_CURVE('',#2897,#2850,#333,.T.);
#3673=EDGE_CURVE('',#2898,#2869,#1767,.T.);
#3674=EDGE_CURVE('',#2872,#2899,#1768,.T.);
#3675=EDGE_CURVE('',#2898,#2899,#334,.T.);
#3676=EDGE_CURVE('',#2900,#2851,#42,.T.);
#3677=EDGE_CURVE('',#2897,#2898,#43,.T.);
#3678=EDGE_CURVE('',#2900,#2899,#335,.T.);
#3679=EDGE_CURVE('',#2900,#2871,#2387,.T.);
#3680=EDGE_CURVE('',#2890,#2893,#1769,.T.);
#3681=EDGE_CURVE('',#2895,#2888,#1770,.T.);
#3682=EDGE_CURVE('',#2901,#2901,#2388,.T.);
#3683=EDGE_CURVE('',#2901,#2902,#1771,.T.);
#3684=EDGE_CURVE('',#2902,#2902,#2389,.T.);
#3685=EDGE_CURVE('',#2896,#2859,#2390,.T.);
#3686=EDGE_CURVE('',#2903,#2903,#2391,.F.);
#3687=EDGE_CURVE('',#2903,#2904,#1772,.T.);
#3688=EDGE_CURVE('',#2904,#2904,#2392,.F.);
#3689=EDGE_CURVE('',#2905,#2905,#2393,.F.);
#3690=EDGE_CURVE('',#2905,#2906,#1773,.T.);
#3691=EDGE_CURVE('',#2906,#2906,#2394,.F.);
#3692=EDGE_CURVE('',#2907,#2907,#2395,.F.);
#3693=EDGE_CURVE('',#2907,#2908,#1774,.T.);
#3694=EDGE_CURVE('',#2908,#2908,#2396,.F.);
#3695=EDGE_CURVE('',#2909,#2909,#2397,.F.);
#3696=EDGE_CURVE('',#2909,#2910,#1775,.T.);
#3697=EDGE_CURVE('',#2910,#2910,#2398,.F.);
#3698=EDGE_CURVE('',#2911,#2911,#2399,.F.);
#3699=EDGE_CURVE('',#2911,#2912,#1776,.T.);
#3700=EDGE_CURVE('',#2912,#2912,#2400,.F.);
#3701=EDGE_CURVE('',#2913,#2913,#2401,.F.);
#3702=EDGE_CURVE('',#2913,#2914,#1777,.T.);
#3703=EDGE_CURVE('',#2914,#2914,#2402,.F.);
#3704=EDGE_CURVE('',#2915,#2915,#2403,.F.);
#3705=EDGE_CURVE('',#2915,#2916,#1778,.T.);
#3706=EDGE_CURVE('',#2916,#2916,#2404,.F.);
#3707=EDGE_CURVE('',#2917,#2917,#2405,.F.);
#3708=EDGE_CURVE('',#2917,#2918,#1779,.T.);
#3709=EDGE_CURVE('',#2918,#2918,#2406,.F.);
#3710=EDGE_CURVE('',#2919,#2919,#2407,.T.);
#3711=EDGE_CURVE('',#2919,#2920,#1780,.T.);
#3712=EDGE_CURVE('',#2920,#2920,#2408,.T.);
#3713=EDGE_CURVE('',#2921,#2921,#2409,.T.);
#3714=EDGE_CURVE('',#2921,#2922,#1781,.T.);
#3715=EDGE_CURVE('',#2923,#2922,#44,.T.);
#3716=EDGE_CURVE('',#2922,#2923,#45,.T.);
#3717=EDGE_CURVE('',#2922,#2924,#1782,.T.);
#3718=EDGE_CURVE('',#2925,#2924,#46,.T.);
#3719=EDGE_CURVE('',#2924,#2925,#47,.T.);
#3720=EDGE_CURVE('',#2924,#2926,#1783,.T.);
#3721=EDGE_CURVE('',#2927,#2926,#48,.T.);
#3722=EDGE_CURVE('',#2926,#2927,#49,.T.);
#3723=EDGE_CURVE('',#2926,#2928,#1784,.T.);
#3724=EDGE_CURVE('',#2929,#2928,#50,.T.);
#3725=EDGE_CURVE('',#2928,#2929,#51,.T.);
#3726=EDGE_CURVE('',#2928,#2930,#1785,.T.);
#3727=EDGE_CURVE('',#2931,#2930,#52,.T.);
#3728=EDGE_CURVE('',#2930,#2931,#53,.T.);
#3729=EDGE_CURVE('',#2930,#2932,#1786,.T.);
#3730=EDGE_CURVE('',#2933,#2932,#54,.T.);
#3731=EDGE_CURVE('',#2932,#2933,#55,.T.);
#3732=EDGE_CURVE('',#2932,#2934,#1787,.T.);
#3733=EDGE_CURVE('',#2935,#2934,#56,.T.);
#3734=EDGE_CURVE('',#2934,#2935,#57,.T.);
#3735=EDGE_CURVE('',#2934,#2936,#1788,.T.);
#3736=EDGE_CURVE('',#2937,#2936,#58,.T.);
#3737=EDGE_CURVE('',#2936,#2937,#59,.T.);
#3738=EDGE_CURVE('',#2936,#2938,#1789,.T.);
#3739=EDGE_CURVE('',#2939,#2938,#60,.T.);
#3740=EDGE_CURVE('',#2938,#2939,#61,.T.);
#3741=EDGE_CURVE('',#2938,#2940,#1790,.T.);
#3742=EDGE_CURVE('',#2940,#2940,#2410,.T.);
#3743=ORIENTED_EDGE('',*,*,#2941,.F.);
#3744=ORIENTED_EDGE('',*,*,#2942,.T.);
#3745=ORIENTED_EDGE('',*,*,#2943,.F.);
#3746=ORIENTED_EDGE('',*,*,#2942,.F.);
#3747=ORIENTED_EDGE('',*,*,#2944,.F.);
#3748=ORIENTED_EDGE('',*,*,#2945,.T.);
#3749=ORIENTED_EDGE('',*,*,#2946,.F.);
#3750=ORIENTED_EDGE('',*,*,#2945,.F.);
#3751=ORIENTED_EDGE('',*,*,#2947,.F.);
#3752=ORIENTED_EDGE('',*,*,#2948,.T.);
#3753=ORIENTED_EDGE('',*,*,#2949,.F.);
#3754=ORIENTED_EDGE('',*,*,#2948,.F.);
#3755=ORIENTED_EDGE('',*,*,#2950,.F.);
#3756=ORIENTED_EDGE('',*,*,#2941,.T.);
#3757=ORIENTED_EDGE('',*,*,#2944,.T.);
#3758=ORIENTED_EDGE('',*,*,#2947,.T.);
#3759=ORIENTED_EDGE('',*,*,#2951,.T.);
#3760=ORIENTED_EDGE('',*,*,#2951,.F.);
#3761=ORIENTED_EDGE('',*,*,#2952,.T.);
#3762=ORIENTED_EDGE('',*,*,#2953,.T.);
#3763=ORIENTED_EDGE('',*,*,#2952,.F.);
#3764=ORIENTED_EDGE('',*,*,#2954,.T.);
#3765=ORIENTED_EDGE('',*,*,#2954,.F.);
#3766=ORIENTED_EDGE('',*,*,#2955,.T.);
#3767=ORIENTED_EDGE('',*,*,#2956,.T.);
#3768=ORIENTED_EDGE('',*,*,#2955,.F.);
#3769=ORIENTED_EDGE('',*,*,#2957,.T.);
#3770=ORIENTED_EDGE('',*,*,#2957,.F.);
#3771=ORIENTED_EDGE('',*,*,#2958,.T.);
#3772=ORIENTED_EDGE('',*,*,#2959,.T.);
#3773=ORIENTED_EDGE('',*,*,#2958,.F.);
#3774=ORIENTED_EDGE('',*,*,#2960,.T.);
#3775=ORIENTED_EDGE('',*,*,#2960,.F.);
#3776=ORIENTED_EDGE('',*,*,#2961,.T.);
#3777=ORIENTED_EDGE('',*,*,#2962,.T.);
#3778=ORIENTED_EDGE('',*,*,#2961,.F.);
#3779=ORIENTED_EDGE('',*,*,#2963,.T.);
#3780=ORIENTED_EDGE('',*,*,#2963,.F.);
#3781=ORIENTED_EDGE('',*,*,#2964,.T.);
#3782=ORIENTED_EDGE('',*,*,#2965,.T.);
#3783=ORIENTED_EDGE('',*,*,#2964,.F.);
#3784=ORIENTED_EDGE('',*,*,#2950,.T.);
#3785=ORIENTED_EDGE('',*,*,#2966,.T.);
#3786=ORIENTED_EDGE('',*,*,#2967,.F.);
#3787=ORIENTED_EDGE('',*,*,#2966,.F.);
#3788=ORIENTED_EDGE('',*,*,#2968,.F.);
#3789=ORIENTED_EDGE('',*,*,#2969,.F.);
#3790=ORIENTED_EDGE('',*,*,#2970,.F.);
#3791=ORIENTED_EDGE('',*,*,#2971,.F.);
#3792=ORIENTED_EDGE('',*,*,#2972,.F.);
#3793=ORIENTED_EDGE('',*,*,#2973,.F.);
#3794=ORIENTED_EDGE('',*,*,#2974,.F.);
#3795=ORIENTED_EDGE('',*,*,#2975,.F.);
#3796=ORIENTED_EDGE('',*,*,#2976,.F.);
#3797=ORIENTED_EDGE('',*,*,#2977,.F.);
#3798=ORIENTED_EDGE('',*,*,#2978,.F.);
#3799=ORIENTED_EDGE('',*,*,#2979,.F.);
#3800=ORIENTED_EDGE('',*,*,#2980,.F.);
#3801=ORIENTED_EDGE('',*,*,#2981,.F.);
#3802=ORIENTED_EDGE('',*,*,#2982,.F.);
#3803=ORIENTED_EDGE('',*,*,#2983,.F.);
#3804=ORIENTED_EDGE('',*,*,#2984,.F.);
#3805=ORIENTED_EDGE('',*,*,#2985,.F.);
#3806=ORIENTED_EDGE('',*,*,#2986,.F.);
#3807=ORIENTED_EDGE('',*,*,#2987,.F.);
#3808=ORIENTED_EDGE('',*,*,#2988,.F.);
#3809=ORIENTED_EDGE('',*,*,#2989,.F.);
#3810=ORIENTED_EDGE('',*,*,#2990,.F.);
#3811=ORIENTED_EDGE('',*,*,#2991,.F.);
#3812=ORIENTED_EDGE('',*,*,#2992,.F.);
#3813=ORIENTED_EDGE('',*,*,#2993,.F.);
#3814=ORIENTED_EDGE('',*,*,#2994,.F.);
#3815=ORIENTED_EDGE('',*,*,#2995,.F.);
#3816=ORIENTED_EDGE('',*,*,#2996,.F.);
#3817=ORIENTED_EDGE('',*,*,#2997,.F.);
#3818=ORIENTED_EDGE('',*,*,#2998,.F.);
#3819=ORIENTED_EDGE('',*,*,#2999,.F.);
#3820=ORIENTED_EDGE('',*,*,#3000,.F.);
#3821=ORIENTED_EDGE('',*,*,#3001,.F.);
#3822=ORIENTED_EDGE('',*,*,#3002,.F.);
#3823=ORIENTED_EDGE('',*,*,#3003,.F.);
#3824=ORIENTED_EDGE('',*,*,#3004,.F.);
#3825=ORIENTED_EDGE('',*,*,#3005,.F.);
#3826=ORIENTED_EDGE('',*,*,#3006,.F.);
#3827=ORIENTED_EDGE('',*,*,#3007,.F.);
#3828=ORIENTED_EDGE('',*,*,#3008,.F.);
#3829=ORIENTED_EDGE('',*,*,#3009,.F.);
#3830=ORIENTED_EDGE('',*,*,#3010,.F.);
#3831=ORIENTED_EDGE('',*,*,#3011,.F.);
#3832=ORIENTED_EDGE('',*,*,#3012,.F.);
#3833=ORIENTED_EDGE('',*,*,#3013,.F.);
#3834=ORIENTED_EDGE('',*,*,#3014,.F.);
#3835=ORIENTED_EDGE('',*,*,#3015,.F.);
#3836=ORIENTED_EDGE('',*,*,#3016,.F.);
#3837=ORIENTED_EDGE('',*,*,#3017,.F.);
#3838=ORIENTED_EDGE('',*,*,#3018,.F.);
#3839=ORIENTED_EDGE('',*,*,#3019,.F.);
#3840=ORIENTED_EDGE('',*,*,#3020,.F.);
#3841=ORIENTED_EDGE('',*,*,#3021,.F.);
#3842=ORIENTED_EDGE('',*,*,#3022,.F.);
#3843=ORIENTED_EDGE('',*,*,#3023,.F.);
#3844=ORIENTED_EDGE('',*,*,#3024,.F.);
#3845=ORIENTED_EDGE('',*,*,#3025,.F.);
#3846=ORIENTED_EDGE('',*,*,#3026,.F.);
#3847=ORIENTED_EDGE('',*,*,#3027,.F.);
#3848=ORIENTED_EDGE('',*,*,#3028,.F.);
#3849=ORIENTED_EDGE('',*,*,#3029,.F.);
#3850=ORIENTED_EDGE('',*,*,#3030,.F.);
#3851=ORIENTED_EDGE('',*,*,#3031,.F.);
#3852=ORIENTED_EDGE('',*,*,#3032,.F.);
#3853=ORIENTED_EDGE('',*,*,#3033,.F.);
#3854=ORIENTED_EDGE('',*,*,#3034,.F.);
#3855=ORIENTED_EDGE('',*,*,#3035,.F.);
#3856=ORIENTED_EDGE('',*,*,#3036,.F.);
#3857=ORIENTED_EDGE('',*,*,#3037,.F.);
#3858=ORIENTED_EDGE('',*,*,#3038,.F.);
#3859=ORIENTED_EDGE('',*,*,#3039,.F.);
#3860=ORIENTED_EDGE('',*,*,#3040,.T.);
#3861=ORIENTED_EDGE('',*,*,#3041,.T.);
#3862=ORIENTED_EDGE('',*,*,#3042,.F.);
#3863=ORIENTED_EDGE('',*,*,#3041,.F.);
#3864=ORIENTED_EDGE('',*,*,#2967,.T.);
#3865=ORIENTED_EDGE('',*,*,#2953,.F.);
#3866=ORIENTED_EDGE('',*,*,#2956,.F.);
#3867=ORIENTED_EDGE('',*,*,#2959,.F.);
#3868=ORIENTED_EDGE('',*,*,#2962,.F.);
#3869=ORIENTED_EDGE('',*,*,#2965,.F.);
#3870=ORIENTED_EDGE('',*,*,#3043,.F.);
#3871=ORIENTED_EDGE('',*,*,#3040,.F.);
#3872=ORIENTED_EDGE('',*,*,#3042,.T.);
#3873=ORIENTED_EDGE('',*,*,#2943,.T.);
#3874=ORIENTED_EDGE('',*,*,#2946,.T.);
#3875=ORIENTED_EDGE('',*,*,#2949,.T.);
#3876=ORIENTED_EDGE('',*,*,#2970,.T.);
#3877=ORIENTED_EDGE('',*,*,#3044,.T.);
#3878=ORIENTED_EDGE('',*,*,#3045,.F.);
#3879=ORIENTED_EDGE('',*,*,#3044,.F.);
#3880=ORIENTED_EDGE('',*,*,#2971,.T.);
#3881=ORIENTED_EDGE('',*,*,#2972,.T.);
#3882=ORIENTED_EDGE('',*,*,#3046,.T.);
#3883=ORIENTED_EDGE('',*,*,#3047,.F.);
#3884=ORIENTED_EDGE('',*,*,#3046,.F.);
#3885=ORIENTED_EDGE('',*,*,#2973,.T.);
#3886=ORIENTED_EDGE('',*,*,#2974,.T.);
#3887=ORIENTED_EDGE('',*,*,#3048,.T.);
#3888=ORIENTED_EDGE('',*,*,#3049,.F.);
#3889=ORIENTED_EDGE('',*,*,#3048,.F.);
#3890=ORIENTED_EDGE('',*,*,#2975,.T.);
#3891=ORIENTED_EDGE('',*,*,#3045,.T.);
#3892=ORIENTED_EDGE('',*,*,#3047,.T.);
#3893=ORIENTED_EDGE('',*,*,#3049,.T.);
#3894=ORIENTED_EDGE('',*,*,#2978,.T.);
#3895=ORIENTED_EDGE('',*,*,#3050,.T.);
#3896=ORIENTED_EDGE('',*,*,#3051,.F.);
#3897=ORIENTED_EDGE('',*,*,#3050,.F.);
#3898=ORIENTED_EDGE('',*,*,#2979,.T.);
#3899=ORIENTED_EDGE('',*,*,#2976,.T.);
#3900=ORIENTED_EDGE('',*,*,#3052,.T.);
#3901=ORIENTED_EDGE('',*,*,#3053,.F.);
#3902=ORIENTED_EDGE('',*,*,#3052,.F.);
#3903=ORIENTED_EDGE('',*,*,#2977,.T.);
#3904=ORIENTED_EDGE('',*,*,#2968,.T.);
#3905=ORIENTED_EDGE('',*,*,#3054,.T.);
#3906=ORIENTED_EDGE('',*,*,#3055,.F.);
#3907=ORIENTED_EDGE('',*,*,#3054,.F.);
#3908=ORIENTED_EDGE('',*,*,#2969,.T.);
#3909=ORIENTED_EDGE('',*,*,#3051,.T.);
#3910=ORIENTED_EDGE('',*,*,#3053,.T.);
#3911=ORIENTED_EDGE('',*,*,#3055,.T.);
#3912=ORIENTED_EDGE('',*,*,#2980,.T.);
#3913=ORIENTED_EDGE('',*,*,#3056,.T.);
#3914=ORIENTED_EDGE('',*,*,#3057,.F.);
#3915=ORIENTED_EDGE('',*,*,#3056,.F.);
#3916=ORIENTED_EDGE('',*,*,#2981,.T.);
#3917=ORIENTED_EDGE('',*,*,#3057,.T.);
#3918=ORIENTED_EDGE('',*,*,#2982,.T.);
#3919=ORIENTED_EDGE('',*,*,#3058,.T.);
#3920=ORIENTED_EDGE('',*,*,#3059,.F.);
#3921=ORIENTED_EDGE('',*,*,#3058,.F.);
#3922=ORIENTED_EDGE('',*,*,#2983,.T.);
#3923=ORIENTED_EDGE('',*,*,#3059,.T.);
#3924=ORIENTED_EDGE('',*,*,#2984,.T.);
#3925=ORIENTED_EDGE('',*,*,#3060,.T.);
#3926=ORIENTED_EDGE('',*,*,#3061,.F.);
#3927=ORIENTED_EDGE('',*,*,#3060,.F.);
#3928=ORIENTED_EDGE('',*,*,#2985,.T.);
#3929=ORIENTED_EDGE('',*,*,#3061,.T.);
#3930=ORIENTED_EDGE('',*,*,#2986,.T.);
#3931=ORIENTED_EDGE('',*,*,#3062,.T.);
#3932=ORIENTED_EDGE('',*,*,#3063,.F.);
#3933=ORIENTED_EDGE('',*,*,#3062,.F.);
#3934=ORIENTED_EDGE('',*,*,#2987,.T.);
#3935=ORIENTED_EDGE('',*,*,#3063,.T.);
#3936=ORIENTED_EDGE('',*,*,#2988,.T.);
#3937=ORIENTED_EDGE('',*,*,#3064,.T.);
#3938=ORIENTED_EDGE('',*,*,#3065,.F.);
#3939=ORIENTED_EDGE('',*,*,#3064,.F.);
#3940=ORIENTED_EDGE('',*,*,#2989,.T.);
#3941=ORIENTED_EDGE('',*,*,#3065,.T.);
#3942=ORIENTED_EDGE('',*,*,#2990,.T.);
#3943=ORIENTED_EDGE('',*,*,#3066,.T.);
#3944=ORIENTED_EDGE('',*,*,#3067,.F.);
#3945=ORIENTED_EDGE('',*,*,#3066,.F.);
#3946=ORIENTED_EDGE('',*,*,#2991,.T.);
#3947=ORIENTED_EDGE('',*,*,#3067,.T.);
#3948=ORIENTED_EDGE('',*,*,#2992,.T.);
#3949=ORIENTED_EDGE('',*,*,#3068,.T.);
#3950=ORIENTED_EDGE('',*,*,#3069,.F.);
#3951=ORIENTED_EDGE('',*,*,#3068,.F.);
#3952=ORIENTED_EDGE('',*,*,#2993,.T.);
#3953=ORIENTED_EDGE('',*,*,#3069,.T.);
#3954=ORIENTED_EDGE('',*,*,#2994,.T.);
#3955=ORIENTED_EDGE('',*,*,#3070,.T.);
#3956=ORIENTED_EDGE('',*,*,#3071,.F.);
#3957=ORIENTED_EDGE('',*,*,#3070,.F.);
#3958=ORIENTED_EDGE('',*,*,#2995,.T.);
#3959=ORIENTED_EDGE('',*,*,#3071,.T.);
#3960=ORIENTED_EDGE('',*,*,#2996,.T.);
#3961=ORIENTED_EDGE('',*,*,#3072,.T.);
#3962=ORIENTED_EDGE('',*,*,#3073,.F.);
#3963=ORIENTED_EDGE('',*,*,#3072,.F.);
#3964=ORIENTED_EDGE('',*,*,#2997,.T.);
#3965=ORIENTED_EDGE('',*,*,#3073,.T.);
#3966=ORIENTED_EDGE('',*,*,#2998,.T.);
#3967=ORIENTED_EDGE('',*,*,#3074,.T.);
#3968=ORIENTED_EDGE('',*,*,#3075,.F.);
#3969=ORIENTED_EDGE('',*,*,#3074,.F.);
#3970=ORIENTED_EDGE('',*,*,#2999,.T.);
#3971=ORIENTED_EDGE('',*,*,#3075,.T.);
#3972=ORIENTED_EDGE('',*,*,#3000,.T.);
#3973=ORIENTED_EDGE('',*,*,#3076,.T.);
#3974=ORIENTED_EDGE('',*,*,#3077,.F.);
#3975=ORIENTED_EDGE('',*,*,#3076,.F.);
#3976=ORIENTED_EDGE('',*,*,#3001,.T.);
#3977=ORIENTED_EDGE('',*,*,#3077,.T.);
#3978=ORIENTED_EDGE('',*,*,#3002,.T.);
#3979=ORIENTED_EDGE('',*,*,#3078,.T.);
#3980=ORIENTED_EDGE('',*,*,#3079,.F.);
#3981=ORIENTED_EDGE('',*,*,#3078,.F.);
#3982=ORIENTED_EDGE('',*,*,#3003,.T.);
#3983=ORIENTED_EDGE('',*,*,#3079,.T.);
#3984=ORIENTED_EDGE('',*,*,#3004,.T.);
#3985=ORIENTED_EDGE('',*,*,#3080,.T.);
#3986=ORIENTED_EDGE('',*,*,#3081,.F.);
#3987=ORIENTED_EDGE('',*,*,#3080,.F.);
#3988=ORIENTED_EDGE('',*,*,#3005,.T.);
#3989=ORIENTED_EDGE('',*,*,#3081,.T.);
#3990=ORIENTED_EDGE('',*,*,#3006,.T.);
#3991=ORIENTED_EDGE('',*,*,#3082,.T.);
#3992=ORIENTED_EDGE('',*,*,#3083,.F.);
#3993=ORIENTED_EDGE('',*,*,#3082,.F.);
#3994=ORIENTED_EDGE('',*,*,#3007,.T.);
#3995=ORIENTED_EDGE('',*,*,#3083,.T.);
#3996=ORIENTED_EDGE('',*,*,#3008,.T.);
#3997=ORIENTED_EDGE('',*,*,#3084,.T.);
#3998=ORIENTED_EDGE('',*,*,#3085,.F.);
#3999=ORIENTED_EDGE('',*,*,#3084,.F.);
#4000=ORIENTED_EDGE('',*,*,#3009,.T.);
#4001=ORIENTED_EDGE('',*,*,#3085,.T.);
#4002=ORIENTED_EDGE('',*,*,#3010,.T.);
#4003=ORIENTED_EDGE('',*,*,#3086,.T.);
#4004=ORIENTED_EDGE('',*,*,#3087,.F.);
#4005=ORIENTED_EDGE('',*,*,#3086,.F.);
#4006=ORIENTED_EDGE('',*,*,#3011,.T.);
#4007=ORIENTED_EDGE('',*,*,#3087,.T.);
#4008=ORIENTED_EDGE('',*,*,#3012,.T.);
#4009=ORIENTED_EDGE('',*,*,#3088,.T.);
#4010=ORIENTED_EDGE('',*,*,#3089,.F.);
#4011=ORIENTED_EDGE('',*,*,#3088,.F.);
#4012=ORIENTED_EDGE('',*,*,#3013,.T.);
#4013=ORIENTED_EDGE('',*,*,#3089,.T.);
#4014=ORIENTED_EDGE('',*,*,#3014,.T.);
#4015=ORIENTED_EDGE('',*,*,#3090,.T.);
#4016=ORIENTED_EDGE('',*,*,#3091,.F.);
#4017=ORIENTED_EDGE('',*,*,#3090,.F.);
#4018=ORIENTED_EDGE('',*,*,#3015,.T.);
#4019=ORIENTED_EDGE('',*,*,#3091,.T.);
#4020=ORIENTED_EDGE('',*,*,#3016,.T.);
#4021=ORIENTED_EDGE('',*,*,#3092,.T.);
#4022=ORIENTED_EDGE('',*,*,#3093,.F.);
#4023=ORIENTED_EDGE('',*,*,#3092,.F.);
#4024=ORIENTED_EDGE('',*,*,#3017,.T.);
#4025=ORIENTED_EDGE('',*,*,#3093,.T.);
#4026=ORIENTED_EDGE('',*,*,#3018,.T.);
#4027=ORIENTED_EDGE('',*,*,#3094,.T.);
#4028=ORIENTED_EDGE('',*,*,#3095,.F.);
#4029=ORIENTED_EDGE('',*,*,#3094,.F.);
#4030=ORIENTED_EDGE('',*,*,#3019,.T.);
#4031=ORIENTED_EDGE('',*,*,#3095,.T.);
#4032=ORIENTED_EDGE('',*,*,#3020,.T.);
#4033=ORIENTED_EDGE('',*,*,#3096,.T.);
#4034=ORIENTED_EDGE('',*,*,#3097,.F.);
#4035=ORIENTED_EDGE('',*,*,#3096,.F.);
#4036=ORIENTED_EDGE('',*,*,#3021,.T.);
#4037=ORIENTED_EDGE('',*,*,#3097,.T.);
#4038=ORIENTED_EDGE('',*,*,#3022,.T.);
#4039=ORIENTED_EDGE('',*,*,#3098,.T.);
#4040=ORIENTED_EDGE('',*,*,#3099,.F.);
#4041=ORIENTED_EDGE('',*,*,#3098,.F.);
#4042=ORIENTED_EDGE('',*,*,#3023,.T.);
#4043=ORIENTED_EDGE('',*,*,#3099,.T.);
#4044=ORIENTED_EDGE('',*,*,#3024,.T.);
#4045=ORIENTED_EDGE('',*,*,#3100,.T.);
#4046=ORIENTED_EDGE('',*,*,#3101,.F.);
#4047=ORIENTED_EDGE('',*,*,#3100,.F.);
#4048=ORIENTED_EDGE('',*,*,#3025,.T.);
#4049=ORIENTED_EDGE('',*,*,#3101,.T.);
#4050=ORIENTED_EDGE('',*,*,#3026,.T.);
#4051=ORIENTED_EDGE('',*,*,#3102,.T.);
#4052=ORIENTED_EDGE('',*,*,#3103,.F.);
#4053=ORIENTED_EDGE('',*,*,#3102,.F.);
#4054=ORIENTED_EDGE('',*,*,#3027,.T.);
#4055=ORIENTED_EDGE('',*,*,#3103,.T.);
#4056=ORIENTED_EDGE('',*,*,#3028,.T.);
#4057=ORIENTED_EDGE('',*,*,#3104,.T.);
#4058=ORIENTED_EDGE('',*,*,#3105,.F.);
#4059=ORIENTED_EDGE('',*,*,#3104,.F.);
#4060=ORIENTED_EDGE('',*,*,#3029,.T.);
#4061=ORIENTED_EDGE('',*,*,#3105,.T.);
#4062=ORIENTED_EDGE('',*,*,#3030,.T.);
#4063=ORIENTED_EDGE('',*,*,#3106,.T.);
#4064=ORIENTED_EDGE('',*,*,#3107,.F.);
#4065=ORIENTED_EDGE('',*,*,#3106,.F.);
#4066=ORIENTED_EDGE('',*,*,#3031,.T.);
#4067=ORIENTED_EDGE('',*,*,#3107,.T.);
#4068=ORIENTED_EDGE('',*,*,#3032,.T.);
#4069=ORIENTED_EDGE('',*,*,#3108,.T.);
#4070=ORIENTED_EDGE('',*,*,#3109,.F.);
#4071=ORIENTED_EDGE('',*,*,#3108,.F.);
#4072=ORIENTED_EDGE('',*,*,#3033,.T.);
#4073=ORIENTED_EDGE('',*,*,#3109,.T.);
#4074=ORIENTED_EDGE('',*,*,#3034,.T.);
#4075=ORIENTED_EDGE('',*,*,#3110,.T.);
#4076=ORIENTED_EDGE('',*,*,#3111,.F.);
#4077=ORIENTED_EDGE('',*,*,#3110,.F.);
#4078=ORIENTED_EDGE('',*,*,#3035,.T.);
#4079=ORIENTED_EDGE('',*,*,#3111,.T.);
#4080=ORIENTED_EDGE('',*,*,#3036,.T.);
#4081=ORIENTED_EDGE('',*,*,#3112,.T.);
#4082=ORIENTED_EDGE('',*,*,#3113,.F.);
#4083=ORIENTED_EDGE('',*,*,#3112,.F.);
#4084=ORIENTED_EDGE('',*,*,#3037,.T.);
#4085=ORIENTED_EDGE('',*,*,#3113,.T.);
#4086=ORIENTED_EDGE('',*,*,#3038,.T.);
#4087=ORIENTED_EDGE('',*,*,#3114,.T.);
#4088=ORIENTED_EDGE('',*,*,#3115,.F.);
#4089=ORIENTED_EDGE('',*,*,#3114,.F.);
#4090=ORIENTED_EDGE('',*,*,#3039,.T.);
#4091=ORIENTED_EDGE('',*,*,#3115,.T.);
#4092=ORIENTED_EDGE('',*,*,#3116,.F.);
#4093=ORIENTED_EDGE('',*,*,#3117,.T.);
#4094=ORIENTED_EDGE('',*,*,#3043,.T.);
#4095=ORIENTED_EDGE('',*,*,#3117,.F.);
#4096=ORIENTED_EDGE('',*,*,#3116,.T.);
#4097=ORIENTED_EDGE('',*,*,#3118,.T.);
#4098=ORIENTED_EDGE('',*,*,#3119,.F.);
#4099=ORIENTED_EDGE('',*,*,#3120,.T.);
#4100=ORIENTED_EDGE('',*,*,#3121,.T.);
#4101=ORIENTED_EDGE('',*,*,#3122,.T.);
#4102=ORIENTED_EDGE('',*,*,#3123,.F.);
#4103=ORIENTED_EDGE('',*,*,#3124,.T.);
#4104=ORIENTED_EDGE('',*,*,#3125,.T.);
#4105=ORIENTED_EDGE('',*,*,#3126,.T.);
#4106=ORIENTED_EDGE('',*,*,#3127,.F.);
#4107=ORIENTED_EDGE('',*,*,#3128,.T.);
#4108=ORIENTED_EDGE('',*,*,#3129,.T.);
#4109=ORIENTED_EDGE('',*,*,#3130,.T.);
#4110=ORIENTED_EDGE('',*,*,#3131,.F.);
#4111=ORIENTED_EDGE('',*,*,#3132,.T.);
#4112=ORIENTED_EDGE('',*,*,#3133,.T.);
#4113=ORIENTED_EDGE('',*,*,#3134,.F.);
#4114=ORIENTED_EDGE('',*,*,#3132,.F.);
#4115=ORIENTED_EDGE('',*,*,#3135,.F.);
#4116=ORIENTED_EDGE('',*,*,#3136,.F.);
#4117=ORIENTED_EDGE('',*,*,#3137,.F.);
#4118=ORIENTED_EDGE('',*,*,#3138,.F.);
#4119=ORIENTED_EDGE('',*,*,#3136,.T.);
#4120=ORIENTED_EDGE('',*,*,#3139,.F.);
#4121=ORIENTED_EDGE('',*,*,#3140,.F.);
#4122=ORIENTED_EDGE('',*,*,#3141,.F.);
#4123=ORIENTED_EDGE('',*,*,#3140,.T.);
#4124=ORIENTED_EDGE('',*,*,#3142,.F.);
#4125=ORIENTED_EDGE('',*,*,#3130,.F.);
#4126=ORIENTED_EDGE('',*,*,#3143,.F.);
#4127=ORIENTED_EDGE('',*,*,#3131,.T.);
#4128=ORIENTED_EDGE('',*,*,#3142,.T.);
#4129=ORIENTED_EDGE('',*,*,#3139,.T.);
#4130=ORIENTED_EDGE('',*,*,#3135,.T.);
#4131=ORIENTED_EDGE('',*,*,#3144,.T.);
#4132=ORIENTED_EDGE('',*,*,#3137,.T.);
#4133=ORIENTED_EDGE('',*,*,#3138,.T.);
#4134=ORIENTED_EDGE('',*,*,#3141,.T.);
#4135=ORIENTED_EDGE('',*,*,#3145,.F.);
#4136=ORIENTED_EDGE('',*,*,#3128,.F.);
#4137=ORIENTED_EDGE('',*,*,#3146,.F.);
#4138=ORIENTED_EDGE('',*,*,#3147,.F.);
#4139=ORIENTED_EDGE('',*,*,#3148,.F.);
#4140=ORIENTED_EDGE('',*,*,#3149,.F.);
#4141=ORIENTED_EDGE('',*,*,#3147,.T.);
#4142=ORIENTED_EDGE('',*,*,#3150,.F.);
#4143=ORIENTED_EDGE('',*,*,#3151,.F.);
#4144=ORIENTED_EDGE('',*,*,#3152,.F.);
#4145=ORIENTED_EDGE('',*,*,#3151,.T.);
#4146=ORIENTED_EDGE('',*,*,#3153,.F.);
#4147=ORIENTED_EDGE('',*,*,#3126,.F.);
#4148=ORIENTED_EDGE('',*,*,#3154,.F.);
#4149=ORIENTED_EDGE('',*,*,#3127,.T.);
#4150=ORIENTED_EDGE('',*,*,#3153,.T.);
#4151=ORIENTED_EDGE('',*,*,#3150,.T.);
#4152=ORIENTED_EDGE('',*,*,#3146,.T.);
#4153=ORIENTED_EDGE('',*,*,#3155,.T.);
#4154=ORIENTED_EDGE('',*,*,#3148,.T.);
#4155=ORIENTED_EDGE('',*,*,#3149,.T.);
#4156=ORIENTED_EDGE('',*,*,#3152,.T.);
#4157=ORIENTED_EDGE('',*,*,#3156,.T.);
#4158=ORIENTED_EDGE('',*,*,#3157,.T.);
#4159=ORIENTED_EDGE('',*,*,#3158,.F.);
#4160=ORIENTED_EDGE('',*,*,#3159,.F.);
#4161=ORIENTED_EDGE('',*,*,#3160,.F.);
#4162=ORIENTED_EDGE('',*,*,#3161,.T.);
#4163=ORIENTED_EDGE('',*,*,#3159,.T.);
#4164=ORIENTED_EDGE('',*,*,#3162,.F.);
#4165=ORIENTED_EDGE('',*,*,#3122,.F.);
#4166=ORIENTED_EDGE('',*,*,#3163,.T.);
#4167=ORIENTED_EDGE('',*,*,#3164,.F.);
#4168=ORIENTED_EDGE('',*,*,#3124,.F.);
#4169=ORIENTED_EDGE('',*,*,#3165,.F.);
#4170=ORIENTED_EDGE('',*,*,#3157,.F.);
#4171=ORIENTED_EDGE('',*,*,#3165,.T.);
#4172=ORIENTED_EDGE('',*,*,#3123,.T.);
#4173=ORIENTED_EDGE('',*,*,#3162,.T.);
#4174=ORIENTED_EDGE('',*,*,#3158,.T.);
#4175=ORIENTED_EDGE('',*,*,#3166,.T.);
#4176=ORIENTED_EDGE('',*,*,#3163,.F.);
#4177=ORIENTED_EDGE('',*,*,#3156,.F.);
#4178=ORIENTED_EDGE('',*,*,#3161,.F.);
#4179=ORIENTED_EDGE('',*,*,#3167,.T.);
#4180=ORIENTED_EDGE('',*,*,#3168,.T.);
#4181=ORIENTED_EDGE('',*,*,#3169,.F.);
#4182=ORIENTED_EDGE('',*,*,#3170,.F.);
#4183=ORIENTED_EDGE('',*,*,#3171,.F.);
#4184=ORIENTED_EDGE('',*,*,#3172,.T.);
#4185=ORIENTED_EDGE('',*,*,#3170,.T.);
#4186=ORIENTED_EDGE('',*,*,#3173,.F.);
#4187=ORIENTED_EDGE('',*,*,#3118,.F.);
#4188=ORIENTED_EDGE('',*,*,#3174,.T.);
#4189=ORIENTED_EDGE('',*,*,#3175,.F.);
#4190=ORIENTED_EDGE('',*,*,#3120,.F.);
#4191=ORIENTED_EDGE('',*,*,#3176,.F.);
#4192=ORIENTED_EDGE('',*,*,#3168,.F.);
#4193=ORIENTED_EDGE('',*,*,#3176,.T.);
#4194=ORIENTED_EDGE('',*,*,#3119,.T.);
#4195=ORIENTED_EDGE('',*,*,#3173,.T.);
#4196=ORIENTED_EDGE('',*,*,#3169,.T.);
#4197=ORIENTED_EDGE('',*,*,#3177,.T.);
#4198=ORIENTED_EDGE('',*,*,#3174,.F.);
#4199=ORIENTED_EDGE('',*,*,#3167,.F.);
#4200=ORIENTED_EDGE('',*,*,#3172,.F.);
#4201=ORIENTED_EDGE('',*,*,#3178,.T.);
#4202=ORIENTED_EDGE('',*,*,#3179,.T.);
#4203=ORIENTED_EDGE('',*,*,#3180,.T.);
#4204=ORIENTED_EDGE('',*,*,#3181,.T.);
#4205=ORIENTED_EDGE('',*,*,#3178,.F.);
#4206=ORIENTED_EDGE('',*,*,#3182,.T.);
#4207=ORIENTED_EDGE('',*,*,#3183,.T.);
#4208=ORIENTED_EDGE('',*,*,#3184,.F.);
#4209=ORIENTED_EDGE('',*,*,#3185,.F.);
#4210=ORIENTED_EDGE('',*,*,#3186,.T.);
#4211=ORIENTED_EDGE('',*,*,#3187,.F.);
#4212=ORIENTED_EDGE('',*,*,#3188,.F.);
#4213=ORIENTED_EDGE('',*,*,#3189,.T.);
#4214=ORIENTED_EDGE('',*,*,#3190,.F.);
#4215=ORIENTED_EDGE('',*,*,#3185,.T.);
#4216=ORIENTED_EDGE('',*,*,#3191,.F.);
#4217=ORIENTED_EDGE('',*,*,#3192,.T.);
#4218=ORIENTED_EDGE('',*,*,#3145,.T.);
#4219=ORIENTED_EDGE('',*,*,#3193,.T.);
#4220=ORIENTED_EDGE('',*,*,#3191,.T.);
#4221=ORIENTED_EDGE('',*,*,#3190,.T.);
#4222=ORIENTED_EDGE('',*,*,#3194,.T.);
#4223=ORIENTED_EDGE('',*,*,#3195,.F.);
#4224=ORIENTED_EDGE('',*,*,#3196,.T.);
#4225=ORIENTED_EDGE('',*,*,#3143,.T.);
#4226=ORIENTED_EDGE('',*,*,#3133,.F.);
#4227=ORIENTED_EDGE('',*,*,#3134,.T.);
#4228=ORIENTED_EDGE('',*,*,#3197,.T.);
#4229=ORIENTED_EDGE('',*,*,#3154,.T.);
#4230=ORIENTED_EDGE('',*,*,#3129,.F.);
#4231=ORIENTED_EDGE('',*,*,#3189,.F.);
#4232=ORIENTED_EDGE('',*,*,#3198,.F.);
#4233=ORIENTED_EDGE('',*,*,#3199,.F.);
#4234=ORIENTED_EDGE('',*,*,#3200,.F.);
#4235=ORIENTED_EDGE('',*,*,#3201,.F.);
#4236=ORIENTED_EDGE('',*,*,#3202,.F.);
#4237=ORIENTED_EDGE('',*,*,#3203,.F.);
#4238=ORIENTED_EDGE('',*,*,#3204,.F.);
#4239=ORIENTED_EDGE('',*,*,#3205,.F.);
#4240=ORIENTED_EDGE('',*,*,#3194,.F.);
#4241=ORIENTED_EDGE('',*,*,#3187,.T.);
#4242=ORIENTED_EDGE('',*,*,#3206,.F.);
#4243=ORIENTED_EDGE('',*,*,#3207,.T.);
#4244=ORIENTED_EDGE('',*,*,#3208,.F.);
#4245=ORIENTED_EDGE('',*,*,#3209,.T.);
#4246=ORIENTED_EDGE('',*,*,#3182,.F.);
#4247=ORIENTED_EDGE('',*,*,#3181,.F.);
#4248=ORIENTED_EDGE('',*,*,#3206,.T.);
#4249=ORIENTED_EDGE('',*,*,#3186,.F.);
#4250=ORIENTED_EDGE('',*,*,#3192,.F.);
#4251=ORIENTED_EDGE('',*,*,#3193,.F.);
#4252=ORIENTED_EDGE('',*,*,#3155,.F.);
#4253=ORIENTED_EDGE('',*,*,#3197,.F.);
#4254=ORIENTED_EDGE('',*,*,#3144,.F.);
#4255=ORIENTED_EDGE('',*,*,#3196,.F.);
#4256=ORIENTED_EDGE('',*,*,#3210,.F.);
#4257=ORIENTED_EDGE('',*,*,#3211,.F.);
#4258=ORIENTED_EDGE('',*,*,#3212,.F.);
#4259=ORIENTED_EDGE('',*,*,#3213,.F.);
#4260=ORIENTED_EDGE('',*,*,#3214,.F.);
#4261=ORIENTED_EDGE('',*,*,#3215,.F.);
#4262=ORIENTED_EDGE('',*,*,#3216,.F.);
#4263=ORIENTED_EDGE('',*,*,#3217,.F.);
#4264=ORIENTED_EDGE('',*,*,#3166,.F.);
#4265=ORIENTED_EDGE('',*,*,#3218,.F.);
#4266=ORIENTED_EDGE('',*,*,#3177,.F.);
#4267=ORIENTED_EDGE('',*,*,#3219,.F.);
#4268=ORIENTED_EDGE('',*,*,#3202,.T.);
#4269=ORIENTED_EDGE('',*,*,#3220,.F.);
#4270=ORIENTED_EDGE('',*,*,#3213,.T.);
#4271=ORIENTED_EDGE('',*,*,#3221,.T.);
#4272=ORIENTED_EDGE('',*,*,#3201,.T.);
#4273=ORIENTED_EDGE('',*,*,#3222,.F.);
#4274=ORIENTED_EDGE('',*,*,#3214,.T.);
#4275=ORIENTED_EDGE('',*,*,#3220,.T.);
#4276=ORIENTED_EDGE('',*,*,#3200,.T.);
#4277=ORIENTED_EDGE('',*,*,#3223,.F.);
#4278=ORIENTED_EDGE('',*,*,#3215,.T.);
#4279=ORIENTED_EDGE('',*,*,#3222,.T.);
#4280=ORIENTED_EDGE('',*,*,#3199,.T.);
#4281=ORIENTED_EDGE('',*,*,#3224,.F.);
#4282=ORIENTED_EDGE('',*,*,#3216,.T.);
#4283=ORIENTED_EDGE('',*,*,#3223,.T.);
#4284=ORIENTED_EDGE('',*,*,#3175,.T.);
#4285=ORIENTED_EDGE('',*,*,#3218,.T.);
#4286=ORIENTED_EDGE('',*,*,#3160,.T.);
#4287=ORIENTED_EDGE('',*,*,#3125,.F.);
#4288=ORIENTED_EDGE('',*,*,#3164,.T.);
#4289=ORIENTED_EDGE('',*,*,#3217,.T.);
#4290=ORIENTED_EDGE('',*,*,#3224,.T.);
#4291=ORIENTED_EDGE('',*,*,#3198,.T.);
#4292=ORIENTED_EDGE('',*,*,#3188,.T.);
#4293=ORIENTED_EDGE('',*,*,#3207,.F.);
#4294=ORIENTED_EDGE('',*,*,#3219,.T.);
#4295=ORIENTED_EDGE('',*,*,#3171,.T.);
#4296=ORIENTED_EDGE('',*,*,#3121,.F.);
#4297=ORIENTED_EDGE('',*,*,#3205,.T.);
#4298=ORIENTED_EDGE('',*,*,#3225,.F.);
#4299=ORIENTED_EDGE('',*,*,#3210,.T.);
#4300=ORIENTED_EDGE('',*,*,#3195,.T.);
#4301=ORIENTED_EDGE('',*,*,#3204,.T.);
#4302=ORIENTED_EDGE('',*,*,#3226,.F.);
#4303=ORIENTED_EDGE('',*,*,#3211,.T.);
#4304=ORIENTED_EDGE('',*,*,#3225,.T.);
#4305=ORIENTED_EDGE('',*,*,#3203,.T.);
#4306=ORIENTED_EDGE('',*,*,#3221,.F.);
#4307=ORIENTED_EDGE('',*,*,#3212,.T.);
#4308=ORIENTED_EDGE('',*,*,#3226,.T.);
#4309=ORIENTED_EDGE('',*,*,#3209,.F.);
#4310=ORIENTED_EDGE('',*,*,#3227,.T.);
#4311=ORIENTED_EDGE('',*,*,#3228,.F.);
#4312=ORIENTED_EDGE('',*,*,#3183,.F.);
#4313=ORIENTED_EDGE('',*,*,#3180,.F.);
#4314=ORIENTED_EDGE('',*,*,#3229,.F.);
#4315=ORIENTED_EDGE('',*,*,#3227,.F.);
#4316=ORIENTED_EDGE('',*,*,#3208,.T.);
#4317=ORIENTED_EDGE('',*,*,#3179,.F.);
#4318=ORIENTED_EDGE('',*,*,#3184,.T.);
#4319=ORIENTED_EDGE('',*,*,#3228,.T.);
#4320=ORIENTED_EDGE('',*,*,#3229,.T.);
#4321=ORIENTED_EDGE('',*,*,#3230,.T.);
#4322=ORIENTED_EDGE('',*,*,#3231,.F.);
#4323=ORIENTED_EDGE('',*,*,#3232,.F.);
#4324=ORIENTED_EDGE('',*,*,#3233,.T.);
#4325=ORIENTED_EDGE('',*,*,#3234,.T.);
#4326=ORIENTED_EDGE('',*,*,#3235,.T.);
#4327=ORIENTED_EDGE('',*,*,#3236,.T.);
#4328=ORIENTED_EDGE('',*,*,#3237,.T.);
#4329=ORIENTED_EDGE('',*,*,#3238,.T.);
#4330=ORIENTED_EDGE('',*,*,#3239,.T.);
#4331=ORIENTED_EDGE('',*,*,#3240,.T.);
#4332=ORIENTED_EDGE('',*,*,#3241,.T.);
#4333=ORIENTED_EDGE('',*,*,#3242,.T.);
#4334=ORIENTED_EDGE('',*,*,#3243,.T.);
#4335=ORIENTED_EDGE('',*,*,#3244,.T.);
#4336=ORIENTED_EDGE('',*,*,#3245,.T.);
#4337=ORIENTED_EDGE('',*,*,#3246,.F.);
#4338=ORIENTED_EDGE('',*,*,#3247,.F.);
#4339=ORIENTED_EDGE('',*,*,#3248,.F.);
#4340=ORIENTED_EDGE('',*,*,#3249,.T.);
#4341=ORIENTED_EDGE('',*,*,#3250,.F.);
#4342=ORIENTED_EDGE('',*,*,#3251,.F.);
#4343=ORIENTED_EDGE('',*,*,#3252,.F.);
#4344=ORIENTED_EDGE('',*,*,#3253,.T.);
#4345=ORIENTED_EDGE('',*,*,#3254,.F.);
#4346=ORIENTED_EDGE('',*,*,#3255,.F.);
#4347=ORIENTED_EDGE('',*,*,#3256,.F.);
#4348=ORIENTED_EDGE('',*,*,#3257,.T.);
#4349=ORIENTED_EDGE('',*,*,#3258,.F.);
#4350=ORIENTED_EDGE('',*,*,#3259,.T.);
#4351=ORIENTED_EDGE('',*,*,#3260,.T.);
#4352=ORIENTED_EDGE('',*,*,#3261,.T.);
#4353=ORIENTED_EDGE('',*,*,#3262,.T.);
#4354=ORIENTED_EDGE('',*,*,#3263,.T.);
#4355=ORIENTED_EDGE('',*,*,#3264,.F.);
#4356=ORIENTED_EDGE('',*,*,#3265,.T.);
#4357=ORIENTED_EDGE('',*,*,#3266,.T.);
#4358=ORIENTED_EDGE('',*,*,#3267,.T.);
#4359=ORIENTED_EDGE('',*,*,#3268,.F.);
#4360=ORIENTED_EDGE('',*,*,#3269,.T.);
#4361=ORIENTED_EDGE('',*,*,#3270,.T.);
#4362=ORIENTED_EDGE('',*,*,#3271,.T.);
#4363=ORIENTED_EDGE('',*,*,#3272,.F.);
#4364=ORIENTED_EDGE('',*,*,#3273,.T.);
#4365=ORIENTED_EDGE('',*,*,#3274,.F.);
#4366=ORIENTED_EDGE('',*,*,#3275,.F.);
#4367=ORIENTED_EDGE('',*,*,#3276,.T.);
#4368=ORIENTED_EDGE('',*,*,#3277,.T.);
#4369=ORIENTED_EDGE('',*,*,#3278,.T.);
#4370=ORIENTED_EDGE('',*,*,#3233,.F.);
#4371=ORIENTED_EDGE('',*,*,#3279,.F.);
#4372=ORIENTED_EDGE('',*,*,#3275,.T.);
#4373=ORIENTED_EDGE('',*,*,#3280,.T.);
#4374=ORIENTED_EDGE('',*,*,#3281,.T.);
#4375=ORIENTED_EDGE('',*,*,#3282,.F.);
#4376=ORIENTED_EDGE('',*,*,#3283,.T.);
#4377=ORIENTED_EDGE('',*,*,#3284,.F.);
#4378=ORIENTED_EDGE('',*,*,#3285,.F.);
#4379=ORIENTED_EDGE('',*,*,#3286,.F.);
#4380=ORIENTED_EDGE('',*,*,#3287,.F.);
#4381=ORIENTED_EDGE('',*,*,#3288,.T.);
#4382=ORIENTED_EDGE('',*,*,#3289,.T.);
#4383=ORIENTED_EDGE('',*,*,#3290,.T.);
#4384=ORIENTED_EDGE('',*,*,#3291,.T.);
#4385=ORIENTED_EDGE('',*,*,#3292,.T.);
#4386=ORIENTED_EDGE('',*,*,#3293,.F.);
#4387=ORIENTED_EDGE('',*,*,#3294,.T.);
#4388=ORIENTED_EDGE('',*,*,#3295,.T.);
#4389=ORIENTED_EDGE('',*,*,#3296,.T.);
#4390=ORIENTED_EDGE('',*,*,#3297,.F.);
#4391=ORIENTED_EDGE('',*,*,#3298,.T.);
#4392=ORIENTED_EDGE('',*,*,#3299,.F.);
#4393=ORIENTED_EDGE('',*,*,#3300,.T.);
#4394=ORIENTED_EDGE('',*,*,#3301,.T.);
#4395=ORIENTED_EDGE('',*,*,#3302,.T.);
#4396=ORIENTED_EDGE('',*,*,#3303,.F.);
#4397=ORIENTED_EDGE('',*,*,#3304,.F.);
#4398=ORIENTED_EDGE('',*,*,#3305,.F.);
#4399=ORIENTED_EDGE('',*,*,#3306,.F.);
#4400=ORIENTED_EDGE('',*,*,#3277,.F.);
#4401=ORIENTED_EDGE('',*,*,#3307,.T.);
#4402=ORIENTED_EDGE('',*,*,#3231,.T.);
#4403=ORIENTED_EDGE('',*,*,#3276,.F.);
#4404=ORIENTED_EDGE('',*,*,#3279,.T.);
#4405=ORIENTED_EDGE('',*,*,#3232,.T.);
#4406=ORIENTED_EDGE('',*,*,#3307,.F.);
#4407=ORIENTED_EDGE('',*,*,#3308,.T.);
#4408=ORIENTED_EDGE('',*,*,#3260,.F.);
#4409=ORIENTED_EDGE('',*,*,#3309,.T.);
#4410=ORIENTED_EDGE('',*,*,#3280,.F.);
#4411=ORIENTED_EDGE('',*,*,#3310,.T.);
#4412=ORIENTED_EDGE('',*,*,#3287,.T.);
#4413=ORIENTED_EDGE('',*,*,#3311,.T.);
#4414=ORIENTED_EDGE('',*,*,#3293,.T.);
#4415=ORIENTED_EDGE('',*,*,#3312,.T.);
#4416=ORIENTED_EDGE('',*,*,#3295,.F.);
#4417=ORIENTED_EDGE('',*,*,#3313,.T.);
#4418=ORIENTED_EDGE('',*,*,#3301,.F.);
#4419=ORIENTED_EDGE('',*,*,#3274,.T.);
#4420=ORIENTED_EDGE('',*,*,#3306,.T.);
#4421=ORIENTED_EDGE('',*,*,#3230,.F.);
#4422=ORIENTED_EDGE('',*,*,#3278,.F.);
#4423=ORIENTED_EDGE('',*,*,#3258,.T.);
#4424=ORIENTED_EDGE('',*,*,#3314,.T.);
#4425=ORIENTED_EDGE('',*,*,#3299,.T.);
#4426=ORIENTED_EDGE('',*,*,#3315,.T.);
#4427=ORIENTED_EDGE('',*,*,#3297,.T.);
#4428=ORIENTED_EDGE('',*,*,#3316,.T.);
#4429=ORIENTED_EDGE('',*,*,#3291,.F.);
#4430=ORIENTED_EDGE('',*,*,#3317,.T.);
#4431=ORIENTED_EDGE('',*,*,#3289,.F.);
#4432=ORIENTED_EDGE('',*,*,#3318,.T.);
#4433=ORIENTED_EDGE('',*,*,#3282,.T.);
#4434=ORIENTED_EDGE('',*,*,#3319,.T.);
#4435=ORIENTED_EDGE('',*,*,#3234,.F.);
#4436=ORIENTED_EDGE('',*,*,#3235,.F.);
#4437=ORIENTED_EDGE('',*,*,#3320,.T.);
#4438=ORIENTED_EDGE('',*,*,#3286,.T.);
#4439=ORIENTED_EDGE('',*,*,#3320,.F.);
#4440=ORIENTED_EDGE('',*,*,#3236,.F.);
#4441=ORIENTED_EDGE('',*,*,#3237,.F.);
#4442=ORIENTED_EDGE('',*,*,#3321,.T.);
#4443=ORIENTED_EDGE('',*,*,#3285,.T.);
#4444=ORIENTED_EDGE('',*,*,#3321,.F.);
#4445=ORIENTED_EDGE('',*,*,#3238,.F.);
#4446=ORIENTED_EDGE('',*,*,#3239,.F.);
#4447=ORIENTED_EDGE('',*,*,#3322,.T.);
#4448=ORIENTED_EDGE('',*,*,#3284,.T.);
#4449=ORIENTED_EDGE('',*,*,#3322,.F.);
#4450=ORIENTED_EDGE('',*,*,#3240,.F.);
#4451=ORIENTED_EDGE('',*,*,#3241,.F.);
#4452=ORIENTED_EDGE('',*,*,#3323,.T.);
#4453=ORIENTED_EDGE('',*,*,#3305,.T.);
#4454=ORIENTED_EDGE('',*,*,#3323,.F.);
#4455=ORIENTED_EDGE('',*,*,#3242,.F.);
#4456=ORIENTED_EDGE('',*,*,#3243,.F.);
#4457=ORIENTED_EDGE('',*,*,#3324,.T.);
#4458=ORIENTED_EDGE('',*,*,#3304,.T.);
#4459=ORIENTED_EDGE('',*,*,#3324,.F.);
#4460=ORIENTED_EDGE('',*,*,#3244,.F.);
#4461=ORIENTED_EDGE('',*,*,#3245,.F.);
#4462=ORIENTED_EDGE('',*,*,#3325,.T.);
#4463=ORIENTED_EDGE('',*,*,#3303,.T.);
#4464=ORIENTED_EDGE('',*,*,#3325,.F.);
#4465=ORIENTED_EDGE('',*,*,#3312,.F.);
#4466=ORIENTED_EDGE('',*,*,#3292,.F.);
#4467=ORIENTED_EDGE('',*,*,#3316,.F.);
#4468=ORIENTED_EDGE('',*,*,#3296,.F.);
#4469=ORIENTED_EDGE('',*,*,#3313,.F.);
#4470=ORIENTED_EDGE('',*,*,#3298,.F.);
#4471=ORIENTED_EDGE('',*,*,#3315,.F.);
#4472=ORIENTED_EDGE('',*,*,#3302,.F.);
#4473=ORIENTED_EDGE('',*,*,#3310,.F.);
#4474=ORIENTED_EDGE('',*,*,#3283,.F.);
#4475=ORIENTED_EDGE('',*,*,#3318,.F.);
#4476=ORIENTED_EDGE('',*,*,#3288,.F.);
#4477=ORIENTED_EDGE('',*,*,#3311,.F.);
#4478=ORIENTED_EDGE('',*,*,#3290,.F.);
#4479=ORIENTED_EDGE('',*,*,#3317,.F.);
#4480=ORIENTED_EDGE('',*,*,#3294,.F.);
#4481=ORIENTED_EDGE('',*,*,#3308,.F.);
#4482=ORIENTED_EDGE('',*,*,#3300,.F.);
#4483=ORIENTED_EDGE('',*,*,#3314,.F.);
#4484=ORIENTED_EDGE('',*,*,#3261,.F.);
#4485=ORIENTED_EDGE('',*,*,#3309,.F.);
#4486=ORIENTED_EDGE('',*,*,#3259,.F.);
#4487=ORIENTED_EDGE('',*,*,#3319,.F.);
#4488=ORIENTED_EDGE('',*,*,#3281,.F.);
#4489=ORIENTED_EDGE('',*,*,#3246,.T.);
#4490=ORIENTED_EDGE('',*,*,#3326,.F.);
#4491=ORIENTED_EDGE('',*,*,#3263,.F.);
#4492=ORIENTED_EDGE('',*,*,#3327,.T.);
#4493=ORIENTED_EDGE('',*,*,#3247,.T.);
#4494=ORIENTED_EDGE('',*,*,#3327,.F.);
#4495=ORIENTED_EDGE('',*,*,#3262,.F.);
#4496=ORIENTED_EDGE('',*,*,#3328,.T.);
#4497=ORIENTED_EDGE('',*,*,#3248,.T.);
#4498=ORIENTED_EDGE('',*,*,#3328,.F.);
#4499=ORIENTED_EDGE('',*,*,#3265,.F.);
#4500=ORIENTED_EDGE('',*,*,#3329,.T.);
#4501=ORIENTED_EDGE('',*,*,#3329,.F.);
#4502=ORIENTED_EDGE('',*,*,#3264,.T.);
#4503=ORIENTED_EDGE('',*,*,#3326,.T.);
#4504=ORIENTED_EDGE('',*,*,#3249,.F.);
#4505=ORIENTED_EDGE('',*,*,#3254,.T.);
#4506=ORIENTED_EDGE('',*,*,#3330,.F.);
#4507=ORIENTED_EDGE('',*,*,#3267,.F.);
#4508=ORIENTED_EDGE('',*,*,#3331,.T.);
#4509=ORIENTED_EDGE('',*,*,#3255,.T.);
#4510=ORIENTED_EDGE('',*,*,#3331,.F.);
#4511=ORIENTED_EDGE('',*,*,#3266,.F.);
#4512=ORIENTED_EDGE('',*,*,#3332,.T.);
#4513=ORIENTED_EDGE('',*,*,#3256,.T.);
#4514=ORIENTED_EDGE('',*,*,#3332,.F.);
#4515=ORIENTED_EDGE('',*,*,#3269,.F.);
#4516=ORIENTED_EDGE('',*,*,#3333,.T.);
#4517=ORIENTED_EDGE('',*,*,#3333,.F.);
#4518=ORIENTED_EDGE('',*,*,#3268,.T.);
#4519=ORIENTED_EDGE('',*,*,#3330,.T.);
#4520=ORIENTED_EDGE('',*,*,#3257,.F.);
#4521=ORIENTED_EDGE('',*,*,#3250,.T.);
#4522=ORIENTED_EDGE('',*,*,#3334,.F.);
#4523=ORIENTED_EDGE('',*,*,#3271,.F.);
#4524=ORIENTED_EDGE('',*,*,#3335,.T.);
#4525=ORIENTED_EDGE('',*,*,#3251,.T.);
#4526=ORIENTED_EDGE('',*,*,#3335,.F.);
#4527=ORIENTED_EDGE('',*,*,#3270,.F.);
#4528=ORIENTED_EDGE('',*,*,#3336,.T.);
#4529=ORIENTED_EDGE('',*,*,#3252,.T.);
#4530=ORIENTED_EDGE('',*,*,#3336,.F.);
#4531=ORIENTED_EDGE('',*,*,#3273,.F.);
#4532=ORIENTED_EDGE('',*,*,#3337,.T.);
#4533=ORIENTED_EDGE('',*,*,#3337,.F.);
#4534=ORIENTED_EDGE('',*,*,#3272,.T.);
#4535=ORIENTED_EDGE('',*,*,#3334,.T.);
#4536=ORIENTED_EDGE('',*,*,#3253,.F.);
#4537=ORIENTED_EDGE('',*,*,#3338,.F.);
#4538=ORIENTED_EDGE('',*,*,#3339,.T.);
#4539=ORIENTED_EDGE('',*,*,#3340,.F.);
#4540=ORIENTED_EDGE('',*,*,#3339,.F.);
#4541=ORIENTED_EDGE('',*,*,#3341,.F.);
#4542=ORIENTED_EDGE('',*,*,#3342,.F.);
#4543=ORIENTED_EDGE('',*,*,#3343,.T.);
#4544=ORIENTED_EDGE('',*,*,#3344,.F.);
#4545=ORIENTED_EDGE('',*,*,#3343,.F.);
#4546=ORIENTED_EDGE('',*,*,#3345,.F.);
#4547=ORIENTED_EDGE('',*,*,#3346,.F.);
#4548=ORIENTED_EDGE('',*,*,#3347,.F.);
#4549=ORIENTED_EDGE('',*,*,#3348,.T.);
#4550=ORIENTED_EDGE('',*,*,#3345,.T.);
#4551=ORIENTED_EDGE('',*,*,#3342,.T.);
#4552=ORIENTED_EDGE('',*,*,#3348,.F.);
#4553=ORIENTED_EDGE('',*,*,#3349,.F.);
#4554=ORIENTED_EDGE('',*,*,#3350,.T.);
#4555=ORIENTED_EDGE('',*,*,#3341,.T.);
#4556=ORIENTED_EDGE('',*,*,#3338,.T.);
#4557=ORIENTED_EDGE('',*,*,#3350,.F.);
#4558=ORIENTED_EDGE('',*,*,#3351,.F.);
#4559=ORIENTED_EDGE('',*,*,#3352,.T.);
#4560=ORIENTED_EDGE('',*,*,#3353,.T.);
#4561=ORIENTED_EDGE('',*,*,#3354,.F.);
#4562=ORIENTED_EDGE('',*,*,#3355,.F.);
#4563=ORIENTED_EDGE('',*,*,#3349,.T.);
#4564=ORIENTED_EDGE('',*,*,#3356,.T.);
#4565=ORIENTED_EDGE('',*,*,#3346,.T.);
#4566=ORIENTED_EDGE('',*,*,#3347,.T.);
#4567=ORIENTED_EDGE('',*,*,#3356,.F.);
#4568=ORIENTED_EDGE('',*,*,#3351,.T.);
#4569=ORIENTED_EDGE('',*,*,#3344,.T.);
#4570=ORIENTED_EDGE('',*,*,#3352,.F.);
#4571=ORIENTED_EDGE('',*,*,#3357,.F.);
#4572=ORIENTED_EDGE('',*,*,#3340,.T.);
#4573=ORIENTED_EDGE('',*,*,#3354,.T.);
#4574=ORIENTED_EDGE('',*,*,#3358,.T.);
#4575=ORIENTED_EDGE('',*,*,#3358,.F.);
#4576=ORIENTED_EDGE('',*,*,#3353,.F.);
#4577=ORIENTED_EDGE('',*,*,#3357,.T.);
#4578=ORIENTED_EDGE('',*,*,#3355,.T.);
#4579=ORIENTED_EDGE('',*,*,#3359,.F.);
#4580=ORIENTED_EDGE('',*,*,#3360,.T.);
#4581=ORIENTED_EDGE('',*,*,#3361,.F.);
#4582=ORIENTED_EDGE('',*,*,#3362,.F.);
#4583=ORIENTED_EDGE('',*,*,#3363,.F.);
#4584=ORIENTED_EDGE('',*,*,#3364,.F.);
#4585=ORIENTED_EDGE('',*,*,#3365,.T.);
#4586=ORIENTED_EDGE('',*,*,#3366,.F.);
#4587=ORIENTED_EDGE('',*,*,#3367,.F.);
#4588=ORIENTED_EDGE('',*,*,#3368,.F.);
#4589=ORIENTED_EDGE('',*,*,#3369,.T.);
#4590=ORIENTED_EDGE('',*,*,#3367,.T.);
#4591=ORIENTED_EDGE('',*,*,#3370,.T.);
#4592=ORIENTED_EDGE('',*,*,#3371,.F.);
#4593=ORIENTED_EDGE('',*,*,#3370,.F.);
#4594=ORIENTED_EDGE('',*,*,#3366,.T.);
#4595=ORIENTED_EDGE('',*,*,#3372,.T.);
#4596=ORIENTED_EDGE('',*,*,#3373,.T.);
#4597=ORIENTED_EDGE('',*,*,#3362,.T.);
#4598=ORIENTED_EDGE('',*,*,#3374,.T.);
#4599=ORIENTED_EDGE('',*,*,#3375,.F.);
#4600=ORIENTED_EDGE('',*,*,#3374,.F.);
#4601=ORIENTED_EDGE('',*,*,#3361,.T.);
#4602=ORIENTED_EDGE('',*,*,#3376,.T.);
#4603=ORIENTED_EDGE('',*,*,#3377,.F.);
#4604=ORIENTED_EDGE('',*,*,#3378,.F.);
#4605=ORIENTED_EDGE('',*,*,#3379,.T.);
#4606=ORIENTED_EDGE('',*,*,#3380,.T.);
#4607=ORIENTED_EDGE('',*,*,#3381,.T.);
#4608=ORIENTED_EDGE('',*,*,#3379,.F.);
#4609=ORIENTED_EDGE('',*,*,#3382,.F.);
#4610=ORIENTED_EDGE('',*,*,#3383,.F.);
#4611=ORIENTED_EDGE('',*,*,#3384,.T.);
#4612=ORIENTED_EDGE('',*,*,#3385,.T.);
#4613=ORIENTED_EDGE('',*,*,#3386,.T.);
#4614=ORIENTED_EDGE('',*,*,#3384,.F.);
#4615=ORIENTED_EDGE('',*,*,#3387,.F.);
#4616=ORIENTED_EDGE('',*,*,#3388,.F.);
#4617=ORIENTED_EDGE('',*,*,#3389,.T.);
#4618=ORIENTED_EDGE('',*,*,#3390,.T.);
#4619=ORIENTED_EDGE('',*,*,#3391,.T.);
#4620=ORIENTED_EDGE('',*,*,#3389,.F.);
#4621=ORIENTED_EDGE('',*,*,#3392,.F.);
#4622=ORIENTED_EDGE('',*,*,#3393,.F.);
#4623=ORIENTED_EDGE('',*,*,#3394,.T.);
#4624=ORIENTED_EDGE('',*,*,#3395,.F.);
#4625=ORIENTED_EDGE('',*,*,#3394,.F.);
#4626=ORIENTED_EDGE('',*,*,#3392,.T.);
#4627=ORIENTED_EDGE('',*,*,#3393,.T.);
#4628=ORIENTED_EDGE('',*,*,#3396,.T.);
#4629=ORIENTED_EDGE('',*,*,#3397,.T.);
#4630=ORIENTED_EDGE('',*,*,#3396,.F.);
#4631=ORIENTED_EDGE('',*,*,#3398,.F.);
#4632=ORIENTED_EDGE('',*,*,#3399,.F.);
#4633=ORIENTED_EDGE('',*,*,#3400,.T.);
#4634=ORIENTED_EDGE('',*,*,#3401,.T.);
#4635=ORIENTED_EDGE('',*,*,#3402,.T.);
#4636=ORIENTED_EDGE('',*,*,#3400,.F.);
#4637=ORIENTED_EDGE('',*,*,#3403,.F.);
#4638=ORIENTED_EDGE('',*,*,#3404,.T.);
#4639=ORIENTED_EDGE('',*,*,#3405,.T.);
#4640=ORIENTED_EDGE('',*,*,#3406,.T.);
#4641=ORIENTED_EDGE('',*,*,#3404,.F.);
#4642=ORIENTED_EDGE('',*,*,#3387,.T.);
#4643=ORIENTED_EDGE('',*,*,#3388,.T.);
#4644=ORIENTED_EDGE('',*,*,#3407,.T.);
#4645=ORIENTED_EDGE('',*,*,#3408,.F.);
#4646=ORIENTED_EDGE('',*,*,#3407,.F.);
#4647=ORIENTED_EDGE('',*,*,#3382,.T.);
#4648=ORIENTED_EDGE('',*,*,#3383,.T.);
#4649=ORIENTED_EDGE('',*,*,#3409,.T.);
#4650=ORIENTED_EDGE('',*,*,#3410,.F.);
#4651=ORIENTED_EDGE('',*,*,#3409,.F.);
#4652=ORIENTED_EDGE('',*,*,#3377,.T.);
#4653=ORIENTED_EDGE('',*,*,#3378,.T.);
#4654=ORIENTED_EDGE('',*,*,#3411,.T.);
#4655=ORIENTED_EDGE('',*,*,#3412,.F.);
#4656=ORIENTED_EDGE('',*,*,#3411,.F.);
#4657=ORIENTED_EDGE('',*,*,#3395,.T.);
#4658=ORIENTED_EDGE('',*,*,#3413,.T.);
#4659=ORIENTED_EDGE('',*,*,#3401,.F.);
#4660=ORIENTED_EDGE('',*,*,#3402,.F.);
#4661=ORIENTED_EDGE('',*,*,#3413,.F.);
#4662=ORIENTED_EDGE('',*,*,#3381,.F.);
#4663=ORIENTED_EDGE('',*,*,#3380,.F.);
#4664=ORIENTED_EDGE('',*,*,#3391,.F.);
#4665=ORIENTED_EDGE('',*,*,#3390,.F.);
#4666=ORIENTED_EDGE('',*,*,#3386,.F.);
#4667=ORIENTED_EDGE('',*,*,#3385,.F.);
#4668=ORIENTED_EDGE('',*,*,#3398,.T.);
#4669=ORIENTED_EDGE('',*,*,#3399,.T.);
#4670=ORIENTED_EDGE('',*,*,#3414,.T.);
#4671=ORIENTED_EDGE('',*,*,#3405,.F.);
#4672=ORIENTED_EDGE('',*,*,#3406,.F.);
#4673=ORIENTED_EDGE('',*,*,#3414,.F.);
#4674=ORIENTED_EDGE('',*,*,#3415,.T.);
#4675=ORIENTED_EDGE('',*,*,#3364,.T.);
#4676=ORIENTED_EDGE('',*,*,#3416,.T.);
#4677=ORIENTED_EDGE('',*,*,#3359,.T.);
#4678=ORIENTED_EDGE('',*,*,#3417,.F.);
#4679=ORIENTED_EDGE('',*,*,#3418,.T.);
#4680=ORIENTED_EDGE('',*,*,#3419,.T.);
#4681=ORIENTED_EDGE('',*,*,#3418,.F.);
#4682=ORIENTED_EDGE('',*,*,#3371,.T.);
#4683=ORIENTED_EDGE('',*,*,#3375,.T.);
#4684=ORIENTED_EDGE('',*,*,#3397,.F.);
#4685=ORIENTED_EDGE('',*,*,#3412,.T.);
#4686=ORIENTED_EDGE('',*,*,#3408,.T.);
#4687=ORIENTED_EDGE('',*,*,#3410,.T.);
#4688=ORIENTED_EDGE('',*,*,#3417,.T.);
#4689=ORIENTED_EDGE('',*,*,#3403,.T.);
#4690=ORIENTED_EDGE('',*,*,#3419,.F.);
#4691=ORIENTED_EDGE('',*,*,#3365,.F.);
#4692=ORIENTED_EDGE('',*,*,#3415,.F.);
#4693=ORIENTED_EDGE('',*,*,#3368,.T.);
#4694=ORIENTED_EDGE('',*,*,#3369,.F.);
#4695=ORIENTED_EDGE('',*,*,#3372,.F.);
#4696=ORIENTED_EDGE('',*,*,#3360,.F.);
#4697=ORIENTED_EDGE('',*,*,#3416,.F.);
#4698=ORIENTED_EDGE('',*,*,#3363,.T.);
#4699=ORIENTED_EDGE('',*,*,#3373,.F.);
#4700=ORIENTED_EDGE('',*,*,#3376,.F.);
#4701=ORIENTED_EDGE('',*,*,#3420,.T.);
#4702=ORIENTED_EDGE('',*,*,#3421,.F.);
#4703=ORIENTED_EDGE('',*,*,#3422,.F.);
#4704=ORIENTED_EDGE('',*,*,#3420,.F.);
#4705=ORIENTED_EDGE('',*,*,#3423,.F.);
#4706=ORIENTED_EDGE('',*,*,#3424,.T.);
#4707=ORIENTED_EDGE('',*,*,#3421,.T.);
#4708=ORIENTED_EDGE('',*,*,#3422,.T.);
#4709=ORIENTED_EDGE('',*,*,#3424,.F.);
#4710=ORIENTED_EDGE('',*,*,#3425,.F.);
#4711=ORIENTED_EDGE('',*,*,#3426,.F.);
#4712=ORIENTED_EDGE('',*,*,#3427,.T.);
#4713=ORIENTED_EDGE('',*,*,#3423,.T.);
#4714=ORIENTED_EDGE('',*,*,#3427,.F.);
#4715=ORIENTED_EDGE('',*,*,#3425,.T.);
#4716=ORIENTED_EDGE('',*,*,#3426,.T.);
#4717=ORIENTED_EDGE('',*,*,#3428,.T.);
#4718=ORIENTED_EDGE('',*,*,#3429,.F.);
#4719=ORIENTED_EDGE('',*,*,#3428,.F.);
#4720=ORIENTED_EDGE('',*,*,#3429,.T.);
#4721=ORIENTED_EDGE('',*,*,#3430,.F.);
#4722=ORIENTED_EDGE('',*,*,#3431,.F.);
#4723=ORIENTED_EDGE('',*,*,#3432,.F.);
#4724=ORIENTED_EDGE('',*,*,#3433,.F.);
#4725=ORIENTED_EDGE('',*,*,#3434,.F.);
#4726=ORIENTED_EDGE('',*,*,#3435,.F.);
#4727=ORIENTED_EDGE('',*,*,#3436,.T.);
#4728=ORIENTED_EDGE('',*,*,#3437,.F.);
#4729=ORIENTED_EDGE('',*,*,#3438,.F.);
#4730=ORIENTED_EDGE('',*,*,#3439,.F.);
#4731=ORIENTED_EDGE('',*,*,#3440,.T.);
#4732=ORIENTED_EDGE('',*,*,#3441,.F.);
#4733=ORIENTED_EDGE('',*,*,#3436,.F.);
#4734=ORIENTED_EDGE('',*,*,#3442,.F.);
#4735=ORIENTED_EDGE('',*,*,#3443,.T.);
#4736=ORIENTED_EDGE('',*,*,#3444,.F.);
#4737=ORIENTED_EDGE('',*,*,#3440,.F.);
#4738=ORIENTED_EDGE('',*,*,#3445,.F.);
#4739=ORIENTED_EDGE('',*,*,#3446,.T.);
#4740=ORIENTED_EDGE('',*,*,#3447,.F.);
#4741=ORIENTED_EDGE('',*,*,#3443,.F.);
#4742=ORIENTED_EDGE('',*,*,#3448,.F.);
#4743=ORIENTED_EDGE('',*,*,#3449,.T.);
#4744=ORIENTED_EDGE('',*,*,#3450,.F.);
#4745=ORIENTED_EDGE('',*,*,#3446,.F.);
#4746=ORIENTED_EDGE('',*,*,#3451,.F.);
#4747=ORIENTED_EDGE('',*,*,#3438,.T.);
#4748=ORIENTED_EDGE('',*,*,#3452,.F.);
#4749=ORIENTED_EDGE('',*,*,#3449,.F.);
#4750=ORIENTED_EDGE('',*,*,#3453,.F.);
#4751=ORIENTED_EDGE('',*,*,#3439,.T.);
#4752=ORIENTED_EDGE('',*,*,#3453,.T.);
#4753=ORIENTED_EDGE('',*,*,#3451,.T.);
#4754=ORIENTED_EDGE('',*,*,#3448,.T.);
#4755=ORIENTED_EDGE('',*,*,#3445,.T.);
#4756=ORIENTED_EDGE('',*,*,#3442,.T.);
#4757=ORIENTED_EDGE('',*,*,#3441,.T.);
#4758=ORIENTED_EDGE('',*,*,#3432,.T.);
#4759=ORIENTED_EDGE('',*,*,#3444,.T.);
#4760=ORIENTED_EDGE('',*,*,#3433,.T.);
#4761=ORIENTED_EDGE('',*,*,#3447,.T.);
#4762=ORIENTED_EDGE('',*,*,#3434,.T.);
#4763=ORIENTED_EDGE('',*,*,#3450,.T.);
#4764=ORIENTED_EDGE('',*,*,#3435,.T.);
#4765=ORIENTED_EDGE('',*,*,#3452,.T.);
#4766=ORIENTED_EDGE('',*,*,#3430,.T.);
#4767=ORIENTED_EDGE('',*,*,#3437,.T.);
#4768=ORIENTED_EDGE('',*,*,#3431,.T.);
#4769=ORIENTED_EDGE('',*,*,#3454,.T.);
#4770=ORIENTED_EDGE('',*,*,#3455,.F.);
#4771=ORIENTED_EDGE('',*,*,#3456,.F.);
#4772=ORIENTED_EDGE('',*,*,#3454,.F.);
#4773=ORIENTED_EDGE('',*,*,#3457,.F.);
#4774=ORIENTED_EDGE('',*,*,#3458,.T.);
#4775=ORIENTED_EDGE('',*,*,#3455,.T.);
#4776=ORIENTED_EDGE('',*,*,#3456,.T.);
#4777=ORIENTED_EDGE('',*,*,#3458,.F.);
#4778=ORIENTED_EDGE('',*,*,#3459,.F.);
#4779=ORIENTED_EDGE('',*,*,#3460,.F.);
#4780=ORIENTED_EDGE('',*,*,#3461,.T.);
#4781=ORIENTED_EDGE('',*,*,#3457,.T.);
#4782=ORIENTED_EDGE('',*,*,#3461,.F.);
#4783=ORIENTED_EDGE('',*,*,#3459,.T.);
#4784=ORIENTED_EDGE('',*,*,#3460,.T.);
#4785=ORIENTED_EDGE('',*,*,#3462,.T.);
#4786=ORIENTED_EDGE('',*,*,#3463,.F.);
#4787=ORIENTED_EDGE('',*,*,#3462,.F.);
#4788=ORIENTED_EDGE('',*,*,#3463,.T.);
#4789=ORIENTED_EDGE('',*,*,#3464,.F.);
#4790=ORIENTED_EDGE('',*,*,#3465,.F.);
#4791=ORIENTED_EDGE('',*,*,#3466,.F.);
#4792=ORIENTED_EDGE('',*,*,#3467,.F.);
#4793=ORIENTED_EDGE('',*,*,#3468,.F.);
#4794=ORIENTED_EDGE('',*,*,#3469,.F.);
#4795=ORIENTED_EDGE('',*,*,#3470,.T.);
#4796=ORIENTED_EDGE('',*,*,#3471,.F.);
#4797=ORIENTED_EDGE('',*,*,#3472,.F.);
#4798=ORIENTED_EDGE('',*,*,#3473,.F.);
#4799=ORIENTED_EDGE('',*,*,#3474,.T.);
#4800=ORIENTED_EDGE('',*,*,#3475,.F.);
#4801=ORIENTED_EDGE('',*,*,#3470,.F.);
#4802=ORIENTED_EDGE('',*,*,#3476,.F.);
#4803=ORIENTED_EDGE('',*,*,#3477,.T.);
#4804=ORIENTED_EDGE('',*,*,#3478,.F.);
#4805=ORIENTED_EDGE('',*,*,#3474,.F.);
#4806=ORIENTED_EDGE('',*,*,#3479,.F.);
#4807=ORIENTED_EDGE('',*,*,#3480,.T.);
#4808=ORIENTED_EDGE('',*,*,#3481,.F.);
#4809=ORIENTED_EDGE('',*,*,#3477,.F.);
#4810=ORIENTED_EDGE('',*,*,#3482,.F.);
#4811=ORIENTED_EDGE('',*,*,#3483,.T.);
#4812=ORIENTED_EDGE('',*,*,#3484,.F.);
#4813=ORIENTED_EDGE('',*,*,#3480,.F.);
#4814=ORIENTED_EDGE('',*,*,#3485,.F.);
#4815=ORIENTED_EDGE('',*,*,#3472,.T.);
#4816=ORIENTED_EDGE('',*,*,#3486,.F.);
#4817=ORIENTED_EDGE('',*,*,#3483,.F.);
#4818=ORIENTED_EDGE('',*,*,#3487,.F.);
#4819=ORIENTED_EDGE('',*,*,#3473,.T.);
#4820=ORIENTED_EDGE('',*,*,#3487,.T.);
#4821=ORIENTED_EDGE('',*,*,#3485,.T.);
#4822=ORIENTED_EDGE('',*,*,#3482,.T.);
#4823=ORIENTED_EDGE('',*,*,#3479,.T.);
#4824=ORIENTED_EDGE('',*,*,#3476,.T.);
#4825=ORIENTED_EDGE('',*,*,#3475,.T.);
#4826=ORIENTED_EDGE('',*,*,#3466,.T.);
#4827=ORIENTED_EDGE('',*,*,#3478,.T.);
#4828=ORIENTED_EDGE('',*,*,#3467,.T.);
#4829=ORIENTED_EDGE('',*,*,#3481,.T.);
#4830=ORIENTED_EDGE('',*,*,#3468,.T.);
#4831=ORIENTED_EDGE('',*,*,#3484,.T.);
#4832=ORIENTED_EDGE('',*,*,#3469,.T.);
#4833=ORIENTED_EDGE('',*,*,#3486,.T.);
#4834=ORIENTED_EDGE('',*,*,#3464,.T.);
#4835=ORIENTED_EDGE('',*,*,#3471,.T.);
#4836=ORIENTED_EDGE('',*,*,#3465,.T.);
#4837=ORIENTED_EDGE('',*,*,#3488,.F.);
#4838=ORIENTED_EDGE('',*,*,#3488,.T.);
#4839=ORIENTED_EDGE('',*,*,#3489,.T.);
#4840=ORIENTED_EDGE('',*,*,#3490,.F.);
#4841=ORIENTED_EDGE('',*,*,#3489,.F.);
#4842=ORIENTED_EDGE('',*,*,#3491,.F.);
#4843=ORIENTED_EDGE('',*,*,#3492,.T.);
#4844=ORIENTED_EDGE('',*,*,#3493,.F.);
#4845=ORIENTED_EDGE('',*,*,#3492,.F.);
#4846=ORIENTED_EDGE('',*,*,#3493,.T.);
#4847=ORIENTED_EDGE('',*,*,#3490,.T.);
#4848=ORIENTED_EDGE('',*,*,#3491,.T.);
#4849=ORIENTED_EDGE('',*,*,#3494,.F.);
#4850=ORIENTED_EDGE('',*,*,#3495,.T.);
#4851=ORIENTED_EDGE('',*,*,#3496,.F.);
#4852=ORIENTED_EDGE('',*,*,#3495,.F.);
#4853=ORIENTED_EDGE('',*,*,#3497,.F.);
#4854=ORIENTED_EDGE('',*,*,#3498,.T.);
#4855=ORIENTED_EDGE('',*,*,#3499,.F.);
#4856=ORIENTED_EDGE('',*,*,#3498,.F.);
#4857=ORIENTED_EDGE('',*,*,#3500,.F.);
#4858=ORIENTED_EDGE('',*,*,#3501,.T.);
#4859=ORIENTED_EDGE('',*,*,#3502,.F.);
#4860=ORIENTED_EDGE('',*,*,#3501,.F.);
#4861=ORIENTED_EDGE('',*,*,#3503,.F.);
#4862=ORIENTED_EDGE('',*,*,#3504,.T.);
#4863=ORIENTED_EDGE('',*,*,#3505,.F.);
#4864=ORIENTED_EDGE('',*,*,#3504,.F.);
#4865=ORIENTED_EDGE('',*,*,#3506,.F.);
#4866=ORIENTED_EDGE('',*,*,#3507,.T.);
#4867=ORIENTED_EDGE('',*,*,#3508,.F.);
#4868=ORIENTED_EDGE('',*,*,#3507,.F.);
#4869=ORIENTED_EDGE('',*,*,#3509,.F.);
#4870=ORIENTED_EDGE('',*,*,#3510,.T.);
#4871=ORIENTED_EDGE('',*,*,#3511,.F.);
#4872=ORIENTED_EDGE('',*,*,#3510,.F.);
#4873=ORIENTED_EDGE('',*,*,#3512,.F.);
#4874=ORIENTED_EDGE('',*,*,#3513,.T.);
#4875=ORIENTED_EDGE('',*,*,#3514,.F.);
#4876=ORIENTED_EDGE('',*,*,#3513,.F.);
#4877=ORIENTED_EDGE('',*,*,#3515,.F.);
#4878=ORIENTED_EDGE('',*,*,#3516,.T.);
#4879=ORIENTED_EDGE('',*,*,#3517,.F.);
#4880=ORIENTED_EDGE('',*,*,#3516,.F.);
#4881=ORIENTED_EDGE('',*,*,#3518,.F.);
#4882=ORIENTED_EDGE('',*,*,#3519,.T.);
#4883=ORIENTED_EDGE('',*,*,#3520,.T.);
#4884=ORIENTED_EDGE('',*,*,#3519,.F.);
#4885=ORIENTED_EDGE('',*,*,#3521,.F.);
#4886=ORIENTED_EDGE('',*,*,#3522,.T.);
#4887=ORIENTED_EDGE('',*,*,#3523,.T.);
#4888=ORIENTED_EDGE('',*,*,#3522,.F.);
#4889=ORIENTED_EDGE('',*,*,#3523,.F.);
#4890=ORIENTED_EDGE('',*,*,#3520,.F.);
#4891=ORIENTED_EDGE('',*,*,#3524,.T.);
#4892=ORIENTED_EDGE('',*,*,#3521,.T.);
#4893=ORIENTED_EDGE('',*,*,#3515,.T.);
#4894=ORIENTED_EDGE('',*,*,#3512,.T.);
#4895=ORIENTED_EDGE('',*,*,#3509,.T.);
#4896=ORIENTED_EDGE('',*,*,#3506,.T.);
#4897=ORIENTED_EDGE('',*,*,#3503,.T.);
#4898=ORIENTED_EDGE('',*,*,#3500,.T.);
#4899=ORIENTED_EDGE('',*,*,#3497,.T.);
#4900=ORIENTED_EDGE('',*,*,#3494,.T.);
#4901=ORIENTED_EDGE('',*,*,#3525,.F.);
#4902=ORIENTED_EDGE('',*,*,#3526,.T.);
#4903=ORIENTED_EDGE('',*,*,#3527,.T.);
#4904=ORIENTED_EDGE('',*,*,#3526,.F.);
#4905=ORIENTED_EDGE('',*,*,#3524,.F.);
#4906=ORIENTED_EDGE('',*,*,#3528,.T.);
#4907=ORIENTED_EDGE('',*,*,#3529,.T.);
#4908=ORIENTED_EDGE('',*,*,#3528,.F.);
#4909=ORIENTED_EDGE('',*,*,#3518,.T.);
#4910=ORIENTED_EDGE('',*,*,#3525,.T.);
#4911=ORIENTED_EDGE('',*,*,#3529,.F.);
#4912=ORIENTED_EDGE('',*,*,#3527,.F.);
#4913=ORIENTED_EDGE('',*,*,#3517,.T.);
#4914=ORIENTED_EDGE('',*,*,#3514,.T.);
#4915=ORIENTED_EDGE('',*,*,#3511,.T.);
#4916=ORIENTED_EDGE('',*,*,#3508,.T.);
#4917=ORIENTED_EDGE('',*,*,#3505,.T.);
#4918=ORIENTED_EDGE('',*,*,#3502,.T.);
#4919=ORIENTED_EDGE('',*,*,#3499,.T.);
#4920=ORIENTED_EDGE('',*,*,#3496,.T.);
#4921=ORIENTED_EDGE('',*,*,#3530,.F.);
#4922=ORIENTED_EDGE('',*,*,#3531,.T.);
#4923=ORIENTED_EDGE('',*,*,#3532,.F.);
#4924=ORIENTED_EDGE('',*,*,#3531,.F.);
#4925=ORIENTED_EDGE('',*,*,#3533,.F.);
#4926=ORIENTED_EDGE('',*,*,#3534,.T.);
#4927=ORIENTED_EDGE('',*,*,#3535,.F.);
#4928=ORIENTED_EDGE('',*,*,#3534,.F.);
#4929=ORIENTED_EDGE('',*,*,#3536,.F.);
#4930=ORIENTED_EDGE('',*,*,#3537,.T.);
#4931=ORIENTED_EDGE('',*,*,#3538,.F.);
#4932=ORIENTED_EDGE('',*,*,#3537,.F.);
#4933=ORIENTED_EDGE('',*,*,#3539,.F.);
#4934=ORIENTED_EDGE('',*,*,#3540,.T.);
#4935=ORIENTED_EDGE('',*,*,#3541,.F.);
#4936=ORIENTED_EDGE('',*,*,#3542,.T.);
#4937=ORIENTED_EDGE('',*,*,#3541,.T.);
#4938=ORIENTED_EDGE('',*,*,#3543,.F.);
#4939=ORIENTED_EDGE('',*,*,#3544,.F.);
#4940=ORIENTED_EDGE('',*,*,#3545,.T.);
#4941=ORIENTED_EDGE('',*,*,#3546,.T.);
#4942=ORIENTED_EDGE('',*,*,#3547,.T.);
#4943=ORIENTED_EDGE('',*,*,#3540,.F.);
#4944=ORIENTED_EDGE('',*,*,#3548,.T.);
#4945=ORIENTED_EDGE('',*,*,#3549,.F.);
#4946=ORIENTED_EDGE('',*,*,#3543,.T.);
#4947=ORIENTED_EDGE('',*,*,#3550,.F.);
#4948=ORIENTED_EDGE('',*,*,#3551,.T.);
#4949=ORIENTED_EDGE('',*,*,#3552,.F.);
#4950=ORIENTED_EDGE('',*,*,#3553,.T.);
#4951=ORIENTED_EDGE('',*,*,#3552,.T.);
#4952=ORIENTED_EDGE('',*,*,#3554,.T.);
#4953=ORIENTED_EDGE('',*,*,#3555,.T.);
#4954=ORIENTED_EDGE('',*,*,#3556,.T.);
#4955=ORIENTED_EDGE('',*,*,#3557,.T.);
#4956=ORIENTED_EDGE('',*,*,#3558,.F.);
#4957=ORIENTED_EDGE('',*,*,#3551,.F.);
#4958=ORIENTED_EDGE('',*,*,#3559,.F.);
#4959=ORIENTED_EDGE('',*,*,#3560,.F.);
#4960=ORIENTED_EDGE('',*,*,#3554,.F.);
#4961=ORIENTED_EDGE('',*,*,#3561,.F.);
#4962=ORIENTED_EDGE('',*,*,#3562,.F.);
#4963=ORIENTED_EDGE('',*,*,#3563,.F.);
#4964=ORIENTED_EDGE('',*,*,#3564,.F.);
#4965=ORIENTED_EDGE('',*,*,#3565,.F.);
#4966=ORIENTED_EDGE('',*,*,#3546,.F.);
#4967=ORIENTED_EDGE('',*,*,#3562,.T.);
#4968=ORIENTED_EDGE('',*,*,#3566,.T.);
#4969=ORIENTED_EDGE('',*,*,#3565,.T.);
#4970=ORIENTED_EDGE('',*,*,#3567,.T.);
#4971=ORIENTED_EDGE('',*,*,#3568,.F.);
#4972=ORIENTED_EDGE('',*,*,#3569,.F.);
#4973=ORIENTED_EDGE('',*,*,#3570,.F.);
#4974=ORIENTED_EDGE('',*,*,#3555,.F.);
#4975=ORIENTED_EDGE('',*,*,#3571,.F.);
#4976=ORIENTED_EDGE('',*,*,#3572,.F.);
#4977=ORIENTED_EDGE('',*,*,#3569,.T.);
#4978=ORIENTED_EDGE('',*,*,#3573,.T.);
#4979=ORIENTED_EDGE('',*,*,#3571,.T.);
#4980=ORIENTED_EDGE('',*,*,#3560,.T.);
#4981=ORIENTED_EDGE('',*,*,#3572,.T.);
#4982=ORIENTED_EDGE('',*,*,#3574,.T.);
#4983=ORIENTED_EDGE('',*,*,#3564,.T.);
#4984=ORIENTED_EDGE('',*,*,#3575,.T.);
#4985=ORIENTED_EDGE('',*,*,#3550,.T.);
#4986=ORIENTED_EDGE('',*,*,#3576,.F.);
#4987=ORIENTED_EDGE('',*,*,#3577,.F.);
#4988=ORIENTED_EDGE('',*,*,#3578,.T.);
#4989=ORIENTED_EDGE('',*,*,#3570,.T.);
#4990=ORIENTED_EDGE('',*,*,#3559,.T.);
#4991=ORIENTED_EDGE('',*,*,#3563,.T.);
#4992=ORIENTED_EDGE('',*,*,#3579,.T.);
#4993=ORIENTED_EDGE('',*,*,#3568,.T.);
#4994=ORIENTED_EDGE('',*,*,#3580,.T.);
#4995=ORIENTED_EDGE('',*,*,#3539,.T.);
#4996=ORIENTED_EDGE('',*,*,#3581,.T.);
#4997=ORIENTED_EDGE('',*,*,#3561,.T.);
#4998=ORIENTED_EDGE('',*,*,#3582,.T.);
#4999=ORIENTED_EDGE('',*,*,#3583,.F.);
#5000=ORIENTED_EDGE('',*,*,#3548,.F.);
#5001=ORIENTED_EDGE('',*,*,#3542,.F.);
#5002=ORIENTED_EDGE('',*,*,#3547,.F.);
#5003=ORIENTED_EDGE('',*,*,#3566,.F.);
#5004=ORIENTED_EDGE('',*,*,#3581,.F.);
#5005=ORIENTED_EDGE('',*,*,#3544,.T.);
#5006=ORIENTED_EDGE('',*,*,#3549,.T.);
#5007=ORIENTED_EDGE('',*,*,#3583,.T.);
#5008=ORIENTED_EDGE('',*,*,#3584,.T.);
#5009=ORIENTED_EDGE('',*,*,#3585,.F.);
#5010=ORIENTED_EDGE('',*,*,#3586,.T.);
#5011=ORIENTED_EDGE('',*,*,#3532,.T.);
#5012=ORIENTED_EDGE('',*,*,#3535,.T.);
#5013=ORIENTED_EDGE('',*,*,#3538,.T.);
#5014=ORIENTED_EDGE('',*,*,#3582,.F.);
#5015=ORIENTED_EDGE('',*,*,#3580,.F.);
#5016=ORIENTED_EDGE('',*,*,#3578,.F.);
#5017=ORIENTED_EDGE('',*,*,#3587,.F.);
#5018=ORIENTED_EDGE('',*,*,#3584,.F.);
#5019=ORIENTED_EDGE('',*,*,#3573,.F.);
#5020=ORIENTED_EDGE('',*,*,#3579,.F.);
#5021=ORIENTED_EDGE('',*,*,#3567,.F.);
#5022=ORIENTED_EDGE('',*,*,#3574,.F.);
#5023=ORIENTED_EDGE('',*,*,#3553,.F.);
#5024=ORIENTED_EDGE('',*,*,#3558,.T.);
#5025=ORIENTED_EDGE('',*,*,#3588,.F.);
#5026=ORIENTED_EDGE('',*,*,#3576,.T.);
#5027=ORIENTED_EDGE('',*,*,#3545,.F.);
#5028=ORIENTED_EDGE('',*,*,#3586,.F.);
#5029=ORIENTED_EDGE('',*,*,#3589,.F.);
#5030=ORIENTED_EDGE('',*,*,#3556,.F.);
#5031=ORIENTED_EDGE('',*,*,#3575,.F.);
#5032=ORIENTED_EDGE('',*,*,#3590,.T.);
#5033=ORIENTED_EDGE('',*,*,#3591,.T.);
#5034=ORIENTED_EDGE('',*,*,#3592,.F.);
#5035=ORIENTED_EDGE('',*,*,#3591,.F.);
#5036=ORIENTED_EDGE('',*,*,#3590,.F.);
#5037=ORIENTED_EDGE('',*,*,#3593,.F.);
#5038=ORIENTED_EDGE('',*,*,#3594,.F.);
#5039=ORIENTED_EDGE('',*,*,#3595,.F.);
#5040=ORIENTED_EDGE('',*,*,#3596,.F.);
#5041=ORIENTED_EDGE('',*,*,#3597,.T.);
#5042=ORIENTED_EDGE('',*,*,#3598,.F.);
#5043=ORIENTED_EDGE('',*,*,#3599,.F.);
#5044=ORIENTED_EDGE('',*,*,#3600,.F.);
#5045=ORIENTED_EDGE('',*,*,#3601,.F.);
#5046=ORIENTED_EDGE('',*,*,#3602,.F.);
#5047=ORIENTED_EDGE('',*,*,#3603,.T.);
#5048=ORIENTED_EDGE('',*,*,#3604,.F.);
#5049=ORIENTED_EDGE('',*,*,#3605,.T.);
#5050=ORIENTED_EDGE('',*,*,#3606,.F.);
#5051=ORIENTED_EDGE('',*,*,#3607,.T.);
#5052=ORIENTED_EDGE('',*,*,#3608,.T.);
#5053=ORIENTED_EDGE('',*,*,#3609,.T.);
#5054=ORIENTED_EDGE('',*,*,#3604,.T.);
#5055=ORIENTED_EDGE('',*,*,#3610,.F.);
#5056=ORIENTED_EDGE('',*,*,#3611,.F.);
#5057=ORIENTED_EDGE('',*,*,#3612,.T.);
#5058=ORIENTED_EDGE('',*,*,#3613,.F.);
#5059=ORIENTED_EDGE('',*,*,#3614,.T.);
#5060=ORIENTED_EDGE('',*,*,#3611,.T.);
#5061=ORIENTED_EDGE('',*,*,#3615,.T.);
#5062=ORIENTED_EDGE('',*,*,#3607,.F.);
#5063=ORIENTED_EDGE('',*,*,#3594,.T.);
#5064=ORIENTED_EDGE('',*,*,#3616,.F.);
#5065=ORIENTED_EDGE('',*,*,#3617,.F.);
#5066=ORIENTED_EDGE('',*,*,#3618,.F.);
#5067=ORIENTED_EDGE('',*,*,#3619,.T.);
#5068=ORIENTED_EDGE('',*,*,#3616,.T.);
#5069=ORIENTED_EDGE('',*,*,#3593,.T.);
#5070=ORIENTED_EDGE('',*,*,#3609,.F.);
#5071=ORIENTED_EDGE('',*,*,#3620,.T.);
#5072=ORIENTED_EDGE('',*,*,#3621,.T.);
#5073=ORIENTED_EDGE('',*,*,#3598,.T.);
#5074=ORIENTED_EDGE('',*,*,#3622,.T.);
#5075=ORIENTED_EDGE('',*,*,#3623,.F.);
#5076=ORIENTED_EDGE('',*,*,#3624,.T.);
#5077=ORIENTED_EDGE('',*,*,#3625,.F.);
#5078=ORIENTED_EDGE('',*,*,#3626,.F.);
#5079=ORIENTED_EDGE('',*,*,#3627,.T.);
#5080=ORIENTED_EDGE('',*,*,#3628,.F.);
#5081=ORIENTED_EDGE('',*,*,#3613,.T.);
#5082=ORIENTED_EDGE('',*,*,#3629,.T.);
#5083=ORIENTED_EDGE('',*,*,#3626,.T.);
#5084=ORIENTED_EDGE('',*,*,#3630,.T.);
#5085=ORIENTED_EDGE('',*,*,#3631,.T.);
#5086=ORIENTED_EDGE('',*,*,#3628,.T.);
#5087=ORIENTED_EDGE('',*,*,#3632,.T.);
#5088=ORIENTED_EDGE('',*,*,#3633,.F.);
#5089=ORIENTED_EDGE('',*,*,#3634,.F.);
#5090=ORIENTED_EDGE('',*,*,#3635,.F.);
#5091=ORIENTED_EDGE('',*,*,#3636,.F.);
#5092=ORIENTED_EDGE('',*,*,#3600,.T.);
#5093=ORIENTED_EDGE('',*,*,#3637,.F.);
#5094=ORIENTED_EDGE('',*,*,#3638,.F.);
#5095=ORIENTED_EDGE('',*,*,#3639,.F.);
#5096=ORIENTED_EDGE('',*,*,#3640,.T.);
#5097=ORIENTED_EDGE('',*,*,#3637,.T.);
#5098=ORIENTED_EDGE('',*,*,#3599,.T.);
#5099=ORIENTED_EDGE('',*,*,#3621,.F.);
#5100=ORIENTED_EDGE('',*,*,#3641,.F.);
#5101=ORIENTED_EDGE('',*,*,#3642,.F.);
#5102=ORIENTED_EDGE('',*,*,#3643,.F.);
#5103=ORIENTED_EDGE('',*,*,#3642,.T.);
#5104=ORIENTED_EDGE('',*,*,#3644,.T.);
#5105=ORIENTED_EDGE('',*,*,#3635,.T.);
#5106=ORIENTED_EDGE('',*,*,#3645,.T.);
#5107=ORIENTED_EDGE('',*,*,#3625,.T.);
#5108=ORIENTED_EDGE('',*,*,#3646,.T.);
#5109=ORIENTED_EDGE('',*,*,#3643,.T.);
#5110=ORIENTED_EDGE('',*,*,#3647,.T.);
#5111=ORIENTED_EDGE('',*,*,#3648,.T.);
#5112=ORIENTED_EDGE('',*,*,#3649,.T.);
#5113=ORIENTED_EDGE('',*,*,#3641,.T.);
#5114=ORIENTED_EDGE('',*,*,#3650,.T.);
#5115=ORIENTED_EDGE('',*,*,#3651,.T.);
#5116=ORIENTED_EDGE('',*,*,#3652,.T.);
#5117=ORIENTED_EDGE('',*,*,#3648,.F.);
#5118=ORIENTED_EDGE('',*,*,#3653,.T.);
#5119=ORIENTED_EDGE('',*,*,#3651,.F.);
#5120=ORIENTED_EDGE('',*,*,#3654,.T.);
#5121=ORIENTED_EDGE('',*,*,#3638,.T.);
#5122=ORIENTED_EDGE('',*,*,#3655,.T.);
#5123=ORIENTED_EDGE('',*,*,#3601,.T.);
#5124=ORIENTED_EDGE('',*,*,#3639,.T.);
#5125=ORIENTED_EDGE('',*,*,#3656,.T.);
#5126=ORIENTED_EDGE('',*,*,#3657,.T.);
#5127=ORIENTED_EDGE('',*,*,#3658,.T.);
#5128=ORIENTED_EDGE('',*,*,#3659,.T.);
#5129=ORIENTED_EDGE('',*,*,#3617,.T.);
#5130=ORIENTED_EDGE('',*,*,#3660,.T.);
#5131=ORIENTED_EDGE('',*,*,#3661,.T.);
#5132=ORIENTED_EDGE('',*,*,#3662,.T.);
#5133=ORIENTED_EDGE('',*,*,#3658,.F.);
#5134=ORIENTED_EDGE('',*,*,#3663,.T.);
#5135=ORIENTED_EDGE('',*,*,#3661,.F.);
#5136=ORIENTED_EDGE('',*,*,#3664,.T.);
#5137=ORIENTED_EDGE('',*,*,#3636,.T.);
#5138=ORIENTED_EDGE('',*,*,#3665,.T.);
#5139=ORIENTED_EDGE('',*,*,#3634,.T.);
#5140=ORIENTED_EDGE('',*,*,#3666,.T.);
#5141=ORIENTED_EDGE('',*,*,#3610,.T.);
#5142=ORIENTED_EDGE('',*,*,#3667,.T.);
#5143=ORIENTED_EDGE('',*,*,#3668,.T.);
#5144=ORIENTED_EDGE('',*,*,#3602,.T.);
#5145=ORIENTED_EDGE('',*,*,#3657,.F.);
#5146=ORIENTED_EDGE('',*,*,#3669,.T.);
#5147=ORIENTED_EDGE('',*,*,#3633,.T.);
#5148=ORIENTED_EDGE('',*,*,#3670,.F.);
#5149=ORIENTED_EDGE('',*,*,#3595,.T.);
#5150=ORIENTED_EDGE('',*,*,#3618,.T.);
#5151=ORIENTED_EDGE('',*,*,#3671,.T.);
#5152=ORIENTED_EDGE('',*,*,#3672,.T.);
#5153=ORIENTED_EDGE('',*,*,#3673,.T.);
#5154=ORIENTED_EDGE('',*,*,#3624,.F.);
#5155=ORIENTED_EDGE('',*,*,#3674,.T.);
#5156=ORIENTED_EDGE('',*,*,#3675,.F.);
#5157=ORIENTED_EDGE('',*,*,#3676,.T.);
#5158=ORIENTED_EDGE('',*,*,#3596,.T.);
#5159=ORIENTED_EDGE('',*,*,#3672,.F.);
#5160=ORIENTED_EDGE('',*,*,#3677,.T.);
#5161=ORIENTED_EDGE('',*,*,#3675,.T.);
#5162=ORIENTED_EDGE('',*,*,#3678,.F.);
#5163=ORIENTED_EDGE('',*,*,#3678,.T.);
#5164=ORIENTED_EDGE('',*,*,#3674,.F.);
#5165=ORIENTED_EDGE('',*,*,#3623,.T.);
#5166=ORIENTED_EDGE('',*,*,#3679,.F.);
#5167=ORIENTED_EDGE('',*,*,#3676,.F.);
#5168=ORIENTED_EDGE('',*,*,#3679,.T.);
#5169=ORIENTED_EDGE('',*,*,#3622,.F.);
#5170=ORIENTED_EDGE('',*,*,#3597,.F.);
#5171=ORIENTED_EDGE('',*,*,#3655,.F.);
#5172=ORIENTED_EDGE('',*,*,#3640,.F.);
#5173=ORIENTED_EDGE('',*,*,#3620,.F.);
#5174=ORIENTED_EDGE('',*,*,#3673,.F.);
#5175=ORIENTED_EDGE('',*,*,#3677,.F.);
#5176=ORIENTED_EDGE('',*,*,#3671,.F.);
#5177=ORIENTED_EDGE('',*,*,#3659,.F.);
#5178=ORIENTED_EDGE('',*,*,#3680,.F.);
#5179=ORIENTED_EDGE('',*,*,#3608,.F.);
#5180=ORIENTED_EDGE('',*,*,#3615,.F.);
#5181=ORIENTED_EDGE('',*,*,#3666,.F.);
#5182=ORIENTED_EDGE('',*,*,#3664,.F.);
#5183=ORIENTED_EDGE('',*,*,#3663,.F.);
#5184=ORIENTED_EDGE('',*,*,#3660,.F.);
#5185=ORIENTED_EDGE('',*,*,#3619,.F.);
#5186=ORIENTED_EDGE('',*,*,#3631,.F.);
#5187=ORIENTED_EDGE('',*,*,#3669,.F.);
#5188=ORIENTED_EDGE('',*,*,#3656,.F.);
#5189=ORIENTED_EDGE('',*,*,#3654,.F.);
#5190=ORIENTED_EDGE('',*,*,#3653,.F.);
#5191=ORIENTED_EDGE('',*,*,#3650,.F.);
#5192=ORIENTED_EDGE('',*,*,#3646,.F.);
#5193=ORIENTED_EDGE('',*,*,#3645,.F.);
#5194=ORIENTED_EDGE('',*,*,#3667,.F.);
#5195=ORIENTED_EDGE('',*,*,#3630,.F.);
#5196=ORIENTED_EDGE('',*,*,#3647,.F.);
#5197=ORIENTED_EDGE('',*,*,#3530,.T.);
#5198=ORIENTED_EDGE('',*,*,#3533,.T.);
#5199=ORIENTED_EDGE('',*,*,#3536,.T.);
#5200=ORIENTED_EDGE('',*,*,#3652,.F.);
#5201=ORIENTED_EDGE('',*,*,#3680,.T.);
#5202=ORIENTED_EDGE('',*,*,#3662,.F.);
#5203=ORIENTED_EDGE('',*,*,#3681,.T.);
#5204=ORIENTED_EDGE('',*,*,#3682,.F.);
#5205=ORIENTED_EDGE('',*,*,#3683,.T.);
#5206=ORIENTED_EDGE('',*,*,#3684,.F.);
#5207=ORIENTED_EDGE('',*,*,#3683,.F.);
#5208=ORIENTED_EDGE('',*,*,#3682,.T.);
#5209=ORIENTED_EDGE('',*,*,#3592,.T.);
#5210=ORIENTED_EDGE('',*,*,#3649,.F.);
#5211=ORIENTED_EDGE('',*,*,#3681,.F.);
#5212=ORIENTED_EDGE('',*,*,#3665,.F.);
#5213=ORIENTED_EDGE('',*,*,#3644,.F.);
#5214=ORIENTED_EDGE('',*,*,#3605,.F.);
#5215=ORIENTED_EDGE('',*,*,#3603,.F.);
#5216=ORIENTED_EDGE('',*,*,#3668,.F.);
#5217=ORIENTED_EDGE('',*,*,#3685,.T.);
#5218=ORIENTED_EDGE('',*,*,#3606,.T.);
#5219=ORIENTED_EDGE('',*,*,#3685,.F.);
#5220=ORIENTED_EDGE('',*,*,#3670,.T.);
#5221=ORIENTED_EDGE('',*,*,#3632,.F.);
#5222=ORIENTED_EDGE('',*,*,#3627,.F.);
#5223=ORIENTED_EDGE('',*,*,#3629,.F.);
#5224=ORIENTED_EDGE('',*,*,#3612,.F.);
#5225=ORIENTED_EDGE('',*,*,#3614,.F.);
#5226=ORIENTED_EDGE('',*,*,#3686,.F.);
#5227=ORIENTED_EDGE('',*,*,#3687,.T.);
#5228=ORIENTED_EDGE('',*,*,#3688,.T.);
#5229=ORIENTED_EDGE('',*,*,#3687,.F.);
#5230=ORIENTED_EDGE('',*,*,#3689,.F.);
#5231=ORIENTED_EDGE('',*,*,#3690,.T.);
#5232=ORIENTED_EDGE('',*,*,#3691,.T.);
#5233=ORIENTED_EDGE('',*,*,#3690,.F.);
#5234=ORIENTED_EDGE('',*,*,#3692,.F.);
#5235=ORIENTED_EDGE('',*,*,#3693,.T.);
#5236=ORIENTED_EDGE('',*,*,#3694,.T.);
#5237=ORIENTED_EDGE('',*,*,#3693,.F.);
#5238=ORIENTED_EDGE('',*,*,#3695,.F.);
#5239=ORIENTED_EDGE('',*,*,#3696,.T.);
#5240=ORIENTED_EDGE('',*,*,#3697,.T.);
#5241=ORIENTED_EDGE('',*,*,#3696,.F.);
#5242=ORIENTED_EDGE('',*,*,#3698,.F.);
#5243=ORIENTED_EDGE('',*,*,#3699,.T.);
#5244=ORIENTED_EDGE('',*,*,#3700,.T.);
#5245=ORIENTED_EDGE('',*,*,#3699,.F.);
#5246=ORIENTED_EDGE('',*,*,#3701,.F.);
#5247=ORIENTED_EDGE('',*,*,#3702,.T.);
#5248=ORIENTED_EDGE('',*,*,#3703,.T.);
#5249=ORIENTED_EDGE('',*,*,#3702,.F.);
#5250=ORIENTED_EDGE('',*,*,#3704,.F.);
#5251=ORIENTED_EDGE('',*,*,#3705,.T.);
#5252=ORIENTED_EDGE('',*,*,#3706,.T.);
#5253=ORIENTED_EDGE('',*,*,#3705,.F.);
#5254=ORIENTED_EDGE('',*,*,#3707,.F.);
#5255=ORIENTED_EDGE('',*,*,#3708,.T.);
#5256=ORIENTED_EDGE('',*,*,#3709,.T.);
#5257=ORIENTED_EDGE('',*,*,#3708,.F.);
#5258=ORIENTED_EDGE('',*,*,#3710,.F.);
#5259=ORIENTED_EDGE('',*,*,#3711,.T.);
#5260=ORIENTED_EDGE('',*,*,#3712,.T.);
#5261=ORIENTED_EDGE('',*,*,#3711,.F.);
#5262=ORIENTED_EDGE('',*,*,#3710,.T.);
#5263=ORIENTED_EDGE('',*,*,#3686,.T.);
#5264=ORIENTED_EDGE('',*,*,#3689,.T.);
#5265=ORIENTED_EDGE('',*,*,#3692,.T.);
#5266=ORIENTED_EDGE('',*,*,#3695,.T.);
#5267=ORIENTED_EDGE('',*,*,#3698,.T.);
#5268=ORIENTED_EDGE('',*,*,#3701,.T.);
#5269=ORIENTED_EDGE('',*,*,#3704,.T.);
#5270=ORIENTED_EDGE('',*,*,#3707,.T.);
#5271=ORIENTED_EDGE('',*,*,#3684,.T.);
#5272=ORIENTED_EDGE('',*,*,#3712,.F.);
#5273=ORIENTED_EDGE('',*,*,#3688,.F.);
#5274=ORIENTED_EDGE('',*,*,#3691,.F.);
#5275=ORIENTED_EDGE('',*,*,#3694,.F.);
#5276=ORIENTED_EDGE('',*,*,#3697,.F.);
#5277=ORIENTED_EDGE('',*,*,#3700,.F.);
#5278=ORIENTED_EDGE('',*,*,#3703,.F.);
#5279=ORIENTED_EDGE('',*,*,#3706,.F.);
#5280=ORIENTED_EDGE('',*,*,#3709,.F.);
#5281=ORIENTED_EDGE('',*,*,#3589,.T.);
#5282=ORIENTED_EDGE('',*,*,#3585,.T.);
#5283=ORIENTED_EDGE('',*,*,#3587,.T.);
#5284=ORIENTED_EDGE('',*,*,#3577,.T.);
#5285=ORIENTED_EDGE('',*,*,#3588,.T.);
#5286=ORIENTED_EDGE('',*,*,#3557,.F.);
#5287=ORIENTED_EDGE('',*,*,#3713,.F.);
#5288=ORIENTED_EDGE('',*,*,#3714,.T.);
#5289=ORIENTED_EDGE('',*,*,#3715,.F.);
#5290=ORIENTED_EDGE('',*,*,#3716,.F.);
#5291=ORIENTED_EDGE('',*,*,#3714,.F.);
#5292=ORIENTED_EDGE('',*,*,#3713,.T.);
#5293=ORIENTED_EDGE('',*,*,#3716,.T.);
#5294=ORIENTED_EDGE('',*,*,#3715,.T.);
#5295=ORIENTED_EDGE('',*,*,#3717,.T.);
#5296=ORIENTED_EDGE('',*,*,#3718,.F.);
#5297=ORIENTED_EDGE('',*,*,#3719,.F.);
#5298=ORIENTED_EDGE('',*,*,#3717,.F.);
#5299=ORIENTED_EDGE('',*,*,#3719,.T.);
#5300=ORIENTED_EDGE('',*,*,#3718,.T.);
#5301=ORIENTED_EDGE('',*,*,#3720,.T.);
#5302=ORIENTED_EDGE('',*,*,#3721,.F.);
#5303=ORIENTED_EDGE('',*,*,#3722,.F.);
#5304=ORIENTED_EDGE('',*,*,#3720,.F.);
#5305=ORIENTED_EDGE('',*,*,#3722,.T.);
#5306=ORIENTED_EDGE('',*,*,#3721,.T.);
#5307=ORIENTED_EDGE('',*,*,#3723,.T.);
#5308=ORIENTED_EDGE('',*,*,#3724,.F.);
#5309=ORIENTED_EDGE('',*,*,#3725,.F.);
#5310=ORIENTED_EDGE('',*,*,#3723,.F.);
#5311=ORIENTED_EDGE('',*,*,#3725,.T.);
#5312=ORIENTED_EDGE('',*,*,#3724,.T.);
#5313=ORIENTED_EDGE('',*,*,#3726,.T.);
#5314=ORIENTED_EDGE('',*,*,#3727,.F.);
#5315=ORIENTED_EDGE('',*,*,#3728,.F.);
#5316=ORIENTED_EDGE('',*,*,#3726,.F.);
#5317=ORIENTED_EDGE('',*,*,#3728,.T.);
#5318=ORIENTED_EDGE('',*,*,#3727,.T.);
#5319=ORIENTED_EDGE('',*,*,#3729,.T.);
#5320=ORIENTED_EDGE('',*,*,#3730,.F.);
#5321=ORIENTED_EDGE('',*,*,#3731,.F.);
#5322=ORIENTED_EDGE('',*,*,#3729,.F.);
#5323=ORIENTED_EDGE('',*,*,#3731,.T.);
#5324=ORIENTED_EDGE('',*,*,#3730,.T.);
#5325=ORIENTED_EDGE('',*,*,#3732,.T.);
#5326=ORIENTED_EDGE('',*,*,#3733,.F.);
#5327=ORIENTED_EDGE('',*,*,#3734,.F.);
#5328=ORIENTED_EDGE('',*,*,#3732,.F.);
#5329=ORIENTED_EDGE('',*,*,#3734,.T.);
#5330=ORIENTED_EDGE('',*,*,#3733,.T.);
#5331=ORIENTED_EDGE('',*,*,#3735,.T.);
#5332=ORIENTED_EDGE('',*,*,#3736,.F.);
#5333=ORIENTED_EDGE('',*,*,#3737,.F.);
#5334=ORIENTED_EDGE('',*,*,#3735,.F.);
#5335=ORIENTED_EDGE('',*,*,#3737,.T.);
#5336=ORIENTED_EDGE('',*,*,#3736,.T.);
#5337=ORIENTED_EDGE('',*,*,#3738,.T.);
#5338=ORIENTED_EDGE('',*,*,#3739,.F.);
#5339=ORIENTED_EDGE('',*,*,#3740,.F.);
#5340=ORIENTED_EDGE('',*,*,#3738,.F.);
#5341=ORIENTED_EDGE('',*,*,#3740,.T.);
#5342=ORIENTED_EDGE('',*,*,#3739,.T.);
#5343=ORIENTED_EDGE('',*,*,#3741,.T.);
#5344=ORIENTED_EDGE('',*,*,#3742,.T.);
#5345=ORIENTED_EDGE('',*,*,#3741,.F.);
#5346=ORIENTED_EDGE('',*,*,#3742,.F.);
#5347=CYLINDRICAL_SURFACE('',#5939,0.13);
#5348=CYLINDRICAL_SURFACE('',#5942,0.13);
#5349=CYLINDRICAL_SURFACE('',#5945,0.13);
#5350=CYLINDRICAL_SURFACE('',#5952,0.123621386968582);
#5351=CYLINDRICAL_SURFACE('',#5956,0.123621386968582);
#5352=CYLINDRICAL_SURFACE('',#5960,0.123621386968582);
#5353=CYLINDRICAL_SURFACE('',#5964,0.123621386968582);
#5354=CYLINDRICAL_SURFACE('',#5968,0.123621386968582);
#5355=CYLINDRICAL_SURFACE('',#5970,2.875);
#5356=CYLINDRICAL_SURFACE('',#5972,2.275);
#5357=CYLINDRICAL_SURFACE('',#5978,0.112);
#5358=CYLINDRICAL_SURFACE('',#5980,0.112);
#5359=CYLINDRICAL_SURFACE('',#5982,0.112);
#5360=CYLINDRICAL_SURFACE('',#5987,0.112);
#5361=CYLINDRICAL_SURFACE('',#5989,0.112);
#5362=CYLINDRICAL_SURFACE('',#5991,0.112);
#5363=CYLINDRICAL_SURFACE('',#5996,0.112);
#5364=CYLINDRICAL_SURFACE('',#5999,0.112);
#5365=CYLINDRICAL_SURFACE('',#6002,0.112);
#5366=CYLINDRICAL_SURFACE('',#6005,0.112);
#5367=CYLINDRICAL_SURFACE('',#6008,0.112);
#5368=CYLINDRICAL_SURFACE('',#6011,0.112);
#5369=CYLINDRICAL_SURFACE('',#6014,0.112);
#5370=CYLINDRICAL_SURFACE('',#6017,0.112);
#5371=CYLINDRICAL_SURFACE('',#6020,0.112);
#5372=CYLINDRICAL_SURFACE('',#6023,0.112);
#5373=CYLINDRICAL_SURFACE('',#6026,0.112);
#5374=CYLINDRICAL_SURFACE('',#6029,0.112);
#5375=CYLINDRICAL_SURFACE('',#6032,0.112);
#5376=CYLINDRICAL_SURFACE('',#6035,0.112);
#5377=CYLINDRICAL_SURFACE('',#6038,0.112);
#5378=CYLINDRICAL_SURFACE('',#6041,0.112);
#5379=CYLINDRICAL_SURFACE('',#6044,0.112);
#5380=CYLINDRICAL_SURFACE('',#6047,0.112);
#5381=CYLINDRICAL_SURFACE('',#6050,0.112);
#5382=CYLINDRICAL_SURFACE('',#6053,0.112);
#5383=CYLINDRICAL_SURFACE('',#6056,0.112);
#5384=CYLINDRICAL_SURFACE('',#6059,0.112);
#5385=CYLINDRICAL_SURFACE('',#6062,0.112);
#5386=CYLINDRICAL_SURFACE('',#6065,0.112);
#5387=CYLINDRICAL_SURFACE('',#6068,0.112);
#5388=CYLINDRICAL_SURFACE('',#6071,0.112);
#5389=CYLINDRICAL_SURFACE('',#6074,0.112);
#5390=CYLINDRICAL_SURFACE('',#6077,0.112);
#5391=CYLINDRICAL_SURFACE('',#6080,0.112);
#5392=CYLINDRICAL_SURFACE('',#6083,0.112);
#5393=CYLINDRICAL_SURFACE('',#6086,0.123621386968582);
#5394=CYLINDRICAL_SURFACE('',#6138,2.90500000000001);
#5395=CYLINDRICAL_SURFACE('',#6139,0.199999999999998);
#5396=CYLINDRICAL_SURFACE('',#6141,0.200000000000001);
#5397=CYLINDRICAL_SURFACE('',#6143,0.200000000000001);
#5398=CYLINDRICAL_SURFACE('',#6145,0.199999999999998);
#5399=CYLINDRICAL_SURFACE('',#6146,2.875);
#5400=CYLINDRICAL_SURFACE('',#6150,2.87499999999831);
#5401=CYLINDRICAL_SURFACE('',#6153,2.905);
#5402=CYLINDRICAL_SURFACE('',#6156,9.);
#5403=CYLINDRICAL_SURFACE('',#6165,8.905);
#5404=CYLINDRICAL_SURFACE('',#6188,0.0885);
#5405=CYLINDRICAL_SURFACE('',#6189,0.0885);
#5406=CYLINDRICAL_SURFACE('',#6190,0.0885);
#5407=CYLINDRICAL_SURFACE('',#6191,0.0885);
#5408=CYLINDRICAL_SURFACE('',#6192,0.0885);
#5409=CYLINDRICAL_SURFACE('',#6193,0.0885);
#5410=CYLINDRICAL_SURFACE('',#6194,0.2);
#5411=CYLINDRICAL_SURFACE('',#6195,0.2);
#5412=CYLINDRICAL_SURFACE('',#6196,0.2);
#5413=CYLINDRICAL_SURFACE('',#6197,0.2);
#5414=CYLINDRICAL_SURFACE('',#6198,0.2);
#5415=CYLINDRICAL_SURFACE('',#6199,0.2);
#5416=CYLINDRICAL_SURFACE('',#6200,0.375);
#5417=CYLINDRICAL_SURFACE('',#6202,0.375);
#5418=CYLINDRICAL_SURFACE('',#6204,0.375);
#5419=CYLINDRICAL_SURFACE('',#6206,0.375);
#5420=CYLINDRICAL_SURFACE('',#6208,0.375);
#5421=CYLINDRICAL_SURFACE('',#6210,0.375);
#5422=CYLINDRICAL_SURFACE('',#6229,0.412);
#5423=CYLINDRICAL_SURFACE('',#6232,0.5234375);
#5424=CYLINDRICAL_SURFACE('',#6237,0.0559046107223991);
#5425=CYLINDRICAL_SURFACE('',#6239,0.125);
#5426=CYLINDRICAL_SURFACE('',#6240,0.125);
#5427=CYLINDRICAL_SURFACE('',#6255,1.375);
#5428=CYLINDRICAL_SURFACE('',#6268,0.135);
#5429=CYLINDRICAL_SURFACE('',#6270,0.135);
#5430=CYLINDRICAL_SURFACE('',#6272,0.135);
#5431=CYLINDRICAL_SURFACE('',#6276,0.5);
#5432=CYLINDRICAL_SURFACE('',#6286,0.125);
#5433=CYLINDRICAL_SURFACE('',#6316,0.125);
#5434=CYLINDRICAL_SURFACE('',#6344,2.1);
#5435=CYLINDRICAL_SURFACE('',#6346,2.25);
#5436=CYLINDRICAL_SURFACE('',#6351,0.11);
#5437=CYLINDRICAL_SURFACE('',#6354,0.11);
#5438=CYLINDRICAL_SURFACE('',#6357,0.11);
#5439=CYLINDRICAL_SURFACE('',#6360,0.11);
#5440=CYLINDRICAL_SURFACE('',#6363,0.11);
#5441=CYLINDRICAL_SURFACE('',#6366,0.11);
#5442=CYLINDRICAL_SURFACE('',#6369,0.11);
#5443=CYLINDRICAL_SURFACE('',#6372,0.11);
#5444=CYLINDRICAL_SURFACE('',#6375,2.25836268765224);
#5445=CYLINDRICAL_SURFACE('',#6378,2.50000007978574);
#5446=CYLINDRICAL_SURFACE('',#6384,2.10000006702003);
#5447=CYLINDRICAL_SURFACE('',#6387,3.);
#5448=CYLINDRICAL_SURFACE('',#6391,0.15);
#5449=CYLINDRICAL_SURFACE('',#6394,0.15);
#5450=CYLINDRICAL_SURFACE('',#6397,0.15);
#5451=CYLINDRICAL_SURFACE('',#6400,0.2);
#5452=CYLINDRICAL_SURFACE('',#6403,0.2);
#5453=CYLINDRICAL_SURFACE('',#6409,0.2);
#5454=CYLINDRICAL_SURFACE('',#6412,0.2);
#5455=CYLINDRICAL_SURFACE('',#6424,0.2);
#5456=CYLINDRICAL_SURFACE('',#6432,0.2);
#5457=CYLINDRICAL_SURFACE('',#6433,0.2);
#5458=CYLINDRICAL_SURFACE('',#6434,0.2);
#5459=CYLINDRICAL_SURFACE('',#6437,0.2);
#5460=CYLINDRICAL_SURFACE('',#6438,0.2);
#5461=CYLINDRICAL_SURFACE('',#6456,0.05);
#5462=CYLINDRICAL_SURFACE('',#6465,0.05);
#5463=CYLINDRICAL_SURFACE('',#6469,0.05);
#5464=CYLINDRICAL_SURFACE('',#6477,0.05);
#5465=CYLINDRICAL_SURFACE('',#6478,0.05);
#5466=CYLINDRICAL_SURFACE('',#6487,0.05);
#5467=CYLINDRICAL_SURFACE('',#6492,0.05);
#5468=CYLINDRICAL_SURFACE('',#6493,0.05);
#5469=CYLINDRICAL_SURFACE('',#6494,0.05);
#5470=CYLINDRICAL_SURFACE('',#6500,0.05);
#5471=CYLINDRICAL_SURFACE('',#6501,0.05);
#5472=CYLINDRICAL_SURFACE('',#6503,0.05);
#5473=CYLINDRICAL_SURFACE('',#6509,0.05);
#5474=CYLINDRICAL_SURFACE('',#6510,0.05);
#5475=CYLINDRICAL_SURFACE('',#6511,0.05);
#5476=CYLINDRICAL_SURFACE('',#6513,0.05);
#5477=CYLINDRICAL_SURFACE('',#6514,0.05);
#5478=CYLINDRICAL_SURFACE('',#6519,1.99999996996301);
#5479=CYLINDRICAL_SURFACE('',#6524,1.5);
#5480=CYLINDRICAL_SURFACE('',#6525,2.5);
#5481=CYLINDRICAL_SURFACE('',#6530,1.99999996996301);
#5482=CYLINDRICAL_SURFACE('',#6533,0.0670000000000003);
#5483=CYLINDRICAL_SURFACE('',#6536,0.0670000000000003);
#5484=CYLINDRICAL_SURFACE('',#6539,0.0669999999999999);
#5485=CYLINDRICAL_SURFACE('',#6542,0.067);
#5486=CYLINDRICAL_SURFACE('',#6545,0.067);
#5487=CYLINDRICAL_SURFACE('',#6548,0.0670000000000003);
#5488=CYLINDRICAL_SURFACE('',#6551,0.0669999999999999);
#5489=CYLINDRICAL_SURFACE('',#6554,0.0669999999999999);
#5490=CYLINDRICAL_SURFACE('',#6557,3.);
#5491=CYLINDRICAL_SURFACE('',#6563,0.1);
#5492=CYLINDRICAL_SURFACE('',#6568,0.1);
#5493=CYLINDRICAL_SURFACE('',#6571,0.1);
#5494=CYLINDRICAL_SURFACE('',#6574,0.1);
#5495=CYLINDRICAL_SURFACE('',#6577,0.1);
#5496=CYLINDRICAL_SURFACE('',#6580,0.1);
#5497=CYLINDRICAL_SURFACE('',#6583,0.1);
#5498=CYLINDRICAL_SURFACE('',#6586,0.1);
#5499=CYLINDRICAL_SURFACE('',#6589,0.1);
#5500=CYLINDRICAL_SURFACE('',#6592,0.1);
#5501=ADVANCED_FACE('',(#611),#5347,.F.);
#5502=ADVANCED_FACE('',(#612),#5348,.F.);
#5503=ADVANCED_FACE('',(#613),#5349,.F.);
#5504=ADVANCED_FACE('',(#614,#336,#337,#338),#469,.T.);
#5505=ADVANCED_FACE('',(#615),#470,.T.);
#5506=ADVANCED_FACE('',(#616),#5350,.F.);
#5507=ADVANCED_FACE('',(#617),#471,.T.);
#5508=ADVANCED_FACE('',(#618),#5351,.F.);
#5509=ADVANCED_FACE('',(#619),#472,.T.);
#5510=ADVANCED_FACE('',(#620),#5352,.F.);
#5511=ADVANCED_FACE('',(#621),#473,.T.);
#5512=ADVANCED_FACE('',(#622),#5353,.F.);
#5513=ADVANCED_FACE('',(#623),#474,.T.);
#5514=ADVANCED_FACE('',(#624),#5354,.F.);
#5515=ADVANCED_FACE('',(#625,#339,#340,#341,#342,#343,#344,#345,#346,#347,
#348,#349,#350,#351,#352,#353,#354,#355,#356,#357,#358,#359,#360,#361,#362,
#363,#364,#365,#366,#367,#368,#369,#370,#371,#372,#373,#374),#5355,.T.);
#5516=ADVANCED_FACE('',(#626),#5356,.F.);
#5517=ADVANCED_FACE('',(#627,#375,#376,#377,#378,#379,#380,#381),#475,.T.);
#5518=ADVANCED_FACE('',(#628,#382,#383,#384),#476,.F.);
#5519=ADVANCED_FACE('',(#629),#5357,.F.);
#5520=ADVANCED_FACE('',(#630),#5358,.F.);
#5521=ADVANCED_FACE('',(#631),#5359,.F.);
#5522=ADVANCED_FACE('',(#632),#477,.T.);
#5523=ADVANCED_FACE('',(#633),#478,.T.);
#5524=ADVANCED_FACE('',(#634),#479,.T.);
#5525=ADVANCED_FACE('',(#635),#5360,.F.);
#5526=ADVANCED_FACE('',(#636),#5361,.F.);
#5527=ADVANCED_FACE('',(#637),#5362,.F.);
#5528=ADVANCED_FACE('',(#638),#480,.T.);
#5529=ADVANCED_FACE('',(#639),#481,.T.);
#5530=ADVANCED_FACE('',(#640),#482,.T.);
#5531=ADVANCED_FACE('',(#641),#5363,.F.);
#5532=ADVANCED_FACE('',(#642),#483,.T.);
#5533=ADVANCED_FACE('',(#643),#5364,.F.);
#5534=ADVANCED_FACE('',(#644),#484,.T.);
#5535=ADVANCED_FACE('',(#645),#5365,.F.);
#5536=ADVANCED_FACE('',(#646),#485,.T.);
#5537=ADVANCED_FACE('',(#647),#5366,.F.);
#5538=ADVANCED_FACE('',(#648),#486,.T.);
#5539=ADVANCED_FACE('',(#649),#5367,.F.);
#5540=ADVANCED_FACE('',(#650),#487,.T.);
#5541=ADVANCED_FACE('',(#651),#5368,.F.);
#5542=ADVANCED_FACE('',(#652),#488,.T.);
#5543=ADVANCED_FACE('',(#653),#5369,.F.);
#5544=ADVANCED_FACE('',(#654),#489,.T.);
#5545=ADVANCED_FACE('',(#655),#5370,.F.);
#5546=ADVANCED_FACE('',(#656),#490,.T.);
#5547=ADVANCED_FACE('',(#657),#5371,.F.);
#5548=ADVANCED_FACE('',(#658),#491,.T.);
#5549=ADVANCED_FACE('',(#659),#5372,.F.);
#5550=ADVANCED_FACE('',(#660),#492,.T.);
#5551=ADVANCED_FACE('',(#661),#5373,.F.);
#5552=ADVANCED_FACE('',(#662),#493,.T.);
#5553=ADVANCED_FACE('',(#663),#5374,.F.);
#5554=ADVANCED_FACE('',(#664),#494,.T.);
#5555=ADVANCED_FACE('',(#665),#5375,.F.);
#5556=ADVANCED_FACE('',(#666),#495,.T.);
#5557=ADVANCED_FACE('',(#667),#5376,.F.);
#5558=ADVANCED_FACE('',(#668),#496,.T.);
#5559=ADVANCED_FACE('',(#669),#5377,.F.);
#5560=ADVANCED_FACE('',(#670),#497,.T.);
#5561=ADVANCED_FACE('',(#671),#5378,.F.);
#5562=ADVANCED_FACE('',(#672),#498,.T.);
#5563=ADVANCED_FACE('',(#673),#5379,.F.);
#5564=ADVANCED_FACE('',(#674),#499,.T.);
#5565=ADVANCED_FACE('',(#675),#5380,.F.);
#5566=ADVANCED_FACE('',(#676),#500,.T.);
#5567=ADVANCED_FACE('',(#677),#5381,.F.);
#5568=ADVANCED_FACE('',(#678),#501,.T.);
#5569=ADVANCED_FACE('',(#679),#5382,.F.);
#5570=ADVANCED_FACE('',(#680),#502,.T.);
#5571=ADVANCED_FACE('',(#681),#5383,.F.);
#5572=ADVANCED_FACE('',(#682),#503,.T.);
#5573=ADVANCED_FACE('',(#683),#5384,.F.);
#5574=ADVANCED_FACE('',(#684),#504,.T.);
#5575=ADVANCED_FACE('',(#685),#5385,.F.);
#5576=ADVANCED_FACE('',(#686),#505,.T.);
#5577=ADVANCED_FACE('',(#687),#5386,.F.);
#5578=ADVANCED_FACE('',(#688),#506,.T.);
#5579=ADVANCED_FACE('',(#689),#5387,.F.);
#5580=ADVANCED_FACE('',(#690),#507,.T.);
#5581=ADVANCED_FACE('',(#691),#5388,.F.);
#5582=ADVANCED_FACE('',(#692),#508,.T.);
#5583=ADVANCED_FACE('',(#693),#5389,.F.);
#5584=ADVANCED_FACE('',(#694),#509,.T.);
#5585=ADVANCED_FACE('',(#695),#5390,.F.);
#5586=ADVANCED_FACE('',(#696),#510,.T.);
#5587=ADVANCED_FACE('',(#697),#5391,.F.);
#5588=ADVANCED_FACE('',(#698),#511,.T.);
#5589=ADVANCED_FACE('',(#699),#5392,.F.);
#5590=ADVANCED_FACE('',(#700),#512,.T.);
#5591=ADVANCED_FACE('',(#701),#5393,.F.);
#5592=ADVANCED_FACE('',(#702),#513,.T.);
#5593=ADVANCED_FACE('',(#703),#514,.T.);
#5594=ADVANCED_FACE('',(#704),#515,.T.);
#5595=ADVANCED_FACE('',(#705),#516,.T.);
#5596=ADVANCED_FACE('',(#706),#517,.T.);
#5597=ADVANCED_FACE('',(#707),#518,.T.);
#5598=ADVANCED_FACE('',(#708),#519,.T.);
#5599=ADVANCED_FACE('',(#709),#520,.T.);
#5600=ADVANCED_FACE('',(#710),#521,.T.);
#5601=ADVANCED_FACE('',(#711),#522,.F.);
#5602=ADVANCED_FACE('',(#712),#523,.T.);
#5603=ADVANCED_FACE('',(#713),#524,.T.);
#5604=ADVANCED_FACE('',(#714),#525,.T.);
#5605=ADVANCED_FACE('',(#715),#526,.T.);
#5606=ADVANCED_FACE('',(#716),#527,.F.);
#5607=ADVANCED_FACE('',(#717),#528,.T.);
#5608=ADVANCED_FACE('',(#718),#529,.T.);
#5609=ADVANCED_FACE('',(#719),#530,.T.);
#5610=ADVANCED_FACE('',(#720),#531,.T.);
#5611=ADVANCED_FACE('',(#721),#532,.F.);
#5612=ADVANCED_FACE('',(#722),#533,.T.);
#5613=ADVANCED_FACE('',(#723),#534,.T.);
#5614=ADVANCED_FACE('',(#724),#535,.T.);
#5615=ADVANCED_FACE('',(#725),#536,.T.);
#5616=ADVANCED_FACE('',(#726),#537,.F.);
#5617=ADVANCED_FACE('',(#727),#145,.T.);
#5618=ADVANCED_FACE('',(#728),#538,.T.);
#5619=ADVANCED_FACE('',(#729),#146,.F.);
#5620=ADVANCED_FACE('',(#730),#539,.T.);
#5621=ADVANCED_FACE('',(#731),#540,.T.);
#5622=ADVANCED_FACE('',(#732),#541,.F.);
#5623=ADVANCED_FACE('',(#733),#542,.T.);
#5624=ADVANCED_FACE('',(#734,#385),#543,.F.);
#5625=ADVANCED_FACE('',(#735),#5394,.T.);
#5626=ADVANCED_FACE('',(#736),#5395,.T.);
#5627=ADVANCED_FACE('',(#737),#544,.T.);
#5628=ADVANCED_FACE('',(#738),#5396,.F.);
#5629=ADVANCED_FACE('',(#739),#545,.T.);
#5630=ADVANCED_FACE('',(#740),#5397,.F.);
#5631=ADVANCED_FACE('',(#741),#546,.T.);
#5632=ADVANCED_FACE('',(#742),#5398,.T.);
#5633=ADVANCED_FACE('',(#743),#5399,.F.);
#5634=ADVANCED_FACE('',(#744),#547,.T.);
#5635=ADVANCED_FACE('',(#745),#548,.T.);
#5636=ADVANCED_FACE('',(#746,#386,#387,#388,#389,#390,#391,#392,#393,#394),
#5400,.F.);
#5637=ADVANCED_FACE('',(#747,#395,#396,#397),#5401,.T.);
#5638=ADVANCED_FACE('',(#748),#5402,.T.);
#5639=ADVANCED_FACE('',(#749),#549,.F.);
#5640=ADVANCED_FACE('',(#750,#398,#399,#400),#550,.T.);
#5641=ADVANCED_FACE('',(#751),#551,.F.);
#5642=ADVANCED_FACE('',(#752),#5403,.F.);
#5643=ADVANCED_FACE('',(#753),#552,.T.);
#5644=ADVANCED_FACE('',(#754,#401,#402,#403),#553,.T.);
#5645=ADVANCED_FACE('',(#755),#554,.T.);
#5646=ADVANCED_FACE('',(#756,#404),#555,.T.);
#5647=ADVANCED_FACE('',(#757,#405),#556,.F.);
#5648=ADVANCED_FACE('',(#758),#5404,.F.);
#5649=ADVANCED_FACE('',(#759),#5405,.F.);
#5650=ADVANCED_FACE('',(#760),#5406,.F.);
#5651=ADVANCED_FACE('',(#761),#5407,.F.);
#5652=ADVANCED_FACE('',(#762),#5408,.F.);
#5653=ADVANCED_FACE('',(#763),#5409,.F.);
#5654=ADVANCED_FACE('',(#764),#5410,.F.);
#5655=ADVANCED_FACE('',(#765),#5411,.F.);
#5656=ADVANCED_FACE('',(#766),#5412,.F.);
#5657=ADVANCED_FACE('',(#767),#5413,.F.);
#5658=ADVANCED_FACE('',(#768),#5414,.T.);
#5659=ADVANCED_FACE('',(#769),#5415,.T.);
#5660=ADVANCED_FACE('',(#770),#5416,.F.);
#5661=ADVANCED_FACE('',(#771),#557,.T.);
#5662=ADVANCED_FACE('',(#772),#5417,.F.);
#5663=ADVANCED_FACE('',(#773),#558,.F.);
#5664=ADVANCED_FACE('',(#774),#5418,.F.);
#5665=ADVANCED_FACE('',(#775),#559,.T.);
#5666=ADVANCED_FACE('',(#776),#5419,.F.);
#5667=ADVANCED_FACE('',(#777),#560,.F.);
#5668=ADVANCED_FACE('',(#778),#5420,.F.);
#5669=ADVANCED_FACE('',(#779),#561,.T.);
#5670=ADVANCED_FACE('',(#780),#5421,.F.);
#5671=ADVANCED_FACE('',(#781),#562,.F.);
#5672=ADVANCED_FACE('',(#782),#147,.T.);
#5673=ADVANCED_FACE('',(#783),#148,.T.);
#5674=ADVANCED_FACE('',(#784),#149,.T.);
#5675=ADVANCED_FACE('',(#785),#150,.T.);
#5676=ADVANCED_FACE('',(#786),#5422,.F.);
#5677=ADVANCED_FACE('',(#787),#5423,.T.);
#5678=ADVANCED_FACE('',(#788,#406),#563,.T.);
#5679=ADVANCED_FACE('',(#789,#407),#564,.F.);
#5680=ADVANCED_FACE('',(#790),#5424,.T.);
#5681=ADVANCED_FACE('',(#791),#69,.T.);
#5682=ADVANCED_FACE('',(#792),#70,.T.);
#5683=ADVANCED_FACE('',(#793),#5425,.F.);
#5684=ADVANCED_FACE('',(#794),#5426,.F.);
#5685=ADVANCED_FACE('',(#795),#151,.F.);
#5686=ADVANCED_FACE('',(#796),#152,.F.);
#5687=ADVANCED_FACE('',(#797),#153,.F.);
#5688=ADVANCED_FACE('',(#798),#62,.T.);
#5689=ADVANCED_FACE('',(#799),#5427,.T.);
#5690=ADVANCED_FACE('',(#800),#63,.F.);
#5691=ADVANCED_FACE('',(#801),#64,.T.);
#5692=ADVANCED_FACE('',(#802),#5428,.F.);
#5693=ADVANCED_FACE('',(#803),#5429,.F.);
#5694=ADVANCED_FACE('',(#804),#5430,.F.);
#5695=ADVANCED_FACE('',(#805,#408,#409,#410),#154,.T.);
#5696=ADVANCED_FACE('',(#806,#411,#412),#155,.T.);
#5697=ADVANCED_FACE('',(#807,#413,#414),#5431,.F.);
#5698=ADVANCED_FACE('',(#808,#415,#416,#417,#418),#565,.F.);
#5699=ADVANCED_FACE('',(#809,#419),#566,.F.);
#5700=ADVANCED_FACE('',(#810),#71,.T.);
#5701=ADVANCED_FACE('',(#811),#72,.T.);
#5702=ADVANCED_FACE('',(#812),#156,.F.);
#5703=ADVANCED_FACE('',(#813),#157,.T.);
#5704=ADVANCED_FACE('',(#814),#5432,.T.);
#5705=ADVANCED_FACE('',(#815),#158,.T.);
#5706=ADVANCED_FACE('',(#816,#420),#567,.F.);
#5707=ADVANCED_FACE('',(#817),#568,.F.);
#5708=ADVANCED_FACE('',(#818),#569,.F.);
#5709=ADVANCED_FACE('',(#819),#570,.F.);
#5710=ADVANCED_FACE('',(#820),#571,.F.);
#5711=ADVANCED_FACE('',(#821),#572,.F.);
#5712=ADVANCED_FACE('',(#822),#573,.F.);
#5713=ADVANCED_FACE('',(#823),#574,.T.);
#5714=ADVANCED_FACE('',(#824),#159,.F.);
#5715=ADVANCED_FACE('',(#825),#160,.F.);
#5716=ADVANCED_FACE('',(#826),#161,.F.);
#5717=ADVANCED_FACE('',(#827),#162,.F.);
#5718=ADVANCED_FACE('',(#828),#163,.F.);
#5719=ADVANCED_FACE('',(#829),#164,.F.);
#5720=ADVANCED_FACE('',(#830),#165,.F.);
#5721=ADVANCED_FACE('',(#831),#166,.T.);
#5722=ADVANCED_FACE('',(#832),#5433,.T.);
#5723=ADVANCED_FACE('',(#833),#167,.T.);
#5724=ADVANCED_FACE('',(#834,#421),#575,.F.);
#5725=ADVANCED_FACE('',(#835),#576,.F.);
#5726=ADVANCED_FACE('',(#836),#577,.F.);
#5727=ADVANCED_FACE('',(#837),#578,.F.);
#5728=ADVANCED_FACE('',(#838),#579,.F.);
#5729=ADVANCED_FACE('',(#839),#580,.F.);
#5730=ADVANCED_FACE('',(#840),#581,.F.);
#5731=ADVANCED_FACE('',(#841),#582,.T.);
#5732=ADVANCED_FACE('',(#842),#168,.F.);
#5733=ADVANCED_FACE('',(#843),#169,.F.);
#5734=ADVANCED_FACE('',(#844),#170,.F.);
#5735=ADVANCED_FACE('',(#845),#171,.F.);
#5736=ADVANCED_FACE('',(#846),#172,.F.);
#5737=ADVANCED_FACE('',(#847),#173,.F.);
#5738=ADVANCED_FACE('',(#848),#583,.F.);
#5739=ADVANCED_FACE('',(#849),#5434,.F.);
#5740=ADVANCED_FACE('',(#850),#5435,.T.);
#5741=ADVANCED_FACE('',(#851,#422),#584,.T.);
#5742=ADVANCED_FACE('',(#852),#585,.F.);
#5743=ADVANCED_FACE('',(#853),#5436,.F.);
#5744=ADVANCED_FACE('',(#854),#5437,.F.);
#5745=ADVANCED_FACE('',(#855),#5438,.F.);
#5746=ADVANCED_FACE('',(#856),#5439,.F.);
#5747=ADVANCED_FACE('',(#857),#5440,.F.);
#5748=ADVANCED_FACE('',(#858),#5441,.F.);
#5749=ADVANCED_FACE('',(#859),#5442,.F.);
#5750=ADVANCED_FACE('',(#860),#5443,.F.);
#5751=ADVANCED_FACE('',(#861),#5444,.T.);
#5752=ADVANCED_FACE('',(#862),#5445,.F.);
#5753=ADVANCED_FACE('',(#863,#423),#586,.T.);
#5754=ADVANCED_FACE('',(#864,#424,#425,#426,#427,#428,#429,#430,#431,#432),
#587,.T.);
#5755=ADVANCED_FACE('',(#865),#5446,.F.);
#5756=ADVANCED_FACE('',(#866),#5447,.T.);
#5757=ADVANCED_FACE('',(#867,#433),#588,.T.);
#5758=ADVANCED_FACE('',(#868,#434,#435,#436,#437,#438,#439,#440,#441,#442),
#589,.F.);
#5759=ADVANCED_FACE('',(#869),#5448,.F.);
#5760=ADVANCED_FACE('',(#870),#5449,.F.);
#5761=ADVANCED_FACE('',(#871),#5450,.F.);
#5762=ADVANCED_FACE('',(#872),#5451,.F.);
#5763=ADVANCED_FACE('',(#873),#5452,.F.);
#5764=ADVANCED_FACE('',(#874),#590,.F.);
#5765=ADVANCED_FACE('',(#875),#5453,.F.);
#5766=ADVANCED_FACE('',(#876),#5454,.F.);
#5767=ADVANCED_FACE('',(#877),#591,.F.);
#5768=ADVANCED_FACE('',(#878),#14,.F.);
#5769=ADVANCED_FACE('',(#879),#15,.F.);
#5770=ADVANCED_FACE('',(#880),#5455,.F.);
#5771=ADVANCED_FACE('',(#881),#16,.F.);
#5772=ADVANCED_FACE('',(#882),#17,.F.);
#5773=ADVANCED_FACE('',(#883),#5456,.F.);
#5774=ADVANCED_FACE('',(#884),#5457,.F.);
#5775=ADVANCED_FACE('',(#885),#5458,.F.);
#5776=ADVANCED_FACE('',(#886),#5459,.F.);
#5777=ADVANCED_FACE('',(#887),#5460,.F.);
#5778=ADVANCED_FACE('',(#888),#592,.F.);
#5779=ADVANCED_FACE('',(#889,#443,#444,#445),#593,.F.);
#5780=ADVANCED_FACE('',(#890),#594,.F.);
#5781=ADVANCED_FACE('',(#891),#595,.F.);
#5782=ADVANCED_FACE('',(#892),#596,.F.);
#5783=ADVANCED_FACE('',(#893),#597,.F.);
#5784=ADVANCED_FACE('',(#894),#174,.F.);
#5785=ADVANCED_FACE('',(#895,#446),#598,.T.);
#5786=ADVANCED_FACE('',(#896),#5461,.F.);
#5787=ADVANCED_FACE('',(#897),#65,.F.);
#5788=ADVANCED_FACE('',(#898),#5462,.F.);
#5789=ADVANCED_FACE('',(#899),#73,.T.);
#5790=ADVANCED_FACE('',(#900),#5463,.F.);
#5791=ADVANCED_FACE('',(#901),#74,.T.);
#5792=ADVANCED_FACE('',(#902),#66,.F.);
#5793=ADVANCED_FACE('',(#903),#5464,.F.);
#5794=ADVANCED_FACE('',(#904),#5465,.F.);
#5795=ADVANCED_FACE('',(#905),#18,.T.);
#5796=ADVANCED_FACE('',(#906),#75,.T.);
#5797=ADVANCED_FACE('',(#907),#5466,.F.);
#5798=ADVANCED_FACE('',(#908),#19,.T.);
#5799=ADVANCED_FACE('',(#909),#5467,.T.);
#5800=ADVANCED_FACE('',(#910),#5468,.T.);
#5801=ADVANCED_FACE('',(#911),#5469,.T.);
#5802=ADVANCED_FACE('',(#912),#67,.T.);
#5803=ADVANCED_FACE('',(#913),#5470,.T.);
#5804=ADVANCED_FACE('',(#914),#5471,.F.);
#5805=ADVANCED_FACE('',(#915),#5472,.T.);
#5806=ADVANCED_FACE('',(#916),#68,.T.);
#5807=ADVANCED_FACE('',(#917),#5473,.T.);
#5808=ADVANCED_FACE('',(#918),#5474,.T.);
#5809=ADVANCED_FACE('',(#919),#5475,.F.);
#5810=ADVANCED_FACE('',(#920),#5476,.F.);
#5811=ADVANCED_FACE('',(#921),#5477,.F.);
#5812=ADVANCED_FACE('',(#922),#76,.T.);
#5813=ADVANCED_FACE('',(#923),#599,.T.);
#5814=ADVANCED_FACE('',(#924),#5478,.F.);
#5815=ADVANCED_FACE('',(#925),#600,.T.);
#5816=ADVANCED_FACE('',(#926),#601,.T.);
#5817=ADVANCED_FACE('',(#927),#602,.T.);
#5818=ADVANCED_FACE('',(#928,#447,#448,#449),#603,.T.);
#5819=ADVANCED_FACE('',(#929),#5479,.T.);
#5820=ADVANCED_FACE('',(#930),#5480,.T.);
#5821=ADVANCED_FACE('',(#931,#450),#604,.T.);
#5822=ADVANCED_FACE('',(#932),#605,.T.);
#5823=ADVANCED_FACE('',(#933),#5481,.F.);
#5824=ADVANCED_FACE('',(#934),#606,.T.);
#5825=ADVANCED_FACE('',(#935),#5482,.F.);
#5826=ADVANCED_FACE('',(#936),#5483,.F.);
#5827=ADVANCED_FACE('',(#937),#5484,.F.);
#5828=ADVANCED_FACE('',(#938),#5485,.F.);
#5829=ADVANCED_FACE('',(#939),#5486,.F.);
#5830=ADVANCED_FACE('',(#940),#5487,.F.);
#5831=ADVANCED_FACE('',(#941),#5488,.F.);
#5832=ADVANCED_FACE('',(#942),#5489,.F.);
#5833=ADVANCED_FACE('',(#943),#5490,.T.);
#5834=ADVANCED_FACE('',(#944,#451,#452,#453,#454,#455,#456,#457,#458,#459),
#607,.T.);
#5835=ADVANCED_FACE('',(#945,#460,#461,#462,#463,#464,#465,#466,#467,#468),
#608,.F.);
#5836=ADVANCED_FACE('',(#946),#5491,.T.);
#5837=ADVANCED_FACE('',(#947),#609,.T.);
#5838=ADVANCED_FACE('',(#948),#5492,.T.);
#5839=ADVANCED_FACE('',(#949),#5493,.T.);
#5840=ADVANCED_FACE('',(#950),#5494,.T.);
#5841=ADVANCED_FACE('',(#951),#5495,.T.);
#5842=ADVANCED_FACE('',(#952),#5496,.T.);
#5843=ADVANCED_FACE('',(#953),#5497,.T.);
#5844=ADVANCED_FACE('',(#954),#5498,.T.);
#5845=ADVANCED_FACE('',(#955),#5499,.T.);
#5846=ADVANCED_FACE('',(#956),#5500,.T.);
#5847=ADVANCED_FACE('',(#957),#610,.F.);
#5848=CLOSED_SHELL('',(#5501,#5502,#5503,#5504,#5505,#5506,#5507,#5508,
#5509,#5510,#5511,#5512,#5513,#5514,#5515,#5516,#5517,#5518,#5519,#5520,
#5521,#5522,#5523,#5524,#5525,#5526,#5527,#5528,#5529,#5530,#5531,#5532,
#5533,#5534,#5535,#5536,#5537,#5538,#5539,#5540,#5541,#5542,#5543,#5544,
#5545,#5546,#5547,#5548,#5549,#5550,#5551,#5552,#5553,#5554,#5555,#5556,
#5557,#5558,#5559,#5560,#5561,#5562,#5563,#5564,#5565,#5566,#5567,#5568,
#5569,#5570,#5571,#5572,#5573,#5574,#5575,#5576,#5577,#5578,#5579,#5580,
#5581,#5582,#5583,#5584,#5585,#5586,#5587,#5588,#5589,#5590,#5591,#5592));
#5849=CLOSED_SHELL('',(#5593,#5594,#5595,#5596,#5597,#5598,#5599,#5600,
#5601,#5602,#5603,#5604,#5605,#5606,#5607,#5608,#5609,#5610,#5611,#5612,
#5613,#5614,#5615,#5616,#5617,#5618,#5619,#5620,#5621,#5622,#5623,#5624,
#5625,#5626,#5627,#5628,#5629,#5630,#5631,#5632,#5633,#5634,#5635));
#5850=CLOSED_SHELL('',(#5636,#5637,#5638,#5639,#5640,#5641,#5642,#5643,
#5644,#5645,#5646,#5647,#5648,#5649,#5650,#5651,#5652,#5653,#5654,#5655,
#5656,#5657,#5658,#5659,#5660,#5661,#5662,#5663,#5664,#5665,#5666,#5667,
#5668,#5669,#5670,#5671));
#5851=CLOSED_SHELL('',(#5672,#5673,#5674,#5675,#5676,#5677,#5678,#5679,
#5680));
#5852=CLOSED_SHELL('',(#5681,#5682,#5683,#5684,#5685,#5686,#5687,#5688,
#5689,#5690,#5691,#5692,#5693,#5694,#5695,#5696,#5697,#5698,#5699,#5700,
#5701));
#5853=CLOSED_SHELL('',(#5702,#5703,#5704,#5705,#5706,#5707,#5708,#5709,
#5710,#5711,#5712,#5713,#5714,#5715,#5716,#5717,#5718,#5719));
#5854=CLOSED_SHELL('',(#5720,#5721,#5722,#5723,#5724,#5725,#5726,#5727,
#5728,#5729,#5730,#5731,#5732,#5733,#5734,#5735,#5736,#5737));
#5855=CLOSED_SHELL('',(#5738,#5739,#5740,#5741,#5742));
#5856=CLOSED_SHELL('',(#5743,#5744,#5745,#5746,#5747,#5748,#5749,#5750,
#5751,#5752,#5753,#5754,#5755,#5756,#5757,#5758));
#5857=CLOSED_SHELL('',(#5759,#5760,#5761,#5762,#5763,#5764,#5765,#5766,
#5767,#5768,#5769,#5770,#5771,#5772,#5773,#5774,#5775,#5776,#5777,#5778,
#5779,#5780,#5781,#5782,#5783,#5784,#5785,#5786,#5787,#5788,#5789,#5790,
#5791,#5792,#5793,#5794,#5795,#5796,#5797,#5798,#5799,#5800,#5801,#5802,
#5803,#5804,#5805,#5806,#5807,#5808,#5809,#5810,#5811,#5812,#5813,#5814,
#5815,#5816,#5817,#5818,#5819,#5820,#5821,#5822,#5823,#5824,#5825,#5826,
#5827,#5828,#5829,#5830,#5831,#5832,#5833,#5834,#5835));
#5858=CLOSED_SHELL('',(#5836,#5837,#5838,#5839,#5840,#5841,#5842,#5843,
#5844,#5845,#5846,#5847));
#5859=DERIVED_UNIT_ELEMENT(#5873,1.);
#5860=DERIVED_UNIT_ELEMENT(#12889,-3.);
#5861=DERIVED_UNIT_ELEMENT(#5873,1.);
#5862=DERIVED_UNIT_ELEMENT(#12889,-3.);
#5863=DERIVED_UNIT_ELEMENT(#5873,1.);
#5864=DERIVED_UNIT_ELEMENT(#12889,-3.);
#5865=DERIVED_UNIT_ELEMENT(#5873,1.);
#5866=DERIVED_UNIT_ELEMENT(#12889,-3.);
#5867=DERIVED_UNIT_ELEMENT(#5873,1.);
#5868=DERIVED_UNIT_ELEMENT(#12889,-3.);
#5869=DERIVED_UNIT_ELEMENT(#5873,1.);
#5870=DERIVED_UNIT_ELEMENT(#12889,-3.);
#5871=DERIVED_UNIT_ELEMENT(#5873,1.);
#5872=DERIVED_UNIT_ELEMENT(#12889,-3.);
#5873=(
MASS_UNIT()
NAMED_UNIT(*)
SI_UNIT(.KILO.,.GRAM.)
);
#5874=DERIVED_UNIT((#5859,#5860));
#5875=DERIVED_UNIT((#5861,#5862));
#5876=DERIVED_UNIT((#5863,#5864));
#5877=DERIVED_UNIT((#5865,#5866));
#5878=DERIVED_UNIT((#5867,#5868));
#5879=DERIVED_UNIT((#5869,#5870));
#5880=DERIVED_UNIT((#5871,#5872));
#5881=MEASURE_REPRESENTATION_ITEM('density measure',
POSITIVE_RATIO_MEASURE(7850.),#5874);
#5882=MEASURE_REPRESENTATION_ITEM('density measure',
POSITIVE_RATIO_MEASURE(1060.),#5875);
#5883=MEASURE_REPRESENTATION_ITEM('density measure',
POSITIVE_RATIO_MEASURE(7850.),#5876);
#5884=MEASURE_REPRESENTATION_ITEM('density measure',
POSITIVE_RATIO_MEASURE(7850.),#5877);
#5885=MEASURE_REPRESENTATION_ITEM('density measure',
POSITIVE_RATIO_MEASURE(7850.),#5878);
#5886=MEASURE_REPRESENTATION_ITEM('density measure',
POSITIVE_RATIO_MEASURE(7850.),#5879);
#5887=MEASURE_REPRESENTATION_ITEM('density measure',
POSITIVE_RATIO_MEASURE(7850.),#5880);
#5888=PROPERTY_DEFINITION_REPRESENTATION(#5923,#5902);
#5889=PROPERTY_DEFINITION_REPRESENTATION(#5924,#5903);
#5890=PROPERTY_DEFINITION_REPRESENTATION(#5925,#5904);
#5891=PROPERTY_DEFINITION_REPRESENTATION(#5926,#5905);
#5892=PROPERTY_DEFINITION_REPRESENTATION(#5927,#5906);
#5893=PROPERTY_DEFINITION_REPRESENTATION(#5928,#5907);
#5894=PROPERTY_DEFINITION_REPRESENTATION(#5929,#5908);
#5895=PROPERTY_DEFINITION_REPRESENTATION(#5930,#5909);
#5896=PROPERTY_DEFINITION_REPRESENTATION(#5931,#5910);
#5897=PROPERTY_DEFINITION_REPRESENTATION(#5932,#5911);
#5898=PROPERTY_DEFINITION_REPRESENTATION(#5933,#5912);
#5899=PROPERTY_DEFINITION_REPRESENTATION(#5934,#5913);
#5900=PROPERTY_DEFINITION_REPRESENTATION(#5935,#5914);
#5901=PROPERTY_DEFINITION_REPRESENTATION(#5936,#5915);
#5902=REPRESENTATION('material name',(#5916),#12877);
#5903=REPRESENTATION('density',(#5881),#12877);
#5904=REPRESENTATION('material name',(#5917),#12879);
#5905=REPRESENTATION('density',(#5882),#12879);
#5906=REPRESENTATION('material name',(#5918),#12880);
#5907=REPRESENTATION('density',(#5883),#12880);
#5908=REPRESENTATION('material name',(#5919),#12881);
#5909=REPRESENTATION('density',(#5884),#12881);
#5910=REPRESENTATION('material name',(#5920),#12882);
#5911=REPRESENTATION('density',(#5885),#12882);
#5912=REPRESENTATION('material name',(#5921),#12883);
#5913=REPRESENTATION('density',(#5886),#12883);
#5914=REPRESENTATION('material name',(#5922),#12884);
#5915=REPRESENTATION('density',(#5887),#12884);
#5916=DESCRIPTIVE_REPRESENTATION_ITEM('Steel','Steel');
#5917=DESCRIPTIVE_REPRESENTATION_ITEM('ABS Plastic','ABS Plastic');
#5918=DESCRIPTIVE_REPRESENTATION_ITEM('Steel','Steel');
#5919=DESCRIPTIVE_REPRESENTATION_ITEM('Steel','Steel');
#5920=DESCRIPTIVE_REPRESENTATION_ITEM('Steel','Steel');
#5921=DESCRIPTIVE_REPRESENTATION_ITEM('Steel','Steel');
#5922=DESCRIPTIVE_REPRESENTATION_ITEM('Steel','Steel');
#5923=PROPERTY_DEFINITION('material property','material name',#12935);
#5924=PROPERTY_DEFINITION('material property','density of part',#12935);
#5925=PROPERTY_DEFINITION('material property','material name',#12937);
#5926=PROPERTY_DEFINITION('material property','density of part',#12937);
#5927=PROPERTY_DEFINITION('material property','material name',#12938);
#5928=PROPERTY_DEFINITION('material property','density of part',#12938);
#5929=PROPERTY_DEFINITION('material property','material name',#12939);
#5930=PROPERTY_DEFINITION('material property','density of part',#12939);
#5931=PROPERTY_DEFINITION('material property','material name',#12940);
#5932=PROPERTY_DEFINITION('material property','density of part',#12940);
#5933=PROPERTY_DEFINITION('material property','material name',#12941);
#5934=PROPERTY_DEFINITION('material property','density of part',#12941);
#5935=PROPERTY_DEFINITION('material property','material name',#12942);
#5936=PROPERTY_DEFINITION('material property','density of part',#12942);
#5937=AXIS2_PLACEMENT_3D('',#8303,#6608,#6609);
#5938=AXIS2_PLACEMENT_3D('',#8304,#6610,#6611);
#5939=AXIS2_PLACEMENT_3D('',#8305,#6612,#6613);
#5940=AXIS2_PLACEMENT_3D('',#8307,#6614,#6615);
#5941=AXIS2_PLACEMENT_3D('',#8310,#6617,#6618);
#5942=AXIS2_PLACEMENT_3D('',#8311,#6619,#6620);
#5943=AXIS2_PLACEMENT_3D('',#8313,#6621,#6622);
#5944=AXIS2_PLACEMENT_3D('',#8316,#6624,#6625);
#5945=AXIS2_PLACEMENT_3D('',#8317,#6626,#6627);
#5946=AXIS2_PLACEMENT_3D('',#8319,#6628,#6629);
#5947=AXIS2_PLACEMENT_3D('',#8322,#6631,#6632);
#5948=AXIS2_PLACEMENT_3D('',#8323,#6633,#6634);
#5949=AXIS2_PLACEMENT_3D('',#8325,#6635,#6636);
#5950=AXIS2_PLACEMENT_3D('',#8326,#6637,#6638);
#5951=AXIS2_PLACEMENT_3D('',#8328,#6639,#6640);
#5952=AXIS2_PLACEMENT_3D('',#8329,#6641,#6642);
#5953=AXIS2_PLACEMENT_3D('',#8332,#6644,#6645);
#5954=AXIS2_PLACEMENT_3D('',#8333,#6646,#6647);
#5955=AXIS2_PLACEMENT_3D('',#8335,#6648,#6649);
#5956=AXIS2_PLACEMENT_3D('',#8336,#6650,#6651);
#5957=AXIS2_PLACEMENT_3D('',#8339,#6653,#6654);
#5958=AXIS2_PLACEMENT_3D('',#8340,#6655,#6656);
#5959=AXIS2_PLACEMENT_3D('',#8342,#6657,#6658);
#5960=AXIS2_PLACEMENT_3D('',#8343,#6659,#6660);
#5961=AXIS2_PLACEMENT_3D('',#8346,#6662,#6663);
#5962=AXIS2_PLACEMENT_3D('',#8347,#6664,#6665);
#5963=AXIS2_PLACEMENT_3D('',#8349,#6666,#6667);
#5964=AXIS2_PLACEMENT_3D('',#8350,#6668,#6669);
#5965=AXIS2_PLACEMENT_3D('',#8353,#6671,#6672);
#5966=AXIS2_PLACEMENT_3D('',#8354,#6673,#6674);
#5967=AXIS2_PLACEMENT_3D('',#8356,#6675,#6676);
#5968=AXIS2_PLACEMENT_3D('',#8357,#6677,#6678);
#5969=AXIS2_PLACEMENT_3D('',#8360,#6680,#6681);
#5970=AXIS2_PLACEMENT_3D('',#8361,#6682,#6683);
#5971=AXIS2_PLACEMENT_3D('',#8364,#6685,#6686);
#5972=AXIS2_PLACEMENT_3D('',#9733,#6687,#6688);
#5973=AXIS2_PLACEMENT_3D('',#9735,#6689,#6690);
#5974=AXIS2_PLACEMENT_3D('',#9738,#6692,#6693);
#5975=AXIS2_PLACEMENT_3D('',#9739,#6694,#6695);
#5976=AXIS2_PLACEMENT_3D('',#9741,#6696,#6697);
#5977=AXIS2_PLACEMENT_3D('',#9742,#6698,#6699);
#5978=AXIS2_PLACEMENT_3D('',#9743,#6700,#6701);
#5979=AXIS2_PLACEMENT_3D('',#9746,#6703,#6704);
#5980=AXIS2_PLACEMENT_3D('',#9747,#6705,#6706);
#5981=AXIS2_PLACEMENT_3D('',#9750,#6708,#6709);
#5982=AXIS2_PLACEMENT_3D('',#9751,#6710,#6711);
#5983=AXIS2_PLACEMENT_3D('',#9754,#6713,#6714);
#5984=AXIS2_PLACEMENT_3D('',#9755,#6715,#6716);
#5985=AXIS2_PLACEMENT_3D('',#9756,#6717,#6718);
#5986=AXIS2_PLACEMENT_3D('',#9757,#6719,#6720);
#5987=AXIS2_PLACEMENT_3D('',#9758,#6721,#6722);
#5988=AXIS2_PLACEMENT_3D('',#9761,#6724,#6725);
#5989=AXIS2_PLACEMENT_3D('',#9762,#6726,#6727);
#5990=AXIS2_PLACEMENT_3D('',#9765,#6729,#6730);
#5991=AXIS2_PLACEMENT_3D('',#9766,#6731,#6732);
#5992=AXIS2_PLACEMENT_3D('',#9769,#6734,#6735);
#5993=AXIS2_PLACEMENT_3D('',#9770,#6736,#6737);
#5994=AXIS2_PLACEMENT_3D('',#9771,#6738,#6739);
#5995=AXIS2_PLACEMENT_3D('',#9772,#6740,#6741);
#5996=AXIS2_PLACEMENT_3D('',#9773,#6742,#6743);
#5997=AXIS2_PLACEMENT_3D('',#9776,#6745,#6746);
#5998=AXIS2_PLACEMENT_3D('',#9777,#6747,#6748);
#5999=AXIS2_PLACEMENT_3D('',#9778,#6749,#6750);
#6000=AXIS2_PLACEMENT_3D('',#9781,#6752,#6753);
#6001=AXIS2_PLACEMENT_3D('',#9782,#6754,#6755);
#6002=AXIS2_PLACEMENT_3D('',#9783,#6756,#6757);
#6003=AXIS2_PLACEMENT_3D('',#9786,#6759,#6760);
#6004=AXIS2_PLACEMENT_3D('',#9787,#6761,#6762);
#6005=AXIS2_PLACEMENT_3D('',#9788,#6763,#6764);
#6006=AXIS2_PLACEMENT_3D('',#9791,#6766,#6767);
#6007=AXIS2_PLACEMENT_3D('',#9792,#6768,#6769);
#6008=AXIS2_PLACEMENT_3D('',#9793,#6770,#6771);
#6009=AXIS2_PLACEMENT_3D('',#9796,#6773,#6774);
#6010=AXIS2_PLACEMENT_3D('',#9797,#6775,#6776);
#6011=AXIS2_PLACEMENT_3D('',#9798,#6777,#6778);
#6012=AXIS2_PLACEMENT_3D('',#9801,#6780,#6781);
#6013=AXIS2_PLACEMENT_3D('',#9802,#6782,#6783);
#6014=AXIS2_PLACEMENT_3D('',#9803,#6784,#6785);
#6015=AXIS2_PLACEMENT_3D('',#9806,#6787,#6788);
#6016=AXIS2_PLACEMENT_3D('',#9807,#6789,#6790);
#6017=AXIS2_PLACEMENT_3D('',#9808,#6791,#6792);
#6018=AXIS2_PLACEMENT_3D('',#9811,#6794,#6795);
#6019=AXIS2_PLACEMENT_3D('',#9812,#6796,#6797);
#6020=AXIS2_PLACEMENT_3D('',#9813,#6798,#6799);
#6021=AXIS2_PLACEMENT_3D('',#9816,#6801,#6802);
#6022=AXIS2_PLACEMENT_3D('',#9817,#6803,#6804);
#6023=AXIS2_PLACEMENT_3D('',#9818,#6805,#6806);
#6024=AXIS2_PLACEMENT_3D('',#9821,#6808,#6809);
#6025=AXIS2_PLACEMENT_3D('',#9822,#6810,#6811);
#6026=AXIS2_PLACEMENT_3D('',#9823,#6812,#6813);
#6027=AXIS2_PLACEMENT_3D('',#9826,#6815,#6816);
#6028=AXIS2_PLACEMENT_3D('',#9827,#6817,#6818);
#6029=AXIS2_PLACEMENT_3D('',#9828,#6819,#6820);
#6030=AXIS2_PLACEMENT_3D('',#9831,#6822,#6823);
#6031=AXIS2_PLACEMENT_3D('',#9832,#6824,#6825);
#6032=AXIS2_PLACEMENT_3D('',#9833,#6826,#6827);
#6033=AXIS2_PLACEMENT_3D('',#9836,#6829,#6830);
#6034=AXIS2_PLACEMENT_3D('',#9837,#6831,#6832);
#6035=AXIS2_PLACEMENT_3D('',#9838,#6833,#6834);
#6036=AXIS2_PLACEMENT_3D('',#9841,#6836,#6837);
#6037=AXIS2_PLACEMENT_3D('',#9842,#6838,#6839);
#6038=AXIS2_PLACEMENT_3D('',#9843,#6840,#6841);
#6039=AXIS2_PLACEMENT_3D('',#9846,#6843,#6844);
#6040=AXIS2_PLACEMENT_3D('',#9847,#6845,#6846);
#6041=AXIS2_PLACEMENT_3D('',#9848,#6847,#6848);
#6042=AXIS2_PLACEMENT_3D('',#9851,#6850,#6851);
#6043=AXIS2_PLACEMENT_3D('',#9852,#6852,#6853);
#6044=AXIS2_PLACEMENT_3D('',#9853,#6854,#6855);
#6045=AXIS2_PLACEMENT_3D('',#9856,#6857,#6858);
#6046=AXIS2_PLACEMENT_3D('',#9857,#6859,#6860);
#6047=AXIS2_PLACEMENT_3D('',#9858,#6861,#6862);
#6048=AXIS2_PLACEMENT_3D('',#9861,#6864,#6865);
#6049=AXIS2_PLACEMENT_3D('',#9862,#6866,#6867);
#6050=AXIS2_PLACEMENT_3D('',#9863,#6868,#6869);
#6051=AXIS2_PLACEMENT_3D('',#9866,#6871,#6872);
#6052=AXIS2_PLACEMENT_3D('',#9867,#6873,#6874);
#6053=AXIS2_PLACEMENT_3D('',#9868,#6875,#6876);
#6054=AXIS2_PLACEMENT_3D('',#9871,#6878,#6879);
#6055=AXIS2_PLACEMENT_3D('',#9872,#6880,#6881);
#6056=AXIS2_PLACEMENT_3D('',#9873,#6882,#6883);
#6057=AXIS2_PLACEMENT_3D('',#9876,#6885,#6886);
#6058=AXIS2_PLACEMENT_3D('',#9877,#6887,#6888);
#6059=AXIS2_PLACEMENT_3D('',#9878,#6889,#6890);
#6060=AXIS2_PLACEMENT_3D('',#9881,#6892,#6893);
#6061=AXIS2_PLACEMENT_3D('',#9882,#6894,#6895);
#6062=AXIS2_PLACEMENT_3D('',#9883,#6896,#6897);
#6063=AXIS2_PLACEMENT_3D('',#9886,#6899,#6900);
#6064=AXIS2_PLACEMENT_3D('',#9887,#6901,#6902);
#6065=AXIS2_PLACEMENT_3D('',#9888,#6903,#6904);
#6066=AXIS2_PLACEMENT_3D('',#9891,#6906,#6907);
#6067=AXIS2_PLACEMENT_3D('',#9892,#6908,#6909);
#6068=AXIS2_PLACEMENT_3D('',#9893,#6910,#6911);
#6069=AXIS2_PLACEMENT_3D('',#9896,#6913,#6914);
#6070=AXIS2_PLACEMENT_3D('',#9897,#6915,#6916);
#6071=AXIS2_PLACEMENT_3D('',#9898,#6917,#6918);
#6072=AXIS2_PLACEMENT_3D('',#9901,#6920,#6921);
#6073=AXIS2_PLACEMENT_3D('',#9902,#6922,#6923);
#6074=AXIS2_PLACEMENT_3D('',#9903,#6924,#6925);
#6075=AXIS2_PLACEMENT_3D('',#9906,#6927,#6928);
#6076=AXIS2_PLACEMENT_3D('',#9907,#6929,#6930);
#6077=AXIS2_PLACEMENT_3D('',#9908,#6931,#6932);
#6078=AXIS2_PLACEMENT_3D('',#9911,#6934,#6935);
#6079=AXIS2_PLACEMENT_3D('',#9912,#6936,#6937);
#6080=AXIS2_PLACEMENT_3D('',#9913,#6938,#6939);
#6081=AXIS2_PLACEMENT_3D('',#9916,#6941,#6942);
#6082=AXIS2_PLACEMENT_3D('',#9917,#6943,#6944);
#6083=AXIS2_PLACEMENT_3D('',#9918,#6945,#6946);
#6084=AXIS2_PLACEMENT_3D('',#9921,#6948,#6949);
#6085=AXIS2_PLACEMENT_3D('',#9922,#6950,#6951);
#6086=AXIS2_PLACEMENT_3D('',#9923,#6952,#6953);
#6087=AXIS2_PLACEMENT_3D('',#9925,#6954,#6955);
#6088=AXIS2_PLACEMENT_3D('',#9927,#6957,#6958);
#6089=AXIS2_PLACEMENT_3D('',#9928,#6959,#6960);
#6090=AXIS2_PLACEMENT_3D('',#9929,#6961,#6962);
#6091=AXIS2_PLACEMENT_3D('',#9930,#6963,#6964);
#6092=AXIS2_PLACEMENT_3D('',#9939,#6969,#6970);
#6093=AXIS2_PLACEMENT_3D('',#9948,#6975,#6976);
#6094=AXIS2_PLACEMENT_3D('',#9957,#6981,#6982);
#6095=AXIS2_PLACEMENT_3D('',#9966,#6987,#6988);
#6096=AXIS2_PLACEMENT_3D('',#9974,#6993,#6994);
#6097=AXIS2_PLACEMENT_3D('',#9980,#6998,#6999);
#6098=AXIS2_PLACEMENT_3D('',#9985,#7003,#7004);
#6099=AXIS2_PLACEMENT_3D('',#9986,#7005,#7006);
#6100=AXIS2_PLACEMENT_3D('',#9988,#7008,#7009);
#6101=AXIS2_PLACEMENT_3D('',#9996,#7014,#7015);
#6102=AXIS2_PLACEMENT_3D('',#10002,#7019,#7020);
#6103=AXIS2_PLACEMENT_3D('',#10007,#7024,#7025);
#6104=AXIS2_PLACEMENT_3D('',#10008,#7026,#7027);
#6105=AXIS2_PLACEMENT_3D('',#10010,#7029,#7030);
#6106=AXIS2_PLACEMENT_3D('',#10019,#7035,#7036);
#6107=AXIS2_PLACEMENT_3D('',#10024,#7040,#7041);
#6108=AXIS2_PLACEMENT_3D('',#10029,#7045,#7046);
#6109=AXIS2_PLACEMENT_3D('',#10030,#7047,#7048);
#6110=AXIS2_PLACEMENT_3D('',#10032,#7050,#7051);
#6111=AXIS2_PLACEMENT_3D('',#10041,#7056,#7057);
#6112=AXIS2_PLACEMENT_3D('',#10046,#7061,#7062);
#6113=AXIS2_PLACEMENT_3D('',#10051,#7066,#7067);
#6114=AXIS2_PLACEMENT_3D('',#10052,#7068,#7069);
#6115=AXIS2_PLACEMENT_3D('',#10054,#7071,#7072);
#6116=AXIS2_PLACEMENT_3D('',#10059,#7074,#7075);
#6117=AXIS2_PLACEMENT_3D('',#10062,#7077,#7078);
#6118=AXIS2_PLACEMENT_3D('',#10063,#7079,#7080);
#6119=AXIS2_PLACEMENT_3D('',#10069,#7084,#7085);
#6120=AXIS2_PLACEMENT_3D('',#10076,#7086,#7087);
#6121=AXIS2_PLACEMENT_3D('',#10086,#7088,#7089);
#6122=AXIS2_PLACEMENT_3D('',#10090,#7090,#7091);
#6123=AXIS2_PLACEMENT_3D('',#10094,#7094,#7095);
#6124=AXIS2_PLACEMENT_3D('',#10102,#7101,#7102);
#6125=AXIS2_PLACEMENT_3D('',#10106,#7104,#7105);
#6126=AXIS2_PLACEMENT_3D('',#10110,#7107,#7108);
#6127=AXIS2_PLACEMENT_3D('',#10112,#7109,#7110);
#6128=AXIS2_PLACEMENT_3D('',#10114,#7111,#7112);
#6129=AXIS2_PLACEMENT_3D('',#10117,#7114,#7115);
#6130=AXIS2_PLACEMENT_3D('',#10118,#7116,#7117);
#6131=AXIS2_PLACEMENT_3D('',#10122,#7120,#7121);
#6132=AXIS2_PLACEMENT_3D('',#10125,#7123,#7124);
#6133=AXIS2_PLACEMENT_3D('',#10127,#7125,#7126);
#6134=AXIS2_PLACEMENT_3D('',#10131,#7128,#7129);
#6135=AXIS2_PLACEMENT_3D('',#10133,#7130,#7131);
#6136=AXIS2_PLACEMENT_3D('',#10135,#7132,#7133);
#6137=AXIS2_PLACEMENT_3D('',#10139,#7135,#7136);
#6138=AXIS2_PLACEMENT_3D('',#10143,#7140,#7141);
#6139=AXIS2_PLACEMENT_3D('',#10146,#7144,#7145);
#6140=AXIS2_PLACEMENT_3D('',#10148,#7147,#7148);
#6141=AXIS2_PLACEMENT_3D('',#10150,#7150,#7151);
#6142=AXIS2_PLACEMENT_3D('',#10152,#7153,#7154);
#6143=AXIS2_PLACEMENT_3D('',#10153,#7155,#7156);
#6144=AXIS2_PLACEMENT_3D('',#10155,#7158,#7159);
#6145=AXIS2_PLACEMENT_3D('',#10157,#7161,#7162);
#6146=AXIS2_PLACEMENT_3D('',#10158,#7163,#7164);
#6147=AXIS2_PLACEMENT_3D('',#10161,#7166,#7167);
#6148=AXIS2_PLACEMENT_3D('',#10162,#7168,#7169);
#6149=AXIS2_PLACEMENT_3D('',#10164,#7171,#7172);
#6150=AXIS2_PLACEMENT_3D('',#10165,#7173,#7174);
#6151=AXIS2_PLACEMENT_3D('',#10168,#7175,#7176);
#6152=AXIS2_PLACEMENT_3D('',#10172,#7178,#7179);
#6153=AXIS2_PLACEMENT_3D('',#10528,#7187,#7188);
#6154=AXIS2_PLACEMENT_3D('',#10531,#7189,#7190);
#6155=AXIS2_PLACEMENT_3D('',#10535,#7192,#7193);
#6156=AXIS2_PLACEMENT_3D('',#10663,#7201,#7202);
#6157=AXIS2_PLACEMENT_3D('',#10666,#7203,#7204);
#6158=AXIS2_PLACEMENT_3D('',#10670,#7206,#7207);
#6159=AXIS2_PLACEMENT_3D('',#10672,#7209,#7210);
#6160=AXIS2_PLACEMENT_3D('',#10675,#7213,#7214);
#6161=AXIS2_PLACEMENT_3D('',#10685,#7219,#7220);
#6162=AXIS2_PLACEMENT_3D('',#10687,#7221,#7222);
#6163=AXIS2_PLACEMENT_3D('',#10689,#7223,#7224);
#6164=AXIS2_PLACEMENT_3D('',#10690,#7225,#7226);
#6165=AXIS2_PLACEMENT_3D('',#10699,#7231,#7232);
#6166=AXIS2_PLACEMENT_3D('',#10702,#7233,#7234);
#6167=AXIS2_PLACEMENT_3D('',#10706,#7236,#7237);
#6168=AXIS2_PLACEMENT_3D('',#10708,#7239,#7240);
#6169=AXIS2_PLACEMENT_3D('',#10717,#7245,#7246);
#6170=AXIS2_PLACEMENT_3D('',#10727,#7251,#7252);
#6171=AXIS2_PLACEMENT_3D('',#10729,#7253,#7254);
#6172=AXIS2_PLACEMENT_3D('',#10731,#7255,#7256);
#6173=AXIS2_PLACEMENT_3D('',#10732,#7257,#7258);
#6174=AXIS2_PLACEMENT_3D('',#10735,#7261,#7262);
#6175=AXIS2_PLACEMENT_3D('',#10736,#7263,#7264);
#6176=AXIS2_PLACEMENT_3D('',#10737,#7265,#7266);
#6177=AXIS2_PLACEMENT_3D('',#10738,#7267,#7268);
#6178=AXIS2_PLACEMENT_3D('',#10739,#7269,#7270);
#6179=AXIS2_PLACEMENT_3D('',#10740,#7271,#7272);
#6180=AXIS2_PLACEMENT_3D('',#10741,#7273,#7274);
#6181=AXIS2_PLACEMENT_3D('',#10742,#7275,#7276);
#6182=AXIS2_PLACEMENT_3D('',#10743,#7277,#7278);
#6183=AXIS2_PLACEMENT_3D('',#10744,#7279,#7280);
#6184=AXIS2_PLACEMENT_3D('',#10745,#7281,#7282);
#6185=AXIS2_PLACEMENT_3D('',#10746,#7283,#7284);
#6186=AXIS2_PLACEMENT_3D('',#10747,#7285,#7286);
#6187=AXIS2_PLACEMENT_3D('',#10748,#7287,#7288);
#6188=AXIS2_PLACEMENT_3D('',#10749,#7289,#7290);
#6189=AXIS2_PLACEMENT_3D('',#10751,#7292,#7293);
#6190=AXIS2_PLACEMENT_3D('',#10753,#7295,#7296);
#6191=AXIS2_PLACEMENT_3D('',#10755,#7298,#7299);
#6192=AXIS2_PLACEMENT_3D('',#10757,#7301,#7302);
#6193=AXIS2_PLACEMENT_3D('',#10759,#7304,#7305);
#6194=AXIS2_PLACEMENT_3D('',#10761,#7307,#7308);
#6195=AXIS2_PLACEMENT_3D('',#10762,#7309,#7310);
#6196=AXIS2_PLACEMENT_3D('',#10763,#7311,#7312);
#6197=AXIS2_PLACEMENT_3D('',#10764,#7313,#7314);
#6198=AXIS2_PLACEMENT_3D('',#10765,#7315,#7316);
#6199=AXIS2_PLACEMENT_3D('',#10766,#7317,#7318);
#6200=AXIS2_PLACEMENT_3D('',#10767,#7319,#7320);
#6201=AXIS2_PLACEMENT_3D('',#10770,#7323,#7324);
#6202=AXIS2_PLACEMENT_3D('',#10772,#7326,#7327);
#6203=AXIS2_PLACEMENT_3D('',#10774,#7329,#7330);
#6204=AXIS2_PLACEMENT_3D('',#10775,#7331,#7332);
#6205=AXIS2_PLACEMENT_3D('',#10778,#7335,#7336);
#6206=AXIS2_PLACEMENT_3D('',#10780,#7338,#7339);
#6207=AXIS2_PLACEMENT_3D('',#10782,#7341,#7342);
#6208=AXIS2_PLACEMENT_3D('',#10783,#7343,#7344);
#6209=AXIS2_PLACEMENT_3D('',#10786,#7347,#7348);
#6210=AXIS2_PLACEMENT_3D('',#10788,#7350,#7351);
#6211=AXIS2_PLACEMENT_3D('',#10790,#7353,#7354);
#6212=AXIS2_PLACEMENT_3D('',#10791,#7355,#7356);
#6213=AXIS2_PLACEMENT_3D('',#10792,#7357,#7358);
#6214=AXIS2_PLACEMENT_3D('',#10793,#7359,#7360);
#6215=AXIS2_PLACEMENT_3D('',#10794,#7361,#7362);
#6216=AXIS2_PLACEMENT_3D('',#10797,#7363,#7364);
#6217=AXIS2_PLACEMENT_3D('',#10800,#7366,#7367);
#6218=AXIS2_PLACEMENT_3D('',#10801,#7368,#7369);
#6219=AXIS2_PLACEMENT_3D('',#10802,#7370,#7371);
#6220=AXIS2_PLACEMENT_3D('',#10805,#7372,#7373);
#6221=AXIS2_PLACEMENT_3D('',#10808,#7375,#7376);
#6222=AXIS2_PLACEMENT_3D('',#10809,#7377,#7378);
#6223=AXIS2_PLACEMENT_3D('',#10810,#7379,#7380);
#6224=AXIS2_PLACEMENT_3D('',#10813,#7381,#7382);
#6225=AXIS2_PLACEMENT_3D('',#10814,#7383,#7384);
#6226=AXIS2_PLACEMENT_3D('',#10816,#7386,#7387);
#6227=AXIS2_PLACEMENT_3D('',#10819,#7388,#7389);
#6228=AXIS2_PLACEMENT_3D('',#10821,#7391,#7392);
#6229=AXIS2_PLACEMENT_3D('',#10822,#7393,#7394);
#6230=AXIS2_PLACEMENT_3D('',#10825,#7395,#7396);
#6231=AXIS2_PLACEMENT_3D('',#10829,#7398,#7399);
#6232=AXIS2_PLACEMENT_3D('',#10831,#7401,#7402);
#6233=AXIS2_PLACEMENT_3D('',#10833,#7404,#7405);
#6234=AXIS2_PLACEMENT_3D('',#10834,#7406,#7407);
#6235=AXIS2_PLACEMENT_3D('',#10835,#7408,#7409);
#6236=AXIS2_PLACEMENT_3D('',#10836,#7410,#7411);
#6237=AXIS2_PLACEMENT_3D('',#10837,#7412,#7413);
#6238=AXIS2_PLACEMENT_3D('',#10838,#7414,#7415);
#6239=AXIS2_PLACEMENT_3D('',#11248,#7420,#7421);
#6240=AXIS2_PLACEMENT_3D('',#11432,#7423,#7424);
#6241=AXIS2_PLACEMENT_3D('',#11632,#7426,#7427);
#6242=AXIS2_PLACEMENT_3D('',#11635,#7428,#7429);
#6243=AXIS2_PLACEMENT_3D('',#11636,#7430,#7431);
#6244=AXIS2_PLACEMENT_3D('',#11677,#7433,#7434);
#6245=AXIS2_PLACEMENT_3D('',#11680,#7435,#7436);
#6246=AXIS2_PLACEMENT_3D('',#11681,#7437,#7438);
#6247=AXIS2_PLACEMENT_3D('',#11726,#7440,#7441);
#6248=AXIS2_PLACEMENT_3D('',#11729,#7442,#7443);
#6249=AXIS2_PLACEMENT_3D('',#11730,#7444,#7445);
#6250=AXIS2_PLACEMENT_3D('',#11775,#7447,#7448);
#6251=AXIS2_PLACEMENT_3D('',#11778,#7449,#7450);
#6252=AXIS2_PLACEMENT_3D('',#11779,#7451,#7452);
#6253=AXIS2_PLACEMENT_3D('',#11781,#7453,#7454);
#6254=AXIS2_PLACEMENT_3D('',#11782,#7455,#7456);
#6255=AXIS2_PLACEMENT_3D('',#11783,#7457,#7458);
#6256=AXIS2_PLACEMENT_3D('',#11786,#7460,#7461);
#6257=AXIS2_PLACEMENT_3D('',#11787,#7462,#7463);
#6258=AXIS2_PLACEMENT_3D('',#11790,#7464,#7465);
#6259=AXIS2_PLACEMENT_3D('',#11791,#7466,#7467);
#6260=AXIS2_PLACEMENT_3D('',#11793,#7468,#7469);
#6261=AXIS2_PLACEMENT_3D('',#11795,#7470,#7471);
#6262=AXIS2_PLACEMENT_3D('',#11796,#7472,#7473);
#6263=AXIS2_PLACEMENT_3D('',#11797,#7474,#7475);
#6264=AXIS2_PLACEMENT_3D('',#11799,#7476,#7477);
#6265=AXIS2_PLACEMENT_3D('',#11801,#7478,#7479);
#6266=AXIS2_PLACEMENT_3D('',#11803,#7480,#7481);
#6267=AXIS2_PLACEMENT_3D('',#11804,#7482,#7483);
#6268=AXIS2_PLACEMENT_3D('',#11805,#7484,#7485);
#6269=AXIS2_PLACEMENT_3D('',#11808,#7487,#7488);
#6270=AXIS2_PLACEMENT_3D('',#11809,#7489,#7490);
#6271=AXIS2_PLACEMENT_3D('',#11812,#7492,#7493);
#6272=AXIS2_PLACEMENT_3D('',#11813,#7494,#7495);
#6273=AXIS2_PLACEMENT_3D('',#11816,#7497,#7498);
#6274=AXIS2_PLACEMENT_3D('',#11817,#7499,#7500);
#6275=AXIS2_PLACEMENT_3D('',#11819,#7502,#7503);
#6276=AXIS2_PLACEMENT_3D('',#11891,#7505,#7506);
#6277=AXIS2_PLACEMENT_3D('',#11893,#7507,#7508);
#6278=AXIS2_PLACEMENT_3D('',#11896,#7510,#7511);
#6279=AXIS2_PLACEMENT_3D('',#11897,#7512,#7513);
#6280=AXIS2_PLACEMENT_3D('',#11898,#7514,#7515);
#6281=AXIS2_PLACEMENT_3D('',#11971,#7516,#7517);
#6282=AXIS2_PLACEMENT_3D('',#11976,#7519,#7520);
#6283=AXIS2_PLACEMENT_3D('',#11977,#7521,#7522);
#6284=AXIS2_PLACEMENT_3D('',#11978,#7523,#7524);
#6285=AXIS2_PLACEMENT_3D('',#11980,#7525,#7526);
#6286=AXIS2_PLACEMENT_3D('',#11982,#7528,#7529);
#6287=AXIS2_PLACEMENT_3D('',#11985,#7530,#7531);
#6288=AXIS2_PLACEMENT_3D('',#11986,#7532,#7533);
#6289=AXIS2_PLACEMENT_3D('',#11988,#7535,#7536);
#6290=AXIS2_PLACEMENT_3D('',#11991,#7538,#7539);
#6291=AXIS2_PLACEMENT_3D('',#11992,#7540,#7541);
#6292=AXIS2_PLACEMENT_3D('',#11995,#7542,#7543);
#6293=AXIS2_PLACEMENT_3D('',#11997,#7544,#7545);
#6294=AXIS2_PLACEMENT_3D('',#11999,#7546,#7547);
#6295=AXIS2_PLACEMENT_3D('',#12001,#7548,#7549);
#6296=AXIS2_PLACEMENT_3D('',#12003,#7550,#7551);
#6297=AXIS2_PLACEMENT_3D('',#12004,#7552,#7553);
#6298=AXIS2_PLACEMENT_3D('',#12005,#7554,#7555);
#6299=AXIS2_PLACEMENT_3D('',#12014,#7559,#7560);
#6300=AXIS2_PLACEMENT_3D('',#12021,#7563,#7564);
#6301=AXIS2_PLACEMENT_3D('',#12028,#7567,#7568);
#6302=AXIS2_PLACEMENT_3D('',#12035,#7571,#7572);
#6303=AXIS2_PLACEMENT_3D('',#12042,#7575,#7576);
#6304=AXIS2_PLACEMENT_3D('',#12047,#7578,#7579);
#6305=AXIS2_PLACEMENT_3D('',#12048,#7580,#7581);
#6306=AXIS2_PLACEMENT_3D('',#12049,#7582,#7583);
#6307=AXIS2_PLACEMENT_3D('',#12050,#7584,#7585);
#6308=AXIS2_PLACEMENT_3D('',#12051,#7586,#7587);
#6309=AXIS2_PLACEMENT_3D('',#12052,#7588,#7589);
#6310=AXIS2_PLACEMENT_3D('',#12053,#7590,#7591);
#6311=AXIS2_PLACEMENT_3D('',#12054,#7592,#7593);
#6312=AXIS2_PLACEMENT_3D('',#12059,#7595,#7596);
#6313=AXIS2_PLACEMENT_3D('',#12060,#7597,#7598);
#6314=AXIS2_PLACEMENT_3D('',#12061,#7599,#7600);
#6315=AXIS2_PLACEMENT_3D('',#12063,#7601,#7602);
#6316=AXIS2_PLACEMENT_3D('',#12065,#7604,#7605);
#6317=AXIS2_PLACEMENT_3D('',#12068,#7606,#7607);
#6318=AXIS2_PLACEMENT_3D('',#12069,#7608,#7609);
#6319=AXIS2_PLACEMENT_3D('',#12071,#7611,#7612);
#6320=AXIS2_PLACEMENT_3D('',#12074,#7614,#7615);
#6321=AXIS2_PLACEMENT_3D('',#12075,#7616,#7617);
#6322=AXIS2_PLACEMENT_3D('',#12078,#7618,#7619);
#6323=AXIS2_PLACEMENT_3D('',#12080,#7620,#7621);
#6324=AXIS2_PLACEMENT_3D('',#12082,#7622,#7623);
#6325=AXIS2_PLACEMENT_3D('',#12084,#7624,#7625);
#6326=AXIS2_PLACEMENT_3D('',#12086,#7626,#7627);
#6327=AXIS2_PLACEMENT_3D('',#12087,#7628,#7629);
#6328=AXIS2_PLACEMENT_3D('',#12088,#7630,#7631);
#6329=AXIS2_PLACEMENT_3D('',#12097,#7635,#7636);
#6330=AXIS2_PLACEMENT_3D('',#12104,#7639,#7640);
#6331=AXIS2_PLACEMENT_3D('',#12111,#7643,#7644);
#6332=AXIS2_PLACEMENT_3D('',#12118,#7647,#7648);
#6333=AXIS2_PLACEMENT_3D('',#12125,#7651,#7652);
#6334=AXIS2_PLACEMENT_3D('',#12130,#7654,#7655);
#6335=AXIS2_PLACEMENT_3D('',#12131,#7656,#7657);
#6336=AXIS2_PLACEMENT_3D('',#12132,#7658,#7659);
#6337=AXIS2_PLACEMENT_3D('',#12133,#7660,#7661);
#6338=AXIS2_PLACEMENT_3D('',#12134,#7662,#7663);
#6339=AXIS2_PLACEMENT_3D('',#12135,#7664,#7665);
#6340=AXIS2_PLACEMENT_3D('',#12136,#7666,#7667);
#6341=AXIS2_PLACEMENT_3D('',#12137,#7668,#7669);
#6342=AXIS2_PLACEMENT_3D('',#12138,#7670,#7671);
#6343=AXIS2_PLACEMENT_3D('',#12140,#7672,#7673);
#6344=AXIS2_PLACEMENT_3D('',#12141,#7674,#7675);
#6345=AXIS2_PLACEMENT_3D('',#12144,#7677,#7678);
#6346=AXIS2_PLACEMENT_3D('',#12145,#7679,#7680);
#6347=AXIS2_PLACEMENT_3D('',#12147,#7681,#7682);
#6348=AXIS2_PLACEMENT_3D('',#12150,#7684,#7685);
#6349=AXIS2_PLACEMENT_3D('',#12151,#7686,#7687);
#6350=AXIS2_PLACEMENT_3D('',#12152,#7688,#7689);
#6351=AXIS2_PLACEMENT_3D('',#12153,#7690,#7691);
#6352=AXIS2_PLACEMENT_3D('',#12155,#7692,#7693);
#6353=AXIS2_PLACEMENT_3D('',#12158,#7695,#7696);
#6354=AXIS2_PLACEMENT_3D('',#12159,#7697,#7698);
#6355=AXIS2_PLACEMENT_3D('',#12161,#7699,#7700);
#6356=AXIS2_PLACEMENT_3D('',#12164,#7702,#7703);
#6357=AXIS2_PLACEMENT_3D('',#12165,#7704,#7705);
#6358=AXIS2_PLACEMENT_3D('',#12167,#7706,#7707);
#6359=AXIS2_PLACEMENT_3D('',#12170,#7709,#7710);
#6360=AXIS2_PLACEMENT_3D('',#12171,#7711,#7712);
#6361=AXIS2_PLACEMENT_3D('',#12173,#7713,#7714);
#6362=AXIS2_PLACEMENT_3D('',#12176,#7716,#7717);
#6363=AXIS2_PLACEMENT_3D('',#12177,#7718,#7719);
#6364=AXIS2_PLACEMENT_3D('',#12179,#7720,#7721);
#6365=AXIS2_PLACEMENT_3D('',#12182,#7723,#7724);
#6366=AXIS2_PLACEMENT_3D('',#12183,#7725,#7726);
#6367=AXIS2_PLACEMENT_3D('',#12185,#7727,#7728);
#6368=AXIS2_PLACEMENT_3D('',#12188,#7730,#7731);
#6369=AXIS2_PLACEMENT_3D('',#12189,#7732,#7733);
#6370=AXIS2_PLACEMENT_3D('',#12191,#7734,#7735);
#6371=AXIS2_PLACEMENT_3D('',#12194,#7737,#7738);
#6372=AXIS2_PLACEMENT_3D('',#12195,#7739,#7740);
#6373=AXIS2_PLACEMENT_3D('',#12197,#7741,#7742);
#6374=AXIS2_PLACEMENT_3D('',#12200,#7744,#7745);
#6375=AXIS2_PLACEMENT_3D('',#12201,#7746,#7747);
#6376=AXIS2_PLACEMENT_3D('',#12203,#7748,#7749);
#6377=AXIS2_PLACEMENT_3D('',#12206,#7751,#7752);
#6378=AXIS2_PLACEMENT_3D('',#12207,#7753,#7754);
#6379=AXIS2_PLACEMENT_3D('',#12209,#7755,#7756);
#6380=AXIS2_PLACEMENT_3D('',#12212,#7758,#7759);
#6381=AXIS2_PLACEMENT_3D('',#12213,#7760,#7761);
#6382=AXIS2_PLACEMENT_3D('',#12214,#7762,#7763);
#6383=AXIS2_PLACEMENT_3D('',#12216,#7764,#7765);
#6384=AXIS2_PLACEMENT_3D('',#12217,#7766,#7767);
#6385=AXIS2_PLACEMENT_3D('',#12219,#7768,#7769);
#6386=AXIS2_PLACEMENT_3D('',#12222,#7771,#7772);
#6387=AXIS2_PLACEMENT_3D('',#12223,#7773,#7774);
#6388=AXIS2_PLACEMENT_3D('',#12226,#7776,#7777);
#6389=AXIS2_PLACEMENT_3D('',#12227,#7778,#7779);
#6390=AXIS2_PLACEMENT_3D('',#12228,#7780,#7781);
#6391=AXIS2_PLACEMENT_3D('',#12229,#7782,#7783);
#6392=AXIS2_PLACEMENT_3D('',#12231,#7784,#7785);
#6393=AXIS2_PLACEMENT_3D('',#12234,#7787,#7788);
#6394=AXIS2_PLACEMENT_3D('',#12235,#7789,#7790);
#6395=AXIS2_PLACEMENT_3D('',#12237,#7791,#7792);
#6396=AXIS2_PLACEMENT_3D('',#12240,#7794,#7795);
#6397=AXIS2_PLACEMENT_3D('',#12241,#7796,#7797);
#6398=AXIS2_PLACEMENT_3D('',#12243,#7798,#7799);
#6399=AXIS2_PLACEMENT_3D('',#12246,#7801,#7802);
#6400=AXIS2_PLACEMENT_3D('',#12247,#7803,#7804);
#6401=AXIS2_PLACEMENT_3D('',#12250,#7805,#7806);
#6402=AXIS2_PLACEMENT_3D('',#12254,#7808,#7809);
#6403=AXIS2_PLACEMENT_3D('',#12256,#7811,#7812);
#6404=AXIS2_PLACEMENT_3D('',#12258,#7813,#7814);
#6405=AXIS2_PLACEMENT_3D('',#12260,#7815,#7816);
#6406=AXIS2_PLACEMENT_3D('',#12264,#7818,#7819);
#6407=AXIS2_PLACEMENT_3D('',#12266,#7821,#7822);
#6408=AXIS2_PLACEMENT_3D('',#12268,#7823,#7824);
#6409=AXIS2_PLACEMENT_3D('',#12270,#7826,#7827);
#6410=AXIS2_PLACEMENT_3D('',#12273,#7828,#7829);
#6411=AXIS2_PLACEMENT_3D('',#12277,#7831,#7832);
#6412=AXIS2_PLACEMENT_3D('',#12279,#7834,#7835);
#6413=AXIS2_PLACEMENT_3D('',#12283,#7837,#7838);
#6414=AXIS2_PLACEMENT_3D('',#12287,#7840,#7841);
#6415=AXIS2_PLACEMENT_3D('',#12288,#7842,#7843);
#6416=AXIS2_PLACEMENT_3D('',#12289,#7844,#7845);
#6417=AXIS2_PLACEMENT_3D('',#12293,#7848,#7849);
#6418=AXIS2_PLACEMENT_3D('',#12296,#7850,#7851);
#6419=AXIS2_PLACEMENT_3D('',#12298,#7852,#7853);
#6420=AXIS2_PLACEMENT_3D('',#12299,#7854,#7855);
#6421=AXIS2_PLACEMENT_3D('',#12300,#7856,#7857);
#6422=AXIS2_PLACEMENT_3D('',#12302,#7858,#7859);
#6423=AXIS2_PLACEMENT_3D('',#12303,#7860,#7861);
#6424=AXIS2_PLACEMENT_3D('',#12304,#7862,#7863);
#6425=AXIS2_PLACEMENT_3D('',#12307,#7866,#7867);
#6426=AXIS2_PLACEMENT_3D('',#12310,#7868,#7869);
#6427=AXIS2_PLACEMENT_3D('',#12311,#7870,#7871);
#6428=AXIS2_PLACEMENT_3D('',#12312,#7872,#7873);
#6429=AXIS2_PLACEMENT_3D('',#12313,#7874,#7875);
#6430=AXIS2_PLACEMENT_3D('',#12315,#7876,#7877);
#6431=AXIS2_PLACEMENT_3D('',#12316,#7878,#7879);
#6432=AXIS2_PLACEMENT_3D('',#12317,#7880,#7881);
#6433=AXIS2_PLACEMENT_3D('',#12319,#7883,#7884);
#6434=AXIS2_PLACEMENT_3D('',#12322,#7887,#7888);
#6435=AXIS2_PLACEMENT_3D('',#12324,#7889,#7890);
#6436=AXIS2_PLACEMENT_3D('',#12326,#7891,#7892);
#6437=AXIS2_PLACEMENT_3D('',#12328,#7894,#7895);
#6438=AXIS2_PLACEMENT_3D('',#12331,#7898,#7899);
#6439=AXIS2_PLACEMENT_3D('',#12335,#7902,#7903);
#6440=AXIS2_PLACEMENT_3D('',#12336,#7904,#7905);
#6441=AXIS2_PLACEMENT_3D('',#12337,#7906,#7907);
#6442=AXIS2_PLACEMENT_3D('',#12343,#7911,#7912);
#6443=AXIS2_PLACEMENT_3D('',#12345,#7914,#7915);
#6444=AXIS2_PLACEMENT_3D('',#12346,#7916,#7917);
#6445=AXIS2_PLACEMENT_3D('',#12348,#7919,#7920);
#6446=AXIS2_PLACEMENT_3D('',#12350,#7922,#7923);
#6447=AXIS2_PLACEMENT_3D('',#12352,#7924,#7925);
#6448=AXIS2_PLACEMENT_3D('',#12355,#7927,#7928);
#6449=AXIS2_PLACEMENT_3D('',#12356,#7929,#7930);
#6450=AXIS2_PLACEMENT_3D('',#12361,#7932,#7933);
#6451=AXIS2_PLACEMENT_3D('',#12374,#7935,#7936);
#6452=AXIS2_PLACEMENT_3D('',#12391,#7938,#7939);
#6453=AXIS2_PLACEMENT_3D('',#12395,#7941,#7942);
#6454=AXIS2_PLACEMENT_3D('',#12397,#7943,#7944);
#6455=AXIS2_PLACEMENT_3D('',#12398,#7945,#7946);
#6456=AXIS2_PLACEMENT_3D('',#12399,#7947,#7948);
#6457=AXIS2_PLACEMENT_3D('',#12403,#7950,#7951);
#6458=AXIS2_PLACEMENT_3D('',#12405,#7952,#7953);
#6459=AXIS2_PLACEMENT_3D('',#12408,#7955,#7956);
#6460=AXIS2_PLACEMENT_3D('',#12409,#7957,#7958);
#6461=AXIS2_PLACEMENT_3D('',#12412,#7959,#7960);
#6462=AXIS2_PLACEMENT_3D('',#12414,#7961,#7962);
#6463=AXIS2_PLACEMENT_3D('',#12416,#7963,#7964);
#6464=AXIS2_PLACEMENT_3D('',#12417,#7965,#7966);
#6465=AXIS2_PLACEMENT_3D('',#12418,#7967,#7968);
#6466=AXIS2_PLACEMENT_3D('',#12452,#7971,#7972);
#6467=AXIS2_PLACEMENT_3D('',#12454,#7973,#7974);
#6468=AXIS2_PLACEMENT_3D('',#12455,#7975,#7976);
#6469=AXIS2_PLACEMENT_3D('',#12456,#7977,#7978);
#6470=AXIS2_PLACEMENT_3D('',#12484,#7980,#7981);
#6471=AXIS2_PLACEMENT_3D('',#12502,#7982,#7983);
#6472=AXIS2_PLACEMENT_3D('',#12530,#7984,#7985);
#6473=AXIS2_PLACEMENT_3D('',#12533,#7986,#7987);
#6474=AXIS2_PLACEMENT_3D('',#12535,#7988,#7989);
#6475=AXIS2_PLACEMENT_3D('',#12537,#7990,#7991);
#6476=AXIS2_PLACEMENT_3D('',#12538,#7992,#7993);
#6477=AXIS2_PLACEMENT_3D('',#12539,#7994,#7995);
#6478=AXIS2_PLACEMENT_3D('',#12542,#7998,#7999);
#6479=AXIS2_PLACEMENT_3D('',#12547,#8002,#8003);
#6480=AXIS2_PLACEMENT_3D('',#12548,#8004,#8005);
#6481=AXIS2_PLACEMENT_3D('',#12551,#8006,#8007);
#6482=AXIS2_PLACEMENT_3D('',#12553,#8008,#8009);
#6483=AXIS2_PLACEMENT_3D('',#12554,#8010,#8011);
#6484=AXIS2_PLACEMENT_3D('',#12581,#8012,#8013);
#6485=AXIS2_PLACEMENT_3D('',#12583,#8014,#8015);
#6486=AXIS2_PLACEMENT_3D('',#12584,#8016,#8017);
#6487=AXIS2_PLACEMENT_3D('',#12585,#8018,#8019);
#6488=AXIS2_PLACEMENT_3D('',#12587,#8021,#8022);
#6489=AXIS2_PLACEMENT_3D('',#12590,#8023,#8024);
#6490=AXIS2_PLACEMENT_3D('',#12592,#8025,#8026);
#6491=AXIS2_PLACEMENT_3D('',#12593,#8027,#8028);
#6492=AXIS2_PLACEMENT_3D('',#12594,#8029,#8030);
#6493=AXIS2_PLACEMENT_3D('',#12597,#8033,#8034);
#6494=AXIS2_PLACEMENT_3D('',#12600,#8037,#8038);
#6495=AXIS2_PLACEMENT_3D('',#12603,#8039,#8040);
#6496=AXIS2_PLACEMENT_3D('',#12606,#8043,#8044);
#6497=AXIS2_PLACEMENT_3D('',#12609,#8045,#8046);
#6498=AXIS2_PLACEMENT_3D('',#12610,#8047,#8048);
#6499=AXIS2_PLACEMENT_3D('',#12611,#8049,#8050);
#6500=AXIS2_PLACEMENT_3D('',#12612,#8051,#8052);
#6501=AXIS2_PLACEMENT_3D('',#12615,#8055,#8056);
#6502=AXIS2_PLACEMENT_3D('',#12618,#8058,#8059);
#6503=AXIS2_PLACEMENT_3D('',#12619,#8060,#8061);
#6504=AXIS2_PLACEMENT_3D('',#12622,#8062,#8063);
#6505=AXIS2_PLACEMENT_3D('',#12625,#8066,#8067);
#6506=AXIS2_PLACEMENT_3D('',#12628,#8068,#8069);
#6507=AXIS2_PLACEMENT_3D('',#12629,#8070,#8071);
#6508=AXIS2_PLACEMENT_3D('',#12630,#8072,#8073);
#6509=AXIS2_PLACEMENT_3D('',#12631,#8074,#8075);
#6510=AXIS2_PLACEMENT_3D('',#12634,#8078,#8079);
#6511=AXIS2_PLACEMENT_3D('',#12637,#8082,#8083);
#6512=AXIS2_PLACEMENT_3D('',#12641,#8086,#8087);
#6513=AXIS2_PLACEMENT_3D('',#12642,#8088,#8089);
#6514=AXIS2_PLACEMENT_3D('',#12661,#8091,#8092);
#6515=AXIS2_PLACEMENT_3D('',#12701,#8095,#8096);
#6516=AXIS2_PLACEMENT_3D('',#12702,#8097,#8098);
#6517=AXIS2_PLACEMENT_3D('',#12713,#8099,#8100);
#6518=AXIS2_PLACEMENT_3D('',#12714,#8101,#8102);
#6519=AXIS2_PLACEMENT_3D('',#12715,#8103,#8104);
#6520=AXIS2_PLACEMENT_3D('',#12716,#8105,#8106);
#6521=AXIS2_PLACEMENT_3D('',#12718,#8108,#8109);
#6522=AXIS2_PLACEMENT_3D('',#12719,#8110,#8111);
#6523=AXIS2_PLACEMENT_3D('',#12720,#8112,#8113);
#6524=AXIS2_PLACEMENT_3D('',#12721,#8114,#8115);
#6525=AXIS2_PLACEMENT_3D('',#12723,#8117,#8118);
#6526=AXIS2_PLACEMENT_3D('',#12725,#8119,#8120);
#6527=AXIS2_PLACEMENT_3D('',#12728,#8122,#8123);
#6528=AXIS2_PLACEMENT_3D('',#12729,#8124,#8125);
#6529=AXIS2_PLACEMENT_3D('',#12730,#8126,#8127);
#6530=AXIS2_PLACEMENT_3D('',#12731,#8128,#8129);
#6531=AXIS2_PLACEMENT_3D('',#12732,#8130,#8131);
#6532=AXIS2_PLACEMENT_3D('',#12733,#8132,#8133);
#6533=AXIS2_PLACEMENT_3D('',#12734,#8134,#8135);
#6534=AXIS2_PLACEMENT_3D('',#12736,#8136,#8137);
#6535=AXIS2_PLACEMENT_3D('',#12739,#8139,#8140);
#6536=AXIS2_PLACEMENT_3D('',#12740,#8141,#8142);
#6537=AXIS2_PLACEMENT_3D('',#12742,#8143,#8144);
#6538=AXIS2_PLACEMENT_3D('',#12745,#8146,#8147);
#6539=AXIS2_PLACEMENT_3D('',#12746,#8148,#8149);
#6540=AXIS2_PLACEMENT_3D('',#12748,#8150,#8151);
#6541=AXIS2_PLACEMENT_3D('',#12751,#8153,#8154);
#6542=AXIS2_PLACEMENT_3D('',#12752,#8155,#8156);
#6543=AXIS2_PLACEMENT_3D('',#12754,#8157,#8158);
#6544=AXIS2_PLACEMENT_3D('',#12757,#8160,#8161);
#6545=AXIS2_PLACEMENT_3D('',#12758,#8162,#8163);
#6546=AXIS2_PLACEMENT_3D('',#12760,#8164,#8165);
#6547=AXIS2_PLACEMENT_3D('',#12763,#8167,#8168);
#6548=AXIS2_PLACEMENT_3D('',#12764,#8169,#8170);
#6549=AXIS2_PLACEMENT_3D('',#12766,#8171,#8172);
#6550=AXIS2_PLACEMENT_3D('',#12769,#8174,#8175);
#6551=AXIS2_PLACEMENT_3D('',#12770,#8176,#8177);
#6552=AXIS2_PLACEMENT_3D('',#12772,#8178,#8179);
#6553=AXIS2_PLACEMENT_3D('',#12775,#8181,#8182);
#6554=AXIS2_PLACEMENT_3D('',#12776,#8183,#8184);
#6555=AXIS2_PLACEMENT_3D('',#12778,#8185,#8186);
#6556=AXIS2_PLACEMENT_3D('',#12781,#8188,#8189);
#6557=AXIS2_PLACEMENT_3D('',#12782,#8190,#8191);
#6558=AXIS2_PLACEMENT_3D('',#12784,#8192,#8193);
#6559=AXIS2_PLACEMENT_3D('',#12787,#8195,#8196);
#6560=AXIS2_PLACEMENT_3D('',#12788,#8197,#8198);
#6561=AXIS2_PLACEMENT_3D('',#12789,#8199,#8200);
#6562=AXIS2_PLACEMENT_3D('',#12790,#8201,#8202);
#6563=AXIS2_PLACEMENT_3D('',#12791,#8203,#8204);
#6564=AXIS2_PLACEMENT_3D('',#12793,#8205,#8206);
#6565=AXIS2_PLACEMENT_3D('',#12797,#8208,#8209);
#6566=AXIS2_PLACEMENT_3D('',#12798,#8210,#8211);
#6567=AXIS2_PLACEMENT_3D('',#12799,#8212,#8213);
#6568=AXIS2_PLACEMENT_3D('',#12800,#8214,#8215);
#6569=AXIS2_PLACEMENT_3D('',#12804,#8217,#8218);
#6570=AXIS2_PLACEMENT_3D('',#12805,#8219,#8220);
#6571=AXIS2_PLACEMENT_3D('',#12806,#8221,#8222);
#6572=AXIS2_PLACEMENT_3D('',#12810,#8224,#8225);
#6573=AXIS2_PLACEMENT_3D('',#12811,#8226,#8227);
#6574=AXIS2_PLACEMENT_3D('',#12812,#8228,#8229);
#6575=AXIS2_PLACEMENT_3D('',#12816,#8231,#8232);
#6576=AXIS2_PLACEMENT_3D('',#12817,#8233,#8234);
#6577=AXIS2_PLACEMENT_3D('',#12818,#8235,#8236);
#6578=AXIS2_PLACEMENT_3D('',#12822,#8238,#8239);
#6579=AXIS2_PLACEMENT_3D('',#12823,#8240,#8241);
#6580=AXIS2_PLACEMENT_3D('',#12824,#8242,#8243);
#6581=AXIS2_PLACEMENT_3D('',#12828,#8245,#8246);
#6582=AXIS2_PLACEMENT_3D('',#12829,#8247,#8248);
#6583=AXIS2_PLACEMENT_3D('',#12830,#8249,#8250);
#6584=AXIS2_PLACEMENT_3D('',#12834,#8252,#8253);
#6585=AXIS2_PLACEMENT_3D('',#12835,#8254,#8255);
#6586=AXIS2_PLACEMENT_3D('',#12836,#8256,#8257);
#6587=AXIS2_PLACEMENT_3D('',#12840,#8259,#8260);
#6588=AXIS2_PLACEMENT_3D('',#12841,#8261,#8262);
#6589=AXIS2_PLACEMENT_3D('',#12842,#8263,#8264);
#6590=AXIS2_PLACEMENT_3D('',#12846,#8266,#8267);
#6591=AXIS2_PLACEMENT_3D('',#12847,#8268,#8269);
#6592=AXIS2_PLACEMENT_3D('',#12848,#8270,#8271);
#6593=AXIS2_PLACEMENT_3D('',#12851,#8273,#8274);
#6594=AXIS2_PLACEMENT_3D('',#12852,#8275,#8276);
#6595=AXIS2_PLACEMENT_3D('',#12853,#8277,#8278);
#6596=AXIS2_PLACEMENT_3D('',#12854,#8279,#8280);
#6597=AXIS2_PLACEMENT_3D('',#12855,#8281,#8282);
#6598=AXIS2_PLACEMENT_3D('',#12856,#8283,#8284);
#6599=AXIS2_PLACEMENT_3D('',#12857,#8285,#8286);
#6600=AXIS2_PLACEMENT_3D('',#12858,#8287,#8288);
#6601=AXIS2_PLACEMENT_3D('',#12859,#8289,#8290);
#6602=AXIS2_PLACEMENT_3D('',#12860,#8291,#8292);
#6603=AXIS2_PLACEMENT_3D('',#12861,#8293,#8294);
#6604=AXIS2_PLACEMENT_3D('',#12862,#8295,#8296);
#6605=AXIS2_PLACEMENT_3D('',#12863,#8297,#8298);
#6606=AXIS2_PLACEMENT_3D('',#12864,#8299,#8300);
#6607=AXIS2_PLACEMENT_3D('',#12865,#8301,#8302);
#6608=DIRECTION('axis',(0.,0.,1.));
#6609=DIRECTION('refdir',(1.,0.,0.));
#6610=DIRECTION('axis',(0.,0.,1.));
#6611=DIRECTION('refdir',(1.,0.,0.));
#6612=DIRECTION('center_axis',(0.,0.,1.));
#6613=DIRECTION('ref_axis',(-0.500000006730587,-0.866025399898532,0.));
#6614=DIRECTION('center_axis',(0.,0.,1.));
#6615=DIRECTION('ref_axis',(-0.500000006730587,-0.866025399898532,0.));
#6616=DIRECTION('',(0.,0.,1.));
#6617=DIRECTION('center_axis',(0.,0.,-1.));
#6618=DIRECTION('ref_axis',(-0.500000006730587,-0.866025399898532,0.));
#6619=DIRECTION('center_axis',(0.,0.,1.));
#6620=DIRECTION('ref_axis',(-0.500000006730587,-0.866025399898532,0.));
#6621=DIRECTION('center_axis',(0.,0.,1.));
#6622=DIRECTION('ref_axis',(-0.500000006730587,-0.866025399898532,0.));
#6623=DIRECTION('',(0.,0.,1.));
#6624=DIRECTION('center_axis',(0.,0.,-1.));
#6625=DIRECTION('ref_axis',(-0.500000006730587,-0.866025399898532,0.));
#6626=DIRECTION('center_axis',(0.,0.,1.));
#6627=DIRECTION('ref_axis',(-0.500000006730587,-0.866025399898532,0.));
#6628=DIRECTION('center_axis',(0.,0.,1.));
#6629=DIRECTION('ref_axis',(-0.500000006730587,-0.866025399898532,0.));
#6630=DIRECTION('',(0.,0.,1.));
#6631=DIRECTION('center_axis',(0.,0.,-1.));
#6632=DIRECTION('ref_axis',(-0.500000006730587,-0.866025399898532,0.));
#6633=DIRECTION('center_axis',(0.,0.,-1.));
#6634=DIRECTION('ref_axis',(1.,0.,0.));
#6635=DIRECTION('center_axis',(0.,0.,1.));
#6636=DIRECTION('ref_axis',(-1.,0.,0.));
#6637=DIRECTION('center_axis',(0.,0.,1.));
#6638=DIRECTION('ref_axis',(0.5,0.866025403784439,0.));
#6639=DIRECTION('center_axis',(0.,0.,1.));
#6640=DIRECTION('ref_axis',(0.5,0.866025403784439,0.));
#6641=DIRECTION('center_axis',(0.,0.,1.));
#6642=DIRECTION('ref_axis',(0.5,0.866025403784439,0.));
#6643=DIRECTION('',(0.,0.,1.));
#6644=DIRECTION('center_axis',(0.,0.,1.));
#6645=DIRECTION('ref_axis',(0.5,0.866025403784439,0.));
#6646=DIRECTION('center_axis',(0.,0.,1.));
#6647=DIRECTION('ref_axis',(-0.5,0.866025403784438,0.));
#6648=DIRECTION('center_axis',(0.,0.,1.));
#6649=DIRECTION('ref_axis',(-0.5,0.866025403784438,0.));
#6650=DIRECTION('center_axis',(0.,0.,1.));
#6651=DIRECTION('ref_axis',(-0.5,0.866025403784438,0.));
#6652=DIRECTION('',(0.,0.,1.));
#6653=DIRECTION('center_axis',(0.,0.,1.));
#6654=DIRECTION('ref_axis',(-0.5,0.866025403784438,0.));
#6655=DIRECTION('center_axis',(0.,0.,1.));
#6656=DIRECTION('ref_axis',(-1.,-1.22464679914735E-16,0.));
#6657=DIRECTION('center_axis',(0.,0.,1.));
#6658=DIRECTION('ref_axis',(-1.,-1.22464679914735E-16,0.));
#6659=DIRECTION('center_axis',(0.,0.,1.));
#6660=DIRECTION('ref_axis',(-1.,-1.22464679914735E-16,0.));
#6661=DIRECTION('',(0.,0.,1.));
#6662=DIRECTION('center_axis',(0.,0.,1.));
#6663=DIRECTION('ref_axis',(-1.,-1.22464679914735E-16,0.));
#6664=DIRECTION('center_axis',(0.,0.,1.));
#6665=DIRECTION('ref_axis',(-0.5,-0.866025403784439,0.));
#6666=DIRECTION('center_axis',(0.,0.,1.));
#6667=DIRECTION('ref_axis',(-0.5,-0.866025403784439,0.));
#6668=DIRECTION('center_axis',(0.,0.,1.));
#6669=DIRECTION('ref_axis',(-0.5,-0.866025403784439,0.));
#6670=DIRECTION('',(0.,0.,1.));
#6671=DIRECTION('center_axis',(0.,0.,1.));
#6672=DIRECTION('ref_axis',(-0.5,-0.866025403784439,0.));
#6673=DIRECTION('center_axis',(0.,0.,1.));
#6674=DIRECTION('ref_axis',(0.5,-0.866025403784439,0.));
#6675=DIRECTION('center_axis',(0.,0.,1.));
#6676=DIRECTION('ref_axis',(0.5,-0.866025403784439,0.));
#6677=DIRECTION('center_axis',(0.,0.,1.));
#6678=DIRECTION('ref_axis',(0.5,-0.866025403784439,0.));
#6679=DIRECTION('',(0.,0.,1.));
#6680=DIRECTION('center_axis',(0.,0.,1.));
#6681=DIRECTION('ref_axis',(0.5,-0.866025403784439,0.));
#6682=DIRECTION('center_axis',(0.,0.,-1.));
#6683=DIRECTION('ref_axis',(-1.,0.,0.));
#6684=DIRECTION('',(0.,0.,1.));
#6685=DIRECTION('center_axis',(0.,0.,1.));
#6686=DIRECTION('ref_axis',(1.,0.,0.));
#6687=DIRECTION('center_axis',(0.,0.,-1.));
#6688=DIRECTION('ref_axis',(-1.,0.,0.));
#6689=DIRECTION('center_axis',(0.,0.,1.));
#6690=DIRECTION('ref_axis',(1.,0.,0.));
#6691=DIRECTION('',(0.,0.,-1.));
#6692=DIRECTION('center_axis',(0.,0.,1.));
#6693=DIRECTION('ref_axis',(1.,0.,0.));
#6694=DIRECTION('center_axis',(0.,0.,1.));
#6695=DIRECTION('ref_axis',(1.,0.,0.));
#6696=DIRECTION('center_axis',(0.,0.,1.));
#6697=DIRECTION('ref_axis',(1.,0.,0.));
#6698=DIRECTION('center_axis',(0.,0.,-1.));
#6699=DIRECTION('ref_axis',(1.,0.,0.));
#6700=DIRECTION('center_axis',(0.38268343236509,-0.923879532511287,0.));
#6701=DIRECTION('ref_axis',(0.923879532511287,0.38268343236509,0.));
#6702=DIRECTION('',(0.38268343236509,-0.923879532511287,0.));
#6703=DIRECTION('center_axis',(-0.38268343236509,0.923879532511287,0.));
#6704=DIRECTION('ref_axis',(-0.923879532511287,-0.38268343236509,0.));
#6705=DIRECTION('center_axis',(0.38268343236509,-0.923879532511287,0.));
#6706=DIRECTION('ref_axis',(0.923879532511287,0.38268343236509,0.));
#6707=DIRECTION('',(0.38268343236509,-0.923879532511287,0.));
#6708=DIRECTION('center_axis',(-0.38268343236509,0.923879532511287,0.));
#6709=DIRECTION('ref_axis',(-0.923879532511287,-0.38268343236509,0.));
#6710=DIRECTION('center_axis',(0.38268343236509,-0.923879532511287,0.));
#6711=DIRECTION('ref_axis',(0.923879532511287,0.38268343236509,0.));
#6712=DIRECTION('',(0.38268343236509,-0.923879532511287,0.));
#6713=DIRECTION('center_axis',(-0.38268343236509,0.923879532511287,0.));
#6714=DIRECTION('ref_axis',(-0.923879532511287,-0.38268343236509,0.));
#6715=DIRECTION('center_axis',(-0.38268343236509,0.923879532511287,0.));
#6716=DIRECTION('ref_axis',(-0.923879532511287,-0.38268343236509,0.));
#6717=DIRECTION('center_axis',(-0.38268343236509,0.923879532511287,0.));
#6718=DIRECTION('ref_axis',(-0.923879532511287,-0.38268343236509,0.));
#6719=DIRECTION('center_axis',(-0.38268343236509,0.923879532511287,0.));
#6720=DIRECTION('ref_axis',(-0.923879532511287,-0.38268343236509,0.));
#6721=DIRECTION('center_axis',(-0.382683432365091,-0.923879532511286,0.));
#6722=DIRECTION('ref_axis',(0.923879532511286,-0.382683432365091,0.));
#6723=DIRECTION('',(-0.382683432365091,-0.923879532511286,0.));
#6724=DIRECTION('center_axis',(0.382683432365091,0.923879532511286,0.));
#6725=DIRECTION('ref_axis',(-0.923879532511286,0.382683432365091,0.));
#6726=DIRECTION('center_axis',(-0.382683432365091,-0.923879532511286,0.));
#6727=DIRECTION('ref_axis',(0.923879532511286,-0.382683432365091,0.));
#6728=DIRECTION('',(-0.382683432365091,-0.923879532511286,0.));
#6729=DIRECTION('center_axis',(0.382683432365091,0.923879532511286,0.));
#6730=DIRECTION('ref_axis',(-0.923879532511286,0.382683432365091,0.));
#6731=DIRECTION('center_axis',(-0.382683432365091,-0.923879532511286,0.));
#6732=DIRECTION('ref_axis',(0.923879532511286,-0.382683432365091,0.));
#6733=DIRECTION('',(-0.382683432365091,-0.923879532511286,0.));
#6734=DIRECTION('center_axis',(0.382683432365091,0.923879532511286,0.));
#6735=DIRECTION('ref_axis',(-0.923879532511286,0.382683432365091,0.));
#6736=DIRECTION('center_axis',(0.382683432365091,0.923879532511286,0.));
#6737=DIRECTION('ref_axis',(-0.923879532511286,0.382683432365091,0.));
#6738=DIRECTION('center_axis',(0.382683432365091,0.923879532511286,0.));
#6739=DIRECTION('ref_axis',(-0.923879532511286,0.382683432365091,0.));
#6740=DIRECTION('center_axis',(0.382683432365091,0.923879532511286,0.));
#6741=DIRECTION('ref_axis',(-0.923879532511286,0.382683432365091,0.));
#6742=DIRECTION('center_axis',(0.99144486137381,-0.130526192220052,0.));
#6743=DIRECTION('ref_axis',(0.130526192220052,0.99144486137381,0.));
#6744=DIRECTION('',(0.99144486137381,-0.130526192220052,0.));
#6745=DIRECTION('center_axis',(-0.99144486137381,0.130526192220052,0.));
#6746=DIRECTION('ref_axis',(-0.130526192220052,-0.99144486137381,0.));
#6747=DIRECTION('center_axis',(-0.99144486137381,0.130526192220052,0.));
#6748=DIRECTION('ref_axis',(-0.130526192220052,-0.99144486137381,0.));
#6749=DIRECTION('center_axis',(0.99144486137381,-0.130526192220052,0.));
#6750=DIRECTION('ref_axis',(0.130526192220052,0.99144486137381,0.));
#6751=DIRECTION('',(0.99144486137381,-0.130526192220052,0.));
#6752=DIRECTION('center_axis',(-0.99144486137381,0.130526192220052,0.));
#6753=DIRECTION('ref_axis',(-0.130526192220052,-0.99144486137381,0.));
#6754=DIRECTION('center_axis',(-0.99144486137381,0.130526192220052,0.));
#6755=DIRECTION('ref_axis',(-0.130526192220052,-0.99144486137381,0.));
#6756=DIRECTION('center_axis',(0.99144486137381,-0.130526192220052,0.));
#6757=DIRECTION('ref_axis',(0.130526192220052,0.99144486137381,0.));
#6758=DIRECTION('',(0.99144486137381,-0.130526192220052,0.));
#6759=DIRECTION('center_axis',(-0.99144486137381,0.130526192220052,0.));
#6760=DIRECTION('ref_axis',(-0.130526192220052,-0.99144486137381,0.));
#6761=DIRECTION('center_axis',(-0.99144486137381,0.130526192220052,0.));
#6762=DIRECTION('ref_axis',(-0.130526192220052,-0.99144486137381,0.));
#6763=DIRECTION('center_axis',(0.60876142900872,-0.793353340291236,0.));
#6764=DIRECTION('ref_axis',(0.793353340291236,0.60876142900872,0.));
#6765=DIRECTION('',(0.60876142900872,-0.793353340291236,0.));
#6766=DIRECTION('center_axis',(-0.60876142900872,0.793353340291236,0.));
#6767=DIRECTION('ref_axis',(-0.793353340291236,-0.60876142900872,0.));
#6768=DIRECTION('center_axis',(-0.60876142900872,0.793353340291236,0.));
#6769=DIRECTION('ref_axis',(-0.793353340291236,-0.60876142900872,0.));
#6770=DIRECTION('center_axis',(0.60876142900872,-0.793353340291236,0.));
#6771=DIRECTION('ref_axis',(0.793353340291236,0.60876142900872,0.));
#6772=DIRECTION('',(0.60876142900872,-0.793353340291236,0.));
#6773=DIRECTION('center_axis',(-0.60876142900872,0.793353340291236,0.));
#6774=DIRECTION('ref_axis',(-0.793353340291236,-0.60876142900872,0.));
#6775=DIRECTION('center_axis',(-0.60876142900872,0.793353340291236,0.));
#6776=DIRECTION('ref_axis',(-0.793353340291236,-0.60876142900872,0.));
#6777=DIRECTION('center_axis',(0.60876142900872,-0.793353340291236,0.));
#6778=DIRECTION('ref_axis',(0.793353340291236,0.60876142900872,0.));
#6779=DIRECTION('',(0.60876142900872,-0.793353340291236,0.));
#6780=DIRECTION('center_axis',(-0.60876142900872,0.793353340291236,0.));
#6781=DIRECTION('ref_axis',(-0.793353340291236,-0.60876142900872,0.));
#6782=DIRECTION('center_axis',(-0.60876142900872,0.793353340291236,0.));
#6783=DIRECTION('ref_axis',(-0.793353340291236,-0.60876142900872,0.));
#6784=DIRECTION('center_axis',(0.608761429008721,0.793353340291235,0.));
#6785=DIRECTION('ref_axis',(-0.793353340291235,0.608761429008721,0.));
#6786=DIRECTION('',(0.608761429008721,0.793353340291235,0.));
#6787=DIRECTION('center_axis',(-0.608761429008721,-0.793353340291235,0.));
#6788=DIRECTION('ref_axis',(0.793353340291235,-0.608761429008721,0.));
#6789=DIRECTION('center_axis',(-0.608761429008721,-0.793353340291235,0.));
#6790=DIRECTION('ref_axis',(0.793353340291235,-0.608761429008721,0.));
#6791=DIRECTION('center_axis',(0.608761429008721,0.793353340291235,0.));
#6792=DIRECTION('ref_axis',(-0.793353340291235,0.608761429008721,0.));
#6793=DIRECTION('',(0.608761429008721,0.793353340291235,0.));
#6794=DIRECTION('center_axis',(-0.608761429008721,-0.793353340291235,0.));
#6795=DIRECTION('ref_axis',(0.793353340291235,-0.608761429008721,0.));
#6796=DIRECTION('center_axis',(-0.608761429008721,-0.793353340291235,0.));
#6797=DIRECTION('ref_axis',(0.793353340291235,-0.608761429008721,0.));
#6798=DIRECTION('center_axis',(0.608761429008721,0.793353340291235,0.));
#6799=DIRECTION('ref_axis',(-0.793353340291235,0.608761429008721,0.));
#6800=DIRECTION('',(0.608761429008721,0.793353340291235,0.));
#6801=DIRECTION('center_axis',(-0.608761429008721,-0.793353340291235,0.));
#6802=DIRECTION('ref_axis',(0.793353340291235,-0.608761429008721,0.));
#6803=DIRECTION('center_axis',(-0.608761429008721,-0.793353340291235,0.));
#6804=DIRECTION('ref_axis',(0.793353340291235,-0.608761429008721,0.));
#6805=DIRECTION('center_axis',(0.99144486137381,0.130526192220051,0.));
#6806=DIRECTION('ref_axis',(-0.130526192220051,0.99144486137381,0.));
#6807=DIRECTION('',(0.99144486137381,0.130526192220051,0.));
#6808=DIRECTION('center_axis',(-0.99144486137381,-0.130526192220051,0.));
#6809=DIRECTION('ref_axis',(0.130526192220051,-0.99144486137381,0.));
#6810=DIRECTION('center_axis',(-0.99144486137381,-0.130526192220051,0.));
#6811=DIRECTION('ref_axis',(0.130526192220051,-0.991444861373811,0.));
#6812=DIRECTION('center_axis',(0.99144486137381,0.130526192220051,0.));
#6813=DIRECTION('ref_axis',(-0.130526192220051,0.99144486137381,0.));
#6814=DIRECTION('',(0.99144486137381,0.130526192220051,0.));
#6815=DIRECTION('center_axis',(-0.99144486137381,-0.130526192220051,0.));
#6816=DIRECTION('ref_axis',(0.130526192220051,-0.99144486137381,0.));
#6817=DIRECTION('center_axis',(-0.99144486137381,-0.130526192220051,0.));
#6818=DIRECTION('ref_axis',(0.130526192220051,-0.991444861373811,0.));
#6819=DIRECTION('center_axis',(0.99144486137381,0.130526192220051,0.));
#6820=DIRECTION('ref_axis',(-0.130526192220051,0.99144486137381,0.));
#6821=DIRECTION('',(0.99144486137381,0.130526192220051,0.));
#6822=DIRECTION('center_axis',(-0.99144486137381,-0.130526192220051,0.));
#6823=DIRECTION('ref_axis',(0.130526192220051,-0.99144486137381,0.));
#6824=DIRECTION('center_axis',(-0.99144486137381,-0.130526192220051,0.));
#6825=DIRECTION('ref_axis',(0.130526192220051,-0.991444861373811,0.));
#6826=DIRECTION('center_axis',(-0.38268343236509,0.923879532511287,0.));
#6827=DIRECTION('ref_axis',(-0.923879532511287,-0.38268343236509,0.));
#6828=DIRECTION('',(-0.38268343236509,0.923879532511287,0.));
#6829=DIRECTION('center_axis',(0.38268343236509,-0.923879532511287,0.));
#6830=DIRECTION('ref_axis',(0.923879532511287,0.38268343236509,0.));
#6831=DIRECTION('center_axis',(0.38268343236509,-0.923879532511287,0.));
#6832=DIRECTION('ref_axis',(0.923879532511287,0.38268343236509,0.));
#6833=DIRECTION('center_axis',(-0.38268343236509,0.923879532511287,0.));
#6834=DIRECTION('ref_axis',(-0.923879532511287,-0.38268343236509,0.));
#6835=DIRECTION('',(-0.38268343236509,0.923879532511287,0.));
#6836=DIRECTION('center_axis',(0.38268343236509,-0.923879532511287,0.));
#6837=DIRECTION('ref_axis',(0.923879532511287,0.38268343236509,0.));
#6838=DIRECTION('center_axis',(0.38268343236509,-0.923879532511287,0.));
#6839=DIRECTION('ref_axis',(0.923879532511287,0.38268343236509,0.));
#6840=DIRECTION('center_axis',(-0.38268343236509,0.923879532511287,0.));
#6841=DIRECTION('ref_axis',(-0.923879532511287,-0.38268343236509,0.));
#6842=DIRECTION('',(-0.38268343236509,0.923879532511287,0.));
#6843=DIRECTION('center_axis',(0.38268343236509,-0.923879532511287,0.));
#6844=DIRECTION('ref_axis',(0.923879532511287,0.38268343236509,0.));
#6845=DIRECTION('center_axis',(0.38268343236509,-0.923879532511287,0.));
#6846=DIRECTION('ref_axis',(0.923879532511287,0.38268343236509,0.));
#6847=DIRECTION('center_axis',(0.382683432365091,0.923879532511286,0.));
#6848=DIRECTION('ref_axis',(-0.923879532511286,0.382683432365091,0.));
#6849=DIRECTION('',(0.382683432365091,0.923879532511286,0.));
#6850=DIRECTION('center_axis',(-0.382683432365091,-0.923879532511286,0.));
#6851=DIRECTION('ref_axis',(0.923879532511286,-0.382683432365091,0.));
#6852=DIRECTION('center_axis',(-0.382683432365091,-0.923879532511286,0.));
#6853=DIRECTION('ref_axis',(0.923879532511286,-0.382683432365091,0.));
#6854=DIRECTION('center_axis',(0.382683432365091,0.923879532511286,0.));
#6855=DIRECTION('ref_axis',(-0.923879532511286,0.382683432365091,0.));
#6856=DIRECTION('',(0.382683432365091,0.923879532511286,0.));
#6857=DIRECTION('center_axis',(-0.382683432365091,-0.923879532511286,0.));
#6858=DIRECTION('ref_axis',(0.923879532511286,-0.382683432365091,0.));
#6859=DIRECTION('center_axis',(-0.382683432365091,-0.923879532511286,0.));
#6860=DIRECTION('ref_axis',(0.923879532511286,-0.382683432365091,0.));
#6861=DIRECTION('center_axis',(0.382683432365091,0.923879532511286,0.));
#6862=DIRECTION('ref_axis',(-0.923879532511286,0.382683432365091,0.));
#6863=DIRECTION('',(0.382683432365091,0.923879532511286,0.));
#6864=DIRECTION('center_axis',(-0.382683432365091,-0.923879532511286,0.));
#6865=DIRECTION('ref_axis',(0.923879532511286,-0.382683432365091,0.));
#6866=DIRECTION('center_axis',(-0.382683432365091,-0.923879532511286,0.));
#6867=DIRECTION('ref_axis',(0.923879532511286,-0.382683432365091,0.));
#6868=DIRECTION('center_axis',(-0.99144486137381,0.130526192220052,0.));
#6869=DIRECTION('ref_axis',(-0.130526192220052,-0.99144486137381,0.));
#6870=DIRECTION('',(-0.99144486137381,0.130526192220052,0.));
#6871=DIRECTION('center_axis',(0.99144486137381,-0.130526192220052,0.));
#6872=DIRECTION('ref_axis',(0.130526192220052,0.99144486137381,0.));
#6873=DIRECTION('center_axis',(0.99144486137381,-0.130526192220052,0.));
#6874=DIRECTION('ref_axis',(0.130526192220052,0.99144486137381,0.));
#6875=DIRECTION('center_axis',(-0.99144486137381,0.130526192220052,0.));
#6876=DIRECTION('ref_axis',(-0.130526192220052,-0.99144486137381,0.));
#6877=DIRECTION('',(-0.99144486137381,0.130526192220052,0.));
#6878=DIRECTION('center_axis',(0.99144486137381,-0.130526192220052,0.));
#6879=DIRECTION('ref_axis',(0.130526192220052,0.99144486137381,0.));
#6880=DIRECTION('center_axis',(0.99144486137381,-0.130526192220052,0.));
#6881=DIRECTION('ref_axis',(0.130526192220052,0.99144486137381,0.));
#6882=DIRECTION('center_axis',(-0.99144486137381,0.130526192220052,0.));
#6883=DIRECTION('ref_axis',(-0.130526192220052,-0.99144486137381,0.));
#6884=DIRECTION('',(-0.99144486137381,0.130526192220052,0.));
#6885=DIRECTION('center_axis',(0.99144486137381,-0.130526192220052,0.));
#6886=DIRECTION('ref_axis',(0.130526192220052,0.99144486137381,0.));
#6887=DIRECTION('center_axis',(0.99144486137381,-0.130526192220052,0.));
#6888=DIRECTION('ref_axis',(0.130526192220052,0.99144486137381,0.));
#6889=DIRECTION('center_axis',(-0.60876142900872,0.793353340291236,0.));
#6890=DIRECTION('ref_axis',(-0.793353340291236,-0.60876142900872,0.));
#6891=DIRECTION('',(-0.60876142900872,0.793353340291236,0.));
#6892=DIRECTION('center_axis',(0.60876142900872,-0.793353340291236,0.));
#6893=DIRECTION('ref_axis',(0.793353340291236,0.60876142900872,0.));
#6894=DIRECTION('center_axis',(0.60876142900872,-0.793353340291236,0.));
#6895=DIRECTION('ref_axis',(0.793353340291236,0.60876142900872,0.));
#6896=DIRECTION('center_axis',(-0.60876142900872,0.793353340291236,0.));
#6897=DIRECTION('ref_axis',(-0.793353340291236,-0.60876142900872,0.));
#6898=DIRECTION('',(-0.60876142900872,0.793353340291236,0.));
#6899=DIRECTION('center_axis',(0.60876142900872,-0.793353340291236,0.));
#6900=DIRECTION('ref_axis',(0.793353340291236,0.60876142900872,0.));
#6901=DIRECTION('center_axis',(0.60876142900872,-0.793353340291236,0.));
#6902=DIRECTION('ref_axis',(0.793353340291236,0.60876142900872,0.));
#6903=DIRECTION('center_axis',(-0.60876142900872,0.793353340291236,0.));
#6904=DIRECTION('ref_axis',(-0.793353340291236,-0.60876142900872,0.));
#6905=DIRECTION('',(-0.60876142900872,0.793353340291236,0.));
#6906=DIRECTION('center_axis',(0.60876142900872,-0.793353340291236,0.));
#6907=DIRECTION('ref_axis',(0.793353340291236,0.60876142900872,0.));
#6908=DIRECTION('center_axis',(0.60876142900872,-0.793353340291236,0.));
#6909=DIRECTION('ref_axis',(0.793353340291236,0.60876142900872,0.));
#6910=DIRECTION('center_axis',(-0.608761429008721,-0.793353340291235,0.));
#6911=DIRECTION('ref_axis',(0.793353340291235,-0.608761429008721,0.));
#6912=DIRECTION('',(-0.608761429008721,-0.793353340291235,0.));
#6913=DIRECTION('center_axis',(0.608761429008722,0.793353340291234,0.));
#6914=DIRECTION('ref_axis',(-0.793353340291234,0.608761429008721,0.));
#6915=DIRECTION('center_axis',(0.608761429008722,0.793353340291234,0.));
#6916=DIRECTION('ref_axis',(-0.793353340291234,0.608761429008722,0.));
#6917=DIRECTION('center_axis',(-0.608761429008721,-0.793353340291235,0.));
#6918=DIRECTION('ref_axis',(0.793353340291235,-0.608761429008721,0.));
#6919=DIRECTION('',(-0.608761429008721,-0.793353340291235,0.));
#6920=DIRECTION('center_axis',(0.608761429008722,0.793353340291234,0.));
#6921=DIRECTION('ref_axis',(-0.793353340291234,0.608761429008721,0.));
#6922=DIRECTION('center_axis',(0.608761429008722,0.793353340291234,0.));
#6923=DIRECTION('ref_axis',(-0.793353340291234,0.608761429008722,0.));
#6924=DIRECTION('center_axis',(-0.608761429008721,-0.793353340291235,0.));
#6925=DIRECTION('ref_axis',(0.793353340291235,-0.608761429008721,0.));
#6926=DIRECTION('',(-0.608761429008721,-0.793353340291235,0.));
#6927=DIRECTION('center_axis',(0.608761429008722,0.793353340291234,0.));
#6928=DIRECTION('ref_axis',(-0.793353340291234,0.608761429008721,0.));
#6929=DIRECTION('center_axis',(0.608761429008722,0.793353340291234,0.));
#6930=DIRECTION('ref_axis',(-0.793353340291234,0.608761429008722,0.));
#6931=DIRECTION('center_axis',(-0.991444861373811,-0.13052619222005,0.));
#6932=DIRECTION('ref_axis',(0.13052619222005,-0.991444861373811,0.));
#6933=DIRECTION('',(-0.991444861373811,-0.13052619222005,0.));
#6934=DIRECTION('center_axis',(0.991444861373811,0.13052619222005,0.));
#6935=DIRECTION('ref_axis',(-0.13052619222005,0.991444861373811,0.));
#6936=DIRECTION('center_axis',(0.991444861373811,0.13052619222005,0.));
#6937=DIRECTION('ref_axis',(-0.13052619222005,0.991444861373811,0.));
#6938=DIRECTION('center_axis',(-0.991444861373811,-0.13052619222005,0.));
#6939=DIRECTION('ref_axis',(0.13052619222005,-0.991444861373811,0.));
#6940=DIRECTION('',(-0.991444861373811,-0.13052619222005,0.));
#6941=DIRECTION('center_axis',(0.991444861373811,0.13052619222005,0.));
#6942=DIRECTION('ref_axis',(-0.13052619222005,0.991444861373811,0.));
#6943=DIRECTION('center_axis',(0.991444861373811,0.13052619222005,0.));
#6944=DIRECTION('ref_axis',(-0.13052619222005,0.991444861373811,0.));
#6945=DIRECTION('center_axis',(-0.991444861373811,-0.13052619222005,0.));
#6946=DIRECTION('ref_axis',(0.13052619222005,-0.991444861373811,0.));
#6947=DIRECTION('',(-0.991444861373811,-0.13052619222005,0.));
#6948=DIRECTION('center_axis',(0.991444861373811,0.13052619222005,0.));
#6949=DIRECTION('ref_axis',(-0.13052619222005,0.991444861373811,0.));
#6950=DIRECTION('center_axis',(0.991444861373811,0.13052619222005,0.));
#6951=DIRECTION('ref_axis',(-0.13052619222005,0.991444861373811,0.));
#6952=DIRECTION('center_axis',(0.,0.,1.));
#6953=DIRECTION('ref_axis',(1.,0.,0.));
#6954=DIRECTION('center_axis',(0.,0.,1.));
#6955=DIRECTION('ref_axis',(1.,0.,0.));
#6956=DIRECTION('',(0.,0.,1.));
#6957=DIRECTION('center_axis',(0.,0.,1.));
#6958=DIRECTION('ref_axis',(1.,0.,0.));
#6959=DIRECTION('axis',(0.,0.,1.));
#6960=DIRECTION('refdir',(1.,0.,0.));
#6961=DIRECTION('axis',(0.,0.,1.));
#6962=DIRECTION('refdir',(1.,0.,0.));
#6963=DIRECTION('center_axis',(0.612372435695792,0.353553390593271,-0.707106781186551));
#6964=DIRECTION('ref_axis',(-0.755928946018458,0.,-0.654653670707974));
#6965=DIRECTION('',(0.6123724356958,0.353553390593271,0.707106781186544));
#6966=DIRECTION('',(-0.499999999999999,0.866025403784439,0.));
#6967=DIRECTION('',(-0.6123724356958,-0.353553390593271,-0.707106781186544));
#6968=DIRECTION('',(-0.499999999999999,0.866025403784439,0.));
#6969=DIRECTION('center_axis',(0.612372435695792,0.353553390593271,-0.707106781186551));
#6970=DIRECTION('ref_axis',(-0.755928946018458,0.,-0.654653670707974));
#6971=DIRECTION('',(0.612372435695799,0.353553390593274,0.707106781186544));
#6972=DIRECTION('',(-0.499999999999999,0.866025403784439,0.));
#6973=DIRECTION('',(-0.612372435695799,-0.353553390593274,-0.707106781186544));
#6974=DIRECTION('',(-0.499999999999999,0.866025403784439,0.));
#6975=DIRECTION('center_axis',(-0.612372435695796,0.353553390593278,-0.707106781186544));
#6976=DIRECTION('ref_axis',(-0.755928946018452,0.,0.65465367070798));
#6977=DIRECTION('',(-0.612372435695787,0.35355339059328,0.707106781186551));
#6978=DIRECTION('',(-0.500000000000003,-0.866025403784437,0.));
#6979=DIRECTION('',(0.612372435695787,-0.35355339059328,-0.707106781186551));
#6980=DIRECTION('',(-0.500000000000003,-0.866025403784437,0.));
#6981=DIRECTION('center_axis',(-0.612372435695796,0.353553390593278,-0.707106781186544));
#6982=DIRECTION('ref_axis',(-0.755928946018452,0.,0.65465367070798));
#6983=DIRECTION('',(-0.612372435695789,0.353553390593278,0.707106781186551));
#6984=DIRECTION('',(-0.500000000000003,-0.866025403784437,0.));
#6985=DIRECTION('',(0.612372435695789,-0.353553390593278,-0.707106781186551));
#6986=DIRECTION('',(-0.500000000000003,-0.866025403784437,0.));
#6987=DIRECTION('center_axis',(0.500000000000008,0.866025403784434,0.));
#6988=DIRECTION('ref_axis',(0.,0.,-1.));
#6989=DIRECTION('',(0.,0.,1.));
#6990=DIRECTION('',(0.,0.,-1.));
#6991=DIRECTION('',(-0.866025403784434,0.500000000000008,0.));
#6992=DIRECTION('',(0.,0.,1.));
#6993=DIRECTION('center_axis',(0.,0.,1.));
#6994=DIRECTION('ref_axis',(0.500000000000003,0.866025403784437,0.));
#6995=DIRECTION('',(-0.500000000000003,-0.866025403784437,0.));
#6996=DIRECTION('',(0.500000000000003,0.866025403784437,0.));
#6997=DIRECTION('',(-0.866025403784434,0.500000000000008,0.));
#6998=DIRECTION('center_axis',(-0.500000000000008,-0.866025403784434,0.));
#6999=DIRECTION('ref_axis',(0.,0.,1.));
#7000=DIRECTION('',(0.,0.,-1.));
#7001=DIRECTION('',(0.,0.,1.));
#7002=DIRECTION('',(0.,0.,-1.));
#7003=DIRECTION('center_axis',(-0.866025403784434,0.500000000000008,0.));
#7004=DIRECTION('ref_axis',(0.,0.,1.));
#7005=DIRECTION('center_axis',(-0.866025403784437,0.500000000000003,0.));
#7006=DIRECTION('ref_axis',(-0.500000000000003,-0.866025403784437,0.));
#7007=DIRECTION('',(0.500000000000003,0.866025403784437,0.));
#7008=DIRECTION('center_axis',(0.500000000000011,0.866025403784432,0.));
#7009=DIRECTION('ref_axis',(0.,0.,-1.));
#7010=DIRECTION('',(0.,0.,1.));
#7011=DIRECTION('',(0.,0.,-1.));
#7012=DIRECTION('',(-0.866025403784432,0.500000000000011,0.));
#7013=DIRECTION('',(0.,0.,1.));
#7014=DIRECTION('center_axis',(0.,0.,1.));
#7015=DIRECTION('ref_axis',(0.500000000000003,0.866025403784437,0.));
#7016=DIRECTION('',(-0.500000000000003,-0.866025403784437,0.));
#7017=DIRECTION('',(0.500000000000003,0.866025403784437,0.));
#7018=DIRECTION('',(-0.866025403784432,0.500000000000011,0.));
#7019=DIRECTION('center_axis',(-0.500000000000011,-0.866025403784432,0.));
#7020=DIRECTION('ref_axis',(0.,0.,1.));
#7021=DIRECTION('',(0.,0.,-1.));
#7022=DIRECTION('',(0.,0.,1.));
#7023=DIRECTION('',(0.,0.,-1.));
#7024=DIRECTION('center_axis',(-0.866025403784432,0.500000000000011,0.));
#7025=DIRECTION('ref_axis',(0.,0.,1.));
#7026=DIRECTION('center_axis',(-0.866025403784437,0.500000000000003,0.));
#7027=DIRECTION('ref_axis',(-0.500000000000003,-0.866025403784437,0.));
#7028=DIRECTION('',(0.500000000000003,0.866025403784437,0.));
#7029=DIRECTION('center_axis',(0.,0.,1.));
#7030=DIRECTION('ref_axis',(0.499999999999999,-0.866025403784439,0.));
#7031=DIRECTION('',(0.499999999999999,-0.866025403784439,0.));
#7032=DIRECTION('',(0.86602540378444,0.499999999999997,0.));
#7033=DIRECTION('',(0.499999999999999,-0.866025403784439,0.));
#7034=DIRECTION('',(0.86602540378444,0.499999999999997,0.));
#7035=DIRECTION('center_axis',(-0.499999999999997,0.86602540378444,0.));
#7036=DIRECTION('ref_axis',(0.,0.,1.));
#7037=DIRECTION('',(0.,0.,-1.));
#7038=DIRECTION('',(0.,0.,1.));
#7039=DIRECTION('',(0.,0.,1.));
#7040=DIRECTION('center_axis',(0.499999999999997,-0.86602540378444,0.));
#7041=DIRECTION('ref_axis',(0.,0.,-1.));
#7042=DIRECTION('',(0.,0.,-1.));
#7043=DIRECTION('',(0.,0.,1.));
#7044=DIRECTION('',(0.,0.,-1.));
#7045=DIRECTION('center_axis',(0.86602540378444,0.499999999999997,0.));
#7046=DIRECTION('ref_axis',(0.,0.,-1.));
#7047=DIRECTION('center_axis',(0.866025403784439,0.499999999999999,0.));
#7048=DIRECTION('ref_axis',(-0.499999999999999,0.866025403784439,0.));
#7049=DIRECTION('',(0.499999999999999,-0.866025403784439,0.));
#7050=DIRECTION('center_axis',(0.,0.,1.));
#7051=DIRECTION('ref_axis',(0.499999999999999,-0.866025403784439,0.));
#7052=DIRECTION('',(0.499999999999999,-0.866025403784439,0.));
#7053=DIRECTION('',(0.866025403784442,0.499999999999994,0.));
#7054=DIRECTION('',(0.499999999999999,-0.866025403784439,0.));
#7055=DIRECTION('',(0.866025403784442,0.499999999999994,0.));
#7056=DIRECTION('center_axis',(-0.499999999999994,0.866025403784442,0.));
#7057=DIRECTION('ref_axis',(0.,0.,1.));
#7058=DIRECTION('',(0.,0.,-1.));
#7059=DIRECTION('',(0.,0.,1.));
#7060=DIRECTION('',(0.,0.,1.));
#7061=DIRECTION('center_axis',(0.499999999999994,-0.866025403784442,0.));
#7062=DIRECTION('ref_axis',(0.,0.,-1.));
#7063=DIRECTION('',(0.,0.,-1.));
#7064=DIRECTION('',(0.,0.,1.));
#7065=DIRECTION('',(0.,0.,-1.));
#7066=DIRECTION('center_axis',(0.866025403784442,0.499999999999994,0.));
#7067=DIRECTION('ref_axis',(0.,0.,-1.));
#7068=DIRECTION('center_axis',(0.866025403784439,0.499999999999999,0.));
#7069=DIRECTION('ref_axis',(-0.499999999999999,0.866025403784439,0.));
#7070=DIRECTION('',(0.499999999999999,-0.866025403784439,0.));
#7071=DIRECTION('center_axis',(0.,0.,1.));
#7072=DIRECTION('ref_axis',(-0.5,0.866025403784439,0.));
#7073=DIRECTION('',(-0.353553390593273,-0.612372435695794,-0.707106781186548));
#7074=DIRECTION('center_axis',(0.,0.,1.));
#7075=DIRECTION('ref_axis',(-0.5,0.866025403784439,0.));
#7076=DIRECTION('',(-0.353553390593273,0.612372435695794,0.707106781186548));
#7077=DIRECTION('center_axis',(0.,0.,-1.));
#7078=DIRECTION('ref_axis',(-0.5,0.866025403784439,0.));
#7079=DIRECTION('center_axis',(0.866025403784439,-0.499999999999999,0.));
#7080=DIRECTION('ref_axis',(-0.499999999999999,-0.866025403784439,0.));
#7081=DIRECTION('',(-0.499999999999999,-0.866025403784439,0.));
#7082=DIRECTION('',(0.,0.,-1.));
#7083=DIRECTION('',(-0.499999999999999,-0.866025403784439,0.));
#7084=DIRECTION('center_axis',(0.,0.,1.));
#7085=DIRECTION('ref_axis',(-0.473606937621485,0.880736321856206,0.));
#7086=DIRECTION('center_axis',(0.,0.,1.));
#7087=DIRECTION('ref_axis',(-0.473606937621485,0.880736321856206,0.));
#7088=DIRECTION('center_axis',(0.,0.,-1.));
#7089=DIRECTION('ref_axis',(-0.473606937621485,0.880736321856206,0.));
#7090=DIRECTION('center_axis',(-0.825813069609677,-0.563943945850865,0.));
#7091=DIRECTION('ref_axis',(-0.563943945850865,0.825813069609677,0.));
#7092=DIRECTION('',(0.,0.,-1.));
#7093=DIRECTION('',(-0.563943945850865,0.825813069609677,0.));
#7094=DIRECTION('center_axis',(-0.866025403784437,0.500000000000003,0.));
#7095=DIRECTION('ref_axis',(0.500000000000003,0.866025403784437,0.));
#7096=DIRECTION('',(0.500000000000003,0.866025403784437,0.));
#7097=DIRECTION('',(-0.500000000000003,-0.866025403784437,0.));
#7098=DIRECTION('',(0.,0.,-1.));
#7099=DIRECTION('',(0.500000000000003,0.866025403784437,0.));
#7100=DIRECTION('',(0.500000000000003,0.866025403784437,0.));
#7101=DIRECTION('center_axis',(0.,0.,-1.));
#7102=DIRECTION('ref_axis',(1.,0.,0.));
#7103=DIRECTION('',(-0.499999999999999,0.866025403784439,0.));
#7104=DIRECTION('center_axis',(0.,0.,-1.));
#7105=DIRECTION('ref_axis',(0.382683432365075,-0.923879532511293,0.));
#7106=DIRECTION('',(-0.923879532511288,-0.382683432365087,0.));
#7107=DIRECTION('center_axis',(0.,0.,1.));
#7108=DIRECTION('ref_axis',(-0.382683432365083,0.92387953251129,0.));
#7109=DIRECTION('center_axis',(0.,0.,1.));
#7110=DIRECTION('ref_axis',(-0.269308538290821,0.963053950307905,0.));
#7111=DIRECTION('center_axis',(0.,0.,1.));
#7112=DIRECTION('ref_axis',(-0.673730806639471,0.738976860385309,0.));
#7113=DIRECTION('',(-0.923879532511286,0.382683432365092,0.));
#7114=DIRECTION('center_axis',(0.,0.,-1.));
#7115=DIRECTION('ref_axis',(0.86602540378444,-0.499999999999997,0.));
#7116=DIRECTION('center_axis',(0.825993563574878,-0.563679548088162,0.));
#7117=DIRECTION('ref_axis',(-0.563679548088162,-0.825993563574878,0.));
#7118=DIRECTION('',(0.563679548088162,0.825993563574878,0.));
#7119=DIRECTION('',(0.,0.,-1.));
#7120=DIRECTION('center_axis',(0.,0.,-1.));
#7121=DIRECTION('ref_axis',(0.5,-0.866025403784439,0.));
#7122=DIRECTION('',(-0.499999999999999,0.866025403784439,0.));
#7123=DIRECTION('center_axis',(0.,0.,-1.));
#7124=DIRECTION('ref_axis',(-0.500000000000001,0.866025403784438,0.));
#7125=DIRECTION('center_axis',(0.,0.,1.));
#7126=DIRECTION('ref_axis',(0.86602540378444,-0.499999999999997,0.));
#7127=DIRECTION('',(0.923879532511286,-0.382683432365092,0.));
#7128=DIRECTION('center_axis',(0.,0.,-1.));
#7129=DIRECTION('ref_axis',(-0.673730806639471,0.738976860385309,0.));
#7130=DIRECTION('center_axis',(0.,0.,-1.));
#7131=DIRECTION('ref_axis',(-0.269308538290821,0.963053950307905,0.));
#7132=DIRECTION('center_axis',(0.,0.,-1.));
#7133=DIRECTION('ref_axis',(-0.382683432365083,0.92387953251129,0.));
#7134=DIRECTION('',(0.923879532511288,0.382683432365087,0.));
#7135=DIRECTION('center_axis',(0.,0.,1.));
#7136=DIRECTION('ref_axis',(0.382683432365075,-0.923879532511293,0.));
#7137=DIRECTION('',(0.499999999999999,-0.866025403784439,0.));
#7138=DIRECTION('',(0.499999999999999,-0.866025403784439,0.));
#7139=DIRECTION('',(0.499999999999999,-0.866025403784439,0.));
#7140=DIRECTION('center_axis',(0.,0.,-1.));
#7141=DIRECTION('ref_axis',(-0.269308538290821,0.963053950307905,0.));
#7142=DIRECTION('',(0.,0.,-1.));
#7143=DIRECTION('',(0.,0.,-1.));
#7144=DIRECTION('center_axis',(0.,0.,-1.));
#7145=DIRECTION('ref_axis',(-0.382683432365083,0.92387953251129,0.));
#7146=DIRECTION('',(0.,0.,-1.));
#7147=DIRECTION('center_axis',(-0.382683432365087,0.923879532511288,0.));
#7148=DIRECTION('ref_axis',(0.923879532511288,0.382683432365087,0.));
#7149=DIRECTION('',(0.,0.,-1.));
#7150=DIRECTION('center_axis',(0.,0.,-1.));
#7151=DIRECTION('ref_axis',(0.382683432365075,-0.923879532511293,0.));
#7152=DIRECTION('',(0.,0.,-1.));
#7153=DIRECTION('center_axis',(0.866025403784439,0.499999999999999,0.));
#7154=DIRECTION('ref_axis',(0.499999999999999,-0.866025403784439,0.));
#7155=DIRECTION('center_axis',(0.,0.,-1.));
#7156=DIRECTION('ref_axis',(0.86602540378444,-0.499999999999997,0.));
#7157=DIRECTION('',(0.,0.,-1.));
#7158=DIRECTION('center_axis',(0.382683432365092,0.923879532511286,0.));
#7159=DIRECTION('ref_axis',(0.923879532511286,-0.382683432365092,0.));
#7160=DIRECTION('',(0.,0.,-1.));
#7161=DIRECTION('center_axis',(0.,0.,-1.));
#7162=DIRECTION('ref_axis',(-0.673730806639471,0.738976860385309,0.));
#7163=DIRECTION('center_axis',(0.,0.,-1.));
#7164=DIRECTION('ref_axis',(-0.500000000000001,0.866025403784438,0.));
#7165=DIRECTION('',(0.,0.,-1.));
#7166=DIRECTION('center_axis',(0.,0.,1.));
#7167=DIRECTION('ref_axis',(-0.500000000000001,0.866025403784438,0.));
#7168=DIRECTION('center_axis',(-0.866025403784439,-0.499999999999999,0.));
#7169=DIRECTION('ref_axis',(-0.499999999999999,0.866025403784439,0.));
#7170=DIRECTION('',(-0.499999999999999,0.866025403784439,0.));
#7171=DIRECTION('center_axis',(0.,0.,-1.));
#7172=DIRECTION('ref_axis',(0.5,-0.866025403784439,0.));
#7173=DIRECTION('center_axis',(0.,0.,-1.));
#7174=DIRECTION('ref_axis',(-1.,0.,0.));
#7175=DIRECTION('center_axis',(0.,0.,-1.));
#7176=DIRECTION('ref_axis',(1.,0.,0.));
#7177=DIRECTION('',(0.,0.,-1.));
#7178=DIRECTION('center_axis',(0.,0.,-1.));
#7179=DIRECTION('ref_axis',(1.,0.,0.));
#7180=DIRECTION('',(0.,0.,-1.));
#7181=DIRECTION('',(0.,0.,-1.));
#7182=DIRECTION('',(0.,0.,-1.));
#7183=DIRECTION('',(0.,0.,-1.));
#7184=DIRECTION('',(0.,0.,-1.));
#7185=DIRECTION('',(0.,0.,-1.));
#7186=DIRECTION('',(0.,0.,-1.));
#7187=DIRECTION('center_axis',(0.,0.,-1.));
#7188=DIRECTION('ref_axis',(-1.,0.,0.));
#7189=DIRECTION('center_axis',(0.,0.,-1.));
#7190=DIRECTION('ref_axis',(1.,0.,0.));
#7191=DIRECTION('',(0.,0.,-1.));
#7192=DIRECTION('center_axis',(0.,0.,-1.));
#7193=DIRECTION('ref_axis',(1.,0.,0.));
#7194=DIRECTION('',(0.,0.,-1.));
#7195=DIRECTION('',(0.,0.,-1.));
#7196=DIRECTION('',(0.,0.,-1.));
#7197=DIRECTION('',(0.,0.,-1.));
#7198=DIRECTION('',(0.,0.,-1.));
#7199=DIRECTION('',(0.,0.,-1.));
#7200=DIRECTION('',(0.,0.,-1.));
#7201=DIRECTION('center_axis',(0.,0.,-1.));
#7202=DIRECTION('ref_axis',(-1.,0.,0.));
#7203=DIRECTION('center_axis',(0.,0.,-1.));
#7204=DIRECTION('ref_axis',(1.,0.,0.));
#7205=DIRECTION('',(0.,0.,-1.));
#7206=DIRECTION('center_axis',(0.,0.,-1.));
#7207=DIRECTION('ref_axis',(1.,0.,0.));
#7208=DIRECTION('',(0.,0.,-1.));
#7209=DIRECTION('center_axis',(0.866025403784438,0.5,0.));
#7210=DIRECTION('ref_axis',(-0.5,0.866025403784438,0.));
#7211=DIRECTION('',(0.5,-0.866025403784438,0.));
#7212=DIRECTION('',(0.5,-0.866025403784438,0.));
#7213=DIRECTION('center_axis',(-0.38268343236509,0.923879532511287,0.));
#7214=DIRECTION('ref_axis',(-0.923879532511287,-0.38268343236509,0.));
#7215=DIRECTION('',(0.923879532511287,0.38268343236509,0.));
#7216=DIRECTION('',(0.,0.,-1.));
#7217=DIRECTION('',(0.923879532511287,0.38268343236509,0.));
#7218=DIRECTION('',(0.,0.,-1.));
#7219=DIRECTION('center_axis',(-0.38268343236509,0.923879532511287,0.));
#7220=DIRECTION('ref_axis',(-0.923879532511287,-0.38268343236509,0.));
#7221=DIRECTION('center_axis',(-0.38268343236509,0.923879532511287,0.));
#7222=DIRECTION('ref_axis',(-0.923879532511287,-0.38268343236509,0.));
#7223=DIRECTION('center_axis',(-0.38268343236509,0.923879532511287,0.));
#7224=DIRECTION('ref_axis',(-0.923879532511287,-0.38268343236509,0.));
#7225=DIRECTION('center_axis',(-0.866025403784439,-0.5,0.));
#7226=DIRECTION('ref_axis',(0.5,-0.866025403784439,0.));
#7227=DIRECTION('',(-0.5,0.866025403784439,0.));
#7228=DIRECTION('',(0.,0.,-1.));
#7229=DIRECTION('',(-0.5,0.866025403784439,0.));
#7230=DIRECTION('',(0.,0.,1.));
#7231=DIRECTION('center_axis',(0.,0.,-1.));
#7232=DIRECTION('ref_axis',(-1.,0.,0.));
#7233=DIRECTION('center_axis',(0.,0.,-1.));
#7234=DIRECTION('ref_axis',(1.,0.,0.));
#7235=DIRECTION('',(0.,0.,-1.));
#7236=DIRECTION('center_axis',(0.,0.,-1.));
#7237=DIRECTION('ref_axis',(1.,0.,0.));
#7238=DIRECTION('',(0.,0.,-1.));
#7239=DIRECTION('center_axis',(-0.866025403784439,0.5,0.));
#7240=DIRECTION('ref_axis',(-0.5,-0.866025403784439,0.));
#7241=DIRECTION('',(0.5,0.866025403784439,0.));
#7242=DIRECTION('',(0.,0.,-1.));
#7243=DIRECTION('',(0.5,0.866025403784439,0.));
#7244=DIRECTION('',(0.,0.,-1.));
#7245=DIRECTION('center_axis',(0.382683432365091,0.923879532511286,0.));
#7246=DIRECTION('ref_axis',(-0.923879532511286,0.382683432365091,0.));
#7247=DIRECTION('',(0.923879532511286,-0.382683432365091,0.));
#7248=DIRECTION('',(0.,0.,-1.));
#7249=DIRECTION('',(0.923879532511286,-0.382683432365091,0.));
#7250=DIRECTION('',(0.,0.,-1.));
#7251=DIRECTION('center_axis',(0.382683432365091,0.923879532511286,0.));
#7252=DIRECTION('ref_axis',(-0.923879532511286,0.382683432365091,0.));
#7253=DIRECTION('center_axis',(0.382683432365091,0.923879532511286,0.));
#7254=DIRECTION('ref_axis',(-0.923879532511286,0.382683432365091,0.));
#7255=DIRECTION('center_axis',(0.382683432365091,0.923879532511286,0.));
#7256=DIRECTION('ref_axis',(-0.923879532511286,0.382683432365091,0.));
#7257=DIRECTION('center_axis',(0.866025403784439,-0.5,0.));
#7258=DIRECTION('ref_axis',(0.5,0.866025403784439,0.));
#7259=DIRECTION('',(-0.5,-0.866025403784439,0.));
#7260=DIRECTION('',(-0.5,-0.866025403784439,0.));
#7261=DIRECTION('center_axis',(0.,0.,1.));
#7262=DIRECTION('ref_axis',(1.,0.,0.));
#7263=DIRECTION('center_axis',(0.,0.,1.));
#7264=DIRECTION('ref_axis',(1.,0.,0.));
#7265=DIRECTION('center_axis',(0.,0.,1.));
#7266=DIRECTION('ref_axis',(1.,0.,0.));
#7267=DIRECTION('center_axis',(0.,0.,1.));
#7268=DIRECTION('ref_axis',(1.,0.,0.));
#7269=DIRECTION('center_axis',(0.,0.,1.));
#7270=DIRECTION('ref_axis',(1.,0.,0.));
#7271=DIRECTION('center_axis',(0.,0.,1.));
#7272=DIRECTION('ref_axis',(1.,0.,0.));
#7273=DIRECTION('center_axis',(0.,0.,1.));
#7274=DIRECTION('ref_axis',(1.,0.,0.));
#7275=DIRECTION('center_axis',(0.,0.,1.));
#7276=DIRECTION('ref_axis',(1.,0.,0.));
#7277=DIRECTION('center_axis',(0.,0.,1.));
#7278=DIRECTION('ref_axis',(1.,0.,0.));
#7279=DIRECTION('center_axis',(0.,0.,1.));
#7280=DIRECTION('ref_axis',(1.,0.,0.));
#7281=DIRECTION('center_axis',(0.,0.,1.));
#7282=DIRECTION('ref_axis',(1.,0.,0.));
#7283=DIRECTION('center_axis',(0.,0.,1.));
#7284=DIRECTION('ref_axis',(1.,0.,0.));
#7285=DIRECTION('center_axis',(0.,0.,1.));
#7286=DIRECTION('ref_axis',(1.,0.,0.));
#7287=DIRECTION('center_axis',(0.,0.,1.));
#7288=DIRECTION('ref_axis',(1.,0.,0.));
#7289=DIRECTION('center_axis',(-0.38268343236509,0.923879532511287,0.));
#7290=DIRECTION('ref_axis',(-0.923879532511287,-0.38268343236509,0.));
#7291=DIRECTION('',(-0.38268343236509,0.923879532511287,0.));
#7292=DIRECTION('center_axis',(-0.38268343236509,0.923879532511287,0.));
#7293=DIRECTION('ref_axis',(-0.923879532511287,-0.38268343236509,0.));
#7294=DIRECTION('',(-0.38268343236509,0.923879532511287,0.));
#7295=DIRECTION('center_axis',(-0.38268343236509,0.923879532511287,0.));
#7296=DIRECTION('ref_axis',(-0.923879532511287,-0.38268343236509,0.));
#7297=DIRECTION('',(-0.38268343236509,0.923879532511287,0.));
#7298=DIRECTION('center_axis',(0.382683432365091,0.923879532511286,0.));
#7299=DIRECTION('ref_axis',(-0.923879532511286,0.382683432365091,0.));
#7300=DIRECTION('',(0.382683432365091,0.923879532511286,0.));
#7301=DIRECTION('center_axis',(0.382683432365091,0.923879532511286,0.));
#7302=DIRECTION('ref_axis',(-0.923879532511286,0.382683432365091,0.));
#7303=DIRECTION('',(0.382683432365091,0.923879532511286,0.));
#7304=DIRECTION('center_axis',(0.382683432365091,0.923879532511286,0.));
#7305=DIRECTION('ref_axis',(-0.923879532511286,0.382683432365091,0.));
#7306=DIRECTION('',(0.382683432365091,0.923879532511286,0.));
#7307=DIRECTION('center_axis',(0.,0.,-1.));
#7308=DIRECTION('ref_axis',(0.961905348856363,0.273382698504346,0.));
#7309=DIRECTION('center_axis',(0.,0.,1.));
#7310=DIRECTION('ref_axis',(1.,0.,0.));
#7311=DIRECTION('center_axis',(0.,0.,-1.));
#7312=DIRECTION('ref_axis',(-1.,0.,0.));
#7313=DIRECTION('center_axis',(0.,0.,-1.));
#7314=DIRECTION('ref_axis',(-1.,0.,0.));
#7315=DIRECTION('center_axis',(0.,0.,-1.));
#7316=DIRECTION('ref_axis',(-1.,0.,0.));
#7317=DIRECTION('center_axis',(0.,0.,-1.));
#7318=DIRECTION('ref_axis',(-1.,0.,0.));
#7319=DIRECTION('center_axis',(1.96200667387074E-16,-1.,-1.94905599838898E-32));
#7320=DIRECTION('ref_axis',(1.,1.96200667387074E-16,0.));
#7321=DIRECTION('',(1.96200667387074E-16,-1.,-1.94905599838898E-32));
#7322=DIRECTION('',(1.96200667387074E-16,-1.,-1.94905599838898E-32));
#7323=DIRECTION('center_axis',(1.,1.96200667387074E-16,-8.30758332962362E-64));
#7324=DIRECTION('ref_axis',(-1.96200667387074E-16,1.,0.));
#7325=DIRECTION('',(1.96200667387074E-16,-1.,-1.94905599838898E-32));
#7326=DIRECTION('center_axis',(1.96200667387074E-16,-1.,-1.94905599838898E-32));
#7327=DIRECTION('ref_axis',(1.,1.96200667387074E-16,0.));
#7328=DIRECTION('',(1.96200667387074E-16,-1.,-1.94905599838898E-32));
#7329=DIRECTION('center_axis',(1.,1.96200667387074E-16,-8.30758332962362E-64));
#7330=DIRECTION('ref_axis',(-1.96200667387074E-16,1.,0.));
#7331=DIRECTION('center_axis',(1.96200667387074E-16,-1.,-1.94905599838898E-32));
#7332=DIRECTION('ref_axis',(1.,1.96200667387074E-16,0.));
#7333=DIRECTION('',(1.96200667387074E-16,-1.,-1.94905599838898E-32));
#7334=DIRECTION('',(1.96200667387074E-16,-1.,-1.94905599838898E-32));
#7335=DIRECTION('center_axis',(1.,1.96200667387074E-16,-8.30758332962362E-64));
#7336=DIRECTION('ref_axis',(-1.96200667387074E-16,1.,0.));
#7337=DIRECTION('',(1.96200667387074E-16,-1.,-1.94905599838898E-32));
#7338=DIRECTION('center_axis',(1.96200667387074E-16,-1.,-1.94905599838898E-32));
#7339=DIRECTION('ref_axis',(1.,1.96200667387074E-16,0.));
#7340=DIRECTION('',(1.96200667387074E-16,-1.,-1.94905599838898E-32));
#7341=DIRECTION('center_axis',(1.,1.96200667387074E-16,-8.30758332962362E-64));
#7342=DIRECTION('ref_axis',(-1.96200667387074E-16,1.,0.));
#7343=DIRECTION('center_axis',(1.96200667387074E-16,-1.,-1.94905599838898E-32));
#7344=DIRECTION('ref_axis',(1.,1.96200667387074E-16,0.));
#7345=DIRECTION('',(1.96200667387074E-16,-1.,-1.94905599838898E-32));
#7346=DIRECTION('',(1.96200667387074E-16,-1.,-1.94905599838898E-32));
#7347=DIRECTION('center_axis',(1.,1.96200667387074E-16,-8.30758332962362E-64));
#7348=DIRECTION('ref_axis',(-1.96200667387074E-16,1.,0.));
#7349=DIRECTION('',(1.96200667387074E-16,-1.,-1.94905599838898E-32));
#7350=DIRECTION('center_axis',(1.96200667387074E-16,-1.,-1.94905599838898E-32));
#7351=DIRECTION('ref_axis',(1.,1.96200667387074E-16,0.));
#7352=DIRECTION('',(1.96200667387074E-16,-1.,-1.94905599838898E-32));
#7353=DIRECTION('center_axis',(1.,1.96200667387074E-16,-8.30758332962362E-64));
#7354=DIRECTION('ref_axis',(-1.96200667387074E-16,1.,0.));
#7355=DIRECTION('',(0.,0.,1.));
#7356=DIRECTION('',(1.,0.,0.));
#7357=DIRECTION('axis',(0.,0.,1.));
#7358=DIRECTION('refdir',(1.,0.,0.));
#7359=DIRECTION('axis',(0.,0.,1.));
#7360=DIRECTION('refdir',(1.,0.,0.));
#7361=DIRECTION('center_axis',(1.30458173044515E-16,3.93548078437771E-18,
1.));
#7362=DIRECTION('ref_axis',(1.,-5.13415633181711E-34,-1.30458173044515E-16));
#7363=DIRECTION('center_axis',(1.30458173044515E-16,3.93548078437771E-18,
1.));
#7364=DIRECTION('ref_axis',(-1.,8.88178419700125E-16,1.30458173044515E-16));
#7365=DIRECTION('',(0.728769469901636,8.65536634834241E-17,-0.684759125342107));
#7366=DIRECTION('center_axis',(0.,0.,-1.));
#7367=DIRECTION('ref_axis',(1.,0.,0.));
#7368=DIRECTION('center_axis',(1.30458173044515E-16,3.93548078437771E-18,
1.));
#7369=DIRECTION('ref_axis',(-1.,8.88178419700125E-16,1.30458173044515E-16));
#7370=DIRECTION('center_axis',(1.29968284133075E-16,3.69065499498696E-18,
-1.));
#7371=DIRECTION('ref_axis',(-1.,4.79668097025617E-34,-1.29968284133075E-16));
#7372=DIRECTION('center_axis',(0.,-1.22464679914735E-16,-1.));
#7373=DIRECTION('ref_axis',(0.,1.,-1.22464679914735E-16));
#7374=DIRECTION('',(-0.707106781186535,8.39859184495725E-17,0.70710678118656));
#7375=DIRECTION('center_axis',(0.,0.,1.));
#7376=DIRECTION('ref_axis',(1.,0.,0.));
#7377=DIRECTION('center_axis',(0.,-1.22464679914735E-16,-1.));
#7378=DIRECTION('ref_axis',(0.,1.,-1.22464679914735E-16));
#7379=DIRECTION('center_axis',(0.,-1.22464679914735E-16,-1.));
#7380=DIRECTION('ref_axis',(0.,-1.,1.22464679914735E-16));
#7381=DIRECTION('center_axis',(0.,-1.22464679914735E-16,-1.));
#7382=DIRECTION('ref_axis',(0.,1.,-1.22464679914735E-16));
#7383=DIRECTION('center_axis',(0.,-1.22464679914735E-16,-1.));
#7384=DIRECTION('ref_axis',(0.,1.,-1.22464679914735E-16));
#7385=DIRECTION('',(-3.81110244083471E-18,-0.0311200130804092,0.999515655097945));
#7386=DIRECTION('center_axis',(0.,-1.22464679914735E-16,1.));
#7387=DIRECTION('ref_axis',(0.,-1.,-1.22464679914735E-16));
#7388=DIRECTION('center_axis',(0.,-1.22464679914735E-16,1.));
#7389=DIRECTION('ref_axis',(0.,-1.,-1.22464679914735E-16));
#7390=DIRECTION('',(3.81110244083471E-18,-0.0311200130804092,-0.999515655097945));
#7391=DIRECTION('center_axis',(0.,-1.22464679914735E-16,1.));
#7392=DIRECTION('ref_axis',(0.,-1.,-1.22464679914735E-16));
#7393=DIRECTION('center_axis',(0.,0.,-1.));
#7394=DIRECTION('ref_axis',(-6.12323399573677E-17,1.,0.));
#7395=DIRECTION('center_axis',(0.,0.,1.));
#7396=DIRECTION('ref_axis',(1.,0.,0.));
#7397=DIRECTION('',(0.,0.,-1.));
#7398=DIRECTION('center_axis',(0.,0.,1.));
#7399=DIRECTION('ref_axis',(1.,0.,0.));
#7400=DIRECTION('',(0.,0.,-1.));
#7401=DIRECTION('center_axis',(0.,0.,-1.));
#7402=DIRECTION('ref_axis',(-1.,0.,0.));
#7403=DIRECTION('',(0.,0.,1.));
#7404=DIRECTION('center_axis',(0.,0.,1.));
#7405=DIRECTION('ref_axis',(1.,0.,0.));
#7406=DIRECTION('center_axis',(0.,0.,-1.));
#7407=DIRECTION('ref_axis',(-1.,0.,0.));
#7408=DIRECTION('center_axis',(0.,0.,1.));
#7409=DIRECTION('ref_axis',(1.,0.,0.));
#7410=DIRECTION('center_axis',(0.,0.,-1.));
#7411=DIRECTION('ref_axis',(-1.,0.,0.));
#7412=DIRECTION('center_axis',(0.,0.,-1.));
#7413=DIRECTION('ref_axis',(-1.,0.,0.));
#7414=DIRECTION('axis',(0.,0.,1.));
#7415=DIRECTION('refdir',(1.,0.,0.));
#7416=DIRECTION('',(-0.511954259121029,-0.609742091737899,-0.605076373799978));
#7417=DIRECTION('',(-0.535516591564692,0.633213873564967,0.558804232700313));
#7418=DIRECTION('',(-0.508777365955484,-0.630928268126938,-0.585726141101575));
#7419=DIRECTION('',(-0.53115217700523,0.654339068810385,0.538254352412466));
#7420=DIRECTION('center_axis',(-1.,0.,0.));
#7421=DIRECTION('ref_axis',(0.,0.,1.));
#7422=DIRECTION('',(-1.,0.,0.));
#7423=DIRECTION('center_axis',(-1.,0.,0.));
#7424=DIRECTION('ref_axis',(0.,0.,1.));
#7425=DIRECTION('',(-1.,0.,0.));
#7426=DIRECTION('center_axis',(0.,0.,1.));
#7427=DIRECTION('ref_axis',(1.,0.,0.));
#7428=DIRECTION('center_axis',(0.,0.,1.));
#7429=DIRECTION('ref_axis',(1.,0.,0.));
#7430=DIRECTION('center_axis',(0.,0.,1.));
#7431=DIRECTION('ref_axis',(1.,0.,0.));
#7432=DIRECTION('',(-0.656059028990508,-8.03440589904947E-17,0.754709580222771));
#7433=DIRECTION('center_axis',(0.,0.,1.));
#7434=DIRECTION('ref_axis',(1.,0.,0.));
#7435=DIRECTION('center_axis',(0.,0.,1.));
#7436=DIRECTION('ref_axis',(1.,0.,0.));
#7437=DIRECTION('center_axis',(0.,0.,1.));
#7438=DIRECTION('ref_axis',(1.,0.,0.));
#7439=DIRECTION('',(-0.656059028990508,-8.03440589904947E-17,0.754709580222771));
#7440=DIRECTION('center_axis',(0.,0.,1.));
#7441=DIRECTION('ref_axis',(1.,0.,0.));
#7442=DIRECTION('center_axis',(0.,0.,1.));
#7443=DIRECTION('ref_axis',(1.,0.,0.));
#7444=DIRECTION('center_axis',(0.,0.,1.));
#7445=DIRECTION('ref_axis',(1.,0.,0.));
#7446=DIRECTION('',(-0.656059028990508,-8.03440589904947E-17,0.754709580222771));
#7447=DIRECTION('center_axis',(0.,2.81527999803992E-18,-1.));
#7448=DIRECTION('ref_axis',(0.,1.,0.));
#7449=DIRECTION('center_axis',(0.,2.81527999803992E-18,-1.));
#7450=DIRECTION('ref_axis',(0.,1.,2.81527999803992E-18));
#7451=DIRECTION('center_axis',(0.,2.81527999803992E-18,-1.));
#7452=DIRECTION('ref_axis',(0.,1.,2.81527999803992E-18));
#7453=DIRECTION('center_axis',(-1.,1.22464679914735E-16,3.44772363830316E-34));
#7454=DIRECTION('ref_axis',(-1.22464679914735E-16,-1.,0.));
#7455=DIRECTION('center_axis',(0.,-2.81527999803992E-18,1.));
#7456=DIRECTION('ref_axis',(0.,-1.,-2.81527999803992E-18));
#7457=DIRECTION('center_axis',(0.,-2.81527999803992E-18,1.));
#7458=DIRECTION('ref_axis',(0.,-1.,-2.81527999803992E-18));
#7459=DIRECTION('',(0.,2.81527999803992E-18,-1.));
#7460=DIRECTION('center_axis',(0.,-2.81527999803992E-18,1.));
#7461=DIRECTION('ref_axis',(0.,-1.,-2.81527999803992E-18));
#7462=DIRECTION('center_axis',(0.,-2.81527999803992E-18,1.));
#7463=DIRECTION('ref_axis',(0.,-1.,0.));
#7464=DIRECTION('center_axis',(0.,-2.81527999803992E-18,1.));
#7465=DIRECTION('ref_axis',(0.,-1.,-2.81527999803992E-18));
#7466=DIRECTION('center_axis',(0.,-2.81527999803992E-18,1.));
#7467=DIRECTION('ref_axis',(0.,-1.,-2.81527999803992E-18));
#7468=DIRECTION('center_axis',(1.,1.22464679914735E-16,3.44772363830316E-34));
#7469=DIRECTION('ref_axis',(-1.22464679914735E-16,1.,0.));
#7470=DIRECTION('center_axis',(0.,-2.81527999803992E-18,1.));
#7471=DIRECTION('ref_axis',(0.,-1.,-2.81527999803992E-18));
#7472=DIRECTION('center_axis',(0.,-2.81527999803992E-18,1.));
#7473=DIRECTION('ref_axis',(0.,-1.,-2.81527999803992E-18));
#7474=DIRECTION('center_axis',(0.,-2.81527999803992E-18,1.));
#7475=DIRECTION('ref_axis',(0.,-1.,0.));
#7476=DIRECTION('center_axis',(0.,-2.81527999803992E-18,1.));
#7477=DIRECTION('ref_axis',(0.,-1.,-2.81527999803992E-18));
#7478=DIRECTION('center_axis',(-1.,-1.22464679914735E-16,-3.44772363830316E-34));
#7479=DIRECTION('ref_axis',(-1.22464679914735E-16,1.,0.));
#7480=DIRECTION('center_axis',(0.,-2.81527999803992E-18,1.));
#7481=DIRECTION('ref_axis',(0.,-1.,-2.81527999803992E-18));
#7482=DIRECTION('center_axis',(0.,-2.81527999803992E-18,1.));
#7483=DIRECTION('ref_axis',(0.,-1.,-2.81527999803992E-18));
#7484=DIRECTION('center_axis',(0.,0.,-1.));
#7485=DIRECTION('ref_axis',(-1.,0.,0.));
#7486=DIRECTION('',(0.,0.,-1.));
#7487=DIRECTION('center_axis',(0.,0.,1.));
#7488=DIRECTION('ref_axis',(1.,0.,0.));
#7489=DIRECTION('center_axis',(0.,0.,-1.));
#7490=DIRECTION('ref_axis',(-1.,0.,0.));
#7491=DIRECTION('',(0.,0.,-1.));
#7492=DIRECTION('center_axis',(0.,0.,1.));
#7493=DIRECTION('ref_axis',(1.,0.,0.));
#7494=DIRECTION('center_axis',(0.,0.,-1.));
#7495=DIRECTION('ref_axis',(-1.,0.,0.));
#7496=DIRECTION('',(0.,0.,-1.));
#7497=DIRECTION('center_axis',(0.,0.,1.));
#7498=DIRECTION('ref_axis',(1.,0.,0.));
#7499=DIRECTION('center_axis',(0.,2.81527999803992E-18,-1.));
#7500=DIRECTION('ref_axis',(0.,1.,2.81527999803992E-18));
#7501=DIRECTION('',(1.22390077740616E-16,0.999390827019096,0.034899496702494));
#7502=DIRECTION('center_axis',(0.,2.81527999803992E-18,-1.));
#7503=DIRECTION('ref_axis',(0.,1.,2.81527999803992E-18));
#7504=DIRECTION('',(8.5427042290541E-18,0.0697564737441184,0.997564050259825));
#7505=DIRECTION('center_axis',(0.,-2.81527999803992E-18,1.));
#7506=DIRECTION('ref_axis',(0.,-1.,-2.81527999803992E-18));
#7507=DIRECTION('center_axis',(0.,-2.81527999803992E-18,1.));
#7508=DIRECTION('ref_axis',(0.,-1.,-2.81527999803992E-18));
#7509=DIRECTION('',(0.,-2.81527999803992E-18,1.));
#7510=DIRECTION('center_axis',(0.,-2.81527999803992E-18,1.));
#7511=DIRECTION('ref_axis',(0.,-1.,-2.81527999803992E-18));
#7512=DIRECTION('center_axis',(0.,-2.81527999803992E-18,1.));
#7513=DIRECTION('ref_axis',(0.,-1.,-2.81527999803992E-18));
#7514=DIRECTION('center_axis',(0.,2.81527999803992E-18,-1.));
#7515=DIRECTION('ref_axis',(0.,1.,2.81527999803992E-18));
#7516=DIRECTION('center_axis',(-1.,0.,0.));
#7517=DIRECTION('ref_axis',(0.,0.,1.));
#7518=DIRECTION('',(-0.515038074910058,-1.04972719113862E-16,-0.85716730070211));
#7519=DIRECTION('center_axis',(1.,0.,0.));
#7520=DIRECTION('ref_axis',(0.,0.,-1.));
#7521=DIRECTION('center_axis',(1.,0.,0.));
#7522=DIRECTION('ref_axis',(0.,0.,-1.));
#7523=DIRECTION('center_axis',(1.,0.,0.));
#7524=DIRECTION('ref_axis',(0.,0.,-1.));
#7525=DIRECTION('center_axis',(1.,0.,0.));
#7526=DIRECTION('ref_axis',(0.,0.,-1.));
#7527=DIRECTION('',(-0.707106781186551,8.65956056235489E-17,-0.707106781186544));
#7528=DIRECTION('center_axis',(1.,0.,0.));
#7529=DIRECTION('ref_axis',(0.,0.,-1.));
#7530=DIRECTION('center_axis',(1.,0.,0.));
#7531=DIRECTION('ref_axis',(0.,0.,-1.));
#7532=DIRECTION('center_axis',(1.,0.,0.));
#7533=DIRECTION('ref_axis',(0.,0.,-1.));
#7534=DIRECTION('',(-1.,0.,0.));
#7535=DIRECTION('center_axis',(-1.,0.,0.));
#7536=DIRECTION('ref_axis',(0.,0.,1.));
#7537=DIRECTION('',(0.573576436351048,1.00317192905352E-16,0.81915204428899));
#7538=DIRECTION('center_axis',(1.,0.,0.));
#7539=DIRECTION('ref_axis',(0.,0.,-1.));
#7540=DIRECTION('center_axis',(-1.,0.,0.));
#7541=DIRECTION('ref_axis',(0.,0.,1.));
#7542=DIRECTION('center_axis',(1.,0.,0.));
#7543=DIRECTION('ref_axis',(0.,0.,-1.));
#7544=DIRECTION('center_axis',(1.,0.,0.));
#7545=DIRECTION('ref_axis',(0.,0.,-1.));
#7546=DIRECTION('center_axis',(1.,0.,0.));
#7547=DIRECTION('ref_axis',(0.,0.,-1.));
#7548=DIRECTION('center_axis',(1.,0.,0.));
#7549=DIRECTION('ref_axis',(0.,0.,-1.));
#7550=DIRECTION('center_axis',(1.,0.,0.));
#7551=DIRECTION('ref_axis',(0.,0.,-1.));
#7552=DIRECTION('center_axis',(1.,0.,0.));
#7553=DIRECTION('ref_axis',(0.,0.,-1.));
#7554=DIRECTION('center_axis',(0.,0.500000000000001,0.866025403784438));
#7555=DIRECTION('ref_axis',(0.,-0.866025403784438,0.5));
#7556=DIRECTION('',(1.,0.,0.));
#7557=DIRECTION('',(1.,0.,0.));
#7558=DIRECTION('',(0.,-0.866025403784438,0.5));
#7559=DIRECTION('center_axis',(0.,1.,4.73169952358158E-16));
#7560=DIRECTION('ref_axis',(0.,-4.73169952358159E-16,1.));
#7561=DIRECTION('',(1.,0.,0.));
#7562=DIRECTION('',(0.,-4.73169952358159E-16,1.));
#7563=DIRECTION('center_axis',(0.,0.500000000000001,-0.866025403784438));
#7564=DIRECTION('ref_axis',(0.,0.866025403784438,0.500000000000001));
#7565=DIRECTION('',(1.,0.,0.));
#7566=DIRECTION('',(0.,0.866025403784438,0.500000000000001));
#7567=DIRECTION('center_axis',(0.,-0.5,-0.866025403784439));
#7568=DIRECTION('ref_axis',(0.,0.866025403784439,-0.5));
#7569=DIRECTION('',(1.,0.,0.));
#7570=DIRECTION('',(0.,0.866025403784439,-0.5));
#7571=DIRECTION('center_axis',(0.,-1.,-5.91462440447698E-16));
#7572=DIRECTION('ref_axis',(0.,5.91462440447698E-16,-1.));
#7573=DIRECTION('',(1.,0.,0.));
#7574=DIRECTION('',(0.,5.91462440447698E-16,-1.));
#7575=DIRECTION('center_axis',(0.,-0.5,0.866025403784439));
#7576=DIRECTION('ref_axis',(0.,-0.866025403784439,-0.5));
#7577=DIRECTION('',(0.,-0.866025403784438,-0.5));
#7578=DIRECTION('center_axis',(1.,0.,0.));
#7579=DIRECTION('ref_axis',(0.,0.,-1.));
#7580=DIRECTION('center_axis',(1.,0.,0.));
#7581=DIRECTION('ref_axis',(0.,0.,-1.));
#7582=DIRECTION('center_axis',(1.,0.,0.));
#7583=DIRECTION('ref_axis',(0.,0.,-1.));
#7584=DIRECTION('center_axis',(1.,0.,0.));
#7585=DIRECTION('ref_axis',(0.,0.,-1.));
#7586=DIRECTION('center_axis',(1.,0.,0.));
#7587=DIRECTION('ref_axis',(0.,0.,-1.));
#7588=DIRECTION('center_axis',(1.,0.,0.));
#7589=DIRECTION('ref_axis',(0.,0.,-1.));
#7590=DIRECTION('center_axis',(1.,0.,0.));
#7591=DIRECTION('ref_axis',(0.,0.,-1.));
#7592=DIRECTION('center_axis',(-1.,0.,0.));
#7593=DIRECTION('ref_axis',(0.,0.,1.));
#7594=DIRECTION('',(-0.515038074910058,-1.04972719113862E-16,-0.85716730070211));
#7595=DIRECTION('center_axis',(1.,0.,0.));
#7596=DIRECTION('ref_axis',(0.,0.,-1.));
#7597=DIRECTION('center_axis',(1.,0.,0.));
#7598=DIRECTION('ref_axis',(0.,0.,-1.));
#7599=DIRECTION('center_axis',(1.,0.,0.));
#7600=DIRECTION('ref_axis',(0.,0.,-1.));
#7601=DIRECTION('center_axis',(1.,0.,0.));
#7602=DIRECTION('ref_axis',(0.,0.,-1.));
#7603=DIRECTION('',(-0.707106781186551,8.65956056235489E-17,-0.707106781186544));
#7604=DIRECTION('center_axis',(1.,0.,0.));
#7605=DIRECTION('ref_axis',(0.,0.,-1.));
#7606=DIRECTION('center_axis',(1.,0.,0.));
#7607=DIRECTION('ref_axis',(0.,0.,-1.));
#7608=DIRECTION('center_axis',(1.,0.,0.));
#7609=DIRECTION('ref_axis',(0.,0.,-1.));
#7610=DIRECTION('',(-1.,0.,0.));
#7611=DIRECTION('center_axis',(-1.,0.,0.));
#7612=DIRECTION('ref_axis',(0.,0.,1.));
#7613=DIRECTION('',(0.573576436351048,1.00317192905352E-16,0.81915204428899));
#7614=DIRECTION('center_axis',(1.,0.,0.));
#7615=DIRECTION('ref_axis',(0.,0.,-1.));
#7616=DIRECTION('center_axis',(-1.,0.,0.));
#7617=DIRECTION('ref_axis',(0.,0.,1.));
#7618=DIRECTION('center_axis',(1.,0.,0.));
#7619=DIRECTION('ref_axis',(0.,0.,-1.));
#7620=DIRECTION('center_axis',(1.,0.,0.));
#7621=DIRECTION('ref_axis',(0.,0.,-1.));
#7622=DIRECTION('center_axis',(1.,0.,0.));
#7623=DIRECTION('ref_axis',(0.,0.,-1.));
#7624=DIRECTION('center_axis',(1.,0.,0.));
#7625=DIRECTION('ref_axis',(0.,0.,-1.));
#7626=DIRECTION('center_axis',(1.,0.,0.));
#7627=DIRECTION('ref_axis',(0.,0.,-1.));
#7628=DIRECTION('center_axis',(1.,0.,0.));
#7629=DIRECTION('ref_axis',(0.,0.,-1.));
#7630=DIRECTION('center_axis',(0.,0.500000000000001,0.866025403784438));
#7631=DIRECTION('ref_axis',(0.,-0.866025403784438,0.5));
#7632=DIRECTION('',(1.,0.,0.));
#7633=DIRECTION('',(1.,0.,0.));
#7634=DIRECTION('',(0.,-0.866025403784438,0.5));
#7635=DIRECTION('center_axis',(0.,1.,4.73169952358158E-16));
#7636=DIRECTION('ref_axis',(0.,-4.73169952358159E-16,1.));
#7637=DIRECTION('',(1.,0.,0.));
#7638=DIRECTION('',(0.,-4.73169952358159E-16,1.));
#7639=DIRECTION('center_axis',(0.,0.500000000000001,-0.866025403784438));
#7640=DIRECTION('ref_axis',(0.,0.866025403784438,0.500000000000001));
#7641=DIRECTION('',(1.,0.,0.));
#7642=DIRECTION('',(0.,0.866025403784438,0.500000000000001));
#7643=DIRECTION('center_axis',(0.,-0.5,-0.866025403784439));
#7644=DIRECTION('ref_axis',(0.,0.866025403784439,-0.5));
#7645=DIRECTION('',(1.,0.,0.));
#7646=DIRECTION('',(0.,0.866025403784439,-0.5));
#7647=DIRECTION('center_axis',(0.,-1.,-5.91462440447698E-16));
#7648=DIRECTION('ref_axis',(0.,5.91462440447698E-16,-1.));
#7649=DIRECTION('',(1.,0.,0.));
#7650=DIRECTION('',(0.,5.91462440447698E-16,-1.));
#7651=DIRECTION('center_axis',(0.,-0.5,0.866025403784439));
#7652=DIRECTION('ref_axis',(0.,-0.866025403784439,-0.5));
#7653=DIRECTION('',(0.,-0.866025403784438,-0.5));
#7654=DIRECTION('center_axis',(1.,0.,0.));
#7655=DIRECTION('ref_axis',(0.,0.,-1.));
#7656=DIRECTION('center_axis',(1.,0.,0.));
#7657=DIRECTION('ref_axis',(0.,0.,-1.));
#7658=DIRECTION('center_axis',(1.,0.,0.));
#7659=DIRECTION('ref_axis',(0.,0.,-1.));
#7660=DIRECTION('center_axis',(1.,0.,0.));
#7661=DIRECTION('ref_axis',(0.,0.,-1.));
#7662=DIRECTION('center_axis',(1.,0.,0.));
#7663=DIRECTION('ref_axis',(0.,0.,-1.));
#7664=DIRECTION('center_axis',(1.,0.,0.));
#7665=DIRECTION('ref_axis',(0.,0.,-1.));
#7666=DIRECTION('center_axis',(1.,0.,0.));
#7667=DIRECTION('ref_axis',(0.,0.,-1.));
#7668=DIRECTION('axis',(0.,0.,1.));
#7669=DIRECTION('refdir',(1.,0.,0.));
#7670=DIRECTION('center_axis',(0.,0.,-1.));
#7671=DIRECTION('ref_axis',(1.,0.,0.));
#7672=DIRECTION('center_axis',(0.,0.,-1.));
#7673=DIRECTION('ref_axis',(-1.,0.,0.));
#7674=DIRECTION('center_axis',(0.,0.,-1.));
#7675=DIRECTION('ref_axis',(-1.,0.,0.));
#7676=DIRECTION('',(0.,0.,1.));
#7677=DIRECTION('center_axis',(0.,0.,-1.));
#7678=DIRECTION('ref_axis',(-1.,0.,0.));
#7679=DIRECTION('center_axis',(0.,0.,-1.));
#7680=DIRECTION('ref_axis',(-1.,0.,0.));
#7681=DIRECTION('center_axis',(0.,0.,-1.));
#7682=DIRECTION('ref_axis',(-1.,0.,0.));
#7683=DIRECTION('',(0.,0.,1.));
#7684=DIRECTION('center_axis',(0.,0.,1.));
#7685=DIRECTION('ref_axis',(-1.,0.,0.));
#7686=DIRECTION('center_axis',(0.,0.,1.));
#7687=DIRECTION('ref_axis',(-1.,0.,0.));
#7688=DIRECTION('center_axis',(0.,0.,1.));
#7689=DIRECTION('ref_axis',(-1.,0.,0.));
#7690=DIRECTION('center_axis',(0.,0.,-1.));
#7691=DIRECTION('ref_axis',(-0.707106781186547,-0.707106781186547,0.));
#7692=DIRECTION('center_axis',(0.,0.,-1.));
#7693=DIRECTION('ref_axis',(-0.707106781186547,-0.707106781186547,0.));
#7694=DIRECTION('',(0.,0.,-1.));
#7695=DIRECTION('center_axis',(0.,0.,1.));
#7696=DIRECTION('ref_axis',(-0.707106781186547,-0.707106781186547,0.));
#7697=DIRECTION('center_axis',(0.,0.,-1.));
#7698=DIRECTION('ref_axis',(0.707106781186547,0.707106781186547,0.));
#7699=DIRECTION('center_axis',(0.,0.,-1.));
#7700=DIRECTION('ref_axis',(0.707106781186547,0.707106781186547,0.));
#7701=DIRECTION('',(0.,0.,-1.));
#7702=DIRECTION('center_axis',(0.,0.,1.));
#7703=DIRECTION('ref_axis',(0.707106781186547,0.707106781186547,0.));
#7704=DIRECTION('center_axis',(0.,0.,-1.));
#7705=DIRECTION('ref_axis',(1.,0.,0.));
#7706=DIRECTION('center_axis',(0.,0.,-1.));
#7707=DIRECTION('ref_axis',(1.,0.,0.));
#7708=DIRECTION('',(0.,0.,-1.));
#7709=DIRECTION('center_axis',(0.,0.,1.));
#7710=DIRECTION('ref_axis',(1.,0.,0.));
#7711=DIRECTION('center_axis',(0.,0.,-1.));
#7712=DIRECTION('ref_axis',(-1.,0.,0.));
#7713=DIRECTION('center_axis',(0.,0.,-1.));
#7714=DIRECTION('ref_axis',(-1.,0.,0.));
#7715=DIRECTION('',(0.,0.,-1.));
#7716=DIRECTION('center_axis',(0.,0.,1.));
#7717=DIRECTION('ref_axis',(-1.,0.,0.));
#7718=DIRECTION('center_axis',(0.,0.,-1.));
#7719=DIRECTION('ref_axis',(0.,-1.,0.));
#7720=DIRECTION('center_axis',(0.,0.,-1.));
#7721=DIRECTION('ref_axis',(0.,-1.,0.));
#7722=DIRECTION('',(0.,0.,-1.));
#7723=DIRECTION('center_axis',(0.,0.,1.));
#7724=DIRECTION('ref_axis',(0.,-1.,0.));
#7725=DIRECTION('center_axis',(0.,0.,-1.));
#7726=DIRECTION('ref_axis',(-1.,0.,0.));
#7727=DIRECTION('center_axis',(0.,0.,-1.));
#7728=DIRECTION('ref_axis',(-1.,0.,0.));
#7729=DIRECTION('',(0.,0.,-1.));
#7730=DIRECTION('center_axis',(0.,0.,1.));
#7731=DIRECTION('ref_axis',(-1.,0.,0.));
#7732=DIRECTION('center_axis',(0.,0.,-1.));
#7733=DIRECTION('ref_axis',(0.707106781186547,-0.707106781186547,0.));
#7734=DIRECTION('center_axis',(0.,0.,-1.));
#7735=DIRECTION('ref_axis',(0.707106781186547,-0.707106781186547,0.));
#7736=DIRECTION('',(0.,0.,-1.));
#7737=DIRECTION('center_axis',(0.,0.,1.));
#7738=DIRECTION('ref_axis',(0.707106781186547,-0.707106781186547,0.));
#7739=DIRECTION('center_axis',(0.,0.,-1.));
#7740=DIRECTION('ref_axis',(-1.,0.,0.));
#7741=DIRECTION('center_axis',(0.,0.,-1.));
#7742=DIRECTION('ref_axis',(-1.,0.,0.));
#7743=DIRECTION('',(0.,0.,-1.));
#7744=DIRECTION('center_axis',(0.,0.,1.));
#7745=DIRECTION('ref_axis',(-1.,0.,0.));
#7746=DIRECTION('center_axis',(0.,0.,-1.));
#7747=DIRECTION('ref_axis',(-1.,0.,0.));
#7748=DIRECTION('center_axis',(0.,0.,1.));
#7749=DIRECTION('ref_axis',(-1.,0.,0.));
#7750=DIRECTION('',(0.,0.,-1.));
#7751=DIRECTION('center_axis',(0.,0.,1.));
#7752=DIRECTION('ref_axis',(-1.,0.,0.));
#7753=DIRECTION('center_axis',(0.,0.,-1.));
#7754=DIRECTION('ref_axis',(-1.,0.,0.));
#7755=DIRECTION('center_axis',(0.,0.,-1.));
#7756=DIRECTION('ref_axis',(-1.,0.,0.));
#7757=DIRECTION('',(0.,0.,-1.));
#7758=DIRECTION('center_axis',(0.,0.,-1.));
#7759=DIRECTION('ref_axis',(-1.,0.,0.));
#7760=DIRECTION('center_axis',(0.,0.,1.));
#7761=DIRECTION('ref_axis',(-1.,0.,0.));
#7762=DIRECTION('center_axis',(0.,0.,1.));
#7763=DIRECTION('ref_axis',(-1.,0.,0.));
#7764=DIRECTION('center_axis',(0.,0.,1.));
#7765=DIRECTION('ref_axis',(-1.,0.,0.));
#7766=DIRECTION('center_axis',(0.,0.,1.));
#7767=DIRECTION('ref_axis',(-1.,0.,0.));
#7768=DIRECTION('center_axis',(0.,0.,-1.));
#7769=DIRECTION('ref_axis',(-1.,0.,0.));
#7770=DIRECTION('',(0.,0.,-1.));
#7771=DIRECTION('center_axis',(0.,0.,-1.));
#7772=DIRECTION('ref_axis',(-1.,0.,0.));
#7773=DIRECTION('center_axis',(0.,0.,1.));
#7774=DIRECTION('ref_axis',(-1.,0.,0.));
#7775=DIRECTION('',(0.,0.,-1.));
#7776=DIRECTION('center_axis',(0.,0.,1.));
#7777=DIRECTION('ref_axis',(-1.,0.,0.));
#7778=DIRECTION('center_axis',(0.,0.,1.));
#7779=DIRECTION('ref_axis',(-1.,0.,0.));
#7780=DIRECTION('center_axis',(0.,0.,1.));
#7781=DIRECTION('ref_axis',(-1.,0.,0.));
#7782=DIRECTION('center_axis',(-1.,0.,0.));
#7783=DIRECTION('ref_axis',(0.,1.,0.));
#7784=DIRECTION('center_axis',(-1.,0.,-3.49676543189025E-16));
#7785=DIRECTION('ref_axis',(0.,1.,0.));
#7786=DIRECTION('',(-1.,0.,0.));
#7787=DIRECTION('center_axis',(1.,0.,1.07950833868264E-16));
#7788=DIRECTION('ref_axis',(0.,1.,0.));
#7789=DIRECTION('center_axis',(-1.,0.,0.));
#7790=DIRECTION('ref_axis',(0.,1.,0.));
#7791=DIRECTION('center_axis',(-1.,0.,-3.49676543189025E-16));
#7792=DIRECTION('ref_axis',(0.,1.,0.));
#7793=DIRECTION('',(-1.,0.,0.));
#7794=DIRECTION('center_axis',(1.,0.,1.07950833868264E-16));
#7795=DIRECTION('ref_axis',(0.,1.,0.));
#7796=DIRECTION('center_axis',(-1.,0.,0.));
#7797=DIRECTION('ref_axis',(0.,1.,0.));
#7798=DIRECTION('center_axis',(-1.,0.,-3.49676543189025E-16));
#7799=DIRECTION('ref_axis',(0.,1.,0.));
#7800=DIRECTION('',(-1.,0.,0.));
#7801=DIRECTION('center_axis',(1.,0.,1.07950833868264E-16));
#7802=DIRECTION('ref_axis',(0.,1.,0.));
#7803=DIRECTION('center_axis',(0.,1.,0.));
#7804=DIRECTION('ref_axis',(-0.118508721929192,0.,0.992953011389114));
#7805=DIRECTION('center_axis',(0.687245117365811,-0.707106781186547,0.166415590185696));
#7806=DIRECTION('ref_axis',(0.68724511736581,0.707106781186548,0.166415590185696));
#7807=DIRECTION('',(0.,-1.,0.));
#7808=DIRECTION('center_axis',(0.687245117365811,0.707106781186547,0.166415590185696));
#7809=DIRECTION('ref_axis',(0.68724511736581,-0.707106781186548,0.166415590185696));
#7810=DIRECTION('',(0.,1.,0.));
#7811=DIRECTION('center_axis',(-0.971911365653419,0.,-0.235347184630934));
#7812=DIRECTION('ref_axis',(-0.166415590185696,-0.70710678118655,0.687245117365808));
#7813=DIRECTION('center_axis',(0.,0.,-1.));
#7814=DIRECTION('ref_axis',(-1.,0.,0.));
#7815=DIRECTION('center_axis',(-1.,0.,-1.07950833868264E-16));
#7816=DIRECTION('ref_axis',(-1.12646951701881E-16,-1.16825021028311E-15,
1.));
#7817=DIRECTION('',(-0.971911365653419,0.,-0.235347184630934));
#7818=DIRECTION('center_axis',(0.971911365653421,0.,0.235347184630925));
#7819=DIRECTION('ref_axis',(0.,-1.,0.));
#7820=DIRECTION('',(0.971911365653419,0.,0.235347184630934));
#7821=DIRECTION('center_axis',(0.,0.,1.));
#7822=DIRECTION('ref_axis',(1.,0.,0.));
#7823=DIRECTION('center_axis',(0.,0.,-1.));
#7824=DIRECTION('ref_axis',(-1.,0.,0.));
#7825=DIRECTION('',(0.,1.,0.));
#7826=DIRECTION('center_axis',(0.,1.,0.));
#7827=DIRECTION('ref_axis',(-0.834310801698938,0.,0.551294373423559));
#7828=DIRECTION('center_axis',(-0.573475344353492,-0.707106781186547,-0.413673820078869));
#7829=DIRECTION('ref_axis',(-0.573475344353492,0.707106781186548,-0.413673820078868));
#7830=DIRECTION('',(0.,-1.,0.));
#7831=DIRECTION('center_axis',(-0.573475344353493,0.707106781186546,-0.413673820078869));
#7832=DIRECTION('ref_axis',(-0.573475344353491,-0.707106781186549,-0.413673820078868));
#7833=DIRECTION('',(0.,1.,0.));
#7834=DIRECTION('center_axis',(-0.811016609671289,0.,-0.585023126754223));
#7835=DIRECTION('ref_axis',(-0.413673820078868,-0.707106781186548,0.573475344353492));
#7836=DIRECTION('',(0.811016609671289,0.,0.585023126754223));
#7837=DIRECTION('center_axis',(-0.811016609671289,-7.18582055375518E-15,
-0.585023126754224));
#7838=DIRECTION('ref_axis',(-0.585023126754224,0.,0.811016609671289));
#7839=DIRECTION('',(-0.811016609671289,0.,-0.585023126754223));
#7840=DIRECTION('center_axis',(0.,0.,-1.));
#7841=DIRECTION('ref_axis',(-1.,1.91783310608486E-16,0.));
#7842=DIRECTION('center_axis',(0.97547180935753,0.,-0.220124394715231));
#7843=DIRECTION('ref_axis',(0.220124394715231,2.17131423728022E-16,0.97547180935753));
#7844=DIRECTION('center_axis',(-0.585023126754223,0.,0.811016609671289));
#7845=DIRECTION('ref_axis',(0.811016609671289,0.,0.585023126754223));
#7846=DIRECTION('',(-0.811016609671289,0.,-0.585023126754223));
#7847=DIRECTION('',(0.,1.,0.));
#7848=DIRECTION('center_axis',(0.,0.,1.));
#7849=DIRECTION('ref_axis',(1.,0.,0.));
#7850=DIRECTION('center_axis',(0.971911365653418,1.03813647111174E-14,0.235347184630935));
#7851=DIRECTION('ref_axis',(-0.235347184630935,0.,0.971911365653418));
#7852=DIRECTION('center_axis',(0.,-1.,0.));
#7853=DIRECTION('ref_axis',(-0.494675336453641,0.,0.869077851233408));
#7854=DIRECTION('center_axis',(-0.869077851233412,0.,-0.494675336453634));
#7855=DIRECTION('ref_axis',(0.,1.,0.));
#7856=DIRECTION('center_axis',(0.,0.,1.));
#7857=DIRECTION('ref_axis',(1.,0.,0.));
#7858=DIRECTION('center_axis',(-0.869077851233408,8.18755656562547E-15,
-0.494675336453641));
#7859=DIRECTION('ref_axis',(-0.494675336453641,0.,0.869077851233408));
#7860=DIRECTION('center_axis',(0.,1.,0.));
#7861=DIRECTION('ref_axis',(-0.235347184630934,0.,0.971911365653419));
#7862=DIRECTION('center_axis',(0.,1.,0.));
#7863=DIRECTION('ref_axis',(-0.368614844037325,0.,0.929582216243049));
#7864=DIRECTION('',(0.,-1.,0.));
#7865=DIRECTION('',(0.,1.,0.));
#7866=DIRECTION('center_axis',(0.,0.,1.));
#7867=DIRECTION('ref_axis',(1.,0.,0.));
#7868=DIRECTION('center_axis',(0.869077851233407,-1.04667776064863E-14,
0.494675336453642));
#7869=DIRECTION('ref_axis',(-0.494675336453643,0.,0.869077851233407));
#7870=DIRECTION('center_axis',(0.,-1.,0.));
#7871=DIRECTION('ref_axis',(-0.585023126754223,0.,0.811016609671289));
#7872=DIRECTION('center_axis',(-0.811016609671285,0.,-0.58502312675423));
#7873=DIRECTION('ref_axis',(0.,1.,0.));
#7874=DIRECTION('center_axis',(0.,0.,1.));
#7875=DIRECTION('ref_axis',(1.,0.,0.));
#7876=DIRECTION('center_axis',(0.,1.,0.));
#7877=DIRECTION('ref_axis',(-0.494675336453642,0.,0.869077851233407));
#7878=DIRECTION('center_axis',(0.869077851233402,0.,0.49467533645365));
#7879=DIRECTION('ref_axis',(0.,-1.,0.));
#7880=DIRECTION('center_axis',(0.,1.,0.));
#7881=DIRECTION('ref_axis',(-0.540629235064374,0.,0.841260976269379));
#7882=DIRECTION('',(0.,-1.,0.));
#7883=DIRECTION('center_axis',(-0.869077851233408,0.,-0.494675336453641));
#7884=DIRECTION('ref_axis',(-0.349788284892106,-0.707106781186547,0.614530841986177));
#7885=DIRECTION('',(0.869077851233408,0.,0.494675336453641));
#7886=DIRECTION('',(-0.869077851233407,0.,-0.494675336453641));
#7887=DIRECTION('center_axis',(0.811016609671289,0.,0.585023126754223));
#7888=DIRECTION('ref_axis',(-0.413673820078868,0.707106781186548,0.573475344353492));
#7889=DIRECTION('center_axis',(0.97547180935753,0.,-0.220124394715231));
#7890=DIRECTION('ref_axis',(0.220124394715231,-2.17131423728022E-16,0.97547180935753));
#7891=DIRECTION('center_axis',(0.,0.,-1.));
#7892=DIRECTION('ref_axis',(-1.,-1.91783310608486E-16,0.));
#7893=DIRECTION('',(0.811016609671289,0.,0.585023126754223));
#7894=DIRECTION('center_axis',(0.869077851233408,0.,0.494675336453641));
#7895=DIRECTION('ref_axis',(-0.349788284892106,0.707106781186547,0.614530841986177));
#7896=DIRECTION('',(-0.869077851233407,0.,-0.494675336453641));
#7897=DIRECTION('',(0.869077851233407,0.,0.494675336453641));
#7898=DIRECTION('center_axis',(0.971911365653419,0.,0.235347184630934));
#7899=DIRECTION('ref_axis',(-0.166415590185696,0.70710678118655,0.687245117365808));
#7900=DIRECTION('',(-0.971911365653419,0.,-0.235347184630934));
#7901=DIRECTION('',(0.971911365653419,0.,0.235347184630934));
#7902=DIRECTION('center_axis',(-1.,0.,-1.07950833868264E-16));
#7903=DIRECTION('ref_axis',(-1.12646951701881E-16,1.16825021028311E-15,
1.));
#7904=DIRECTION('center_axis',(-0.235347184630934,0.,0.971911365653419));
#7905=DIRECTION('ref_axis',(0.971911365653419,0.,0.235347184630934));
#7906=DIRECTION('center_axis',(1.,0.,1.07950833868264E-16));
#7907=DIRECTION('ref_axis',(1.07950833868264E-16,0.,-1.));
#7908=DIRECTION('',(1.07950833868264E-16,0.,-1.));
#7909=DIRECTION('',(0.,1.,0.));
#7910=DIRECTION('',(-1.07950833868264E-16,0.,1.));
#7911=DIRECTION('center_axis',(0.,1.,0.));
#7912=DIRECTION('ref_axis',(0.,0.,1.));
#7913=DIRECTION('',(-1.,0.,0.));
#7914=DIRECTION('center_axis',(-0.494675336453641,0.,0.869077851233408));
#7915=DIRECTION('ref_axis',(0.869077851233407,0.,0.494675336453641));
#7916=DIRECTION('center_axis',(-0.97547180935753,0.,0.220124394715231));
#7917=DIRECTION('ref_axis',(0.220124394715231,0.,0.97547180935753));
#7918=DIRECTION('',(0.,-1.,0.));
#7919=DIRECTION('center_axis',(0.,-1.,0.));
#7920=DIRECTION('ref_axis',(0.,0.,-1.));
#7921=DIRECTION('',(1.,0.,0.));
#7922=DIRECTION('center_axis',(0.,0.,1.));
#7923=DIRECTION('ref_axis',(-1.,0.,0.));
#7924=DIRECTION('center_axis',(0.,0.,-1.));
#7925=DIRECTION('ref_axis',(-1.,0.,0.));
#7926=DIRECTION('',(0.707106781186547,-8.65956056235493E-17,0.707106781186547));
#7927=DIRECTION('center_axis',(0.,0.,-1.));
#7928=DIRECTION('ref_axis',(-1.,0.,0.));
#7929=DIRECTION('center_axis',(0.,0.,1.));
#7930=DIRECTION('ref_axis',(-1.,0.,0.));
#7931=DIRECTION('',(1.,0.,0.));
#7932=DIRECTION('center_axis',(0.,0.,1.));
#7933=DIRECTION('ref_axis',(-1.,6.55643518479422E-17,0.));
#7934=DIRECTION('',(0.,-1.,0.));
#7935=DIRECTION('center_axis',(0.,0.,-1.));
#7936=DIRECTION('ref_axis',(-1.,0.,0.));
#7937=DIRECTION('',(0.,-1.,0.));
#7938=DIRECTION('center_axis',(0.,0.,1.));
#7939=DIRECTION('ref_axis',(-1.,0.,0.));
#7940=DIRECTION('',(-1.,0.,0.));
#7941=DIRECTION('center_axis',(0.,0.,1.));
#7942=DIRECTION('ref_axis',(-0.980580679315991,-0.196116117012829,0.));
#7943=DIRECTION('center_axis',(0.,0.,-1.));
#7944=DIRECTION('ref_axis',(-1.,0.,0.));
#7945=DIRECTION('center_axis',(0.,0.,1.));
#7946=DIRECTION('ref_axis',(-0.980580679315991,0.196116117012829,0.));
#7947=DIRECTION('center_axis',(0.,0.,1.));
#7948=DIRECTION('ref_axis',(-0.980580679315991,0.196116117012829,0.));
#7949=DIRECTION('',(0.,0.,-1.));
#7950=DIRECTION('center_axis',(0.,0.,1.));
#7951=DIRECTION('ref_axis',(-0.980580679315991,0.196116117012829,0.));
#7952=DIRECTION('center_axis',(0.707106781186554,0.,-0.707106781186541));
#7953=DIRECTION('ref_axis',(-0.707106781186541,0.,-0.707106781186554));
#7954=DIRECTION('',(0.,0.,1.));
#7955=DIRECTION('center_axis',(-0.707106781186554,0.,0.707106781186541));
#7956=DIRECTION('ref_axis',(-0.707106781186541,0.,-0.707106781186554));
#7957=DIRECTION('center_axis',(0.,0.,-1.));
#7958=DIRECTION('ref_axis',(-1.,0.,0.));
#7959=DIRECTION('center_axis',(0.,0.,-1.));
#7960=DIRECTION('ref_axis',(0.,-1.,0.));
#7961=DIRECTION('center_axis',(1.,0.,0.));
#7962=DIRECTION('ref_axis',(0.,0.,-1.));
#7963=DIRECTION('center_axis',(0.,0.,1.));
#7964=DIRECTION('ref_axis',(0.707106781186548,-0.707106781186547,0.));
#7965=DIRECTION('center_axis',(0.,-1.,0.));
#7966=DIRECTION('ref_axis',(-1.,0.,0.));
#7967=DIRECTION('center_axis',(-1.,0.,0.));
#7968=DIRECTION('ref_axis',(0.,0.707106781186543,-0.707106781186553));
#7969=DIRECTION('',(1.,0.,0.));
#7970=DIRECTION('',(-1.,0.,0.));
#7971=DIRECTION('center_axis',(-1.,0.,0.));
#7972=DIRECTION('ref_axis',(0.,1.,0.));
#7973=DIRECTION('center_axis',(0.280898753270716,0.,-0.95973740700827));
#7974=DIRECTION('ref_axis',(-0.95973740700827,0.,-0.280898753270716));
#7975=DIRECTION('center_axis',(0.,-1.,0.));
#7976=DIRECTION('ref_axis',(0.,0.,-1.));
#7977=DIRECTION('center_axis',(-1.,0.,0.));
#7978=DIRECTION('ref_axis',(0.,0.707106781186543,-0.707106781186553));
#7979=DIRECTION('',(-1.,0.,0.));
#7980=DIRECTION('center_axis',(0.599999999999998,0.,-0.800000000000001));
#7981=DIRECTION('ref_axis',(-0.800000000000001,0.,-0.599999999999999));
#7982=DIRECTION('center_axis',(-0.590269541927086,0.,0.80720621149319));
#7983=DIRECTION('ref_axis',(-0.80720621149319,0.,-0.590269541927086));
#7984=DIRECTION('center_axis',(0.,0.,-1.));
#7985=DIRECTION('ref_axis',(-1.,0.,0.));
#7986=DIRECTION('center_axis',(0.,0.,-1.));
#7987=DIRECTION('ref_axis',(1.,0.,0.));
#7988=DIRECTION('center_axis',(0.,1.,0.));
#7989=DIRECTION('ref_axis',(0.,0.,-1.));
#7990=DIRECTION('center_axis',(0.,0.,1.));
#7991=DIRECTION('ref_axis',(0.707106781186548,0.707106781186547,0.));
#7992=DIRECTION('center_axis',(1.,0.,0.));
#7993=DIRECTION('ref_axis',(0.,-1.,0.));
#7994=DIRECTION('center_axis',(0.,-1.,0.));
#7995=DIRECTION('ref_axis',(-0.707106781186541,0.,-0.707106781186554));
#7996=DIRECTION('',(0.,1.,0.));
#7997=DIRECTION('',(0.,-1.,0.));
#7998=DIRECTION('center_axis',(1.,0.,0.));
#7999=DIRECTION('ref_axis',(0.,-0.707106781186543,-0.707106781186553));
#8000=DIRECTION('',(1.,0.,0.));
#8001=DIRECTION('',(-1.,0.,0.));
#8002=DIRECTION('center_axis',(0.707106781186554,0.,-0.707106781186541));
#8003=DIRECTION('ref_axis',(0.707106781186541,0.,0.707106781186554));
#8004=DIRECTION('center_axis',(0.408248290463844,-0.408248290463842,-0.816496580927746));
#8005=DIRECTION('ref_axis',(0.577350269189636,-0.577350269189636,0.577350269189605));
#8006=DIRECTION('center_axis',(0.,-2.79741234551221E-14,1.));
#8007=DIRECTION('ref_axis',(1.,0.,0.));
#8008=DIRECTION('center_axis',(0.,-1.,0.));
#8009=DIRECTION('ref_axis',(0.,0.,1.));
#8010=DIRECTION('center_axis',(1.,0.,3.49676543189029E-15));
#8011=DIRECTION('ref_axis',(0.,-1.,0.));
#8012=DIRECTION('center_axis',(0.,1.,0.));
#8013=DIRECTION('ref_axis',(0.6,0.,-0.8));
#8014=DIRECTION('center_axis',(0.280898753270712,0.,-0.959737407008271));
#8015=DIRECTION('ref_axis',(-0.959737407008271,0.,-0.280898753270712));
#8016=DIRECTION('center_axis',(-1.,0.,0.));
#8017=DIRECTION('ref_axis',(0.,0.,-1.));
#8018=DIRECTION('center_axis',(0.,1.,0.));
#8019=DIRECTION('ref_axis',(0.316227766016838,0.,-0.948683298050514));
#8020=DIRECTION('',(0.,1.,0.));
#8021=DIRECTION('center_axis',(0.408248290463848,0.408248290463848,-0.816496580927741));
#8022=DIRECTION('ref_axis',(0.577350269189638,0.577350269189635,0.577350269189604));
#8023=DIRECTION('center_axis',(1.,0.,0.));
#8024=DIRECTION('ref_axis',(0.,0.,1.));
#8025=DIRECTION('center_axis',(0.,1.,0.));
#8026=DIRECTION('ref_axis',(1.,0.,0.));
#8027=DIRECTION('center_axis',(-2.79741234551221E-14,0.,1.));
#8028=DIRECTION('ref_axis',(0.,1.,0.));
#8029=DIRECTION('center_axis',(0.,1.,0.));
#8030=DIRECTION('ref_axis',(0.70710678118656,0.,0.707106781186535));
#8031=DIRECTION('',(0.,-1.,0.));
#8032=DIRECTION('',(0.,1.,0.));
#8033=DIRECTION('center_axis',(3.49676543189025E-16,0.,-1.));
#8034=DIRECTION('ref_axis',(0.707106781186546,0.707106781186549,0.));
#8035=DIRECTION('',(-3.49676543189025E-16,0.,1.));
#8036=DIRECTION('',(3.49676543189025E-16,0.,-1.));
#8037=DIRECTION('center_axis',(1.,0.,0.));
#8038=DIRECTION('ref_axis',(0.,0.707106781186543,0.707106781186553));
#8039=DIRECTION('center_axis',(1.,0.,0.));
#8040=DIRECTION('ref_axis',(0.,1.,0.));
#8041=DIRECTION('',(1.,0.,0.));
#8042=DIRECTION('',(-1.,0.,0.));
#8043=DIRECTION('center_axis',(0.,-1.,0.));
#8044=DIRECTION('ref_axis',(0.,0.,-1.));
#8045=DIRECTION('center_axis',(0.800000000000005,0.,0.599999999999993));
#8046=DIRECTION('ref_axis',(0.,1.,0.));
#8047=DIRECTION('center_axis',(0.,1.,0.));
#8048=DIRECTION('ref_axis',(-0.316227766016837,0.,0.948683298050514));
#8049=DIRECTION('center_axis',(0.,-1.,0.));
#8050=DIRECTION('ref_axis',(-0.316227766016837,0.,0.948683298050514));
#8051=DIRECTION('center_axis',(0.800000000000001,0.,0.599999999999998));
#8052=DIRECTION('ref_axis',(-0.424264068711927,0.707106781186556,0.565685424949229));
#8053=DIRECTION('',(-0.800000000000001,0.,-0.599999999999998));
#8054=DIRECTION('',(0.800000000000001,0.,0.599999999999998));
#8055=DIRECTION('center_axis',(1.,0.,0.));
#8056=DIRECTION('ref_axis',(0.,-0.707106781186543,-0.707106781186553));
#8057=DIRECTION('',(1.,0.,0.));
#8058=DIRECTION('center_axis',(0.707106781186554,0.,-0.707106781186541));
#8059=DIRECTION('ref_axis',(-0.707106781186541,0.,-0.707106781186554));
#8060=DIRECTION('center_axis',(-0.800000000000001,0.,-0.599999999999998));
#8061=DIRECTION('ref_axis',(-0.424264068711927,-0.707106781186556,0.565685424949229));
#8062=DIRECTION('center_axis',(-0.799999999999998,0.,-0.600000000000002));
#8063=DIRECTION('ref_axis',(0.,-1.,0.));
#8064=DIRECTION('',(-0.800000000000001,0.,-0.599999999999998));
#8065=DIRECTION('',(0.800000000000001,0.,0.599999999999998));
#8066=DIRECTION('center_axis',(0.,1.,0.));
#8067=DIRECTION('ref_axis',(0.,0.,1.));
#8068=DIRECTION('center_axis',(-1.,0.,0.));
#8069=DIRECTION('ref_axis',(0.,-1.,0.));
#8070=DIRECTION('center_axis',(0.,-1.,0.));
#8071=DIRECTION('ref_axis',(-0.316227766016837,0.,0.948683298050514));
#8072=DIRECTION('center_axis',(0.,1.,0.));
#8073=DIRECTION('ref_axis',(-0.316227766016837,0.,0.948683298050514));
#8074=DIRECTION('center_axis',(-1.,0.,0.));
#8075=DIRECTION('ref_axis',(0.,-0.707106781186543,0.707106781186553));
#8076=DIRECTION('',(1.,0.,0.));
#8077=DIRECTION('',(-1.,0.,0.));
#8078=DIRECTION('center_axis',(-3.49676543189025E-16,0.,1.));
#8079=DIRECTION('ref_axis',(0.707106781186546,-0.707106781186549,0.));
#8080=DIRECTION('',(3.49676543189025E-16,0.,-1.));
#8081=DIRECTION('',(-3.49676543189025E-16,0.,1.));
#8082=DIRECTION('center_axis',(0.,0.,-1.));
#8083=DIRECTION('ref_axis',(-0.980580679315991,-0.196116117012829,0.));
#8084=DIRECTION('',(0.,0.,1.));
#8085=DIRECTION('',(0.,0.,-1.));
#8086=DIRECTION('center_axis',(0.,0.,1.));
#8087=DIRECTION('ref_axis',(-0.980580679315991,-0.196116117012829,0.));
#8088=DIRECTION('center_axis',(0.,1.,0.));
#8089=DIRECTION('ref_axis',(0.316227766016838,0.,-0.948683298050514));
#8090=DIRECTION('',(0.,1.,0.));
#8091=DIRECTION('center_axis',(0.,1.,0.));
#8092=DIRECTION('ref_axis',(0.316227766016838,0.,-0.948683298050514));
#8093=DIRECTION('',(0.,1.,0.));
#8094=DIRECTION('',(0.,-1.,0.));
#8095=DIRECTION('center_axis',(-0.590269541927086,0.,0.80720621149319));
#8096=DIRECTION('ref_axis',(-0.80720621149319,0.,-0.590269541927086));
#8097=DIRECTION('center_axis',(0.599999999999998,0.,-0.800000000000001));
#8098=DIRECTION('ref_axis',(-0.800000000000001,0.,-0.599999999999999));
#8099=DIRECTION('center_axis',(0.,0.,1.));
#8100=DIRECTION('ref_axis',(-1.,0.,0.));
#8101=DIRECTION('center_axis',(0.,0.,-1.));
#8102=DIRECTION('ref_axis',(-1.,0.,0.));
#8103=DIRECTION('center_axis',(0.,0.,-1.));
#8104=DIRECTION('ref_axis',(-1.,0.,0.));
#8105=DIRECTION('center_axis',(-0.599999999999998,0.,0.800000000000001));
#8106=DIRECTION('ref_axis',(0.800000000000001,0.,0.599999999999998));
#8107=DIRECTION('',(0.,-1.,0.));
#8108=DIRECTION('center_axis',(0.,-1.,0.));
#8109=DIRECTION('ref_axis',(0.,0.,-1.));
#8110=DIRECTION('center_axis',(0.,1.,0.));
#8111=DIRECTION('ref_axis',(0.,0.,1.));
#8112=DIRECTION('center_axis',(1.,0.,3.49676543189025E-16));
#8113=DIRECTION('ref_axis',(3.49676543189025E-16,0.,-1.));
#8114=DIRECTION('center_axis',(0.,1.,0.));
#8115=DIRECTION('ref_axis',(-0.316227766016837,0.,0.948683298050514));
#8116=DIRECTION('',(0.,1.,0.));
#8117=DIRECTION('center_axis',(0.,0.,1.));
#8118=DIRECTION('ref_axis',(-1.,0.,0.));
#8119=DIRECTION('center_axis',(0.,0.,1.));
#8120=DIRECTION('ref_axis',(-1.,0.,0.));
#8121=DIRECTION('',(0.,0.,-1.));
#8122=DIRECTION('center_axis',(0.,0.,-1.));
#8123=DIRECTION('ref_axis',(-1.,0.,0.));
#8124=DIRECTION('center_axis',(0.,0.,1.));
#8125=DIRECTION('ref_axis',(-1.,0.,0.));
#8126=DIRECTION('center_axis',(0.,0.,1.));
#8127=DIRECTION('ref_axis',(1.,0.,0.));
#8128=DIRECTION('center_axis',(0.,0.,-1.));
#8129=DIRECTION('ref_axis',(1.,-1.22464679914735E-16,0.));
#8130=DIRECTION('center_axis',(0.,0.,-1.));
#8131=DIRECTION('ref_axis',(-1.,0.,0.));
#8132=DIRECTION('center_axis',(0.,0.,1.));
#8133=DIRECTION('ref_axis',(-1.,0.,0.));
#8134=DIRECTION('center_axis',(0.,0.,1.));
#8135=DIRECTION('ref_axis',(-1.,0.,0.));
#8136=DIRECTION('center_axis',(0.,0.,1.));
#8137=DIRECTION('ref_axis',(-1.,0.,0.));
#8138=DIRECTION('',(0.,0.,-1.));
#8139=DIRECTION('center_axis',(0.,0.,1.));
#8140=DIRECTION('ref_axis',(-1.,0.,0.));
#8141=DIRECTION('center_axis',(0.,0.,1.));
#8142=DIRECTION('ref_axis',(-1.,0.,0.));
#8143=DIRECTION('center_axis',(0.,0.,1.));
#8144=DIRECTION('ref_axis',(-1.,0.,0.));
#8145=DIRECTION('',(0.,0.,-1.));
#8146=DIRECTION('center_axis',(0.,0.,1.));
#8147=DIRECTION('ref_axis',(-1.,0.,0.));
#8148=DIRECTION('center_axis',(0.,0.,1.));
#8149=DIRECTION('ref_axis',(-1.,0.,0.));
#8150=DIRECTION('center_axis',(0.,0.,1.));
#8151=DIRECTION('ref_axis',(-1.,0.,0.));
#8152=DIRECTION('',(0.,0.,-1.));
#8153=DIRECTION('center_axis',(0.,0.,1.));
#8154=DIRECTION('ref_axis',(-1.,0.,0.));
#8155=DIRECTION('center_axis',(0.,0.,1.));
#8156=DIRECTION('ref_axis',(-1.,0.,0.));
#8157=DIRECTION('center_axis',(0.,0.,1.));
#8158=DIRECTION('ref_axis',(-1.,0.,0.));
#8159=DIRECTION('',(0.,0.,-1.));
#8160=DIRECTION('center_axis',(0.,0.,1.));
#8161=DIRECTION('ref_axis',(-1.,0.,0.));
#8162=DIRECTION('center_axis',(0.,0.,1.));
#8163=DIRECTION('ref_axis',(-1.,0.,0.));
#8164=DIRECTION('center_axis',(0.,0.,1.));
#8165=DIRECTION('ref_axis',(-1.,0.,0.));
#8166=DIRECTION('',(0.,0.,-1.));
#8167=DIRECTION('center_axis',(0.,0.,1.));
#8168=DIRECTION('ref_axis',(-1.,0.,0.));
#8169=DIRECTION('center_axis',(0.,0.,1.));
#8170=DIRECTION('ref_axis',(-1.,0.,0.));
#8171=DIRECTION('center_axis',(0.,0.,1.));
#8172=DIRECTION('ref_axis',(-1.,0.,0.));
#8173=DIRECTION('',(0.,0.,-1.));
#8174=DIRECTION('center_axis',(0.,0.,1.));
#8175=DIRECTION('ref_axis',(-1.,0.,0.));
#8176=DIRECTION('center_axis',(0.,0.,1.));
#8177=DIRECTION('ref_axis',(-1.,0.,0.));
#8178=DIRECTION('center_axis',(0.,0.,1.));
#8179=DIRECTION('ref_axis',(-1.,0.,0.));
#8180=DIRECTION('',(0.,0.,-1.));
#8181=DIRECTION('center_axis',(0.,0.,1.));
#8182=DIRECTION('ref_axis',(-1.,0.,0.));
#8183=DIRECTION('center_axis',(0.,0.,1.));
#8184=DIRECTION('ref_axis',(-1.,0.,0.));
#8185=DIRECTION('center_axis',(0.,0.,1.));
#8186=DIRECTION('ref_axis',(-1.,0.,0.));
#8187=DIRECTION('',(0.,0.,-1.));
#8188=DIRECTION('center_axis',(0.,0.,1.));
#8189=DIRECTION('ref_axis',(-1.,0.,0.));
#8190=DIRECTION('center_axis',(0.,0.,1.));
#8191=DIRECTION('ref_axis',(-1.,0.,0.));
#8192=DIRECTION('center_axis',(0.,0.,1.));
#8193=DIRECTION('ref_axis',(-1.,0.,0.));
#8194=DIRECTION('',(0.,0.,-1.));
#8195=DIRECTION('center_axis',(0.,0.,1.));
#8196=DIRECTION('ref_axis',(-1.,0.,0.));
#8197=DIRECTION('center_axis',(0.,0.,1.));
#8198=DIRECTION('ref_axis',(-1.,0.,0.));
#8199=DIRECTION('center_axis',(0.,0.,1.));
#8200=DIRECTION('ref_axis',(-1.,0.,0.));
#8201=DIRECTION('axis',(0.,0.,1.));
#8202=DIRECTION('refdir',(1.,0.,0.));
#8203=DIRECTION('center_axis',(0.,0.,-1.));
#8204=DIRECTION('ref_axis',(0.,1.,0.));
#8205=DIRECTION('center_axis',(5.55111512312578E-17,0.,-1.));
#8206=DIRECTION('ref_axis',(0.,1.,0.));
#8207=DIRECTION('',(0.,0.,1.));
#8208=DIRECTION('center_axis',(0.478695449254007,0.,0.877981017370822));
#8209=DIRECTION('ref_axis',(-0.877981017370822,0.,0.478695449254007));
#8210=DIRECTION('center_axis',(0.478695449254008,0.,0.877981017370822));
#8211=DIRECTION('ref_axis',(0.877981017370822,0.,-0.478695449254008));
#8212=DIRECTION('center_axis',(5.55111512312578E-17,0.,-1.));
#8213=DIRECTION('ref_axis',(-1.,0.,-5.55111512312578E-17));
#8214=DIRECTION('center_axis',(-0.840571035093633,0.,-0.541701333727008));
#8215=DIRECTION('ref_axis',(0.,1.,0.));
#8216=DIRECTION('',(0.840571035093633,0.,0.541701333727008));
#8217=DIRECTION('center_axis',(0.959315129426622,0.,0.282337532845323));
#8218=DIRECTION('ref_axis',(-0.282337532845323,0.,0.959315129426622));
#8219=DIRECTION('center_axis',(0.959315129426622,0.,0.282337532845322));
#8220=DIRECTION('ref_axis',(0.282337532845322,0.,-0.959315129426622));
#8221=DIRECTION('center_axis',(-1.,0.,0.));
#8222=DIRECTION('ref_axis',(0.,1.,0.));
#8223=DIRECTION('',(1.,0.,0.));
#8224=DIRECTION('center_axis',(0.92868895014313,0.,0.370859587825434));
#8225=DIRECTION('ref_axis',(0.370859587825434,0.,-0.92868895014313));
#8226=DIRECTION('center_axis',(0.928688950143131,0.,0.370859587825431));
#8227=DIRECTION('ref_axis',(-0.370859587825431,0.,0.928688950143131));
#8228=DIRECTION('center_axis',(-0.724926332235902,0.,-0.688826402536229));
#8229=DIRECTION('ref_axis',(0.,1.,0.));
#8230=DIRECTION('',(0.724926332235902,0.,0.688826402536229));
#8231=DIRECTION('center_axis',(0.394444924839804,0.,0.918919583678638));
#8232=DIRECTION('ref_axis',(0.918919583678638,0.,-0.394444924839804));
#8233=DIRECTION('center_axis',(0.394444924839813,0.,0.918919583678634));
#8234=DIRECTION('ref_axis',(-0.918919583678634,0.,0.394444924839813));
#8235=DIRECTION('center_axis',(0.,0.,-1.));
#8236=DIRECTION('ref_axis',(0.,1.,0.));
#8237=DIRECTION('',(0.,0.,1.));
#8238=DIRECTION('center_axis',(-0.465737642400886,0.,0.884922848869247));
#8239=DIRECTION('ref_axis',(0.884922848869247,0.,0.465737642400886));
#8240=DIRECTION('center_axis',(-0.465737642400895,0.,0.884922848869243));
#8241=DIRECTION('ref_axis',(-0.884922848869243,0.,-0.465737642400895));
#8242=DIRECTION('center_axis',(0.824283762678088,0.,-0.566176896901713));
#8243=DIRECTION('ref_axis',(0.,1.,0.));
#8244=DIRECTION('',(-0.824283762678088,0.,0.566176896901713));
#8245=DIRECTION('center_axis',(-0.955061192457867,0.,0.296408702066853));
#8246=DIRECTION('ref_axis',(0.296408702066853,0.,0.955061192457867));
#8247=DIRECTION('center_axis',(-0.955061192457868,0.,0.296408702066852));
#8248=DIRECTION('ref_axis',(-0.296408702066852,0.,-0.955061192457868));
#8249=DIRECTION('center_axis',(1.,0.,0.));
#8250=DIRECTION('ref_axis',(0.,1.,0.));
#8251=DIRECTION('',(-1.,0.,0.));
#8252=DIRECTION('center_axis',(-0.828067230469273,0.,0.560628809305184));
#8253=DIRECTION('ref_axis',(-0.560628809305184,0.,-0.828067230469273));
#8254=DIRECTION('center_axis',(-0.828067230469274,0.,0.560628809305182));
#8255=DIRECTION('ref_axis',(0.560628809305182,0.,0.828067230469274));
#8256=DIRECTION('center_axis',(0.371390676354104,0.,-0.928476690885259));
#8257=DIRECTION('ref_axis',(0.,1.,0.));
#8258=DIRECTION('',(-0.371390676354104,0.,0.928476690885259));
#8259=DIRECTION('center_axis',(-0.750439785901952,0.,0.660938822990019));
#8260=DIRECTION('ref_axis',(0.660938822990019,0.,0.750439785901952));
#8261=DIRECTION('center_axis',(-0.750439785901947,0.,0.660938822990025));
#8262=DIRECTION('ref_axis',(-0.660938822990025,0.,-0.750439785901947));
#8263=DIRECTION('center_axis',(0.967953175795394,0.,-0.25113074178127));
#8264=DIRECTION('ref_axis',(0.,1.,0.));
#8265=DIRECTION('',(-0.967953175795394,0.,0.25113074178127));
#8266=DIRECTION('center_axis',(-0.991955940502247,0.,0.126583617037526));
#8267=DIRECTION('ref_axis',(0.126583617037526,0.,0.991955940502247));
#8268=DIRECTION('center_axis',(-0.991955940502247,0.,0.126583617037526));
#8269=DIRECTION('ref_axis',(-0.126583617037526,0.,-0.991955940502247));
#8270=DIRECTION('center_axis',(1.,0.,0.));
#8271=DIRECTION('ref_axis',(0.,1.,0.));
#8272=DIRECTION('',(-1.,0.,0.));
#8273=DIRECTION('center_axis',(1.,0.,0.));
#8274=DIRECTION('ref_axis',(0.,1.,0.));
#8275=DIRECTION('center_axis',(1.,0.,0.));
#8276=DIRECTION('ref_axis',(0.,0.,-1.));
#8277=DIRECTION('',(0.,0.,1.));
#8278=DIRECTION('',(1.,0.,0.));
#8279=DIRECTION('',(0.,0.,1.));
#8280=DIRECTION('',(1.,0.,0.));
#8281=DIRECTION('',(0.,0.,1.));
#8282=DIRECTION('',(0.5,0.866025403784439,0.));
#8283=DIRECTION('',(0.,0.,1.));
#8284=DIRECTION('',(-0.500000000000001,-0.866025403784438,0.));
#8285=DIRECTION('',(0.,0.,1.));
#8286=DIRECTION('',(-0.5,0.866025403784438,0.));
#8287=DIRECTION('',(0.,0.,1.));
#8288=DIRECTION('',(-1.,0.,0.));
#8289=DIRECTION('',(0.,0.,1.));
#8290=DIRECTION('',(0.5,-0.866025403784439,0.));
#8291=DIRECTION('',(0.,0.,1.));
#8292=DIRECTION('',(1.,0.,0.));
#8293=DIRECTION('',(5.42370637350037E-15,1.26163708260204E-16,1.));
#8294=DIRECTION('',(-0.999999469132455,0.00103040516791169,6.17559072906959E-15));
#8295=DIRECTION('',(-2.81717963861349E-15,-3.56946188405549E-18,-1.));
#8296=DIRECTION('',(-0.999999469132454,0.00103040516791169,2.81717446507227E-15));
#8297=DIRECTION('',(0.,0.,1.));
#8298=DIRECTION('',(1.,0.,0.));
#8299=DIRECTION('',(0.,0.,1.));
#8300=DIRECTION('',(1.,0.,0.));
#8301=DIRECTION('center_axis',(0.,0.,1.));
#8302=DIRECTION('ref_axis',(1.,0.,0.));
#8303=CARTESIAN_POINT('',(0.,0.,0.));
#8304=CARTESIAN_POINT('',(0.,0.,0.));
#8305=CARTESIAN_POINT('Origin',(-0.527778823433577,0.918003083376557,-1.5));
#8306=CARTESIAN_POINT('',(-0.462778822558601,1.03058638536337,-1.5));
#8307=CARTESIAN_POINT('Origin',(-0.527778823433577,0.918003083376557,-1.5));
#8308=CARTESIAN_POINT('',(-0.462778822558601,1.03058638536337,0.));
#8309=CARTESIAN_POINT('',(-0.462778822558601,1.03058638536337,-1.5));
#8310=CARTESIAN_POINT('Origin',(-0.527778823433577,0.918003083376557,0.));
#8311=CARTESIAN_POINT('Origin',(-0.53000002382984,-0.917986952806835,-1.5));
#8312=CARTESIAN_POINT('',(-0.465000022954863,-0.805403650820026,-1.5));
#8313=CARTESIAN_POINT('Origin',(-0.53000002382984,-0.917986952806835,-1.5));
#8314=CARTESIAN_POINT('',(-0.465000022954863,-0.805403650820026,0.));
#8315=CARTESIAN_POINT('',(-0.465000022954863,-0.805403650820026,-1.5));
#8316=CARTESIAN_POINT('Origin',(-0.53000002382984,-0.917986952806835,0.));
#8317=CARTESIAN_POINT('Origin',(1.06174335864165,-0.00100654423228227,-1.5));
#8318=CARTESIAN_POINT('',(1.12674335951663,0.111576757754527,-1.5));
#8319=CARTESIAN_POINT('Origin',(1.06174335864165,-0.00100654423228227,-1.5));
#8320=CARTESIAN_POINT('',(1.12674335951663,0.111576757754527,0.));
#8321=CARTESIAN_POINT('',(1.12674335951663,0.111576757754527,-1.5));
#8322=CARTESIAN_POINT('Origin',(1.06174335864165,-0.00100654423228227,0.));
#8323=CARTESIAN_POINT('Origin',(0.,0.,-1.5));
#8324=CARTESIAN_POINT('',(2.875,1.74838271594513E-16,-1.5));
#8325=CARTESIAN_POINT('Origin',(0.,1.76042977377432E-16,-1.5));
#8326=CARTESIAN_POINT('Origin',(0.,0.,5.165));
#8327=CARTESIAN_POINT('',(-2.27410527393102,1.17020960998181,5.165));
#8328=CARTESIAN_POINT('Origin',(-2.21229458044673,1.27726887154767,5.165));
#8329=CARTESIAN_POINT('Origin',(-2.21229458044673,1.27726887154767,5.165));
#8330=CARTESIAN_POINT('',(-2.27410527393102,1.17020960998181,5.5));
#8331=CARTESIAN_POINT('',(-2.27410527393102,1.17020960998181,5.165));
#8332=CARTESIAN_POINT('Origin',(-2.21229458044673,1.27726887154767,5.5));
#8333=CARTESIAN_POINT('Origin',(0.,0.,5.165));
#8334=CARTESIAN_POINT('',(-2.15048388696244,-1.38432813311353,5.165));
#8335=CARTESIAN_POINT('Origin',(-2.21229458044673,-1.27726887154767,5.165));
#8336=CARTESIAN_POINT('Origin',(-2.21229458044673,-1.27726887154767,5.165));
#8337=CARTESIAN_POINT('',(-2.15048388696244,-1.38432813311353,5.5));
#8338=CARTESIAN_POINT('',(-2.15048388696244,-1.38432813311353,5.165));
#8339=CARTESIAN_POINT('Origin',(-2.21229458044673,-1.27726887154767,5.5));
#8340=CARTESIAN_POINT('Origin',(0.,0.,5.165));
#8341=CARTESIAN_POINT('',(0.123621386968583,-2.55453774309534,5.165));
#8342=CARTESIAN_POINT('Origin',(3.12840647038281E-16,-2.55453774309534,
5.165));
#8343=CARTESIAN_POINT('Origin',(3.12840647038281E-16,-2.55453774309534,
5.165));
#8344=CARTESIAN_POINT('',(0.123621386968583,-2.55453774309534,5.5));
#8345=CARTESIAN_POINT('',(0.123621386968583,-2.55453774309534,5.165));
#8346=CARTESIAN_POINT('Origin',(3.12840647038281E-16,-2.55453774309534,
5.5));
#8347=CARTESIAN_POINT('Origin',(0.,0.,5.165));
#8348=CARTESIAN_POINT('',(2.27410527393102,-1.17020960998181,5.165));
#8349=CARTESIAN_POINT('Origin',(2.21229458044673,-1.27726887154767,5.165));
#8350=CARTESIAN_POINT('Origin',(2.21229458044673,-1.27726887154767,5.165));
#8351=CARTESIAN_POINT('',(2.27410527393102,-1.17020960998181,5.5));
#8352=CARTESIAN_POINT('',(2.27410527393102,-1.17020960998181,5.165));
#8353=CARTESIAN_POINT('Origin',(2.21229458044673,-1.27726887154767,5.5));
#8354=CARTESIAN_POINT('Origin',(0.,0.,5.165));
#8355=CARTESIAN_POINT('',(2.15048388696244,1.38432813311353,5.165));
#8356=CARTESIAN_POINT('Origin',(2.21229458044673,1.27726887154767,5.165));
#8357=CARTESIAN_POINT('Origin',(2.21229458044673,1.27726887154767,5.165));
#8358=CARTESIAN_POINT('',(2.15048388696244,1.38432813311353,5.5));
#8359=CARTESIAN_POINT('',(2.15048388696244,1.38432813311353,5.165));
#8360=CARTESIAN_POINT('Origin',(2.21229458044673,1.27726887154767,5.5));
#8361=CARTESIAN_POINT('Origin',(0.,1.76042977377432E-16,5.5));
#8362=CARTESIAN_POINT('',(2.875,1.76042977377432E-16,5.5));
#8363=CARTESIAN_POINT('',(2.875,-1.76042977377432E-16,5.5));
#8364=CARTESIAN_POINT('Origin',(0.,1.76042977377432E-16,5.5));
#8365=CARTESIAN_POINT('',(1.17390758856638,2.62441726360468,1.));
#8366=CARTESIAN_POINT('',(0.96601048623416,2.70784946784079,1.));
#8367=CARTESIAN_POINT('Ctrl Pts',(1.17390758856638,2.62441726360468,0.999999999999999));
#8368=CARTESIAN_POINT('Ctrl Pts',(1.17390758856638,2.62441726360468,0.985935782835169));
#8369=CARTESIAN_POINT('Ctrl Pts',(1.1713422748578,2.62556945485644,0.970934669223664));
#8370=CARTESIAN_POINT('Ctrl Pts',(1.16089056112116,2.63020736677341,0.943339600988511));
#8371=CARTESIAN_POINT('Ctrl Pts',(1.15300193956928,2.63368761395441,0.930745568159528));
#8372=CARTESIAN_POINT('Ctrl Pts',(1.13475316669942,2.64160162681165,0.910858543185488));
#8373=CARTESIAN_POINT('Ctrl Pts',(1.12317633731324,2.64656197222457,0.902239542815409));
#8374=CARTESIAN_POINT('Ctrl Pts',(1.09772369714721,2.65721998378886,0.890810256369467));
#8375=CARTESIAN_POINT('Ctrl Pts',(1.08384559924162,2.66291221904466,0.888));
#8376=CARTESIAN_POINT('Ctrl Pts',(1.05773874770444,2.67338954200089,0.888));
#8377=CARTESIAN_POINT('Ctrl Pts',(1.04377151076204,2.67887225017793,0.89081193770043));
#8378=CARTESIAN_POINT('Ctrl Pts',(1.01800280511342,2.68877031154283,0.902244048962049));
#8379=CARTESIAN_POINT('Ctrl Pts',(1.00620340253594,2.69319117898951,0.910864104637619));
#8380=CARTESIAN_POINT('Ctrl Pts',(0.987538916802749,2.70009089819528,0.930750408177375));
#8381=CARTESIAN_POINT('Ctrl Pts',(0.979428601997386,2.70303114003949,0.943342293392587));
#8382=CARTESIAN_POINT('Ctrl Pts',(0.968663194329246,2.70690770925306,0.97093466191859));
#8383=CARTESIAN_POINT('Ctrl Pts',(0.96601048623416,2.70784946784079,0.98593531229366));
#8384=CARTESIAN_POINT('Ctrl Pts',(0.96601048623416,2.70784946784079,1.));
#8385=CARTESIAN_POINT('Ctrl Pts',(0.96601048623416,2.70784946784079,1.));
#8386=CARTESIAN_POINT('Ctrl Pts',(0.96601048623416,2.70784946784079,1.01406570549229));
#8387=CARTESIAN_POINT('Ctrl Pts',(0.968663575325701,2.70690757452194,1.0290673715603));
#8388=CARTESIAN_POINT('Ctrl Pts',(0.979430412950035,2.70303048546025,1.0566612910068));
#8389=CARTESIAN_POINT('Ctrl Pts',(0.987541776109065,2.70008985706312,1.069253711496));
#8390=CARTESIAN_POINT('Ctrl Pts',(1.00620726352823,2.69318973581411,1.08913893537021));
#8391=CARTESIAN_POINT('Ctrl Pts',(1.01800615713562,2.68876903843862,1.09775787457272));
#8392=CARTESIAN_POINT('Ctrl Pts',(1.04377340428653,2.67887150840334,1.1091884658271));
#8393=CARTESIAN_POINT('Ctrl Pts',(1.05773969224484,2.67338916293354,1.112));
#8394=CARTESIAN_POINT('Ctrl Pts',(1.08384612594539,2.66291200766545,1.112));
#8395=CARTESIAN_POINT('Ctrl Pts',(1.09772474606357,2.65721955271729,1.10918951863558));
#8396=CARTESIAN_POINT('Ctrl Pts',(1.12317817852402,2.64656119308643,1.09775938436517));
#8397=CARTESIAN_POINT('Ctrl Pts',(1.13475527833158,2.64160072009425,1.08913976117158));
#8398=CARTESIAN_POINT('Ctrl Pts',(1.15300349226548,2.63368693154677,1.06925213404879));
#8399=CARTESIAN_POINT('Ctrl Pts',(1.160891542548,2.63020693268071,1.05665839986676));
#8400=CARTESIAN_POINT('Ctrl Pts',(1.17134248010084,2.62556936236831,1.02906419675654));
#8401=CARTESIAN_POINT('Ctrl Pts',(1.17390758856638,2.62441726360468,1.014063649636));
#8402=CARTESIAN_POINT('Ctrl Pts',(1.17390758856638,2.62441726360468,0.999999999999999));
#8403=CARTESIAN_POINT('',(-0.966010486234161,2.70784946784079,4.5));
#8404=CARTESIAN_POINT('',(-1.17390758856638,2.62441726360468,4.5));
#8405=CARTESIAN_POINT('Ctrl Pts',(-0.966010486234164,2.70784946784079,4.5));
#8406=CARTESIAN_POINT('Ctrl Pts',(-0.966010486234164,2.70784946784079,4.48593531229366));
#8407=CARTESIAN_POINT('Ctrl Pts',(-0.96866319432925,2.70690770925306,4.47093466191859));
#8408=CARTESIAN_POINT('Ctrl Pts',(-0.97942860199739,2.70303114003949,4.44334229339259));
#8409=CARTESIAN_POINT('Ctrl Pts',(-0.987538916802753,2.70009089819528,4.43075040817737));
#8410=CARTESIAN_POINT('Ctrl Pts',(-1.00620340253595,2.69319117898951,4.41086410463762));
#8411=CARTESIAN_POINT('Ctrl Pts',(-1.01800280511343,2.68877031154283,4.40224404896205));
#8412=CARTESIAN_POINT('Ctrl Pts',(-1.04377151076204,2.67887225017793,4.39081193770043));
#8413=CARTESIAN_POINT('Ctrl Pts',(-1.05773874770444,2.67338954200088,4.388));
#8414=CARTESIAN_POINT('Ctrl Pts',(-1.08384559924162,2.66291221904466,4.388));
#8415=CARTESIAN_POINT('Ctrl Pts',(-1.09772369714722,2.65721998378886,4.39081025636947));
#8416=CARTESIAN_POINT('Ctrl Pts',(-1.12317633731324,2.64656197222457,4.40223954281541));
#8417=CARTESIAN_POINT('Ctrl Pts',(-1.13475316669943,2.64160162681165,4.41085854318549));
#8418=CARTESIAN_POINT('Ctrl Pts',(-1.15300193956928,2.63368761395441,4.43074556815953));
#8419=CARTESIAN_POINT('Ctrl Pts',(-1.16089056112117,2.63020736677341,4.44333960098851));
#8420=CARTESIAN_POINT('Ctrl Pts',(-1.17134227485781,2.62556945485643,4.47093466922366));
#8421=CARTESIAN_POINT('Ctrl Pts',(-1.17390758856638,2.62441726360468,4.48593578283517));
#8422=CARTESIAN_POINT('Ctrl Pts',(-1.17390758856638,2.62441726360468,4.5));
#8423=CARTESIAN_POINT('Ctrl Pts',(-1.17390758856638,2.62441726360468,4.5));
#8424=CARTESIAN_POINT('Ctrl Pts',(-1.17390758856638,2.62441726360468,4.51406421716483));
#8425=CARTESIAN_POINT('Ctrl Pts',(-1.17134227485781,2.62556945485643,4.52906533077634));
#8426=CARTESIAN_POINT('Ctrl Pts',(-1.16089056112117,2.63020736677341,4.55666039901149));
#8427=CARTESIAN_POINT('Ctrl Pts',(-1.15300193956928,2.63368761395441,4.56925443184047));
#8428=CARTESIAN_POINT('Ctrl Pts',(-1.13475316669943,2.64160162681165,4.58914145681451));
#8429=CARTESIAN_POINT('Ctrl Pts',(-1.12317633731324,2.64656197222457,4.59776045718459));
#8430=CARTESIAN_POINT('Ctrl Pts',(-1.09772369714722,2.65721998378886,4.60918974363053));
#8431=CARTESIAN_POINT('Ctrl Pts',(-1.08384559924162,2.66291221904466,4.612));
#8432=CARTESIAN_POINT('Ctrl Pts',(-1.05773874770444,2.67338954200088,4.612));
#8433=CARTESIAN_POINT('Ctrl Pts',(-1.04377151076204,2.67887225017793,4.60918806229957));
#8434=CARTESIAN_POINT('Ctrl Pts',(-1.01800280511343,2.68877031154283,4.59775595103795));
#8435=CARTESIAN_POINT('Ctrl Pts',(-1.00620340253595,2.69319117898951,4.58913589536238));
#8436=CARTESIAN_POINT('Ctrl Pts',(-0.987538916802753,2.70009089819528,4.56924959182263));
#8437=CARTESIAN_POINT('Ctrl Pts',(-0.97942860199739,2.70303114003949,4.55665770660741));
#8438=CARTESIAN_POINT('Ctrl Pts',(-0.96866319432925,2.70690770925306,4.52906533808141));
#8439=CARTESIAN_POINT('Ctrl Pts',(-0.966010486234164,2.70784946784079,4.51406468770634));
#8440=CARTESIAN_POINT('Ctrl Pts',(-0.966010486234164,2.70784946784079,4.5));
#8441=CARTESIAN_POINT('',(-0.966010486234161,2.70784946784079,2.75));
#8442=CARTESIAN_POINT('',(-1.17390758856638,2.62441726360468,2.75));
#8443=CARTESIAN_POINT('Ctrl Pts',(-0.966010486234164,2.70784946784079,2.75));
#8444=CARTESIAN_POINT('Ctrl Pts',(-0.966010486234164,2.70784946784079,2.73593531229366));
#8445=CARTESIAN_POINT('Ctrl Pts',(-0.96866319432925,2.70690770925306,2.72093466191859));
#8446=CARTESIAN_POINT('Ctrl Pts',(-0.97942860199739,2.70303114003949,2.69334229339259));
#8447=CARTESIAN_POINT('Ctrl Pts',(-0.987538916802753,2.70009089819528,2.68075040817737));
#8448=CARTESIAN_POINT('Ctrl Pts',(-1.00620340253595,2.69319117898951,2.66086410463762));
#8449=CARTESIAN_POINT('Ctrl Pts',(-1.01800280511343,2.68877031154283,2.65224404896205));
#8450=CARTESIAN_POINT('Ctrl Pts',(-1.04377151076204,2.67887225017793,2.64081193770043));
#8451=CARTESIAN_POINT('Ctrl Pts',(-1.05773874770444,2.67338954200088,2.638));
#8452=CARTESIAN_POINT('Ctrl Pts',(-1.08384559924162,2.66291221904466,2.638));
#8453=CARTESIAN_POINT('Ctrl Pts',(-1.09772369714722,2.65721998378886,2.64081025636947));
#8454=CARTESIAN_POINT('Ctrl Pts',(-1.12317633731324,2.64656197222457,2.65223954281541));
#8455=CARTESIAN_POINT('Ctrl Pts',(-1.13475316669943,2.64160162681165,2.66085854318549));
#8456=CARTESIAN_POINT('Ctrl Pts',(-1.15300193956928,2.63368761395441,2.68074556815953));
#8457=CARTESIAN_POINT('Ctrl Pts',(-1.16089056112117,2.63020736677341,2.69333960098851));
#8458=CARTESIAN_POINT('Ctrl Pts',(-1.17134227485781,2.62556945485643,2.72093466922366));
#8459=CARTESIAN_POINT('Ctrl Pts',(-1.17390758856638,2.62441726360468,2.73593578283517));
#8460=CARTESIAN_POINT('Ctrl Pts',(-1.17390758856638,2.62441726360468,2.75));
#8461=CARTESIAN_POINT('Ctrl Pts',(-1.17390758856638,2.62441726360468,2.75));
#8462=CARTESIAN_POINT('Ctrl Pts',(-1.17390758856638,2.62441726360468,2.76406421716483));
#8463=CARTESIAN_POINT('Ctrl Pts',(-1.17134227485781,2.62556945485643,2.77906533077633));
#8464=CARTESIAN_POINT('Ctrl Pts',(-1.16089056112117,2.63020736677341,2.80666039901149));
#8465=CARTESIAN_POINT('Ctrl Pts',(-1.15300193956928,2.63368761395441,2.81925443184047));
#8466=CARTESIAN_POINT('Ctrl Pts',(-1.13475316669943,2.64160162681165,2.83914145681451));
#8467=CARTESIAN_POINT('Ctrl Pts',(-1.12317633731324,2.64656197222457,2.84776045718459));
#8468=CARTESIAN_POINT('Ctrl Pts',(-1.09772369714722,2.65721998378886,2.85918974363053));
#8469=CARTESIAN_POINT('Ctrl Pts',(-1.08384559924162,2.66291221904466,2.862));
#8470=CARTESIAN_POINT('Ctrl Pts',(-1.05773874770444,2.67338954200088,2.862));
#8471=CARTESIAN_POINT('Ctrl Pts',(-1.04377151076204,2.67887225017793,2.85918806229957));
#8472=CARTESIAN_POINT('Ctrl Pts',(-1.01800280511343,2.68877031154283,2.84775595103795));
#8473=CARTESIAN_POINT('Ctrl Pts',(-1.00620340253595,2.69319117898951,2.83913589536238));
#8474=CARTESIAN_POINT('Ctrl Pts',(-0.987538916802753,2.70009089819528,2.81924959182262));
#8475=CARTESIAN_POINT('Ctrl Pts',(-0.97942860199739,2.70303114003949,2.80665770660741));
#8476=CARTESIAN_POINT('Ctrl Pts',(-0.96866319432925,2.70690770925306,2.77906533808141));
#8477=CARTESIAN_POINT('Ctrl Pts',(-0.966010486234164,2.70784946784079,2.76406468770634));
#8478=CARTESIAN_POINT('Ctrl Pts',(-0.966010486234164,2.70784946784079,2.75));
#8479=CARTESIAN_POINT('',(-0.966010486234161,2.70784946784079,1.));
#8480=CARTESIAN_POINT('',(-1.17390758856638,2.62441726360468,1.));
#8481=CARTESIAN_POINT('Ctrl Pts',(-0.966010486234164,2.70784946784079,1.));
#8482=CARTESIAN_POINT('Ctrl Pts',(-0.966010486234164,2.70784946784079,0.985935312293661));
#8483=CARTESIAN_POINT('Ctrl Pts',(-0.96866319432925,2.70690770925306,0.97093466191859));
#8484=CARTESIAN_POINT('Ctrl Pts',(-0.97942860199739,2.70303114003949,0.943342293392587));
#8485=CARTESIAN_POINT('Ctrl Pts',(-0.987538916802753,2.70009089819528,0.930750408177375));
#8486=CARTESIAN_POINT('Ctrl Pts',(-1.00620340253595,2.69319117898951,0.910864104637619));
#8487=CARTESIAN_POINT('Ctrl Pts',(-1.01800280511343,2.68877031154283,0.902244048962049));
#8488=CARTESIAN_POINT('Ctrl Pts',(-1.04377151076204,2.67887225017793,0.89081193770043));
#8489=CARTESIAN_POINT('Ctrl Pts',(-1.05773874770444,2.67338954200088,0.888));
#8490=CARTESIAN_POINT('Ctrl Pts',(-1.08384559924162,2.66291221904466,0.888));
#8491=CARTESIAN_POINT('Ctrl Pts',(-1.09772369714722,2.65721998378886,0.890810256369467));
#8492=CARTESIAN_POINT('Ctrl Pts',(-1.12317633731324,2.64656197222457,0.902239542815409));
#8493=CARTESIAN_POINT('Ctrl Pts',(-1.13475316669943,2.64160162681165,0.910858543185488));
#8494=CARTESIAN_POINT('Ctrl Pts',(-1.15300193956928,2.63368761395441,0.930745568159528));
#8495=CARTESIAN_POINT('Ctrl Pts',(-1.16089056112117,2.63020736677341,0.943339600988511));
#8496=CARTESIAN_POINT('Ctrl Pts',(-1.17134227485781,2.62556945485643,0.970934669223665));
#8497=CARTESIAN_POINT('Ctrl Pts',(-1.17390758856638,2.62441726360468,0.98593578283517));
#8498=CARTESIAN_POINT('Ctrl Pts',(-1.17390758856638,2.62441726360468,1.));
#8499=CARTESIAN_POINT('Ctrl Pts',(-1.17390758856638,2.62441726360468,1.));
#8500=CARTESIAN_POINT('Ctrl Pts',(-1.17390758856638,2.62441726360468,1.014063649636));
#8501=CARTESIAN_POINT('Ctrl Pts',(-1.17134248010085,2.62556936236831,1.02906419675654));
#8502=CARTESIAN_POINT('Ctrl Pts',(-1.160891542548,2.6302069326807,1.05665839986676));
#8503=CARTESIAN_POINT('Ctrl Pts',(-1.15300349226549,2.63368693154676,1.06925213404879));
#8504=CARTESIAN_POINT('Ctrl Pts',(-1.13475527833158,2.64160072009425,1.08913976117158));
#8505=CARTESIAN_POINT('Ctrl Pts',(-1.12317817852402,2.64656119308643,1.09775938436517));
#8506=CARTESIAN_POINT('Ctrl Pts',(-1.09772474606358,2.65721955271729,1.10918951863558));
#8507=CARTESIAN_POINT('Ctrl Pts',(-1.08384612594539,2.66291200766545,1.112));
#8508=CARTESIAN_POINT('Ctrl Pts',(-1.05773969224484,2.67338916293354,1.112));
#8509=CARTESIAN_POINT('Ctrl Pts',(-1.04377340428653,2.67887150840334,1.1091884658271));
#8510=CARTESIAN_POINT('Ctrl Pts',(-1.01800615713563,2.68876903843862,1.09775787457272));
#8511=CARTESIAN_POINT('Ctrl Pts',(-1.00620726352823,2.69318973581411,1.08913893537021));
#8512=CARTESIAN_POINT('Ctrl Pts',(-0.98754177610907,2.70008985706311,1.069253711496));
#8513=CARTESIAN_POINT('Ctrl Pts',(-0.979430412950039,2.70303048546025,1.0566612910068));
#8514=CARTESIAN_POINT('Ctrl Pts',(-0.968663575325705,2.70690757452194,1.0290673715603));
#8515=CARTESIAN_POINT('Ctrl Pts',(-0.966010486234164,2.70784946784079,1.01406570549229));
#8516=CARTESIAN_POINT('Ctrl Pts',(-0.966010486234164,2.70784946784079,0.999999999999999));
#8517=CARTESIAN_POINT('',(1.17390758856638,2.62441726360468,2.75));
#8518=CARTESIAN_POINT('',(0.96601048623416,2.70784946784079,2.75));
#8519=CARTESIAN_POINT('Ctrl Pts',(1.17390758856638,2.62441726360468,2.75));
#8520=CARTESIAN_POINT('Ctrl Pts',(1.17390758856638,2.62441726360468,2.73593578283517));
#8521=CARTESIAN_POINT('Ctrl Pts',(1.1713422748578,2.62556945485643,2.72093466922366));
#8522=CARTESIAN_POINT('Ctrl Pts',(1.16089056112116,2.63020736677341,2.69333960098851));
#8523=CARTESIAN_POINT('Ctrl Pts',(1.15300193956928,2.63368761395441,2.68074556815953));
#8524=CARTESIAN_POINT('Ctrl Pts',(1.13475316669942,2.64160162681165,2.66085854318549));
#8525=CARTESIAN_POINT('Ctrl Pts',(1.12317633731324,2.64656197222457,2.65223954281541));
#8526=CARTESIAN_POINT('Ctrl Pts',(1.09772369714721,2.65721998378886,2.64081025636947));
#8527=CARTESIAN_POINT('Ctrl Pts',(1.08384559924162,2.66291221904466,2.638));
#8528=CARTESIAN_POINT('Ctrl Pts',(1.05773874770444,2.67338954200089,2.638));
#8529=CARTESIAN_POINT('Ctrl Pts',(1.04377151076204,2.67887225017793,2.64081193770043));
#8530=CARTESIAN_POINT('Ctrl Pts',(1.01800280511342,2.68877031154283,2.65224404896205));
#8531=CARTESIAN_POINT('Ctrl Pts',(1.00620340253594,2.69319117898951,2.66086410463762));
#8532=CARTESIAN_POINT('Ctrl Pts',(0.987538916802749,2.70009089819528,2.68075040817737));
#8533=CARTESIAN_POINT('Ctrl Pts',(0.979428601997386,2.70303114003949,2.69334229339259));
#8534=CARTESIAN_POINT('Ctrl Pts',(0.968663194329245,2.70690770925306,2.72093466191859));
#8535=CARTESIAN_POINT('Ctrl Pts',(0.96601048623416,2.70784946784079,2.73593531229366));
#8536=CARTESIAN_POINT('Ctrl Pts',(0.96601048623416,2.70784946784079,2.75));
#8537=CARTESIAN_POINT('Ctrl Pts',(0.96601048623416,2.70784946784079,2.75));
#8538=CARTESIAN_POINT('Ctrl Pts',(0.96601048623416,2.70784946784079,2.76406468770634));
#8539=CARTESIAN_POINT('Ctrl Pts',(0.968663194329245,2.70690770925306,2.77906533808141));
#8540=CARTESIAN_POINT('Ctrl Pts',(0.979428601997386,2.70303114003949,2.80665770660741));
#8541=CARTESIAN_POINT('Ctrl Pts',(0.987538916802749,2.70009089819528,2.81924959182262));
#8542=CARTESIAN_POINT('Ctrl Pts',(1.00620340253594,2.69319117898951,2.83913589536238));
#8543=CARTESIAN_POINT('Ctrl Pts',(1.01800280511342,2.68877031154283,2.84775595103795));
#8544=CARTESIAN_POINT('Ctrl Pts',(1.04377151076204,2.67887225017793,2.85918806229957));
#8545=CARTESIAN_POINT('Ctrl Pts',(1.05773874770444,2.67338954200089,2.862));
#8546=CARTESIAN_POINT('Ctrl Pts',(1.08384559924162,2.66291221904466,2.862));
#8547=CARTESIAN_POINT('Ctrl Pts',(1.09772369714721,2.65721998378886,2.85918974363053));
#8548=CARTESIAN_POINT('Ctrl Pts',(1.12317633731324,2.64656197222457,2.84776045718459));
#8549=CARTESIAN_POINT('Ctrl Pts',(1.13475316669942,2.64160162681165,2.83914145681451));
#8550=CARTESIAN_POINT('Ctrl Pts',(1.15300193956928,2.63368761395441,2.81925443184047));
#8551=CARTESIAN_POINT('Ctrl Pts',(1.16089056112116,2.63020736677341,2.80666039901149));
#8552=CARTESIAN_POINT('Ctrl Pts',(1.1713422748578,2.62556945485643,2.77906533077633));
#8553=CARTESIAN_POINT('Ctrl Pts',(1.17390758856638,2.62441726360468,2.76406421716483));
#8554=CARTESIAN_POINT('Ctrl Pts',(1.17390758856638,2.62441726360468,2.75));
#8555=CARTESIAN_POINT('',(1.17390758856638,2.62441726360468,4.5));
#8556=CARTESIAN_POINT('',(0.96601048623416,2.70784946784079,4.5));
#8557=CARTESIAN_POINT('Ctrl Pts',(1.17390758856638,2.62441726360468,4.5));
#8558=CARTESIAN_POINT('Ctrl Pts',(1.17390758856638,2.62441726360468,4.48593578283517));
#8559=CARTESIAN_POINT('Ctrl Pts',(1.1713422748578,2.62556945485643,4.47093466922366));
#8560=CARTESIAN_POINT('Ctrl Pts',(1.16089056112116,2.63020736677341,4.44333960098851));
#8561=CARTESIAN_POINT('Ctrl Pts',(1.15300193956928,2.63368761395441,4.43074556815953));
#8562=CARTESIAN_POINT('Ctrl Pts',(1.13475316669942,2.64160162681165,4.41085854318549));
#8563=CARTESIAN_POINT('Ctrl Pts',(1.12317633731324,2.64656197222457,4.40223954281541));
#8564=CARTESIAN_POINT('Ctrl Pts',(1.09772369714721,2.65721998378886,4.39081025636947));
#8565=CARTESIAN_POINT('Ctrl Pts',(1.08384559924162,2.66291221904466,4.388));
#8566=CARTESIAN_POINT('Ctrl Pts',(1.05773874770444,2.67338954200089,4.388));
#8567=CARTESIAN_POINT('Ctrl Pts',(1.04377151076204,2.67887225017793,4.39081193770043));
#8568=CARTESIAN_POINT('Ctrl Pts',(1.01800280511342,2.68877031154283,4.40224404896205));
#8569=CARTESIAN_POINT('Ctrl Pts',(1.00620340253594,2.69319117898951,4.41086410463762));
#8570=CARTESIAN_POINT('Ctrl Pts',(0.987538916802749,2.70009089819528,4.43075040817737));
#8571=CARTESIAN_POINT('Ctrl Pts',(0.979428601997386,2.70303114003949,4.44334229339259));
#8572=CARTESIAN_POINT('Ctrl Pts',(0.968663194329246,2.70690770925306,4.47093466191859));
#8573=CARTESIAN_POINT('Ctrl Pts',(0.96601048623416,2.70784946784079,4.48593531229366));
#8574=CARTESIAN_POINT('Ctrl Pts',(0.96601048623416,2.70784946784079,4.5));
#8575=CARTESIAN_POINT('Ctrl Pts',(0.96601048623416,2.70784946784079,4.5));
#8576=CARTESIAN_POINT('Ctrl Pts',(0.96601048623416,2.70784946784079,4.51406468770634));
#8577=CARTESIAN_POINT('Ctrl Pts',(0.968663194329245,2.70690770925306,4.52906533808141));
#8578=CARTESIAN_POINT('Ctrl Pts',(0.979428601997386,2.70303114003949,4.55665770660741));
#8579=CARTESIAN_POINT('Ctrl Pts',(0.987538916802749,2.70009089819528,4.56924959182263));
#8580=CARTESIAN_POINT('Ctrl Pts',(1.00620340253594,2.69319117898951,4.58913589536238));
#8581=CARTESIAN_POINT('Ctrl Pts',(1.01800280511342,2.68877031154283,4.59775595103795));
#8582=CARTESIAN_POINT('Ctrl Pts',(1.04377151076204,2.67887225017793,4.60918806229957));
#8583=CARTESIAN_POINT('Ctrl Pts',(1.05773874770444,2.67338954200089,4.612));
#8584=CARTESIAN_POINT('Ctrl Pts',(1.08384559924162,2.66291221904466,4.612));
#8585=CARTESIAN_POINT('Ctrl Pts',(1.09772369714721,2.65721998378886,4.60918974363053));
#8586=CARTESIAN_POINT('Ctrl Pts',(1.12317633731324,2.64656197222457,4.59776045718459));
#8587=CARTESIAN_POINT('Ctrl Pts',(1.13475316669942,2.64160162681165,4.58914145681451));
#8588=CARTESIAN_POINT('Ctrl Pts',(1.15300193956928,2.63368761395441,4.56925443184047));
#8589=CARTESIAN_POINT('Ctrl Pts',(1.16089056112116,2.63020736677341,4.55666039901149));
#8590=CARTESIAN_POINT('Ctrl Pts',(1.1713422748578,2.62556945485643,4.52906533077633));
#8591=CARTESIAN_POINT('Ctrl Pts',(1.17390758856638,2.62441726360468,4.51406421716483));
#8592=CARTESIAN_POINT('Ctrl Pts',(1.17390758856638,2.62441726360468,4.5));
#8593=CARTESIAN_POINT('',(-2.82807167189138,0.517335112519449,2.75));
#8594=CARTESIAN_POINT('',(-2.85976581469528,0.295574838408522,2.75));
#8595=CARTESIAN_POINT('Ctrl Pts',(-2.82807167189138,0.51733511251945,2.75));
#8596=CARTESIAN_POINT('Ctrl Pts',(-2.82807167189138,0.51733511251945,2.73593531229366));
#8597=CARTESIAN_POINT('Ctrl Pts',(-2.82858243907772,0.51456692062642,2.72093466191859));
#8598=CARTESIAN_POINT('Ctrl Pts',(-2.83060793549331,0.503305519496929,2.69334229339259));
#8599=CARTESIAN_POINT('Ctrl Pts',(-2.83211676876563,0.49481165992069,2.68075040817737));
#8600=CARTESIAN_POINT('Ctrl Pts',(-2.83547367952105,0.475197881524284,2.66086410463762));
#8601=CARTESIAN_POINT('Ctrl Pts',(-2.8375447972942,0.462768865419368,2.65224404896205));
#8602=CARTESIAN_POINT('Ctrl Pts',(-2.84185717752829,0.435503481022574,2.64081193770043));
#8603=CARTESIAN_POINT('Ctrl Pts',(-2.84409263143663,0.420666144921256,2.638));
#8604=CARTESIAN_POINT('Ctrl Pts',(-2.84807242936147,0.392818286799119,2.638));
#8605=CARTESIAN_POINT('Ctrl Pts',(-2.85008185797843,0.377953383828764,2.64081025636947));
#8606=CARTESIAN_POINT('Ctrl Pts',(-2.85357806929294,0.350581745069459,2.65223954281541));
#8607=CARTESIAN_POINT('Ctrl Pts',(-2.8550706988469,0.338075744019282,2.66085854318549));
#8608=CARTESIAN_POINT('Ctrl Pts',(-2.85734134910158,0.318314836697478,2.68074556815953));
#8609=CARTESIAN_POINT('Ctrl Pts',(-2.85827167740733,0.309742966442204,2.69333960098851));
#8610=CARTESIAN_POINT('Ctrl Pts',(-2.85948098473503,0.298372560874704,2.72093466922366));
#8611=CARTESIAN_POINT('Ctrl Pts',(-2.85976581469528,0.295574838408522,2.73593578283517));
#8612=CARTESIAN_POINT('Ctrl Pts',(-2.85976581469528,0.295574838408522,2.75));
#8613=CARTESIAN_POINT('Ctrl Pts',(-2.85976581469528,0.295574838408522,2.75));
#8614=CARTESIAN_POINT('Ctrl Pts',(-2.85976581469528,0.295574838408522,2.76406421716483));
#8615=CARTESIAN_POINT('Ctrl Pts',(-2.85948098473503,0.298372560874704,2.77906533077633));
#8616=CARTESIAN_POINT('Ctrl Pts',(-2.85827167740733,0.309742966442204,2.80666039901149));
#8617=CARTESIAN_POINT('Ctrl Pts',(-2.85734134910158,0.318314836697478,2.81925443184047));
#8618=CARTESIAN_POINT('Ctrl Pts',(-2.8550706988469,0.338075744019282,2.83914145681451));
#8619=CARTESIAN_POINT('Ctrl Pts',(-2.85357806929294,0.350581745069459,2.84776045718459));
#8620=CARTESIAN_POINT('Ctrl Pts',(-2.85008185797843,0.377953383828764,2.85918974363053));
#8621=CARTESIAN_POINT('Ctrl Pts',(-2.84807242936147,0.392818286799119,2.862));
#8622=CARTESIAN_POINT('Ctrl Pts',(-2.84409263143663,0.420666144921256,2.862));
#8623=CARTESIAN_POINT('Ctrl Pts',(-2.84185717752829,0.435503481022575,2.85918806229957));
#8624=CARTESIAN_POINT('Ctrl Pts',(-2.8375447972942,0.462768865419368,2.84775595103795));
#8625=CARTESIAN_POINT('Ctrl Pts',(-2.83547367952105,0.475197881524284,2.83913589536238));
#8626=CARTESIAN_POINT('Ctrl Pts',(-2.83211676876563,0.49481165992069,2.81924959182262));
#8627=CARTESIAN_POINT('Ctrl Pts',(-2.83060793549331,0.503305519496929,2.80665770660741));
#8628=CARTESIAN_POINT('Ctrl Pts',(-2.82858243907772,0.51456692062642,2.77906533808141));
#8629=CARTESIAN_POINT('Ctrl Pts',(-2.82807167189138,0.51733511251945,2.76406468770634));
#8630=CARTESIAN_POINT('Ctrl Pts',(-2.82807167189138,0.51733511251945,2.75));
#8631=CARTESIAN_POINT('',(-2.82807167189138,0.517335112519449,1.));
#8632=CARTESIAN_POINT('',(-2.85976581469528,0.295574838408522,1.));
#8633=CARTESIAN_POINT('Ctrl Pts',(-2.82807167189138,0.51733511251945,1.));
#8634=CARTESIAN_POINT('Ctrl Pts',(-2.82807167189138,0.51733511251945,0.985935312293661));
#8635=CARTESIAN_POINT('Ctrl Pts',(-2.82858243907772,0.51456692062642,0.97093466191859));
#8636=CARTESIAN_POINT('Ctrl Pts',(-2.83060793549331,0.503305519496929,0.943342293392587));
#8637=CARTESIAN_POINT('Ctrl Pts',(-2.83211676876563,0.49481165992069,0.930750408177375));
#8638=CARTESIAN_POINT('Ctrl Pts',(-2.83547367952105,0.475197881524284,0.910864104637619));
#8639=CARTESIAN_POINT('Ctrl Pts',(-2.8375447972942,0.462768865419368,0.902244048962049));
#8640=CARTESIAN_POINT('Ctrl Pts',(-2.84185717752829,0.435503481022575,0.89081193770043));
#8641=CARTESIAN_POINT('Ctrl Pts',(-2.84409263143663,0.420666144921256,0.888));
#8642=CARTESIAN_POINT('Ctrl Pts',(-2.84807242936147,0.392818286799119,0.888));
#8643=CARTESIAN_POINT('Ctrl Pts',(-2.85008185797843,0.377953383828763,0.890810256369467));
#8644=CARTESIAN_POINT('Ctrl Pts',(-2.85357806929294,0.350581745069459,0.902239542815409));
#8645=CARTESIAN_POINT('Ctrl Pts',(-2.8550706988469,0.338075744019282,0.910858543185488));
#8646=CARTESIAN_POINT('Ctrl Pts',(-2.85734134910158,0.318314836697478,0.930745568159528));
#8647=CARTESIAN_POINT('Ctrl Pts',(-2.85827167740733,0.309742966442204,0.943339600988511));
#8648=CARTESIAN_POINT('Ctrl Pts',(-2.85948098473503,0.298372560874704,0.970934669223664));
#8649=CARTESIAN_POINT('Ctrl Pts',(-2.85976581469528,0.295574838408522,0.985935782835169));
#8650=CARTESIAN_POINT('Ctrl Pts',(-2.85976581469528,0.295574838408522,1.));
#8651=CARTESIAN_POINT('Ctrl Pts',(-2.85976581469528,0.295574838408522,1.));
#8652=CARTESIAN_POINT('Ctrl Pts',(-2.85976581469528,0.295574838408522,1.014063649636));
#8653=CARTESIAN_POINT('Ctrl Pts',(-2.85948100725949,0.298372336884954,1.02906419675654));
#8654=CARTESIAN_POINT('Ctrl Pts',(-2.85827179218544,0.309741899455282,1.05665839986676));
#8655=CARTESIAN_POINT('Ctrl Pts',(-2.85734153446733,0.318313150819298,1.06925213404879));
#8656=CARTESIAN_POINT('Ctrl Pts',(-2.85507096942268,0.338073461933495,1.08913976117158));
#8657=CARTESIAN_POINT('Ctrl Pts',(-2.85357831514491,0.350579760965076,1.09775938436517));
#8658=CARTESIAN_POINT('Ctrl Pts',(-2.85008200911769,0.377952259904766,1.10918951863558));
#8659=CARTESIAN_POINT('Ctrl Pts',(-2.8480725096536,0.392817724970672,1.112));
#8660=CARTESIAN_POINT('Ctrl Pts',(-2.84409277542488,0.420665137391602,1.112));
#8661=CARTESIAN_POINT('Ctrl Pts',(-2.8418574818949,0.435501470294969,1.1091884658271));
#8662=CARTESIAN_POINT('Ctrl Pts',(-2.83754537076471,0.462765325930885,1.09775787457272));
#8663=CARTESIAN_POINT('Ctrl Pts',(-2.83547436019063,0.475193816219183,1.08913893537021));
#8664=CARTESIAN_POINT('Ctrl Pts',(-2.83211729677189,0.4948086631227,1.069253711496));
#8665=CARTESIAN_POINT('Ctrl Pts',(-2.83060827408738,0.50330362387631,1.0566612910068));
#8666=CARTESIAN_POINT('Ctrl Pts',(-2.82858251289537,0.51456652330825,1.0290673715603));
#8667=CARTESIAN_POINT('Ctrl Pts',(-2.82807167189138,0.51733511251945,1.01406570549229));
#8668=CARTESIAN_POINT('Ctrl Pts',(-2.82807167189138,0.51733511251945,1.));
#8669=CARTESIAN_POINT('',(-2.82807167189138,0.517335112519449,4.5));
#8670=CARTESIAN_POINT('',(-2.85976581469528,0.295574838408522,4.5));
#8671=CARTESIAN_POINT('Ctrl Pts',(-2.82807167189138,0.51733511251945,4.5));
#8672=CARTESIAN_POINT('Ctrl Pts',(-2.82807167189138,0.51733511251945,4.48593531229366));
#8673=CARTESIAN_POINT('Ctrl Pts',(-2.82858243907772,0.51456692062642,4.47093466191859));
#8674=CARTESIAN_POINT('Ctrl Pts',(-2.83060793549331,0.503305519496929,4.44334229339259));
#8675=CARTESIAN_POINT('Ctrl Pts',(-2.83211676876563,0.49481165992069,4.43075040817737));
#8676=CARTESIAN_POINT('Ctrl Pts',(-2.83547367952105,0.475197881524283,4.41086410463762));
#8677=CARTESIAN_POINT('Ctrl Pts',(-2.8375447972942,0.462768865419368,4.40224404896205));
#8678=CARTESIAN_POINT('Ctrl Pts',(-2.84185717752829,0.435503481022575,4.39081193770043));
#8679=CARTESIAN_POINT('Ctrl Pts',(-2.84409263143663,0.420666144921256,4.388));
#8680=CARTESIAN_POINT('Ctrl Pts',(-2.84807242936147,0.392818286799119,4.388));
#8681=CARTESIAN_POINT('Ctrl Pts',(-2.85008185797843,0.377953383828764,4.39081025636947));
#8682=CARTESIAN_POINT('Ctrl Pts',(-2.85357806929294,0.350581745069459,4.40223954281541));
#8683=CARTESIAN_POINT('Ctrl Pts',(-2.8550706988469,0.338075744019282,4.41085854318549));
#8684=CARTESIAN_POINT('Ctrl Pts',(-2.85734134910158,0.318314836697478,4.43074556815953));
#8685=CARTESIAN_POINT('Ctrl Pts',(-2.85827167740733,0.309742966442204,4.44333960098851));
#8686=CARTESIAN_POINT('Ctrl Pts',(-2.85948098473503,0.298372560874704,4.47093466922366));
#8687=CARTESIAN_POINT('Ctrl Pts',(-2.85976581469528,0.295574838408522,4.48593578283517));
#8688=CARTESIAN_POINT('Ctrl Pts',(-2.85976581469528,0.295574838408522,4.5));
#8689=CARTESIAN_POINT('Ctrl Pts',(-2.85976581469528,0.295574838408522,4.5));
#8690=CARTESIAN_POINT('Ctrl Pts',(-2.85976581469528,0.295574838408522,4.51406421716483));
#8691=CARTESIAN_POINT('Ctrl Pts',(-2.85948098473503,0.298372560874704,4.52906533077633));
#8692=CARTESIAN_POINT('Ctrl Pts',(-2.85827167740733,0.309742966442204,4.55666039901149));
#8693=CARTESIAN_POINT('Ctrl Pts',(-2.85734134910158,0.318314836697478,4.56925443184047));
#8694=CARTESIAN_POINT('Ctrl Pts',(-2.8550706988469,0.338075744019282,4.58914145681451));
#8695=CARTESIAN_POINT('Ctrl Pts',(-2.85357806929294,0.350581745069459,4.59776045718459));
#8696=CARTESIAN_POINT('Ctrl Pts',(-2.85008185797843,0.377953383828764,4.60918974363053));
#8697=CARTESIAN_POINT('Ctrl Pts',(-2.84807242936147,0.392818286799119,4.612));
#8698=CARTESIAN_POINT('Ctrl Pts',(-2.84409263143663,0.420666144921256,4.612));
#8699=CARTESIAN_POINT('Ctrl Pts',(-2.84185717752829,0.435503481022575,4.60918806229957));
#8700=CARTESIAN_POINT('Ctrl Pts',(-2.8375447972942,0.462768865419368,4.59775595103795));
#8701=CARTESIAN_POINT('Ctrl Pts',(-2.83547367952105,0.475197881524283,4.58913589536238));
#8702=CARTESIAN_POINT('Ctrl Pts',(-2.83211676876563,0.49481165992069,4.56924959182263));
#8703=CARTESIAN_POINT('Ctrl Pts',(-2.83060793549331,0.503305519496929,4.55665770660741));
#8704=CARTESIAN_POINT('Ctrl Pts',(-2.82858243907772,0.51456692062642,4.52906533808141));
#8705=CARTESIAN_POINT('Ctrl Pts',(-2.82807167189138,0.51733511251945,4.51406468770634));
#8706=CARTESIAN_POINT('Ctrl Pts',(-2.82807167189138,0.51733511251945,4.5));
#8707=CARTESIAN_POINT('',(-1.6858582261289,2.32884242519616,2.75));
#8708=CARTESIAN_POINT('',(-1.86206118565722,2.19051435532133,2.75));
#8709=CARTESIAN_POINT('Ctrl Pts',(-1.68585822612891,2.32884242519615,2.75));
#8710=CARTESIAN_POINT('Ctrl Pts',(-1.68585822612891,2.32884242519615,2.73593578283517));
#8711=CARTESIAN_POINT('Ctrl Pts',(-1.68813870987724,2.32719689398172,2.72093466922366));
#8712=CARTESIAN_POINT('Ctrl Pts',(-1.69738111628617,2.3204644003312,2.69333960098851));
#8713=CARTESIAN_POINT('Ctrl Pts',(-1.70433940953231,2.31537277725693,2.68074556815953));
#8714=CARTESIAN_POINT('Ctrl Pts',(-1.72031753214748,2.30352588279236,2.66085854318549));
#8715=CARTESIAN_POINT('Ctrl Pts',(-1.73040173197971,2.2959802271551,2.65223954281541));
#8716=CARTESIAN_POINT('Ctrl Pts',(-1.75235816083122,2.27926659996009,2.64081025636947));
#8717=CARTESIAN_POINT('Ctrl Pts',(-1.76422683011986,2.27009393224553,2.638));
#8718=CARTESIAN_POINT('Ctrl Pts',(-1.7863538837322,2.25272339707962,2.638));
#8719=CARTESIAN_POINT('Ctrl Pts',(-1.79808566676626,2.24336876915535,2.64081193770043));
#8720=CARTESIAN_POINT('Ctrl Pts',(-1.81954199218078,2.22600144612346,2.65224404896205));
#8721=CARTESIAN_POINT('Ctrl Pts',(-1.82927027698511,2.21799329746522,2.66086410463762));
#8722=CARTESIAN_POINT('Ctrl Pts',(-1.84457785196289,2.20527923827458,2.68075040817737));
#8723=CARTESIAN_POINT('Ctrl Pts',(-1.85117933349592,2.19972562054256,2.69334229339259));
#8724=CARTESIAN_POINT('Ctrl Pts',(-1.85991924474848,2.19234078862664,2.72093466191859));
#8725=CARTESIAN_POINT('Ctrl Pts',(-1.86206118565722,2.19051435532133,2.73593531229366));
#8726=CARTESIAN_POINT('Ctrl Pts',(-1.86206118565722,2.19051435532133,2.75));
#8727=CARTESIAN_POINT('Ctrl Pts',(-1.86206118565722,2.19051435532133,2.75));
#8728=CARTESIAN_POINT('Ctrl Pts',(-1.86206118565722,2.19051435532133,2.76406468770634));
#8729=CARTESIAN_POINT('Ctrl Pts',(-1.85991924474848,2.19234078862664,2.77906533808141));
#8730=CARTESIAN_POINT('Ctrl Pts',(-1.85117933349592,2.19972562054256,2.80665770660741));
#8731=CARTESIAN_POINT('Ctrl Pts',(-1.84457785196289,2.20527923827458,2.81924959182262));
#8732=CARTESIAN_POINT('Ctrl Pts',(-1.82927027698511,2.21799329746522,2.83913589536238));
#8733=CARTESIAN_POINT('Ctrl Pts',(-1.81954199218078,2.22600144612346,2.84775595103795));
#8734=CARTESIAN_POINT('Ctrl Pts',(-1.79808566676626,2.24336876915535,2.85918806229957));
#8735=CARTESIAN_POINT('Ctrl Pts',(-1.7863538837322,2.25272339707962,2.862));
#8736=CARTESIAN_POINT('Ctrl Pts',(-1.76422683011986,2.27009393224553,2.862));
#8737=CARTESIAN_POINT('Ctrl Pts',(-1.75235816083122,2.27926659996009,2.85918974363053));
#8738=CARTESIAN_POINT('Ctrl Pts',(-1.73040173197971,2.2959802271551,2.84776045718459));
#8739=CARTESIAN_POINT('Ctrl Pts',(-1.72031753214748,2.30352588279236,2.83914145681451));
#8740=CARTESIAN_POINT('Ctrl Pts',(-1.70433940953231,2.31537277725693,2.81925443184047));
#8741=CARTESIAN_POINT('Ctrl Pts',(-1.69738111628617,2.3204644003312,2.80666039901149));
#8742=CARTESIAN_POINT('Ctrl Pts',(-1.68813870987724,2.32719689398172,2.77906533077633));
#8743=CARTESIAN_POINT('Ctrl Pts',(-1.68585822612891,2.32884242519615,2.76406421716483));
#8744=CARTESIAN_POINT('Ctrl Pts',(-1.68585822612891,2.32884242519615,2.75));
#8745=CARTESIAN_POINT('',(-1.6858582261289,2.32884242519615,1.));
#8746=CARTESIAN_POINT('',(-1.86206118565722,2.19051435532133,1.));
#8747=CARTESIAN_POINT('Ctrl Pts',(-1.68585822612891,2.32884242519615,1.));
#8748=CARTESIAN_POINT('Ctrl Pts',(-1.68585822612891,2.32884242519615,0.98593578283517));
#8749=CARTESIAN_POINT('Ctrl Pts',(-1.68813870987724,2.32719689398172,0.970934669223665));
#8750=CARTESIAN_POINT('Ctrl Pts',(-1.69738111628617,2.3204644003312,0.943339600988512));
#8751=CARTESIAN_POINT('Ctrl Pts',(-1.70433940953231,2.31537277725693,0.930745568159529));
#8752=CARTESIAN_POINT('Ctrl Pts',(-1.72031753214748,2.30352588279236,0.910858543185488));
#8753=CARTESIAN_POINT('Ctrl Pts',(-1.73040173197971,2.2959802271551,0.902239542815409));
#8754=CARTESIAN_POINT('Ctrl Pts',(-1.75235816083122,2.27926659996009,0.890810256369467));
#8755=CARTESIAN_POINT('Ctrl Pts',(-1.76422683011986,2.27009393224553,0.888000000000001));
#8756=CARTESIAN_POINT('Ctrl Pts',(-1.7863538837322,2.25272339707962,0.888000000000001));
#8757=CARTESIAN_POINT('Ctrl Pts',(-1.79808566676626,2.24336876915535,0.89081193770043));
#8758=CARTESIAN_POINT('Ctrl Pts',(-1.81954199218078,2.22600144612346,0.902244048962049));
#8759=CARTESIAN_POINT('Ctrl Pts',(-1.82927027698511,2.21799329746522,0.910864104637619));
#8760=CARTESIAN_POINT('Ctrl Pts',(-1.84457785196289,2.20527923827458,0.930750408177375));
#8761=CARTESIAN_POINT('Ctrl Pts',(-1.85117933349592,2.19972562054256,0.943342293392587));
#8762=CARTESIAN_POINT('Ctrl Pts',(-1.85991924474848,2.19234078862664,0.97093466191859));
#8763=CARTESIAN_POINT('Ctrl Pts',(-1.86206118565722,2.19051435532133,0.985935312293661));
#8764=CARTESIAN_POINT('Ctrl Pts',(-1.86206118565722,2.19051435532133,1.));
#8765=CARTESIAN_POINT('Ctrl Pts',(-1.86206118565722,2.19051435532133,1.));
#8766=CARTESIAN_POINT('Ctrl Pts',(-1.86206118565722,2.19051435532133,1.01406570549229));
#8767=CARTESIAN_POINT('Ctrl Pts',(-1.85991893756967,2.19234105121369,1.0290673715603));
#8768=CARTESIAN_POINT('Ctrl Pts',(-1.85117786113735,2.19972686158394,1.0566612910068));
#8769=CARTESIAN_POINT('Ctrl Pts',(-1.84457552066282,2.20528119394041,1.069253711496));
#8770=CARTESIAN_POINT('Ctrl Pts',(-1.82926709666241,2.21799591959492,1.08913893537021));
#8771=CARTESIAN_POINT('Ctrl Pts',(-1.8195392136291,2.22600371250773,1.09775787457272));
#8772=CARTESIAN_POINT('Ctrl Pts',(-1.79808407760837,2.24337003810837,1.1091884658271));
#8773=CARTESIAN_POINT('Ctrl Pts',(-1.78635308318005,2.25272402554193,1.112));
#8774=CARTESIAN_POINT('Ctrl Pts',(-1.76422638370822,2.27009428269478,1.112));
#8775=CARTESIAN_POINT('Ctrl Pts',(-1.75235726305412,2.27926729281252,1.10918951863558));
#8776=CARTESIAN_POINT('Ctrl Pts',(-1.73040013662089,2.29598143212134,1.09775938436517));
#8777=CARTESIAN_POINT('Ctrl Pts',(-1.7203156910911,2.30352725816075,1.08913976117158));
#8778=CARTESIAN_POINT('Ctrl Pts',(-1.70433804220185,2.31537378072746,1.06925213404879));
#8779=CARTESIAN_POINT('Ctrl Pts',(-1.69738024963745,2.32046503322542,1.05665839986676));
#8780=CARTESIAN_POINT('Ctrl Pts',(-1.68813852715865,2.32719702548335,1.02906419675655));
#8781=CARTESIAN_POINT('Ctrl Pts',(-1.68585822612891,2.32884242519615,1.014063649636));
#8782=CARTESIAN_POINT('Ctrl Pts',(-1.68585822612891,2.32884242519615,0.999999999999999));
#8783=CARTESIAN_POINT('',(-1.6858582261289,2.32884242519616,4.5));
#8784=CARTESIAN_POINT('',(-1.86206118565722,2.19051435532133,4.5));
#8785=CARTESIAN_POINT('Ctrl Pts',(-1.68585822612891,2.32884242519615,4.5));
#8786=CARTESIAN_POINT('Ctrl Pts',(-1.68585822612891,2.32884242519615,4.48593578283517));
#8787=CARTESIAN_POINT('Ctrl Pts',(-1.68813870987724,2.32719689398172,4.47093466922366));
#8788=CARTESIAN_POINT('Ctrl Pts',(-1.69738111628617,2.3204644003312,4.44333960098851));
#8789=CARTESIAN_POINT('Ctrl Pts',(-1.70433940953231,2.31537277725693,4.43074556815953));
#8790=CARTESIAN_POINT('Ctrl Pts',(-1.72031753214748,2.30352588279236,4.41085854318549));
#8791=CARTESIAN_POINT('Ctrl Pts',(-1.73040173197971,2.2959802271551,4.40223954281541));
#8792=CARTESIAN_POINT('Ctrl Pts',(-1.75235816083122,2.27926659996009,4.39081025636947));
#8793=CARTESIAN_POINT('Ctrl Pts',(-1.76422683011986,2.27009393224553,4.388));
#8794=CARTESIAN_POINT('Ctrl Pts',(-1.7863538837322,2.25272339707962,4.388));
#8795=CARTESIAN_POINT('Ctrl Pts',(-1.79808566676626,2.24336876915535,4.39081193770043));
#8796=CARTESIAN_POINT('Ctrl Pts',(-1.81954199218078,2.22600144612346,4.40224404896205));
#8797=CARTESIAN_POINT('Ctrl Pts',(-1.82927027698511,2.21799329746522,4.41086410463762));
#8798=CARTESIAN_POINT('Ctrl Pts',(-1.84457785196289,2.20527923827458,4.43075040817737));
#8799=CARTESIAN_POINT('Ctrl Pts',(-1.85117933349592,2.19972562054256,4.44334229339259));
#8800=CARTESIAN_POINT('Ctrl Pts',(-1.85991924474848,2.19234078862664,4.47093466191859));
#8801=CARTESIAN_POINT('Ctrl Pts',(-1.86206118565722,2.19051435532133,4.48593531229366));
#8802=CARTESIAN_POINT('Ctrl Pts',(-1.86206118565722,2.19051435532133,4.5));
#8803=CARTESIAN_POINT('Ctrl Pts',(-1.86206118565722,2.19051435532133,4.5));
#8804=CARTESIAN_POINT('Ctrl Pts',(-1.86206118565722,2.19051435532133,4.51406468770634));
#8805=CARTESIAN_POINT('Ctrl Pts',(-1.85991924474848,2.19234078862664,4.52906533808141));
#8806=CARTESIAN_POINT('Ctrl Pts',(-1.85117933349592,2.19972562054256,4.55665770660741));
#8807=CARTESIAN_POINT('Ctrl Pts',(-1.84457785196289,2.20527923827458,4.56924959182263));
#8808=CARTESIAN_POINT('Ctrl Pts',(-1.82927027698511,2.21799329746522,4.58913589536238));
#8809=CARTESIAN_POINT('Ctrl Pts',(-1.81954199218078,2.22600144612346,4.59775595103795));
#8810=CARTESIAN_POINT('Ctrl Pts',(-1.79808566676626,2.24336876915535,4.60918806229957));
#8811=CARTESIAN_POINT('Ctrl Pts',(-1.7863538837322,2.25272339707962,4.612));
#8812=CARTESIAN_POINT('Ctrl Pts',(-1.76422683011986,2.27009393224553,4.612));
#8813=CARTESIAN_POINT('Ctrl Pts',(-1.75235816083122,2.27926659996009,4.60918974363053));
#8814=CARTESIAN_POINT('Ctrl Pts',(-1.73040173197971,2.2959802271551,4.59776045718459));
#8815=CARTESIAN_POINT('Ctrl Pts',(-1.72031753214748,2.30352588279236,4.58914145681451));
#8816=CARTESIAN_POINT('Ctrl Pts',(-1.70433940953231,2.31537277725693,4.56925443184047));
#8817=CARTESIAN_POINT('Ctrl Pts',(-1.69738111628617,2.3204644003312,4.55666039901149));
#8818=CARTESIAN_POINT('Ctrl Pts',(-1.68813870987724,2.32719689398172,4.52906533077633));
#8819=CARTESIAN_POINT('Ctrl Pts',(-1.68585822612891,2.32884242519615,4.51406421716483));
#8820=CARTESIAN_POINT('Ctrl Pts',(-1.68585822612891,2.32884242519615,4.5));
#8821=CARTESIAN_POINT('',(-1.86206118565721,-2.19051435532134,2.75));
#8822=CARTESIAN_POINT('',(-1.68585822612891,-2.32884242519615,2.75));
#8823=CARTESIAN_POINT('Ctrl Pts',(-1.86206118565722,-2.19051435532133,2.75));
#8824=CARTESIAN_POINT('Ctrl Pts',(-1.86206118565722,-2.19051435532133,2.73593531229366));
#8825=CARTESIAN_POINT('Ctrl Pts',(-1.85991924474847,-2.19234078862664,2.72093466191859));
#8826=CARTESIAN_POINT('Ctrl Pts',(-1.85117933349592,-2.19972562054256,2.69334229339259));
#8827=CARTESIAN_POINT('Ctrl Pts',(-1.84457785196288,-2.20527923827459,2.68075040817737));
#8828=CARTESIAN_POINT('Ctrl Pts',(-1.82927027698511,-2.21799329746522,2.66086410463762));
#8829=CARTESIAN_POINT('Ctrl Pts',(-1.81954199218078,-2.22600144612346,2.65224404896205));
#8830=CARTESIAN_POINT('Ctrl Pts',(-1.79808566676625,-2.24336876915535,2.64081193770043));
#8831=CARTESIAN_POINT('Ctrl Pts',(-1.78635388373219,-2.25272339707962,2.638));
#8832=CARTESIAN_POINT('Ctrl Pts',(-1.76422683011986,-2.27009393224553,2.638));
#8833=CARTESIAN_POINT('Ctrl Pts',(-1.75235816083122,-2.27926659996009,2.64081025636947));
#8834=CARTESIAN_POINT('Ctrl Pts',(-1.73040173197971,-2.2959802271551,2.65223954281541));
#8835=CARTESIAN_POINT('Ctrl Pts',(-1.72031753214748,-2.30352588279236,2.66085854318549));
#8836=CARTESIAN_POINT('Ctrl Pts',(-1.70433940953231,-2.31537277725693,2.68074556815953));
#8837=CARTESIAN_POINT('Ctrl Pts',(-1.69738111628617,-2.3204644003312,2.69333960098851));
#8838=CARTESIAN_POINT('Ctrl Pts',(-1.68813870987723,-2.32719689398173,2.72093466922366));
#8839=CARTESIAN_POINT('Ctrl Pts',(-1.68585822612891,-2.32884242519615,2.73593578283517));
#8840=CARTESIAN_POINT('Ctrl Pts',(-1.68585822612891,-2.32884242519615,2.75));
#8841=CARTESIAN_POINT('Ctrl Pts',(-1.68585822612891,-2.32884242519615,2.75));
#8842=CARTESIAN_POINT('Ctrl Pts',(-1.68585822612891,-2.32884242519615,2.76406421716483));
#8843=CARTESIAN_POINT('Ctrl Pts',(-1.68813870987723,-2.32719689398173,2.77906533077633));
#8844=CARTESIAN_POINT('Ctrl Pts',(-1.69738111628617,-2.3204644003312,2.80666039901149));
#8845=CARTESIAN_POINT('Ctrl Pts',(-1.70433940953231,-2.31537277725693,2.81925443184047));
#8846=CARTESIAN_POINT('Ctrl Pts',(-1.72031753214748,-2.30352588279236,2.83914145681451));
#8847=CARTESIAN_POINT('Ctrl Pts',(-1.73040173197971,-2.2959802271551,2.84776045718459));
#8848=CARTESIAN_POINT('Ctrl Pts',(-1.75235816083122,-2.27926659996009,2.85918974363053));
#8849=CARTESIAN_POINT('Ctrl Pts',(-1.76422683011986,-2.27009393224553,2.862));
#8850=CARTESIAN_POINT('Ctrl Pts',(-1.78635388373219,-2.25272339707962,2.862));
#8851=CARTESIAN_POINT('Ctrl Pts',(-1.79808566676626,-2.24336876915535,2.85918806229957));
#8852=CARTESIAN_POINT('Ctrl Pts',(-1.81954199218078,-2.22600144612346,2.84775595103795));
#8853=CARTESIAN_POINT('Ctrl Pts',(-1.82927027698511,-2.21799329746522,2.83913589536238));
#8854=CARTESIAN_POINT('Ctrl Pts',(-1.84457785196288,-2.20527923827459,2.81924959182262));
#8855=CARTESIAN_POINT('Ctrl Pts',(-1.85117933349592,-2.19972562054256,2.80665770660741));
#8856=CARTESIAN_POINT('Ctrl Pts',(-1.85991924474847,-2.19234078862664,2.77906533808141));
#8857=CARTESIAN_POINT('Ctrl Pts',(-1.86206118565722,-2.19051435532133,2.76406468770634));
#8858=CARTESIAN_POINT('Ctrl Pts',(-1.86206118565722,-2.19051435532133,2.75));
#8859=CARTESIAN_POINT('',(-1.86206118565721,-2.19051435532134,1.));
#8860=CARTESIAN_POINT('',(-1.68585822612891,-2.32884242519615,1.));
#8861=CARTESIAN_POINT('Ctrl Pts',(-1.86206118565722,-2.19051435532133,1.));
#8862=CARTESIAN_POINT('Ctrl Pts',(-1.86206118565722,-2.19051435532133,0.985935312293661));
#8863=CARTESIAN_POINT('Ctrl Pts',(-1.85991924474847,-2.19234078862664,0.97093466191859));
#8864=CARTESIAN_POINT('Ctrl Pts',(-1.85117933349592,-2.19972562054256,0.943342293392587));
#8865=CARTESIAN_POINT('Ctrl Pts',(-1.84457785196288,-2.20527923827459,0.930750408177375));
#8866=CARTESIAN_POINT('Ctrl Pts',(-1.82927027698511,-2.21799329746522,0.910864104637619));
#8867=CARTESIAN_POINT('Ctrl Pts',(-1.81954199218078,-2.22600144612346,0.902244048962049));
#8868=CARTESIAN_POINT('Ctrl Pts',(-1.79808566676626,-2.24336876915535,0.89081193770043));
#8869=CARTESIAN_POINT('Ctrl Pts',(-1.78635388373219,-2.25272339707962,0.888));
#8870=CARTESIAN_POINT('Ctrl Pts',(-1.76422683011986,-2.27009393224553,0.888));
#8871=CARTESIAN_POINT('Ctrl Pts',(-1.75235816083122,-2.27926659996009,0.890810256369467));
#8872=CARTESIAN_POINT('Ctrl Pts',(-1.73040173197971,-2.2959802271551,0.902239542815409));
#8873=CARTESIAN_POINT('Ctrl Pts',(-1.72031753214748,-2.30352588279236,0.910858543185488));
#8874=CARTESIAN_POINT('Ctrl Pts',(-1.70433940953231,-2.31537277725693,0.930745568159528));
#8875=CARTESIAN_POINT('Ctrl Pts',(-1.69738111628617,-2.3204644003312,0.943339600988511));
#8876=CARTESIAN_POINT('Ctrl Pts',(-1.68813870987723,-2.32719689398173,0.970934669223664));
#8877=CARTESIAN_POINT('Ctrl Pts',(-1.68585822612891,-2.32884242519615,0.985935782835169));
#8878=CARTESIAN_POINT('Ctrl Pts',(-1.68585822612891,-2.32884242519615,1.));
#8879=CARTESIAN_POINT('Ctrl Pts',(-1.68585822612891,-2.32884242519615,1.));
#8880=CARTESIAN_POINT('Ctrl Pts',(-1.68585822612891,-2.32884242519615,1.014063649636));
#8881=CARTESIAN_POINT('Ctrl Pts',(-1.68813852715865,-2.32719702548335,1.02906419675654));
#8882=CARTESIAN_POINT('Ctrl Pts',(-1.69738024963744,-2.32046503322542,1.05665839986676));
#8883=CARTESIAN_POINT('Ctrl Pts',(-1.70433804220185,-2.31537378072746,1.06925213404879));
#8884=CARTESIAN_POINT('Ctrl Pts',(-1.7203156910911,-2.30352725816075,1.08913976117158));
#8885=CARTESIAN_POINT('Ctrl Pts',(-1.73040013662089,-2.29598143212135,1.09775938436517));
#8886=CARTESIAN_POINT('Ctrl Pts',(-1.75235726305411,-2.27926729281252,1.10918951863558));
#8887=CARTESIAN_POINT('Ctrl Pts',(-1.76422638370821,-2.27009428269478,1.112));
#8888=CARTESIAN_POINT('Ctrl Pts',(-1.78635308318005,-2.25272402554194,1.112));
#8889=CARTESIAN_POINT('Ctrl Pts',(-1.79808407760837,-2.24337003810837,1.1091884658271));
#8890=CARTESIAN_POINT('Ctrl Pts',(-1.81953921362909,-2.22600371250773,1.09775787457272));
#8891=CARTESIAN_POINT('Ctrl Pts',(-1.82926709666241,-2.21799591959492,1.08913893537021));
#8892=CARTESIAN_POINT('Ctrl Pts',(-1.84457552066282,-2.20528119394041,1.069253711496));
#8893=CARTESIAN_POINT('Ctrl Pts',(-1.85117786113735,-2.19972686158394,1.0566612910068));
#8894=CARTESIAN_POINT('Ctrl Pts',(-1.85991893756967,-2.19234105121369,1.0290673715603));
#8895=CARTESIAN_POINT('Ctrl Pts',(-1.86206118565722,-2.19051435532133,1.01406570549229));
#8896=CARTESIAN_POINT('Ctrl Pts',(-1.86206118565722,-2.19051435532133,0.999999999999999));
#8897=CARTESIAN_POINT('',(-1.86206118565721,-2.19051435532134,4.5));
#8898=CARTESIAN_POINT('',(-1.68585822612891,-2.32884242519615,4.5));
#8899=CARTESIAN_POINT('Ctrl Pts',(-1.86206118565722,-2.19051435532133,4.5));
#8900=CARTESIAN_POINT('Ctrl Pts',(-1.86206118565722,-2.19051435532133,4.48593531229366));
#8901=CARTESIAN_POINT('Ctrl Pts',(-1.85991924474847,-2.19234078862664,4.47093466191859));
#8902=CARTESIAN_POINT('Ctrl Pts',(-1.85117933349592,-2.19972562054256,4.44334229339259));
#8903=CARTESIAN_POINT('Ctrl Pts',(-1.84457785196288,-2.20527923827459,4.43075040817737));
#8904=CARTESIAN_POINT('Ctrl Pts',(-1.82927027698511,-2.21799329746522,4.41086410463762));
#8905=CARTESIAN_POINT('Ctrl Pts',(-1.81954199218078,-2.22600144612346,4.40224404896205));
#8906=CARTESIAN_POINT('Ctrl Pts',(-1.79808566676626,-2.24336876915535,4.39081193770043));
#8907=CARTESIAN_POINT('Ctrl Pts',(-1.78635388373219,-2.25272339707962,4.388));
#8908=CARTESIAN_POINT('Ctrl Pts',(-1.76422683011986,-2.27009393224553,4.388));
#8909=CARTESIAN_POINT('Ctrl Pts',(-1.75235816083122,-2.27926659996009,4.39081025636947));
#8910=CARTESIAN_POINT('Ctrl Pts',(-1.73040173197971,-2.2959802271551,4.40223954281541));
#8911=CARTESIAN_POINT('Ctrl Pts',(-1.72031753214748,-2.30352588279236,4.41085854318549));
#8912=CARTESIAN_POINT('Ctrl Pts',(-1.70433940953231,-2.31537277725693,4.43074556815953));
#8913=CARTESIAN_POINT('Ctrl Pts',(-1.69738111628617,-2.3204644003312,4.44333960098851));
#8914=CARTESIAN_POINT('Ctrl Pts',(-1.68813870987723,-2.32719689398173,4.47093466922366));
#8915=CARTESIAN_POINT('Ctrl Pts',(-1.68585822612891,-2.32884242519615,4.48593578283517));
#8916=CARTESIAN_POINT('Ctrl Pts',(-1.68585822612891,-2.32884242519615,4.5));
#8917=CARTESIAN_POINT('Ctrl Pts',(-1.68585822612891,-2.32884242519615,4.5));
#8918=CARTESIAN_POINT('Ctrl Pts',(-1.68585822612891,-2.32884242519615,4.51406421716483));
#8919=CARTESIAN_POINT('Ctrl Pts',(-1.68813870987723,-2.32719689398173,4.52906533077633));
#8920=CARTESIAN_POINT('Ctrl Pts',(-1.69738111628617,-2.3204644003312,4.55666039901149));
#8921=CARTESIAN_POINT('Ctrl Pts',(-1.70433940953231,-2.31537277725693,4.56925443184047));
#8922=CARTESIAN_POINT('Ctrl Pts',(-1.72031753214748,-2.30352588279236,4.58914145681451));
#8923=CARTESIAN_POINT('Ctrl Pts',(-1.73040173197971,-2.2959802271551,4.59776045718459));
#8924=CARTESIAN_POINT('Ctrl Pts',(-1.75235816083122,-2.27926659996009,4.60918974363053));
#8925=CARTESIAN_POINT('Ctrl Pts',(-1.76422683011986,-2.27009393224553,4.612));
#8926=CARTESIAN_POINT('Ctrl Pts',(-1.78635388373219,-2.25272339707962,4.612));
#8927=CARTESIAN_POINT('Ctrl Pts',(-1.79808566676626,-2.24336876915535,4.60918806229957));
#8928=CARTESIAN_POINT('Ctrl Pts',(-1.81954199218078,-2.22600144612346,4.59775595103795));
#8929=CARTESIAN_POINT('Ctrl Pts',(-1.82927027698511,-2.21799329746522,4.58913589536238));
#8930=CARTESIAN_POINT('Ctrl Pts',(-1.84457785196288,-2.20527923827459,4.56924959182263));
#8931=CARTESIAN_POINT('Ctrl Pts',(-1.85117933349592,-2.19972562054256,4.55665770660741));
#8932=CARTESIAN_POINT('Ctrl Pts',(-1.85991924474847,-2.19234078862664,4.52906533808141));
#8933=CARTESIAN_POINT('Ctrl Pts',(-1.86206118565722,-2.19051435532133,4.51406468770634));
#8934=CARTESIAN_POINT('Ctrl Pts',(-1.86206118565722,-2.19051435532133,4.5));
#8935=CARTESIAN_POINT('',(-2.85976581469528,-0.295574838408522,2.75));
#8936=CARTESIAN_POINT('',(-2.82807167189138,-0.51733511251945,2.75));
#8937=CARTESIAN_POINT('Ctrl Pts',(-2.85976581469528,-0.295574838408521,
2.75));
#8938=CARTESIAN_POINT('Ctrl Pts',(-2.85976581469528,-0.295574838408521,
2.73593578283517));
#8939=CARTESIAN_POINT('Ctrl Pts',(-2.85948098473503,-0.298372560874703,
2.72093466922366));
#8940=CARTESIAN_POINT('Ctrl Pts',(-2.85827167740733,-0.309742966442203,
2.69333960098851));
#8941=CARTESIAN_POINT('Ctrl Pts',(-2.85734134910158,-0.318314836697478,
2.68074556815953));
#8942=CARTESIAN_POINT('Ctrl Pts',(-2.8550706988469,-0.338075744019281,2.66085854318549));
#8943=CARTESIAN_POINT('Ctrl Pts',(-2.85357806929294,-0.350581745069458,
2.65223954281541));
#8944=CARTESIAN_POINT('Ctrl Pts',(-2.85008185797843,-0.377953383828763,
2.64081025636947));
#8945=CARTESIAN_POINT('Ctrl Pts',(-2.84807242936147,-0.392818286799119,
2.638));
#8946=CARTESIAN_POINT('Ctrl Pts',(-2.84409263143663,-0.420666144921255,
2.638));
#8947=CARTESIAN_POINT('Ctrl Pts',(-2.84185717752829,-0.435503481022574,
2.64081193770043));
#8948=CARTESIAN_POINT('Ctrl Pts',(-2.8375447972942,-0.462768865419367,2.65224404896205));
#8949=CARTESIAN_POINT('Ctrl Pts',(-2.83547367952105,-0.475197881524283,
2.66086410463762));
#8950=CARTESIAN_POINT('Ctrl Pts',(-2.83211676876563,-0.494811659920689,
2.68075040817737));
#8951=CARTESIAN_POINT('Ctrl Pts',(-2.83060793549331,-0.503305519496928,
2.69334229339259));
#8952=CARTESIAN_POINT('Ctrl Pts',(-2.82858243907772,-0.514566920626419,
2.72093466191859));
#8953=CARTESIAN_POINT('Ctrl Pts',(-2.82807167189138,-0.51733511251945,2.73593531229366));
#8954=CARTESIAN_POINT('Ctrl Pts',(-2.82807167189138,-0.51733511251945,2.75));
#8955=CARTESIAN_POINT('Ctrl Pts',(-2.82807167189138,-0.51733511251945,2.75));
#8956=CARTESIAN_POINT('Ctrl Pts',(-2.82807167189138,-0.51733511251945,2.76406468770634));
#8957=CARTESIAN_POINT('Ctrl Pts',(-2.82858243907772,-0.514566920626419,
2.77906533808141));
#8958=CARTESIAN_POINT('Ctrl Pts',(-2.83060793549331,-0.503305519496928,
2.80665770660741));
#8959=CARTESIAN_POINT('Ctrl Pts',(-2.83211676876563,-0.494811659920689,
2.81924959182262));
#8960=CARTESIAN_POINT('Ctrl Pts',(-2.83547367952105,-0.475197881524283,
2.83913589536238));
#8961=CARTESIAN_POINT('Ctrl Pts',(-2.8375447972942,-0.462768865419367,2.84775595103795));
#8962=CARTESIAN_POINT('Ctrl Pts',(-2.84185717752829,-0.435503481022574,
2.85918806229957));
#8963=CARTESIAN_POINT('Ctrl Pts',(-2.84409263143663,-0.420666144921255,
2.862));
#8964=CARTESIAN_POINT('Ctrl Pts',(-2.84807242936147,-0.392818286799119,
2.862));
#8965=CARTESIAN_POINT('Ctrl Pts',(-2.85008185797843,-0.377953383828763,
2.85918974363053));
#8966=CARTESIAN_POINT('Ctrl Pts',(-2.85357806929294,-0.350581745069458,
2.84776045718459));
#8967=CARTESIAN_POINT('Ctrl Pts',(-2.8550706988469,-0.338075744019281,2.83914145681451));
#8968=CARTESIAN_POINT('Ctrl Pts',(-2.85734134910158,-0.318314836697477,
2.81925443184047));
#8969=CARTESIAN_POINT('Ctrl Pts',(-2.85827167740733,-0.309742966442203,
2.80666039901149));
#8970=CARTESIAN_POINT('Ctrl Pts',(-2.85948098473503,-0.298372560874703,
2.77906533077633));
#8971=CARTESIAN_POINT('Ctrl Pts',(-2.85976581469528,-0.295574838408522,
2.76406421716483));
#8972=CARTESIAN_POINT('Ctrl Pts',(-2.85976581469528,-0.295574838408522,
2.75));
#8973=CARTESIAN_POINT('',(-2.85976581469528,-0.295574838408523,1.));
#8974=CARTESIAN_POINT('',(-2.82807167189138,-0.51733511251945,1.));
#8975=CARTESIAN_POINT('Ctrl Pts',(-2.85976581469528,-0.295574838408521,
1.));
#8976=CARTESIAN_POINT('Ctrl Pts',(-2.85976581469528,-0.295574838408522,
0.98593578283517));
#8977=CARTESIAN_POINT('Ctrl Pts',(-2.85948098473503,-0.298372560874703,
0.970934669223665));
#8978=CARTESIAN_POINT('Ctrl Pts',(-2.85827167740733,-0.309742966442203,
0.943339600988511));
#8979=CARTESIAN_POINT('Ctrl Pts',(-2.85734134910158,-0.318314836697478,
0.930745568159528));
#8980=CARTESIAN_POINT('Ctrl Pts',(-2.8550706988469,-0.338075744019281,0.910858543185488));
#8981=CARTESIAN_POINT('Ctrl Pts',(-2.85357806929294,-0.350581745069458,
0.902239542815409));
#8982=CARTESIAN_POINT('Ctrl Pts',(-2.85008185797843,-0.377953383828763,
0.890810256369467));
#8983=CARTESIAN_POINT('Ctrl Pts',(-2.84807242936147,-0.392818286799119,
0.888));
#8984=CARTESIAN_POINT('Ctrl Pts',(-2.84409263143663,-0.420666144921255,
0.888));
#8985=CARTESIAN_POINT('Ctrl Pts',(-2.84185717752829,-0.435503481022574,
0.89081193770043));
#8986=CARTESIAN_POINT('Ctrl Pts',(-2.8375447972942,-0.462768865419367,0.902244048962049));
#8987=CARTESIAN_POINT('Ctrl Pts',(-2.83547367952105,-0.475197881524283,
0.910864104637619));
#8988=CARTESIAN_POINT('Ctrl Pts',(-2.83211676876563,-0.494811659920689,
0.930750408177375));
#8989=CARTESIAN_POINT('Ctrl Pts',(-2.83060793549331,-0.503305519496928,
0.943342293392587));
#8990=CARTESIAN_POINT('Ctrl Pts',(-2.82858243907772,-0.514566920626419,
0.97093466191859));
#8991=CARTESIAN_POINT('Ctrl Pts',(-2.82807167189138,-0.51733511251945,0.985935312293661));
#8992=CARTESIAN_POINT('Ctrl Pts',(-2.82807167189138,-0.51733511251945,1.));
#8993=CARTESIAN_POINT('Ctrl Pts',(-2.82807167189138,-0.51733511251945,1.));
#8994=CARTESIAN_POINT('Ctrl Pts',(-2.82807167189138,-0.51733511251945,1.01406570549229));
#8995=CARTESIAN_POINT('Ctrl Pts',(-2.82858251289537,-0.514566523308249,
1.0290673715603));
#8996=CARTESIAN_POINT('Ctrl Pts',(-2.83060827408738,-0.50330362387631,1.0566612910068));
#8997=CARTESIAN_POINT('Ctrl Pts',(-2.83211729677189,-0.494808663122699,
1.069253711496));
#8998=CARTESIAN_POINT('Ctrl Pts',(-2.83547436019063,-0.475193816219182,
1.08913893537021));
#8999=CARTESIAN_POINT('Ctrl Pts',(-2.83754537076471,-0.462765325930884,
1.09775787457272));
#9000=CARTESIAN_POINT('Ctrl Pts',(-2.8418574818949,-0.435501470294968,1.1091884658271));
#9001=CARTESIAN_POINT('Ctrl Pts',(-2.84409277542489,-0.420665137391601,
1.112));
#9002=CARTESIAN_POINT('Ctrl Pts',(-2.8480725096536,-0.392817724970672,1.112));
#9003=CARTESIAN_POINT('Ctrl Pts',(-2.85008200911769,-0.377952259904766,
1.10918951863558));
#9004=CARTESIAN_POINT('Ctrl Pts',(-2.85357831514491,-0.350579760965075,
1.09775938436517));
#9005=CARTESIAN_POINT('Ctrl Pts',(-2.85507096942268,-0.338073461933494,
1.08913976117158));
#9006=CARTESIAN_POINT('Ctrl Pts',(-2.85734153446733,-0.318313150819298,
1.06925213404879));
#9007=CARTESIAN_POINT('Ctrl Pts',(-2.85827179218544,-0.309741899455282,
1.05665839986676));
#9008=CARTESIAN_POINT('Ctrl Pts',(-2.85948100725949,-0.298372336884953,
1.02906419675654));
#9009=CARTESIAN_POINT('Ctrl Pts',(-2.85976581469528,-0.295574838408521,
1.014063649636));
#9010=CARTESIAN_POINT('Ctrl Pts',(-2.85976581469528,-0.295574838408521,
1.));
#9011=CARTESIAN_POINT('',(-2.85976581469528,-0.295574838408522,4.5));
#9012=CARTESIAN_POINT('',(-2.82807167189138,-0.51733511251945,4.5));
#9013=CARTESIAN_POINT('Ctrl Pts',(-2.85976581469528,-0.295574838408521,
4.5));
#9014=CARTESIAN_POINT('Ctrl Pts',(-2.85976581469528,-0.295574838408521,
4.48593578283517));
#9015=CARTESIAN_POINT('Ctrl Pts',(-2.85948098473503,-0.298372560874703,
4.47093466922366));
#9016=CARTESIAN_POINT('Ctrl Pts',(-2.85827167740733,-0.309742966442203,
4.44333960098851));
#9017=CARTESIAN_POINT('Ctrl Pts',(-2.85734134910158,-0.318314836697477,
4.43074556815953));
#9018=CARTESIAN_POINT('Ctrl Pts',(-2.8550706988469,-0.338075744019281,4.41085854318549));
#9019=CARTESIAN_POINT('Ctrl Pts',(-2.85357806929294,-0.350581745069458,
4.40223954281541));
#9020=CARTESIAN_POINT('Ctrl Pts',(-2.85008185797843,-0.377953383828763,
4.39081025636947));
#9021=CARTESIAN_POINT('Ctrl Pts',(-2.84807242936147,-0.392818286799119,
4.388));
#9022=CARTESIAN_POINT('Ctrl Pts',(-2.84409263143663,-0.420666144921255,
4.388));
#9023=CARTESIAN_POINT('Ctrl Pts',(-2.84185717752829,-0.435503481022574,
4.39081193770043));
#9024=CARTESIAN_POINT('Ctrl Pts',(-2.8375447972942,-0.462768865419367,4.40224404896205));
#9025=CARTESIAN_POINT('Ctrl Pts',(-2.83547367952105,-0.475197881524283,
4.41086410463762));
#9026=CARTESIAN_POINT('Ctrl Pts',(-2.83211676876563,-0.494811659920689,
4.43075040817737));
#9027=CARTESIAN_POINT('Ctrl Pts',(-2.83060793549331,-0.503305519496928,
4.44334229339259));
#9028=CARTESIAN_POINT('Ctrl Pts',(-2.82858243907772,-0.514566920626419,
4.47093466191859));
#9029=CARTESIAN_POINT('Ctrl Pts',(-2.82807167189138,-0.51733511251945,4.48593531229366));
#9030=CARTESIAN_POINT('Ctrl Pts',(-2.82807167189138,-0.51733511251945,4.5));
#9031=CARTESIAN_POINT('Ctrl Pts',(-2.82807167189138,-0.51733511251945,4.5));
#9032=CARTESIAN_POINT('Ctrl Pts',(-2.82807167189138,-0.51733511251945,4.51406468770634));
#9033=CARTESIAN_POINT('Ctrl Pts',(-2.82858243907772,-0.514566920626419,
4.52906533808141));
#9034=CARTESIAN_POINT('Ctrl Pts',(-2.83060793549331,-0.503305519496928,
4.55665770660741));
#9035=CARTESIAN_POINT('Ctrl Pts',(-2.83211676876563,-0.494811659920689,
4.56924959182263));
#9036=CARTESIAN_POINT('Ctrl Pts',(-2.83547367952105,-0.475197881524283,
4.58913589536238));
#9037=CARTESIAN_POINT('Ctrl Pts',(-2.8375447972942,-0.462768865419367,4.59775595103795));
#9038=CARTESIAN_POINT('Ctrl Pts',(-2.84185717752829,-0.435503481022574,
4.60918806229957));
#9039=CARTESIAN_POINT('Ctrl Pts',(-2.84409263143663,-0.420666144921255,
4.612));
#9040=CARTESIAN_POINT('Ctrl Pts',(-2.84807242936147,-0.392818286799119,
4.612));
#9041=CARTESIAN_POINT('Ctrl Pts',(-2.85008185797843,-0.377953383828763,
4.60918974363053));
#9042=CARTESIAN_POINT('Ctrl Pts',(-2.85357806929294,-0.350581745069458,
4.59776045718459));
#9043=CARTESIAN_POINT('Ctrl Pts',(-2.8550706988469,-0.338075744019281,4.58914145681451));
#9044=CARTESIAN_POINT('Ctrl Pts',(-2.85734134910158,-0.318314836697477,
4.56925443184047));
#9045=CARTESIAN_POINT('Ctrl Pts',(-2.85827167740733,-0.309742966442203,
4.55666039901149));
#9046=CARTESIAN_POINT('Ctrl Pts',(-2.85948098473503,-0.298372560874703,
4.52906533077633));
#9047=CARTESIAN_POINT('Ctrl Pts',(-2.85976581469528,-0.295574838408521,
4.51406421716483));
#9048=CARTESIAN_POINT('Ctrl Pts',(-2.85976581469528,-0.295574838408521,
4.5));
#9049=CARTESIAN_POINT('',(0.966010486234161,-2.70784946784079,2.75));
#9050=CARTESIAN_POINT('',(1.17390758856638,-2.62441726360468,2.75));
#9051=CARTESIAN_POINT('Ctrl Pts',(0.966010486234161,-2.70784946784079,2.75));
#9052=CARTESIAN_POINT('Ctrl Pts',(0.966010486234161,-2.70784946784079,2.73593531229366));
#9053=CARTESIAN_POINT('Ctrl Pts',(0.968663194329246,-2.70690770925306,2.72093466191859));
#9054=CARTESIAN_POINT('Ctrl Pts',(0.979428601997386,-2.70303114003949,2.69334229339259));
#9055=CARTESIAN_POINT('Ctrl Pts',(0.987538916802749,-2.70009089819528,2.68075040817737));
#9056=CARTESIAN_POINT('Ctrl Pts',(1.00620340253594,-2.69319117898951,2.66086410463762));
#9057=CARTESIAN_POINT('Ctrl Pts',(1.01800280511343,-2.68877031154283,2.65224404896205));
#9058=CARTESIAN_POINT('Ctrl Pts',(1.04377151076204,-2.67887225017793,2.64081193770043));
#9059=CARTESIAN_POINT('Ctrl Pts',(1.05773874770444,-2.67338954200088,2.638));
#9060=CARTESIAN_POINT('Ctrl Pts',(1.08384559924162,-2.66291221904466,2.638));
#9061=CARTESIAN_POINT('Ctrl Pts',(1.09772369714721,-2.65721998378886,2.64081025636947));
#9062=CARTESIAN_POINT('Ctrl Pts',(1.12317633731324,-2.64656197222457,2.65223954281541));
#9063=CARTESIAN_POINT('Ctrl Pts',(1.13475316669942,-2.64160162681165,2.66085854318549));
#9064=CARTESIAN_POINT('Ctrl Pts',(1.15300193956928,-2.63368761395441,2.68074556815953));
#9065=CARTESIAN_POINT('Ctrl Pts',(1.16089056112116,-2.63020736677341,2.69333960098851));
#9066=CARTESIAN_POINT('Ctrl Pts',(1.1713422748578,-2.62556945485643,2.72093466922366));
#9067=CARTESIAN_POINT('Ctrl Pts',(1.17390758856638,-2.62441726360468,2.73593578283517));
#9068=CARTESIAN_POINT('Ctrl Pts',(1.17390758856638,-2.62441726360468,2.75));
#9069=CARTESIAN_POINT('Ctrl Pts',(1.17390758856638,-2.62441726360468,2.75));
#9070=CARTESIAN_POINT('Ctrl Pts',(1.17390758856638,-2.62441726360468,2.76406421716483));
#9071=CARTESIAN_POINT('Ctrl Pts',(1.1713422748578,-2.62556945485643,2.77906533077633));
#9072=CARTESIAN_POINT('Ctrl Pts',(1.16089056112116,-2.63020736677341,2.80666039901149));
#9073=CARTESIAN_POINT('Ctrl Pts',(1.15300193956928,-2.63368761395441,2.81925443184047));
#9074=CARTESIAN_POINT('Ctrl Pts',(1.13475316669942,-2.64160162681165,2.83914145681451));
#9075=CARTESIAN_POINT('Ctrl Pts',(1.12317633731324,-2.64656197222457,2.84776045718459));
#9076=CARTESIAN_POINT('Ctrl Pts',(1.09772369714721,-2.65721998378886,2.85918974363053));
#9077=CARTESIAN_POINT('Ctrl Pts',(1.08384559924162,-2.66291221904466,2.862));
#9078=CARTESIAN_POINT('Ctrl Pts',(1.05773874770444,-2.67338954200088,2.862));
#9079=CARTESIAN_POINT('Ctrl Pts',(1.04377151076204,-2.67887225017793,2.85918806229957));
#9080=CARTESIAN_POINT('Ctrl Pts',(1.01800280511343,-2.68877031154283,2.84775595103795));
#9081=CARTESIAN_POINT('Ctrl Pts',(1.00620340253594,-2.69319117898951,2.83913589536238));
#9082=CARTESIAN_POINT('Ctrl Pts',(0.987538916802749,-2.70009089819528,2.81924959182262));
#9083=CARTESIAN_POINT('Ctrl Pts',(0.979428601997387,-2.70303114003949,2.80665770660741));
#9084=CARTESIAN_POINT('Ctrl Pts',(0.968663194329246,-2.70690770925306,2.77906533808141));
#9085=CARTESIAN_POINT('Ctrl Pts',(0.966010486234161,-2.70784946784079,2.76406468770634));
#9086=CARTESIAN_POINT('Ctrl Pts',(0.966010486234161,-2.70784946784079,2.75));
#9087=CARTESIAN_POINT('',(0.966010486234161,-2.70784946784079,1.));
#9088=CARTESIAN_POINT('',(1.17390758856638,-2.62441726360468,1.));
#9089=CARTESIAN_POINT('Ctrl Pts',(0.966010486234161,-2.70784946784079,1.));
#9090=CARTESIAN_POINT('Ctrl Pts',(0.966010486234161,-2.70784946784079,0.985935312293661));
#9091=CARTESIAN_POINT('Ctrl Pts',(0.968663194329246,-2.70690770925306,0.97093466191859));
#9092=CARTESIAN_POINT('Ctrl Pts',(0.979428601997386,-2.70303114003949,0.943342293392587));
#9093=CARTESIAN_POINT('Ctrl Pts',(0.987538916802749,-2.70009089819528,0.930750408177375));
#9094=CARTESIAN_POINT('Ctrl Pts',(1.00620340253594,-2.69319117898951,0.910864104637619));
#9095=CARTESIAN_POINT('Ctrl Pts',(1.01800280511342,-2.68877031154283,0.902244048962049));
#9096=CARTESIAN_POINT('Ctrl Pts',(1.04377151076204,-2.67887225017793,0.89081193770043));
#9097=CARTESIAN_POINT('Ctrl Pts',(1.05773874770444,-2.67338954200088,0.888));
#9098=CARTESIAN_POINT('Ctrl Pts',(1.08384559924162,-2.66291221904466,0.888));
#9099=CARTESIAN_POINT('Ctrl Pts',(1.09772369714721,-2.65721998378886,0.890810256369467));
#9100=CARTESIAN_POINT('Ctrl Pts',(1.12317633731324,-2.64656197222457,0.902239542815409));
#9101=CARTESIAN_POINT('Ctrl Pts',(1.13475316669942,-2.64160162681165,0.910858543185488));
#9102=CARTESIAN_POINT('Ctrl Pts',(1.15300193956928,-2.63368761395441,0.930745568159528));
#9103=CARTESIAN_POINT('Ctrl Pts',(1.16089056112116,-2.63020736677341,0.943339600988511));
#9104=CARTESIAN_POINT('Ctrl Pts',(1.1713422748578,-2.62556945485643,0.970934669223665));
#9105=CARTESIAN_POINT('Ctrl Pts',(1.17390758856638,-2.62441726360468,0.98593578283517));
#9106=CARTESIAN_POINT('Ctrl Pts',(1.17390758856638,-2.62441726360468,1.));
#9107=CARTESIAN_POINT('Ctrl Pts',(1.17390758856638,-2.62441726360468,1.));
#9108=CARTESIAN_POINT('Ctrl Pts',(1.17390758856638,-2.62441726360468,1.014063649636));
#9109=CARTESIAN_POINT('Ctrl Pts',(1.17134248010085,-2.62556936236831,1.02906419675654));
#9110=CARTESIAN_POINT('Ctrl Pts',(1.160891542548,-2.63020693268071,1.05665839986676));
#9111=CARTESIAN_POINT('Ctrl Pts',(1.15300349226548,-2.63368693154677,1.06925213404879));
#9112=CARTESIAN_POINT('Ctrl Pts',(1.13475527833158,-2.64160072009425,1.08913976117158));
#9113=CARTESIAN_POINT('Ctrl Pts',(1.12317817852402,-2.64656119308643,1.09775938436517));
#9114=CARTESIAN_POINT('Ctrl Pts',(1.09772474606357,-2.65721955271729,1.10918951863558));
#9115=CARTESIAN_POINT('Ctrl Pts',(1.08384612594539,-2.66291200766545,1.112));
#9116=CARTESIAN_POINT('Ctrl Pts',(1.05773969224484,-2.67338916293354,1.112));
#9117=CARTESIAN_POINT('Ctrl Pts',(1.04377340428653,-2.67887150840334,1.1091884658271));
#9118=CARTESIAN_POINT('Ctrl Pts',(1.01800615713562,-2.68876903843862,1.09775787457272));
#9119=CARTESIAN_POINT('Ctrl Pts',(1.00620726352823,-2.69318973581411,1.08913893537021));
#9120=CARTESIAN_POINT('Ctrl Pts',(0.987541776109066,-2.70008985706312,1.069253711496));
#9121=CARTESIAN_POINT('Ctrl Pts',(0.979430412950035,-2.70303048546025,1.0566612910068));
#9122=CARTESIAN_POINT('Ctrl Pts',(0.968663575325701,-2.70690757452194,1.0290673715603));
#9123=CARTESIAN_POINT('Ctrl Pts',(0.966010486234161,-2.70784946784079,1.01406570549229));
#9124=CARTESIAN_POINT('Ctrl Pts',(0.966010486234161,-2.70784946784079,1.));
#9125=CARTESIAN_POINT('',(0.966010486234161,-2.70784946784079,4.5));
#9126=CARTESIAN_POINT('',(1.17390758856638,-2.62441726360468,4.5));
#9127=CARTESIAN_POINT('Ctrl Pts',(0.966010486234161,-2.70784946784079,4.5));
#9128=CARTESIAN_POINT('Ctrl Pts',(0.966010486234161,-2.70784946784079,4.48593531229366));
#9129=CARTESIAN_POINT('Ctrl Pts',(0.968663194329246,-2.70690770925306,4.47093466191859));
#9130=CARTESIAN_POINT('Ctrl Pts',(0.979428601997386,-2.70303114003949,4.44334229339259));
#9131=CARTESIAN_POINT('Ctrl Pts',(0.987538916802749,-2.70009089819528,4.43075040817737));
#9132=CARTESIAN_POINT('Ctrl Pts',(1.00620340253594,-2.69319117898951,4.41086410463762));
#9133=CARTESIAN_POINT('Ctrl Pts',(1.01800280511343,-2.68877031154283,4.40224404896205));
#9134=CARTESIAN_POINT('Ctrl Pts',(1.04377151076204,-2.67887225017793,4.39081193770043));
#9135=CARTESIAN_POINT('Ctrl Pts',(1.05773874770444,-2.67338954200088,4.388));
#9136=CARTESIAN_POINT('Ctrl Pts',(1.08384559924162,-2.66291221904466,4.388));
#9137=CARTESIAN_POINT('Ctrl Pts',(1.09772369714721,-2.65721998378886,4.39081025636947));
#9138=CARTESIAN_POINT('Ctrl Pts',(1.12317633731324,-2.64656197222457,4.40223954281541));
#9139=CARTESIAN_POINT('Ctrl Pts',(1.13475316669942,-2.64160162681165,4.41085854318549));
#9140=CARTESIAN_POINT('Ctrl Pts',(1.15300193956928,-2.63368761395441,4.43074556815953));
#9141=CARTESIAN_POINT('Ctrl Pts',(1.16089056112116,-2.63020736677341,4.44333960098851));
#9142=CARTESIAN_POINT('Ctrl Pts',(1.1713422748578,-2.62556945485643,4.47093466922366));
#9143=CARTESIAN_POINT('Ctrl Pts',(1.17390758856638,-2.62441726360468,4.48593578283517));
#9144=CARTESIAN_POINT('Ctrl Pts',(1.17390758856638,-2.62441726360468,4.5));
#9145=CARTESIAN_POINT('Ctrl Pts',(1.17390758856638,-2.62441726360468,4.5));
#9146=CARTESIAN_POINT('Ctrl Pts',(1.17390758856638,-2.62441726360468,4.51406421716483));
#9147=CARTESIAN_POINT('Ctrl Pts',(1.1713422748578,-2.62556945485643,4.52906533077633));
#9148=CARTESIAN_POINT('Ctrl Pts',(1.16089056112116,-2.63020736677341,4.55666039901149));
#9149=CARTESIAN_POINT('Ctrl Pts',(1.15300193956928,-2.63368761395441,4.56925443184047));
#9150=CARTESIAN_POINT('Ctrl Pts',(1.13475316669942,-2.64160162681165,4.58914145681451));
#9151=CARTESIAN_POINT('Ctrl Pts',(1.12317633731324,-2.64656197222457,4.59776045718459));
#9152=CARTESIAN_POINT('Ctrl Pts',(1.09772369714721,-2.65721998378886,4.60918974363053));
#9153=CARTESIAN_POINT('Ctrl Pts',(1.08384559924162,-2.66291221904466,4.612));
#9154=CARTESIAN_POINT('Ctrl Pts',(1.05773874770444,-2.67338954200088,4.612));
#9155=CARTESIAN_POINT('Ctrl Pts',(1.04377151076204,-2.67887225017793,4.60918806229957));
#9156=CARTESIAN_POINT('Ctrl Pts',(1.01800280511343,-2.68877031154283,4.59775595103795));
#9157=CARTESIAN_POINT('Ctrl Pts',(1.00620340253594,-2.69319117898951,4.58913589536238));
#9158=CARTESIAN_POINT('Ctrl Pts',(0.987538916802749,-2.70009089819528,4.56924959182263));
#9159=CARTESIAN_POINT('Ctrl Pts',(0.979428601997386,-2.70303114003949,4.55665770660741));
#9160=CARTESIAN_POINT('Ctrl Pts',(0.968663194329246,-2.70690770925306,4.52906533808141));
#9161=CARTESIAN_POINT('Ctrl Pts',(0.966010486234161,-2.70784946784079,4.51406468770634));
#9162=CARTESIAN_POINT('Ctrl Pts',(0.966010486234161,-2.70784946784079,4.5));
#9163=CARTESIAN_POINT('',(-1.17390758856638,-2.62441726360468,2.75));
#9164=CARTESIAN_POINT('',(-0.966010486234164,-2.70784946784079,2.75));
#9165=CARTESIAN_POINT('Ctrl Pts',(-1.17390758856638,-2.62441726360468,2.75));
#9166=CARTESIAN_POINT('Ctrl Pts',(-1.17390758856638,-2.62441726360468,2.73593578283517));
#9167=CARTESIAN_POINT('Ctrl Pts',(-1.1713422748578,-2.62556945485643,2.72093466922366));
#9168=CARTESIAN_POINT('Ctrl Pts',(-1.16089056112117,-2.63020736677341,2.69333960098851));
#9169=CARTESIAN_POINT('Ctrl Pts',(-1.15300193956928,-2.63368761395441,2.68074556815953));
#9170=CARTESIAN_POINT('Ctrl Pts',(-1.13475316669943,-2.64160162681165,2.66085854318549));
#9171=CARTESIAN_POINT('Ctrl Pts',(-1.12317633731324,-2.64656197222456,2.65223954281541));
#9172=CARTESIAN_POINT('Ctrl Pts',(-1.09772369714722,-2.65721998378886,2.64081025636947));
#9173=CARTESIAN_POINT('Ctrl Pts',(-1.08384559924162,-2.66291221904466,2.638));
#9174=CARTESIAN_POINT('Ctrl Pts',(-1.05773874770444,-2.67338954200088,2.638));
#9175=CARTESIAN_POINT('Ctrl Pts',(-1.04377151076204,-2.67887225017793,2.64081193770043));
#9176=CARTESIAN_POINT('Ctrl Pts',(-1.01800280511343,-2.68877031154283,2.65224404896205));
#9177=CARTESIAN_POINT('Ctrl Pts',(-1.00620340253595,-2.69319117898951,2.66086410463762));
#9178=CARTESIAN_POINT('Ctrl Pts',(-0.987538916802752,-2.70009089819528,
2.68075040817737));
#9179=CARTESIAN_POINT('Ctrl Pts',(-0.979428601997389,-2.70303114003949,
2.69334229339259));
#9180=CARTESIAN_POINT('Ctrl Pts',(-0.968663194329249,-2.70690770925306,
2.72093466191859));
#9181=CARTESIAN_POINT('Ctrl Pts',(-0.966010486234164,-2.70784946784079,
2.73593531229366));
#9182=CARTESIAN_POINT('Ctrl Pts',(-0.966010486234164,-2.70784946784079,
2.75));
#9183=CARTESIAN_POINT('Ctrl Pts',(-0.966010486234164,-2.70784946784079,
2.75));
#9184=CARTESIAN_POINT('Ctrl Pts',(-0.966010486234164,-2.70784946784079,
2.76406468770634));
#9185=CARTESIAN_POINT('Ctrl Pts',(-0.968663194329249,-2.70690770925306,
2.77906533808141));
#9186=CARTESIAN_POINT('Ctrl Pts',(-0.979428601997389,-2.70303114003949,
2.80665770660741));
#9187=CARTESIAN_POINT('Ctrl Pts',(-0.987538916802752,-2.70009089819528,
2.81924959182262));
#9188=CARTESIAN_POINT('Ctrl Pts',(-1.00620340253595,-2.69319117898951,2.83913589536238));
#9189=CARTESIAN_POINT('Ctrl Pts',(-1.01800280511343,-2.68877031154283,2.84775595103795));
#9190=CARTESIAN_POINT('Ctrl Pts',(-1.04377151076204,-2.67887225017793,2.85918806229957));
#9191=CARTESIAN_POINT('Ctrl Pts',(-1.05773874770444,-2.67338954200088,2.862));
#9192=CARTESIAN_POINT('Ctrl Pts',(-1.08384559924162,-2.66291221904466,2.862));
#9193=CARTESIAN_POINT('Ctrl Pts',(-1.09772369714722,-2.65721998378886,2.85918974363053));
#9194=CARTESIAN_POINT('Ctrl Pts',(-1.12317633731324,-2.64656197222456,2.84776045718459));
#9195=CARTESIAN_POINT('Ctrl Pts',(-1.13475316669943,-2.64160162681165,2.83914145681451));
#9196=CARTESIAN_POINT('Ctrl Pts',(-1.15300193956928,-2.63368761395441,2.81925443184047));
#9197=CARTESIAN_POINT('Ctrl Pts',(-1.16089056112117,-2.63020736677341,2.80666039901149));
#9198=CARTESIAN_POINT('Ctrl Pts',(-1.1713422748578,-2.62556945485643,2.77906533077633));
#9199=CARTESIAN_POINT('Ctrl Pts',(-1.17390758856638,-2.62441726360468,2.76406421716483));
#9200=CARTESIAN_POINT('Ctrl Pts',(-1.17390758856638,-2.62441726360468,2.75));
#9201=CARTESIAN_POINT('',(-1.17390758856638,-2.62441726360468,1.));
#9202=CARTESIAN_POINT('',(-0.96601048623416,-2.70784946784079,1.));
#9203=CARTESIAN_POINT('Ctrl Pts',(-1.17390758856638,-2.62441726360468,1.));
#9204=CARTESIAN_POINT('Ctrl Pts',(-1.17390758856638,-2.62441726360468,0.985935782835169));
#9205=CARTESIAN_POINT('Ctrl Pts',(-1.1713422748578,-2.62556945485643,0.970934669223665));
#9206=CARTESIAN_POINT('Ctrl Pts',(-1.16089056112116,-2.63020736677341,0.943339600988511));
#9207=CARTESIAN_POINT('Ctrl Pts',(-1.15300193956928,-2.63368761395441,0.930745568159528));
#9208=CARTESIAN_POINT('Ctrl Pts',(-1.13475316669942,-2.64160162681165,0.910858543185488));
#9209=CARTESIAN_POINT('Ctrl Pts',(-1.12317633731323,-2.64656197222457,0.902239542815409));
#9210=CARTESIAN_POINT('Ctrl Pts',(-1.09772369714721,-2.65721998378886,0.890810256369467));
#9211=CARTESIAN_POINT('Ctrl Pts',(-1.08384559924161,-2.66291221904466,0.888));
#9212=CARTESIAN_POINT('Ctrl Pts',(-1.05773874770444,-2.67338954200089,0.888));
#9213=CARTESIAN_POINT('Ctrl Pts',(-1.04377151076204,-2.67887225017793,0.89081193770043));
#9214=CARTESIAN_POINT('Ctrl Pts',(-1.01800280511342,-2.68877031154283,0.902244048962049));
#9215=CARTESIAN_POINT('Ctrl Pts',(-1.00620340253594,-2.69319117898951,0.910864104637619));
#9216=CARTESIAN_POINT('Ctrl Pts',(-0.987538916802749,-2.70009089819528,
0.930750408177375));
#9217=CARTESIAN_POINT('Ctrl Pts',(-0.979428601997386,-2.70303114003949,
0.943342293392587));
#9218=CARTESIAN_POINT('Ctrl Pts',(-0.968663194329245,-2.70690770925306,
0.97093466191859));
#9219=CARTESIAN_POINT('Ctrl Pts',(-0.96601048623416,-2.70784946784079,0.985935312293661));
#9220=CARTESIAN_POINT('Ctrl Pts',(-0.96601048623416,-2.70784946784079,0.999999999999999));
#9221=CARTESIAN_POINT('Ctrl Pts',(-0.96601048623416,-2.70784946784079,1.));
#9222=CARTESIAN_POINT('Ctrl Pts',(-0.96601048623416,-2.70784946784079,1.01406570549229));
#9223=CARTESIAN_POINT('Ctrl Pts',(-0.968663575325701,-2.70690757452194,
1.0290673715603));
#9224=CARTESIAN_POINT('Ctrl Pts',(-0.979430412950035,-2.70303048546025,
1.0566612910068));
#9225=CARTESIAN_POINT('Ctrl Pts',(-0.987541776109065,-2.70008985706312,
1.069253711496));
#9226=CARTESIAN_POINT('Ctrl Pts',(-1.00620726352823,-2.69318973581411,1.08913893537021));
#9227=CARTESIAN_POINT('Ctrl Pts',(-1.01800615713562,-2.68876903843862,1.09775787457272));
#9228=CARTESIAN_POINT('Ctrl Pts',(-1.04377340428653,-2.67887150840334,1.1091884658271));
#9229=CARTESIAN_POINT('Ctrl Pts',(-1.05773969224484,-2.67338916293354,1.112));
#9230=CARTESIAN_POINT('Ctrl Pts',(-1.08384612594539,-2.66291200766545,1.112));
#9231=CARTESIAN_POINT('Ctrl Pts',(-1.09772474606357,-2.65721955271729,1.10918951863558));
#9232=CARTESIAN_POINT('Ctrl Pts',(-1.12317817852402,-2.64656119308643,1.09775938436517));
#9233=CARTESIAN_POINT('Ctrl Pts',(-1.13475527833158,-2.64160072009425,1.08913976117158));
#9234=CARTESIAN_POINT('Ctrl Pts',(-1.15300349226548,-2.63368693154677,1.06925213404879));
#9235=CARTESIAN_POINT('Ctrl Pts',(-1.160891542548,-2.63020693268071,1.05665839986676));
#9236=CARTESIAN_POINT('Ctrl Pts',(-1.17134248010084,-2.62556936236831,1.02906419675654));
#9237=CARTESIAN_POINT('Ctrl Pts',(-1.17390758856638,-2.62441726360468,1.014063649636));
#9238=CARTESIAN_POINT('Ctrl Pts',(-1.17390758856638,-2.62441726360468,1.));
#9239=CARTESIAN_POINT('',(-1.17390758856638,-2.62441726360468,4.5));
#9240=CARTESIAN_POINT('',(-0.966010486234164,-2.70784946784079,4.5));
#9241=CARTESIAN_POINT('Ctrl Pts',(-1.17390758856638,-2.62441726360468,4.5));
#9242=CARTESIAN_POINT('Ctrl Pts',(-1.17390758856638,-2.62441726360468,4.48593578283517));
#9243=CARTESIAN_POINT('Ctrl Pts',(-1.1713422748578,-2.62556945485643,4.47093466922366));
#9244=CARTESIAN_POINT('Ctrl Pts',(-1.16089056112117,-2.63020736677341,4.44333960098851));
#9245=CARTESIAN_POINT('Ctrl Pts',(-1.15300193956928,-2.63368761395441,4.43074556815953));
#9246=CARTESIAN_POINT('Ctrl Pts',(-1.13475316669943,-2.64160162681165,4.41085854318549));
#9247=CARTESIAN_POINT('Ctrl Pts',(-1.12317633731324,-2.64656197222457,4.40223954281541));
#9248=CARTESIAN_POINT('Ctrl Pts',(-1.09772369714722,-2.65721998378886,4.39081025636947));
#9249=CARTESIAN_POINT('Ctrl Pts',(-1.08384559924162,-2.66291221904466,4.388));
#9250=CARTESIAN_POINT('Ctrl Pts',(-1.05773874770444,-2.67338954200088,4.388));
#9251=CARTESIAN_POINT('Ctrl Pts',(-1.04377151076204,-2.67887225017793,4.39081193770043));
#9252=CARTESIAN_POINT('Ctrl Pts',(-1.01800280511343,-2.68877031154283,4.40224404896205));
#9253=CARTESIAN_POINT('Ctrl Pts',(-1.00620340253595,-2.69319117898951,4.41086410463762));
#9254=CARTESIAN_POINT('Ctrl Pts',(-0.987538916802752,-2.70009089819528,
4.43075040817737));
#9255=CARTESIAN_POINT('Ctrl Pts',(-0.979428601997389,-2.70303114003949,
4.44334229339259));
#9256=CARTESIAN_POINT('Ctrl Pts',(-0.968663194329249,-2.70690770925306,
4.47093466191859));
#9257=CARTESIAN_POINT('Ctrl Pts',(-0.966010486234164,-2.70784946784079,
4.48593531229366));
#9258=CARTESIAN_POINT('Ctrl Pts',(-0.966010486234164,-2.70784946784079,
4.5));
#9259=CARTESIAN_POINT('Ctrl Pts',(-0.966010486234164,-2.70784946784079,
4.5));
#9260=CARTESIAN_POINT('Ctrl Pts',(-0.966010486234164,-2.70784946784079,
4.51406468770634));
#9261=CARTESIAN_POINT('Ctrl Pts',(-0.968663194329249,-2.70690770925306,
4.52906533808141));
#9262=CARTESIAN_POINT('Ctrl Pts',(-0.979428601997389,-2.70303114003949,
4.55665770660741));
#9263=CARTESIAN_POINT('Ctrl Pts',(-0.987538916802752,-2.70009089819528,
4.56924959182263));
#9264=CARTESIAN_POINT('Ctrl Pts',(-1.00620340253595,-2.69319117898951,4.58913589536238));
#9265=CARTESIAN_POINT('Ctrl Pts',(-1.01800280511343,-2.68877031154283,4.59775595103795));
#9266=CARTESIAN_POINT('Ctrl Pts',(-1.04377151076204,-2.67887225017793,4.60918806229957));
#9267=CARTESIAN_POINT('Ctrl Pts',(-1.05773874770444,-2.67338954200088,4.612));
#9268=CARTESIAN_POINT('Ctrl Pts',(-1.08384559924162,-2.66291221904466,4.612));
#9269=CARTESIAN_POINT('Ctrl Pts',(-1.09772369714722,-2.65721998378886,4.60918974363053));
#9270=CARTESIAN_POINT('Ctrl Pts',(-1.12317633731324,-2.64656197222457,4.59776045718459));
#9271=CARTESIAN_POINT('Ctrl Pts',(-1.13475316669943,-2.64160162681165,4.58914145681451));
#9272=CARTESIAN_POINT('Ctrl Pts',(-1.15300193956928,-2.63368761395441,4.56925443184047));
#9273=CARTESIAN_POINT('Ctrl Pts',(-1.16089056112117,-2.63020736677341,4.55666039901149));
#9274=CARTESIAN_POINT('Ctrl Pts',(-1.1713422748578,-2.62556945485643,4.52906533077633));
#9275=CARTESIAN_POINT('Ctrl Pts',(-1.17390758856638,-2.62441726360468,4.51406421716483));
#9276=CARTESIAN_POINT('Ctrl Pts',(-1.17390758856638,-2.62441726360468,4.5));
#9277=CARTESIAN_POINT('',(2.82807167189138,-0.517335112519453,2.75));
#9278=CARTESIAN_POINT('',(2.85976581469528,-0.295574838408526,2.75));
#9279=CARTESIAN_POINT('Ctrl Pts',(2.82807167189138,-0.517335112519454,2.75));
#9280=CARTESIAN_POINT('Ctrl Pts',(2.82807167189138,-0.517335112519454,2.73593531229366));
#9281=CARTESIAN_POINT('Ctrl Pts',(2.82858243907772,-0.514566920626424,2.72093466191859));
#9282=CARTESIAN_POINT('Ctrl Pts',(2.83060793549331,-0.503305519496933,2.69334229339259));
#9283=CARTESIAN_POINT('Ctrl Pts',(2.83211676876563,-0.494811659920694,2.68075040817737));
#9284=CARTESIAN_POINT('Ctrl Pts',(2.83547367952105,-0.475197881524288,2.66086410463762));
#9285=CARTESIAN_POINT('Ctrl Pts',(2.8375447972942,-0.462768865419372,2.65224404896205));
#9286=CARTESIAN_POINT('Ctrl Pts',(2.84185717752829,-0.435503481022579,2.64081193770043));
#9287=CARTESIAN_POINT('Ctrl Pts',(2.84409263143663,-0.42066614492126,2.638));
#9288=CARTESIAN_POINT('Ctrl Pts',(2.84807242936147,-0.392818286799123,2.638));
#9289=CARTESIAN_POINT('Ctrl Pts',(2.85008185797843,-0.377953383828768,2.64081025636947));
#9290=CARTESIAN_POINT('Ctrl Pts',(2.85357806929294,-0.350581745069463,2.65223954281541));
#9291=CARTESIAN_POINT('Ctrl Pts',(2.8550706988469,-0.338075744019286,2.66085854318549));
#9292=CARTESIAN_POINT('Ctrl Pts',(2.85734134910158,-0.318314836697482,2.68074556815953));
#9293=CARTESIAN_POINT('Ctrl Pts',(2.85827167740733,-0.309742966442208,2.69333960098851));
#9294=CARTESIAN_POINT('Ctrl Pts',(2.85948098473503,-0.298372560874708,2.72093466922366));
#9295=CARTESIAN_POINT('Ctrl Pts',(2.85976581469528,-0.295574838408526,2.73593578283517));
#9296=CARTESIAN_POINT('Ctrl Pts',(2.85976581469528,-0.295574838408526,2.75));
#9297=CARTESIAN_POINT('Ctrl Pts',(2.85976581469528,-0.295574838408526,2.75));
#9298=CARTESIAN_POINT('Ctrl Pts',(2.85976581469528,-0.295574838408526,2.76406421716483));
#9299=CARTESIAN_POINT('Ctrl Pts',(2.85948098473503,-0.298372560874708,2.77906533077633));
#9300=CARTESIAN_POINT('Ctrl Pts',(2.85827167740733,-0.309742966442208,2.80666039901149));
#9301=CARTESIAN_POINT('Ctrl Pts',(2.85734134910158,-0.318314836697482,2.81925443184047));
#9302=CARTESIAN_POINT('Ctrl Pts',(2.8550706988469,-0.338075744019286,2.83914145681451));
#9303=CARTESIAN_POINT('Ctrl Pts',(2.85357806929294,-0.350581745069462,2.84776045718459));
#9304=CARTESIAN_POINT('Ctrl Pts',(2.85008185797843,-0.377953383828767,2.85918974363053));
#9305=CARTESIAN_POINT('Ctrl Pts',(2.84807242936147,-0.392818286799123,2.862));
#9306=CARTESIAN_POINT('Ctrl Pts',(2.84409263143663,-0.42066614492126,2.862));
#9307=CARTESIAN_POINT('Ctrl Pts',(2.84185717752829,-0.435503481022579,2.85918806229957));
#9308=CARTESIAN_POINT('Ctrl Pts',(2.8375447972942,-0.462768865419372,2.84775595103795));
#9309=CARTESIAN_POINT('Ctrl Pts',(2.83547367952105,-0.475197881524288,2.83913589536238));
#9310=CARTESIAN_POINT('Ctrl Pts',(2.83211676876563,-0.494811659920694,2.81924959182262));
#9311=CARTESIAN_POINT('Ctrl Pts',(2.83060793549331,-0.503305519496933,2.80665770660741));
#9312=CARTESIAN_POINT('Ctrl Pts',(2.82858243907772,-0.514566920626424,2.77906533808141));
#9313=CARTESIAN_POINT('Ctrl Pts',(2.82807167189138,-0.517335112519454,2.76406468770634));
#9314=CARTESIAN_POINT('Ctrl Pts',(2.82807167189138,-0.517335112519454,2.75));
#9315=CARTESIAN_POINT('',(2.82807167189138,-0.517335112519453,1.));
#9316=CARTESIAN_POINT('',(2.85976581469528,-0.295574838408526,1.));
#9317=CARTESIAN_POINT('Ctrl Pts',(2.82807167189138,-0.517335112519454,1.));
#9318=CARTESIAN_POINT('Ctrl Pts',(2.82807167189138,-0.517335112519454,0.985935312293661));
#9319=CARTESIAN_POINT('Ctrl Pts',(2.82858243907772,-0.514566920626424,0.97093466191859));
#9320=CARTESIAN_POINT('Ctrl Pts',(2.83060793549331,-0.503305519496933,0.943342293392587));
#9321=CARTESIAN_POINT('Ctrl Pts',(2.83211676876563,-0.494811659920694,0.930750408177375));
#9322=CARTESIAN_POINT('Ctrl Pts',(2.83547367952105,-0.475197881524288,0.910864104637619));
#9323=CARTESIAN_POINT('Ctrl Pts',(2.8375447972942,-0.462768865419372,0.902244048962049));
#9324=CARTESIAN_POINT('Ctrl Pts',(2.84185717752829,-0.435503481022579,0.89081193770043));
#9325=CARTESIAN_POINT('Ctrl Pts',(2.84409263143663,-0.42066614492126,0.888));
#9326=CARTESIAN_POINT('Ctrl Pts',(2.84807242936147,-0.392818286799123,0.888));
#9327=CARTESIAN_POINT('Ctrl Pts',(2.85008185797843,-0.377953383828767,0.890810256369467));
#9328=CARTESIAN_POINT('Ctrl Pts',(2.85357806929294,-0.350581745069463,0.902239542815409));
#9329=CARTESIAN_POINT('Ctrl Pts',(2.8550706988469,-0.338075744019286,0.910858543185488));
#9330=CARTESIAN_POINT('Ctrl Pts',(2.85734134910158,-0.318314836697482,0.930745568159528));
#9331=CARTESIAN_POINT('Ctrl Pts',(2.85827167740733,-0.309742966442208,0.943339600988511));
#9332=CARTESIAN_POINT('Ctrl Pts',(2.85948098473503,-0.298372560874708,0.970934669223664));
#9333=CARTESIAN_POINT('Ctrl Pts',(2.85976581469528,-0.295574838408526,0.985935782835169));
#9334=CARTESIAN_POINT('Ctrl Pts',(2.85976581469528,-0.295574838408526,1.));
#9335=CARTESIAN_POINT('Ctrl Pts',(2.85976581469528,-0.295574838408526,1.));
#9336=CARTESIAN_POINT('Ctrl Pts',(2.85976581469528,-0.295574838408526,1.014063649636));
#9337=CARTESIAN_POINT('Ctrl Pts',(2.85948100725949,-0.298372336884958,1.02906419675654));
#9338=CARTESIAN_POINT('Ctrl Pts',(2.85827179218544,-0.309741899455286,1.05665839986676));
#9339=CARTESIAN_POINT('Ctrl Pts',(2.85734153446733,-0.318313150819302,1.06925213404879));
#9340=CARTESIAN_POINT('Ctrl Pts',(2.85507096942268,-0.338073461933499,1.08913976117158));
#9341=CARTESIAN_POINT('Ctrl Pts',(2.85357831514491,-0.35057976096508,1.09775938436517));
#9342=CARTESIAN_POINT('Ctrl Pts',(2.85008200911769,-0.37795225990477,1.10918951863558));
#9343=CARTESIAN_POINT('Ctrl Pts',(2.8480725096536,-0.392817724970676,1.112));
#9344=CARTESIAN_POINT('Ctrl Pts',(2.84409277542488,-0.420665137391606,1.112));
#9345=CARTESIAN_POINT('Ctrl Pts',(2.8418574818949,-0.435501470294973,1.1091884658271));
#9346=CARTESIAN_POINT('Ctrl Pts',(2.83754537076471,-0.462765325930889,1.09775787457272));
#9347=CARTESIAN_POINT('Ctrl Pts',(2.83547436019063,-0.475193816219187,1.08913893537021));
#9348=CARTESIAN_POINT('Ctrl Pts',(2.83211729677188,-0.494808663122704,1.069253711496));
#9349=CARTESIAN_POINT('Ctrl Pts',(2.83060827408738,-0.503303623876314,1.0566612910068));
#9350=CARTESIAN_POINT('Ctrl Pts',(2.82858251289537,-0.514566523308254,1.0290673715603));
#9351=CARTESIAN_POINT('Ctrl Pts',(2.82807167189138,-0.517335112519455,1.01406570549229));
#9352=CARTESIAN_POINT('Ctrl Pts',(2.82807167189138,-0.517335112519454,0.999999999999999));
#9353=CARTESIAN_POINT('',(2.82807167189138,-0.517335112519453,4.5));
#9354=CARTESIAN_POINT('',(2.85976581469528,-0.295574838408526,4.5));
#9355=CARTESIAN_POINT('Ctrl Pts',(2.82807167189138,-0.517335112519454,4.5));
#9356=CARTESIAN_POINT('Ctrl Pts',(2.82807167189138,-0.517335112519454,4.48593531229366));
#9357=CARTESIAN_POINT('Ctrl Pts',(2.82858243907772,-0.514566920626424,4.47093466191859));
#9358=CARTESIAN_POINT('Ctrl Pts',(2.83060793549331,-0.503305519496933,4.44334229339259));
#9359=CARTESIAN_POINT('Ctrl Pts',(2.83211676876563,-0.494811659920694,4.43075040817737));
#9360=CARTESIAN_POINT('Ctrl Pts',(2.83547367952105,-0.475197881524287,4.41086410463762));
#9361=CARTESIAN_POINT('Ctrl Pts',(2.8375447972942,-0.462768865419372,4.40224404896205));
#9362=CARTESIAN_POINT('Ctrl Pts',(2.84185717752829,-0.435503481022579,4.39081193770043));
#9363=CARTESIAN_POINT('Ctrl Pts',(2.84409263143663,-0.42066614492126,4.388));
#9364=CARTESIAN_POINT('Ctrl Pts',(2.84807242936147,-0.392818286799123,4.388));
#9365=CARTESIAN_POINT('Ctrl Pts',(2.85008185797843,-0.377953383828768,4.39081025636947));
#9366=CARTESIAN_POINT('Ctrl Pts',(2.85357806929294,-0.350581745069463,4.40223954281541));
#9367=CARTESIAN_POINT('Ctrl Pts',(2.8550706988469,-0.338075744019286,4.41085854318549));
#9368=CARTESIAN_POINT('Ctrl Pts',(2.85734134910158,-0.318314836697482,4.43074556815953));
#9369=CARTESIAN_POINT('Ctrl Pts',(2.85827167740733,-0.309742966442208,4.44333960098851));
#9370=CARTESIAN_POINT('Ctrl Pts',(2.85948098473503,-0.298372560874708,4.47093466922366));
#9371=CARTESIAN_POINT('Ctrl Pts',(2.85976581469528,-0.295574838408526,4.48593578283517));
#9372=CARTESIAN_POINT('Ctrl Pts',(2.85976581469528,-0.295574838408526,4.5));
#9373=CARTESIAN_POINT('Ctrl Pts',(2.85976581469528,-0.295574838408526,4.5));
#9374=CARTESIAN_POINT('Ctrl Pts',(2.85976581469528,-0.295574838408526,4.51406421716483));
#9375=CARTESIAN_POINT('Ctrl Pts',(2.85948098473503,-0.298372560874708,4.52906533077633));
#9376=CARTESIAN_POINT('Ctrl Pts',(2.85827167740733,-0.309742966442208,4.55666039901149));
#9377=CARTESIAN_POINT('Ctrl Pts',(2.85734134910158,-0.318314836697482,4.56925443184047));
#9378=CARTESIAN_POINT('Ctrl Pts',(2.8550706988469,-0.338075744019286,4.58914145681451));
#9379=CARTESIAN_POINT('Ctrl Pts',(2.85357806929294,-0.350581745069463,4.59776045718459));
#9380=CARTESIAN_POINT('Ctrl Pts',(2.85008185797843,-0.377953383828768,4.60918974363053));
#9381=CARTESIAN_POINT('Ctrl Pts',(2.84807242936147,-0.392818286799123,4.612));
#9382=CARTESIAN_POINT('Ctrl Pts',(2.84409263143663,-0.42066614492126,4.612));
#9383=CARTESIAN_POINT('Ctrl Pts',(2.84185717752829,-0.435503481022579,4.60918806229957));
#9384=CARTESIAN_POINT('Ctrl Pts',(2.8375447972942,-0.462768865419372,4.59775595103795));
#9385=CARTESIAN_POINT('Ctrl Pts',(2.83547367952105,-0.475197881524287,4.58913589536238));
#9386=CARTESIAN_POINT('Ctrl Pts',(2.83211676876563,-0.494811659920694,4.56924959182263));
#9387=CARTESIAN_POINT('Ctrl Pts',(2.83060793549331,-0.503305519496933,4.55665770660741));
#9388=CARTESIAN_POINT('Ctrl Pts',(2.82858243907772,-0.514566920626424,4.52906533808141));
#9389=CARTESIAN_POINT('Ctrl Pts',(2.82807167189138,-0.517335112519454,4.51406468770634));
#9390=CARTESIAN_POINT('Ctrl Pts',(2.82807167189138,-0.517335112519454,4.5));
#9391=CARTESIAN_POINT('',(1.6858582261289,-2.32884242519616,2.75));
#9392=CARTESIAN_POINT('',(1.86206118565722,-2.19051435532133,2.75));
#9393=CARTESIAN_POINT('Ctrl Pts',(1.68585822612891,-2.32884242519615,2.75));
#9394=CARTESIAN_POINT('Ctrl Pts',(1.68585822612891,-2.32884242519615,2.73593578283517));
#9395=CARTESIAN_POINT('Ctrl Pts',(1.68813870987724,-2.32719689398172,2.72093466922366));
#9396=CARTESIAN_POINT('Ctrl Pts',(1.69738111628617,-2.3204644003312,2.69333960098851));
#9397=CARTESIAN_POINT('Ctrl Pts',(1.70433940953231,-2.31537277725693,2.68074556815953));
#9398=CARTESIAN_POINT('Ctrl Pts',(1.72031753214748,-2.30352588279236,2.66085854318549));
#9399=CARTESIAN_POINT('Ctrl Pts',(1.73040173197971,-2.2959802271551,2.65223954281541));
#9400=CARTESIAN_POINT('Ctrl Pts',(1.75235816083122,-2.27926659996009,2.64081025636947));
#9401=CARTESIAN_POINT('Ctrl Pts',(1.76422683011986,-2.27009393224553,2.638));
#9402=CARTESIAN_POINT('Ctrl Pts',(1.7863538837322,-2.25272339707962,2.638));
#9403=CARTESIAN_POINT('Ctrl Pts',(1.79808566676626,-2.24336876915535,2.64081193770043));
#9404=CARTESIAN_POINT('Ctrl Pts',(1.81954199218078,-2.22600144612346,2.65224404896205));
#9405=CARTESIAN_POINT('Ctrl Pts',(1.82927027698511,-2.21799329746522,2.66086410463762));
#9406=CARTESIAN_POINT('Ctrl Pts',(1.84457785196289,-2.20527923827458,2.68075040817737));
#9407=CARTESIAN_POINT('Ctrl Pts',(1.85117933349592,-2.19972562054256,2.69334229339259));
#9408=CARTESIAN_POINT('Ctrl Pts',(1.85991924474848,-2.19234078862664,2.72093466191859));
#9409=CARTESIAN_POINT('Ctrl Pts',(1.86206118565722,-2.19051435532133,2.73593531229366));
#9410=CARTESIAN_POINT('Ctrl Pts',(1.86206118565722,-2.19051435532133,2.75));
#9411=CARTESIAN_POINT('Ctrl Pts',(1.86206118565722,-2.19051435532133,2.75));
#9412=CARTESIAN_POINT('Ctrl Pts',(1.86206118565722,-2.19051435532133,2.76406468770634));
#9413=CARTESIAN_POINT('Ctrl Pts',(1.85991924474848,-2.19234078862664,2.77906533808141));
#9414=CARTESIAN_POINT('Ctrl Pts',(1.85117933349592,-2.19972562054256,2.80665770660741));
#9415=CARTESIAN_POINT('Ctrl Pts',(1.84457785196289,-2.20527923827458,2.81924959182262));
#9416=CARTESIAN_POINT('Ctrl Pts',(1.82927027698511,-2.21799329746522,2.83913589536238));
#9417=CARTESIAN_POINT('Ctrl Pts',(1.81954199218078,-2.22600144612346,2.84775595103795));
#9418=CARTESIAN_POINT('Ctrl Pts',(1.79808566676626,-2.24336876915535,2.85918806229957));
#9419=CARTESIAN_POINT('Ctrl Pts',(1.7863538837322,-2.25272339707962,2.862));
#9420=CARTESIAN_POINT('Ctrl Pts',(1.76422683011986,-2.27009393224553,2.862));
#9421=CARTESIAN_POINT('Ctrl Pts',(1.75235816083122,-2.27926659996009,2.85918974363053));
#9422=CARTESIAN_POINT('Ctrl Pts',(1.73040173197971,-2.2959802271551,2.84776045718459));
#9423=CARTESIAN_POINT('Ctrl Pts',(1.72031753214748,-2.30352588279236,2.83914145681451));
#9424=CARTESIAN_POINT('Ctrl Pts',(1.70433940953231,-2.31537277725693,2.81925443184047));
#9425=CARTESIAN_POINT('Ctrl Pts',(1.69738111628617,-2.3204644003312,2.80666039901149));
#9426=CARTESIAN_POINT('Ctrl Pts',(1.68813870987724,-2.32719689398172,2.77906533077633));
#9427=CARTESIAN_POINT('Ctrl Pts',(1.68585822612891,-2.32884242519615,2.76406421716483));
#9428=CARTESIAN_POINT('Ctrl Pts',(1.68585822612891,-2.32884242519615,2.75));
#9429=CARTESIAN_POINT('',(1.6858582261289,-2.32884242519616,1.));
#9430=CARTESIAN_POINT('',(1.86206118565722,-2.19051435532133,1.));
#9431=CARTESIAN_POINT('Ctrl Pts',(1.68585822612891,-2.32884242519615,1.));
#9432=CARTESIAN_POINT('Ctrl Pts',(1.68585822612891,-2.32884242519615,0.98593578283517));
#9433=CARTESIAN_POINT('Ctrl Pts',(1.68813870987724,-2.32719689398172,0.970934669223665));
#9434=CARTESIAN_POINT('Ctrl Pts',(1.69738111628617,-2.3204644003312,0.943339600988511));
#9435=CARTESIAN_POINT('Ctrl Pts',(1.70433940953231,-2.31537277725693,0.930745568159529));
#9436=CARTESIAN_POINT('Ctrl Pts',(1.72031753214748,-2.30352588279236,0.910858543185488));
#9437=CARTESIAN_POINT('Ctrl Pts',(1.73040173197971,-2.2959802271551,0.90223954281541));
#9438=CARTESIAN_POINT('Ctrl Pts',(1.75235816083122,-2.27926659996009,0.890810256369468));
#9439=CARTESIAN_POINT('Ctrl Pts',(1.76422683011986,-2.27009393224553,0.888000000000001));
#9440=CARTESIAN_POINT('Ctrl Pts',(1.7863538837322,-2.25272339707962,0.888000000000001));
#9441=CARTESIAN_POINT('Ctrl Pts',(1.79808566676626,-2.24336876915535,0.89081193770043));
#9442=CARTESIAN_POINT('Ctrl Pts',(1.81954199218078,-2.22600144612346,0.902244048962049));
#9443=CARTESIAN_POINT('Ctrl Pts',(1.82927027698511,-2.21799329746522,0.910864104637619));
#9444=CARTESIAN_POINT('Ctrl Pts',(1.84457785196289,-2.20527923827458,0.930750408177375));
#9445=CARTESIAN_POINT('Ctrl Pts',(1.85117933349592,-2.19972562054256,0.943342293392587));
#9446=CARTESIAN_POINT('Ctrl Pts',(1.85991924474848,-2.19234078862664,0.97093466191859));
#9447=CARTESIAN_POINT('Ctrl Pts',(1.86206118565722,-2.19051435532133,0.985935312293661));
#9448=CARTESIAN_POINT('Ctrl Pts',(1.86206118565722,-2.19051435532133,1.));
#9449=CARTESIAN_POINT('Ctrl Pts',(1.86206118565722,-2.19051435532133,1.));
#9450=CARTESIAN_POINT('Ctrl Pts',(1.86206118565722,-2.19051435532133,1.01406570549229));
#9451=CARTESIAN_POINT('Ctrl Pts',(1.85991893756967,-2.19234105121369,1.0290673715603));
#9452=CARTESIAN_POINT('Ctrl Pts',(1.85117786113735,-2.19972686158394,1.0566612910068));
#9453=CARTESIAN_POINT('Ctrl Pts',(1.84457552066282,-2.20528119394041,1.069253711496));
#9454=CARTESIAN_POINT('Ctrl Pts',(1.82926709666241,-2.21799591959492,1.08913893537021));
#9455=CARTESIAN_POINT('Ctrl Pts',(1.8195392136291,-2.22600371250773,1.09775787457272));
#9456=CARTESIAN_POINT('Ctrl Pts',(1.79808407760837,-2.24337003810837,1.1091884658271));
#9457=CARTESIAN_POINT('Ctrl Pts',(1.78635308318005,-2.25272402554193,1.112));
#9458=CARTESIAN_POINT('Ctrl Pts',(1.76422638370822,-2.27009428269478,1.112));
#9459=CARTESIAN_POINT('Ctrl Pts',(1.75235726305412,-2.27926729281252,1.10918951863558));
#9460=CARTESIAN_POINT('Ctrl Pts',(1.73040013662089,-2.29598143212134,1.09775938436517));
#9461=CARTESIAN_POINT('Ctrl Pts',(1.7203156910911,-2.30352725816075,1.08913976117158));
#9462=CARTESIAN_POINT('Ctrl Pts',(1.70433804220185,-2.31537378072746,1.06925213404879));
#9463=CARTESIAN_POINT('Ctrl Pts',(1.69738024963745,-2.32046503322542,1.05665839986676));
#9464=CARTESIAN_POINT('Ctrl Pts',(1.68813852715865,-2.32719702548335,1.02906419675655));
#9465=CARTESIAN_POINT('Ctrl Pts',(1.68585822612891,-2.32884242519615,1.014063649636));
#9466=CARTESIAN_POINT('Ctrl Pts',(1.68585822612891,-2.32884242519615,0.999999999999999));
#9467=CARTESIAN_POINT('',(1.6858582261289,-2.32884242519616,4.5));
#9468=CARTESIAN_POINT('',(1.86206118565722,-2.19051435532133,4.5));
#9469=CARTESIAN_POINT('Ctrl Pts',(1.68585822612891,-2.32884242519615,4.5));
#9470=CARTESIAN_POINT('Ctrl Pts',(1.68585822612891,-2.32884242519615,4.48593578283517));
#9471=CARTESIAN_POINT('Ctrl Pts',(1.68813870987724,-2.32719689398172,4.47093466922366));
#9472=CARTESIAN_POINT('Ctrl Pts',(1.69738111628617,-2.3204644003312,4.44333960098851));
#9473=CARTESIAN_POINT('Ctrl Pts',(1.70433940953231,-2.31537277725693,4.43074556815953));
#9474=CARTESIAN_POINT('Ctrl Pts',(1.72031753214748,-2.30352588279236,4.41085854318549));
#9475=CARTESIAN_POINT('Ctrl Pts',(1.73040173197971,-2.2959802271551,4.40223954281541));
#9476=CARTESIAN_POINT('Ctrl Pts',(1.75235816083122,-2.27926659996009,4.39081025636947));
#9477=CARTESIAN_POINT('Ctrl Pts',(1.76422683011986,-2.27009393224553,4.388));
#9478=CARTESIAN_POINT('Ctrl Pts',(1.7863538837322,-2.25272339707962,4.388));
#9479=CARTESIAN_POINT('Ctrl Pts',(1.79808566676626,-2.24336876915535,4.39081193770043));
#9480=CARTESIAN_POINT('Ctrl Pts',(1.81954199218078,-2.22600144612346,4.40224404896205));
#9481=CARTESIAN_POINT('Ctrl Pts',(1.82927027698511,-2.21799329746522,4.41086410463762));
#9482=CARTESIAN_POINT('Ctrl Pts',(1.84457785196289,-2.20527923827458,4.43075040817737));
#9483=CARTESIAN_POINT('Ctrl Pts',(1.85117933349592,-2.19972562054256,4.44334229339259));
#9484=CARTESIAN_POINT('Ctrl Pts',(1.85991924474848,-2.19234078862664,4.47093466191859));
#9485=CARTESIAN_POINT('Ctrl Pts',(1.86206118565722,-2.19051435532133,4.48593531229366));
#9486=CARTESIAN_POINT('Ctrl Pts',(1.86206118565722,-2.19051435532133,4.5));
#9487=CARTESIAN_POINT('Ctrl Pts',(1.86206118565722,-2.19051435532133,4.5));
#9488=CARTESIAN_POINT('Ctrl Pts',(1.86206118565722,-2.19051435532133,4.51406468770634));
#9489=CARTESIAN_POINT('Ctrl Pts',(1.85991924474848,-2.19234078862664,4.52906533808141));
#9490=CARTESIAN_POINT('Ctrl Pts',(1.85117933349592,-2.19972562054256,4.55665770660741));
#9491=CARTESIAN_POINT('Ctrl Pts',(1.84457785196289,-2.20527923827458,4.56924959182263));
#9492=CARTESIAN_POINT('Ctrl Pts',(1.82927027698511,-2.21799329746522,4.58913589536238));
#9493=CARTESIAN_POINT('Ctrl Pts',(1.81954199218078,-2.22600144612346,4.59775595103795));
#9494=CARTESIAN_POINT('Ctrl Pts',(1.79808566676626,-2.24336876915535,4.60918806229957));
#9495=CARTESIAN_POINT('Ctrl Pts',(1.7863538837322,-2.25272339707962,4.612));
#9496=CARTESIAN_POINT('Ctrl Pts',(1.76422683011986,-2.27009393224553,4.612));
#9497=CARTESIAN_POINT('Ctrl Pts',(1.75235816083122,-2.27926659996009,4.60918974363053));
#9498=CARTESIAN_POINT('Ctrl Pts',(1.73040173197971,-2.2959802271551,4.59776045718459));
#9499=CARTESIAN_POINT('Ctrl Pts',(1.72031753214748,-2.30352588279236,4.58914145681451));
#9500=CARTESIAN_POINT('Ctrl Pts',(1.70433940953231,-2.31537277725693,4.56925443184047));
#9501=CARTESIAN_POINT('Ctrl Pts',(1.69738111628617,-2.3204644003312,4.55666039901149));
#9502=CARTESIAN_POINT('Ctrl Pts',(1.68813870987724,-2.32719689398172,4.52906533077633));
#9503=CARTESIAN_POINT('Ctrl Pts',(1.68585822612891,-2.32884242519615,4.51406421716483));
#9504=CARTESIAN_POINT('Ctrl Pts',(1.68585822612891,-2.32884242519615,4.5));
#9505=CARTESIAN_POINT('',(1.86206118565722,2.19051435532133,2.75));
#9506=CARTESIAN_POINT('',(1.68585822612891,2.32884242519615,2.75));
#9507=CARTESIAN_POINT('Ctrl Pts',(1.86206118565722,2.19051435532133,2.75));
#9508=CARTESIAN_POINT('Ctrl Pts',(1.86206118565722,2.19051435532133,2.73593531229366));
#9509=CARTESIAN_POINT('Ctrl Pts',(1.85991924474848,2.19234078862664,2.72093466191859));
#9510=CARTESIAN_POINT('Ctrl Pts',(1.85117933349593,2.19972562054256,2.69334229339259));
#9511=CARTESIAN_POINT('Ctrl Pts',(1.84457785196289,2.20527923827458,2.68075040817737));
#9512=CARTESIAN_POINT('Ctrl Pts',(1.82927027698511,2.21799329746522,2.66086410463762));
#9513=CARTESIAN_POINT('Ctrl Pts',(1.81954199218078,2.22600144612346,2.65224404896205));
#9514=CARTESIAN_POINT('Ctrl Pts',(1.79808566676626,2.24336876915535,2.64081193770043));
#9515=CARTESIAN_POINT('Ctrl Pts',(1.7863538837322,2.25272339707962,2.638));
#9516=CARTESIAN_POINT('Ctrl Pts',(1.76422683011986,2.27009393224553,2.638));
#9517=CARTESIAN_POINT('Ctrl Pts',(1.75235816083122,2.27926659996009,2.64081025636947));
#9518=CARTESIAN_POINT('Ctrl Pts',(1.73040173197971,2.2959802271551,2.65223954281541));
#9519=CARTESIAN_POINT('Ctrl Pts',(1.72031753214748,2.30352588279236,2.66085854318549));
#9520=CARTESIAN_POINT('Ctrl Pts',(1.70433940953231,2.31537277725693,2.68074556815953));
#9521=CARTESIAN_POINT('Ctrl Pts',(1.69738111628617,2.3204644003312,2.69333960098851));
#9522=CARTESIAN_POINT('Ctrl Pts',(1.68813870987724,2.32719689398172,2.72093466922366));
#9523=CARTESIAN_POINT('Ctrl Pts',(1.68585822612891,2.32884242519615,2.73593578283517));
#9524=CARTESIAN_POINT('Ctrl Pts',(1.68585822612891,2.32884242519615,2.75));
#9525=CARTESIAN_POINT('Ctrl Pts',(1.68585822612891,2.32884242519615,2.75));
#9526=CARTESIAN_POINT('Ctrl Pts',(1.68585822612891,2.32884242519615,2.76406421716483));
#9527=CARTESIAN_POINT('Ctrl Pts',(1.68813870987724,2.32719689398172,2.77906533077633));
#9528=CARTESIAN_POINT('Ctrl Pts',(1.69738111628617,2.3204644003312,2.80666039901149));
#9529=CARTESIAN_POINT('Ctrl Pts',(1.70433940953231,2.31537277725693,2.81925443184047));
#9530=CARTESIAN_POINT('Ctrl Pts',(1.72031753214748,2.30352588279236,2.83914145681451));
#9531=CARTESIAN_POINT('Ctrl Pts',(1.73040173197971,2.2959802271551,2.84776045718459));
#9532=CARTESIAN_POINT('Ctrl Pts',(1.75235816083122,2.27926659996009,2.85918974363053));
#9533=CARTESIAN_POINT('Ctrl Pts',(1.76422683011986,2.27009393224553,2.862));
#9534=CARTESIAN_POINT('Ctrl Pts',(1.7863538837322,2.25272339707962,2.862));
#9535=CARTESIAN_POINT('Ctrl Pts',(1.79808566676626,2.24336876915535,2.85918806229957));
#9536=CARTESIAN_POINT('Ctrl Pts',(1.81954199218078,2.22600144612346,2.84775595103795));
#9537=CARTESIAN_POINT('Ctrl Pts',(1.82927027698511,2.21799329746522,2.83913589536238));
#9538=CARTESIAN_POINT('Ctrl Pts',(1.84457785196289,2.20527923827458,2.81924959182262));
#9539=CARTESIAN_POINT('Ctrl Pts',(1.85117933349593,2.19972562054256,2.80665770660741));
#9540=CARTESIAN_POINT('Ctrl Pts',(1.85991924474848,2.19234078862664,2.77906533808141));
#9541=CARTESIAN_POINT('Ctrl Pts',(1.86206118565722,2.19051435532133,2.76406468770634));
#9542=CARTESIAN_POINT('Ctrl Pts',(1.86206118565722,2.19051435532133,2.75));
#9543=CARTESIAN_POINT('',(1.86206118565722,2.19051435532133,1.));
#9544=CARTESIAN_POINT('',(1.68585822612891,2.32884242519615,1.));
#9545=CARTESIAN_POINT('Ctrl Pts',(1.86206118565722,2.19051435532133,1.));
#9546=CARTESIAN_POINT('Ctrl Pts',(1.86206118565722,2.19051435532133,0.985935312293661));
#9547=CARTESIAN_POINT('Ctrl Pts',(1.85991924474848,2.19234078862664,0.97093466191859));
#9548=CARTESIAN_POINT('Ctrl Pts',(1.85117933349593,2.19972562054256,0.943342293392587));
#9549=CARTESIAN_POINT('Ctrl Pts',(1.84457785196289,2.20527923827458,0.930750408177375));
#9550=CARTESIAN_POINT('Ctrl Pts',(1.82927027698511,2.21799329746522,0.910864104637619));
#9551=CARTESIAN_POINT('Ctrl Pts',(1.81954199218078,2.22600144612346,0.902244048962049));
#9552=CARTESIAN_POINT('Ctrl Pts',(1.79808566676626,2.24336876915535,0.89081193770043));
#9553=CARTESIAN_POINT('Ctrl Pts',(1.7863538837322,2.25272339707962,0.888));
#9554=CARTESIAN_POINT('Ctrl Pts',(1.76422683011986,2.27009393224553,0.888));
#9555=CARTESIAN_POINT('Ctrl Pts',(1.75235816083122,2.27926659996009,0.890810256369467));
#9556=CARTESIAN_POINT('Ctrl Pts',(1.73040173197971,2.2959802271551,0.902239542815409));
#9557=CARTESIAN_POINT('Ctrl Pts',(1.72031753214748,2.30352588279236,0.910858543185488));
#9558=CARTESIAN_POINT('Ctrl Pts',(1.70433940953231,2.31537277725693,0.930745568159528));
#9559=CARTESIAN_POINT('Ctrl Pts',(1.69738111628617,2.3204644003312,0.943339600988511));
#9560=CARTESIAN_POINT('Ctrl Pts',(1.68813870987724,2.32719689398172,0.970934669223665));
#9561=CARTESIAN_POINT('Ctrl Pts',(1.68585822612891,2.32884242519615,0.985935782835169));
#9562=CARTESIAN_POINT('Ctrl Pts',(1.68585822612891,2.32884242519615,1.));
#9563=CARTESIAN_POINT('Ctrl Pts',(1.68585822612891,2.32884242519615,1.));
#9564=CARTESIAN_POINT('Ctrl Pts',(1.68585822612891,2.32884242519615,1.014063649636));
#9565=CARTESIAN_POINT('Ctrl Pts',(1.68813852715865,2.32719702548335,1.02906419675654));
#9566=CARTESIAN_POINT('Ctrl Pts',(1.69738024963745,2.32046503322542,1.05665839986676));
#9567=CARTESIAN_POINT('Ctrl Pts',(1.70433804220185,2.31537378072746,1.06925213404879));
#9568=CARTESIAN_POINT('Ctrl Pts',(1.72031569109111,2.30352725816075,1.08913976117158));
#9569=CARTESIAN_POINT('Ctrl Pts',(1.73040013662089,2.29598143212134,1.09775938436518));
#9570=CARTESIAN_POINT('Ctrl Pts',(1.75235726305412,2.27926729281252,1.10918951863558));
#9571=CARTESIAN_POINT('Ctrl Pts',(1.76422638370822,2.27009428269477,1.112));
#9572=CARTESIAN_POINT('Ctrl Pts',(1.78635308318005,2.25272402554193,1.112));
#9573=CARTESIAN_POINT('Ctrl Pts',(1.79808407760838,2.24337003810837,1.1091884658271));
#9574=CARTESIAN_POINT('Ctrl Pts',(1.8195392136291,2.22600371250773,1.09775787457272));
#9575=CARTESIAN_POINT('Ctrl Pts',(1.82926709666241,2.21799591959492,1.08913893537021));
#9576=CARTESIAN_POINT('Ctrl Pts',(1.84457552066282,2.20528119394041,1.069253711496));
#9577=CARTESIAN_POINT('Ctrl Pts',(1.85117786113735,2.19972686158394,1.0566612910068));
#9578=CARTESIAN_POINT('Ctrl Pts',(1.85991893756968,2.19234105121368,1.0290673715603));
#9579=CARTESIAN_POINT('Ctrl Pts',(1.86206118565722,2.19051435532133,1.01406570549229));
#9580=CARTESIAN_POINT('Ctrl Pts',(1.86206118565722,2.19051435532133,0.999999999999999));
#9581=CARTESIAN_POINT('',(1.86206118565722,2.19051435532133,4.5));
#9582=CARTESIAN_POINT('',(1.68585822612891,2.32884242519615,4.5));
#9583=CARTESIAN_POINT('Ctrl Pts',(1.86206118565722,2.19051435532133,4.5));
#9584=CARTESIAN_POINT('Ctrl Pts',(1.86206118565722,2.19051435532133,4.48593531229366));
#9585=CARTESIAN_POINT('Ctrl Pts',(1.85991924474848,2.19234078862664,4.47093466191859));
#9586=CARTESIAN_POINT('Ctrl Pts',(1.85117933349593,2.19972562054256,4.44334229339259));
#9587=CARTESIAN_POINT('Ctrl Pts',(1.84457785196289,2.20527923827458,4.43075040817737));
#9588=CARTESIAN_POINT('Ctrl Pts',(1.82927027698511,2.21799329746522,4.41086410463762));
#9589=CARTESIAN_POINT('Ctrl Pts',(1.81954199218078,2.22600144612346,4.40224404896205));
#9590=CARTESIAN_POINT('Ctrl Pts',(1.79808566676626,2.24336876915535,4.39081193770043));
#9591=CARTESIAN_POINT('Ctrl Pts',(1.7863538837322,2.25272339707962,4.388));
#9592=CARTESIAN_POINT('Ctrl Pts',(1.76422683011986,2.27009393224553,4.388));
#9593=CARTESIAN_POINT('Ctrl Pts',(1.75235816083122,2.27926659996009,4.39081025636947));
#9594=CARTESIAN_POINT('Ctrl Pts',(1.73040173197971,2.2959802271551,4.40223954281541));
#9595=CARTESIAN_POINT('Ctrl Pts',(1.72031753214748,2.30352588279236,4.41085854318549));
#9596=CARTESIAN_POINT('Ctrl Pts',(1.70433940953231,2.31537277725693,4.43074556815953));
#9597=CARTESIAN_POINT('Ctrl Pts',(1.69738111628617,2.3204644003312,4.44333960098851));
#9598=CARTESIAN_POINT('Ctrl Pts',(1.68813870987724,2.32719689398172,4.47093466922366));
#9599=CARTESIAN_POINT('Ctrl Pts',(1.68585822612891,2.32884242519615,4.48593578283517));
#9600=CARTESIAN_POINT('Ctrl Pts',(1.68585822612891,2.32884242519615,4.5));
#9601=CARTESIAN_POINT('Ctrl Pts',(1.68585822612891,2.32884242519615,4.5));
#9602=CARTESIAN_POINT('Ctrl Pts',(1.68585822612891,2.32884242519615,4.51406421716483));
#9603=CARTESIAN_POINT('Ctrl Pts',(1.68813870987724,2.32719689398172,4.52906533077634));
#9604=CARTESIAN_POINT('Ctrl Pts',(1.69738111628617,2.3204644003312,4.55666039901149));
#9605=CARTESIAN_POINT('Ctrl Pts',(1.70433940953231,2.31537277725693,4.56925443184047));
#9606=CARTESIAN_POINT('Ctrl Pts',(1.72031753214748,2.30352588279236,4.58914145681451));
#9607=CARTESIAN_POINT('Ctrl Pts',(1.73040173197971,2.2959802271551,4.59776045718459));
#9608=CARTESIAN_POINT('Ctrl Pts',(1.75235816083122,2.27926659996009,4.60918974363053));
#9609=CARTESIAN_POINT('Ctrl Pts',(1.76422683011986,2.27009393224553,4.612));
#9610=CARTESIAN_POINT('Ctrl Pts',(1.7863538837322,2.25272339707962,4.612));
#9611=CARTESIAN_POINT('Ctrl Pts',(1.79808566676626,2.24336876915535,4.60918806229957));
#9612=CARTESIAN_POINT('Ctrl Pts',(1.81954199218078,2.22600144612346,4.59775595103795));
#9613=CARTESIAN_POINT('Ctrl Pts',(1.82927027698511,2.21799329746522,4.58913589536238));
#9614=CARTESIAN_POINT('Ctrl Pts',(1.84457785196289,2.20527923827458,4.56924959182262));
#9615=CARTESIAN_POINT('Ctrl Pts',(1.85117933349593,2.19972562054256,4.55665770660741));
#9616=CARTESIAN_POINT('Ctrl Pts',(1.85991924474848,2.19234078862664,4.52906533808141));
#9617=CARTESIAN_POINT('Ctrl Pts',(1.86206118565722,2.19051435532133,4.51406468770634));
#9618=CARTESIAN_POINT('Ctrl Pts',(1.86206118565722,2.19051435532133,4.5));
#9619=CARTESIAN_POINT('',(2.85976581469528,0.295574838408521,2.75));
#9620=CARTESIAN_POINT('',(2.82807167189138,0.517335112519449,2.75));
#9621=CARTESIAN_POINT('Ctrl Pts',(2.85976581469528,0.29557483840852,2.75));
#9622=CARTESIAN_POINT('Ctrl Pts',(2.85976581469528,0.29557483840852,2.73593578283517));
#9623=CARTESIAN_POINT('Ctrl Pts',(2.85948098473503,0.298372560874702,2.72093466922366));
#9624=CARTESIAN_POINT('Ctrl Pts',(2.85827167740733,0.309742966442202,2.69333960098851));
#9625=CARTESIAN_POINT('Ctrl Pts',(2.85734134910158,0.318314836697476,2.68074556815953));
#9626=CARTESIAN_POINT('Ctrl Pts',(2.8550706988469,0.33807574401928,2.66085854318549));
#9627=CARTESIAN_POINT('Ctrl Pts',(2.85357806929294,0.350581745069457,2.65223954281541));
#9628=CARTESIAN_POINT('Ctrl Pts',(2.85008185797843,0.377953383828762,2.64081025636947));
#9629=CARTESIAN_POINT('Ctrl Pts',(2.84807242936147,0.392818286799117,2.638));
#9630=CARTESIAN_POINT('Ctrl Pts',(2.84409263143663,0.420666144921254,2.638));
#9631=CARTESIAN_POINT('Ctrl Pts',(2.84185717752829,0.435503481022573,2.64081193770043));
#9632=CARTESIAN_POINT('Ctrl Pts',(2.8375447972942,0.462768865419366,2.65224404896205));
#9633=CARTESIAN_POINT('Ctrl Pts',(2.83547367952105,0.475197881524282,2.66086410463762));
#9634=CARTESIAN_POINT('Ctrl Pts',(2.83211676876563,0.494811659920688,2.68075040817737));
#9635=CARTESIAN_POINT('Ctrl Pts',(2.83060793549331,0.503305519496927,2.69334229339259));
#9636=CARTESIAN_POINT('Ctrl Pts',(2.82858243907772,0.514566920626418,2.72093466191859));
#9637=CARTESIAN_POINT('Ctrl Pts',(2.82807167189138,0.517335112519449,2.73593531229366));
#9638=CARTESIAN_POINT('Ctrl Pts',(2.82807167189138,0.517335112519449,2.75));
#9639=CARTESIAN_POINT('Ctrl Pts',(2.82807167189138,0.517335112519449,2.75));
#9640=CARTESIAN_POINT('Ctrl Pts',(2.82807167189138,0.517335112519449,2.76406468770634));
#9641=CARTESIAN_POINT('Ctrl Pts',(2.82858243907772,0.514566920626418,2.77906533808141));
#9642=CARTESIAN_POINT('Ctrl Pts',(2.83060793549331,0.503305519496927,2.80665770660741));
#9643=CARTESIAN_POINT('Ctrl Pts',(2.83211676876563,0.494811659920688,2.81924959182262));
#9644=CARTESIAN_POINT('Ctrl Pts',(2.83547367952105,0.475197881524282,2.83913589536238));
#9645=CARTESIAN_POINT('Ctrl Pts',(2.8375447972942,0.462768865419366,2.84775595103795));
#9646=CARTESIAN_POINT('Ctrl Pts',(2.84185717752829,0.435503481022573,2.85918806229957));
#9647=CARTESIAN_POINT('Ctrl Pts',(2.84409263143663,0.420666144921254,2.862));
#9648=CARTESIAN_POINT('Ctrl Pts',(2.84807242936147,0.392818286799117,2.862));
#9649=CARTESIAN_POINT('Ctrl Pts',(2.85008185797843,0.377953383828762,2.85918974363053));
#9650=CARTESIAN_POINT('Ctrl Pts',(2.85357806929294,0.350581745069457,2.84776045718459));
#9651=CARTESIAN_POINT('Ctrl Pts',(2.8550706988469,0.33807574401928,2.83914145681451));
#9652=CARTESIAN_POINT('Ctrl Pts',(2.85734134910158,0.318314836697476,2.81925443184047));
#9653=CARTESIAN_POINT('Ctrl Pts',(2.85827167740733,0.309742966442202,2.80666039901149));
#9654=CARTESIAN_POINT('Ctrl Pts',(2.85948098473503,0.298372560874702,2.77906533077633));
#9655=CARTESIAN_POINT('Ctrl Pts',(2.85976581469528,0.29557483840852,2.76406421716483));
#9656=CARTESIAN_POINT('Ctrl Pts',(2.85976581469528,0.29557483840852,2.75));
#9657=CARTESIAN_POINT('',(2.85976581469528,0.295574838408521,1.));
#9658=CARTESIAN_POINT('',(2.82807167189138,0.517335112519449,1.));
#9659=CARTESIAN_POINT('Ctrl Pts',(2.85976581469528,0.29557483840852,1.));
#9660=CARTESIAN_POINT('Ctrl Pts',(2.85976581469528,0.29557483840852,0.985935782835169));
#9661=CARTESIAN_POINT('Ctrl Pts',(2.85948098473503,0.298372560874702,0.970934669223664));
#9662=CARTESIAN_POINT('Ctrl Pts',(2.85827167740733,0.309742966442202,0.943339600988511));
#9663=CARTESIAN_POINT('Ctrl Pts',(2.85734134910158,0.318314836697476,0.930745568159528));
#9664=CARTESIAN_POINT('Ctrl Pts',(2.8550706988469,0.33807574401928,0.910858543185488));
#9665=CARTESIAN_POINT('Ctrl Pts',(2.85357806929294,0.350581745069457,0.902239542815409));
#9666=CARTESIAN_POINT('Ctrl Pts',(2.85008185797843,0.377953383828762,0.890810256369467));
#9667=CARTESIAN_POINT('Ctrl Pts',(2.84807242936147,0.392818286799117,0.888));
#9668=CARTESIAN_POINT('Ctrl Pts',(2.84409263143663,0.420666144921254,0.888));
#9669=CARTESIAN_POINT('Ctrl Pts',(2.84185717752829,0.435503481022573,0.89081193770043));
#9670=CARTESIAN_POINT('Ctrl Pts',(2.8375447972942,0.462768865419366,0.902244048962049));
#9671=CARTESIAN_POINT('Ctrl Pts',(2.83547367952105,0.475197881524282,0.910864104637619));
#9672=CARTESIAN_POINT('Ctrl Pts',(2.83211676876563,0.494811659920688,0.930750408177375));
#9673=CARTESIAN_POINT('Ctrl Pts',(2.83060793549331,0.503305519496927,0.943342293392587));
#9674=CARTESIAN_POINT('Ctrl Pts',(2.82858243907772,0.514566920626418,0.97093466191859));
#9675=CARTESIAN_POINT('Ctrl Pts',(2.82807167189138,0.517335112519449,0.985935312293661));
#9676=CARTESIAN_POINT('Ctrl Pts',(2.82807167189138,0.517335112519449,1.));
#9677=CARTESIAN_POINT('Ctrl Pts',(2.82807167189138,0.517335112519449,1.));
#9678=CARTESIAN_POINT('Ctrl Pts',(2.82807167189138,0.517335112519449,1.01406570549229));
#9679=CARTESIAN_POINT('Ctrl Pts',(2.82858251289537,0.514566523308248,1.0290673715603));
#9680=CARTESIAN_POINT('Ctrl Pts',(2.83060827408738,0.503303623876308,1.0566612910068));
#9681=CARTESIAN_POINT('Ctrl Pts',(2.83211729677189,0.494808663122698,1.069253711496));
#9682=CARTESIAN_POINT('Ctrl Pts',(2.83547436019063,0.475193816219181,1.08913893537021));
#9683=CARTESIAN_POINT('Ctrl Pts',(2.83754537076471,0.462765325930883,1.09775787457272));
#9684=CARTESIAN_POINT('Ctrl Pts',(2.8418574818949,0.435501470294967,1.1091884658271));
#9685=CARTESIAN_POINT('Ctrl Pts',(2.84409277542489,0.4206651373916,1.112));
#9686=CARTESIAN_POINT('Ctrl Pts',(2.8480725096536,0.39281772497067,1.112));
#9687=CARTESIAN_POINT('Ctrl Pts',(2.85008200911769,0.377952259904764,1.10918951863558));
#9688=CARTESIAN_POINT('Ctrl Pts',(2.85357831514491,0.350579760965074,1.09775938436517));
#9689=CARTESIAN_POINT('Ctrl Pts',(2.85507096942268,0.338073461933493,1.08913976117158));
#9690=CARTESIAN_POINT('Ctrl Pts',(2.85734153446733,0.318313150819296,1.06925213404879));
#9691=CARTESIAN_POINT('Ctrl Pts',(2.85827179218544,0.309741899455281,1.05665839986676));
#9692=CARTESIAN_POINT('Ctrl Pts',(2.85948100725949,0.298372336884952,1.02906419675654));
#9693=CARTESIAN_POINT('Ctrl Pts',(2.85976581469528,0.29557483840852,1.014063649636));
#9694=CARTESIAN_POINT('Ctrl Pts',(2.85976581469528,0.29557483840852,1.));
#9695=CARTESIAN_POINT('',(2.85976581469528,0.295574838408521,4.5));
#9696=CARTESIAN_POINT('',(2.82807167189138,0.517335112519449,4.5));
#9697=CARTESIAN_POINT('Ctrl Pts',(2.85976581469528,0.29557483840852,4.5));
#9698=CARTESIAN_POINT('Ctrl Pts',(2.85976581469528,0.29557483840852,4.48593578283517));
#9699=CARTESIAN_POINT('Ctrl Pts',(2.85948098473503,0.298372560874702,4.47093466922366));
#9700=CARTESIAN_POINT('Ctrl Pts',(2.85827167740733,0.309742966442202,4.44333960098851));
#9701=CARTESIAN_POINT('Ctrl Pts',(2.85734134910158,0.318314836697476,4.43074556815953));
#9702=CARTESIAN_POINT('Ctrl Pts',(2.8550706988469,0.33807574401928,4.41085854318549));
#9703=CARTESIAN_POINT('Ctrl Pts',(2.85357806929294,0.350581745069457,4.40223954281541));
#9704=CARTESIAN_POINT('Ctrl Pts',(2.85008185797843,0.377953383828762,4.39081025636947));
#9705=CARTESIAN_POINT('Ctrl Pts',(2.84807242936147,0.392818286799117,4.388));
#9706=CARTESIAN_POINT('Ctrl Pts',(2.84409263143663,0.420666144921254,4.388));
#9707=CARTESIAN_POINT('Ctrl Pts',(2.84185717752829,0.435503481022573,4.39081193770043));
#9708=CARTESIAN_POINT('Ctrl Pts',(2.8375447972942,0.462768865419366,4.40224404896205));
#9709=CARTESIAN_POINT('Ctrl Pts',(2.83547367952105,0.475197881524282,4.41086410463762));
#9710=CARTESIAN_POINT('Ctrl Pts',(2.83211676876563,0.494811659920688,4.43075040817737));
#9711=CARTESIAN_POINT('Ctrl Pts',(2.83060793549331,0.503305519496927,4.44334229339259));
#9712=CARTESIAN_POINT('Ctrl Pts',(2.82858243907772,0.514566920626418,4.47093466191859));
#9713=CARTESIAN_POINT('Ctrl Pts',(2.82807167189138,0.517335112519449,4.48593531229366));
#9714=CARTESIAN_POINT('Ctrl Pts',(2.82807167189138,0.517335112519449,4.5));
#9715=CARTESIAN_POINT('Ctrl Pts',(2.82807167189138,0.517335112519449,4.5));
#9716=CARTESIAN_POINT('Ctrl Pts',(2.82807167189138,0.517335112519449,4.51406468770634));
#9717=CARTESIAN_POINT('Ctrl Pts',(2.82858243907772,0.514566920626418,4.52906533808141));
#9718=CARTESIAN_POINT('Ctrl Pts',(2.83060793549331,0.503305519496927,4.55665770660741));
#9719=CARTESIAN_POINT('Ctrl Pts',(2.83211676876563,0.494811659920688,4.56924959182263));
#9720=CARTESIAN_POINT('Ctrl Pts',(2.83547367952105,0.475197881524282,4.58913589536238));
#9721=CARTESIAN_POINT('Ctrl Pts',(2.8375447972942,0.462768865419366,4.59775595103795));
#9722=CARTESIAN_POINT('Ctrl Pts',(2.84185717752829,0.435503481022573,4.60918806229957));
#9723=CARTESIAN_POINT('Ctrl Pts',(2.84409263143663,0.420666144921254,4.612));
#9724=CARTESIAN_POINT('Ctrl Pts',(2.84807242936147,0.392818286799117,4.612));
#9725=CARTESIAN_POINT('Ctrl Pts',(2.85008185797843,0.377953383828762,4.60918974363053));
#9726=CARTESIAN_POINT('Ctrl Pts',(2.85357806929294,0.350581745069457,4.59776045718459));
#9727=CARTESIAN_POINT('Ctrl Pts',(2.8550706988469,0.33807574401928,4.58914145681451));
#9728=CARTESIAN_POINT('Ctrl Pts',(2.85734134910158,0.318314836697476,4.56925443184047));
#9729=CARTESIAN_POINT('Ctrl Pts',(2.85827167740733,0.309742966442202,4.55666039901149));
#9730=CARTESIAN_POINT('Ctrl Pts',(2.85948098473503,0.298372560874702,4.52906533077633));
#9731=CARTESIAN_POINT('Ctrl Pts',(2.85976581469528,0.29557483840852,4.51406421716483));
#9732=CARTESIAN_POINT('Ctrl Pts',(2.85976581469528,0.29557483840852,4.5));
#9733=CARTESIAN_POINT('Origin',(0.,1.39303573403011E-16,5.5));
#9734=CARTESIAN_POINT('',(2.275,1.39303573403011E-16,5.5));
#9735=CARTESIAN_POINT('Origin',(0.,1.39303573403011E-16,5.5));
#9736=CARTESIAN_POINT('',(2.275,1.39303573403011E-16,0.));
#9737=CARTESIAN_POINT('',(2.275,-1.39303573403011E-16,5.5));
#9738=CARTESIAN_POINT('Origin',(0.,1.39303573403011E-16,0.));
#9739=CARTESIAN_POINT('Origin',(0.,0.,5.5));
#9740=CARTESIAN_POINT('',(-0.123621386968582,2.55453774309534,5.5));
#9741=CARTESIAN_POINT('Origin',(0.,2.55453774309534,5.5));
#9742=CARTESIAN_POINT('Origin',(0.,0.,0.));
#9743=CARTESIAN_POINT('Origin',(-2.41948414870266,5.92417519219201,4.5));
#9744=CARTESIAN_POINT('',(-1.03049327012007,2.2781844709731,4.5));
#9745=CARTESIAN_POINT('',(-2.52295865634392,5.88131464776712,4.5));
#9746=CARTESIAN_POINT('Origin',(-0.927018762478807,2.32104501539799,4.5));
#9747=CARTESIAN_POINT('Origin',(-2.41948414870266,5.92417519219201,2.75));
#9748=CARTESIAN_POINT('',(-1.03049327012007,2.2781844709731,2.75));
#9749=CARTESIAN_POINT('',(-2.52295865634392,5.88131464776712,2.75));
#9750=CARTESIAN_POINT('Origin',(-0.927018762478807,2.32104501539799,2.75));
#9751=CARTESIAN_POINT('Origin',(-2.41948414870266,5.92417519219201,1.));
#9752=CARTESIAN_POINT('',(-1.03049327012007,2.2781844709731,1.));
#9753=CARTESIAN_POINT('',(-2.52295865634392,5.88131464776712,1.));
#9754=CARTESIAN_POINT('Origin',(-0.927018762478807,2.32104501539799,1.));
#9755=CARTESIAN_POINT('Origin',(-0.878202812890197,2.34126524377771,2.75));
#9756=CARTESIAN_POINT('Origin',(-0.878202812890197,2.34126524377771,2.75));
#9757=CARTESIAN_POINT('Origin',(-0.878202812890197,2.34126524377771,2.75));
#9758=CARTESIAN_POINT('Origin',(1.99087870445376,4.88943011577937,4.5));
#9759=CARTESIAN_POINT('',(0.823544254837543,2.36390555982288,4.5));
#9760=CARTESIAN_POINT('',(1.88740419681249,4.93229066020426,4.5));
#9761=CARTESIAN_POINT('Origin',(0.927018762478807,2.32104501539799,4.5));
#9762=CARTESIAN_POINT('Origin',(1.99087870445376,4.88943011577937,2.75));
#9763=CARTESIAN_POINT('',(0.823544254837543,2.36390555982288,2.75));
#9764=CARTESIAN_POINT('',(1.88740419681249,4.93229066020426,2.75));
#9765=CARTESIAN_POINT('Origin',(0.927018762478807,2.32104501539799,2.75));
#9766=CARTESIAN_POINT('Origin',(1.99087870445376,4.88943011577937,1.));
#9767=CARTESIAN_POINT('',(0.823544254837539,2.36390555982288,1.));
#9768=CARTESIAN_POINT('',(1.88740419681249,4.93229066020426,1.));
#9769=CARTESIAN_POINT('Origin',(0.927018762478807,2.32104501539799,1.));
#9770=CARTESIAN_POINT('Origin',(0.927018762478807,2.32104501539799,2.75));
#9771=CARTESIAN_POINT('Origin',(0.927018762478807,2.32104501539799,2.75));
#9772=CARTESIAN_POINT('Origin',(0.927018762478807,2.32104501539799,2.75));
#9773=CARTESIAN_POINT('Origin',(-6.34022828725917,0.86675285926574,2.75));
#9774=CARTESIAN_POINT('',(-2.48821226142995,0.24665888513367,2.75));
#9775=CARTESIAN_POINT('',(-6.35484722078782,0.755711034791873,2.75));
#9776=CARTESIAN_POINT('Origin',(-2.47359332790131,0.357700709607537,2.75));
#9777=CARTESIAN_POINT('Origin',(-2.47359332790131,0.357700709607537,2.75));
#9778=CARTESIAN_POINT('Origin',(-6.34022828725917,0.86675285926574,1.));
#9779=CARTESIAN_POINT('',(-2.48821226142995,0.24665888513367,1.));
#9780=CARTESIAN_POINT('',(-6.35484722078782,0.755711034791873,1.));
#9781=CARTESIAN_POINT('Origin',(-2.47359332790131,0.357700709607537,1.));
#9782=CARTESIAN_POINT('Origin',(-2.47359332790131,0.357700709607537,2.75));
#9783=CARTESIAN_POINT('Origin',(-6.34022828725917,0.86675285926574,4.5));
#9784=CARTESIAN_POINT('',(-2.48821226142995,0.24665888513367,4.5));
#9785=CARTESIAN_POINT('',(-6.35484722078782,0.755711034791873,4.5));
#9786=CARTESIAN_POINT('Origin',(-2.47359332790131,0.357700709607537,4.5));
#9787=CARTESIAN_POINT('Origin',(-2.47359332790131,0.357700709607537,2.75));
#9788=CARTESIAN_POINT('Origin',(-3.23893133806674,4.16886659180008,2.75));
#9789=CARTESIAN_POINT('',(-1.63543013953512,1.89516302574148,2.75));
#9790=CARTESIAN_POINT('',(-3.32778691217936,4.1006853117511,2.75));
#9791=CARTESIAN_POINT('Origin',(-1.5465745654225,1.96334430579046,2.75));
#9792=CARTESIAN_POINT('Origin',(-1.5465745654225,1.96334430579046,2.75));
#9793=CARTESIAN_POINT('Origin',(-3.23893133806674,4.16886659180008,1.));
#9794=CARTESIAN_POINT('',(-1.63543013953512,1.89516302574148,1.));
#9795=CARTESIAN_POINT('',(-3.32778691217936,4.1006853117511,1.));
#9796=CARTESIAN_POINT('Origin',(-1.5465745654225,1.96334430579046,1.));
#9797=CARTESIAN_POINT('Origin',(-1.5465745654225,1.96334430579046,2.75));
#9798=CARTESIAN_POINT('Origin',(-3.23893133806674,4.16886659180008,4.5));
#9799=CARTESIAN_POINT('',(-1.63543013953512,1.89516302574148,4.5));
#9800=CARTESIAN_POINT('',(-3.32778691217936,4.1006853117511,4.5));
#9801=CARTESIAN_POINT('Origin',(-1.5465745654225,1.96334430579046,4.5));
#9802=CARTESIAN_POINT('Origin',(-1.5465745654225,1.96334430579046,2.75));
#9803=CARTESIAN_POINT('Origin',(-3.92074413855651,-5.05742233292626,2.75));
#9804=CARTESIAN_POINT('',(-1.45771899130988,-2.03152558583943,2.75));
#9805=CARTESIAN_POINT('',(-3.83188856444389,-5.12560361297524,2.75));
#9806=CARTESIAN_POINT('Origin',(-1.5465745654225,-1.96334430579045,2.75));
#9807=CARTESIAN_POINT('Origin',(-1.5465745654225,-1.96334430579045,2.75));
#9808=CARTESIAN_POINT('Origin',(-3.92074413855651,-5.05742233292626,1.));
#9809=CARTESIAN_POINT('',(-1.45771899130988,-2.03152558583943,1.));
#9810=CARTESIAN_POINT('',(-3.83188856444389,-5.12560361297524,1.));
#9811=CARTESIAN_POINT('Origin',(-1.5465745654225,-1.96334430579045,1.));
#9812=CARTESIAN_POINT('Origin',(-1.5465745654225,-1.96334430579045,2.75));
#9813=CARTESIAN_POINT('Origin',(-3.92074413855651,-5.05742233292626,4.5));
#9814=CARTESIAN_POINT('',(-1.45771899130988,-2.03152558583943,4.5));
#9815=CARTESIAN_POINT('',(-3.83188856444389,-5.12560361297524,4.5));
#9816=CARTESIAN_POINT('Origin',(-1.5465745654225,-1.96334430579045,4.5));
#9817=CARTESIAN_POINT('Origin',(-1.5465745654225,-1.96334430579045,2.75));
#9818=CARTESIAN_POINT('Origin',(-5.22981004252051,-0.720563523979279,2.75));
#9819=CARTESIAN_POINT('',(-2.45897439437267,-0.468742534081406,2.75));
#9820=CARTESIAN_POINT('',(-5.21519110899187,-0.831605348453146,2.75));
#9821=CARTESIAN_POINT('Origin',(-2.47359332790131,-0.357700709607537,2.75));
#9822=CARTESIAN_POINT('Origin',(-2.47359332790131,-0.357700709607537,2.75));
#9823=CARTESIAN_POINT('Origin',(-5.22981004252051,-0.720563523979279,1.));
#9824=CARTESIAN_POINT('',(-2.45897439437267,-0.468742534081406,1.));
#9825=CARTESIAN_POINT('',(-5.21519110899187,-0.831605348453146,1.));
#9826=CARTESIAN_POINT('Origin',(-2.47359332790131,-0.357700709607538,1.));
#9827=CARTESIAN_POINT('Origin',(-2.47359332790131,-0.357700709607537,2.75));
#9828=CARTESIAN_POINT('Origin',(-5.22981004252051,-0.720563523979279,4.5));
#9829=CARTESIAN_POINT('',(-2.45897439437267,-0.468742534081406,4.5));
#9830=CARTESIAN_POINT('',(-5.21519110899187,-0.831605348453146,4.5));
#9831=CARTESIAN_POINT('Origin',(-2.47359332790131,-0.357700709607537,4.5));
#9832=CARTESIAN_POINT('Origin',(-2.47359332790131,-0.357700709607537,2.75));
#9833=CARTESIAN_POINT('Origin',(2.41948414870265,-5.92417519219201,2.75));
#9834=CARTESIAN_POINT('',(1.03049327012007,-2.2781844709731,2.75));
#9835=CARTESIAN_POINT('',(2.52295865634392,-5.88131464776712,2.75));
#9836=CARTESIAN_POINT('Origin',(0.927018762478807,-2.32104501539799,2.75));
#9837=CARTESIAN_POINT('Origin',(0.927018762478807,-2.32104501539799,2.75));
#9838=CARTESIAN_POINT('Origin',(2.41948414870265,-5.92417519219201,1.));
#9839=CARTESIAN_POINT('',(1.03049327012007,-2.2781844709731,1.));
#9840=CARTESIAN_POINT('',(2.52295865634392,-5.88131464776712,1.));
#9841=CARTESIAN_POINT('Origin',(0.927018762478807,-2.32104501539799,1.));
#9842=CARTESIAN_POINT('Origin',(0.927018762478807,-2.32104501539799,2.75));
#9843=CARTESIAN_POINT('Origin',(2.41948414870265,-5.92417519219201,4.5));
#9844=CARTESIAN_POINT('',(1.03049327012007,-2.2781844709731,4.5));
#9845=CARTESIAN_POINT('',(2.52295865634392,-5.88131464776712,4.5));
#9846=CARTESIAN_POINT('Origin',(0.927018762478807,-2.32104501539799,4.5));
#9847=CARTESIAN_POINT('Origin',(0.927018762478807,-2.32104501539799,2.75));
#9848=CARTESIAN_POINT('Origin',(-1.99087870445376,-4.88943011577937,2.75));
#9849=CARTESIAN_POINT('',(-0.823544254837543,-2.36390555982288,2.75));
#9850=CARTESIAN_POINT('',(-1.8874041968125,-4.93229066020426,2.75));
#9851=CARTESIAN_POINT('Origin',(-0.927018762478807,-2.32104501539799,2.75));
#9852=CARTESIAN_POINT('Origin',(-0.927018762478807,-2.32104501539799,2.75));
#9853=CARTESIAN_POINT('Origin',(-1.99087870445376,-4.88943011577937,1.));
#9854=CARTESIAN_POINT('',(-0.823544254837543,-2.36390555982288,1.));
#9855=CARTESIAN_POINT('',(-1.88740419681249,-4.93229066020426,1.));
#9856=CARTESIAN_POINT('Origin',(-0.927018762478807,-2.32104501539799,1.));
#9857=CARTESIAN_POINT('Origin',(-0.927018762478807,-2.32104501539799,2.75));
#9858=CARTESIAN_POINT('Origin',(-1.99087870445376,-4.88943011577937,4.5));
#9859=CARTESIAN_POINT('',(-0.823544254837543,-2.36390555982288,4.5));
#9860=CARTESIAN_POINT('',(-1.8874041968125,-4.93229066020426,4.5));
#9861=CARTESIAN_POINT('Origin',(-0.927018762478807,-2.32104501539799,4.5));
#9862=CARTESIAN_POINT('Origin',(-0.927018762478807,-2.32104501539799,2.75));
#9863=CARTESIAN_POINT('Origin',(6.34022828725917,-0.866752859265744,2.75));
#9864=CARTESIAN_POINT('',(2.48821226142995,-0.246658885133671,2.75));
#9865=CARTESIAN_POINT('',(6.35484722078782,-0.755711034791877,2.75));
#9866=CARTESIAN_POINT('Origin',(2.47359332790131,-0.357700709607537,2.75));
#9867=CARTESIAN_POINT('Origin',(2.47359332790131,-0.357700709607537,2.75));
#9868=CARTESIAN_POINT('Origin',(6.34022828725917,-0.866752859265744,1.));
#9869=CARTESIAN_POINT('',(2.48821226142995,-0.246658885133671,1.));
#9870=CARTESIAN_POINT('',(6.35484722078782,-0.755711034791877,1.));
#9871=CARTESIAN_POINT('Origin',(2.47359332790131,-0.357700709607537,1.));
#9872=CARTESIAN_POINT('Origin',(2.47359332790131,-0.357700709607537,2.75));
#9873=CARTESIAN_POINT('Origin',(6.34022828725917,-0.866752859265744,4.5));
#9874=CARTESIAN_POINT('',(2.48821226142995,-0.246658885133671,4.5));
#9875=CARTESIAN_POINT('',(6.35484722078782,-0.755711034791877,4.5));
#9876=CARTESIAN_POINT('Origin',(2.47359332790131,-0.357700709607537,4.5));
#9877=CARTESIAN_POINT('Origin',(2.47359332790131,-0.357700709607537,2.75));
#9878=CARTESIAN_POINT('Origin',(3.23893133806674,-4.16886659180008,2.75));
#9879=CARTESIAN_POINT('',(1.63543013953512,-1.89516302574148,2.75));
#9880=CARTESIAN_POINT('',(3.32778691217936,-4.1006853117511,2.75));
#9881=CARTESIAN_POINT('Origin',(1.5465745654225,-1.96334430579046,2.75));
#9882=CARTESIAN_POINT('Origin',(1.5465745654225,-1.96334430579046,2.75));
#9883=CARTESIAN_POINT('Origin',(3.23893133806674,-4.16886659180008,1.));
#9884=CARTESIAN_POINT('',(1.63543013953512,-1.89516302574148,1.));
#9885=CARTESIAN_POINT('',(3.32778691217936,-4.1006853117511,1.));
#9886=CARTESIAN_POINT('Origin',(1.5465745654225,-1.96334430579046,1.));
#9887=CARTESIAN_POINT('Origin',(1.5465745654225,-1.96334430579046,2.75));
#9888=CARTESIAN_POINT('Origin',(3.23893133806674,-4.16886659180008,4.5));
#9889=CARTESIAN_POINT('',(1.63543013953512,-1.89516302574148,4.5));
#9890=CARTESIAN_POINT('',(3.32778691217936,-4.1006853117511,4.5));
#9891=CARTESIAN_POINT('Origin',(1.5465745654225,-1.96334430579046,4.5));
#9892=CARTESIAN_POINT('Origin',(1.5465745654225,-1.96334430579046,2.75));
#9893=CARTESIAN_POINT('Origin',(3.92074413855652,5.05742233292626,2.75));
#9894=CARTESIAN_POINT('',(1.45771899130988,2.03152558583943,2.75));
#9895=CARTESIAN_POINT('',(3.8318885644439,5.12560361297524,2.75));
#9896=CARTESIAN_POINT('Origin',(1.5465745654225,1.96334430579045,2.75));
#9897=CARTESIAN_POINT('Origin',(1.5465745654225,1.96334430579045,2.75));
#9898=CARTESIAN_POINT('Origin',(3.92074413855652,5.05742233292626,1.));
#9899=CARTESIAN_POINT('',(1.45771899130988,2.03152558583943,1.));
#9900=CARTESIAN_POINT('',(3.8318885644439,5.12560361297524,1.));
#9901=CARTESIAN_POINT('Origin',(1.5465745654225,1.96334430579045,1.));
#9902=CARTESIAN_POINT('Origin',(1.5465745654225,1.96334430579045,2.75));
#9903=CARTESIAN_POINT('Origin',(3.92074413855652,5.05742233292626,4.5));
#9904=CARTESIAN_POINT('',(1.45771899130988,2.03152558583943,4.5));
#9905=CARTESIAN_POINT('',(3.8318885644439,5.12560361297524,4.5));
#9906=CARTESIAN_POINT('Origin',(1.5465745654225,1.96334430579045,4.5));
#9907=CARTESIAN_POINT('Origin',(1.5465745654225,1.96334430579045,2.75));
#9908=CARTESIAN_POINT('Origin',(5.22981004252051,0.720563523979275,2.75));
#9909=CARTESIAN_POINT('',(2.45897439437267,0.468742534081401,2.75));
#9910=CARTESIAN_POINT('',(5.21519110899187,0.831605348453142,2.75));
#9911=CARTESIAN_POINT('Origin',(2.47359332790131,0.357700709607536,2.75));
#9912=CARTESIAN_POINT('Origin',(2.47359332790131,0.357700709607536,2.75));
#9913=CARTESIAN_POINT('Origin',(5.22981004252051,0.720563523979275,1.));
#9914=CARTESIAN_POINT('',(2.45897439437267,0.468742534081401,1.));
#9915=CARTESIAN_POINT('',(5.21519110899187,0.831605348453142,1.));
#9916=CARTESIAN_POINT('Origin',(2.47359332790131,0.357700709607537,1.));
#9917=CARTESIAN_POINT('Origin',(2.47359332790131,0.357700709607536,2.75));
#9918=CARTESIAN_POINT('Origin',(5.22981004252051,0.720563523979275,4.5));
#9919=CARTESIAN_POINT('',(2.45897439437267,0.468742534081401,4.5));
#9920=CARTESIAN_POINT('',(5.21519110899187,0.831605348453142,4.5));
#9921=CARTESIAN_POINT('Origin',(2.47359332790131,0.357700709607536,4.5));
#9922=CARTESIAN_POINT('Origin',(2.47359332790131,0.357700709607536,2.75));
#9923=CARTESIAN_POINT('Origin',(0.,2.55453774309534,5.165));
#9924=CARTESIAN_POINT('',(-0.123621386968582,2.55453774309534,5.165));
#9925=CARTESIAN_POINT('Origin',(0.,2.55453774309534,5.165));
#9926=CARTESIAN_POINT('',(-0.123621386968582,2.55453774309534,5.165));
#9927=CARTESIAN_POINT('Origin',(0.,0.,5.165));
#9928=CARTESIAN_POINT('',(0.,0.,0.));
#9929=CARTESIAN_POINT('',(0.,0.,0.));
#9930=CARTESIAN_POINT('Origin',(-3.8493028376573,6.84318808854151,-0.22500000638286));
#9931=CARTESIAN_POINT('',(-3.54595347275191,6.26777157608162,-0.25000000638286));
#9932=CARTESIAN_POINT('',(-3.50265220256269,6.29277157608162,-0.20000000638286));
#9933=CARTESIAN_POINT('',(-3.5243028376573,6.28027157608162,-0.225000006382861));
#9934=CARTESIAN_POINT('',(-3.40265220256269,6.11956649532474,-0.20000000638286));
#9935=CARTESIAN_POINT('',(-3.40265220256269,6.11956649532473,-0.20000000638286));
#9936=CARTESIAN_POINT('',(-3.44595347275191,6.09456649532474,-0.25000000638286));
#9937=CARTESIAN_POINT('',(-3.33770029727886,6.15706649532474,-0.125000006382862));
#9938=CARTESIAN_POINT('',(-3.87095347275191,6.83068808854151,-0.25000000638286));
#9939=CARTESIAN_POINT('Origin',(-3.27207159737477,5.84339425265617,-0.22500000638286));
#9940=CARTESIAN_POINT('',(-2.39149099537828,4.26818390983866,-0.25000000638286));
#9941=CARTESIAN_POINT('',(-2.34818972518906,4.29318390983866,-0.20000000638286));
#9942=CARTESIAN_POINT('',(-2.36984036028367,4.28068390983866,-0.225000006382861));
#9943=CARTESIAN_POINT('',(-2.24818972199763,4.11997882355405,-0.20000000638286));
#9944=CARTESIAN_POINT('',(-2.24818972199763,4.11997882355405,-0.20000000638286));
#9945=CARTESIAN_POINT('',(-2.29149099218685,4.09497882355405,-0.25000000638286));
#9946=CARTESIAN_POINT('',(-2.1832378167138,4.15747882355405,-0.125000006382862));
#9947=CARTESIAN_POINT('',(-3.29372223246938,5.83089425265617,-0.25000000638286));
#9948=CARTESIAN_POINT('Origin',(2.52207159737478,4.5443561469795,-0.225));
#9949=CARTESIAN_POINT('',(3.4459534695605,6.09456648979701,-0.25));
#9950=CARTESIAN_POINT('',(3.40265219937128,6.11956648979701,-0.2));
#9951=CARTESIAN_POINT('',(3.42430283446589,6.10706648979701,-0.225000000000004));
#9952=CARTESIAN_POINT('',(3.50265220256271,6.29277157608161,-0.2));
#9953=CARTESIAN_POINT('',(3.40265219937128,6.11956648979701,-0.2));
#9954=CARTESIAN_POINT('',(3.54595347275193,6.26777157608161,-0.25));
#9955=CARTESIAN_POINT('',(3.43770029727888,6.33027157608161,-0.125000000000004));
#9956=CARTESIAN_POINT('',(2.54372223246939,4.5318561469795,-0.25));
#9957=CARTESIAN_POINT('Origin',(1.94484035709225,3.54456231109416,-0.225));
#9958=CARTESIAN_POINT('',(2.29149099218686,4.09497882355405,-0.25));
#9959=CARTESIAN_POINT('',(2.24818972199764,4.11997882355405,-0.2));
#9960=CARTESIAN_POINT('',(2.26984035709225,4.10747882355405,-0.225000000000001));
#9961=CARTESIAN_POINT('',(2.34818972199764,4.29318390431093,-0.2));
#9962=CARTESIAN_POINT('',(2.24818972199764,4.11997882355405,-0.2));
#9963=CARTESIAN_POINT('',(2.39149099218686,4.26818390431094,-0.25));
#9964=CARTESIAN_POINT('',(2.28323781671381,4.33068390431094,-0.125));
#9965=CARTESIAN_POINT('',(1.96649099218686,3.53206231109416,-0.25));
#9966=CARTESIAN_POINT('Origin',(2.39149099218686,4.26818390431093,0.2));
#9967=CARTESIAN_POINT('',(2.39149099218686,4.26818390431094,0.));
#9968=CARTESIAN_POINT('',(2.39149099218686,4.26818390431094,0.1));
#9969=CARTESIAN_POINT('',(2.34818972199764,4.29318390431093,0.2));
#9970=CARTESIAN_POINT('',(2.34818972199764,4.29318390431093,-0.2));
#9971=CARTESIAN_POINT('',(2.39149099218686,4.26818390431093,0.2));
#9972=CARTESIAN_POINT('',(2.39149099218686,4.26818390431093,0.2));
#9973=CARTESIAN_POINT('',(2.39149099218686,4.26818390431093,-0.2));
#9974=CARTESIAN_POINT('Origin',(2.29149099218686,4.09497882355405,0.2));
#9975=CARTESIAN_POINT('',(2.29149099218686,4.09497882355405,0.2));
#9976=CARTESIAN_POINT('',(2.39149099218686,4.26818390431093,0.2));
#9977=CARTESIAN_POINT('',(2.24818972199764,4.11997882355405,0.2));
#9978=CARTESIAN_POINT('',(2.34818972199764,4.29318390431093,0.2));
#9979=CARTESIAN_POINT('',(2.29149099218686,4.09497882355405,0.2));
#9980=CARTESIAN_POINT('Origin',(2.29149099218686,4.09497882355405,-0.2));
#9981=CARTESIAN_POINT('',(2.29149099218686,4.09497882355405,0.));
#9982=CARTESIAN_POINT('',(2.29149099218686,4.09497882355405,0.2));
#9983=CARTESIAN_POINT('',(2.24818972199764,4.11997882355405,0.2));
#9984=CARTESIAN_POINT('',(2.29149099218686,4.09497882355405,-0.1));
#9985=CARTESIAN_POINT('Origin',(2.29818972199764,4.20658136393249,0.));
#9986=CARTESIAN_POINT('Origin',(2.34149099218686,4.18158136393249,0.));
#9987=CARTESIAN_POINT('',(1.54149099218685,2.79594071787739,0.));
#9988=CARTESIAN_POINT('Origin',(3.54595347275193,6.26777157608161,0.2));
#9989=CARTESIAN_POINT('',(3.54595347275193,6.26777157608161,0.));
#9990=CARTESIAN_POINT('',(3.54595347275193,6.26777157608161,0.1));
#9991=CARTESIAN_POINT('',(3.50265220256271,6.29277157608161,0.2));
#9992=CARTESIAN_POINT('',(3.50265220256271,6.29277157608161,-0.2));
#9993=CARTESIAN_POINT('',(3.54595347275193,6.26777157608161,0.2));
#9994=CARTESIAN_POINT('',(3.54595347275193,6.26777157608161,0.2));
#9995=CARTESIAN_POINT('',(3.54595347275193,6.26777157608161,-0.2));
#9996=CARTESIAN_POINT('Origin',(3.4459534695605,6.09456648979701,0.2));
#9997=CARTESIAN_POINT('',(3.4459534695605,6.09456648979701,0.2));
#9998=CARTESIAN_POINT('',(3.54595347275193,6.26777157608161,0.2));
#9999=CARTESIAN_POINT('',(3.40265219937128,6.11956648979701,0.2));
#10000=CARTESIAN_POINT('',(3.50265220256271,6.29277157608161,0.2));
#10001=CARTESIAN_POINT('',(3.4459534695605,6.09456648979701,0.2));
#10002=CARTESIAN_POINT('Origin',(3.4459534695605,6.09456648979701,-0.2));
#10003=CARTESIAN_POINT('',(3.4459534695605,6.09456648979701,0.));
#10004=CARTESIAN_POINT('',(3.4459534695605,6.09456648979701,0.2));
#10005=CARTESIAN_POINT('',(3.40265219937128,6.11956648979701,0.2));
#10006=CARTESIAN_POINT('',(3.4459534695605,6.09456648979701,-0.1));
#10007=CARTESIAN_POINT('Origin',(3.45265220096699,6.20616903293931,0.));
#10008=CARTESIAN_POINT('Origin',(3.49595347115621,6.18116903293931,0.));
#10009=CARTESIAN_POINT('',(1.54149099218685,2.79594071787739,0.));
#10010=CARTESIAN_POINT('Origin',(-2.39149099537828,4.26818390983866,0.19999999361714));
#10011=CARTESIAN_POINT('',(-2.39149099537828,4.26818390983866,0.19999999361714));
#10012=CARTESIAN_POINT('',(-2.29149099218685,4.09497882355405,0.19999999361714));
#10013=CARTESIAN_POINT('',(-2.39149099537828,4.26818390983866,0.19999999361714));
#10014=CARTESIAN_POINT('',(-2.24818972199763,4.11997882355405,0.19999999361714));
#10015=CARTESIAN_POINT('',(-2.29149099218685,4.09497882355405,0.19999999361714));
#10016=CARTESIAN_POINT('',(-2.34818972518906,4.29318390983866,0.19999999361714));
#10017=CARTESIAN_POINT('',(-2.34818972518906,4.29318390983866,0.19999999361714));
#10018=CARTESIAN_POINT('',(-2.39149099537828,4.26818390983866,0.19999999361714));
#10019=CARTESIAN_POINT('Origin',(-2.39149099537828,4.26818390983866,-0.20000000638286));
#10020=CARTESIAN_POINT('',(-2.39149099537828,4.26818390983866,0.));
#10021=CARTESIAN_POINT('',(-2.39149099537828,4.26818390983866,-0.10000000319143));
#10022=CARTESIAN_POINT('',(-2.39149099537828,4.26818390983866,-0.20000000638286));
#10023=CARTESIAN_POINT('',(-2.34818972518906,4.29318390983866,-0.20000000638286));
#10024=CARTESIAN_POINT('Origin',(-2.29149099218685,4.09497882355405,0.19999999361714));
#10025=CARTESIAN_POINT('',(-2.29149099218685,4.09497882355405,0.));
#10026=CARTESIAN_POINT('',(-2.29149099218685,4.09497882355405,0.19999999361714));
#10027=CARTESIAN_POINT('',(-2.29149099218685,4.09497882355405,0.0999999968085702));
#10028=CARTESIAN_POINT('',(-2.24818972199763,4.11997882355405,0.19999999361714));
#10029=CARTESIAN_POINT('Origin',(-2.29818972359335,4.20658136669635,-6.38285959519717E-9));
#10030=CARTESIAN_POINT('Origin',(-2.34149099378257,4.18158136669635,-6.38285959519717E-9));
#10031=CARTESIAN_POINT('',(-4.29595347275191,7.56680968175828,0.));
#10032=CARTESIAN_POINT('Origin',(-3.54595347275191,6.26777157608162,0.19999999361714));
#10033=CARTESIAN_POINT('',(-3.54595347275191,6.26777157608162,0.19999999361714));
#10034=CARTESIAN_POINT('',(-3.44595347275191,6.09456649532474,0.19999999361714));
#10035=CARTESIAN_POINT('',(-3.54595347275191,6.26777157608162,0.19999999361714));
#10036=CARTESIAN_POINT('',(-3.40265220256269,6.11956649532474,0.19999999361714));
#10037=CARTESIAN_POINT('',(-3.44595347275191,6.09456649532474,0.19999999361714));
#10038=CARTESIAN_POINT('',(-3.50265220256269,6.29277157608162,0.19999999361714));
#10039=CARTESIAN_POINT('',(-3.50265220256269,6.29277157608162,0.19999999361714));
#10040=CARTESIAN_POINT('',(-3.54595347275191,6.26777157608162,0.19999999361714));
#10041=CARTESIAN_POINT('Origin',(-3.54595347275191,6.26777157608162,-0.20000000638286));
#10042=CARTESIAN_POINT('',(-3.54595347275191,6.26777157608162,0.));
#10043=CARTESIAN_POINT('',(-3.54595347275191,6.26777157608162,-0.10000000319143));
#10044=CARTESIAN_POINT('',(-3.54595347275191,6.26777157608162,-0.20000000638286));
#10045=CARTESIAN_POINT('',(-3.50265220256269,6.29277157608162,-0.20000000638286));
#10046=CARTESIAN_POINT('Origin',(-3.44595347275191,6.09456649532474,0.19999999361714));
#10047=CARTESIAN_POINT('',(-3.44595347275191,6.09456649532474,0.));
#10048=CARTESIAN_POINT('',(-3.44595347275191,6.09456649532474,0.19999999361714));
#10049=CARTESIAN_POINT('',(-3.44595347275191,6.09456649532474,0.0999999968085702));
#10050=CARTESIAN_POINT('',(-3.40265220256269,6.11956649532473,0.19999999361714));
#10051=CARTESIAN_POINT('Origin',(-3.45265220256269,6.20616903570318,-6.38285959519717E-9));
#10052=CARTESIAN_POINT('Origin',(-3.49595347275191,6.18116903570318,-6.38285959519717E-9));
#10053=CARTESIAN_POINT('',(-4.29595347275191,7.56680968175828,0.));
#10054=CARTESIAN_POINT('Origin',(8.19554398099597E-16,5.46369598731899E-16,
-0.750000000000001));
#10055=CARTESIAN_POINT('',(4.5,7.79422863405995,0.));
#10056=CARTESIAN_POINT('',(3.75,6.4951905283833,-1.5));
#10057=CARTESIAN_POINT('',(4.125,7.14470958122163,-0.750000000000001));
#10058=CARTESIAN_POINT('',(-3.75,6.4951905283833,-1.5));
#10059=CARTESIAN_POINT('Origin',(8.19554398099597E-16,5.46369598731899E-16,
-1.5));
#10060=CARTESIAN_POINT('',(-4.5,7.79422863405995,0.));
#10061=CARTESIAN_POINT('',(-4.125,7.14470958122163,-0.750000000000001));
#10062=CARTESIAN_POINT('Origin',(8.19554398099597E-16,5.46369598731899E-16,
0.));
#10063=CARTESIAN_POINT('Origin',(4.5,7.79422863405995,0.));
#10064=CARTESIAN_POINT('',(1.4375,2.48982303588026,0.));
#10065=CARTESIAN_POINT('',(4.5,7.79422863405995,0.));
#10066=CARTESIAN_POINT('',(1.4375,2.48982303588026,-1.5));
#10067=CARTESIAN_POINT('',(1.4375,2.48982303588026,0.));
#10068=CARTESIAN_POINT('',(4.5,7.79422863405995,-1.5));
#10069=CARTESIAN_POINT('Origin',(8.19554398099597E-16,5.46369598731899E-16,
-0.65));
#10070=CARTESIAN_POINT('',(4.04605812485167,7.93274471102669,0.));
#10071=CARTESIAN_POINT('',(4.29595347275191,7.56680968175828,-0.203745780061359));
#10072=CARTESIAN_POINT('Ctrl Pts',(4.04605812485167,7.93274471102669,8.74191357972564E-17));
#10073=CARTESIAN_POINT('Ctrl Pts',(4.17245173732897,7.74765983181684,-0.10744920763052));
#10074=CARTESIAN_POINT('Ctrl Pts',(4.29595347275191,7.56680968175828,-0.203745780061359));
#10075=CARTESIAN_POINT('',(-4.04632156467175,7.9326103393065,0.));
#10076=CARTESIAN_POINT('Origin',(8.19554398099597E-16,5.46369598731899E-16,
0.));
#10077=CARTESIAN_POINT('',(-4.29595347275191,7.56680968175828,-0.203745780061356));
#10078=CARTESIAN_POINT('Ctrl Pts',(-4.29595347275191,7.56680968175828,-0.203745780061356));
#10079=CARTESIAN_POINT('Ctrl Pts',(-4.17258193292977,7.74759342345521,-0.10744267813394));
#10080=CARTESIAN_POINT('Ctrl Pts',(-4.04632156467175,7.9326103393065,8.74191357972564E-17));
#10081=CARTESIAN_POINT('',(-3.74780992395028,6.61739720539275,-1.3));
#10082=CARTESIAN_POINT('Ctrl Pts',(-3.74780992395029,6.61739720539275,-1.3));
#10083=CARTESIAN_POINT('Ctrl Pts',(-4.00345610921972,7.06018938704057,-0.788725173493901));
#10084=CARTESIAN_POINT('Ctrl Pts',(-4.29595347275191,7.56680968175828,-0.203745780061356));
#10085=CARTESIAN_POINT('',(3.7478099239503,6.61739720539274,-1.3));
#10086=CARTESIAN_POINT('Origin',(8.19554398099597E-16,5.46369598731899E-16,
-1.3));
#10087=CARTESIAN_POINT('Ctrl Pts',(4.29595347275191,7.56680968175828,-0.203745780061359));
#10088=CARTESIAN_POINT('Ctrl Pts',(4.00345610924062,7.06018938707678,-0.788725173452098));
#10089=CARTESIAN_POINT('Ctrl Pts',(3.7478099239503,6.61739720539274,-1.3));
#10090=CARTESIAN_POINT('Origin',(4.29595347275191,7.56680968175828,0.));
#10091=CARTESIAN_POINT('',(4.29595347275191,7.56680968175828,0.));
#10092=CARTESIAN_POINT('',(4.29595347275191,7.56680968175828,0.));
#10093=CARTESIAN_POINT('',(4.29595347275191,7.56680968175828,0.));
#10094=CARTESIAN_POINT('Origin',(1.54149099218685,2.79594071787739,0.));
#10095=CARTESIAN_POINT('',(1.54149099218685,2.79594071787739,0.));
#10096=CARTESIAN_POINT('',(1.54149099218685,2.79594071787739,-1.3));
#10097=CARTESIAN_POINT('',(1.99930436705911,3.5888967435407,-1.3));
#10098=CARTESIAN_POINT('',(1.54149099218685,2.79594071787739,0.));
#10099=CARTESIAN_POINT('',(1.54149099218685,2.79594071787739,0.));
#10100=CARTESIAN_POINT('',(1.54149099218685,2.79594071787739,0.));
#10101=CARTESIAN_POINT('',(1.54149099218685,2.79594071787739,0.));
#10102=CARTESIAN_POINT('Origin',(6.99353086378051E-16,5.8004703589387,-1.3));
#10103=CARTESIAN_POINT('',(-1.54149099218685,2.79594071787739,-1.3));
#10104=CARTESIAN_POINT('',(-3.37653560734163,5.97433122548115,-1.3));
#10105=CARTESIAN_POINT('',(-1.29174922495695,2.71116481137513,-1.3));
#10106=CARTESIAN_POINT('Origin',(-1.36828591142996,2.89594071787739,-1.3));
#10107=CARTESIAN_POINT('',(-0.993624151535748,2.83465226006967,-1.3));
#10108=CARTESIAN_POINT('',(-0.194343534117978,3.16572513194605,-1.3));
#10109=CARTESIAN_POINT('',(-0.782341303734838,2.79767172564447,-1.3));
#10110=CARTESIAN_POINT('Origin',(-0.917087465062733,2.64987635356741,-1.3));
#10111=CARTESIAN_POINT('',(0.782341303734836,2.79767172564447,-1.3));
#10112=CARTESIAN_POINT('Origin',(8.19554398099597E-16,5.46369598731899E-16,
-1.3));
#10113=CARTESIAN_POINT('',(0.993624151535748,2.83465226006967,-1.3));
#10114=CARTESIAN_POINT('Origin',(0.917087465062729,2.64987635356741,-1.3));
#10115=CARTESIAN_POINT('',(1.29174922495695,2.71116481137513,-1.3));
#10116=CARTESIAN_POINT('',(0.0452809974073741,3.22746885629332,-1.3));
#10117=CARTESIAN_POINT('Origin',(1.36828591142997,2.89594071787739,-1.3));
#10118=CARTESIAN_POINT('Origin',(-4.04632156467175,7.9326103393065,0.));
#10119=CARTESIAN_POINT('',(-4.29595347275191,7.56680968175828,0.));
#10120=CARTESIAN_POINT('',(-4.29595347275191,7.56680968175828,0.));
#10121=CARTESIAN_POINT('',(-4.29595347275191,7.56680968175828,0.));
#10122=CARTESIAN_POINT('Origin',(0.765624999999999,6.46812723451503,0.));
#10123=CARTESIAN_POINT('',(-1.4375,2.48982303588026,0.));
#10124=CARTESIAN_POINT('',(-1.4375,2.48982303588026,0.));
#10125=CARTESIAN_POINT('Origin',(8.19554398099597E-16,5.46369598731899E-16,
0.));
#10126=CARTESIAN_POINT('',(1.29174922495695,2.71116481137513,0.));
#10127=CARTESIAN_POINT('Origin',(1.36828591142997,2.89594071787739,0.));
#10128=CARTESIAN_POINT('',(0.993624151535749,2.83465226006967,0.));
#10129=CARTESIAN_POINT('',(0.993624151535749,2.83465226006967,0.));
#10130=CARTESIAN_POINT('',(0.782341303734836,2.79767172564447,0.));
#10131=CARTESIAN_POINT('Origin',(0.917087465062729,2.64987635356741,0.));
#10132=CARTESIAN_POINT('',(-0.782341303734838,2.79767172564447,0.));
#10133=CARTESIAN_POINT('Origin',(8.19554398099597E-16,5.46369598731899E-16,
0.));
#10134=CARTESIAN_POINT('',(-0.993624151535748,2.83465226006967,0.));
#10135=CARTESIAN_POINT('Origin',(-0.917087465062733,2.64987635356741,0.));
#10136=CARTESIAN_POINT('',(-1.29174922495695,2.71116481137513,0.));
#10137=CARTESIAN_POINT('',(-1.29174922495695,2.71116481137513,0.));
#10138=CARTESIAN_POINT('',(-1.54149099218685,2.79594071787739,0.));
#10139=CARTESIAN_POINT('Origin',(-1.36828591142996,2.89594071787739,0.));
#10140=CARTESIAN_POINT('',(-4.29595347275191,7.56680968175828,0.));
#10141=CARTESIAN_POINT('',(-4.29595347275191,7.56680968175828,0.));
#10142=CARTESIAN_POINT('',(-4.29595347275191,7.56680968175828,0.));
#10143=CARTESIAN_POINT('Origin',(8.19554398099597E-16,5.46369598731899E-16,
0.));
#10144=CARTESIAN_POINT('',(-0.782341303734838,2.79767172564447,0.));
#10145=CARTESIAN_POINT('',(0.782341303734836,2.79767172564447,0.));
#10146=CARTESIAN_POINT('Origin',(-0.917087465062733,2.64987635356741,0.));
#10147=CARTESIAN_POINT('',(-0.993624151535748,2.83465226006967,0.));
#10148=CARTESIAN_POINT('Origin',(-1.29174922495695,2.71116481137513,0.));
#10149=CARTESIAN_POINT('',(-1.29174922495695,2.71116481137513,0.));
#10150=CARTESIAN_POINT('Origin',(-1.36828591142996,2.89594071787739,0.));
#10151=CARTESIAN_POINT('',(-1.54149099218685,2.79594071787739,0.));
#10152=CARTESIAN_POINT('Origin',(-4.29595347275191,7.56680968175828,0.));
#10153=CARTESIAN_POINT('Origin',(1.36828591142997,2.89594071787739,0.));
#10154=CARTESIAN_POINT('',(1.29174922495695,2.71116481137513,0.));
#10155=CARTESIAN_POINT('Origin',(0.993624151535749,2.83465226006967,0.));
#10156=CARTESIAN_POINT('',(0.993624151535749,2.83465226006967,0.));
#10157=CARTESIAN_POINT('Origin',(0.917087465062729,2.64987635356741,0.));
#10158=CARTESIAN_POINT('Origin',(8.19554398099597E-16,5.46369598731899E-16,
0.));
#10159=CARTESIAN_POINT('',(-1.4375,2.48982303588026,-1.5));
#10160=CARTESIAN_POINT('',(-1.4375,2.48982303588026,0.));
#10161=CARTESIAN_POINT('Origin',(8.19554398099597E-16,5.46369598731899E-16,
-1.5));
#10162=CARTESIAN_POINT('Origin',(-1.4375,2.48982303588026,0.));
#10163=CARTESIAN_POINT('',(-1.4375,2.48982303588026,-1.5));
#10164=CARTESIAN_POINT('Origin',(0.765624999999999,6.46812723451503,-1.5));
#10165=CARTESIAN_POINT('Origin',(-8.37311410058098E-13,1.47164651418694E-12,
5.5));
#10166=CARTESIAN_POINT('',(-1.4375,2.48982303588026,0.));
#10167=CARTESIAN_POINT('',(1.4375,2.48982303588026,0.));
#10168=CARTESIAN_POINT('Origin',(-8.37311410058098E-13,1.47164651418694E-12,
0.));
#10169=CARTESIAN_POINT('',(1.4375,2.48982303588026,5.5));
#10170=CARTESIAN_POINT('',(1.4375,2.48982303588026,5.5));
#10171=CARTESIAN_POINT('',(-1.4375,2.48982303588026,5.5));
#10172=CARTESIAN_POINT('Origin',(-8.37311410058098E-13,1.47164651418694E-12,
5.5));
#10173=CARTESIAN_POINT('',(-1.4375,2.48982303588026,5.5));
#10174=CARTESIAN_POINT('',(-1.15241068334623,2.63392760282234,1.));
#10175=CARTESIAN_POINT('',(-0.988135061832205,2.69985445896214,1.));
#10176=CARTESIAN_POINT('Ctrl Pts',(-1.15241068334623,2.63392760282234,0.999999999999999));
#10177=CARTESIAN_POINT('Ctrl Pts',(-1.15241068334623,2.63392760282234,1.0111125117314));
#10178=CARTESIAN_POINT('Ctrl Pts',(-1.15037666075307,2.63482047544559,1.02296551998978));
#10179=CARTESIAN_POINT('Ctrl Pts',(-1.14209249264856,2.6384219028926,1.04476996908437));
#10180=CARTESIAN_POINT('Ctrl Pts',(-1.13584095262557,2.64112704689533,1.05472144331104));
#10181=CARTESIAN_POINT('Ctrl Pts',(-1.12138657841874,2.64729652474635,1.07043650075591));
#10182=CARTESIAN_POINT('Ctrl Pts',(-1.11221995794456,2.65117155744158,1.07724755425799));
#10183=CARTESIAN_POINT('Ctrl Pts',(-1.09208107801511,2.65953055648525,1.08627930757829));
#10184=CARTESIAN_POINT('Ctrl Pts',(-1.08110740466988,2.66401112401234,1.0885));
#10185=CARTESIAN_POINT('Ctrl Pts',(-1.0604795013148,2.6722896100279,1.0885));
#10186=CARTESIAN_POINT('Ctrl Pts',(-1.04945109322548,2.67663899663701,1.08627865043753));
#10187=CARTESIAN_POINT('Ctrl Pts',(-1.02911628353725,2.68452297258732,1.07724661204283));
#10188=CARTESIAN_POINT('Ctrl Pts',(-1.01981118746911,2.68806100032678,1.07043598564525));
#10189=CARTESIAN_POINT('Ctrl Pts',(-1.00509630393974,2.69359763351801,1.05472242813581));
#10190=CARTESIAN_POINT('Ctrl Pts',(-0.998705357231337,2.69596606745898,
1.04477177368633));
#10191=CARTESIAN_POINT('Ctrl Pts',(-0.990223997021553,2.69909278521266,
1.02296750117994));
#10192=CARTESIAN_POINT('Ctrl Pts',(-0.988135061832205,2.69985445896214,
1.01111379436519));
#10193=CARTESIAN_POINT('Ctrl Pts',(-0.988135061832205,2.69985445896214,
1.));
#10194=CARTESIAN_POINT('Ctrl Pts',(-0.988135061832205,2.69985445896214,
1.));
#10195=CARTESIAN_POINT('Ctrl Pts',(-0.988135061832205,2.69985445896214,
0.988886878234769));
#10196=CARTESIAN_POINT('Ctrl Pts',(-0.99022374614443,2.69909287641101,0.977033842709045));
#10197=CARTESIAN_POINT('Ctrl Pts',(-0.998704163938572,2.69596650866459,
0.955230595282299));
#10198=CARTESIAN_POINT('Ctrl Pts',(-1.00509441942373,2.69359833428183,0.945280294643857));
#10199=CARTESIAN_POINT('Ctrl Pts',(-1.01980864086883,2.68806196681666,0.929566023548153));
#10200=CARTESIAN_POINT('Ctrl Pts',(-1.02911407167413,2.68452382259075,0.922754659217407));
#10201=CARTESIAN_POINT('Ctrl Pts',(-1.04944984270726,2.67663948902653,0.913721616224713));
#10202=CARTESIAN_POINT('Ctrl Pts',(-1.06047887711666,2.672289860534,0.9115));
#10203=CARTESIAN_POINT('Ctrl Pts',(-1.08110711042105,2.66401124210165,0.9115));
#10204=CARTESIAN_POINT('Ctrl Pts',(-1.09208049159367,2.65953079629621,0.913720566726922));
#10205=CARTESIAN_POINT('Ctrl Pts',(-1.11221892761575,2.65117198869117,0.922751846378226));
#10206=CARTESIAN_POINT('Ctrl Pts',(-1.12138539620686,2.64729702536107,0.92956255190831));
#10207=CARTESIAN_POINT('Ctrl Pts',(-1.13584008268221,2.64112742218982,0.94527727292461));
#10208=CARTESIAN_POINT('Ctrl Pts',(-1.14209194266798,2.63842214136786,0.955228914010473));
#10209=CARTESIAN_POINT('Ctrl Pts',(-1.15037654567147,2.63482052609686,0.977033846456619));
#10210=CARTESIAN_POINT('Ctrl Pts',(-1.15241068334623,2.63392760282234,0.988887171211303));
#10211=CARTESIAN_POINT('Ctrl Pts',(-1.15241068334623,2.63392760282234,0.999999999999999));
#10212=CARTESIAN_POINT('',(-1.15241068334623,2.63392760282234,2.75));
#10213=CARTESIAN_POINT('',(-0.988135061832205,2.69985445896214,2.75));
#10214=CARTESIAN_POINT('Ctrl Pts',(-1.15241068334623,2.63392760282234,2.75));
#10215=CARTESIAN_POINT('Ctrl Pts',(-1.15241068334623,2.63392760282234,2.7611128287887));
#10216=CARTESIAN_POINT('Ctrl Pts',(-1.15037654567147,2.63482052609686,2.77296615354338));
#10217=CARTESIAN_POINT('Ctrl Pts',(-1.14209194266798,2.63842214136786,2.79477108598953));
#10218=CARTESIAN_POINT('Ctrl Pts',(-1.13584008268221,2.64112742218982,2.80472272707539));
#10219=CARTESIAN_POINT('Ctrl Pts',(-1.12138539620686,2.64729702536107,2.82043744809169));
#10220=CARTESIAN_POINT('Ctrl Pts',(-1.11221892761575,2.65117198869117,2.82724815362177));
#10221=CARTESIAN_POINT('Ctrl Pts',(-1.09208049159367,2.65953079629621,2.83627943327308));
#10222=CARTESIAN_POINT('Ctrl Pts',(-1.08110711042105,2.66401124210165,2.8385));
#10223=CARTESIAN_POINT('Ctrl Pts',(-1.06047887711666,2.672289860534,2.8385));
#10224=CARTESIAN_POINT('Ctrl Pts',(-1.04944984270726,2.67663948902653,2.83627838377529));
#10225=CARTESIAN_POINT('Ctrl Pts',(-1.02911407167413,2.68452382259075,2.82724534078259));
#10226=CARTESIAN_POINT('Ctrl Pts',(-1.01980864086883,2.68806196681666,2.82043397645185));
#10227=CARTESIAN_POINT('Ctrl Pts',(-1.00509441942373,2.69359833428183,2.80471970535614));
#10228=CARTESIAN_POINT('Ctrl Pts',(-0.998704163938572,2.69596650866459,
2.7947694047177));
#10229=CARTESIAN_POINT('Ctrl Pts',(-0.99022374614443,2.69909287641101,2.77296615729095));
#10230=CARTESIAN_POINT('Ctrl Pts',(-0.988135061832204,2.69985445896214,
2.76111312176523));
#10231=CARTESIAN_POINT('Ctrl Pts',(-0.988135061832204,2.69985445896214,
2.75));
#10232=CARTESIAN_POINT('Ctrl Pts',(-0.988135061832204,2.69985445896214,
2.75));
#10233=CARTESIAN_POINT('Ctrl Pts',(-0.988135061832204,2.69985445896214,
2.73888687823477));
#10234=CARTESIAN_POINT('Ctrl Pts',(-0.99022374614443,2.69909287641101,2.72703384270905));
#10235=CARTESIAN_POINT('Ctrl Pts',(-0.998704163938572,2.69596650866459,
2.7052305952823));
#10236=CARTESIAN_POINT('Ctrl Pts',(-1.00509441942373,2.69359833428183,2.69528029464386));
#10237=CARTESIAN_POINT('Ctrl Pts',(-1.01980864086883,2.68806196681666,2.67956602354815));
#10238=CARTESIAN_POINT('Ctrl Pts',(-1.02911407167413,2.68452382259075,2.67275465921741));
#10239=CARTESIAN_POINT('Ctrl Pts',(-1.04944984270726,2.67663948902653,2.66372161622471));
#10240=CARTESIAN_POINT('Ctrl Pts',(-1.06047887711666,2.672289860534,2.6615));
#10241=CARTESIAN_POINT('Ctrl Pts',(-1.08110711042105,2.66401124210165,2.6615));
#10242=CARTESIAN_POINT('Ctrl Pts',(-1.09208049159367,2.65953079629621,2.66372056672692));
#10243=CARTESIAN_POINT('Ctrl Pts',(-1.11221892761575,2.65117198869117,2.67275184637823));
#10244=CARTESIAN_POINT('Ctrl Pts',(-1.12138539620686,2.64729702536107,2.67956255190831));
#10245=CARTESIAN_POINT('Ctrl Pts',(-1.13584008268221,2.64112742218982,2.69527727292461));
#10246=CARTESIAN_POINT('Ctrl Pts',(-1.14209194266798,2.63842214136786,2.70522891401047));
#10247=CARTESIAN_POINT('Ctrl Pts',(-1.15037654567147,2.63482052609686,2.72703384645662));
#10248=CARTESIAN_POINT('Ctrl Pts',(-1.15241068334623,2.63392760282234,2.7388871712113));
#10249=CARTESIAN_POINT('Ctrl Pts',(-1.15241068334623,2.63392760282234,2.75));
#10250=CARTESIAN_POINT('',(-1.15241068334623,2.63392760282234,4.5));
#10251=CARTESIAN_POINT('',(-0.988135061832205,2.69985445896214,4.5));
#10252=CARTESIAN_POINT('Ctrl Pts',(-1.15241068334623,2.63392760282234,4.5));
#10253=CARTESIAN_POINT('Ctrl Pts',(-1.15241068334623,2.63392760282234,4.5111128287887));
#10254=CARTESIAN_POINT('Ctrl Pts',(-1.15037654567147,2.63482052609686,4.52296615354338));
#10255=CARTESIAN_POINT('Ctrl Pts',(-1.14209194266798,2.63842214136786,4.54477108598953));
#10256=CARTESIAN_POINT('Ctrl Pts',(-1.13584008268221,2.64112742218982,4.55472272707539));
#10257=CARTESIAN_POINT('Ctrl Pts',(-1.12138539620686,2.64729702536107,4.57043744809169));
#10258=CARTESIAN_POINT('Ctrl Pts',(-1.11221892761575,2.65117198869117,4.57724815362177));
#10259=CARTESIAN_POINT('Ctrl Pts',(-1.09208049159366,2.65953079629621,4.58627943327308));
#10260=CARTESIAN_POINT('Ctrl Pts',(-1.08110711042105,2.66401124210165,4.5885));
#10261=CARTESIAN_POINT('Ctrl Pts',(-1.06047887711666,2.672289860534,4.5885));
#10262=CARTESIAN_POINT('Ctrl Pts',(-1.04944984270726,2.67663948902653,4.58627838377529));
#10263=CARTESIAN_POINT('Ctrl Pts',(-1.02911407167413,2.68452382259075,4.57724534078259));
#10264=CARTESIAN_POINT('Ctrl Pts',(-1.01980864086883,2.68806196681666,4.57043397645185));
#10265=CARTESIAN_POINT('Ctrl Pts',(-1.00509441942373,2.69359833428183,4.55471970535614));
#10266=CARTESIAN_POINT('Ctrl Pts',(-0.998704163938572,2.69596650866459,
4.5447694047177));
#10267=CARTESIAN_POINT('Ctrl Pts',(-0.99022374614443,2.69909287641101,4.52296615729095));
#10268=CARTESIAN_POINT('Ctrl Pts',(-0.988135061832205,2.69985445896214,
4.51111312176523));
#10269=CARTESIAN_POINT('Ctrl Pts',(-0.988135061832205,2.69985445896214,
4.5));
#10270=CARTESIAN_POINT('Ctrl Pts',(-0.988135061832205,2.69985445896214,
4.5));
#10271=CARTESIAN_POINT('Ctrl Pts',(-0.988135061832205,2.69985445896214,
4.48888687823477));
#10272=CARTESIAN_POINT('Ctrl Pts',(-0.99022374614443,2.69909287641101,4.47703384270905));
#10273=CARTESIAN_POINT('Ctrl Pts',(-0.998704163938572,2.69596650866459,
4.4552305952823));
#10274=CARTESIAN_POINT('Ctrl Pts',(-1.00509441942373,2.69359833428183,4.44528029464386));
#10275=CARTESIAN_POINT('Ctrl Pts',(-1.01980864086883,2.68806196681666,4.42956602354815));
#10276=CARTESIAN_POINT('Ctrl Pts',(-1.02911407167413,2.68452382259075,4.42275465921741));
#10277=CARTESIAN_POINT('Ctrl Pts',(-1.04944984270727,2.67663948902653,4.41372161622471));
#10278=CARTESIAN_POINT('Ctrl Pts',(-1.06047887711666,2.672289860534,4.4115));
#10279=CARTESIAN_POINT('Ctrl Pts',(-1.08110711042105,2.66401124210165,4.4115));
#10280=CARTESIAN_POINT('Ctrl Pts',(-1.09208049159366,2.65953079629621,4.41372056672692));
#10281=CARTESIAN_POINT('Ctrl Pts',(-1.11221892761575,2.65117198869117,4.42275184637823));
#10282=CARTESIAN_POINT('Ctrl Pts',(-1.12138539620686,2.64729702536107,4.42956255190831));
#10283=CARTESIAN_POINT('Ctrl Pts',(-1.13584008268221,2.64112742218982,4.44527727292461));
#10284=CARTESIAN_POINT('Ctrl Pts',(-1.14209194266798,2.63842214136786,4.45522891401047));
#10285=CARTESIAN_POINT('Ctrl Pts',(-1.15037654567147,2.63482052609686,4.47703384645662));
#10286=CARTESIAN_POINT('Ctrl Pts',(-1.15241068334623,2.63392760282234,4.4888871712113));
#10287=CARTESIAN_POINT('Ctrl Pts',(-1.15241068334623,2.63392760282234,4.5));
#10288=CARTESIAN_POINT('',(0.988135061831984,2.69985445896161,1.));
#10289=CARTESIAN_POINT('',(1.15241068334598,2.63392760282172,1.));
#10290=CARTESIAN_POINT('Ctrl Pts',(0.988135061831985,2.6998544589616,1.));
#10291=CARTESIAN_POINT('Ctrl Pts',(0.988135061831985,2.6998544589616,1.01111379436519));
#10292=CARTESIAN_POINT('Ctrl Pts',(0.990223997021333,2.69909278521213,1.02296750117994));
#10293=CARTESIAN_POINT('Ctrl Pts',(0.998705357231115,2.69596606745844,1.04477177368633));
#10294=CARTESIAN_POINT('Ctrl Pts',(1.00509630393952,2.69359763351747,1.05472242813581));
#10295=CARTESIAN_POINT('Ctrl Pts',(1.01981118746888,2.68806100032623,1.07043598564525));
#10296=CARTESIAN_POINT('Ctrl Pts',(1.02911628353702,2.68452297258677,1.07724661204283));
#10297=CARTESIAN_POINT('Ctrl Pts',(1.04945109322524,2.67663899663645,1.08627865043753));
#10298=CARTESIAN_POINT('Ctrl Pts',(1.06047950131456,2.67228961002733,1.0885));
#10299=CARTESIAN_POINT('Ctrl Pts',(1.08110740466964,2.66401112401175,1.0885));
#10300=CARTESIAN_POINT('Ctrl Pts',(1.09208107801487,2.65953055648466,1.08627930757829));
#10301=CARTESIAN_POINT('Ctrl Pts',(1.11221995794431,2.65117155744098,1.07724755425799));
#10302=CARTESIAN_POINT('Ctrl Pts',(1.12138657841849,2.64729652474574,1.07043650075591));
#10303=CARTESIAN_POINT('Ctrl Pts',(1.13584095262532,2.64112704689472,1.05472144331104));
#10304=CARTESIAN_POINT('Ctrl Pts',(1.14209249264831,2.63842190289198,1.04476996908437));
#10305=CARTESIAN_POINT('Ctrl Pts',(1.15037666075282,2.63482047544497,1.02296551998978));
#10306=CARTESIAN_POINT('Ctrl Pts',(1.15241068334598,2.63392760282172,1.0111125117314));
#10307=CARTESIAN_POINT('Ctrl Pts',(1.15241068334598,2.63392760282172,0.999999999999999));
#10308=CARTESIAN_POINT('Ctrl Pts',(1.15241068334598,2.63392760282172,1.));
#10309=CARTESIAN_POINT('Ctrl Pts',(1.15241068334598,2.63392760282172,0.988887171211303));
#10310=CARTESIAN_POINT('Ctrl Pts',(1.15037654567121,2.63482052609624,0.977033846456619));
#10311=CARTESIAN_POINT('Ctrl Pts',(1.14209194266773,2.63842214136724,0.955228914010473));
#10312=CARTESIAN_POINT('Ctrl Pts',(1.13584008268196,2.64112742218921,0.94527727292461));
#10313=CARTESIAN_POINT('Ctrl Pts',(1.12138539620661,2.64729702536047,0.929562551908309));
#10314=CARTESIAN_POINT('Ctrl Pts',(1.1122189276155,2.65117198869057,0.922751846378226));
#10315=CARTESIAN_POINT('Ctrl Pts',(1.09208049159342,2.65953079629562,0.913720566726922));
#10316=CARTESIAN_POINT('Ctrl Pts',(1.0811071104208,2.66401124210106,0.9115));
#10317=CARTESIAN_POINT('Ctrl Pts',(1.06047887711642,2.67228986053343,0.9115));
#10318=CARTESIAN_POINT('Ctrl Pts',(1.04944984270703,2.67663948902596,0.913721616224713));
#10319=CARTESIAN_POINT('Ctrl Pts',(1.0291140716739,2.68452382259019,0.922754659217407));
#10320=CARTESIAN_POINT('Ctrl Pts',(1.0198086408686,2.68806196681611,0.929566023548154));
#10321=CARTESIAN_POINT('Ctrl Pts',(1.0050944194235,2.69359833428129,0.945280294643857));
#10322=CARTESIAN_POINT('Ctrl Pts',(0.998704163938349,2.69596650866405,0.955230595282299));
#10323=CARTESIAN_POINT('Ctrl Pts',(0.99022374614421,2.69909287641048,0.977033842709045));
#10324=CARTESIAN_POINT('Ctrl Pts',(0.988135061831985,2.6998544589616,0.988886878234769));
#10325=CARTESIAN_POINT('Ctrl Pts',(0.988135061831985,2.6998544589616,1.));
#10326=CARTESIAN_POINT('',(0.988135061831984,2.69985445896161,2.75));
#10327=CARTESIAN_POINT('',(1.15241068334598,2.63392760282172,2.75));
#10328=CARTESIAN_POINT('Ctrl Pts',(0.988135061831985,2.6998544589616,2.75));
#10329=CARTESIAN_POINT('Ctrl Pts',(0.988135061831985,2.6998544589616,2.76111312176523));
#10330=CARTESIAN_POINT('Ctrl Pts',(0.99022374614421,2.69909287641048,2.77296615729095));
#10331=CARTESIAN_POINT('Ctrl Pts',(0.998704163938349,2.69596650866405,2.7947694047177));
#10332=CARTESIAN_POINT('Ctrl Pts',(1.0050944194235,2.69359833428129,2.80471970535614));
#10333=CARTESIAN_POINT('Ctrl Pts',(1.0198086408686,2.68806196681611,2.82043397645185));
#10334=CARTESIAN_POINT('Ctrl Pts',(1.0291140716739,2.68452382259019,2.82724534078259));
#10335=CARTESIAN_POINT('Ctrl Pts',(1.04944984270703,2.67663948902596,2.83627838377529));
#10336=CARTESIAN_POINT('Ctrl Pts',(1.06047887711642,2.67228986053343,2.8385));
#10337=CARTESIAN_POINT('Ctrl Pts',(1.08110711042081,2.66401124210106,2.8385));
#10338=CARTESIAN_POINT('Ctrl Pts',(1.09208049159342,2.65953079629562,2.83627943327308));
#10339=CARTESIAN_POINT('Ctrl Pts',(1.1122189276155,2.65117198869057,2.82724815362177));
#10340=CARTESIAN_POINT('Ctrl Pts',(1.12138539620661,2.64729702536047,2.82043744809169));
#10341=CARTESIAN_POINT('Ctrl Pts',(1.13584008268196,2.64112742218921,2.80472272707539));
#10342=CARTESIAN_POINT('Ctrl Pts',(1.14209194266773,2.63842214136724,2.79477108598953));
#10343=CARTESIAN_POINT('Ctrl Pts',(1.15037654567121,2.63482052609624,2.77296615354338));
#10344=CARTESIAN_POINT('Ctrl Pts',(1.15241068334598,2.63392760282172,2.7611128287887));
#10345=CARTESIAN_POINT('Ctrl Pts',(1.15241068334598,2.63392760282172,2.75));
#10346=CARTESIAN_POINT('Ctrl Pts',(1.15241068334598,2.63392760282172,2.75));
#10347=CARTESIAN_POINT('Ctrl Pts',(1.15241068334598,2.63392760282172,2.7388871712113));
#10348=CARTESIAN_POINT('Ctrl Pts',(1.15037654567121,2.63482052609624,2.72703384645662));
#10349=CARTESIAN_POINT('Ctrl Pts',(1.14209194266773,2.63842214136724,2.70522891401047));
#10350=CARTESIAN_POINT('Ctrl Pts',(1.13584008268196,2.64112742218921,2.69527727292461));
#10351=CARTESIAN_POINT('Ctrl Pts',(1.12138539620661,2.64729702536047,2.67956255190831));
#10352=CARTESIAN_POINT('Ctrl Pts',(1.1122189276155,2.65117198869057,2.67275184637823));
#10353=CARTESIAN_POINT('Ctrl Pts',(1.09208049159342,2.65953079629562,2.66372056672692));
#10354=CARTESIAN_POINT('Ctrl Pts',(1.08110711042081,2.66401124210106,2.6615));
#10355=CARTESIAN_POINT('Ctrl Pts',(1.06047887711642,2.67228986053343,2.6615));
#10356=CARTESIAN_POINT('Ctrl Pts',(1.04944984270703,2.67663948902596,2.66372161622471));
#10357=CARTESIAN_POINT('Ctrl Pts',(1.0291140716739,2.68452382259019,2.67275465921741));
#10358=CARTESIAN_POINT('Ctrl Pts',(1.0198086408686,2.68806196681611,2.67956602354815));
#10359=CARTESIAN_POINT('Ctrl Pts',(1.0050944194235,2.69359833428129,2.69528029464386));
#10360=CARTESIAN_POINT('Ctrl Pts',(0.998704163938349,2.69596650866405,2.7052305952823));
#10361=CARTESIAN_POINT('Ctrl Pts',(0.99022374614421,2.69909287641048,2.72703384270905));
#10362=CARTESIAN_POINT('Ctrl Pts',(0.988135061831984,2.6998544589616,2.73888687823477));
#10363=CARTESIAN_POINT('Ctrl Pts',(0.988135061831984,2.6998544589616,2.75));
#10364=CARTESIAN_POINT('',(0.988135061831984,2.69985445896161,4.5));
#10365=CARTESIAN_POINT('',(1.15241068334598,2.63392760282172,4.5));
#10366=CARTESIAN_POINT('Ctrl Pts',(0.988135061831984,2.6998544589616,4.5));
#10367=CARTESIAN_POINT('Ctrl Pts',(0.988135061831984,2.6998544589616,4.51111312176523));
#10368=CARTESIAN_POINT('Ctrl Pts',(0.99022374614421,2.69909287641048,4.52296615729095));
#10369=CARTESIAN_POINT('Ctrl Pts',(0.998704163938349,2.69596650866405,4.5447694047177));
#10370=CARTESIAN_POINT('Ctrl Pts',(1.0050944194235,2.69359833428129,4.55471970535614));
#10371=CARTESIAN_POINT('Ctrl Pts',(1.0198086408686,2.68806196681611,4.57043397645185));
#10372=CARTESIAN_POINT('Ctrl Pts',(1.0291140716739,2.68452382259019,4.57724534078259));
#10373=CARTESIAN_POINT('Ctrl Pts',(1.04944984270703,2.67663948902596,4.58627838377529));
#10374=CARTESIAN_POINT('Ctrl Pts',(1.06047887711642,2.67228986053343,4.5885));
#10375=CARTESIAN_POINT('Ctrl Pts',(1.08110711042081,2.66401124210106,4.5885));
#10376=CARTESIAN_POINT('Ctrl Pts',(1.09208049159342,2.65953079629562,4.58627943327308));
#10377=CARTESIAN_POINT('Ctrl Pts',(1.1122189276155,2.65117198869057,4.57724815362177));
#10378=CARTESIAN_POINT('Ctrl Pts',(1.12138539620661,2.64729702536047,4.57043744809169));
#10379=CARTESIAN_POINT('Ctrl Pts',(1.13584008268196,2.64112742218921,4.55472272707539));
#10380=CARTESIAN_POINT('Ctrl Pts',(1.14209194266773,2.63842214136724,4.54477108598953));
#10381=CARTESIAN_POINT('Ctrl Pts',(1.15037654567121,2.63482052609624,4.52296615354338));
#10382=CARTESIAN_POINT('Ctrl Pts',(1.15241068334598,2.63392760282172,4.5111128287887));
#10383=CARTESIAN_POINT('Ctrl Pts',(1.15241068334598,2.63392760282172,4.5));
#10384=CARTESIAN_POINT('Ctrl Pts',(1.15241068334598,2.63392760282172,4.5));
#10385=CARTESIAN_POINT('Ctrl Pts',(1.15241068334598,2.63392760282172,4.4888871712113));
#10386=CARTESIAN_POINT('Ctrl Pts',(1.15037654567121,2.63482052609624,4.47703384645662));
#10387=CARTESIAN_POINT('Ctrl Pts',(1.14209194266773,2.63842214136724,4.45522891401047));
#10388=CARTESIAN_POINT('Ctrl Pts',(1.13584008268196,2.64112742218921,4.44527727292461));
#10389=CARTESIAN_POINT('Ctrl Pts',(1.12138539620661,2.64729702536047,4.42956255190831));
#10390=CARTESIAN_POINT('Ctrl Pts',(1.1122189276155,2.65117198869057,4.42275184637823));
#10391=CARTESIAN_POINT('Ctrl Pts',(1.09208049159342,2.65953079629562,4.41372056672692));
#10392=CARTESIAN_POINT('Ctrl Pts',(1.08110711042081,2.66401124210106,4.4115));
#10393=CARTESIAN_POINT('Ctrl Pts',(1.06047887711642,2.67228986053343,4.4115));
#10394=CARTESIAN_POINT('Ctrl Pts',(1.04944984270703,2.67663948902596,4.41372161622471));
#10395=CARTESIAN_POINT('Ctrl Pts',(1.0291140716739,2.68452382259019,4.42275465921741));
#10396=CARTESIAN_POINT('Ctrl Pts',(1.0198086408686,2.68806196681611,4.42956602354815));
#10397=CARTESIAN_POINT('Ctrl Pts',(1.0050944194235,2.69359833428129,4.44528029464386));
#10398=CARTESIAN_POINT('Ctrl Pts',(0.998704163938349,2.69596650866405,4.4552305952823));
#10399=CARTESIAN_POINT('Ctrl Pts',(0.99022374614421,2.69909287641048,4.47703384270905));
#10400=CARTESIAN_POINT('Ctrl Pts',(0.988135061831985,2.6998544589616,4.48888687823477));
#10401=CARTESIAN_POINT('Ctrl Pts',(0.988135061831985,2.6998544589616,4.5));
#10402=CARTESIAN_POINT('',(-0.375,2.85043856274772,2.37500005782741));
#10403=CARTESIAN_POINT('',(0.375,2.8504385627475,2.37500005782741));
#10404=CARTESIAN_POINT('Ctrl Pts',(-0.375000000000001,2.85043856274772,
2.37500005782741));
#10405=CARTESIAN_POINT('Ctrl Pts',(-0.375000000000001,2.85043856274772,
2.32785626822711));
#10406=CARTESIAN_POINT('Ctrl Pts',(-0.365567290886788,2.85172884837789,
2.27760725392023));
#10407=CARTESIAN_POINT('Ctrl Pts',(-0.327280568414653,2.85637607741477,
2.18523115840105));
#10408=CARTESIAN_POINT('Ctrl Pts',(-0.298429463763506,2.85966446814351,
2.143099435701));
#10409=CARTESIAN_POINT('Ctrl Pts',(-0.231900952025913,2.86582674659827,
2.07657092396341));
#10410=CARTESIAN_POINT('Ctrl Pts',(-0.189769086142915,2.86910288876551,
2.04771956074073));
#10411=CARTESIAN_POINT('Ctrl Pts',(-0.0973925048267727,2.87372204506868,
2.00943264904168));
#10412=CARTESIAN_POINT('Ctrl Pts',(-0.0471433220523135,2.87499999999979,
2.00000005782741));
#10413=CARTESIAN_POINT('Ctrl Pts',(0.0471433220523127,2.87499999999977,
2.00000005782741));
#10414=CARTESIAN_POINT('Ctrl Pts',(0.0973925048267725,2.87372204506862,
2.00943264904168));
#10415=CARTESIAN_POINT('Ctrl Pts',(0.189769086142915,2.86910288876539,2.04771956074074));
#10416=CARTESIAN_POINT('Ctrl Pts',(0.231900952025913,2.86582674659813,2.07657092396341));
#10417=CARTESIAN_POINT('Ctrl Pts',(0.298429463763504,2.85966446814333,2.143099435701));
#10418=CARTESIAN_POINT('Ctrl Pts',(0.327280568414651,2.85637607741458,2.18523115840105));
#10419=CARTESIAN_POINT('Ctrl Pts',(0.365567290886786,2.85172884837767,2.27760725392023));
#10420=CARTESIAN_POINT('Ctrl Pts',(0.374999999999999,2.8504385627475,2.32785626822711));
#10421=CARTESIAN_POINT('Ctrl Pts',(0.374999999999999,2.8504385627475,2.37500005782741));
#10422=CARTESIAN_POINT('',(-0.375,2.85043856274772,3.12500005782741));
#10423=CARTESIAN_POINT('',(-0.375,2.85043856274772,5.5));
#10424=CARTESIAN_POINT('',(0.375,2.8504385627475,3.12500005782741));
#10425=CARTESIAN_POINT('Ctrl Pts',(0.374999999999999,2.8504385627475,3.12500005782741));
#10426=CARTESIAN_POINT('Ctrl Pts',(0.374999999999999,2.8504385627475,3.1721438474277));
#10427=CARTESIAN_POINT('Ctrl Pts',(0.365567290886786,2.85172884837767,3.22239286173458));
#10428=CARTESIAN_POINT('Ctrl Pts',(0.32728056841465,2.85637607741458,3.31476895725376));
#10429=CARTESIAN_POINT('Ctrl Pts',(0.298429463763504,2.85966446814333,3.35690067995381));
#10430=CARTESIAN_POINT('Ctrl Pts',(0.231900952025913,2.86582674659813,3.4234291916914));
#10431=CARTESIAN_POINT('Ctrl Pts',(0.189769086142915,2.86910288876539,3.45228055491407));
#10432=CARTESIAN_POINT('Ctrl Pts',(0.0973925048267727,2.87372204506862,
3.49056746661313));
#10433=CARTESIAN_POINT('Ctrl Pts',(0.0471433220523127,2.87499999999977,
3.50000005782741));
#10434=CARTESIAN_POINT('Ctrl Pts',(-0.0471433220523135,2.87499999999979,
3.50000005782741));
#10435=CARTESIAN_POINT('Ctrl Pts',(-0.0973925048267727,2.87372204506868,
3.49056746661313));
#10436=CARTESIAN_POINT('Ctrl Pts',(-0.189769086142914,2.86910288876551,
3.45228055491408));
#10437=CARTESIAN_POINT('Ctrl Pts',(-0.231900952025913,2.86582674659827,
3.4234291916914));
#10438=CARTESIAN_POINT('Ctrl Pts',(-0.298429463763506,2.85966446814351,
3.35690067995381));
#10439=CARTESIAN_POINT('Ctrl Pts',(-0.327280568414652,2.85637607741477,
3.31476895725376));
#10440=CARTESIAN_POINT('Ctrl Pts',(-0.365567290886788,2.85172884837789,
3.22239286173458));
#10441=CARTESIAN_POINT('Ctrl Pts',(-0.375000000000001,2.85043856274772,
3.1721438474277));
#10442=CARTESIAN_POINT('Ctrl Pts',(-0.375000000000001,2.85043856274772,
3.12500005782741));
#10443=CARTESIAN_POINT('',(0.375,2.8504385627475,5.5));
#10444=CARTESIAN_POINT('',(-0.375,2.85043856274772,4.125));
#10445=CARTESIAN_POINT('',(0.375,2.8504385627475,4.125));
#10446=CARTESIAN_POINT('Ctrl Pts',(-0.375,2.85043856274772,4.125));
#10447=CARTESIAN_POINT('Ctrl Pts',(-0.375,2.85043856274772,4.0778562103997));
#10448=CARTESIAN_POINT('Ctrl Pts',(-0.365567290886787,2.85172884837789,
4.02760719609283));
#10449=CARTESIAN_POINT('Ctrl Pts',(-0.327280568414651,2.85637607741477,
3.93523110057364));
#10450=CARTESIAN_POINT('Ctrl Pts',(-0.298429463763504,2.85966446814351,
3.89309937787359));
#10451=CARTESIAN_POINT('Ctrl Pts',(-0.231900952025912,2.86582674659827,
3.826570866136));
#10452=CARTESIAN_POINT('Ctrl Pts',(-0.189769086142914,2.86910288876551,
3.79771950291333));
#10453=CARTESIAN_POINT('Ctrl Pts',(-0.0973925048267718,2.87372204506868,
3.75943259121428));
#10454=CARTESIAN_POINT('Ctrl Pts',(-0.0471433220523124,2.87499999999979,
3.75));
#10455=CARTESIAN_POINT('Ctrl Pts',(0.0471433220523138,2.87499999999977,
3.75));
#10456=CARTESIAN_POINT('Ctrl Pts',(0.0973925048267737,2.87372204506862,
3.75943259121428));
#10457=CARTESIAN_POINT('Ctrl Pts',(0.189769086142916,2.86910288876539,3.79771950291333));
#10458=CARTESIAN_POINT('Ctrl Pts',(0.231900952025914,2.86582674659813,3.826570866136));
#10459=CARTESIAN_POINT('Ctrl Pts',(0.298429463763505,2.85966446814333,3.89309937787359));
#10460=CARTESIAN_POINT('Ctrl Pts',(0.327280568414652,2.85637607741458,3.93523110057364));
#10461=CARTESIAN_POINT('Ctrl Pts',(0.365567290886787,2.85172884837767,4.02760719609283));
#10462=CARTESIAN_POINT('Ctrl Pts',(0.375,2.8504385627475,4.0778562103997));
#10463=CARTESIAN_POINT('Ctrl Pts',(0.375,2.8504385627475,4.125));
#10464=CARTESIAN_POINT('',(-0.375,2.85043856274772,4.875));
#10465=CARTESIAN_POINT('',(-0.375,2.85043856274772,5.5));
#10466=CARTESIAN_POINT('',(0.375,2.8504385627475,4.875));
#10467=CARTESIAN_POINT('Ctrl Pts',(0.375,2.8504385627475,4.875));
#10468=CARTESIAN_POINT('Ctrl Pts',(0.375,2.8504385627475,4.9221437896003));
#10469=CARTESIAN_POINT('Ctrl Pts',(0.365567290886787,2.85172884837767,4.97239280390717));
#10470=CARTESIAN_POINT('Ctrl Pts',(0.327280568414652,2.85637607741458,5.06476889942636));
#10471=CARTESIAN_POINT('Ctrl Pts',(0.298429463763505,2.85966446814333,5.1069006221264));
#10472=CARTESIAN_POINT('Ctrl Pts',(0.231900952025914,2.86582674659813,5.173429133864));
#10473=CARTESIAN_POINT('Ctrl Pts',(0.189769086142916,2.86910288876539,5.20228049708667));
#10474=CARTESIAN_POINT('Ctrl Pts',(0.0973925048267737,2.87372204506862,
5.24056740878572));
#10475=CARTESIAN_POINT('Ctrl Pts',(0.0471433220523139,2.87499999999977,
5.25));
#10476=CARTESIAN_POINT('Ctrl Pts',(-0.0471433220523124,2.87499999999979,
5.25));
#10477=CARTESIAN_POINT('Ctrl Pts',(-0.0973925048267715,2.87372204506868,
5.24056740878572));
#10478=CARTESIAN_POINT('Ctrl Pts',(-0.189769086142913,2.86910288876551,
5.20228049708667));
#10479=CARTESIAN_POINT('Ctrl Pts',(-0.231900952025912,2.86582674659827,
5.173429133864));
#10480=CARTESIAN_POINT('Ctrl Pts',(-0.298429463763504,2.85966446814351,
5.10690062212641));
#10481=CARTESIAN_POINT('Ctrl Pts',(-0.327280568414651,2.85637607741477,
5.06476889942636));
#10482=CARTESIAN_POINT('Ctrl Pts',(-0.365567290886787,2.85172884837789,
4.97239280390717));
#10483=CARTESIAN_POINT('Ctrl Pts',(-0.375,2.85043856274772,4.9221437896003));
#10484=CARTESIAN_POINT('Ctrl Pts',(-0.375,2.85043856274772,4.875));
#10485=CARTESIAN_POINT('',(0.375,2.8504385627475,5.5));
#10486=CARTESIAN_POINT('',(-0.375,2.85043856274772,0.625));
#10487=CARTESIAN_POINT('',(0.375,2.8504385627475,0.625));
#10488=CARTESIAN_POINT('Ctrl Pts',(-0.375,2.85043856274772,0.625));
#10489=CARTESIAN_POINT('Ctrl Pts',(-0.375,2.85043856274772,0.577856210399701));
#10490=CARTESIAN_POINT('Ctrl Pts',(-0.365567290886788,2.85172884837789,
0.527607196092828));
#10491=CARTESIAN_POINT('Ctrl Pts',(-0.327280568414652,2.85637607741477,
0.435231100573643));
#10492=CARTESIAN_POINT('Ctrl Pts',(-0.298429463763506,2.85966446814351,
0.393099377873595));
#10493=CARTESIAN_POINT('Ctrl Pts',(-0.231900952025913,2.86582674659827,
0.326570866136002));
#10494=CARTESIAN_POINT('Ctrl Pts',(-0.189769086142915,2.86910288876551,
0.29771950291333));
#10495=CARTESIAN_POINT('Ctrl Pts',(-0.0973925048267725,2.87372204506868,
0.259432591214278));
#10496=CARTESIAN_POINT('Ctrl Pts',(-0.047143322052313,2.87499999999979,
0.25));
#10497=CARTESIAN_POINT('Ctrl Pts',(0.0471433220523132,2.87499999999977,
0.25));
#10498=CARTESIAN_POINT('Ctrl Pts',(0.0973925048267729,2.87372204506862,
0.259432591214279));
#10499=CARTESIAN_POINT('Ctrl Pts',(0.189769086142915,2.86910288876539,0.297719502913331));
#10500=CARTESIAN_POINT('Ctrl Pts',(0.231900952025913,2.86582674659813,0.326570866136002));
#10501=CARTESIAN_POINT('Ctrl Pts',(0.298429463763504,2.85966446814333,0.393099377873594));
#10502=CARTESIAN_POINT('Ctrl Pts',(0.327280568414651,2.85637607741458,0.435231100573642));
#10503=CARTESIAN_POINT('Ctrl Pts',(0.365567290886787,2.85172884837767,0.527607196092827));
#10504=CARTESIAN_POINT('Ctrl Pts',(0.375,2.8504385627475,0.577856210399701));
#10505=CARTESIAN_POINT('Ctrl Pts',(0.375,2.8504385627475,0.625));
#10506=CARTESIAN_POINT('',(-0.375,2.85043856274772,1.375));
#10507=CARTESIAN_POINT('',(-0.375,2.85043856274772,5.5));
#10508=CARTESIAN_POINT('',(0.375,2.8504385627475,1.375));
#10509=CARTESIAN_POINT('Ctrl Pts',(0.375,2.8504385627475,1.375));
#10510=CARTESIAN_POINT('Ctrl Pts',(0.375,2.8504385627475,1.4221437896003));
#10511=CARTESIAN_POINT('Ctrl Pts',(0.365567290886787,2.85172884837767,1.47239280390717));
#10512=CARTESIAN_POINT('Ctrl Pts',(0.327280568414652,2.85637607741458,1.56476889942636));
#10513=CARTESIAN_POINT('Ctrl Pts',(0.298429463763505,2.85966446814333,1.6069006221264));
#10514=CARTESIAN_POINT('Ctrl Pts',(0.231900952025913,2.86582674659813,1.673429133864));
#10515=CARTESIAN_POINT('Ctrl Pts',(0.189769086142916,2.86910288876539,1.70228049708667));
#10516=CARTESIAN_POINT('Ctrl Pts',(0.0973925048267733,2.87372204506862,
1.74056740878572));
#10517=CARTESIAN_POINT('Ctrl Pts',(0.0471433220523135,2.87499999999977,
1.75));
#10518=CARTESIAN_POINT('Ctrl Pts',(-0.0471433220523127,2.87499999999979,
1.75));
#10519=CARTESIAN_POINT('Ctrl Pts',(-0.0973925048267717,2.87372204506868,
1.74056740878572));
#10520=CARTESIAN_POINT('Ctrl Pts',(-0.189769086142914,2.86910288876551,
1.70228049708667));
#10521=CARTESIAN_POINT('Ctrl Pts',(-0.231900952025912,2.86582674659827,
1.673429133864));
#10522=CARTESIAN_POINT('Ctrl Pts',(-0.298429463763505,2.85966446814351,
1.60690062212641));
#10523=CARTESIAN_POINT('Ctrl Pts',(-0.327280568414652,2.85637607741477,
1.56476889942636));
#10524=CARTESIAN_POINT('Ctrl Pts',(-0.365567290886788,2.85172884837789,
1.47239280390717));
#10525=CARTESIAN_POINT('Ctrl Pts',(-0.375,2.85043856274772,1.4221437896003));
#10526=CARTESIAN_POINT('Ctrl Pts',(-0.375,2.85043856274772,1.375));
#10527=CARTESIAN_POINT('',(0.375,2.8504385627475,5.5));
#10528=CARTESIAN_POINT('Origin',(4.78073398891244E-16,4.37095678986283E-15,
5.5));
#10529=CARTESIAN_POINT('',(-0.782341303734835,2.79767172564446,0.));
#10530=CARTESIAN_POINT('',(0.782341303734835,2.79767172564446,0.));
#10531=CARTESIAN_POINT('Origin',(4.78073398891244E-16,4.37095678986283E-15,
0.));
#10532=CARTESIAN_POINT('',(-0.782341303734835,2.79767172564446,5.5));
#10533=CARTESIAN_POINT('',(-0.782341303734835,2.79767172564446,2.75));
#10534=CARTESIAN_POINT('',(0.782341303734835,2.79767172564446,5.5));
#10535=CARTESIAN_POINT('Origin',(4.78073398891244E-16,4.37095678986283E-15,
5.5));
#10536=CARTESIAN_POINT('',(0.782341303734835,2.79767172564447,2.75));
#10537=CARTESIAN_POINT('',(-0.375,2.88069436074013,3.12500005782741));
#10538=CARTESIAN_POINT('',(-0.375,2.88069436074013,2.37500005782741));
#10539=CARTESIAN_POINT('',(-0.375,2.88069436074013,5.5));
#10540=CARTESIAN_POINT('',(0.375,2.88069436074013,2.37500005782741));
#10541=CARTESIAN_POINT('Ctrl Pts',(-0.375000000000001,2.88069436074014,
2.37500005782741));
#10542=CARTESIAN_POINT('Ctrl Pts',(-0.375000000000001,2.88069436074014,
2.32785747340803));
#10543=CARTESIAN_POINT('Ctrl Pts',(-0.365567759614502,2.88197102046682,
2.27760896579318));
#10544=CARTESIAN_POINT('Ctrl Pts',(-0.327281377471834,2.88656952920767,
2.18523252951615));
#10545=CARTESIAN_POINT('Ctrl Pts',(-0.298430085489849,2.88982358359205,
2.14310005742734));
#10546=CARTESIAN_POINT('Ctrl Pts',(-0.231900316783152,2.89592180178616,
2.07657028872064));
#10547=CARTESIAN_POINT('Ctrl Pts',(-0.189767707321625,2.89916398544598,
2.04771874878562));
#10548=CARTESIAN_POINT('Ctrl Pts',(-0.0973908051901743,2.90373528894196,
2.00943218509006));
#10549=CARTESIAN_POINT('Ctrl Pts',(-0.0471421360472899,2.905,2.00000005782741));
#10550=CARTESIAN_POINT('Ctrl Pts',(0.0471421360472876,2.905,2.00000005782741));
#10551=CARTESIAN_POINT('Ctrl Pts',(0.0973908051901721,2.90373528894196,
2.00943218509006));
#10552=CARTESIAN_POINT('Ctrl Pts',(0.189767707321623,2.89916398544598,2.04771874878562));
#10553=CARTESIAN_POINT('Ctrl Pts',(0.231900316783149,2.89592180178616,2.07657028872064));
#10554=CARTESIAN_POINT('Ctrl Pts',(0.298430085489847,2.88982358359205,2.14310005742734));
#10555=CARTESIAN_POINT('Ctrl Pts',(0.327281377471832,2.88656952920767,2.18523252951615));
#10556=CARTESIAN_POINT('Ctrl Pts',(0.365567759614499,2.88197102046682,2.27760896579318));
#10557=CARTESIAN_POINT('Ctrl Pts',(0.374999999999999,2.88069436074014,2.32785747340803));
#10558=CARTESIAN_POINT('Ctrl Pts',(0.374999999999999,2.88069436074014,2.37500005782741));
#10559=CARTESIAN_POINT('',(0.375,2.88069436074013,3.12500005782741));
#10560=CARTESIAN_POINT('',(0.375,2.88069436074013,5.5));
#10561=CARTESIAN_POINT('Ctrl Pts',(0.374999999999999,2.88069436074014,3.12500005782741));
#10562=CARTESIAN_POINT('Ctrl Pts',(0.374999999999999,2.88069436074014,3.17214264224678));
#10563=CARTESIAN_POINT('Ctrl Pts',(0.3655677596145,2.88197102046682,3.22239114986163));
#10564=CARTESIAN_POINT('Ctrl Pts',(0.327281377471832,2.88656952920767,3.31476758613866));
#10565=CARTESIAN_POINT('Ctrl Pts',(0.298430085489847,2.88982358359205,3.35690005822747));
#10566=CARTESIAN_POINT('Ctrl Pts',(0.231900316783149,2.89592180178616,3.42342982693417));
#10567=CARTESIAN_POINT('Ctrl Pts',(0.189767707321623,2.89916398544598,3.45228136686919));
#10568=CARTESIAN_POINT('Ctrl Pts',(0.0973908051901722,2.90373528894196,
3.49056793056475));
#10569=CARTESIAN_POINT('Ctrl Pts',(0.0471421360472876,2.905,3.50000005782741));
#10570=CARTESIAN_POINT('Ctrl Pts',(-0.0471421360472899,2.905,3.50000005782741));
#10571=CARTESIAN_POINT('Ctrl Pts',(-0.0973908051901745,2.90373528894196,
3.49056793056475));
#10572=CARTESIAN_POINT('Ctrl Pts',(-0.189767707321625,2.89916398544598,
3.45228136686919));
#10573=CARTESIAN_POINT('Ctrl Pts',(-0.231900316783152,2.89592180178616,
3.42342982693417));
#10574=CARTESIAN_POINT('Ctrl Pts',(-0.298430085489849,2.88982358359205,
3.35690005822747));
#10575=CARTESIAN_POINT('Ctrl Pts',(-0.327281377471834,2.88656952920767,
3.31476758613866));
#10576=CARTESIAN_POINT('Ctrl Pts',(-0.365567759614502,2.88197102046682,
3.22239114986163));
#10577=CARTESIAN_POINT('Ctrl Pts',(-0.375000000000001,2.88069436074014,
3.17214264224678));
#10578=CARTESIAN_POINT('Ctrl Pts',(-0.375000000000001,2.88069436074014,
3.12500005782741));
#10579=CARTESIAN_POINT('',(-0.375,2.88069436074013,1.375));
#10580=CARTESIAN_POINT('',(-0.375,2.88069436074013,0.625));
#10581=CARTESIAN_POINT('',(-0.375,2.88069436074013,5.5));
#10582=CARTESIAN_POINT('',(0.375,2.88069436074013,0.625));
#10583=CARTESIAN_POINT('Ctrl Pts',(-0.375,2.88069436074014,0.625));
#10584=CARTESIAN_POINT('Ctrl Pts',(-0.375,2.88069436074014,0.577857415580628));
#10585=CARTESIAN_POINT('Ctrl Pts',(-0.365567759614501,2.88197102046682,
0.527608907965772));
#10586=CARTESIAN_POINT('Ctrl Pts',(-0.327281377471833,2.88656952920767,
0.43523247168874));
#10587=CARTESIAN_POINT('Ctrl Pts',(-0.298430085489848,2.88982358359205,
0.393099999599937));
#10588=CARTESIAN_POINT('Ctrl Pts',(-0.231900316783151,2.89592180178616,
0.32657023089324));
#10589=CARTESIAN_POINT('Ctrl Pts',(-0.189767707321624,2.89916398544598,
0.297718690958211));
#10590=CARTESIAN_POINT('Ctrl Pts',(-0.0973908051901736,2.90373528894196,
0.259432127262657));
#10591=CARTESIAN_POINT('Ctrl Pts',(-0.0471421360472891,2.905,0.25));
#10592=CARTESIAN_POINT('Ctrl Pts',(0.0471421360472884,2.905,0.25));
#10593=CARTESIAN_POINT('Ctrl Pts',(0.0973908051901729,2.90373528894196,
0.259432127262657));
#10594=CARTESIAN_POINT('Ctrl Pts',(0.189767707321624,2.89916398544598,0.297718690958212));
#10595=CARTESIAN_POINT('Ctrl Pts',(0.23190031678315,2.89592180178616,0.32657023089324));
#10596=CARTESIAN_POINT('Ctrl Pts',(0.298430085489847,2.88982358359205,0.393099999599937));
#10597=CARTESIAN_POINT('Ctrl Pts',(0.327281377471832,2.88656952920767,0.43523247168874));
#10598=CARTESIAN_POINT('Ctrl Pts',(0.3655677596145,2.88197102046682,0.527608907965772));
#10599=CARTESIAN_POINT('Ctrl Pts',(0.375,2.88069436074014,0.577857415580629));
#10600=CARTESIAN_POINT('Ctrl Pts',(0.375,2.88069436074014,0.625));
#10601=CARTESIAN_POINT('',(0.375,2.88069436074013,1.375));
#10602=CARTESIAN_POINT('',(0.375,2.88069436074013,5.5));
#10603=CARTESIAN_POINT('Ctrl Pts',(0.375,2.88069436074014,1.375));
#10604=CARTESIAN_POINT('Ctrl Pts',(0.375,2.88069436074014,1.42214258441937));
#10605=CARTESIAN_POINT('Ctrl Pts',(0.3655677596145,2.88197102046682,1.47239109203423));
#10606=CARTESIAN_POINT('Ctrl Pts',(0.327281377471832,2.88656952920767,1.56476752831126));
#10607=CARTESIAN_POINT('Ctrl Pts',(0.298430085489847,2.88982358359205,1.60690000040006));
#10608=CARTESIAN_POINT('Ctrl Pts',(0.23190031678315,2.89592180178616,1.67342976910676));
#10609=CARTESIAN_POINT('Ctrl Pts',(0.189767707321624,2.89916398544598,1.70228130904179));
#10610=CARTESIAN_POINT('Ctrl Pts',(0.0973908051901728,2.90373528894196,
1.74056787273734));
#10611=CARTESIAN_POINT('Ctrl Pts',(0.0471421360472884,2.905,1.75));
#10612=CARTESIAN_POINT('Ctrl Pts',(-0.0471421360472891,2.905,1.75));
#10613=CARTESIAN_POINT('Ctrl Pts',(-0.0973908051901733,2.90373528894196,
1.74056787273734));
#10614=CARTESIAN_POINT('Ctrl Pts',(-0.189767707321624,2.89916398544598,
1.70228130904179));
#10615=CARTESIAN_POINT('Ctrl Pts',(-0.231900316783151,2.89592180178616,
1.67342976910676));
#10616=CARTESIAN_POINT('Ctrl Pts',(-0.298430085489848,2.88982358359205,
1.60690000040006));
#10617=CARTESIAN_POINT('Ctrl Pts',(-0.327281377471833,2.88656952920767,
1.56476752831126));
#10618=CARTESIAN_POINT('Ctrl Pts',(-0.365567759614501,2.88197102046682,
1.47239109203423));
#10619=CARTESIAN_POINT('Ctrl Pts',(-0.375,2.88069436074014,1.42214258441937));
#10620=CARTESIAN_POINT('Ctrl Pts',(-0.375,2.88069436074014,1.375));
#10621=CARTESIAN_POINT('',(-0.375,2.88069436074013,4.875));
#10622=CARTESIAN_POINT('',(-0.375,2.88069436074013,4.125));
#10623=CARTESIAN_POINT('',(-0.375,2.88069436074013,5.5));
#10624=CARTESIAN_POINT('',(0.375,2.88069436074013,4.125));
#10625=CARTESIAN_POINT('Ctrl Pts',(-0.375,2.88069436074014,4.125));
#10626=CARTESIAN_POINT('Ctrl Pts',(-0.375,2.88069436074014,4.07785741558063));
#10627=CARTESIAN_POINT('Ctrl Pts',(-0.3655677596145,2.88197102046682,4.02760890796577));
#10628=CARTESIAN_POINT('Ctrl Pts',(-0.327281377471833,2.88656952920767,
3.93523247168874));
#10629=CARTESIAN_POINT('Ctrl Pts',(-0.298430085489848,2.88982358359205,
3.89309999959994));
#10630=CARTESIAN_POINT('Ctrl Pts',(-0.23190031678315,2.89592180178616,3.82657023089324));
#10631=CARTESIAN_POINT('Ctrl Pts',(-0.189767707321624,2.89916398544598,
3.79771869095821));
#10632=CARTESIAN_POINT('Ctrl Pts',(-0.0973908051901731,2.90373528894196,
3.75943212726266));
#10633=CARTESIAN_POINT('Ctrl Pts',(-0.0471421360472887,2.905,3.75));
#10634=CARTESIAN_POINT('Ctrl Pts',(0.0471421360472888,2.905,3.75));
#10635=CARTESIAN_POINT('Ctrl Pts',(0.0973908051901731,2.90373528894196,
3.75943212726266));
#10636=CARTESIAN_POINT('Ctrl Pts',(0.189767707321624,2.89916398544598,3.79771869095821));
#10637=CARTESIAN_POINT('Ctrl Pts',(0.23190031678315,2.89592180178616,3.82657023089324));
#10638=CARTESIAN_POINT('Ctrl Pts',(0.298430085489848,2.88982358359205,3.89309999959994));
#10639=CARTESIAN_POINT('Ctrl Pts',(0.327281377471833,2.88656952920767,3.93523247168874));
#10640=CARTESIAN_POINT('Ctrl Pts',(0.3655677596145,2.88197102046682,4.02760890796577));
#10641=CARTESIAN_POINT('Ctrl Pts',(0.375,2.88069436074014,4.07785741558063));
#10642=CARTESIAN_POINT('Ctrl Pts',(0.375,2.88069436074014,4.125));
#10643=CARTESIAN_POINT('',(0.375,2.88069436074013,4.875));
#10644=CARTESIAN_POINT('',(0.375,2.88069436074013,5.5));
#10645=CARTESIAN_POINT('Ctrl Pts',(0.375,2.88069436074014,4.875));
#10646=CARTESIAN_POINT('Ctrl Pts',(0.375,2.88069436074014,4.92214258441937));
#10647=CARTESIAN_POINT('Ctrl Pts',(0.3655677596145,2.88197102046682,4.97239109203423));
#10648=CARTESIAN_POINT('Ctrl Pts',(0.327281377471833,2.88656952920767,5.06476752831126));
#10649=CARTESIAN_POINT('Ctrl Pts',(0.298430085489848,2.88982358359205,5.10690000040006));
#10650=CARTESIAN_POINT('Ctrl Pts',(0.23190031678315,2.89592180178616,5.17342976910676));
#10651=CARTESIAN_POINT('Ctrl Pts',(0.189767707321624,2.89916398544598,5.20228130904179));
#10652=CARTESIAN_POINT('Ctrl Pts',(0.0973908051901732,2.90373528894196,
5.24056787273734));
#10653=CARTESIAN_POINT('Ctrl Pts',(0.0471421360472888,2.905,5.25));
#10654=CARTESIAN_POINT('Ctrl Pts',(-0.0471421360472887,2.905,5.25));
#10655=CARTESIAN_POINT('Ctrl Pts',(-0.0973908051901731,2.90373528894196,
5.24056787273734));
#10656=CARTESIAN_POINT('Ctrl Pts',(-0.189767707321624,2.89916398544598,
5.20228130904179));
#10657=CARTESIAN_POINT('Ctrl Pts',(-0.23190031678315,2.89592180178616,5.17342976910676));
#10658=CARTESIAN_POINT('Ctrl Pts',(-0.298430085489848,2.88982358359205,
5.10690000040006));
#10659=CARTESIAN_POINT('Ctrl Pts',(-0.327281377471833,2.88656952920767,
5.06476752831126));
#10660=CARTESIAN_POINT('Ctrl Pts',(-0.3655677596145,2.88197102046682,4.97239109203423));
#10661=CARTESIAN_POINT('Ctrl Pts',(-0.375,2.88069436074014,4.92214258441937));
#10662=CARTESIAN_POINT('Ctrl Pts',(-0.375,2.88069436074014,4.875));
#10663=CARTESIAN_POINT('Origin',(8.19554398099279E-16,5.46369598732854E-16,
5.5));
#10664=CARTESIAN_POINT('',(-4.5,7.79422863405996,0.));
#10665=CARTESIAN_POINT('',(4.5,7.79422863405996,0.));
#10666=CARTESIAN_POINT('Origin',(8.19554398099279E-16,5.46369598732854E-16,
0.));
#10667=CARTESIAN_POINT('',(-4.5,7.79422863405996,5.5));
#10668=CARTESIAN_POINT('',(-4.5,7.79422863405996,5.5));
#10669=CARTESIAN_POINT('',(4.5,7.79422863405996,5.5));
#10670=CARTESIAN_POINT('Origin',(8.19554398099279E-16,5.46369598732854E-16,
5.5));
#10671=CARTESIAN_POINT('',(4.5,7.79422863405996,5.5));
#10672=CARTESIAN_POINT('Origin',(-1.475,2.55477494116409,5.5));
#10673=CARTESIAN_POINT('',(-1.475,2.55477494116409,0.));
#10674=CARTESIAN_POINT('',(-1.475,2.55477494116409,5.5));
#10675=CARTESIAN_POINT('Origin',(-1.11836047866135,2.78298478165363,5.5));
#10676=CARTESIAN_POINT('',(-1.29174922495695,2.71116481137513,5.5));
#10677=CARTESIAN_POINT('',(-0.993624151535748,2.83465226006967,5.5));
#10678=CARTESIAN_POINT('',(-1.11836047866135,2.78298478165363,5.5));
#10679=CARTESIAN_POINT('',(-0.993624151535748,2.83465226006967,0.));
#10680=CARTESIAN_POINT('',(-0.993624151535748,2.83465226006967,5.5));
#10681=CARTESIAN_POINT('',(-1.29174922495695,2.71116481137513,0.));
#10682=CARTESIAN_POINT('',(-1.11836047866135,2.78298478165363,0.));
#10683=CARTESIAN_POINT('',(-1.29174922495695,2.71116481137513,5.5));
#10684=CARTESIAN_POINT('',(-1.0365971400341,2.81685226541794,4.5));
#10685=CARTESIAN_POINT('Origin',(-1.11836047866135,2.78298478165363,4.5));
#10686=CARTESIAN_POINT('',(-1.0365971400341,2.81685226541794,2.75));
#10687=CARTESIAN_POINT('Origin',(-1.11836047866135,2.78298478165363,2.75));
#10688=CARTESIAN_POINT('',(-1.0365971400341,2.81685226541794,1.));
#10689=CARTESIAN_POINT('Origin',(-1.11836047866135,2.78298478165363,1.));
#10690=CARTESIAN_POINT('Origin',(-2.92772065972931,5.19696093302024,5.5));
#10691=CARTESIAN_POINT('',(-1.54149099218685,2.79594071787739,5.5));
#10692=CARTESIAN_POINT('',(-4.29595347275193,7.56680968175827,5.5));
#10693=CARTESIAN_POINT('',(-2.92772065972931,5.19696093302024,5.5));
#10694=CARTESIAN_POINT('',(-1.54149099218685,2.79594071787739,0.));
#10695=CARTESIAN_POINT('',(-1.54149099218685,2.79594071787739,5.5));
#10696=CARTESIAN_POINT('',(-4.29595347275193,7.56680968175827,0.));
#10697=CARTESIAN_POINT('',(-2.92772065972931,5.19696093302024,0.));
#10698=CARTESIAN_POINT('',(-4.29595347275193,7.56680968175827,5.5));
#10699=CARTESIAN_POINT('Origin',(-5.46369598732854E-16,-1.0927391974657E-15,
5.5));
#10700=CARTESIAN_POINT('',(-4.21746977951933,7.84295694612953,0.));
#10701=CARTESIAN_POINT('',(4.21746977951933,7.84295694612953,0.));
#10702=CARTESIAN_POINT('Origin',(-5.46369598732854E-16,-1.0927391974657E-15,
0.));
#10703=CARTESIAN_POINT('',(4.21746977951933,7.84295694612953,5.5));
#10704=CARTESIAN_POINT('',(4.21746977951933,7.84295694612953,5.5));
#10705=CARTESIAN_POINT('',(-4.21746977951933,7.84295694612953,5.5));
#10706=CARTESIAN_POINT('Origin',(-5.46369598732854E-16,-1.0927391974657E-15,
5.5));
#10707=CARTESIAN_POINT('',(-4.21746977951933,7.84295694612953,5.5));
#10708=CARTESIAN_POINT('Origin',(2.92772065972931,5.19696093302024,5.5));
#10709=CARTESIAN_POINT('',(1.54149099218685,2.79594071787739,5.5));
#10710=CARTESIAN_POINT('',(4.29595347275193,7.56680968175827,5.5));
#10711=CARTESIAN_POINT('',(2.92772065972931,5.19696093302024,5.5));
#10712=CARTESIAN_POINT('',(4.29595347275193,7.56680968175827,0.));
#10713=CARTESIAN_POINT('',(4.29595347275193,7.56680968175827,5.5));
#10714=CARTESIAN_POINT('',(1.54149099218685,2.79594071787739,0.));
#10715=CARTESIAN_POINT('',(2.92772065972931,5.19696093302024,0.));
#10716=CARTESIAN_POINT('',(1.54149099218685,2.79594071787739,5.5));
#10717=CARTESIAN_POINT('Origin',(1.11836047866135,2.78298478165363,5.5));
#10718=CARTESIAN_POINT('',(0.993624151535748,2.83465226006967,0.));
#10719=CARTESIAN_POINT('',(1.29174922495695,2.71116481137513,0.));
#10720=CARTESIAN_POINT('',(1.11836047866135,2.78298478165363,0.));
#10721=CARTESIAN_POINT('',(0.993624151535748,2.83465226006967,5.5));
#10722=CARTESIAN_POINT('',(0.993624151535748,2.83465226006967,5.5));
#10723=CARTESIAN_POINT('',(1.29174922495695,2.71116481137513,5.5));
#10724=CARTESIAN_POINT('',(1.11836047866135,2.78298478165363,5.5));
#10725=CARTESIAN_POINT('',(1.29174922495695,2.71116481137513,0.));
#10726=CARTESIAN_POINT('',(1.2001238172886,2.74911729788933,4.5));
#10727=CARTESIAN_POINT('Origin',(1.11836047866135,2.78298478165364,4.5));
#10728=CARTESIAN_POINT('',(1.2001238172886,2.74911729788933,2.75));
#10729=CARTESIAN_POINT('Origin',(1.11836047866135,2.78298478165364,2.75));
#10730=CARTESIAN_POINT('',(1.2001238172886,2.74911729788933,1.));
#10731=CARTESIAN_POINT('Origin',(1.11836047866135,2.78298478165364,1.));
#10732=CARTESIAN_POINT('Origin',(1.475,2.55477494116409,5.5));
#10733=CARTESIAN_POINT('',(1.475,2.55477494116409,0.));
#10734=CARTESIAN_POINT('',(1.475,2.55477494116409,5.5));
#10735=CARTESIAN_POINT('Origin',(0.,4.5,5.5));
#10736=CARTESIAN_POINT('Origin',(0.917087465062728,2.64987635356741,5.5));
#10737=CARTESIAN_POINT('Origin',(-0.917087465062732,2.64987635356741,5.5));
#10738=CARTESIAN_POINT('Origin',(-1.36828591142996,2.89594071787739,5.5));
#10739=CARTESIAN_POINT('Origin',(-4.12274839199504,7.66680968175831,5.5));
#10740=CARTESIAN_POINT('Origin',(4.12274839199504,7.66680968175831,5.5));
#10741=CARTESIAN_POINT('Origin',(1.36828591142996,2.89594071787739,5.5));
#10742=CARTESIAN_POINT('Origin',(0.,4.5,0.));
#10743=CARTESIAN_POINT('Origin',(0.917087465062728,2.64987635356741,0.));
#10744=CARTESIAN_POINT('Origin',(1.36828591142996,2.89594071787739,0.));
#10745=CARTESIAN_POINT('Origin',(4.12274839199504,7.66680968175831,0.));
#10746=CARTESIAN_POINT('Origin',(-4.12274839199504,7.66680968175831,0.));
#10747=CARTESIAN_POINT('Origin',(-1.36828591142996,2.89594071787739,0.));
#10748=CARTESIAN_POINT('Origin',(-0.917087465062732,2.64987635356741,0.));
#10749=CARTESIAN_POINT('Origin',(-0.927018762478807,2.32104501539799,1.));
#10750=CARTESIAN_POINT('',(-0.845255423851558,2.3549124991623,1.));
#10751=CARTESIAN_POINT('Origin',(-0.927018762478807,2.32104501539799,2.75));
#10752=CARTESIAN_POINT('',(-0.845255423851558,2.3549124991623,2.75));
#10753=CARTESIAN_POINT('Origin',(-0.927018762478807,2.32104501539799,4.5));
#10754=CARTESIAN_POINT('',(-0.845255423851558,2.3549124991623,4.5));
#10755=CARTESIAN_POINT('Origin',(0.927018762478807,2.32104501539799,1.));
#10756=CARTESIAN_POINT('',(1.00878210110606,2.28717753163368,1.));
#10757=CARTESIAN_POINT('Origin',(0.927018762478807,2.32104501539799,2.75));
#10758=CARTESIAN_POINT('',(1.00878210110606,2.28717753163368,2.75));
#10759=CARTESIAN_POINT('Origin',(0.927018762478807,2.32104501539799,4.5));
#10760=CARTESIAN_POINT('',(1.00878210110606,2.28717753163368,4.5));
#10761=CARTESIAN_POINT('Origin',(4.12274839199504,7.66680968175831,5.5));
#10762=CARTESIAN_POINT('Origin',(1.36828591142996,2.89594071787739,5.5));
#10763=CARTESIAN_POINT('Origin',(-1.36828591142996,2.89594071787739,5.5));
#10764=CARTESIAN_POINT('Origin',(-4.12274839199504,7.66680968175831,5.5));
#10765=CARTESIAN_POINT('Origin',(0.917087465062728,2.64987635356741,5.5));
#10766=CARTESIAN_POINT('Origin',(-0.917087465062732,2.64987635356741,5.5));
#10767=CARTESIAN_POINT('Origin',(-1.44590039876244E-15,4.45166331725401,
2.37500005782741));
#10768=CARTESIAN_POINT('',(0.375,4.45166331725401,2.37500005782741));
#10769=CARTESIAN_POINT('',(-0.375,4.45166331725401,2.37500005782741));
#10770=CARTESIAN_POINT('Origin',(-0.375,4.45166331725401,2.75000005782741));
#10771=CARTESIAN_POINT('',(-0.375,4.45166331725401,3.12500005782741));
#10772=CARTESIAN_POINT('Origin',(-1.44590039876244E-15,4.45166331725401,
3.12500005782741));
#10773=CARTESIAN_POINT('',(0.375,4.45166331725401,3.12500005782741));
#10774=CARTESIAN_POINT('Origin',(0.375,4.45166331725401,2.75000005782741));
#10775=CARTESIAN_POINT('Origin',(-6.94642200504764E-16,4.45166331725401,
0.625));
#10776=CARTESIAN_POINT('',(0.375,4.45166331725401,0.625));
#10777=CARTESIAN_POINT('',(-0.375,4.45166331725401,0.625));
#10778=CARTESIAN_POINT('Origin',(-0.375,4.45166331725401,1.));
#10779=CARTESIAN_POINT('',(-0.375,4.45166331725401,1.375));
#10780=CARTESIAN_POINT('Origin',(-6.94642200504764E-16,4.45166331725401,
1.375));
#10781=CARTESIAN_POINT('',(0.375,4.45166331725401,1.375));
#10782=CARTESIAN_POINT('Origin',(0.375,4.45166331725401,1.));
#10783=CARTESIAN_POINT('Origin',(-2.84865001455127E-16,4.45166331725401,
4.125));
#10784=CARTESIAN_POINT('',(0.375,4.45166331725401,4.125));
#10785=CARTESIAN_POINT('',(-0.375,4.45166331725401,4.125));
#10786=CARTESIAN_POINT('Origin',(-0.375,4.45166331725401,4.5));
#10787=CARTESIAN_POINT('',(-0.375,4.45166331725401,4.875));
#10788=CARTESIAN_POINT('Origin',(-2.84865001455127E-16,4.45166331725401,
4.875));
#10789=CARTESIAN_POINT('',(0.375,4.45166331725401,4.875));
#10790=CARTESIAN_POINT('Origin',(0.375,4.45166331725401,4.5));
#10791=CARTESIAN_POINT('',(0.,0.,0.));
#10792=CARTESIAN_POINT('',(0.,0.,0.));
#10793=CARTESIAN_POINT('',(0.,0.,0.));
#10794=CARTESIAN_POINT('Origin',(-7.40697602434663E-17,5.41294163995075E-16,
-12.4));
#10795=CARTESIAN_POINT('',(-0.507452776831719,4.79359853536704E-16,-12.3464534475673));
#10796=CARTESIAN_POINT('',(-6.21450418865399E-17,0.507452776831718,-12.3464534475673));
#10797=CARTESIAN_POINT('Origin',(0.,6.10523961934811E-16,-12.3464534475673));
#10798=CARTESIAN_POINT('',(-0.450464719006317,4.86128146369085E-16,-12.4));
#10799=CARTESIAN_POINT('',(-0.450464719006317,4.86128146369085E-16,-12.4));
#10800=CARTESIAN_POINT('Origin',(-7.40697602434663E-17,5.41294163995075E-16,
-12.4));
#10801=CARTESIAN_POINT('Origin',(0.,6.10523961934811E-16,-12.3464534475673));
#10802=CARTESIAN_POINT('Origin',(-6.68699561742343E-17,5.41504895423244E-16,
11.544705913462));
#10803=CARTESIAN_POINT('',(0.507507186468962,4.79353190277895E-16,11.544705913462));
#10804=CARTESIAN_POINT('',(6.21517051453493E-17,0.507507186468962,11.544705913462));
#10805=CARTESIAN_POINT('Origin',(-6.68699561742343E-17,5.41504895423244E-16,
11.544705913462));
#10806=CARTESIAN_POINT('',(0.452213099930966,4.85920691490273E-16,11.6));
#10807=CARTESIAN_POINT('',(0.507507186468962,4.79353190277895E-16,11.544705913462));
#10808=CARTESIAN_POINT('Origin',(-7.40564337242835E-17,5.41300824026569E-16,
11.6));
#10809=CARTESIAN_POINT('Origin',(-6.68699561742343E-17,5.41504895423244E-16,
11.544705913462));
#10810=CARTESIAN_POINT('Origin',(0.,5.41504895423244E-16,10.98287));
#10811=CARTESIAN_POINT('',(0.5234375,-6.41026058928693E-17,11.0330545293913));
#10812=CARTESIAN_POINT('',(6.41026058928693E-17,0.523437500000001,11.0330545293913));
#10813=CARTESIAN_POINT('Origin',(0.,5.47650727751815E-16,11.0330545293913));
#10814=CARTESIAN_POINT('Origin',(0.,5.47650727751815E-16,11.0330545293913));
#10815=CARTESIAN_POINT('',(6.4293956955236E-17,0.525,10.98287));
#10816=CARTESIAN_POINT('Origin',(0.,5.41504895423244E-16,-11.78287));
#10817=CARTESIAN_POINT('',(-6.41026058928693E-17,0.523437500000001,-11.8330545293913));
#10818=CARTESIAN_POINT('',(0.5234375,-6.41026058928693E-17,-11.8330545293913));
#10819=CARTESIAN_POINT('Origin',(0.,5.47650727751815E-16,-11.8330545293913));
#10820=CARTESIAN_POINT('',(-6.4293956955236E-17,0.525,-11.78287));
#10821=CARTESIAN_POINT('Origin',(0.,5.47650727751815E-16,-11.8330545293913));
#10822=CARTESIAN_POINT('Origin',(0.,0.,11.6));
#10823=CARTESIAN_POINT('',(0.0417890625,-0.409875193510623,11.6));
#10824=CARTESIAN_POINT('',(-0.0417890625000002,-0.409875193510623,11.6));
#10825=CARTESIAN_POINT('Origin',(0.,0.,11.6));
#10826=CARTESIAN_POINT('',(-0.0417890625000002,-0.409875193510623,-12.4));
#10827=CARTESIAN_POINT('',(-0.0417890625000002,-0.409875193510623,11.6));
#10828=CARTESIAN_POINT('',(0.0417890625,-0.409875193510623,-12.4));
#10829=CARTESIAN_POINT('Origin',(0.,0.,-12.4));
#10830=CARTESIAN_POINT('',(0.0417890625,-0.409875193510623,11.6));
#10831=CARTESIAN_POINT('Origin',(0.,0.,11.6));
#10832=CARTESIAN_POINT('',(0.5234375,-6.41026058928693E-17,11.6));
#10833=CARTESIAN_POINT('Origin',(0.,0.,11.6));
#10834=CARTESIAN_POINT('Origin',(0.,-0.447010079472399,11.6));
#10835=CARTESIAN_POINT('Origin',(0.,0.,-12.4));
#10836=CARTESIAN_POINT('Origin',(0.,-0.447010079472399,-12.4));
#10837=CARTESIAN_POINT('Origin',(0.,-0.447010079472399,11.6));
#10838=CARTESIAN_POINT('',(0.,0.,0.));
#10839=CARTESIAN_POINT('Ctrl Pts',(0.65290589286796,-0.0969045535929335,
1.16790482434914));
#10840=CARTESIAN_POINT('Ctrl Pts',(0.647061709762868,-0.124016722550666,
1.19272267731552));
#10841=CARTESIAN_POINT('Ctrl Pts',(0.640591073434116,-0.140749034084281,
1.22815161103673));
#10842=CARTESIAN_POINT('Ctrl Pts',(0.634580787749473,-0.143955768727315,
1.30175630538286));
#10843=CARTESIAN_POINT('Ctrl Pts',(0.635360037504911,-0.130032991790939,
1.33893241403756));
#10844=CARTESIAN_POINT('Ctrl Pts',(0.640028535595004,-0.0791988294368373,
1.39295296282356));
#10845=CARTESIAN_POINT('Ctrl Pts',(0.642834628666484,-0.0427451687079542,
1.40953478601296));
#10846=CARTESIAN_POINT('Ctrl Pts',(0.643261963150975,0.0323181252558346,
1.41221718213368));
#10847=CARTESIAN_POINT('Ctrl Pts',(0.64081549363976,0.0698494542235949,
1.39841461696844));
#10848=CARTESIAN_POINT('Ctrl Pts',(0.63585998642816,0.124766170521897,1.34793663294382));
#10849=CARTESIAN_POINT('Ctrl Pts',(0.63445823426171,0.141299116988057,1.31190659139259));
#10850=CARTESIAN_POINT('Ctrl Pts',(0.639246189877777,0.143515420112342,
1.23815095329));
#10851=CARTESIAN_POINT('Ctrl Pts',(0.645304930712943,0.129334180962826,
1.2016428734615));
#10852=CARTESIAN_POINT('Ctrl Pts',(0.657282003514149,0.0789110031861742,
1.14833649317405));
#10853=CARTESIAN_POINT('Ctrl Pts',(0.662255728775005,0.0426405697182117,
1.13186503417179));
#10854=CARTESIAN_POINT('Ctrl Pts',(0.663028294487513,-0.0323509633771197,
1.12921692392173));
#10855=CARTESIAN_POINT('Ctrl Pts',(0.658750075973052,-0.0697923846352011,
1.14308697138276));
#10856=CARTESIAN_POINT('Ctrl Pts',(0.65290589286796,-0.0969045535929335,
1.16790482434914));
#10857=CARTESIAN_POINT('Ctrl Pts',(0.642867021916068,-0.0850342353747308,
1.17838024877662));
#10858=CARTESIAN_POINT('Ctrl Pts',(0.637086281066075,-0.108821821019894,
1.20049793778901));
#10859=CARTESIAN_POINT('Ctrl Pts',(0.630678222851956,-0.123495875777774,
1.23207220747608));
#10860=CARTESIAN_POINT('Ctrl Pts',(0.624683434486222,-0.126293541963313,
1.2976688069713));
#10861=CARTESIAN_POINT('Ctrl Pts',(0.625410991489475,-0.114070752532706,
1.33080016101376));
#10862=CARTESIAN_POINT('Ctrl Pts',(0.629947601801663,-0.0694698510632855,
1.37894331259162));
#10863=CARTESIAN_POINT('Ctrl Pts',(0.632691093264838,-0.0374935324879676,
1.39372104453168));
#10864=CARTESIAN_POINT('Ctrl Pts',(0.633108713224694,0.0283475201971731,
1.39611160037122));
#10865=CARTESIAN_POINT('Ctrl Pts',(0.630716160398683,0.061268279673319,
1.38381074296183));
#10866=CARTESIAN_POINT('Ctrl Pts',(0.625893432107793,0.109448693827673,
1.33882472719297));
#10867=CARTESIAN_POINT('Ctrl Pts',(0.624552031286791,0.123960548275079,
1.30671475031377));
#10868=CARTESIAN_POINT('Ctrl Pts',(0.629343635185832,0.125920893572525,
1.24098362744796));
#10869=CARTESIAN_POINT('Ctrl Pts',(0.635347149225325,0.113486023962159,
1.20844762154056));
#10870=CARTESIAN_POINT('Ctrl Pts',(0.647196591296905,0.0692480360672719,
1.16094093890992));
#10871=CARTESIAN_POINT('Ctrl Pts',(0.65211180134524,0.037419809439155,1.14626156346446));
#10872=CARTESIAN_POINT('Ctrl Pts',(0.652875381332537,-0.0283900725480844,
1.14390156205205));
#10873=CARTESIAN_POINT('Ctrl Pts',(0.648647762766062,-0.0612466497295677,
1.15626255976422));
#10874=CARTESIAN_POINT('Ctrl Pts',(0.642867021916068,-0.0850342353747308,
1.17838024877662));
#10875=CARTESIAN_POINT('',(0.638288918365783,0.0972496703044746,1.37311792827186));
#10876=CARTESIAN_POINT('',(0.65285704164789,-0.0968467833829411,1.16795580736073));
#10877=CARTESIAN_POINT('Ctrl Pts',(0.638288917908589,0.0972496722632186,
1.37311793042957));
#10878=CARTESIAN_POINT('Ctrl Pts',(0.637089260090993,0.110975404938706,
1.36051300040243));
#10879=CARTESIAN_POINT('Ctrl Pts',(0.636074880713098,0.12177683098499,1.34558551840915));
#10880=CARTESIAN_POINT('Ctrl Pts',(0.635500698039157,0.13359699901689,1.31984961710514));
#10881=CARTESIAN_POINT('Ctrl Pts',(0.635473481046403,0.136622666428288,
1.31110986816162));
#10882=CARTESIAN_POINT('Ctrl Pts',(0.635737766060268,0.139790079488226,
1.29775857198308));
#10883=CARTESIAN_POINT('Ctrl Pts',(0.63587634311697,0.14061729997757,1.29326786112969));
#10884=CARTESIAN_POINT('Ctrl Pts',(0.63625982842719,0.141813711128743,1.28420588183515));
#10885=CARTESIAN_POINT('Ctrl Pts',(0.636507690740584,0.142184215664336,
1.27958929758972));
#10886=CARTESIAN_POINT('Ctrl Pts',(0.637396417084648,0.142598341768272,
1.26589418780844));
#10887=CARTESIAN_POINT('Ctrl Pts',(0.638187212312789,0.141970632774096,
1.2568431615088));
#10888=CARTESIAN_POINT('Ctrl Pts',(0.639658747099423,0.139658377678637,
1.24338519239116));
#10889=CARTESIAN_POINT('Ctrl Pts',(0.640196452490849,0.138659100667346,
1.23891896440725));
#10890=CARTESIAN_POINT('Ctrl Pts',(0.641359830679268,0.136200132408333,
1.23002603188338));
#10891=CARTESIAN_POINT('Ctrl Pts',(0.641995763824917,0.134714305751433,
1.22553139771614));
#10892=CARTESIAN_POINT('Ctrl Pts',(0.643959059076081,0.129719261055972,
1.21251971891847));
#10893=CARTESIAN_POINT('Ctrl Pts',(0.645359029668736,0.125645967644905,
1.2043360177683));
#10894=CARTESIAN_POINT('Ctrl Pts',(0.648257126018654,0.115990265978133,
1.18895011823119));
#10895=CARTESIAN_POINT('Ctrl Pts',(0.649763041563417,0.110374639877038,
1.1817127873219));
#10896=CARTESIAN_POINT('Ctrl Pts',(0.654207999242217,0.0914324065006747,
1.16168519417684));
#10897=CARTESIAN_POINT('Ctrl Pts',(0.656961128310851,0.0765597696772781,
1.15115199935327));
#10898=CARTESIAN_POINT('Ctrl Pts',(0.661176801473296,0.041853740784423,
1.13551435306892));
#10899=CARTESIAN_POINT('Ctrl Pts',(0.662401783921941,0.0237719903424029,
1.13127299811047));
#10900=CARTESIAN_POINT('Ctrl Pts',(0.662688035748093,-0.00417166746119647,
1.13028113592243));
#10901=CARTESIAN_POINT('Ctrl Pts',(0.662523088996501,-0.0134139353395364,
1.13085574885199));
#10902=CARTESIAN_POINT('Ctrl Pts',(0.661691966883642,-0.0317221822255725,
1.13381544202891));
#10903=CARTESIAN_POINT('Ctrl Pts',(0.661019717316353,-0.0408481634901676,
1.13622260782885));
#10904=CARTESIAN_POINT('Ctrl Pts',(0.658319438816161,-0.0675550074594949,
1.14602645215708));
#10905=CARTESIAN_POINT('Ctrl Pts',(0.655758792310617,-0.083228195385281,
1.15548585348487));
#10906=CARTESIAN_POINT('Ctrl Pts',(0.652857043914875,-0.0968467826467485,
1.16795580869902));
#10907=CARTESIAN_POINT('',(0.628304796575065,0.0853584871366655,1.36131773545567));
#10908=CARTESIAN_POINT('',(0.638288919265682,0.0972496663697306,1.37311792393932));
#10909=CARTESIAN_POINT('',(0.652517795565965,-5.45803147055478E-8,1.1450036205232));
#10910=CARTESIAN_POINT('Ctrl Pts',(0.652517795565965,-5.45803147299682E-8,
1.1450036205232));
#10911=CARTESIAN_POINT('Ctrl Pts',(0.652519235051167,0.0015377996590277,
1.1450014197293));
#10912=CARTESIAN_POINT('Ctrl Pts',(0.652510985357159,0.00303566426111296,
1.14502818576256));
#10913=CARTESIAN_POINT('Ctrl Pts',(0.652493756044504,0.0045148786691744,
1.14508132676923));
#10914=CARTESIAN_POINT('Ctrl Pts',(0.65245969037983,0.00743957003761653,
1.14518639675955));
#10915=CARTESIAN_POINT('Ctrl Pts',(0.652392127159448,0.0102829631150224,
1.1453912187527));
#10916=CARTESIAN_POINT('Ctrl Pts',(0.652288489306894,0.0132102521160074,
1.14570793633679));
#10917=CARTESIAN_POINT('Ctrl Pts',(0.652261807224421,0.013963897281567,
1.14578947685979));
#10918=CARTESIAN_POINT('Ctrl Pts',(0.652232651994081,0.0147230713430645,
1.14587868625196));
#10919=CARTESIAN_POINT('Ctrl Pts',(0.652200812351982,0.0154905086924036,
1.14597629836281));
#10920=CARTESIAN_POINT('Ctrl Pts',(0.651982753346916,0.020746429105247,
1.14664481089535));
#10921=CARTESIAN_POINT('Ctrl Pts',(0.651645734054829,0.0262039818326652,
1.14768476094044));
#10922=CARTESIAN_POINT('Ctrl Pts',(0.651177910883395,0.0317971271082541,
1.14917172624894));
#10923=CARTESIAN_POINT('Ctrl Pts',(0.650710087711961,0.0373902723838429,
1.15065869155744));
#10924=CARTESIAN_POINT('Ctrl Pts',(0.650110735317509,0.043127188707926,
1.15259522575068));
#10925=CARTESIAN_POINT('Ctrl Pts',(0.649374205799128,0.0489009844589051,
1.15505185507275));
#10926=CARTESIAN_POINT('Ctrl Pts',(0.648637676280747,0.0546747802098842,
1.15750848439483));
#10927=CARTESIAN_POINT('Ctrl Pts',(0.64776338086494,0.0604856442458941,
1.16048478994247));
#10928=CARTESIAN_POINT('Ctrl Pts',(0.646753353152243,0.0662266953310069,
1.16405610688185));
#10929=CARTESIAN_POINT('Ctrl Pts',(0.645743325439546,0.0719677464161198,
1.16762742382122));
#10930=CARTESIAN_POINT('Ctrl Pts',(0.644598905229672,0.0776328794152899,
1.17178994960437));
#10931=CARTESIAN_POINT('Ctrl Pts',(0.643340493316788,0.0830625965073026,
1.1765984074616));
#10932=CARTESIAN_POINT('Ctrl Pts',(0.642711287360346,0.085777455053309,
1.17900263639022));
#10933=CARTESIAN_POINT('Ctrl Pts',(0.642053118207865,0.088431937415104,
1.18156893145543));
#10934=CARTESIAN_POINT('Ctrl Pts',(0.641369963308698,0.0910004351809459,
1.18430197950625));
#10935=CARTESIAN_POINT('Ctrl Pts',(0.641338167701174,0.0911199790018096,
1.18442918187759));
#10936=CARTESIAN_POINT('Ctrl Pts',(0.641305490624553,0.0912425732098052,
1.18456013312184));
#10937=CARTESIAN_POINT('Ctrl Pts',(0.641272139584136,0.0913673728110345,
1.18469401942136));
#10938=CARTESIAN_POINT('Ctrl Pts',(0.641126346959536,0.0919129288472179,
1.18527929756442));
#10939=CARTESIAN_POINT('Ctrl Pts',(0.640968238847868,0.0925001784937795,
1.18592091148004));
#10940=CARTESIAN_POINT('Ctrl Pts',(0.640815547180539,0.0930620228640915,
1.18654754769987));
#10941=CARTESIAN_POINT('Ctrl Pts',(0.64062792627051,0.0937523929012778,
1.18731753115659));
#10942=CARTESIAN_POINT('Ctrl Pts',(0.640441826696614,0.0944290736363361,
1.18809117305979));
#10943=CARTESIAN_POINT('Ctrl Pts',(0.640257290869012,0.0950922023027208,
1.18886795541608));
#10944=CARTESIAN_POINT('Ctrl Pts',(0.639888219213808,0.09641845963549,1.19042152012866));
#10945=CARTESIAN_POINT('Ctrl Pts',(0.63952540174915,0.0976905111660859,
1.1919876477424));
#10946=CARTESIAN_POINT('Ctrl Pts',(0.639169146297823,0.0989096722255028,
1.1935624048308));
#10947=CARTESIAN_POINT('Ctrl Pts',(0.637919100715554,0.103187520861142,
1.19908798523711));
#10948=CARTESIAN_POINT('Ctrl Pts',(0.636752251035891,0.106804487228477,
1.20470572468112));
#10949=CARTESIAN_POINT('Ctrl Pts',(0.635675552521217,0.10985052685451,1.21028760164056));
#10950=CARTESIAN_POINT('Ctrl Pts',(0.635524840705487,0.110276898913699,
1.21106892974706));
#10951=CARTESIAN_POINT('Ctrl Pts',(0.635375869892147,0.110692063751436,
1.21184963107588));
#10952=CARTESIAN_POINT('Ctrl Pts',(0.635228635837518,0.111096248140688,
1.2126294247909));
#10953=CARTESIAN_POINT('Ctrl Pts',(0.634629092269008,0.112742104812082,
1.21580477921405));
#10954=CARTESIAN_POINT('Ctrl Pts',(0.634059155913762,0.114206157979189,
1.21896356797724));
#10955=CARTESIAN_POINT('Ctrl Pts',(0.633520517752789,0.115504337016362,
1.22208249609634));
#10956=CARTESIAN_POINT('Ctrl Pts',(0.633251198672302,0.116153426534948,
1.22364196015589));
#10957=CARTESIAN_POINT('Ctrl Pts',(0.632989701739549,0.116761046060495,
1.22519145193156));
#10958=CARTESIAN_POINT('Ctrl Pts',(0.632736193821984,0.117329198765313,
1.22672801018059));
#10959=CARTESIAN_POINT('Ctrl Pts',(0.632482685904418,0.11789735147013,1.22826456842961));
#10960=CARTESIAN_POINT('Ctrl Pts',(0.632237168301256,0.118426036365458,
1.22978819307316));
#10961=CARTESIAN_POINT('Ctrl Pts',(0.631999750815879,0.118917284448672,
1.23129588725135));
#10962=CARTESIAN_POINT('Ctrl Pts',(0.631037982171734,0.120907310592624,
1.23740349547253));
#10963=CARTESIAN_POINT('Ctrl Pts',(0.630207312495676,0.122291150187092,
1.24326707022239));
#10964=CARTESIAN_POINT('Ctrl Pts',(0.629505567659765,0.123230991993874,
1.24877779342577));
#10965=CARTESIAN_POINT('Ctrl Pts',(0.628821478217691,0.124147188058792,
1.25414987080875));
#10966=CARTESIAN_POINT('Ctrl Pts',(0.628259469198466,0.124642040141229,
1.25918780176406));
#10967=CARTESIAN_POINT('Ctrl Pts',(0.627806581648983,0.124861298356312,
1.2638368711719));
#10968=CARTESIAN_POINT('Ctrl Pts',(0.627577215775332,0.124972342150992,
1.26619140237419));
#10969=CARTESIAN_POINT('Ctrl Pts',(0.627375767870195,0.125012683293184,
1.26844679634458));
#10970=CARTESIAN_POINT('Ctrl Pts',(0.627199921211837,0.125000127025429,
1.27059952899741));
#10971=CARTESIAN_POINT('Ctrl Pts',(0.627111997882659,0.124993848891551,
1.27167589532383));
#10972=CARTESIAN_POINT('Ctrl Pts',(0.627030469019457,0.124974329800866,
1.2727266290873));
#10973=CARTESIAN_POINT('Ctrl Pts',(0.626955154879169,0.124943927461751,
1.27375150204593));
#10974=CARTESIAN_POINT('Ctrl Pts',(0.626952816669009,0.12494298358776,1.27378332035196));
#10975=CARTESIAN_POINT('Ctrl Pts',(0.626950426174185,0.124942006033431,
1.27381591031137));
#10976=CARTESIAN_POINT('Ctrl Pts',(0.626947988549962,0.124940994822178,
1.27384920737828));
#10977=CARTESIAN_POINT('Ctrl Pts',(0.626911168032245,0.12492572039164,1.27435216235837));
#10978=CARTESIAN_POINT('Ctrl Pts',(0.62686390100718,0.124901739478797,1.27501614507594));
#10979=CARTESIAN_POINT('Ctrl Pts',(0.626822397790496,0.124874869693495,
1.27561848614996));
#10980=CARTESIAN_POINT('Ctrl Pts',(0.626778146941443,0.124846221051089,
1.27626070393629));
#10981=CARTESIAN_POINT('Ctrl Pts',(0.62673506000868,0.124812263337394,1.27690616108407));
#10982=CARTESIAN_POINT('Ctrl Pts',(0.626693360328272,0.124773200206893,
1.2775548585779));
#10983=CARTESIAN_POINT('Ctrl Pts',(0.626359762885009,0.124460695162882,
1.28274443852856));
#10984=CARTESIAN_POINT('Ctrl Pts',(0.62611075681593,0.123812967100052,1.28814095073926));
#10985=CARTESIAN_POINT('Ctrl Pts',(0.62595101886693,0.122745377616199,1.29368794592963));
#10986=CARTESIAN_POINT('Ctrl Pts',(0.625791280917931,0.121677788132347,
1.29923494112));
#10987=CARTESIAN_POINT('Ctrl Pts',(0.625720338549607,0.120187387397667,
1.30493909244766));
#10988=CARTESIAN_POINT('Ctrl Pts',(0.625740040049377,0.118202089113402,
1.31070539266125));
#10989=CARTESIAN_POINT('Ctrl Pts',(0.625749890799262,0.117209439971269,
1.31358854276804));
#10990=CARTESIAN_POINT('Ctrl Pts',(0.625782246028821,0.116093159656325,
1.31648723858352));
#10991=CARTESIAN_POINT('Ctrl Pts',(0.62583686241414,0.11484451209256,1.31938969826744));
#10992=CARTESIAN_POINT('Ctrl Pts',(0.625864170606799,0.114220188310677,
1.3208409281094));
#10993=CARTESIAN_POINT('Ctrl Pts',(0.62589704297364,0.11356277320835,1.32229310014206));
#10994=CARTESIAN_POINT('Ctrl Pts',(0.625935458855094,0.112871169210854,
1.3237447440028));
#10995=CARTESIAN_POINT('Ctrl Pts',(0.625973874736548,0.112179565213357,
1.32519638786353));
#10996=CARTESIAN_POINT('Ctrl Pts',(0.62601783328643,0.111453772668602,1.32664750397847));
#10997=CARTESIAN_POINT('Ctrl Pts',(0.626067336507452,0.110692682686878,
1.32809661714329));
#10998=CARTESIAN_POINT('Ctrl Pts',(0.62626534939154,0.107648322759982,1.33389306980259));
#10999=CARTESIAN_POINT('Ctrl Pts',(0.626550891216349,0.104034793409196,
1.33965734561558));
#11000=CARTESIAN_POINT('Ctrl Pts',(0.626924365807845,0.0998221353020683,
1.34524276770081));
#11001=CARTESIAN_POINT('Ctrl Pts',(0.627111103103594,0.0977158062485047,
1.34803547874343));
#11002=CARTESIAN_POINT('Ctrl Pts',(0.627319684606886,0.0954597626292003,
1.35078352420755));
#11003=CARTESIAN_POINT('Ctrl Pts',(0.627549822731655,0.0930503813537295,
1.35346874445672));
#11004=CARTESIAN_POINT('Ctrl Pts',(0.627664891794039,0.0918456907159941,
1.35481135458131));
#11005=CARTESIAN_POINT('Ctrl Pts',(0.627785350549428,0.0906026646230275,
1.35613825917292));
#11006=CARTESIAN_POINT('Ctrl Pts',(0.6279111813987,0.0893208388475084,1.35744718416869));
#11007=CARTESIAN_POINT('Ctrl Pts',(0.627974096823335,0.0886799259597488,
1.35810164666658));
#11008=CARTESIAN_POINT('Ctrl Pts',(0.628038355569813,0.088029313753562,
1.35875161350086));
#11009=CARTESIAN_POINT('Ctrl Pts',(0.628104040446902,0.0873690416983382,
1.35939689713558));
#11010=CARTESIAN_POINT('Ctrl Pts',(0.628169725323968,0.0867087696433481,
1.36004218077007));
#11011=CARTESIAN_POINT('Ctrl Pts',(0.628236710596783,0.0860386816425712,
1.36068263762864));
#11012=CARTESIAN_POINT('Ctrl Pts',(0.628304796889076,0.085358487513015,
1.36131773582508));
#11013=CARTESIAN_POINT('',(0.642867023304719,-0.0850342370443999,1.17838024734212));
#11014=CARTESIAN_POINT('Ctrl Pts',(0.642867023312818,-0.0850342370541442,
1.17838024733375));
#11015=CARTESIAN_POINT('Ctrl Pts',(0.642933935853072,-0.0847588864053447,
1.17812422939938));
#11016=CARTESIAN_POINT('Ctrl Pts',(0.642971166776372,-0.0846043854337783,
1.1779820999316));
#11017=CARTESIAN_POINT('Ctrl Pts',(0.643020575402312,-0.0843987109646637,
1.17779363377459));
#11018=CARTESIAN_POINT('Ctrl Pts',(0.643168801280188,-0.0837816875570807,
1.17722823530335));
#11019=CARTESIAN_POINT('Ctrl Pts',(0.643315520439177,-0.0831606017083033,
1.17667108147526));
#11020=CARTESIAN_POINT('Ctrl Pts',(0.643460696638593,-0.0825357341502187,
1.17612213193865));
#11021=CARTESIAN_POINT('Ctrl Pts',(0.643654264904481,-0.0817025774061058,
1.17539019922318));
#11022=CARTESIAN_POINT('Ctrl Pts',(0.643845089993305,-0.0808626987331757,
1.17467285251682));
#11023=CARTESIAN_POINT('Ctrl Pts',(0.644033174149942,-0.0800168320074509,
1.17396989218319));
#11024=CARTESIAN_POINT('Ctrl Pts',(0.644409342463215,-0.0783250985560014,
1.17256397151593));
#11025=CARTESIAN_POINT('Ctrl Pts',(0.644775214802719,-0.0766101525775916,
1.17121484619067));
#11026=CARTESIAN_POINT('Ctrl Pts',(0.645129568919819,-0.0748759132578407,
1.16992212064365));
#11027=CARTESIAN_POINT('Ctrl Pts',(0.645838277154017,-0.071407434618339,
1.16733666954959));
#11028=CARTESIAN_POINT('Ctrl Pts',(0.646500759618637,-0.0678620904588928,
1.16497699872552));
#11029=CARTESIAN_POINT('Ctrl Pts',(0.647112564207794,-0.0642717720741896,
1.16283418998376));
#11030=CARTESIAN_POINT('Ctrl Pts',(0.648254746898982,-0.057568979078616,
1.15883376386936));
#11031=CARTESIAN_POINT('Ctrl Pts',(0.649219008469542,-0.0507119492496822,
1.15559025065467));
#11032=CARTESIAN_POINT('Ctrl Pts',(0.649996324672391,-0.0438711312915029,
1.15302678543901));
#11033=CARTESIAN_POINT('Ctrl Pts',(0.650051739737137,-0.0433834476838788,
1.15284403536847));
#11034=CARTESIAN_POINT('Ctrl Pts',(0.65010620993034,-0.0428958256156849,
1.15266473873422));
#11035=CARTESIAN_POINT('Ctrl Pts',(0.650159734321419,-0.0424083174711255,
1.15248886646924));
#11036=CARTESIAN_POINT('Ctrl Pts',(0.650964054125691,-0.0350824526175762,
1.1498460050952));
#11037=CARTESIAN_POINT('Ctrl Pts',(0.651554619898219,-0.0277847502071865,
1.147975525763));
#11038=CARTESIAN_POINT('Ctrl Pts',(0.651941862929535,-0.0206734268992864,
1.14676681321574));
#11039=CARTESIAN_POINT('Ctrl Pts',(0.652329105960851,-0.0135621035913863,
1.14555810066849));
#11040=CARTESIAN_POINT('Ctrl Pts',(0.652513244086125,-0.00663651983961827,
1.14501073723537));
#11041=CARTESIAN_POINT('Ctrl Pts',(0.652517795565937,-5.46098870071861E-8,
1.14500362052324));
#11042=CARTESIAN_POINT('',(0.65285703711392,-0.096846784855326,1.16795580468416));
#11043=CARTESIAN_POINT('Ctrl Pts',(0.695869086249737,-0.101038722421809,
0.551411077407274));
#11044=CARTESIAN_POINT('Ctrl Pts',(0.690174679879701,-0.12722389105676,
0.577311218709391));
#11045=CARTESIAN_POINT('Ctrl Pts',(0.684136067461198,-0.142594062716336,
0.613505881139948));
#11046=CARTESIAN_POINT('Ctrl Pts',(0.6787954101005,-0.142864266454651,0.6873801477143));
#11047=CARTESIAN_POINT('Ctrl Pts',(0.679689383795761,-0.127462293789938,
0.724059066556175));
#11048=CARTESIAN_POINT('Ctrl Pts',(0.683998646315046,-0.0744404196727078,
0.776227242755617));
#11049=CARTESIAN_POINT('Ctrl Pts',(0.686403275592717,-0.0372820277290696,
0.791439103518261));
#11050=CARTESIAN_POINT('Ctrl Pts',(0.68637631608531,0.0379330088439606,
0.791243001271067));
#11051=CARTESIAN_POINT('Ctrl Pts',(0.683960160741446,0.074934748199197,
0.776005770932742));
#11052=CARTESIAN_POINT('Ctrl Pts',(0.679650986997947,0.127949846184033,
0.723308207155614));
#11053=CARTESIAN_POINT('Ctrl Pts',(0.678809864970294,0.143057362129422,
0.686583906962333));
#11054=CARTESIAN_POINT('Ctrl Pts',(0.684238427382851,0.142392721173976,
0.612690346333993));
#11055=CARTESIAN_POINT('Ctrl Pts',(0.690297449443841,0.126803702359096,
0.576661813633965));
#11056=CARTESIAN_POINT('Ctrl Pts',(0.70167102281313,0.0741977546975415,
0.525103170783118));
#11057=CARTESIAN_POINT('Ctrl Pts',(0.706078986534706,0.03717732660499,0.509977850828453));
#11058=CARTESIAN_POINT('Ctrl Pts',(0.706013158065346,-0.0379589179119158,
0.510216859558588));
#11059=CARTESIAN_POINT('Ctrl Pts',(0.701563492619773,-0.074853553786858,
0.525510936105156));
#11060=CARTESIAN_POINT('Ctrl Pts',(0.695869086249737,-0.101038722421809,
0.551411077407274));
#11061=CARTESIAN_POINT('Ctrl Pts',(0.685691763547898,-0.0885010352260746,
0.561724483779968));
#11062=CARTESIAN_POINT('Ctrl Pts',(0.680054413375124,-0.111433559188401,
0.584747274118869));
#11063=CARTESIAN_POINT('Ctrl Pts',(0.674068145021449,-0.124888517894456,
0.616920907140889));
#11064=CARTESIAN_POINT('Ctrl Pts',(0.668731834355787,-0.125111000200491,
0.682588223941942));
#11065=CARTESIAN_POINT('Ctrl Pts',(0.669575314143109,-0.111615925620201,
0.715192315281718));
#11066=CARTESIAN_POINT('Ctrl Pts',(0.673766412308285,-0.065180228558721,
0.76156491899044));
#11067=CARTESIAN_POINT('Ctrl Pts',(0.676119035704502,-0.0326438359785942,
0.775086833417258));
#11068=CARTESIAN_POINT('Ctrl Pts',(0.676092685621791,0.0332138315316279,
0.774912516792036));
#11069=CARTESIAN_POINT('Ctrl Pts',(0.67372873602345,0.0656130804835145,
0.761368051400462));
#11070=CARTESIAN_POINT('Ctrl Pts',(0.669538258037803,0.112042990504917,
0.714524871825441));
#11071=CARTESIAN_POINT('Ctrl Pts',(0.668746878630127,0.12528026766247,0.6818804413359));
#11072=CARTESIAN_POINT('Ctrl Pts',(0.674169818698943,0.124712331862868,
0.616195972803139));
#11073=CARTESIAN_POINT('Ctrl Pts',(0.680176038183774,0.111065629419908,
0.584170014099396));
#11074=CARTESIAN_POINT('Ctrl Pts',(0.691435489987937,0.0649941075708893,
0.538339228364524));
#11075=CARTESIAN_POINT('Ctrl Pts',(0.695794694294385,0.0325662272070579,
0.524894240443096));
#11076=CARTESIAN_POINT('Ctrl Pts',(0.695729580791106,-0.0332508739907058,
0.525106697041098));
#11077=CARTESIAN_POINT('Ctrl Pts',(0.691329113720673,-0.0655685112637483,
0.538701693441067));
#11078=CARTESIAN_POINT('Ctrl Pts',(0.685691763547898,-0.0885010352260746,
0.561724483779968));
#11079=CARTESIAN_POINT('',(0.68175823433917,0.101383597109845,0.749602494862415));
#11080=CARTESIAN_POINT('',(0.695821721642512,-0.100980365804109,0.551459082455858));
#11081=CARTESIAN_POINT('Ctrl Pts',(0.681758233893721,0.101383599102601,
0.749602496887213));
#11082=CARTESIAN_POINT('Ctrl Pts',(0.68071892603757,0.11462357328566,0.73645325539699));
#11083=CARTESIAN_POINT('Ctrl Pts',(0.679917785712247,0.124862758890883,
0.721057860348142));
#11084=CARTESIAN_POINT('Ctrl Pts',(0.679685016307006,0.135669893198245,
0.694850104439735));
#11085=CARTESIAN_POINT('Ctrl Pts',(0.679769170740318,0.138353415144195,
0.685986160122916));
#11086=CARTESIAN_POINT('Ctrl Pts',(0.680187090303887,0.140998833800222,
0.672498205126665));
#11087=CARTESIAN_POINT('Ctrl Pts',(0.680374662037056,0.14165059816161,0.667970213707744));
#11088=CARTESIAN_POINT('Ctrl Pts',(0.68085031299622,0.142492919444467,0.658850218029561));
#11089=CARTESIAN_POINT('Ctrl Pts',(0.681141702074185,0.142683019203877,
0.65421323335404));
#11090=CARTESIAN_POINT('Ctrl Pts',(0.682148265803952,0.142561652789517,
0.640479616057898));
#11091=CARTESIAN_POINT('Ctrl Pts',(0.683001230691136,0.141580459857569,
0.631439800054239));
#11092=CARTESIAN_POINT('Ctrl Pts',(0.684535967611334,0.138743325223307,
0.618053969339402));
#11093=CARTESIAN_POINT('Ctrl Pts',(0.685089758072167,0.137569992850451,
0.613621007982899));
#11094=CARTESIAN_POINT('Ctrl Pts',(0.68627475159025,0.134764903529326,0.604813049700109));
#11095=CARTESIAN_POINT('Ctrl Pts',(0.686915128776499,0.133107423194261,
0.600378150376221));
#11096=CARTESIAN_POINT('Ctrl Pts',(0.690193226807295,0.123925534515531,
0.578955270682971));
#11097=CARTESIAN_POINT('Ctrl Pts',(0.693123677104423,0.113614045125346,
0.563842110816681));
#11098=CARTESIAN_POINT('Ctrl Pts',(0.698750053957783,0.0872713741784723,
0.538019401800854));
#11099=CARTESIAN_POINT('Ctrl Pts',(0.701294036217608,0.0719405890830471,
0.528018642637111));
#11100=CARTESIAN_POINT('Ctrl Pts',(0.705030195183852,0.0365578982748182,
0.513669522714928));
#11101=CARTESIAN_POINT('Ctrl Pts',(0.7060124482586,0.0182829887380889,0.510110478008965));
#11102=CARTESIAN_POINT('Ctrl Pts',(0.705991098580722,-0.00972578709990128,
0.510194795796273));
#11103=CARTESIAN_POINT('Ctrl Pts',(0.705735755397523,-0.0189506284082944,
0.511124532738684));
#11104=CARTESIAN_POINT('Ctrl Pts',(0.704755613241269,-0.0371491969222422,
0.514787268650124));
#11105=CARTESIAN_POINT('Ctrl Pts',(0.704025060742667,-0.0461766568034334,
0.517542422472936));
#11106=CARTESIAN_POINT('Ctrl Pts',(0.701205835347639,-0.0725197338273485,
0.528379026338229));
#11107=CARTESIAN_POINT('Ctrl Pts',(0.69864964484178,-0.0878294073615263,
0.5384473168792));
#11108=CARTESIAN_POINT('Ctrl Pts',(0.695821723884401,-0.100980365032046,
0.551459083729504));
#11109=CARTESIAN_POINT('',(0.671633497327146,0.0888280358640972,0.737946461952549));
#11110=CARTESIAN_POINT('',(0.681758235215992,0.101383593106875,0.74960249079661));
#11111=CARTESIAN_POINT('',(0.695762317931393,3.64776589839501E-10,0.524999852329674));
#11112=CARTESIAN_POINT('Ctrl Pts',(0.695762317931393,3.65679965474985E-10,
0.524999852329674));
#11113=CARTESIAN_POINT('Ctrl Pts',(0.695762644794885,0.00503414546743922,
0.524997971035343));
#11114=CARTESIAN_POINT('Ctrl Pts',(0.695659915834228,0.0102790862735572,
0.525313568356052));
#11115=CARTESIAN_POINT('Ctrl Pts',(0.69544316231781,0.0156770735844278,
0.526008876175674));
#11116=CARTESIAN_POINT('Ctrl Pts',(0.695226408801392,0.0210750608952985,
0.526704183995297));
#11117=CARTESIAN_POINT('Ctrl Pts',(0.69489557763237,0.0266262764905904,
0.527778714295163));
#11118=CARTESIAN_POINT('Ctrl Pts',(0.694440377692191,0.0322753021957642,
0.529298962838614));
#11119=CARTESIAN_POINT('Ctrl Pts',(0.693918640363606,0.0387500560794473,
0.53104142882737));
#11120=CARTESIAN_POINT('Ctrl Pts',(0.693232290961326,0.0453463143718556,
0.533370003477852));
#11121=CARTESIAN_POINT('Ctrl Pts',(0.692378240427878,0.0519324665627829,
0.536373394873052));
#11122=CARTESIAN_POINT('Ctrl Pts',(0.691742024766306,0.0568387490475566,
0.538610738646779));
#11123=CARTESIAN_POINT('Ctrl Pts',(0.691012920819173,0.0617386225364889,
0.541222494763768));
#11124=CARTESIAN_POINT('Ctrl Pts',(0.690194125087698,0.0665594733158342,
0.544242325653134));
#11125=CARTESIAN_POINT('Ctrl Pts',(0.689235154982947,0.0722056334008751,
0.547779138844732));
#11126=CARTESIAN_POINT('Ctrl Pts',(0.688155450107903,0.077747746121867,
0.551873235502556));
#11127=CARTESIAN_POINT('Ctrl Pts',(0.686972247077307,0.0830395188305683,
0.556567182481212));
#11128=CARTESIAN_POINT('Ctrl Pts',(0.686676446319658,0.0843624620077435,
0.557740669225876));
#11129=CARTESIAN_POINT('Ctrl Pts',(0.686374028264459,0.0856693048838981,
0.558951789547775));
#11130=CARTESIAN_POINT('Ctrl Pts',(0.686065357970053,0.0869572312766548,
0.560200999814103));
#11131=CARTESIAN_POINT('Ctrl Pts',(0.685988190396452,0.087279212874844,
0.560513302380685));
#11132=CARTESIAN_POINT('Ctrl Pts',(0.685910632264408,0.0876000112955322,
0.560827984986436));
#11133=CARTESIAN_POINT('Ctrl Pts',(0.6858327839726,0.0879196959029069,0.561144957815181));
#11134=CARTESIAN_POINT('Ctrl Pts',(0.685824083807128,0.087955423199148,
0.561180382048602));
#11135=CARTESIAN_POINT('Ctrl Pts',(0.68581510972743,0.0879922603328638,
0.561216943390549));
#11136=CARTESIAN_POINT('Ctrl Pts',(0.685805901429442,0.0880300367714065,
0.561254481275256));
#11137=CARTESIAN_POINT('Ctrl Pts',(0.685732714711946,0.0883302804797571,
0.561552828979351));
#11138=CARTESIAN_POINT('Ctrl Pts',(0.685644872236446,0.0886895561561565,
0.561913099756771));
#11139=CARTESIAN_POINT('Ctrl Pts',(0.685562586212461,0.0890241623345234,
0.562252717056245));
#11140=CARTESIAN_POINT('Ctrl Pts',(0.685377307832658,0.0897775744888316,
0.563017412443779));
#11141=CARTESIAN_POINT('Ctrl Pts',(0.685193365377271,0.0905160860310263,
0.563786301420702));
#11142=CARTESIAN_POINT('Ctrl Pts',(0.685010823881776,0.0912398189430016,
0.56455874179887));
#11143=CARTESIAN_POINT('Ctrl Pts',(0.684280657899797,0.094134750590903,
0.567648503311544));
#11144=CARTESIAN_POINT('Ctrl Pts',(0.683572880951376,0.0967932911416685,
0.570795110045705));
#11145=CARTESIAN_POINT('Ctrl Pts',(0.682890658069624,0.0992285970469959,
0.57396280441879));
#11146=CARTESIAN_POINT('Ctrl Pts',(0.68174446931622,0.103320104843706,0.579284783147097));
#11147=CARTESIAN_POINT('Ctrl Pts',(0.680673419676284,0.106773456174728,
0.584652069583785));
#11148=CARTESIAN_POINT('Ctrl Pts',(0.679683930596205,0.109685256108776,
0.589943960842274));
#11149=CARTESIAN_POINT('Ctrl Pts',(0.679495512303402,0.110239720411214,
0.590951641610758));
#11150=CARTESIAN_POINT('Ctrl Pts',(0.679310006198111,0.110774514747388,
0.591956729952623));
#11151=CARTESIAN_POINT('Ctrl Pts',(0.679127397365938,0.111290258981536,
0.592958580471826));
#11152=CARTESIAN_POINT('Ctrl Pts',(0.678556602761628,0.112902360776133,
0.596090142422477));
#11153=CARTESIAN_POINT('Ctrl Pts',(0.678015040779543,0.114328614055367,
0.599188265598766));
#11154=CARTESIAN_POINT('Ctrl Pts',(0.677504537568189,0.115588560334817,
0.602228309559221));
#11155=CARTESIAN_POINT('Ctrl Pts',(0.677249285962512,0.116218533474541,
0.603748331539448));
#11156=CARTESIAN_POINT('Ctrl Pts',(0.677001797641809,0.116806928236469,
0.605253826731372));
#11157=CARTESIAN_POINT('Ctrl Pts',(0.676762261922326,0.117356198311775,
0.606741666412505));
#11158=CARTESIAN_POINT('Ctrl Pts',(0.676522726202843,0.11790546838708,0.608229506093639));
#11159=CARTESIAN_POINT('Ctrl Pts',(0.676291144308714,0.118415612838504,
0.609699690167705));
#11160=CARTESIAN_POINT('Ctrl Pts',(0.67606765264187,0.118889112077019,0.611149054881052));
#11161=CARTESIAN_POINT('Ctrl Pts',(0.67517320843303,0.12078412077136,0.616949610636268));
#11162=CARTESIAN_POINT('Ctrl Pts',(0.674405466108118,0.122100220520409,
0.622436143101136));
#11163=CARTESIAN_POINT('Ctrl Pts',(0.673758344890867,0.123014400160002,
0.6275069548842));
#11164=CARTESIAN_POINT('Ctrl Pts',(0.673111914666328,0.123927603643268,
0.632572352080474));
#11165=CARTESIAN_POINT('Ctrl Pts',(0.672585341475759,0.124440501018649,
0.637224183138452));
#11166=CARTESIAN_POINT('Ctrl Pts',(0.672162493395182,0.124717145169836,
0.641410451966499));
#11167=CARTESIAN_POINT('Ctrl Pts',(0.671950956355481,0.124855541174171,
0.643504705094169));
#11168=CARTESIAN_POINT('Ctrl Pts',(0.671765238833344,0.124934532324216,
0.645483223475439));
#11169=CARTESIAN_POINT('Ctrl Pts',(0.671602776218753,0.124972434881441,
0.647343178133273));
#11170=CARTESIAN_POINT('Ctrl Pts',(0.671562160565105,0.124981910520747,
0.647808166797731));
#11171=CARTESIAN_POINT('Ctrl Pts',(0.671522997423989,0.12498880944181,0.648265754825244));
#11172=CARTESIAN_POINT('Ctrl Pts',(0.671485245269628,0.1249933999262,0.648715916130301));
#11173=CARTESIAN_POINT('Ctrl Pts',(0.671476590524138,0.124994452302541,
0.648819116373866));
#11174=CARTESIAN_POINT('Ctrl Pts',(0.671467867360394,0.12499543564687,0.648923779370631));
#11175=CARTESIAN_POINT('Ctrl Pts',(0.671458392207841,0.124996376454856,
0.649038209660366));
#11176=CARTESIAN_POINT('Ctrl Pts',(0.671447201968087,0.124997487557486,
0.649173352854115));
#11177=CARTESIAN_POINT('Ctrl Pts',(0.671434963562055,0.124998547126792,
0.649322103236514));
#11178=CARTESIAN_POINT('Ctrl Pts',(0.671420604667283,0.124999392995101,
0.649498132184666));
#11179=CARTESIAN_POINT('Ctrl Pts',(0.671394087613129,0.125000955088572,
0.649823210766619));
#11180=CARTESIAN_POINT('Ctrl Pts',(0.671367853478215,0.12500119739604,0.650148992952647));
#11181=CARTESIAN_POINT('Ctrl Pts',(0.671341904785646,0.125000105614877,
0.650475468498247));
#11182=CARTESIAN_POINT('Ctrl Pts',(0.67123811001537,0.124995738490225,0.65178137068065));
#11183=CARTESIAN_POINT('Ctrl Pts',(0.67113888379503,0.12497002502936,0.65309835452042));
#11184=CARTESIAN_POINT('Ctrl Pts',(0.671045070390862,0.124923270928731,
0.654425813441265));
#11185=CARTESIAN_POINT('Ctrl Pts',(0.670669816774191,0.124736254526212,
0.659735649124642));
#11186=CARTESIAN_POINT('Ctrl Pts',(0.67037701310903,0.124204437046731,0.665214236958236));
#11187=CARTESIAN_POINT('Ctrl Pts',(0.670168045654459,0.123261018688866,
0.670806744090649));
#11188=CARTESIAN_POINT('Ctrl Pts',(0.669959078199887,0.122317600331001,
0.676399251223062));
#11189=CARTESIAN_POINT('Ctrl Pts',(0.669833195865033,0.120959984977639,
0.682110757546376));
#11190=CARTESIAN_POINT('Ctrl Pts',(0.669791091391426,0.119133483668246,
0.687857108895983));
#11191=CARTESIAN_POINT('Ctrl Pts',(0.669770039154622,0.11822023301355,0.690730284570787));
#11192=CARTESIAN_POINT('Ctrl Pts',(0.669769810181074,0.117189831546805,
0.693612180862962));
#11193=CARTESIAN_POINT('Ctrl Pts',(0.66979013242813,0.11603563769459,0.696492369274242));
#11194=CARTESIAN_POINT('Ctrl Pts',(0.669810454675186,0.114881443842374,
0.699372557685523));
#11195=CARTESIAN_POINT('Ctrl Pts',(0.669851307853943,0.113603468049348,
0.702251045158978));
#11196=CARTESIAN_POINT('Ctrl Pts',(0.669912556105287,0.112194980578741,
0.705117419542542));
#11197=CARTESIAN_POINT('Ctrl Pts',(0.670035052607974,0.109378005637526,
0.710850168309668));
#11198=CARTESIAN_POINT('Ctrl Pts',(0.67023829991062,0.106035889186968,0.716534072033788));
#11199=CARTESIAN_POINT('Ctrl Pts',(0.67052481891015,0.102147972166974,0.722046401848081));
#11200=CARTESIAN_POINT('Ctrl Pts',(0.670668078409915,0.100204013656978,
0.724802566755227));
#11201=CARTESIAN_POINT('Ctrl Pts',(0.670832056069794,0.0981236608470585,
0.727515854839172));
#11202=CARTESIAN_POINT('Ctrl Pts',(0.671016803022741,0.0959044849257817,
0.730170971549333));
#11203=CARTESIAN_POINT('Ctrl Pts',(0.671109176499214,0.0947948969651433,
0.731498529904414));
#11204=CARTESIAN_POINT('Ctrl Pts',(0.67120674228444,0.0936506033495426,
0.73281154537702));
#11205=CARTESIAN_POINT('Ctrl Pts',(0.671309516792091,0.0924712979158464,
0.734108100870189));
#11206=CARTESIAN_POINT('Ctrl Pts',(0.671412291299729,0.0912919924823083,
0.735404656363183));
#11207=CARTESIAN_POINT('Ctrl Pts',(0.671520668128959,0.0900781639531005,
0.736685205844565));
#11208=CARTESIAN_POINT('Ctrl Pts',(0.671633497609303,0.0888280362158029,
0.737946462275911));
#11209=CARTESIAN_POINT('',(0.685691764661688,-0.0885010366149478,0.561724482661));
#11210=CARTESIAN_POINT('Ctrl Pts',(0.685691764661656,-0.0885010366149074,
0.561724482661032));
#11211=CARTESIAN_POINT('Ctrl Pts',(0.685755848815508,-0.0882403388153596,
0.561462761223541));
#11212=CARTESIAN_POINT('Ctrl Pts',(0.685799714700714,-0.0880605418144555,
0.561284024419891));
#11213=CARTESIAN_POINT('Ctrl Pts',(0.685851804184568,-0.087846103334364,
0.561072055245912));
#11214=CARTESIAN_POINT('Ctrl Pts',(0.686008072636867,-0.087202787891064,
0.560436147720983));
#11215=CARTESIAN_POINT('Ctrl Pts',(0.686162794356158,-0.0865545908248577,
0.559809875336383));
#11216=CARTESIAN_POINT('Ctrl Pts',(0.686315918999453,-0.0859018776960563,
0.559193187061385));
#11217=CARTESIAN_POINT('Ctrl Pts',(0.686520085190513,-0.0850315935243213,
0.558370936028054));
#11218=CARTESIAN_POINT('Ctrl Pts',(0.686721411907731,-0.084153284539367,
0.5575657259992));
#11219=CARTESIAN_POINT('Ctrl Pts',(0.686920079138999,-0.0832681148418722,
0.556777098864858));
#11220=CARTESIAN_POINT('Ctrl Pts',(0.687317413601535,-0.0814977754468826,
0.555199844596173));
#11221=CARTESIAN_POINT('Ctrl Pts',(0.687703634996882,-0.079699442775718,
0.553689405808164));
#11222=CARTESIAN_POINT('Ctrl Pts',(0.688077574231587,-0.0778787183791536,
0.552244771748565));
#11223=CARTESIAN_POINT('Ctrl Pts',(0.688825452700995,-0.0742372695860248,
0.549355503629366));
#11224=CARTESIAN_POINT('Ctrl Pts',(0.689523992872588,-0.0705066615773345,
0.546729679686642));
#11225=CARTESIAN_POINT('Ctrl Pts',(0.690167747503937,-0.0667280891536075,
0.54435480064776));
#11226=CARTESIAN_POINT('Ctrl Pts',(0.690811502135286,-0.0629495167298805,
0.541979921608879));
#11227=CARTESIAN_POINT('Ctrl Pts',(0.691400278623072,-0.0591241665456461,
0.539856654720388));
#11228=CARTESIAN_POINT('Ctrl Pts',(0.691932143049133,-0.0552847631992259,
0.537967997219245));
#11229=CARTESIAN_POINT('Ctrl Pts',(0.692464007475195,-0.0514453598528058,
0.536079339718103));
#11230=CARTESIAN_POINT('Ctrl Pts',(0.692939032649303,-0.0475918673750435,
0.534425332893181));
#11231=CARTESIAN_POINT('Ctrl Pts',(0.693356583267366,-0.0437566286839631,
0.532989923688929));
#11232=CARTESIAN_POINT('Ctrl Pts',(0.694094448238313,-0.0369792748424187,
0.530453373328386));
#11233=CARTESIAN_POINT('Ctrl Pts',(0.694653093373063,-0.0302572352604114,
0.528597529666035));
#11234=CARTESIAN_POINT('Ctrl Pts',(0.695043743101602,-0.023720060845197,
0.527317465766583));
#11235=CARTESIAN_POINT('Ctrl Pts',(0.695095223144824,-0.0228585882858696,
0.527148778218489));
#11236=CARTESIAN_POINT('Ctrl Pts',(0.695143802783231,-0.0220002555845517,
0.526990076620271));
#11237=CARTESIAN_POINT('Ctrl Pts',(0.695189522593233,-0.021145296746321,
0.526841110004222));
#11238=CARTESIAN_POINT('Ctrl Pts',(0.695536190301658,-0.0146626227973638,
0.525711579601188));
#11239=CARTESIAN_POINT('Ctrl Pts',(0.69571770628677,-0.00840291972360286,
0.52514276995841));
#11240=CARTESIAN_POINT('Ctrl Pts',(0.69575504215025,-0.00238327057804174,
0.525023604973424));
#11241=CARTESIAN_POINT('Ctrl Pts',(0.69575928061783,-0.00169990382631399,
0.525010077044015));
#11242=CARTESIAN_POINT('Ctrl Pts',(0.695761657482271,-0.00101958964659087,
0.525002379654664));
#11243=CARTESIAN_POINT('Ctrl Pts',(0.695762200275275,-0.000342323687507227,
0.525000377832339));
#11244=CARTESIAN_POINT('Ctrl Pts',(0.695762291806622,-0.000228116126906494,
0.525000040264444));
#11245=CARTESIAN_POINT('Ctrl Pts',(0.695762330894976,-0.000114008140782845,
0.52499986542149));
#11246=CARTESIAN_POINT('Ctrl Pts',(0.695762317931393,3.6387321628022E-10,
0.524999852329674));
#11247=CARTESIAN_POINT('',(0.695821717158808,-0.100980367348329,0.551459079908488));
#11248=CARTESIAN_POINT('Origin',(1.37503937007874,7.10295143505465E-17,
0.65));
#11249=CARTESIAN_POINT('',(0.676105915682958,1.34626737770665E-8,0.775000089739196));
#11250=CARTESIAN_POINT('Ctrl Pts',(0.676105915682958,1.34626737674504E-8,
0.775000089739197));
#11251=CARTESIAN_POINT('Ctrl Pts',(0.676105912633052,-0.000221396988614204,
0.775000148026826));
#11252=CARTESIAN_POINT('Ctrl Pts',(0.676105720321834,-0.000588220179645561,
0.774999164904862));
#11253=CARTESIAN_POINT('Ctrl Pts',(0.676105338026148,-0.000884466383730839,
0.774997054042811));
#11254=CARTESIAN_POINT('Ctrl Pts',(0.676104955730462,-0.00118071258781612,
0.77499494318076));
#11255=CARTESIAN_POINT('Ctrl Pts',(0.676104382460367,-0.00147837407966743,
0.774991723541839));
#11256=CARTESIAN_POINT('Ctrl Pts',(0.676103614585752,-0.00177744209644999,
0.77498736556441));
#11257=CARTESIAN_POINT('Ctrl Pts',(0.676102078836523,-0.00237557813001525,
0.77497864960955));
#11258=CARTESIAN_POINT('Ctrl Pts',(0.6760997646037,-0.0029793399382051,
0.774965380437874));
#11259=CARTESIAN_POINT('Ctrl Pts',(0.676096683212336,-0.00358865748127593,
0.774947382938197));
#11260=CARTESIAN_POINT('Ctrl Pts',(0.676090520429607,-0.00480729256741753,
0.774911387938845));
#11261=CARTESIAN_POINT('Ctrl Pts',(0.676081368421019,-0.0060481564513871,
0.774856609431622));
#11262=CARTESIAN_POINT('Ctrl Pts',(0.676068963520404,-0.00731058781777522,
0.774781040806138));
#11263=CARTESIAN_POINT('Ctrl Pts',(0.676044153719175,-0.00983545055055164,
0.774629903555169));
#11264=CARTESIAN_POINT('Ctrl Pts',(0.67600632521719,-0.0124467097463733,
0.774395650773187));
#11265=CARTESIAN_POINT('Ctrl Pts',(0.675954018086356,-0.0151375924072315,
0.774062582511875));
#11266=CARTESIAN_POINT('Ctrl Pts',(0.675849403824688,-0.0205193577289477,
0.773396445989251));
#11267=CARTESIAN_POINT('Ctrl Pts',(0.675686545723808,-0.0262222646393037,
0.772335434220503));
#11268=CARTESIAN_POINT('Ctrl Pts',(0.675456243820469,-0.032164032143357,
0.770747054430814));
#11269=CARTESIAN_POINT('Ctrl Pts',(0.67522594191713,-0.0381057996474103,
0.769158674641125));
#11270=CARTESIAN_POINT('Ctrl Pts',(0.674927312851556,-0.0443011485442772,
0.767037546258151));
#11271=CARTESIAN_POINT('Ctrl Pts',(0.674560371289964,-0.0505926716032181,
0.76425803280894));
#11272=CARTESIAN_POINT('Ctrl Pts',(0.674376900509168,-0.0537384331326887,
0.762868276084335));
#11273=CARTESIAN_POINT('Ctrl Pts',(0.674176416691806,-0.0569082485106334,
0.761313863667005));
#11274=CARTESIAN_POINT('Ctrl Pts',(0.673960124714017,-0.0600821272284148,
0.759578345992993));
#11275=CARTESIAN_POINT('Ctrl Pts',(0.673743832736228,-0.0632560059461964,
0.757842828318982));
#11276=CARTESIAN_POINT('Ctrl Pts',(0.6735116710654,-0.0664339898412952,
0.755926219221934));
#11277=CARTESIAN_POINT('Ctrl Pts',(0.673266614525328,-0.0695953219947819,
0.753811227129304));
#11278=CARTESIAN_POINT('Ctrl Pts',(0.673235982457819,-0.0699904885139677,
0.753546853117725));
#11279=CARTESIAN_POINT('Ctrl Pts',(0.673196215678908,-0.0705006312461818,
0.753201352851422));
#11280=CARTESIAN_POINT('Ctrl Pts',(0.673161068157759,-0.0709485737224564,
0.752893331434348));
#11281=CARTESIAN_POINT('Ctrl Pts',(0.673125920636609,-0.071396516198731,
0.752585310017273));
#11282=CARTESIAN_POINT('Ctrl Pts',(0.673090886201258,-0.0718403734086765,
0.752275900912484));
#11283=CARTESIAN_POINT('Ctrl Pts',(0.673055979073231,-0.0722801634980994,
0.751965203004614));
#11284=CARTESIAN_POINT('Ctrl Pts',(0.672986164817176,-0.0731597436769454,
0.751343807188874));
#11285=CARTESIAN_POINT('Ctrl Pts',(0.672916860015169,-0.0740230556853984,
0.750717255835711));
#11286=CARTESIAN_POINT('Ctrl Pts',(0.672848174462383,-0.0748702564251699,
0.750086332215568));
#11287=CARTESIAN_POINT('Ctrl Pts',(0.672710803356809,-0.0765646579047132,
0.748824484975281));
#11288=CARTESIAN_POINT('Ctrl Pts',(0.672575911854827,-0.0781946182692016,
0.747545144094409));
#11289=CARTESIAN_POINT('Ctrl Pts',(0.67244426744129,-0.0797617466816996,
0.746254251930797));
#11290=CARTESIAN_POINT('Ctrl Pts',(0.672312623027754,-0.0813288750941976,
0.744963359767186));
#11291=CARTESIAN_POINT('Ctrl Pts',(0.672184249035095,-0.0828330900128582,
0.743661023177354));
#11292=CARTESIAN_POINT('Ctrl Pts',(0.672059729717198,-0.0842765213345366,
0.742352616549255));
#11293=CARTESIAN_POINT('Ctrl Pts',(0.671935210399301,-0.085719952656215,
0.741044209921155));
#11294=CARTESIAN_POINT('Ctrl Pts',(0.67181454851019,-0.0871025985881519,
0.739729731913995));
#11295=CARTESIAN_POINT('Ctrl Pts',(0.671698279482411,-0.0884265561693103,
0.738414628042234));
#11296=CARTESIAN_POINT('Ctrl Pts',(0.671698138135524,-0.0884281656889382,
0.738413029285956));
#11297=CARTESIAN_POINT('Ctrl Pts',(0.671697996793798,-0.0884297751222169,
0.738411430525608));
#11298=CARTESIAN_POINT('Ctrl Pts',(0.671697855457232,-0.0884313844691497,
0.738409831761198));
#11299=CARTESIAN_POINT('Ctrl Pts',(0.671321414073816,-0.0927177825657692,
0.734151619573423));
#11300=CARTESIAN_POINT('Ctrl Pts',(0.671015980665483,-0.0963780184125863,
0.729877472108354));
#11301=CARTESIAN_POINT('Ctrl Pts',(0.670768986593204,-0.0995130898465614,
0.725751340190227));
#11302=CARTESIAN_POINT('Ctrl Pts',(0.670710945803591,-0.100249795872918,
0.724781746254764));
#11303=CARTESIAN_POINT('Ctrl Pts',(0.670656098813604,-0.100957495109364,
0.72382009927398));
#11304=CARTESIAN_POINT('Ctrl Pts',(0.670604227224894,-0.101637475756744,
0.722868128786581));
#11305=CARTESIAN_POINT('Ctrl Pts',(0.670467879551852,-0.103424846864669,
0.720365815593801));
#11306=CARTESIAN_POINT('Ctrl Pts',(0.67035467038855,-0.105022297101608,
0.717936068278486));
#11307=CARTESIAN_POINT('Ctrl Pts',(0.670258859503436,-0.106455336801297,
0.715598758781832));
#11308=CARTESIAN_POINT('Ctrl Pts',(0.670187001339601,-0.107530116576063,
0.713845776659341));
#11309=CARTESIAN_POINT('Ctrl Pts',(0.670124991843171,-0.108512409952456,
0.712144737693175));
#11310=CARTESIAN_POINT('Ctrl Pts',(0.670071238982997,-0.109412767963359,
0.710503437213893));
#11311=CARTESIAN_POINT('Ctrl Pts',(0.669940538842012,-0.111601989496541,
0.706512613221484));
#11312=CARTESIAN_POINT('Ctrl Pts',(0.669856837954205,-0.113306925758593,
0.702873512817813));
#11313=CARTESIAN_POINT('Ctrl Pts',(0.669812274139986,-0.114674802646376,
0.699696607397103));
#11314=CARTESIAN_POINT('Ctrl Pts',(0.669801854865669,-0.114994620076198,
0.698953828762917));
#11315=CARTESIAN_POINT('Ctrl Pts',(0.669793574052599,-0.115295936525516,
0.698236101915409));
#11316=CARTESIAN_POINT('Ctrl Pts',(0.669787337112018,-0.115580471625714,
0.697544477348506));
#11317=CARTESIAN_POINT('Ctrl Pts',(0.669786422870868,-0.115622180167576,
0.697443095648387));
#11318=CARTESIAN_POINT('Ctrl Pts',(0.66978428926592,-0.115722683403502,
0.697197757998734));
#11319=CARTESIAN_POINT('Ctrl Pts',(0.669782824496487,-0.115796202378036,
0.697016761558788));
#11320=CARTESIAN_POINT('Ctrl Pts',(0.669781359727054,-0.11586972135257,
0.696835765118842));
#11321=CARTESIAN_POINT('Ctrl Pts',(0.669779979108093,-0.115942813130032,
0.696654625240931));
#11322=CARTESIAN_POINT('Ctrl Pts',(0.669778682960211,-0.116015477151386,
0.696473343850194));
#11323=CARTESIAN_POINT('Ctrl Pts',(0.669776090664445,-0.116160805194094,
0.696110781068719));
#11324=CARTESIAN_POINT('Ctrl Pts',(0.669773836252711,-0.116304422215266,
0.69574765223238));
#11325=CARTESIAN_POINT('Ctrl Pts',(0.66977192234868,-0.116446323816895,
0.695383972773755));
#11326=CARTESIAN_POINT('Ctrl Pts',(0.669768094540618,-0.116730127020154,
0.694656613856505));
#11327=CARTESIAN_POINT('Ctrl Pts',(0.669765628759884,-0.117007068589812,
0.693927052388006));
#11328=CARTESIAN_POINT('Ctrl Pts',(0.669764546878506,-0.117277114451788,
0.693195412341413));
#11329=CARTESIAN_POINT('Ctrl Pts',(0.669762383115751,-0.117817206175742,
0.691732132248226));
#11330=CARTESIAN_POINT('Ctrl Pts',(0.66976575498806,-0.118329715669004,
0.690260536727992));
#11331=CARTESIAN_POINT('Ctrl Pts',(0.669774844950831,-0.118814376182811,
0.688781630082561));
#11332=CARTESIAN_POINT('Ctrl Pts',(0.669793024876372,-0.119783697210424,
0.685823816791698));
#11333=CARTESIAN_POINT('Ctrl Pts',(0.669834079457542,-0.120641629184843,
0.682836735085677));
#11334=CARTESIAN_POINT('Ctrl Pts',(0.669899700634832,-0.121386415083877,
0.67982858894288));
#11335=CARTESIAN_POINT('Ctrl Pts',(0.670030942989411,-0.122875986881946,
0.673812296657286));
#11336=CARTESIAN_POINT('Ctrl Pts',(0.670260368367054,-0.123912398376792,
0.66771138955486));
#11337=CARTESIAN_POINT('Ctrl Pts',(0.670603539209599,-0.124487483875006,
0.661595240429205));
#11338=CARTESIAN_POINT('Ctrl Pts',(0.670775124630871,-0.124775026624113,
0.658537165866378));
#11339=CARTESIAN_POINT('Ctrl Pts',(0.670974860084366,-0.124946827178899,
0.65547566722409));
#11340=CARTESIAN_POINT('Ctrl Pts',(0.671205068780172,-0.125003519656919,
0.652419570442414));
#11341=CARTESIAN_POINT('Ctrl Pts',(0.671271998024364,-0.125020002026067,
0.651531062529799));
#11342=CARTESIAN_POINT('Ctrl Pts',(0.671341509268513,-0.125026783418269,
0.650643086873398));
#11343=CARTESIAN_POINT('Ctrl Pts',(0.671413636471793,-0.125023795942391,
0.649755498915831));
#11344=CARTESIAN_POINT('Ctrl Pts',(0.671527574899459,-0.125019076664661,
0.648353387483505));
#11345=CARTESIAN_POINT('Ctrl Pts',(0.671647686171391,-0.124990467662995,
0.646953863586933));
#11346=CARTESIAN_POINT('Ctrl Pts',(0.671773680889931,-0.124938158086518,
0.645556307165416));
#11347=CARTESIAN_POINT('Ctrl Pts',(0.672390942878216,-0.124681887716167,
0.638709524494836));
#11348=CARTESIAN_POINT('Ctrl Pts',(0.673149352804813,-0.123858549583937,
0.631924148760291));
#11349=CARTESIAN_POINT('Ctrl Pts',(0.674011319782197,-0.122512044034711,
0.625281930071487));
#11350=CARTESIAN_POINT('Ctrl Pts',(0.674035263309346,-0.122474641102788,
0.625097423996798));
#11351=CARTESIAN_POINT('Ctrl Pts',(0.674041096659014,-0.122465426954976,
0.62505279641823));
#11352=CARTESIAN_POINT('Ctrl Pts',(0.674054674622714,-0.122444057639041,
0.624948728598388));
#11353=CARTESIAN_POINT('Ctrl Pts',(0.674068252586413,-0.122422688323105,
0.624844660778547));
#11354=CARTESIAN_POINT('Ctrl Pts',(0.674081947522299,-0.122401062552833,
0.624739962194823));
#11355=CARTESIAN_POINT('Ctrl Pts',(0.674095760020406,-0.122379175019457,
0.624634634272826));
#11356=CARTESIAN_POINT('Ctrl Pts',(0.674123385016619,-0.122335399952705,
0.62442397842883));
#11357=CARTESIAN_POINT('Ctrl Pts',(0.674151480232609,-0.122290577849343,
0.624210805222135));
#11358=CARTESIAN_POINT('Ctrl Pts',(0.674180050350694,-0.122244665534198,
0.62399512661887));
#11359=CARTESIAN_POINT('Ctrl Pts',(0.674237190586865,-0.122152840903907,
0.62356376941234));
#11360=CARTESIAN_POINT('Ctrl Pts',(0.674296229971869,-0.122056655671432,
0.623122390451448));
#11361=CARTESIAN_POINT('Ctrl Pts',(0.674357208490124,-0.121955757069937,
0.622671090013065));
#11362=CARTESIAN_POINT('Ctrl Pts',(0.674479165526634,-0.121753959866948,
0.621768489136298));
#11363=CARTESIAN_POINT('Ctrl Pts',(0.674608872206286,-0.121533312806731,
0.620826199667561));
#11364=CARTESIAN_POINT('Ctrl Pts',(0.674746622967954,-0.121290809480207,
0.619845194525753));
#11365=CARTESIAN_POINT('Ctrl Pts',(0.675022124491288,-0.12080580282716,
0.617883184242137));
#11366=CARTESIAN_POINT('Ctrl Pts',(0.675329829488275,-0.120233545942794,
0.615766056627635));
#11367=CARTESIAN_POINT('Ctrl Pts',(0.675671853437979,-0.119547655570936,
0.613504346798342));
#11368=CARTESIAN_POINT('Ctrl Pts',(0.676013877387683,-0.118861765199078,
0.611242636969049));
#11369=CARTESIAN_POINT('Ctrl Pts',(0.676390760137654,-0.118062448851037,
0.608835130581724));
#11370=CARTESIAN_POINT('Ctrl Pts',(0.676803045611612,-0.117120318012665,
0.606299107255317));
#11371=CARTESIAN_POINT('Ctrl Pts',(0.677009188348592,-0.116649252593479,
0.605031095592113));
#11372=CARTESIAN_POINT('Ctrl Pts',(0.677224200074742,-0.116142474366207,
0.603730961961202));
#11373=CARTESIAN_POINT('Ctrl Pts',(0.67744827204315,-0.115596255076148,
0.602400927061557));
#11374=CARTESIAN_POINT('Ctrl Pts',(0.677672344011558,-0.115050035786088,
0.601070892161911));
#11375=CARTESIAN_POINT('Ctrl Pts',(0.677905475213423,-0.114464375341612,
0.599710954832302));
#11376=CARTESIAN_POINT('Ctrl Pts',(0.678147955170962,-0.113835509902177,
0.598323395566987));
#11377=CARTESIAN_POINT('Ctrl Pts',(0.678937648113695,-0.111787461871768,
0.593804482867708));
#11378=CARTESIAN_POINT('Ctrl Pts',(0.679820085889922,-0.109270995790683,
0.588994746586355));
#11379=CARTESIAN_POINT('Ctrl Pts',(0.680802115998131,-0.106168905809197,
0.58401539015038));
#11380=CARTESIAN_POINT('Ctrl Pts',(0.681706598454965,-0.103311777555877,
0.579429236930622));
#11381=CARTESIAN_POINT('Ctrl Pts',(0.682695752717791,-0.099957585793648,
0.574698974417675));
#11382=CARTESIAN_POINT('Ctrl Pts',(0.683761290877687,-0.0960091706835086,
0.569960295227706));
#11383=CARTESIAN_POINT('Ctrl Pts',(0.684380709051319,-0.0937138797513648,
0.567205608328868));
#11384=CARTESIAN_POINT('Ctrl Pts',(0.685025669489975,-0.0912176981365797,
0.564448860418238));
#11385=CARTESIAN_POINT('Ctrl Pts',(0.685691764660752,-0.0885010366185852,
0.561724482664725));
#11386=CARTESIAN_POINT('',(0.5,8.63377229811316E-17,0.525));
#11387=CARTESIAN_POINT('',(1.37503937007874,5.57214293612046E-17,0.525));
#11388=CARTESIAN_POINT('Ctrl Pts',(0.484122918275927,-0.125,0.65));
#11389=CARTESIAN_POINT('Ctrl Pts',(0.484122918275927,-0.125,0.634231323665201));
#11390=CARTESIAN_POINT('Ctrl Pts',(0.484973579332106,-0.121834881761244,
0.617459786498687));
#11391=CARTESIAN_POINT('Ctrl Pts',(0.488005597223663,-0.109057998139517,
0.586683664371196));
#11392=CARTESIAN_POINT('Ctrl Pts',(0.490138825645427,-0.0994496384782273,
0.57267294318159));
#11393=CARTESIAN_POINT('Ctrl Pts',(0.494111880834681,-0.0773286033839411,
0.550551908087304));
#11394=CARTESIAN_POINT('Ctrl Pts',(0.496215629725421,-0.0633172380752554,
0.540942342586591));
#11395=CARTESIAN_POINT('Ctrl Pts',(0.499179575122445,-0.0325388319770619,
0.528164578621243));
#11396=CARTESIAN_POINT('Ctrl Pts',(0.5,-0.0157664715929045,0.525));
#11397=CARTESIAN_POINT('Ctrl Pts',(0.5,0.0157664715929046,0.525));
#11398=CARTESIAN_POINT('Ctrl Pts',(0.499179575122445,0.032538831977062,
0.528164578621243));
#11399=CARTESIAN_POINT('Ctrl Pts',(0.496215629725421,0.0633172380752555,
0.540942342586591));
#11400=CARTESIAN_POINT('Ctrl Pts',(0.494111880834681,0.0773286033839412,
0.550551908087304));
#11401=CARTESIAN_POINT('Ctrl Pts',(0.490138825645426,0.0994496384782274,
0.57267294318159));
#11402=CARTESIAN_POINT('Ctrl Pts',(0.488005597223663,0.109057998139517,
0.586683664371196));
#11403=CARTESIAN_POINT('Ctrl Pts',(0.484973579332105,0.121834881761244,
0.617459786498687));
#11404=CARTESIAN_POINT('Ctrl Pts',(0.484122918275927,0.125,0.634231323665201));
#11405=CARTESIAN_POINT('Ctrl Pts',(0.484122918275927,0.125,0.665768676334799));
#11406=CARTESIAN_POINT('Ctrl Pts',(0.484973579332105,0.121834881761244,
0.682540213501313));
#11407=CARTESIAN_POINT('Ctrl Pts',(0.488005597223663,0.109057998139517,
0.713316335628804));
#11408=CARTESIAN_POINT('Ctrl Pts',(0.490138825645426,0.0994496384782274,
0.727327056818409));
#11409=CARTESIAN_POINT('Ctrl Pts',(0.494111880834681,0.0773286033839412,
0.749448091912696));
#11410=CARTESIAN_POINT('Ctrl Pts',(0.496215629725421,0.0633172380752555,
0.759057657413409));
#11411=CARTESIAN_POINT('Ctrl Pts',(0.499179575122445,0.032538831977062,
0.771835421378757));
#11412=CARTESIAN_POINT('Ctrl Pts',(0.5,0.0157664715929047,0.775));
#11413=CARTESIAN_POINT('Ctrl Pts',(0.5,-0.0157664715929045,0.775));
#11414=CARTESIAN_POINT('Ctrl Pts',(0.499179575122445,-0.0325388319770618,
0.771835421378757));
#11415=CARTESIAN_POINT('Ctrl Pts',(0.496215629725421,-0.0633172380752554,
0.759057657413409));
#11416=CARTESIAN_POINT('Ctrl Pts',(0.494111880834681,-0.077328603383941,
0.749448091912696));
#11417=CARTESIAN_POINT('Ctrl Pts',(0.490138825645427,-0.0994496384782272,
0.72732705681841));
#11418=CARTESIAN_POINT('Ctrl Pts',(0.488005597223663,-0.109057998139517,
0.713316335628804));
#11419=CARTESIAN_POINT('Ctrl Pts',(0.484973579332106,-0.121834881761244,
0.682540213501312));
#11420=CARTESIAN_POINT('Ctrl Pts',(0.484122918275927,-0.125,0.665768676334799));
#11421=CARTESIAN_POINT('Ctrl Pts',(0.484122918275927,-0.125,0.65));
#11422=CARTESIAN_POINT('Ctrl Pts',(0.671633497030682,0.0888280354936083,
0.737946461613565));
#11423=CARTESIAN_POINT('Ctrl Pts',(0.67253932554006,0.0788490540677469,
0.74802547218458));
#11424=CARTESIAN_POINT('Ctrl Pts',(0.673632905447345,0.0663680191630355,
0.757189912143301));
#11425=CARTESIAN_POINT('Ctrl Pts',(0.674648327044245,0.0494140031269046,
0.764839180872936));
#11426=CARTESIAN_POINT('Ctrl Pts',(0.67476276402421,0.0473973921445231,
0.76568608739629));
#11427=CARTESIAN_POINT('Ctrl Pts',(0.67499546402108,0.0430363335870835,
0.767384362784257));
#11428=CARTESIAN_POINT('Ctrl Pts',(0.675111969742344,0.0406864719792758,
0.768219411854423));
#11429=CARTESIAN_POINT('Ctrl Pts',(0.675783246341902,0.0259422984587682,
0.772967044808366));
#11430=CARTESIAN_POINT('Ctrl Pts',(0.676108194327905,0.0130178415504534,
0.774999998596945));
#11431=CARTESIAN_POINT('Ctrl Pts',(0.676105859208572,1.34724321563186E-8,
0.774999999999999));
#11432=CARTESIAN_POINT('Origin',(1.37503937007874,-1.53080849893419E-17,
1.27));
#11433=CARTESIAN_POINT('',(0.632913365671382,6.35837391819161E-8,1.39499734611577));
#11434=CARTESIAN_POINT('Ctrl Pts',(0.632913365671382,6.35837391838237E-8,
1.39499734611577));
#11435=CARTESIAN_POINT('Ctrl Pts',(0.632913619627017,-0.000130439137643151,
1.39499776899057));
#11436=CARTESIAN_POINT('Ctrl Pts',(0.632913747707604,-0.000269666018732202,
1.39499784486237));
#11437=CARTESIAN_POINT('Ctrl Pts',(0.632913783831486,-0.000414486107070811,
1.39499757869021));
#11438=CARTESIAN_POINT('Ctrl Pts',(0.632913892205545,-0.000848956043121635,
1.39499678015598));
#11439=CARTESIAN_POINT('Ctrl Pts',(0.632913263760967,-0.00133376719383704,
1.3949928453653));
#11440=CARTESIAN_POINT('Ctrl Pts',(0.632912070732688,-0.0017843734085129,
1.3949863807802));
#11441=CARTESIAN_POINT('Ctrl Pts',(0.632910480028317,-0.00238518169474736,
1.39497776133339));
#11442=CARTESIAN_POINT('Ctrl Pts',(0.632908239074448,-0.00299196042747036,
1.39496491863739));
#11443=CARTESIAN_POINT('Ctrl Pts',(0.632905297569424,-0.00360465413165316,
1.39494759227502));
#11444=CARTESIAN_POINT('Ctrl Pts',(0.632903755778299,-0.00392579780065714,
1.39493851065473));
#11445=CARTESIAN_POINT('Ctrl Pts',(0.632901961057713,-0.00424857584101263,
1.39492810186151));
#11446=CARTESIAN_POINT('Ctrl Pts',(0.632899903244766,-0.0045730061453973,
1.39491632245145));
#11447=CARTESIAN_POINT('Ctrl Pts',(0.632894109063986,-0.00548650405899105,
1.39488315518448));
#11448=CARTESIAN_POINT('Ctrl Pts',(0.632886280410558,-0.00641237750603136,
1.39483905937289));
#11449=CARTESIAN_POINT('Ctrl Pts',(0.632876308268712,-0.00735094025412477,
1.39478317377271));
#11450=CARTESIAN_POINT('Ctrl Pts',(0.632849280739475,-0.00989472999445892,
1.39463170684453));
#11451=CARTESIAN_POINT('Ctrl Pts',(0.63280648447889,-0.0125302226670498,
1.39439371845171));
#11452=CARTESIAN_POINT('Ctrl Pts',(0.632746436494172,-0.0152500786861174,
1.39405278595986));
#11453=CARTESIAN_POINT('Ctrl Pts',(0.632626340524736,-0.0206897907242528,
1.39337092097615));
#11454=CARTESIAN_POINT('Ctrl Pts',(0.632442295391814,-0.0264711479546045,
1.39228623121675));
#11455=CARTESIAN_POINT('Ctrl Pts',(0.632181698439146,-0.0325071496576284,
1.39065342310184));
#11456=CARTESIAN_POINT('Ctrl Pts',(0.631936835461533,-0.0381787177045698,
1.38911919849638));
#11457=CARTESIAN_POINT('Ctrl Pts',(0.631623668119532,-0.0440888570725658,
1.3870960909388));
#11458=CARTESIAN_POINT('Ctrl Pts',(0.631241524783057,-0.0500983014945926,
1.38447122020376));
#11459=CARTESIAN_POINT('Ctrl Pts',(0.631216969687869,-0.0504844458172241,
1.38430255587129));
#11460=CARTESIAN_POINT('Ctrl Pts',(0.631192134494665,-0.0508709842881177,
1.38413141419068));
#11461=CARTESIAN_POINT('Ctrl Pts',(0.631167020999908,-0.0512578733454946,
1.38395776835964));
#11462=CARTESIAN_POINT('Ctrl Pts',(0.631063034242239,-0.0528598542343555,
1.38323875783853));
#11463=CARTESIAN_POINT('Ctrl Pts',(0.630954225714609,-0.0544681506865948,
1.38247664015628));
#11464=CARTESIAN_POINT('Ctrl Pts',(0.630840715754514,-0.0560800839955174,
1.38166922125412));
#11465=CARTESIAN_POINT('Ctrl Pts',(0.630670450814372,-0.0584979839589014,
1.38045809290089));
#11466=CARTESIAN_POINT('Ctrl Pts',(0.630489575861146,-0.0609240806697471,
1.3791450521596));
#11467=CARTESIAN_POINT('Ctrl Pts',(0.630298914277295,-0.0633491792890304,
1.37772246870722));
#11468=CARTESIAN_POINT('Ctrl Pts',(0.630108252693444,-0.0657742779083137,
1.37629988525485));
#11469=CARTESIAN_POINT('Ctrl Pts',(0.629907785969512,-0.0681983916912489,
1.37476776212463));
#11470=CARTESIAN_POINT('Ctrl Pts',(0.629699064030266,-0.0706119898249359,
1.3731181439572));
#11471=CARTESIAN_POINT('Ctrl Pts',(0.629664277040391,-0.0710142561805504,
1.37284320759597));
#11472=CARTESIAN_POINT('Ctrl Pts',(0.629619864093723,-0.0715249220438217,
1.37248982829627));
#11473=CARTESIAN_POINT('Ctrl Pts',(0.629580342440557,-0.0719763682471178,
1.37217264764842));
#11474=CARTESIAN_POINT('Ctrl Pts',(0.629540820787392,-0.0724278144504139,
1.37185546700056));
#11475=CARTESIAN_POINT('Ctrl Pts',(0.629501429248339,-0.0728750811268215,
1.3715368784235));
#11476=CARTESIAN_POINT('Ctrl Pts',(0.629462183446133,-0.0733181872202617,
1.3712169828549));
#11477=CARTESIAN_POINT('Ctrl Pts',(0.629383691841719,-0.0742043994071422,
1.3705771917177));
#11478=CARTESIAN_POINT('Ctrl Pts',(0.629305783438086,-0.075073969607492,
1.36993217224858));
#11479=CARTESIAN_POINT('Ctrl Pts',(0.629228578844221,-0.0759270613294757,
1.36928272417296));
#11480=CARTESIAN_POINT('Ctrl Pts',(0.629074169656492,-0.0776332447734434,
1.3679838280217));
#11481=CARTESIAN_POINT('Ctrl Pts',(0.628922578714013,-0.0792735186973502,
1.36666721223741));
#11482=CARTESIAN_POINT('Ctrl Pts',(0.628774651748562,-0.0808495557805391,
1.3653389438066));
#11483=CARTESIAN_POINT('Ctrl Pts',(0.628626724783112,-0.082425592863728,
1.36401067537579));
#11484=CARTESIAN_POINT('Ctrl Pts',(0.628482486094224,-0.0839373082747734,
1.36267086529389));
#11485=CARTESIAN_POINT('Ctrl Pts',(0.62834258563653,-0.0853869124423491,
1.36132499816805));
#11486=CARTESIAN_POINT('Ctrl Pts',(0.628202685178837,-0.0868365166099248,
1.35997913104221));
#11487=CARTESIAN_POINT('Ctrl Pts',(0.628067125929549,-0.0882240075373531,
1.35862720541441));
#11488=CARTESIAN_POINT('Ctrl Pts',(0.627936501425746,-0.0895515593171039,
1.35727478765012));
#11489=CARTESIAN_POINT('Ctrl Pts',(0.627860344253194,-0.0903255533765565,
1.35648629613407));
#11490=CARTESIAN_POINT('Ctrl Pts',(0.627785739881539,-0.0910792759412317,
1.35569729328515));
#11491=CARTESIAN_POINT('Ctrl Pts',(0.627712709970207,-0.0918131590052061,
1.35490867316551));
#11492=CARTESIAN_POINT('Ctrl Pts',(0.627312263798347,-0.0958372726622357,
1.35058441886748));
#11493=CARTESIAN_POINT('Ctrl Pts',(0.626994138938895,-0.0992526875940008,
1.34628356100696));
#11494=CARTESIAN_POINT('Ctrl Pts',(0.626737616970408,-0.102163637456753,
1.34214965589072));
#11495=CARTESIAN_POINT('Ctrl Pts',(0.626719958158551,-0.102364025424511,
1.34186508044826));
#11496=CARTESIAN_POINT('Ctrl Pts',(0.626702589071413,-0.102562019000436,
1.34158127653138));
#11497=CARTESIAN_POINT('Ctrl Pts',(0.626685502047416,-0.102757650451583,
1.34129828255454));
#11498=CARTESIAN_POINT('Ctrl Pts',(0.62653021687864,-0.104535529555312,
1.33872646153624));
#11499=CARTESIAN_POINT('Ctrl Pts',(0.626401461180588,-0.106119847986367,
1.33622923385081));
#11500=CARTESIAN_POINT('Ctrl Pts',(0.626292732424573,-0.107537365460662,
1.33382704057571));
#11501=CARTESIAN_POINT('Ctrl Pts',(0.626251959141067,-0.108068934513523,
1.33292621809754));
#11502=CARTESIAN_POINT('Ctrl Pts',(0.626214029733866,-0.10857704266074,
1.3320387374915));
#11503=CARTESIAN_POINT('Ctrl Pts',(0.626178692594627,-0.109063081002872,
1.331165606925));
#11504=CARTESIAN_POINT('Ctrl Pts',(0.626055012607291,-0.110764215200334,
1.32810964994226));
#11505=CARTESIAN_POINT('Ctrl Pts',(0.625962670812939,-0.112195168837689,
1.32522971042152));
#11506=CARTESIAN_POINT('Ctrl Pts',(0.625894681735366,-0.113414187194615,
1.32256667796019));
#11507=CARTESIAN_POINT('Ctrl Pts',(0.62586068719658,-0.114023696373078,
1.32123516172953));
#11508=CARTESIAN_POINT('Ctrl Pts',(0.625832865831627,-0.114580186165217,
1.31995782476904));
#11509=CARTESIAN_POINT('Ctrl Pts',(0.625810804603307,-0.115090715132305,
1.31873957744752));
#11510=CARTESIAN_POINT('Ctrl Pts',(0.625799773989148,-0.115345979615848,
1.31813045378676));
#11511=CARTESIAN_POINT('Ctrl Pts',(0.625790187818813,-0.115589751516881,
1.31753610110584));
#11512=CARTESIAN_POINT('Ctrl Pts',(0.625782020460258,-0.115822898595013,
1.31695712647774));
#11513=CARTESIAN_POINT('Ctrl Pts',(0.625773853101702,-0.116056045673145,
1.31637815184965));
#11514=CARTESIAN_POINT('Ctrl Pts',(0.625767104546914,-0.116278567949917,
1.31581455520078));
#11515=CARTESIAN_POINT('Ctrl Pts',(0.625761766329514,-0.116491323130618,
1.3152669407444));
#11516=CARTESIAN_POINT('Ctrl Pts',(0.625760749526199,-0.116531847926942,
1.31516263322889));
#11517=CARTESIAN_POINT('Ctrl Pts',(0.625758402270255,-0.116628455829367,
1.31491284623309));
#11518=CARTESIAN_POINT('Ctrl Pts',(0.625756791718663,-0.116699071986293,
1.31472862644369));
#11519=CARTESIAN_POINT('Ctrl Pts',(0.625755181167072,-0.116769688143219,
1.31454440665429));
#11520=CARTESIAN_POINT('Ctrl Pts',(0.625753663537923,-0.116839869838054,
1.31436003975773));
#11521=CARTESIAN_POINT('Ctrl Pts',(0.625752239145475,-0.116909616409196,
1.31417552768955));
#11522=CARTESIAN_POINT('Ctrl Pts',(0.625749390360579,-0.117049109551479,
1.31380650355319));
#11523=CARTESIAN_POINT('Ctrl Pts',(0.625746914521728,-0.117186862202217,
1.31343689872681));
#11524=CARTESIAN_POINT('Ctrl Pts',(0.625744814210337,-0.117322869137611,
1.3130667287401));
#11525=CARTESIAN_POINT('Ctrl Pts',(0.625740613587555,-0.1175948830084,1.31232638876667));
#11526=CARTESIAN_POINT('Ctrl Pts',(0.625737915063212,-0.117859914067961,
1.31158378808993));
#11527=CARTESIAN_POINT('Ctrl Pts',(0.625736740310558,-0.118117921558856,
1.31083905167646));
#11528=CARTESIAN_POINT('Ctrl Pts',(0.625734390805253,-0.118633936540645,
1.30934957884952));
#11529=CARTESIAN_POINT('Ctrl Pts',(0.625738136278691,-0.119121857947563,
1.30785156195202));
#11530=CARTESIAN_POINT('Ctrl Pts',(0.625748159457366,-0.119581364118443,
1.30634601516409));
#11531=CARTESIAN_POINT('Ctrl Pts',(0.625768205814717,-0.120500376460205,
1.30333492158823));
#11532=CARTESIAN_POINT('Ctrl Pts',(0.625813362994242,-0.121305736262153,
1.30029368351647));
#11533=CARTESIAN_POINT('Ctrl Pts',(0.625885366345521,-0.121995230165457,
1.29723065688753));
#11534=CARTESIAN_POINT('Ctrl Pts',(0.62602937304808,-0.123374217972064,
1.29110460362964));
#11535=CARTESIAN_POINT('Ctrl Pts',(0.626280626955408,-0.124289163921681,
1.284890924046));
#11536=CARTESIAN_POINT('Ctrl Pts',(0.62665569173004,-0.124728123319438,
1.27866141570204));
#11537=CARTESIAN_POINT('Ctrl Pts',(0.626843224117355,-0.124947603018317,
1.27554666153006));
#11538=CARTESIAN_POINT('Ctrl Pts',(0.627061409225998,-0.12504762796049,
1.27242828593029));
#11539=CARTESIAN_POINT('Ctrl Pts',(0.627312803676164,-0.125028435644936,
1.26931569446371));
#11540=CARTESIAN_POINT('Ctrl Pts',(0.627432616721127,-0.125019288705675,
1.2678322525616));
#11541=CARTESIAN_POINT('Ctrl Pts',(0.62755997627711,-0.124983203408173,
1.26635076117939));
#11542=CARTESIAN_POINT('Ctrl Pts',(0.627695111233426,-0.124919881818663,
1.26487062755502));
#11543=CARTESIAN_POINT('Ctrl Pts',(0.627772633701341,-0.124883556311001,
1.26402152370704));
#11544=CARTESIAN_POINT('Ctrl Pts',(0.627852505468122,-0.124838495747196,
1.26317346361609));
#11545=CARTESIAN_POINT('Ctrl Pts',(0.627934670327301,-0.124784745921419,
1.26232631655569));
#11546=CARTESIAN_POINT('Ctrl Pts',(0.628610847226152,-0.12434241095156,
1.25535470755037));
#11547=CARTESIAN_POINT('Ctrl Pts',(0.629442089553378,-0.12331130136983,
1.24844885220457));
#11548=CARTESIAN_POINT('Ctrl Pts',(0.63038715884943,-0.121733961203348,
1.24169398034486));
#11549=CARTESIAN_POINT('Ctrl Pts',(0.630413410774321,-0.121690146198723,
1.24150634501542));
#11550=CARTESIAN_POINT('Ctrl Pts',(0.63041398844239,-0.121689122912979,
1.24150246288991));
#11551=CARTESIAN_POINT('Ctrl Pts',(0.630425676069536,-0.121669544185876,
1.2414193425139));
#11552=CARTESIAN_POINT('Ctrl Pts',(0.630437363696683,-0.121649965458774,
1.2413362221379));
#11553=CARTESIAN_POINT('Ctrl Pts',(0.630449193988422,-0.121630118523015,
1.24125228195098));
#11554=CARTESIAN_POINT('Ctrl Pts',(0.630461167632044,-0.121609997843206,
1.24116752343428));
#11555=CARTESIAN_POINT('Ctrl Pts',(0.630485114919288,-0.121569756483588,
1.2409980064009));
#11556=CARTESIAN_POINT('Ctrl Pts',(0.630509635560363,-0.121528420177066,
1.2408252160333));
#11557=CARTESIAN_POINT('Ctrl Pts',(0.630534735076409,-0.121485943366677,
1.24064916484109));
#11558=CARTESIAN_POINT('Ctrl Pts',(0.630584934108499,-0.121400989745899,
1.24029706245666));
#11559=CARTESIAN_POINT('Ctrl Pts',(0.630637447795909,-0.121311474563393,
1.239931916509));
#11560=CARTESIAN_POINT('Ctrl Pts',(0.630692325729772,-0.121217020161356,
1.23955383264596));
#11561=CARTESIAN_POINT('Ctrl Pts',(0.630802081597498,-0.121028111357282,
1.23879766491988));
#11562=CARTESIAN_POINT('Ctrl Pts',(0.630921281608712,-0.120819452486339,
1.23798974115031));
#11563=CARTESIAN_POINT('Ctrl Pts',(0.631050303044217,-0.120587685512643,
1.23713111080413));
#11564=CARTESIAN_POINT('Ctrl Pts',(0.631308345915229,-0.120124151565252,
1.23541385011176));
#11565=CARTESIAN_POINT('Ctrl Pts',(0.631605693631273,-0.119568520246071,
1.23349343438435));
#11566=CARTESIAN_POINT('Ctrl Pts',(0.631945297291116,-0.11888956124493,
1.23138172058094));
#11567=CARTESIAN_POINT('Ctrl Pts',(0.632478022529205,-0.117824500297995,
1.22806914368112));
#11568=CARTESIAN_POINT('Ctrl Pts',(0.633115010081639,-0.116456797112433,
1.22428356702254));
#11569=CARTESIAN_POINT('Ctrl Pts',(0.633864835045371,-0.114643263774942,
1.22010092568119));
#11570=CARTESIAN_POINT('Ctrl Pts',(0.634071012477317,-0.114144601201197,
1.21895083560387));
#11571=CARTESIAN_POINT('Ctrl Pts',(0.634285680586542,-0.113612094878222,
1.21777098590764));
#11572=CARTESIAN_POINT('Ctrl Pts',(0.634508898824587,-0.113042493125377,
1.2165636072727));
#11573=CARTESIAN_POINT('Ctrl Pts',(0.634767653102779,-0.112382211547561,
1.21516401559989));
#11574=CARTESIAN_POINT('Ctrl Pts',(0.635038195840435,-0.111672036046502,
1.21372665893558));
#11575=CARTESIAN_POINT('Ctrl Pts',(0.63532025435772,-0.110906910601708,
1.21225636001531));
#11576=CARTESIAN_POINT('Ctrl Pts',(0.63612081565545,-0.108735269678023,
1.20808323869639));
#11577=CARTESIAN_POINT('Ctrl Pts',(0.637013268117338,-0.106121182495511,
1.20364493088821));
#11578=CARTESIAN_POINT('Ctrl Pts',(0.637996763232239,-0.10294699430877,
1.19905187796227));
#11579=CARTESIAN_POINT('Ctrl Pts',(0.638052800660266,-0.102766135919783,
1.19879017572414));
#11580=CARTESIAN_POINT('Ctrl Pts',(0.638109129580432,-0.1025834567457,1.19852798465007));
#11581=CARTESIAN_POINT('Ctrl Pts',(0.638165748268028,-0.102398934211417,
1.19826533026365));
#11582=CARTESIAN_POINT('Ctrl Pts',(0.639122731256049,-0.0992800889376625,
1.19382588120176));
#11583=CARTESIAN_POINT('Ctrl Pts',(0.640161486174325,-0.0956321876190516,
1.1892531627341));
#11584=CARTESIAN_POINT('Ctrl Pts',(0.641274693324872,-0.0913681026779141,
1.18469249769515));
#11585=CARTESIAN_POINT('Ctrl Pts',(0.641790520367809,-0.0893922526980245,
1.18257922132991));
#11586=CARTESIAN_POINT('Ctrl Pts',(0.642322066658504,-0.0872840122695446,
1.18046913701649));
#11587=CARTESIAN_POINT('Ctrl Pts',(0.64286702331274,-0.0850342370544646,
1.17838024733405));
#11588=CARTESIAN_POINT('',(0.5,1.23641213311853E-22,1.145));
#11589=CARTESIAN_POINT('',(1.37503937007874,-3.06161699786839E-17,1.145));
#11590=CARTESIAN_POINT('Ctrl Pts',(0.484122918275927,-0.125,1.27));
#11591=CARTESIAN_POINT('Ctrl Pts',(0.484122918275927,-0.125,1.2542313236652));
#11592=CARTESIAN_POINT('Ctrl Pts',(0.484973579332106,-0.121834881761244,
1.23745978649869));
#11593=CARTESIAN_POINT('Ctrl Pts',(0.488005597223663,-0.109057998139517,
1.2066836643712));
#11594=CARTESIAN_POINT('Ctrl Pts',(0.490138825645426,-0.0994496384782275,
1.19267294318159));
#11595=CARTESIAN_POINT('Ctrl Pts',(0.494111880834681,-0.0773286033839412,
1.1705519080873));
#11596=CARTESIAN_POINT('Ctrl Pts',(0.496215629725421,-0.0633172380752555,
1.16094234258659));
#11597=CARTESIAN_POINT('Ctrl Pts',(0.499179575122445,-0.032538831977062,
1.14816457862124));
#11598=CARTESIAN_POINT('Ctrl Pts',(0.5,-0.0157664715929046,1.145));
#11599=CARTESIAN_POINT('Ctrl Pts',(0.5,0.0157664715929046,1.145));
#11600=CARTESIAN_POINT('Ctrl Pts',(0.499179575122445,0.0325388319770619,
1.14816457862124));
#11601=CARTESIAN_POINT('Ctrl Pts',(0.496215629725421,0.0633172380752555,
1.16094234258659));
#11602=CARTESIAN_POINT('Ctrl Pts',(0.494111880834681,0.0773286033839412,
1.1705519080873));
#11603=CARTESIAN_POINT('Ctrl Pts',(0.490138825645426,0.0994496384782274,
1.19267294318159));
#11604=CARTESIAN_POINT('Ctrl Pts',(0.488005597223663,0.109057998139517,
1.2066836643712));
#11605=CARTESIAN_POINT('Ctrl Pts',(0.484973579332105,0.121834881761244,
1.23745978649869));
#11606=CARTESIAN_POINT('Ctrl Pts',(0.484122918275927,0.125,1.2542313236652));
#11607=CARTESIAN_POINT('Ctrl Pts',(0.484122918275927,0.125,1.2857686763348));
#11608=CARTESIAN_POINT('Ctrl Pts',(0.484973579332105,0.121834881761244,
1.30254021350131));
#11609=CARTESIAN_POINT('Ctrl Pts',(0.488005597223663,0.109057998139517,
1.3333163356288));
#11610=CARTESIAN_POINT('Ctrl Pts',(0.490138825645426,0.0994496384782274,
1.34732705681841));
#11611=CARTESIAN_POINT('Ctrl Pts',(0.494111880834681,0.0773286033839412,
1.3694480919127));
#11612=CARTESIAN_POINT('Ctrl Pts',(0.496215629725421,0.0633172380752555,
1.37905765741341));
#11613=CARTESIAN_POINT('Ctrl Pts',(0.499179575122445,0.0325388319770619,
1.39183542137876));
#11614=CARTESIAN_POINT('Ctrl Pts',(0.5,0.0157664715929046,1.395));
#11615=CARTESIAN_POINT('Ctrl Pts',(0.5,-0.0157664715929046,1.395));
#11616=CARTESIAN_POINT('Ctrl Pts',(0.499179575122445,-0.0325388319770619,
1.39183542137876));
#11617=CARTESIAN_POINT('Ctrl Pts',(0.496215629725421,-0.0633172380752555,
1.37905765741341));
#11618=CARTESIAN_POINT('Ctrl Pts',(0.494111880834681,-0.0773286033839412,
1.3694480919127));
#11619=CARTESIAN_POINT('Ctrl Pts',(0.490138825645426,-0.0994496384782274,
1.34732705681841));
#11620=CARTESIAN_POINT('Ctrl Pts',(0.488005597223663,-0.109057998139517,
1.3333163356288));
#11621=CARTESIAN_POINT('Ctrl Pts',(0.484973579332106,-0.121834881761245,
1.30254021350131));
#11622=CARTESIAN_POINT('Ctrl Pts',(0.484122918275927,-0.125,1.2857686763348));
#11623=CARTESIAN_POINT('Ctrl Pts',(0.484122918275927,-0.125,1.27));
#11624=CARTESIAN_POINT('Ctrl Pts',(0.628304796253309,0.0853584867497871,
1.36131773507806));
#11625=CARTESIAN_POINT('Ctrl Pts',(0.629308138464122,0.0753854865584313,
1.37063991333797));
#11626=CARTESIAN_POINT('Ctrl Pts',(0.630352360334373,0.0639139080204549,
1.37830146786877));
#11627=CARTESIAN_POINT('Ctrl Pts',(0.631456785483518,0.0471945327104619,
1.38583910944242));
#11628=CARTESIAN_POINT('Ctrl Pts',(0.631708331707174,0.0429127947584794,
1.38749273732112));
#11629=CARTESIAN_POINT('Ctrl Pts',(0.632555774013136,0.0261031746526204,
1.3929421877921));
#11630=CARTESIAN_POINT('Ctrl Pts',(0.632916531993989,0.0130977357380541,
1.39499999272502));
#11631=CARTESIAN_POINT('Ctrl Pts',(0.632915052241537,6.94299573733614E-8,
1.39499999999998));
#11632=CARTESIAN_POINT('Origin',(-1.06,-3.75629099128836E-16,0.0309368698526255));
#11633=CARTESIAN_POINT('',(-0.925,-3.59096367340347E-16,0.0309368698526255));
#11634=CARTESIAN_POINT('',(-1.195,-3.92161830917325E-16,0.0309368698526255));
#11635=CARTESIAN_POINT('Origin',(-1.06,-3.75629099128836E-16,0.0309368698526255));
#11636=CARTESIAN_POINT('Origin',(-1.06,-3.75629099128836E-16,0.0309368698526255));
#11637=CARTESIAN_POINT('',(-1.28178583054641,-4.58188726342604E-16,0.130772547507651));
#11638=CARTESIAN_POINT('',(-1.195,-3.92161830917325E-16,0.0309368698526255));
#11639=CARTESIAN_POINT('',(-0.82432749005587,-3.01262572145991E-16,0.146747344767996));
#11640=CARTESIAN_POINT('Ctrl Pts',(-1.28178583054641,-4.91732638859567E-16,
0.130772547507651));
#11641=CARTESIAN_POINT('Ctrl Pts',(-1.28178583054641,-0.0325799101088123,
0.130772547507651));
#11642=CARTESIAN_POINT('Ctrl Pts',(-1.27437292519896,-0.066990639587546,
0.130983948407436));
#11643=CARTESIAN_POINT('Ctrl Pts',(-1.24488175766324,-0.128819483221688,
0.131843392734946));
#11644=CARTESIAN_POINT('Ctrl Pts',(-1.22280337815026,-0.15623751583479,
0.132493275458748));
#11645=CARTESIAN_POINT('Ctrl Pts',(-1.17172725368253,-0.197683038707716,
0.134046432232047));
#11646=CARTESIAN_POINT('Ctrl Pts',(-1.13970276074995,-0.213802909149951,
0.135043112236854));
#11647=CARTESIAN_POINT('Ctrl Pts',(-1.07182227083427,-0.229774506533644,
0.137257576912292));
#11648=CARTESIAN_POINT('Ctrl Pts',(-1.03596653074152,-0.229626861456909,
0.138478705533298));
#11649=CARTESIAN_POINT('Ctrl Pts',(-0.979757748444443,-0.217167920089417,
0.140489199631611));
#11650=CARTESIAN_POINT('Ctrl Pts',(-0.955031971063413,-0.207459350761827,
0.141406663151537));
#11651=CARTESIAN_POINT('Ctrl Pts',(-0.910527121709921,-0.180020054034713,
0.143123192072152));
#11652=CARTESIAN_POINT('Ctrl Pts',(-0.890748304817773,-0.162288826335518,
0.143920873215295));
#11653=CARTESIAN_POINT('Ctrl Pts',(-0.859793649987092,-0.124240657779949,
0.14520237819204));
#11654=CARTESIAN_POINT('Ctrl Pts',(-0.846347498638781,-0.100979376428883,
0.145780558288238));
#11655=CARTESIAN_POINT('Ctrl Pts',(-0.828613536994829,-0.0511957377778604,
0.146554600140493));
#11656=CARTESIAN_POINT('Ctrl Pts',(-0.82432749005587,-0.0246727039350139,
0.146747344767996));
#11657=CARTESIAN_POINT('Ctrl Pts',(-0.82432749005587,-3.05966975290397E-16,
0.146747344767996));
#11658=CARTESIAN_POINT('Ctrl Pts',(-0.82432749005587,-3.11430671277726E-16,
0.146747344767996));
#11659=CARTESIAN_POINT('Ctrl Pts',(-0.82432749005587,0.0246727039350133,
0.146747344767996));
#11660=CARTESIAN_POINT('Ctrl Pts',(-0.828613536994829,0.0511957377778598,
0.146554600140493));
#11661=CARTESIAN_POINT('Ctrl Pts',(-0.846347498638781,0.100979376428882,
0.145780558288238));
#11662=CARTESIAN_POINT('Ctrl Pts',(-0.859793649987093,0.124240657779949,
0.14520237819204));
#11663=CARTESIAN_POINT('Ctrl Pts',(-0.890748304817773,0.162288826335518,
0.143920873215295));
#11664=CARTESIAN_POINT('Ctrl Pts',(-0.910527121709921,0.180020054034712,
0.143123192072152));
#11665=CARTESIAN_POINT('Ctrl Pts',(-0.955031971063413,0.207459350761826,
0.141406663151537));
#11666=CARTESIAN_POINT('Ctrl Pts',(-0.979757748444443,0.217167920089417,
0.140489199631611));
#11667=CARTESIAN_POINT('Ctrl Pts',(-1.0035587549028,0.2224435252855,0.139637877452712));
#11668=CARTESIAN_POINT('Ctrl Pts',(-1.03596653074152,0.229626861456908,
0.138478705533298));
#11669=CARTESIAN_POINT('Ctrl Pts',(-1.07182227083427,0.229774506533643,
0.137257576912292));
#11670=CARTESIAN_POINT('Ctrl Pts',(-1.13970276074995,0.213802909149951,
0.135043112236854));
#11671=CARTESIAN_POINT('Ctrl Pts',(-1.17172725368253,0.197683038707715,
0.134046432232047));
#11672=CARTESIAN_POINT('Ctrl Pts',(-1.22280337815026,0.156237515834789,
0.132493275458748));
#11673=CARTESIAN_POINT('Ctrl Pts',(-1.24488175766324,0.128819483221687,
0.131843392734946));
#11674=CARTESIAN_POINT('Ctrl Pts',(-1.27437292519896,0.066990639587545,
0.130983948407436));
#11675=CARTESIAN_POINT('Ctrl Pts',(-1.28178583054641,0.0325799101088112,
0.130772547507651));
#11676=CARTESIAN_POINT('Ctrl Pts',(-1.28178583054641,-5.24514814783538E-16,
0.130772547507651));
#11677=CARTESIAN_POINT('Origin',(0.53,0.917986928011505,0.0309368698526255));
#11678=CARTESIAN_POINT('',(0.665,0.917986928011505,0.0309368698526255));
#11679=CARTESIAN_POINT('',(0.395,0.917986928011505,0.0309368698526255));
#11680=CARTESIAN_POINT('Origin',(0.53,0.917986928011505,0.0309368698526255));
#11681=CARTESIAN_POINT('Origin',(0.53,0.917986928011505,0.0309368698526255));
#11682=CARTESIAN_POINT('',(0.298607858079602,0.917986928011488,0.141823344622215));
#11683=CARTESIAN_POINT('',(0.395,0.917986928011505,0.0309368698526255));
#11684=CARTESIAN_POINT('',(0.754622447915973,0.917986928011505,0.134035702512971));
#11685=CARTESIAN_POINT('Ctrl Pts',(0.298607858079602,0.917986928011471,
0.141823344622215));
#11686=CARTESIAN_POINT('Ctrl Pts',(0.298478788188444,0.913557770471725,
0.141971822547327));
#11687=CARTESIAN_POINT('Ctrl Pts',(0.298478026349298,0.909117127495311,
0.142119212337549));
#11688=CARTESIAN_POINT('Ctrl Pts',(0.299361620870252,0.878549645252874,
0.143123192072152));
#11689=CARTESIAN_POINT('Ctrl Pts',(0.304827906051967,0.852555073517875,
0.143920873215295));
#11690=CARTESIAN_POINT('Ctrl Pts',(0.322301259173221,0.806723471791343,
0.14520237819204));
#11691=CARTESIAN_POINT('Ctrl Pts',(0.335723044073667,0.783448122465042,
0.145780558288238));
#11692=CARTESIAN_POINT('Ctrl Pts',(0.369969959016301,0.743198241846129,
0.146554600140493));
#11693=CARTESIAN_POINT('Ctrl Pts',(0.390796556640161,0.726224899393754,
0.146747344767996));
#11694=CARTESIAN_POINT('Ctrl Pts',(0.433530933415709,0.70155219545874,0.146747344767996));
#11695=CARTESIAN_POINT('Ctrl Pts',(0.458643577978528,0.692002504068269,
0.146554600140493));
#11696=CARTESIAN_POINT('Ctrl Pts',(0.510624454565115,0.682468746036159,
0.145780558288238));
#11697=CARTESIAN_POINT('Ctrl Pts',(0.537492390813871,0.682482814011393,
0.14520237819204));
#11698=CARTESIAN_POINT('Ctrl Pts',(0.585920398765806,0.690266247182357,
0.143920873215295));
#11699=CARTESIAN_POINT('Ctrl Pts',(0.611165500839669,0.698529591218161,
0.143123192072152));
#11700=CARTESIAN_POINT('Ctrl Pts',(0.657181053544075,0.723352272986327,
0.141406663151537));
#11701=CARTESIAN_POINT('Ctrl Pts',(0.677951809906686,0.739911139662823,
0.140489199631611));
#11702=CARTESIAN_POINT('Ctrl Pts',(0.69442112125601,0.757885613293356,0.139637877452712));
#11703=CARTESIAN_POINT('Ctrl Pts',(0.716845960783732,0.782359902364133,
0.138478705533298));
#11704=CARTESIAN_POINT('Ctrl Pts',(0.734901695217302,0.813338061617578,
0.137257576912292));
#11705=CARTESIAN_POINT('Ctrl Pts',(0.751941524938837,0.869920482212211,
0.135381046026922));
#11706=CARTESIAN_POINT('Ctrl Pts',(0.755167826879407,0.894281469272495,
0.134663089242468));
#11707=CARTESIAN_POINT('Ctrl Pts',(0.754622447915973,0.917986928011505,
0.134035702512971));
#11708=CARTESIAN_POINT('Ctrl Pts',(0.754622447915973,0.917986928011505,
0.134035702512971));
#11709=CARTESIAN_POINT('Ctrl Pts',(0.754382876450903,0.92840014865447,0.133760107068282));
#11710=CARTESIAN_POINT('Ctrl Pts',(0.753430228903666,0.938687237513952,
0.133501665412814));
#11711=CARTESIAN_POINT('Ctrl Pts',(0.74670734681223,0.980860031394158,0.132493275458748));
#11712=CARTESIAN_POINT('Ctrl Pts',(0.734001823803986,1.01368948523335,0.131843392734946));
#11713=CARTESIAN_POINT('Ctrl Pts',(0.695202058298061,1.07014400732361,0.130983948407436));
#11714=CARTESIAN_POINT('Ctrl Pts',(0.66910794508045,1.09376913640972,0.130772547507651));
#11715=CARTESIAN_POINT('Ctrl Pts',(0.612677885465961,1.12634904651853,0.130772547507651));
#11716=CARTESIAN_POINT('Ctrl Pts',(0.579170866900897,1.13713464691116,0.130983948407436));
#11717=CARTESIAN_POINT('Ctrl Pts',(0.510879933859257,1.14250896845504,0.131843392734946));
#11718=CARTESIAN_POINT('Ctrl Pts',(0.476096031338028,1.13709754722895,0.132493275458748));
#11719=CARTESIAN_POINT('Ctrl Pts',(0.414665093423081,1.1135870873495,0.134046432232047));
#11720=CARTESIAN_POINT('Ctrl Pts',(0.384692629648101,1.09391299814769,0.135043112236854));
#11721=CARTESIAN_POINT('Ctrl Pts',(0.336920575616965,1.04311256815122,0.137257576912292));
#11722=CARTESIAN_POINT('Ctrl Pts',(0.319120569957787,1.01198676382104,0.138478705533298));
#11723=CARTESIAN_POINT('Ctrl Pts',(0.303050706337513,0.961026434681877,
0.14034466301085));
#11724=CARTESIAN_POINT('Ctrl Pts',(0.299239011171325,0.939645553813869,
0.141097286045374));
#11725=CARTESIAN_POINT('Ctrl Pts',(0.298607858079602,0.917986928011471,
0.141823344622215));
#11726=CARTESIAN_POINT('Origin',(0.53,-0.917986928011505,0.0309368698526255));
#11727=CARTESIAN_POINT('',(0.665,-0.917986928011505,0.0309368698526255));
#11728=CARTESIAN_POINT('',(0.395,-0.917986928011505,0.0309368698526255));
#11729=CARTESIAN_POINT('Origin',(0.53,-0.917986928011505,0.0309368698526255));
#11730=CARTESIAN_POINT('Origin',(0.53,-0.917986928011505,0.0309368698526255));
#11731=CARTESIAN_POINT('',(0.298607858079602,-0.917986928011488,0.141823344622215));
#11732=CARTESIAN_POINT('',(0.395,-0.917986928011505,0.0309368698526255));
#11733=CARTESIAN_POINT('',(0.754622447915973,-0.917986928011505,0.134035702512971));
#11734=CARTESIAN_POINT('Ctrl Pts',(0.298607858079602,-0.917986928011471,
0.141823344622215));
#11735=CARTESIAN_POINT('Ctrl Pts',(0.299239011171328,-0.939645553813869,
0.141097286045374));
#11736=CARTESIAN_POINT('Ctrl Pts',(0.303050706337513,-0.961026434681877,
0.14034466301085));
#11737=CARTESIAN_POINT('Ctrl Pts',(0.309137633646791,-0.980329138578857,
0.139637877452712));
#11738=CARTESIAN_POINT('Ctrl Pts',(0.319120569957787,-1.01198676382104,
0.138478705533298));
#11739=CARTESIAN_POINT('Ctrl Pts',(0.336920575616965,-1.04311256815122,
0.137257576912292));
#11740=CARTESIAN_POINT('Ctrl Pts',(0.384692629648101,-1.09391299814769,
0.135043112236854));
#11741=CARTESIAN_POINT('Ctrl Pts',(0.414665093423081,-1.1135870873495,0.134046432232047));
#11742=CARTESIAN_POINT('Ctrl Pts',(0.476096031338028,-1.13709754722895,
0.132493275458748));
#11743=CARTESIAN_POINT('Ctrl Pts',(0.510879933859257,-1.14250896845504,
0.131843392734946));
#11744=CARTESIAN_POINT('Ctrl Pts',(0.579170866900897,-1.13713464691116,
0.130983948407436));
#11745=CARTESIAN_POINT('Ctrl Pts',(0.612677885465961,-1.12634904651853,
0.130772547507651));
#11746=CARTESIAN_POINT('Ctrl Pts',(0.66910794508045,-1.09376913640972,0.130772547507651));
#11747=CARTESIAN_POINT('Ctrl Pts',(0.695202058298061,-1.07014400732361,
0.130983948407436));
#11748=CARTESIAN_POINT('Ctrl Pts',(0.734001823803986,-1.01368948523335,
0.131843392734946));
#11749=CARTESIAN_POINT('Ctrl Pts',(0.74670734681223,-0.980860031394157,
0.132493275458748));
#11750=CARTESIAN_POINT('Ctrl Pts',(0.753430228903666,-0.938687237513952,
0.133501665412814));
#11751=CARTESIAN_POINT('Ctrl Pts',(0.754382876450903,-0.92840014865447,
0.133760107068282));
#11752=CARTESIAN_POINT('Ctrl Pts',(0.754622447915973,-0.917986928011505,
0.134035702512971));
#11753=CARTESIAN_POINT('Ctrl Pts',(0.754622447915973,-0.917986928011505,
0.134035702512971));
#11754=CARTESIAN_POINT('Ctrl Pts',(0.755167826879407,-0.894281469272495,
0.134663089242468));
#11755=CARTESIAN_POINT('Ctrl Pts',(0.751941524938837,-0.869920482212211,
0.135381046026923));
#11756=CARTESIAN_POINT('Ctrl Pts',(0.734901695217302,-0.813338061617578,
0.137257576912292));
#11757=CARTESIAN_POINT('Ctrl Pts',(0.716845960783732,-0.782359902364133,
0.138478705533298));
#11758=CARTESIAN_POINT('Ctrl Pts',(0.677951809906686,-0.739911139662822,
0.140489199631611));
#11759=CARTESIAN_POINT('Ctrl Pts',(0.657181053544075,-0.723352272986327,
0.141406663151537));
#11760=CARTESIAN_POINT('Ctrl Pts',(0.611165500839669,-0.698529591218161,
0.143123192072152));
#11761=CARTESIAN_POINT('Ctrl Pts',(0.585920398765806,-0.690266247182357,
0.143920873215295));
#11762=CARTESIAN_POINT('Ctrl Pts',(0.537492390813871,-0.682482814011393,
0.14520237819204));
#11763=CARTESIAN_POINT('Ctrl Pts',(0.510624454565115,-0.682468746036158,
0.145780558288238));
#11764=CARTESIAN_POINT('Ctrl Pts',(0.458643577978528,-0.692002504068268,
0.146554600140493));
#11765=CARTESIAN_POINT('Ctrl Pts',(0.433530933415709,-0.70155219545874,
0.146747344767996));
#11766=CARTESIAN_POINT('Ctrl Pts',(0.390796556640161,-0.726224899393754,
0.146747344767996));
#11767=CARTESIAN_POINT('Ctrl Pts',(0.369969959016301,-0.743198241846129,
0.146554600140493));
#11768=CARTESIAN_POINT('Ctrl Pts',(0.335723044073666,-0.783448122465041,
0.145780558288238));
#11769=CARTESIAN_POINT('Ctrl Pts',(0.322301259173221,-0.806723471791343,
0.14520237819204));
#11770=CARTESIAN_POINT('Ctrl Pts',(0.304827906051967,-0.852555073517875,
0.143920873215295));
#11771=CARTESIAN_POINT('Ctrl Pts',(0.299361620870252,-0.878549645252874,
0.143123192072152));
#11772=CARTESIAN_POINT('Ctrl Pts',(0.298478026349298,-0.909117127495311,
0.142119212337549));
#11773=CARTESIAN_POINT('Ctrl Pts',(0.298478788188444,-0.913557770471725,
0.141971822547327));
#11774=CARTESIAN_POINT('Ctrl Pts',(0.298607858079602,-0.917986928011471,
0.141823344622215));
#11775=CARTESIAN_POINT('Origin',(0.,-2.08413018930187E-16,0.0792329982424443));
#11776=CARTESIAN_POINT('',(1.68388934882761E-16,1.375,0.0792329982424443));
#11777=CARTESIAN_POINT('',(-1.68388934882761E-16,-1.375,0.0792329982424443));
#11778=CARTESIAN_POINT('Origin',(0.,-2.08413018930187E-16,0.0792329982424443));
#11779=CARTESIAN_POINT('Origin',(0.,-2.08413018930187E-16,0.0792329982424443));
#11780=CARTESIAN_POINT('',(-1.62479398671667E-16,-1.32674497483512,0.129202539593399));
#11781=CARTESIAN_POINT('Origin',(-1.62265700887024E-16,-1.325,0.0792329982424443));
#11782=CARTESIAN_POINT('Origin',(0.,-2.08553697180463E-16,0.129202539593399));
#11783=CARTESIAN_POINT('Origin',(0.,-2.13088543051639E-16,1.74));
#11784=CARTESIAN_POINT('',(-1.68388934882761E-16,1.375,0.));
#11785=CARTESIAN_POINT('',(-1.68388934882761E-16,1.375,1.74));
#11786=CARTESIAN_POINT('Origin',(0.,-2.0818995585505E-16,0.));
#11787=CARTESIAN_POINT('Origin',(0.,-2.73184799366426E-16,0.198398358952211));
#11788=CARTESIAN_POINT('',(8.91595750562512E-17,-0.728043180436413,0.194910535265005));
#11789=CARTESIAN_POINT('',(-8.91595750562512E-17,0.728043180436413,0.194910535265005));
#11790=CARTESIAN_POINT('Origin',(0.,-2.08738683586389E-16,0.194910535265005));
#11791=CARTESIAN_POINT('Origin',(0.,-2.08738683586389E-16,0.194910535265005));
#11792=CARTESIAN_POINT('',(-9.50541953770842E-17,0.776176408114279,0.148428817601256));
#11793=CARTESIAN_POINT('Origin',(-9.5267893161727E-17,0.777921382949404,
0.198398358952211));
#11794=CARTESIAN_POINT('',(1.28766797024376E-16,-0.77617640811428,0.148428817601256));
#11795=CARTESIAN_POINT('Origin',(0.,-2.08607824536375E-16,0.148428817601256));
#11796=CARTESIAN_POINT('Origin',(0.,-2.08607824536375E-16,0.148428817601256));
#11797=CARTESIAN_POINT('Origin',(0.,-2.0488859952482E-16,1.69));
#11798=CARTESIAN_POINT('',(-7.02180934701603E-17,0.573374245693117,1.74));
#11799=CARTESIAN_POINT('Origin',(0.,-2.13088543051639E-16,1.74));
#11800=CARTESIAN_POINT('',(-7.63264115756362E-17,0.623252448206108,1.69348782368721));
#11801=CARTESIAN_POINT('Origin',(-7.02180934701603E-17,0.573374245693117,
1.69));
#11802=CARTESIAN_POINT('',(8.27429933159437E-17,-0.623252448206108,1.69348782368721));
#11803=CARTESIAN_POINT('Origin',(0.,-2.12957598252001E-16,1.69348782368721));
#11804=CARTESIAN_POINT('Origin',(0.,-2.12957598252001E-16,1.69348782368721));
#11805=CARTESIAN_POINT('Origin',(0.53,-0.917986928011505,1.74003937007874));
#11806=CARTESIAN_POINT('',(0.665,-0.917986928011505,0.));
#11807=CARTESIAN_POINT('',(0.665,-0.917986928011505,1.74003937007874));
#11808=CARTESIAN_POINT('Origin',(0.53,-0.917986928011505,0.));
#11809=CARTESIAN_POINT('Origin',(0.53,0.917986928011505,1.74003937007874));
#11810=CARTESIAN_POINT('',(0.665,0.917986928011505,0.));
#11811=CARTESIAN_POINT('',(0.665,0.917986928011505,1.74003937007874));
#11812=CARTESIAN_POINT('Origin',(0.53,0.917986928011505,0.));
#11813=CARTESIAN_POINT('Origin',(-1.06,-3.75629099128836E-16,1.74003937007874));
#11814=CARTESIAN_POINT('',(-0.925,-3.92161830917325E-16,0.));
#11815=CARTESIAN_POINT('',(-0.925,-3.92161830917325E-16,1.74003937007874));
#11816=CARTESIAN_POINT('Origin',(-1.06,-3.75629099128836E-16,0.));
#11817=CARTESIAN_POINT('Origin',(0.,-2.08548953144789E-16,0.127517436982798));
#11818=CARTESIAN_POINT('',(-1.68388934882761E-16,-1.375,0.127517436982798));
#11819=CARTESIAN_POINT('Origin',(0.,-2.08738683586389E-16,0.194910535265005));
#11820=CARTESIAN_POINT('',(-8.91595750562512E-17,-0.728043180436413,0.194910535265005));
#11821=CARTESIAN_POINT('Ctrl Pts',(0.695821723884401,-0.100980365032045,
0.551459083729504));
#11822=CARTESIAN_POINT('Ctrl Pts',(0.694407759966752,-0.107555849792257,
0.557965002332292));
#11823=CARTESIAN_POINT('Ctrl Pts',(0.692968654582925,-0.113387205996939,
0.564997416480649));
#11824=CARTESIAN_POINT('Ctrl Pts',(0.691559357714923,-0.118482863505153,
0.572556336104426));
#11825=CARTESIAN_POINT('Ctrl Pts',(0.690854709280921,-0.12103069225926,
0.576335795916314));
#11826=CARTESIAN_POINT('Ctrl Pts',(0.690157294044928,-0.123394630212425,
0.580246882098666));
#11827=CARTESIAN_POINT('Ctrl Pts',(0.689472673409329,-0.125575869211242,
0.584289594651483));
#11828=CARTESIAN_POINT('Ctrl Pts',(0.68878805277373,-0.127757108210058,
0.5883323072043));
#11829=CARTESIAN_POINT('Ctrl Pts',(0.688122743242279,-0.129737584369075,
0.592463697310835));
#11830=CARTESIAN_POINT('Ctrl Pts',(0.687461718531421,-0.131573201407437,
0.59681374784899));
#11831=CARTESIAN_POINT('Ctrl Pts',(0.686139669109704,-0.13524443548416,
0.605513848925301));
#11832=CARTESIAN_POINT('Ctrl Pts',(0.684954995477272,-0.137994197377982,
0.614332646207994));
#11833=CARTESIAN_POINT('Ctrl Pts',(0.683940553464543,-0.139835876591949,
0.62327013969707));
#11834=CARTESIAN_POINT('Ctrl Pts',(0.682926111451814,-0.141677555805916,
0.632207633186146));
#11835=CARTESIAN_POINT('Ctrl Pts',(0.682084994657092,-0.142611255413696,
0.641219969015264));
#11836=CARTESIAN_POINT('Ctrl Pts',(0.681418929448802,-0.142646670804894,
0.650439283549093));
#11837=CARTESIAN_POINT('Ctrl Pts',(0.680599577140909,-0.142690236633212,
0.66178031524759));
#11838=CARTESIAN_POINT('Ctrl Pts',(0.680092011511426,-0.141320922439649,
0.672959127055723));
#11839=CARTESIAN_POINT('Ctrl Pts',(0.679870473529657,-0.138561500654443,
0.683943946093571));
#11840=CARTESIAN_POINT('Ctrl Pts',(0.6797318276429,-0.136834562107425,0.690818613652614));
#11841=CARTESIAN_POINT('Ctrl Pts',(0.679704172850597,-0.134562912553757,
0.697617300538893));
#11842=CARTESIAN_POINT('Ctrl Pts',(0.679771065828224,-0.131750008642049,
0.704332218626466));
#11843=CARTESIAN_POINT('Ctrl Pts',(0.679890756030168,-0.126716938666919,
0.716347080730832));
#11844=CARTESIAN_POINT('Ctrl Pts',(0.680308080595427,-0.120271104694946,
0.727326922347594));
#11845=CARTESIAN_POINT('Ctrl Pts',(0.680901352226471,-0.112412797840211,
0.737261379907294));
#11846=CARTESIAN_POINT('Ctrl Pts',(0.681169456618694,-0.108861563510193,
0.741750844035925));
#11847=CARTESIAN_POINT('Ctrl Pts',(0.681472791295432,-0.105021752648103,
0.746026818641699));
#11848=CARTESIAN_POINT('Ctrl Pts',(0.681796662770679,-0.100893022349539,
0.750088347278729));
#11849=CARTESIAN_POINT('Ctrl Pts',(0.682603925806136,-0.0906019914680139,
0.760211875241892));
#11850=CARTESIAN_POINT('Ctrl Pts',(0.683501673971633,-0.0789897735599522,
0.768579365347803));
#11851=CARTESIAN_POINT('Ctrl Pts',(0.684287812235702,-0.0660241766235176,
0.775196443366475));
#11852=CARTESIAN_POINT('Ctrl Pts',(0.684514991180646,-0.0622773667209793,
0.777108652543405));
#11853=CARTESIAN_POINT('Ctrl Pts',(0.684732522543094,-0.0584175792501815,
0.778874684873554));
#11854=CARTESIAN_POINT('Ctrl Pts',(0.684934721784944,-0.0544441894780173,
0.780494676122414));
#11855=CARTESIAN_POINT('Ctrl Pts',(0.685836618619909,-0.0367211375673145,
0.787720543868784));
#11856=CARTESIAN_POINT('Ctrl Pts',(0.686347655328214,-0.018469208755714,
0.791310594525008));
#11857=CARTESIAN_POINT('Ctrl Pts',(0.686341935337598,0.000325259318098765,
0.791265021751119));
#11858=CARTESIAN_POINT('Ctrl Pts',(0.686336215346983,0.0191197273919115,
0.79121944897723));
#11859=CARTESIAN_POINT('Ctrl Pts',(0.685811990038926,0.037366470092228,
0.78754934844974));
#11860=CARTESIAN_POINT('Ctrl Pts',(0.684904005540322,0.0550212052124729,
0.780275234811914));
#11861=CARTESIAN_POINT('Ctrl Pts',(0.684155258172461,0.0695797538131349,
0.774276813640385));
#11862=CARTESIAN_POINT('Ctrl Pts',(0.68320695687879,0.0826514272047482,
0.766255223066764));
#11863=CARTESIAN_POINT('Ctrl Pts',(0.682316716720854,0.0942125068059958,
0.75625266019385));
#11864=CARTESIAN_POINT('Ctrl Pts',(0.682127388124408,0.0966712174750155,
0.754125401416866));
#11865=CARTESIAN_POINT('Ctrl Pts',(0.68194050184891,0.099061642973289,0.751908545020346));
#11866=CARTESIAN_POINT('Ctrl Pts',(0.68175823389438,0.101383599094171,0.749602496895585));
#11867=CARTESIAN_POINT('Ctrl Pts',(0.652857043914875,-0.0968467826467485,
1.16795580869902));
#11868=CARTESIAN_POINT('Ctrl Pts',(0.651406166604459,-0.103656081390778,
1.1741908196058));
#11869=CARTESIAN_POINT('Ctrl Pts',(0.649913644203152,-0.109743939958379,
1.18097557579111));
#11870=CARTESIAN_POINT('Ctrl Pts',(0.647701024340111,-0.117805986690937,
1.19197734365827));
#11871=CARTESIAN_POINT('Ctrl Pts',(0.646967626726587,-0.120315088893943,
1.19578203854552));
#11872=CARTESIAN_POINT('Ctrl Pts',(0.645521279407242,-0.124979246124487,
1.20366630618308));
#11873=CARTESIAN_POINT('Ctrl Pts',(0.64481572496444,-0.127113349861379,
1.20770110206246));
#11874=CARTESIAN_POINT('Ctrl Pts',(0.642700412725808,-0.133115879571735,
1.22049010702771));
#11875=CARTESIAN_POINT('Ctrl Pts',(0.641423495290872,-0.136203118238279,
1.22916879431164));
#11876=CARTESIAN_POINT('Ctrl Pts',(0.639214198226694,-0.140578673425186,
1.24683153682701));
#11877=CARTESIAN_POINT('Ctrl Pts',(0.638285733706225,-0.141865169731817,
1.25576636123756));
#11878=CARTESIAN_POINT('Ctrl Pts',(0.636041853889262,-0.143071992855295,
1.2833262498109));
#11879=CARTESIAN_POINT('Ctrl Pts',(0.635432968296047,-0.140132156488938,
1.30141455183212));
#11880=CARTESIAN_POINT('Ctrl Pts',(0.635681302728655,-0.126926589762346,
1.3367680544929));
#11881=CARTESIAN_POINT('Ctrl Pts',(0.636517603828377,-0.117271885976067,
1.35237670560255));
#11882=CARTESIAN_POINT('Ctrl Pts',(0.638773476314592,-0.0918351692330986,
1.37940072133404));
#11883=CARTESIAN_POINT('Ctrl Pts',(0.640110688276346,-0.0768163021940832,
1.3900897534131));
#11884=CARTESIAN_POINT('Ctrl Pts',(0.64222780751171,-0.0420324944533687,
1.40584860851783));
#11885=CARTESIAN_POINT('Ctrl Pts',(0.642894052942984,-0.0239606768234146,
1.41012502582495));
#11886=CARTESIAN_POINT('Ctrl Pts',(0.64310376932896,0.0135395453871763,
1.41147164770709));
#11887=CARTESIAN_POINT('Ctrl Pts',(0.642638463085708,0.0319050956768257,
1.40850307832042));
#11888=CARTESIAN_POINT('Ctrl Pts',(0.640783526965147,0.0676987156104152,
1.39534406087695));
#11889=CARTESIAN_POINT('Ctrl Pts',(0.639488576408682,0.0835239125137137,
1.38572290912501));
#11890=CARTESIAN_POINT('Ctrl Pts',(0.638288917908589,0.0972496722632186,
1.37311793042957));
#11891=CARTESIAN_POINT('Origin',(0.,-2.13088543051639E-16,1.74));
#11892=CARTESIAN_POINT('',(-6.12323399573677E-17,0.5,0.));
#11893=CARTESIAN_POINT('Origin',(0.,-2.0818995585505E-16,0.));
#11894=CARTESIAN_POINT('',(-6.12323399573677E-17,0.5,1.74));
#11895=CARTESIAN_POINT('',(-6.12323399573677E-17,0.5,1.74));
#11896=CARTESIAN_POINT('Origin',(0.,-2.13088543051639E-16,1.74));
#11897=CARTESIAN_POINT('Origin',(0.,1.375,1.23168499914247E-18));
#11898=CARTESIAN_POINT('Origin',(0.,0.5,1.74));
#11899=CARTESIAN_POINT('Ctrl Pts',(0.695858290373317,-0.101025422723497,
0.55142201763821));
#11900=CARTESIAN_POINT('Ctrl Pts',(0.69016394452722,-0.127207141025689,
0.577319106710745));
#11901=CARTESIAN_POINT('Ctrl Pts',(0.68412538763413,-0.142575281070176,
0.613509503723191));
#11902=CARTESIAN_POINT('Ctrl Pts',(0.678784734884309,-0.142845434186663,
0.68737506454868));
#11903=CARTESIAN_POINT('Ctrl Pts',(0.679678655016762,-0.127445484316811,
0.724049660904629));
#11904=CARTESIAN_POINT('Ctrl Pts',(0.683987792189941,-0.074430596668975,
0.776211689290326));
#11905=CARTESIAN_POINT('Ctrl Pts',(0.686392366300936,-0.0372771076389421,
0.791421757395674));
#11906=CARTESIAN_POINT('Ctrl Pts',(0.686365407439993,0.0379280028461595,
0.791225678258181));
#11907=CARTESIAN_POINT('Ctrl Pts',(0.683949307474817,0.0749248599824593,
0.775990243567072));
#11908=CARTESIAN_POINT('Ctrl Pts',(0.679640259641125,0.127932972547108,
0.723298889989837));
#11909=CARTESIAN_POINT('Ctrl Pts',(0.67879919037933,0.143038504584998,0.686578917631137));
#11910=CARTESIAN_POINT('Ctrl Pts',(0.684227746827831,0.142373966212219,
0.612694065024187));
#11911=CARTESIAN_POINT('Ctrl Pts',(0.690286712877029,0.126787007763128,
0.576669778165182));
#11912=CARTESIAN_POINT('Ctrl Pts',(0.701660165188713,0.0741879916744064,
0.525117211297123));
#11913=CARTESIAN_POINT('Ctrl Pts',(0.706068077187391,0.0371724352538245,
0.509993673801117));
#11914=CARTESIAN_POINT('Ctrl Pts',(0.706002249476451,-0.037953923724167,
0.510232654365344));
#11915=CARTESIAN_POINT('Ctrl Pts',(0.701552636219415,-0.0748437044213059,
0.525524928565674));
#11916=CARTESIAN_POINT('Ctrl Pts',(0.695858290373317,-0.101025422723497,
0.55142201763821));
#11917=CARTESIAN_POINT('Ctrl Pts',(0.685691763547898,-0.0885010352260746,
0.561724483779968));
#11918=CARTESIAN_POINT('Ctrl Pts',(0.680054413375124,-0.111433559188401,
0.584747274118869));
#11919=CARTESIAN_POINT('Ctrl Pts',(0.674068145021449,-0.124888517894456,
0.616920907140889));
#11920=CARTESIAN_POINT('Ctrl Pts',(0.668731834355787,-0.125111000200491,
0.682588223941942));
#11921=CARTESIAN_POINT('Ctrl Pts',(0.669575314143109,-0.111615925620201,
0.715192315281718));
#11922=CARTESIAN_POINT('Ctrl Pts',(0.673766412308285,-0.065180228558721,
0.76156491899044));
#11923=CARTESIAN_POINT('Ctrl Pts',(0.676119035704502,-0.0326438359785942,
0.775086833417258));
#11924=CARTESIAN_POINT('Ctrl Pts',(0.676092685621791,0.0332138315316279,
0.774912516792036));
#11925=CARTESIAN_POINT('Ctrl Pts',(0.67372873602345,0.0656130804835145,
0.761368051400462));
#11926=CARTESIAN_POINT('Ctrl Pts',(0.669538258037803,0.112042990504917,
0.714524871825441));
#11927=CARTESIAN_POINT('Ctrl Pts',(0.668746878630127,0.12528026766247,0.6818804413359));
#11928=CARTESIAN_POINT('Ctrl Pts',(0.674169818698943,0.124712331862868,
0.616195972803139));
#11929=CARTESIAN_POINT('Ctrl Pts',(0.680176038183774,0.111065629419908,
0.584170014099396));
#11930=CARTESIAN_POINT('Ctrl Pts',(0.691435489987937,0.0649941075708893,
0.538339228364524));
#11931=CARTESIAN_POINT('Ctrl Pts',(0.695794694294385,0.0325662272070579,
0.524894240443096));
#11932=CARTESIAN_POINT('Ctrl Pts',(0.695729580791106,-0.0332508739907058,
0.525106697041098));
#11933=CARTESIAN_POINT('Ctrl Pts',(0.691329113720673,-0.0655685112637483,
0.538701693441067));
#11934=CARTESIAN_POINT('Ctrl Pts',(0.685691763547898,-0.0885010352260746,
0.561724483779968));
#11935=CARTESIAN_POINT('Ctrl Pts',(0.652898980448512,-0.0968963801022191,
1.16791203736422));
#11936=CARTESIAN_POINT('Ctrl Pts',(0.647054841027563,-0.124006259866828,
1.19272803109106));
#11937=CARTESIAN_POINT('Ctrl Pts',(0.640584247787937,-0.140737154155991,
1.22815431062388));
#11938=CARTESIAN_POINT('Ctrl Pts',(0.634573972774212,-0.143943607128628,
1.30175349087278));
#11939=CARTESIAN_POINT('Ctrl Pts',(0.635353186935808,-0.130022000744873,
1.3389268144493));
#11940=CARTESIAN_POINT('Ctrl Pts',(0.640021594212537,-0.079192130398704,
1.39294331626279));
#11941=CARTESIAN_POINT('Ctrl Pts',(0.642827644178714,-0.0427415526128259,
1.40952389721733));
#11942=CARTESIAN_POINT('Ctrl Pts',(0.64325497197412,0.032315391234473,1.41220609238692));
#11943=CARTESIAN_POINT('Ctrl Pts',(0.64080853958807,0.0698435455234895,
1.39840456124572));
#11944=CARTESIAN_POINT('Ctrl Pts',(0.635853123803443,0.12475562343704,1.34793035880056));
#11945=CARTESIAN_POINT('Ctrl Pts',(0.634451413192843,0.141287178249114,
1.31190301647033));
#11946=CARTESIAN_POINT('Ctrl Pts',(0.639239371320993,0.143503305129689,
1.23815290377149));
#11947=CARTESIAN_POINT('Ctrl Pts',(0.645298074128897,0.129323268469858,
1.20164755897575));
#11948=CARTESIAN_POINT('Ctrl Pts',(0.657275059047994,0.0789043496011086,
1.14834517215959));
#11949=CARTESIAN_POINT('Ctrl Pts',(0.662248744017299,0.0426369748831888,
1.13187494712411));
#11950=CARTESIAN_POINT('Ctrl Pts',(0.663021303542546,-0.0323482360446407,
1.12922703525583));
#11951=CARTESIAN_POINT('Ctrl Pts',(0.65874311986946,-0.0697865003376098,
1.14309604363738));
#11952=CARTESIAN_POINT('Ctrl Pts',(0.652898980448512,-0.0968963801022191,
1.16791203736422));
#11953=CARTESIAN_POINT('Ctrl Pts',(0.642867021916068,-0.0850342353747308,
1.17838024877662));
#11954=CARTESIAN_POINT('Ctrl Pts',(0.637086281066075,-0.108821821019894,
1.20049793778901));
#11955=CARTESIAN_POINT('Ctrl Pts',(0.630678222851956,-0.123495875777774,
1.23207220747608));
#11956=CARTESIAN_POINT('Ctrl Pts',(0.624683434486222,-0.126293541963313,
1.2976688069713));
#11957=CARTESIAN_POINT('Ctrl Pts',(0.625410991489475,-0.114070752532706,
1.33080016101376));
#11958=CARTESIAN_POINT('Ctrl Pts',(0.629947601801663,-0.0694698510632855,
1.37894331259162));
#11959=CARTESIAN_POINT('Ctrl Pts',(0.632691093264838,-0.0374935324879676,
1.39372104453168));
#11960=CARTESIAN_POINT('Ctrl Pts',(0.633108713224694,0.0283475201971731,
1.39611160037122));
#11961=CARTESIAN_POINT('Ctrl Pts',(0.630716160398683,0.061268279673319,
1.38381074296183));
#11962=CARTESIAN_POINT('Ctrl Pts',(0.625893432107793,0.109448693827673,
1.33882472719297));
#11963=CARTESIAN_POINT('Ctrl Pts',(0.624552031286791,0.123960548275079,
1.30671475031377));
#11964=CARTESIAN_POINT('Ctrl Pts',(0.629343635185832,0.125920893572525,
1.24098362744796));
#11965=CARTESIAN_POINT('Ctrl Pts',(0.635347149225325,0.113486023962159,
1.20844762154056));
#11966=CARTESIAN_POINT('Ctrl Pts',(0.647196591296905,0.0692480360672719,
1.16094093890992));
#11967=CARTESIAN_POINT('Ctrl Pts',(0.65211180134524,0.037419809439155,1.14626156346446));
#11968=CARTESIAN_POINT('Ctrl Pts',(0.652875381332537,-0.0283900725480844,
1.14390156205205));
#11969=CARTESIAN_POINT('Ctrl Pts',(0.648647762766062,-0.0612466497295677,
1.15626255976422));
#11970=CARTESIAN_POINT('Ctrl Pts',(0.642867021916068,-0.0850342353747308,
1.17838024877662));
#11971=CARTESIAN_POINT('Origin',(-38.8289224235572,8.63375993398884E-17,
0.65));
#11972=CARTESIAN_POINT('',(0.541156316600239,8.63375993398884E-17,0.65));
#11973=CARTESIAN_POINT('',(0.5,8.63375993398884E-17,0.581504386713101));
#11974=CARTESIAN_POINT('',(-38.8289224235572,-7.93789287683E-15,-64.8728142657677));
#11975=CARTESIAN_POINT('',(0.5,7.79493059831449E-17,0.718495613286898));
#11976=CARTESIAN_POINT('Origin',(0.5,8.63375993398884E-17,0.65));
#11977=CARTESIAN_POINT('Origin',(0.5,8.63375993398884E-17,0.65));
#11978=CARTESIAN_POINT('Origin',(0.5,8.63375993398884E-17,0.65));
#11979=CARTESIAN_POINT('',(0.556504386713102,7.10295143505465E-17,0.775));
#11980=CARTESIAN_POINT('Origin',(0.556504386713102,8.63375993398884E-17,
0.65));
#11981=CARTESIAN_POINT('',(0.5,7.79493059831449E-17,0.718495613286898));
#11982=CARTESIAN_POINT('Origin',(0.6875,8.63375993398884E-17,0.65));
#11983=CARTESIAN_POINT('',(0.669994811544757,1.0164568432923E-16,0.525));
#11984=CARTESIAN_POINT('',(0.669994811544757,7.10295143505465E-17,0.775));
#11985=CARTESIAN_POINT('Origin',(0.669994811544757,8.63375993398884E-17,
0.65));
#11986=CARTESIAN_POINT('Origin',(0.669994811544757,8.63375993398884E-17,
0.65));
#11987=CARTESIAN_POINT('',(0.6875,7.10295143505465E-17,0.775));
#11988=CARTESIAN_POINT('Origin',(0.669994811544757,8.63375993398884E-17,
0.65));
#11989=CARTESIAN_POINT('',(0.6875,7.40911313484149E-17,0.55));
#11990=CARTESIAN_POINT('',(0.669994811544757,7.10295143505465E-17,0.525));
#11991=CARTESIAN_POINT('Origin',(0.6875,8.63375993398884E-17,0.65));
#11992=CARTESIAN_POINT('Origin',(0.6875,8.63375993398884E-17,0.65));
#11993=CARTESIAN_POINT('',(0.6875,7.78005743596876E-17,0.722168783648703));
#11994=CARTESIAN_POINT('',(0.6875,-0.0625000000000001,0.686084391824352));
#11995=CARTESIAN_POINT('Origin',(0.6875,8.63375993398884E-17,0.65));
#11996=CARTESIAN_POINT('',(0.6875,0.0625000000000003,0.686084391824351));
#11997=CARTESIAN_POINT('Origin',(0.6875,8.63375993398884E-17,0.65));
#11998=CARTESIAN_POINT('',(0.6875,0.0624999999999999,0.613915608175647));
#11999=CARTESIAN_POINT('Origin',(0.6875,8.63375993398884E-17,0.65));
#12000=CARTESIAN_POINT('',(0.6875,-5.49670761685073E-16,0.577831216351296));
#12001=CARTESIAN_POINT('Origin',(0.6875,8.63375993398884E-17,0.65));
#12002=CARTESIAN_POINT('',(0.6875,-0.0625000000000001,0.613915608175648));
#12003=CARTESIAN_POINT('Origin',(0.6875,8.63375993398884E-17,0.65));
#12004=CARTESIAN_POINT('Origin',(0.6875,8.63375993398884E-17,0.65));
#12005=CARTESIAN_POINT('Origin',(0.609375,0.0625000000000003,0.686084391824351));
#12006=CARTESIAN_POINT('',(0.609375,0.0625000000000003,0.686084391824351));
#12007=CARTESIAN_POINT('',(0.609375,0.0625000000000003,0.686084391824351));
#12008=CARTESIAN_POINT('Ctrl Pts',(0.687499999999794,3.56728086498636E-13,
0.722168783648497));
#12009=CARTESIAN_POINT('Ctrl Pts',(0.669457804087901,0.0312500000001339,
0.70412658773645));
#12010=CARTESIAN_POINT('Ctrl Pts',(0.6875,0.0625000000000002,0.686084391824351));
#12011=CARTESIAN_POINT('',(0.609375,8.63375993398884E-17,0.722168783648703));
#12012=CARTESIAN_POINT('',(0.609375,8.63375993398884E-17,0.722168783648703));
#12013=CARTESIAN_POINT('',(0.609375,0.0625000000000003,0.686084391824351));
#12014=CARTESIAN_POINT('Origin',(0.609375,0.0625000000000003,0.613915608175648));
#12015=CARTESIAN_POINT('',(0.609375,0.0625000000000003,0.613915608175648));
#12016=CARTESIAN_POINT('',(0.609375,0.0625000000000003,0.613915608175648));
#12017=CARTESIAN_POINT('Ctrl Pts',(0.687499999999794,0.0625000000000003,
0.68608439182394));
#12018=CARTESIAN_POINT('Ctrl Pts',(0.669457804087902,0.0625000000000003,
0.649999999999845));
#12019=CARTESIAN_POINT('Ctrl Pts',(0.6875,0.0625000000000003,0.613915608175648));
#12020=CARTESIAN_POINT('',(0.609375,0.0625000000000003,0.613915608175648));
#12021=CARTESIAN_POINT('Origin',(0.609375,1.96566226833433E-16,0.577831216351296));
#12022=CARTESIAN_POINT('',(0.609375,1.96566226833433E-16,0.577831216351296));
#12023=CARTESIAN_POINT('',(0.609375,1.96566226833433E-16,0.577831216351296));
#12024=CARTESIAN_POINT('Ctrl Pts',(0.687499999999794,0.0624999999996431,
0.613915608175442));
#12025=CARTESIAN_POINT('Ctrl Pts',(0.669457804087902,0.0312499999998663,
0.595873412263395));
#12026=CARTESIAN_POINT('Ctrl Pts',(0.687500000000001,7.78536451092823E-17,
0.577831216351296));
#12027=CARTESIAN_POINT('',(0.609375,1.96566226833433E-16,0.577831216351296));
#12028=CARTESIAN_POINT('Origin',(0.609375,-0.0625000000000001,0.613915608175648));
#12029=CARTESIAN_POINT('',(0.609375,-0.0625000000000001,0.613915608175648));
#12030=CARTESIAN_POINT('',(0.609375,-0.0625000000000001,0.613915608175648));
#12031=CARTESIAN_POINT('Ctrl Pts',(0.687499999999794,-3.57200577586197E-13,
0.577831216351502));
#12032=CARTESIAN_POINT('Ctrl Pts',(0.669457804087902,-0.0312500000001341,
0.595873412263549));
#12033=CARTESIAN_POINT('Ctrl Pts',(0.6875,-0.0625000000000002,0.613915608175648));
#12034=CARTESIAN_POINT('',(0.609375,-0.0625000000000001,0.613915608175648));
#12035=CARTESIAN_POINT('Origin',(0.609375,-0.0625000000000001,0.686084391824351));
#12036=CARTESIAN_POINT('',(0.609375,-0.0625000000000001,0.686084391824351));
#12037=CARTESIAN_POINT('',(0.609375,-0.0625000000000001,0.686084391824351));
#12038=CARTESIAN_POINT('Ctrl Pts',(0.687499999999794,-0.0625000000000001,
0.61391560817606));
#12039=CARTESIAN_POINT('Ctrl Pts',(0.669457804087902,-0.0625000000000001,
0.650000000000154));
#12040=CARTESIAN_POINT('Ctrl Pts',(0.6875,-0.0625000000000001,0.686084391824352));
#12041=CARTESIAN_POINT('',(0.609375,-0.0625000000000001,0.686084391824351));
#12042=CARTESIAN_POINT('Origin',(0.609375,8.63375993398884E-17,0.722168783648703));
#12043=CARTESIAN_POINT('Ctrl Pts',(0.687499999999794,-0.0624999999996434,
0.686084391824557));
#12044=CARTESIAN_POINT('Ctrl Pts',(0.669457804087901,-0.0312499999998662,
0.704126587736604));
#12045=CARTESIAN_POINT('Ctrl Pts',(0.6875,6.17459943970167E-17,0.722168783648703));
#12046=CARTESIAN_POINT('',(0.609375,8.63375993398884E-17,0.722168783648703));
#12047=CARTESIAN_POINT('Origin',(0.609375,6.71292931344366E-17,0.722168783648703));
#12048=CARTESIAN_POINT('Origin',(0.6875,8.63375993398884E-17,0.65));
#12049=CARTESIAN_POINT('Origin',(0.6875,8.63375993398884E-17,0.65));
#12050=CARTESIAN_POINT('Origin',(0.6875,8.63375993398884E-17,0.65));
#12051=CARTESIAN_POINT('Origin',(0.6875,8.63375993398884E-17,0.65));
#12052=CARTESIAN_POINT('Origin',(0.6875,8.63375993398884E-17,0.65));
#12053=CARTESIAN_POINT('Origin',(0.6875,8.63375993398884E-17,0.65));
#12054=CARTESIAN_POINT('Origin',(-38.8289224235572,0.,1.27));
#12055=CARTESIAN_POINT('',(0.541156316600239,0.,1.27));
#12056=CARTESIAN_POINT('',(0.5,0.,1.2015043867131));
#12057=CARTESIAN_POINT('',(-38.8289224235572,-8.02423047616989E-15,-64.2528142657677));
#12058=CARTESIAN_POINT('',(0.5,-8.38829335674352E-18,1.3384956132869));
#12059=CARTESIAN_POINT('Origin',(0.5,0.,1.27));
#12060=CARTESIAN_POINT('Origin',(0.5,0.,1.27));
#12061=CARTESIAN_POINT('Origin',(0.5,0.,1.27));
#12062=CARTESIAN_POINT('',(0.556504386713102,-1.53080849893419E-17,1.395));
#12063=CARTESIAN_POINT('Origin',(0.556504386713102,0.,1.27));
#12064=CARTESIAN_POINT('',(0.5,-8.38829335674352E-18,1.3384956132869));
#12065=CARTESIAN_POINT('Origin',(0.6875,0.,1.27));
#12066=CARTESIAN_POINT('',(0.669994811544757,1.53080849893419E-17,1.145));
#12067=CARTESIAN_POINT('',(0.669994811544757,-1.53080849893419E-17,1.395));
#12068=CARTESIAN_POINT('Origin',(0.669994811544757,0.,1.27));
#12069=CARTESIAN_POINT('Origin',(0.669994811544757,0.,1.27));
#12070=CARTESIAN_POINT('',(0.6875,-1.53080849893419E-17,1.395));
#12071=CARTESIAN_POINT('Origin',(0.669994811544757,0.,1.27));
#12072=CARTESIAN_POINT('',(0.6875,-1.22464679914735E-17,1.17));
#12073=CARTESIAN_POINT('',(0.669994811544757,-1.53080849893419E-17,1.145));
#12074=CARTESIAN_POINT('Origin',(0.6875,0.,1.27));
#12075=CARTESIAN_POINT('Origin',(0.6875,0.,1.27));
#12076=CARTESIAN_POINT('',(0.6875,-8.53702498020082E-18,1.3421687836487));
#12077=CARTESIAN_POINT('',(0.6875,-0.0625000000000001,1.30608439182435));
#12078=CARTESIAN_POINT('Origin',(0.6875,0.,1.27));
#12079=CARTESIAN_POINT('',(0.6875,0.0625000000000002,1.30608439182435));
#12080=CARTESIAN_POINT('Origin',(0.6875,0.,1.27));
#12081=CARTESIAN_POINT('',(0.6875,0.0624999999999998,1.23391560817565));
#12082=CARTESIAN_POINT('Origin',(0.6875,0.,1.27));
#12083=CARTESIAN_POINT('',(0.6875,-6.36008361024961E-16,1.1978312163513));
#12084=CARTESIAN_POINT('Origin',(0.6875,0.,1.27));
#12085=CARTESIAN_POINT('',(0.6875,-0.0625000000000002,1.23391560817565));
#12086=CARTESIAN_POINT('Origin',(0.6875,0.,1.27));
#12087=CARTESIAN_POINT('Origin',(0.6875,0.,1.27));
#12088=CARTESIAN_POINT('Origin',(0.609375,0.0625000000000002,1.30608439182435));
#12089=CARTESIAN_POINT('',(0.609375,0.0625000000000002,1.30608439182435));
#12090=CARTESIAN_POINT('',(0.609375,0.0625000000000002,1.30608439182435));
#12091=CARTESIAN_POINT('Ctrl Pts',(0.687499999999794,3.56604594509842E-13,
1.3421687836485));
#12092=CARTESIAN_POINT('Ctrl Pts',(0.669457804087901,0.0312500000001338,
1.32412658773645));
#12093=CARTESIAN_POINT('Ctrl Pts',(0.6875,0.0625000000000002,1.30608439182435));
#12094=CARTESIAN_POINT('',(0.609375,0.,1.3421687836487));
#12095=CARTESIAN_POINT('',(0.609375,0.,1.3421687836487));
#12096=CARTESIAN_POINT('',(0.609375,0.0625000000000002,1.30608439182435));
#12097=CARTESIAN_POINT('Origin',(0.609375,0.0625000000000002,1.23391560817565));
#12098=CARTESIAN_POINT('',(0.609375,0.0625000000000002,1.23391560817565));
#12099=CARTESIAN_POINT('',(0.609375,0.0625000000000002,1.23391560817565));
#12100=CARTESIAN_POINT('Ctrl Pts',(0.687499999999794,0.0625000000000002,
1.30608439182394));
#12101=CARTESIAN_POINT('Ctrl Pts',(0.669457804087901,0.0625000000000002,
1.26999999999985));
#12102=CARTESIAN_POINT('Ctrl Pts',(0.6875,0.0625000000000002,1.23391560817565));
#12103=CARTESIAN_POINT('',(0.609375,0.0625000000000002,1.23391560817565));
#12104=CARTESIAN_POINT('Origin',(0.609375,1.10228627493545E-16,1.1978312163513));
#12105=CARTESIAN_POINT('',(0.609375,1.10228627493545E-16,1.1978312163513));
#12106=CARTESIAN_POINT('',(0.609375,1.10228627493545E-16,1.1978312163513));
#12107=CARTESIAN_POINT('Ctrl Pts',(0.687499999999794,0.0624999999996431,
1.23391560817544));
#12108=CARTESIAN_POINT('Ctrl Pts',(0.669457804087902,0.0312499999998662,
1.21587341226339));
#12109=CARTESIAN_POINT('Ctrl Pts',(0.6875,-9.12766873695033E-17,1.1978312163513));
#12110=CARTESIAN_POINT('',(0.609375,1.10228627493545E-16,1.1978312163513));
#12111=CARTESIAN_POINT('Origin',(0.609375,-0.0625000000000002,1.23391560817565));
#12112=CARTESIAN_POINT('',(0.609375,-0.0625000000000002,1.23391560817565));
#12113=CARTESIAN_POINT('',(0.609375,-0.0625000000000002,1.23391560817565));
#12114=CARTESIAN_POINT('Ctrl Pts',(0.687499999999794,-3.57227423670717E-13,
1.1978312163515));
#12115=CARTESIAN_POINT('Ctrl Pts',(0.669457804087902,-0.0312500000001341,
1.21587341226355));
#12116=CARTESIAN_POINT('Ctrl Pts',(0.6875,-0.0625000000000002,1.23391560817565));
#12117=CARTESIAN_POINT('',(0.609375,-0.0625000000000002,1.23391560817565));
#12118=CARTESIAN_POINT('Origin',(0.609375,-0.0625000000000002,1.30608439182435));
#12119=CARTESIAN_POINT('',(0.609375,-0.0625000000000002,1.30608439182435));
#12120=CARTESIAN_POINT('',(0.609375,-0.0625000000000002,1.30608439182435));
#12121=CARTESIAN_POINT('Ctrl Pts',(0.687499999999794,-0.0625000000000002,
1.23391560817606));
#12122=CARTESIAN_POINT('Ctrl Pts',(0.669457804087901,-0.0625000000000002,
1.27000000000015));
#12123=CARTESIAN_POINT('Ctrl Pts',(0.6875,-0.0625000000000002,1.30608439182435));
#12124=CARTESIAN_POINT('',(0.609375,-0.0625000000000002,1.30608439182435));
#12125=CARTESIAN_POINT('Origin',(0.609375,0.,1.3421687836487));
#12126=CARTESIAN_POINT('Ctrl Pts',(0.687499999999794,-0.0624999999996435,
1.30608439182456));
#12127=CARTESIAN_POINT('Ctrl Pts',(0.669457804087901,-0.0312499999998663,
1.3241265877366));
#12128=CARTESIAN_POINT('Ctrl Pts',(0.6875,-2.41614760683978E-17,1.3421687836487));
#12129=CARTESIAN_POINT('',(0.609375,0.,1.3421687836487));
#12130=CARTESIAN_POINT('Origin',(0.609375,-1.92083062054518E-17,1.3421687836487));
#12131=CARTESIAN_POINT('Origin',(0.6875,0.,1.27));
#12132=CARTESIAN_POINT('Origin',(0.6875,0.,1.27));
#12133=CARTESIAN_POINT('Origin',(0.6875,0.,1.27));
#12134=CARTESIAN_POINT('Origin',(0.6875,0.,1.27));
#12135=CARTESIAN_POINT('Origin',(0.6875,0.,1.27));
#12136=CARTESIAN_POINT('Origin',(0.6875,0.,1.27));
#12137=CARTESIAN_POINT('',(0.,0.,0.));
#12138=CARTESIAN_POINT('Origin',(0.,0.,0.65));
#12139=CARTESIAN_POINT('',(2.1,-2.57175827820944E-16,0.650000000000001));
#12140=CARTESIAN_POINT('Origin',(0.,0.,0.65));
#12141=CARTESIAN_POINT('Origin',(0.,0.,5.5));
#12142=CARTESIAN_POINT('',(2.1,2.57175827820944E-16,5.5));
#12143=CARTESIAN_POINT('',(2.1,-2.57175827820944E-16,5.5));
#12144=CARTESIAN_POINT('Origin',(0.,0.,5.5));
#12145=CARTESIAN_POINT('Origin',(0.,1.76042977377432E-16,5.5));
#12146=CARTESIAN_POINT('',(2.25,4.51588507185587E-16,0.5));
#12147=CARTESIAN_POINT('Origin',(0.,1.76042977377432E-16,0.5));
#12148=CARTESIAN_POINT('',(2.25,4.51588507185587E-16,5.5));
#12149=CARTESIAN_POINT('',(2.25,-9.95025524307222E-17,5.5));
#12150=CARTESIAN_POINT('Origin',(0.,1.76042977377432E-16,5.5));
#12151=CARTESIAN_POINT('Origin',(0.,3.49676543189026E-16,5.5));
#12152=CARTESIAN_POINT('Origin',(0.,3.49676543189026E-16,0.5));
#12153=CARTESIAN_POINT('Origin',(-1.94454364826301,1.94454364826301,5.8));
#12154=CARTESIAN_POINT('',(-1.86676190233249,2.02232539419353,5.8));
#12155=CARTESIAN_POINT('Origin',(-1.94454364826301,1.94454364826301,5.8));
#12156=CARTESIAN_POINT('',(-1.86676190233249,2.02232539419353,5.5));
#12157=CARTESIAN_POINT('',(-1.86676190233249,2.02232539419353,5.8));
#12158=CARTESIAN_POINT('Origin',(-1.94454364826301,1.94454364826301,5.5));
#12159=CARTESIAN_POINT('Origin',(1.94454364826301,-1.94454364826301,5.8));
#12160=CARTESIAN_POINT('',(1.86676190233249,-2.02232539419353,5.8));
#12161=CARTESIAN_POINT('Origin',(1.94454364826301,-1.94454364826301,5.8));
#12162=CARTESIAN_POINT('',(1.86676190233249,-2.02232539419353,5.5));
#12163=CARTESIAN_POINT('',(1.86676190233249,-2.02232539419353,5.8));
#12164=CARTESIAN_POINT('Origin',(1.94454364826301,-1.94454364826301,5.5));
#12165=CARTESIAN_POINT('Origin',(-3.36777869765522E-16,-2.75,5.8));
#12166=CARTESIAN_POINT('',(-0.11,-2.75,5.8));
#12167=CARTESIAN_POINT('Origin',(-3.36777869765522E-16,-2.75,5.8));
#12168=CARTESIAN_POINT('',(-0.11,-2.75,5.5));
#12169=CARTESIAN_POINT('',(-0.11,-2.75,5.8));
#12170=CARTESIAN_POINT('Origin',(-3.36777869765522E-16,-2.75,5.5));
#12171=CARTESIAN_POINT('Origin',(1.94454364826301,1.94454364826301,5.8));
#12172=CARTESIAN_POINT('',(2.05454364826301,1.94454364826301,5.8));
#12173=CARTESIAN_POINT('Origin',(1.94454364826301,1.94454364826301,5.8));
#12174=CARTESIAN_POINT('',(2.05454364826301,1.94454364826301,5.5));
#12175=CARTESIAN_POINT('',(2.05454364826301,1.94454364826301,5.8));
#12176=CARTESIAN_POINT('Origin',(1.94454364826301,1.94454364826301,5.5));
#12177=CARTESIAN_POINT('Origin',(-2.75,6.10622663543836E-16,5.8));
#12178=CARTESIAN_POINT('',(-2.75,0.110000000000001,5.8));
#12179=CARTESIAN_POINT('Origin',(-2.75,6.10622663543836E-16,5.8));
#12180=CARTESIAN_POINT('',(-2.75,0.110000000000001,5.5));
#12181=CARTESIAN_POINT('',(-2.75,0.110000000000001,5.8));
#12182=CARTESIAN_POINT('Origin',(-2.75,6.10622663543836E-16,5.5));
#12183=CARTESIAN_POINT('Origin',(0.,2.75,5.8));
#12184=CARTESIAN_POINT('',(0.11,2.75,5.8));
#12185=CARTESIAN_POINT('Origin',(0.,2.75,5.8));
#12186=CARTESIAN_POINT('',(0.11,2.75,5.5));
#12187=CARTESIAN_POINT('',(0.11,2.75,5.8));
#12188=CARTESIAN_POINT('Origin',(0.,2.75,5.5));
#12189=CARTESIAN_POINT('Origin',(-1.94454364826301,-1.94454364826301,5.8));
#12190=CARTESIAN_POINT('',(-2.02232539419353,-1.86676190233249,5.8));
#12191=CARTESIAN_POINT('Origin',(-1.94454364826301,-1.94454364826301,5.8));
#12192=CARTESIAN_POINT('',(-2.02232539419353,-1.86676190233249,5.5));
#12193=CARTESIAN_POINT('',(-2.02232539419353,-1.86676190233249,5.8));
#12194=CARTESIAN_POINT('Origin',(-1.94454364826301,-1.94454364826301,5.5));
#12195=CARTESIAN_POINT('Origin',(2.75,-6.10622663543836E-16,5.8));
#12196=CARTESIAN_POINT('',(2.86,-5.97151548753215E-16,5.8));
#12197=CARTESIAN_POINT('Origin',(2.75,-6.10622663543836E-16,5.8));
#12198=CARTESIAN_POINT('',(2.86,-5.97151548753215E-16,5.5));
#12199=CARTESIAN_POINT('',(2.86,-6.24093778334457E-16,5.8));
#12200=CARTESIAN_POINT('Origin',(2.75,-6.10622663543836E-16,5.5));
#12201=CARTESIAN_POINT('Origin',(0.,0.,5.8));
#12202=CARTESIAN_POINT('',(2.25836268765224,2.76569663674713E-16,5.8));
#12203=CARTESIAN_POINT('Origin',(0.,0.,5.8));
#12204=CARTESIAN_POINT('',(2.25836268765224,2.76569663674713E-16,5.6));
#12205=CARTESIAN_POINT('',(2.25836268765224,-2.76569663674713E-16,5.8));
#12206=CARTESIAN_POINT('Origin',(0.,0.,5.6));
#12207=CARTESIAN_POINT('Origin',(0.,0.,5.8));
#12208=CARTESIAN_POINT('',(2.50000007978574,3.06161709557774E-16,5.8));
#12209=CARTESIAN_POINT('Origin',(0.,0.,5.8));
#12210=CARTESIAN_POINT('',(2.50000007978574,3.06161709557774E-16,5.6));
#12211=CARTESIAN_POINT('',(2.50000007978574,-3.06161709557774E-16,5.8));
#12212=CARTESIAN_POINT('Origin',(0.,0.,5.6));
#12213=CARTESIAN_POINT('Origin',(0.,0.,5.6));
#12214=CARTESIAN_POINT('Origin',(0.,0.,5.8));
#12215=CARTESIAN_POINT('',(3.,3.67394039744206E-16,5.8));
#12216=CARTESIAN_POINT('Origin',(0.,0.,5.8));
#12217=CARTESIAN_POINT('Origin',(0.,0.,5.5));
#12218=CARTESIAN_POINT('',(2.10000006702003,2.5717583602853E-16,5.8));
#12219=CARTESIAN_POINT('Origin',(0.,0.,5.8));
#12220=CARTESIAN_POINT('',(2.10000006702003,2.5717583602853E-16,5.5));
#12221=CARTESIAN_POINT('',(2.10000006702003,2.5717583602853E-16,5.5));
#12222=CARTESIAN_POINT('Origin',(0.,0.,5.5));
#12223=CARTESIAN_POINT('Origin',(0.,0.,5.5));
#12224=CARTESIAN_POINT('',(3.,3.67394039744206E-16,5.5));
#12225=CARTESIAN_POINT('',(3.,3.67394039744206E-16,5.5));
#12226=CARTESIAN_POINT('Origin',(0.,0.,5.5));
#12227=CARTESIAN_POINT('Origin',(0.,0.,5.8));
#12228=CARTESIAN_POINT('Origin',(0.,0.,5.5));
#12229=CARTESIAN_POINT('Origin',(0.65243095031051,-1.2504711323258,6.34957904154977));
#12230=CARTESIAN_POINT('',(0.65243095031051,-1.4004711323258,6.34957904154977));
#12231=CARTESIAN_POINT('Origin',(0.65243095031051,-1.2504711323258,6.34957904154977));
#12232=CARTESIAN_POINT('',(0.55749018638486,-1.4004711323258,6.34957904154977));
#12233=CARTESIAN_POINT('',(0.65243095031051,-1.4004711323258,6.34957904154977));
#12234=CARTESIAN_POINT('Origin',(0.55749018638486,-1.2504711323258,6.34957904154977));
#12235=CARTESIAN_POINT('Origin',(0.65243095031051,-0.000471132325800323,
6.34957904154977));
#12236=CARTESIAN_POINT('',(0.65243095031051,-0.1504711323258,6.34957904154977));
#12237=CARTESIAN_POINT('Origin',(0.65243095031051,-0.000471132325800323,
6.34957904154977));
#12238=CARTESIAN_POINT('',(0.55749018638486,-0.1504711323258,6.34957904154977));
#12239=CARTESIAN_POINT('',(0.65243095031051,-0.1504711323258,6.34957904154977));
#12240=CARTESIAN_POINT('Origin',(0.55749018638486,-0.000471132325800323,
6.34957904154977));
#12241=CARTESIAN_POINT('Origin',(0.65243095031051,1.2495288676742,6.34957904154977));
#12242=CARTESIAN_POINT('',(0.65243095031051,1.0995288676742,6.34957904154977));
#12243=CARTESIAN_POINT('Origin',(0.65243095031051,1.2495288676742,6.34957904154977));
#12244=CARTESIAN_POINT('',(0.55749018638486,1.0995288676742,6.34957904154977));
#12245=CARTESIAN_POINT('',(0.65243095031051,1.0995288676742,6.34957904154977));
#12246=CARTESIAN_POINT('Origin',(0.55749018638486,1.2495288676742,6.34957904154977));
#12247=CARTESIAN_POINT('Origin',(0.382865321836841,0.,6.4098052849314));
#12248=CARTESIAN_POINT('',(0.382865321836841,1.44706943692618,6.6098052849314));
#12249=CARTESIAN_POINT('',(0.335795884910654,1.4,6.60418755806209));
#12250=CARTESIAN_POINT('Origin',(0.382865321836841,1.4,6.4098052849314));
#12251=CARTESIAN_POINT('',(0.382865321836841,-1.44706943692618,6.6098052849314));
#12252=CARTESIAN_POINT('',(0.382865321836841,0.,6.6098052849314));
#12253=CARTESIAN_POINT('',(0.335795884910654,-1.4,6.60418755806209));
#12254=CARTESIAN_POINT('Origin',(0.382865321836841,-1.4,6.4098052849314));
#12255=CARTESIAN_POINT('',(0.335795884910654,0.,6.60418755806209));
#12256=CARTESIAN_POINT('Origin',(-0.317548665925881,-1.4,6.24020086839568));
#12257=CARTESIAN_POINT('',(0.55749018638486,-1.52846699654826,6.6098052849314));
#12258=CARTESIAN_POINT('Origin',(1.20880370489211,-1.4,6.6098052849314));
#12259=CARTESIAN_POINT('',(0.55749018638486,-1.6,6.45209048879905));
#12260=CARTESIAN_POINT('Origin',(0.55749018638486,-1.4,6.45209048879905));
#12261=CARTESIAN_POINT('',(-0.318162699808432,-1.6,6.24005218081919));
#12262=CARTESIAN_POINT('',(-0.317548665925881,-1.6,6.24020086839568));
#12263=CARTESIAN_POINT('',(-0.365232136734617,-1.4,6.43443445394987));
#12264=CARTESIAN_POINT('Origin',(-0.318162699808432,-1.4,6.24005218081919));
#12265=CARTESIAN_POINT('',(-0.364618102852068,-1.4,6.43458314152637));
#12266=CARTESIAN_POINT('Origin',(0.358995366145104,0.,6.6098052849314));
#12267=CARTESIAN_POINT('',(0.55749018638486,1.52846699654826,6.6098052849314));
#12268=CARTESIAN_POINT('Origin',(1.20880370489211,1.4,6.6098052849314));
#12269=CARTESIAN_POINT('',(0.55749018638486,0.,6.6098052849314));
#12270=CARTESIAN_POINT('Origin',(-0.821575995354226,0.,5.88210148127038));
#12271=CARTESIAN_POINT('',(-0.938580620705071,1.4,6.04430480320464));
#12272=CARTESIAN_POINT('',(-1.01667035722573,1.53246919559677,5.92612636021343));
#12273=CARTESIAN_POINT('Origin',(-0.821575995354226,1.4,5.88210148127038));
#12274=CARTESIAN_POINT('',(-0.938580620705071,-1.4,6.04430480320464));
#12275=CARTESIAN_POINT('',(-0.938580620705071,0.,6.04430480320464));
#12276=CARTESIAN_POINT('',(-1.01667035722573,-1.53246919559677,5.92612636021343));
#12277=CARTESIAN_POINT('Origin',(-0.821575995354226,-1.4,5.88210148127038));
#12278=CARTESIAN_POINT('',(-1.01667035722573,0.,5.92612636021343));
#12279=CARTESIAN_POINT('Origin',(-0.61091311452443,-1.4,6.03406218807274));
#12280=CARTESIAN_POINT('',(-0.469240208759646,-1.4,6.38286136546754));
#12281=CARTESIAN_POINT('',(-0.727917739875274,-1.4,6.196265510007));
#12282=CARTESIAN_POINT('',(-0.3522355834088,-1.6,6.22065804353329));
#12283=CARTESIAN_POINT('Origin',(-0.352235583408801,-1.4,6.22065804353329));
#12284=CARTESIAN_POINT('',(-0.935393145384381,-1.6,5.8));
#12285=CARTESIAN_POINT('',(-0.61091311452443,-1.6,6.03406218807274));
#12286=CARTESIAN_POINT('',(-1.04513195748243,-1.58941592594424,5.8));
#12287=CARTESIAN_POINT('Origin',(-0.935393145384381,-1.4,5.8));
#12288=CARTESIAN_POINT('Origin',(-1.06646813228241,-1.4,5.70544965693682));
#12289=CARTESIAN_POINT('Origin',(-1.0000000319143,0.,6.00000019148579));
#12290=CARTESIAN_POINT('',(-0.469240208759646,1.4,6.38286136546754));
#12291=CARTESIAN_POINT('',(-0.727917739875274,1.4,6.196265510007));
#12292=CARTESIAN_POINT('',(-0.469240208759646,0.,6.38286136546754));
#12293=CARTESIAN_POINT('Origin',(-0.318162699808431,1.4,6.24005218081919));
#12294=CARTESIAN_POINT('',(-0.365232136734617,1.4,6.43443445394987));
#12295=CARTESIAN_POINT('',(-0.318162699808432,1.6,6.24005218081919));
#12296=CARTESIAN_POINT('Origin',(-0.31816269980843,1.4,6.24005218081919));
#12297=CARTESIAN_POINT('',(-0.417097767099159,1.4,6.41386775106587));
#12298=CARTESIAN_POINT('Origin',(-0.318162699808431,1.4,6.24005218081919));
#12299=CARTESIAN_POINT('Origin',(-0.318162699808432,1.4,6.24005218081919));
#12300=CARTESIAN_POINT('Origin',(-0.318162699808431,-1.4,6.24005218081919));
#12301=CARTESIAN_POINT('',(-0.417097767099159,-1.4,6.41386775106587));
#12302=CARTESIAN_POINT('Origin',(-0.318162699808431,-1.4,6.24005218081919));
#12303=CARTESIAN_POINT('Origin',(-0.318162699808431,-1.4,6.24005218081919));
#12304=CARTESIAN_POINT('Origin',(-0.318162699808431,0.,6.24005218081919));
#12305=CARTESIAN_POINT('',(-0.365232136734617,0.,6.43443445394987));
#12306=CARTESIAN_POINT('',(-0.417097767099159,0.,6.41386775106587));
#12307=CARTESIAN_POINT('Origin',(-0.352235583408801,1.4,6.22065804353329));
#12308=CARTESIAN_POINT('',(-0.451170650699529,1.4,6.39447361377997));
#12309=CARTESIAN_POINT('',(-0.3522355834088,1.6,6.22065804353329));
#12310=CARTESIAN_POINT('Origin',(-0.352235583408802,1.4,6.22065804353329));
#12311=CARTESIAN_POINT('Origin',(-0.352235583408801,1.4,6.22065804353329));
#12312=CARTESIAN_POINT('Origin',(-0.3522355834088,1.4,6.22065804353329));
#12313=CARTESIAN_POINT('Origin',(-0.352235583408801,-1.4,6.22065804353329));
#12314=CARTESIAN_POINT('',(-0.45117065069953,-1.4,6.39447361377997));
#12315=CARTESIAN_POINT('Origin',(-0.352235583408801,-1.4,6.22065804353329));
#12316=CARTESIAN_POINT('Origin',(-0.3522355834088,-1.4,6.22065804353329));
#12317=CARTESIAN_POINT('Origin',(-0.352235583408801,0.,6.22065804353329));
#12318=CARTESIAN_POINT('',(-0.451170650699529,0.,6.39447361377997));
#12319=CARTESIAN_POINT('Origin',(-0.343376058793565,-1.4,6.22570084644633));
#12320=CARTESIAN_POINT('',(-0.442311126084293,-1.4,6.39951641669301));
#12321=CARTESIAN_POINT('',(-0.343376058793565,-1.6,6.22570084644633));
#12322=CARTESIAN_POINT('Origin',(-0.61091311452443,1.4,6.03406218807274));
#12323=CARTESIAN_POINT('',(-1.04513195748243,1.58941592594424,5.8));
#12324=CARTESIAN_POINT('Origin',(-1.06646813228241,1.4,5.70544965693682));
#12325=CARTESIAN_POINT('',(-0.935393145384381,1.6,5.8));
#12326=CARTESIAN_POINT('Origin',(-0.935393145384381,1.4,5.8));
#12327=CARTESIAN_POINT('',(-0.61091311452443,1.6,6.03406218807274));
#12328=CARTESIAN_POINT('Origin',(-0.343376058793565,1.4,6.22570084644633));
#12329=CARTESIAN_POINT('',(-0.442311126084293,1.4,6.39951641669301));
#12330=CARTESIAN_POINT('',(-0.343376058793565,1.6,6.22570084644633));
#12331=CARTESIAN_POINT('Origin',(-0.317548665925881,1.4,6.24020086839568));
#12332=CARTESIAN_POINT('',(-0.364618102852068,1.4,6.43458314152637));
#12333=CARTESIAN_POINT('',(0.55749018638486,1.6,6.45209048879905));
#12334=CARTESIAN_POINT('',(-0.317548665925881,1.6,6.24020086839568));
#12335=CARTESIAN_POINT('Origin',(0.55749018638486,1.4,6.45209048879905));
#12336=CARTESIAN_POINT('Origin',(-0.392613500609915,0.,6.42780408915825));
#12337=CARTESIAN_POINT('Origin',(0.55749018638486,0.,6.6098052849314));
#12338=CARTESIAN_POINT('',(0.55749018638486,1.6,5.8));
#12339=CARTESIAN_POINT('',(0.55749018638486,1.6,6.6098052849314));
#12340=CARTESIAN_POINT('',(0.55749018638486,-1.6,5.8));
#12341=CARTESIAN_POINT('',(0.55749018638486,0.,5.8));
#12342=CARTESIAN_POINT('',(0.55749018638486,-1.6,6.6098052849314));
#12343=CARTESIAN_POINT('Origin',(-0.258582207561003,1.6,6.11907898216741));
#12344=CARTESIAN_POINT('',(-0.129291103780502,1.6,5.8));
#12345=CARTESIAN_POINT('Origin',(-0.46051765651203,0.,6.38915333868773));
#12346=CARTESIAN_POINT('Origin',(-1.07465460150687,0.,5.66917166986064));
#12347=CARTESIAN_POINT('',(-1.04513195748243,0.,5.8));
#12348=CARTESIAN_POINT('Origin',(-0.258582207561003,-1.6,6.11907898216741));
#12349=CARTESIAN_POINT('',(-0.129291103780502,-1.6,5.8));
#12350=CARTESIAN_POINT('Origin',(0.,0.,6.175));
#12351=CARTESIAN_POINT('',(2.225,-2.72483912810286E-16,6.1));
#12352=CARTESIAN_POINT('Origin',(0.,0.,6.1));
#12353=CARTESIAN_POINT('',(2.375,2.90853614797496E-16,6.25));
#12354=CARTESIAN_POINT('',(2.3,-2.81668763803891E-16,6.175));
#12355=CARTESIAN_POINT('Origin',(0.,0.,6.25));
#12356=CARTESIAN_POINT('Origin',(0.,0.,6.1));
#12357=CARTESIAN_POINT('',(-0.997569334790554,-1.8,6.1));
#12358=CARTESIAN_POINT('',(-0.799999921903832,-1.8,6.1));
#12359=CARTESIAN_POINT('',(-0.173784524844745,-1.8,6.1));
#12360=CARTESIAN_POINT('',(-1.16423600145722,-1.7,6.1));
#12361=CARTESIAN_POINT('Origin',(-0.997569334790555,-1.7,6.1));
#12362=CARTESIAN_POINT('',(-1.16423600145722,-1.58129146991184,6.1));
#12363=CARTESIAN_POINT('',(-1.16423600145722,0.,6.1));
#12364=CARTESIAN_POINT('',(-1.26246427548502,-1.55118787803932,6.1));
#12365=CARTESIAN_POINT('Ctrl Pts',(-1.26246427548502,-1.55118787803932,
6.1));
#12366=CARTESIAN_POINT('Ctrl Pts',(-1.24536590139221,-1.56510372070845,
6.1));
#12367=CARTESIAN_POINT('Ctrl Pts',(-1.22649610584994,-1.57544450783615,
6.1));
#12368=CARTESIAN_POINT('Ctrl Pts',(-1.1980389681653,-1.58404539488292,6.1));
#12369=CARTESIAN_POINT('Ctrl Pts',(-1.18805046195686,-1.58538453421934,
6.1));
#12370=CARTESIAN_POINT('Ctrl Pts',(-1.17416787806187,-1.58447193639445,
6.1));
#12371=CARTESIAN_POINT('Ctrl Pts',(-1.16895505052415,-1.58342042004031,
6.1));
#12372=CARTESIAN_POINT('Ctrl Pts',(-1.16423600145722,-1.58129146991184,
6.1));
#12373=CARTESIAN_POINT('',(-1.26246427548502,1.55118787803932,6.1));
#12374=CARTESIAN_POINT('Origin',(0.,0.,6.1));
#12375=CARTESIAN_POINT('',(-1.16423600145722,1.58129146991184,6.1));
#12376=CARTESIAN_POINT('Ctrl Pts',(-1.16423600145722,1.58129146991184,6.1));
#12377=CARTESIAN_POINT('Ctrl Pts',(-1.16424791618925,1.58129684511984,6.1));
#12378=CARTESIAN_POINT('Ctrl Pts',(-1.16425983469083,1.58130221371335,6.1));
#12379=CARTESIAN_POINT('Ctrl Pts',(-1.16861176680654,1.58325947525486,6.1));
#12380=CARTESIAN_POINT('Ctrl Pts',(-1.17336447885979,1.58430001674201,6.1));
#12381=CARTESIAN_POINT('Ctrl Pts',(-1.18527063805118,1.58534704427022,6.1));
#12382=CARTESIAN_POINT('Ctrl Pts',(-1.19334115479168,1.58464745292378,6.09999999999978));
#12383=CARTESIAN_POINT('Ctrl Pts',(-1.21240145424151,1.5801869639792,6.09999999999978));
#12384=CARTESIAN_POINT('Ctrl Pts',(-1.2226855752386,1.57608137443948,6.09999999999829));
#12385=CARTESIAN_POINT('Ctrl Pts',(-1.24289220542012,1.56561807260474,6.09999999999829));
#12386=CARTESIAN_POINT('Ctrl Pts',(-1.25311816069392,1.55879439444226,6.1));
#12387=CARTESIAN_POINT('Ctrl Pts',(-1.26246427548502,1.55118787803932,6.1));
#12388=CARTESIAN_POINT('',(-1.16423600145722,1.7,6.1));
#12389=CARTESIAN_POINT('',(-1.16423600145722,0.,6.1));
#12390=CARTESIAN_POINT('',(-0.997569334790553,1.8,6.1));
#12391=CARTESIAN_POINT('Origin',(-0.997569334790555,1.7,6.1));
#12392=CARTESIAN_POINT('',(-0.799999921903832,1.8,6.1));
#12393=CARTESIAN_POINT('',(-0.173784524844745,1.8,6.1));
#12394=CARTESIAN_POINT('',(-0.769230689428358,1.84615384686478,6.1));
#12395=CARTESIAN_POINT('Origin',(-0.749999921903832,1.8,6.1));
#12396=CARTESIAN_POINT('',(-0.769230689428358,-1.84615384686478,6.1));
#12397=CARTESIAN_POINT('Origin',(0.,0.,6.1));
#12398=CARTESIAN_POINT('Origin',(-0.749999921903832,-1.8,6.1));
#12399=CARTESIAN_POINT('Origin',(-0.749999921903832,-1.8,6.1));
#12400=CARTESIAN_POINT('',(-0.769230689428358,-1.84615384686478,5.95));
#12401=CARTESIAN_POINT('',(-0.769230689428358,-1.84615384686478,6.1));
#12402=CARTESIAN_POINT('',(-0.799999921903832,-1.8,5.95));
#12403=CARTESIAN_POINT('Origin',(-0.749999921903832,-1.8,5.95));
#12404=CARTESIAN_POINT('',(-0.749999921903832,-1.75,6.));
#12405=CARTESIAN_POINT('Origin',(-0.749999921903832,-1.8,6.));
#12406=CARTESIAN_POINT('',(-0.749999921903832,-1.75,6.15));
#12407=CARTESIAN_POINT('',(-0.749999921903832,-1.75,6.1));
#12408=CARTESIAN_POINT('Origin',(-0.749999921903832,-1.8,6.15));
#12409=CARTESIAN_POINT('Origin',(0.60243095031051,-1.7,6.));
#12410=CARTESIAN_POINT('',(0.60243095031051,-1.75,6.));
#12411=CARTESIAN_POINT('',(0.65243095031051,-1.7,6.));
#12412=CARTESIAN_POINT('Origin',(0.60243095031051,-1.7,6.));
#12413=CARTESIAN_POINT('',(0.60243095031051,-1.8,5.95));
#12414=CARTESIAN_POINT('Origin',(0.60243095031051,-1.8,6.));
#12415=CARTESIAN_POINT('',(0.70243095031051,-1.7,5.95));
#12416=CARTESIAN_POINT('Origin',(0.60243095031051,-1.7,5.95));
#12417=CARTESIAN_POINT('Origin',(0.70243095031051,-1.7,6.));
#12418=CARTESIAN_POINT('Origin',(-0.173784524844745,-1.8,6.));
#12419=CARTESIAN_POINT('',(-0.173784524844745,-1.8,5.95));
#12420=CARTESIAN_POINT('',(-0.173784524844745,-1.75,6.));
#12421=CARTESIAN_POINT('Ctrl Pts',(-0.997569334790554,-1.8,6.1));
#12422=CARTESIAN_POINT('Ctrl Pts',(-1.03496924733329,-1.8,6.1));
#12423=CARTESIAN_POINT('Ctrl Pts',(-1.0970678727818,-1.78688058652527,6.1));
#12424=CARTESIAN_POINT('Ctrl Pts',(-1.15284072789523,-1.74483631229548,
6.1));
#12425=CARTESIAN_POINT('Ctrl Pts',(-1.16423600145722,-1.71495996501709,
6.1));
#12426=CARTESIAN_POINT('Ctrl Pts',(-1.16423600145722,-1.7,6.1));
#12427=CARTESIAN_POINT('Ctrl Pts',(-0.997569334790554,-1.78504003498291,
6.1));
#12428=CARTESIAN_POINT('Ctrl Pts',(-1.03294631524015,-1.7867868015062,6.1000704531537));
#12429=CARTESIAN_POINT('Ctrl Pts',(-1.09279866012433,-1.77709105803578,
6.1000101709308));
#12430=CARTESIAN_POINT('Ctrl Pts',(-1.14699592502411,-1.74026355626778,
6.1000387876553));
#12431=CARTESIAN_POINT('Ctrl Pts',(-1.15810741946871,-1.71343172297154,
6.1));
#12432=CARTESIAN_POINT('Ctrl Pts',(-1.15810741946871,-1.7,6.1));
#12433=CARTESIAN_POINT('Ctrl Pts',(-0.997569334790554,-1.7591508646793,
6.11256551102881));
#12434=CARTESIAN_POINT('Ctrl Pts',(-1.0294715134134,-1.76367818740196,6.10950290382566));
#12435=CARTESIAN_POINT('Ctrl Pts',(-1.08535151070716,-1.75995948403012,
6.10552887070408));
#12436=CARTESIAN_POINT('Ctrl Pts',(-1.13677575754768,-1.73221446911479,
6.10254950269916));
#12437=CARTESIAN_POINT('Ctrl Pts',(-1.14738578607058,-1.71075870337632,
6.10199608410974));
#12438=CARTESIAN_POINT('Ctrl Pts',(-1.14738578607058,-1.7,6.10199608410974));
#12439=CARTESIAN_POINT('Ctrl Pts',(-0.997569334790554,-1.75,6.13878002623718));
#12440=CARTESIAN_POINT('Ctrl Pts',(-1.0282317916922,-1.75203322988942,6.1310679245648));
#12441=CARTESIAN_POINT('Ctrl Pts',(-1.08049378693569,-1.74745745142845,
6.11924772272134));
#12442=CARTESIAN_POINT('Ctrl Pts',(-1.12812615340969,-1.72516202847949,
6.10923578139419));
#12443=CARTESIAN_POINT('Ctrl Pts',(-1.13791315065033,-1.70839665196475,
6.10724213810517));
#12444=CARTESIAN_POINT('Ctrl Pts',(-1.13791315065033,-1.7,6.10724213810517));
#12445=CARTESIAN_POINT('Ctrl Pts',(-0.997569334790554,-1.75,6.15));
#12446=CARTESIAN_POINT('Ctrl Pts',(-1.0282372630756,-1.75,6.14102402098974));
#12447=CARTESIAN_POINT('Ctrl Pts',(-1.07915813594337,-1.74344029326263,
6.1261203508821));
#12448=CARTESIAN_POINT('Ctrl Pts',(-1.12489187713639,-1.72241815614774,
6.11273486565488));
#12449=CARTESIAN_POINT('Ctrl Pts',(-1.13423600145722,-1.70747998250855,
6.11));
#12450=CARTESIAN_POINT('Ctrl Pts',(-1.13423600145722,-1.7,6.11));
#12451=CARTESIAN_POINT('',(-0.997569334790554,-1.75,6.15));
#12452=CARTESIAN_POINT('Origin',(-0.997569334790554,-1.8,6.15));
#12453=CARTESIAN_POINT('',(-1.13423600145722,-1.7,6.11));
#12454=CARTESIAN_POINT('Origin',(-0.997569334790555,-1.7,6.15));
#12455=CARTESIAN_POINT('Origin',(-1.16423600145722,-1.7,6.15));
#12456=CARTESIAN_POINT('Origin',(-0.173784524844745,-1.8,6.15));
#12457=CARTESIAN_POINT('',(-0.173784524844745,-1.75,6.15));
#12458=CARTESIAN_POINT('Ctrl Pts',(-1.46759248069222,1.35873919148147,5.95));
#12459=CARTESIAN_POINT('Ctrl Pts',(-1.38421944057754,1.44879153377929,6.01096653556038));
#12460=CARTESIAN_POINT('Ctrl Pts',(-1.29253616984666,1.53114683086289,6.07800992725652));
#12461=CARTESIAN_POINT('Ctrl Pts',(-1.19408820708262,1.60441678922849,6.15));
#12462=CARTESIAN_POINT('Ctrl Pts',(-1.46461584856459,1.36195429188903,5.94140092622319));
#12463=CARTESIAN_POINT('Ctrl Pts',(-1.38092835086824,1.4519491128044,6.00260341039481));
#12464=CARTESIAN_POINT('Ctrl Pts',(-1.28896229888418,1.53417168616309,6.06988038697536));
#12465=CARTESIAN_POINT('Ctrl Pts',(-1.19027319646859,1.60725611328362,6.14209576089006));
#12466=CARTESIAN_POINT('Ctrl Pts',(-1.45447009582809,1.36446103894067,5.92426316095409));
#12467=CARTESIAN_POINT('Ctrl Pts',(-1.37051708792902,1.45419240358901,5.98593448322684));
#12468=CARTESIAN_POINT('Ctrl Pts',(-1.27834494003877,1.53605273935941,6.0536723349593));
#12469=CARTESIAN_POINT('Ctrl Pts',(-1.17953989361732,1.60871652134734,6.12633547759194));
#12470=CARTESIAN_POINT('Ctrl Pts',(-1.42768327425719,1.35379228085096,5.90391202438783));
#12471=CARTESIAN_POINT('Ctrl Pts',(-1.34451481485924,1.44273157773081,5.96587954024154));
#12472=CARTESIAN_POINT('Ctrl Pts',(-1.25322132940271,1.52384812699764,6.0339218566498));
#12473=CARTESIAN_POINT('Ctrl Pts',(-1.15536206368146,1.59583933635013,6.10687684174967));
#12474=CARTESIAN_POINT('Ctrl Pts',(-1.40847462984707,1.33572436624034,5.90432102870762));
#12475=CARTESIAN_POINT('Ctrl Pts',(-1.32654975796748,1.42395053667572,5.9657752829349));
#12476=CARTESIAN_POINT('Ctrl Pts',(-1.23651163851679,1.50455440190056,6.03328273575582));
#12477=CARTESIAN_POINT('Ctrl Pts',(-1.13989901676656,1.57619545713712,6.105752738518));
#12478=CARTESIAN_POINT('Ctrl Pts',(-1.40090266812389,1.32477071118427,5.91));
#12479=CARTESIAN_POINT('Ctrl Pts',(-1.31961395404338,1.41257174489084,5.97096653556038));
#12480=CARTESIAN_POINT('Ctrl Pts',(-1.2302227651152,1.49286815951643,6.03800992725652));
#12481=CARTESIAN_POINT('Ctrl Pts',(-1.13423600145722,1.56430636889538,6.11));
#12482=CARTESIAN_POINT('',(-1.33423600145722,1.39332695918215,5.96));
#12483=CARTESIAN_POINT('',(-1.13423600145722,1.56430636889538,6.11));
#12484=CARTESIAN_POINT('Origin',(0.0300000000000001,0.,6.98317700109291));
#12485=CARTESIAN_POINT('Ctrl Pts',(-1.13423600145722,1.56430636889538,6.11));
#12486=CARTESIAN_POINT('Ctrl Pts',(-1.13428891480463,1.56434396582199,6.10996031498944));
#12487=CARTESIAN_POINT('Ctrl Pts',(-1.13434191107928,1.5643815596524,6.10992074214782));
#12488=CARTESIAN_POINT('Ctrl Pts',(-1.13439498986095,1.56441915021203,6.10988128152212));
#12489=CARTESIAN_POINT('Ctrl Pts',(-1.13815697201436,1.56708339776988,6.10708449220358));
#12490=CARTESIAN_POINT('Ctrl Pts',(-1.14232960270363,1.5697303589202,6.10484897102128));
#12491=CARTESIAN_POINT('Ctrl Pts',(-1.14677563418777,1.5722958469566,6.10321225495501));
#12492=CARTESIAN_POINT('Ctrl Pts',(-1.14735723226896,1.5726314457765,6.10299815145012));
#12493=CARTESIAN_POINT('Ctrl Pts',(-1.14794353395924,1.57296562757201,6.10279435929198));
#12494=CARTESIAN_POINT('Ctrl Pts',(-1.14853425035926,1.57329822238908,6.10260102059469));
#12495=CARTESIAN_POINT('Ctrl Pts',(-1.15271738828472,1.57565348117833,6.1012318992412));
#12496=CARTESIAN_POINT('Ctrl Pts',(-1.15711299966476,1.57792605690873,6.10038664598618));
#12497=CARTESIAN_POINT('Ctrl Pts',(-1.16161471422887,1.58004786104249,6.1001330630687));
#12498=CARTESIAN_POINT('Ctrl Pts',(-1.16249306067934,1.58046185422284,6.10008358555246));
#12499=CARTESIAN_POINT('Ctrl Pts',(-1.16337543809095,1.58086999717192,6.10005674503516));
#12500=CARTESIAN_POINT('Ctrl Pts',(-1.16426102902105,1.58127160279761,6.10005320898273));
#12501=CARTESIAN_POINT('',(-1.46759248069222,1.35873919148147,5.95));
#12502=CARTESIAN_POINT('Origin',(0.,0.,7.02317700109291));
#12503=CARTESIAN_POINT('',(-1.36423600145722,1.40787667272331,5.95));
#12504=CARTESIAN_POINT('Ctrl Pts',(-1.36423600145722,1.40787667272331,5.95));
#12505=CARTESIAN_POINT('Ctrl Pts',(-1.36735957012696,1.40908370330634,5.95));
#12506=CARTESIAN_POINT('Ctrl Pts',(-1.37068480818067,1.40974516746874,5.95));
#12507=CARTESIAN_POINT('Ctrl Pts',(-1.38012986784423,1.41048881255206,5.95));
#12508=CARTESIAN_POINT('Ctrl Pts',(-1.38646764592519,1.40966889496967,5.94999999999998));
#12509=CARTESIAN_POINT('Ctrl Pts',(-1.40262262230954,1.40573085867169,5.94999999999998));
#12510=CARTESIAN_POINT('Ctrl Pts',(-1.4137817504351,1.4009050270934,5.94999999999676));
#12511=CARTESIAN_POINT('Ctrl Pts',(-1.43990457359848,1.38498695408349,5.94999999999676));
#12512=CARTESIAN_POINT('Ctrl Pts',(-1.45444545133287,1.37293947476776,5.95));
#12513=CARTESIAN_POINT('Ctrl Pts',(-1.46759248069222,1.35873919148147,5.95));
#12514=CARTESIAN_POINT('Ctrl Pts',(-1.36426202564655,1.40785152693969,5.95007003143036));
#12515=CARTESIAN_POINT('Ctrl Pts',(-1.35965430794534,1.40606101190376,5.95008992264806));
#12516=CARTESIAN_POINT('Ctrl Pts',(-1.35511913932309,1.40411783864702,5.95073439519022));
#12517=CARTESIAN_POINT('Ctrl Pts',(-1.35077229452175,1.40208613919805,5.95193775115939));
#12518=CARTESIAN_POINT('Ctrl Pts',(-1.35002098056645,1.40173497778817,5.95214574067228));
#12519=CARTESIAN_POINT('Ctrl Pts',(-1.34927528596759,1.40138109655549,5.95237052693083));
#12520=CARTESIAN_POINT('Ctrl Pts',(-1.34853581174026,1.4010247445677,5.95261189638977));
#12521=CARTESIAN_POINT('Ctrl Pts',(-1.34402965402179,1.39885323107759,5.95408273717129));
#12522=CARTESIAN_POINT('Ctrl Pts',(-1.33977370662622,1.3966016399306,5.95615905054315));
#12523=CARTESIAN_POINT('Ctrl Pts',(-1.33590431589805,1.39432416209335,5.95880521421981));
#12524=CARTESIAN_POINT('Ctrl Pts',(-1.33539354724747,1.39402352967771,5.9591545140309));
#12525=CARTESIAN_POINT('Ctrl Pts',(-1.33488954227969,1.39372243010924,5.95951381034133));
#12526=CARTESIAN_POINT('Ctrl Pts',(-1.33439264531356,1.39342097847057,5.95988308251788));
#12527=CARTESIAN_POINT('Ctrl Pts',(-1.33433954720059,1.39338876552853,5.95992254272208));
#12528=CARTESIAN_POINT('Ctrl Pts',(-1.33428653151998,1.39335654935965,5.95996211591934));
#12529=CARTESIAN_POINT('Ctrl Pts',(-1.33423359869219,1.39332433010745,5.96000180207377));
#12530=CARTESIAN_POINT('Origin',(0.60243095031051,1.7,6.));
#12531=CARTESIAN_POINT('',(0.65243095031051,1.7,6.));
#12532=CARTESIAN_POINT('',(0.60243095031051,1.75,6.));
#12533=CARTESIAN_POINT('Origin',(0.60243095031051,1.7,6.));
#12534=CARTESIAN_POINT('',(0.70243095031051,1.7,5.95));
#12535=CARTESIAN_POINT('Origin',(0.70243095031051,1.7,6.));
#12536=CARTESIAN_POINT('',(0.60243095031051,1.8,5.95));
#12537=CARTESIAN_POINT('Origin',(0.60243095031051,1.7,5.95));
#12538=CARTESIAN_POINT('Origin',(0.60243095031051,1.8,6.));
#12539=CARTESIAN_POINT('Origin',(0.70243095031051,0.,6.));
#12540=CARTESIAN_POINT('',(0.70243095031051,0.,5.95));
#12541=CARTESIAN_POINT('',(0.65243095031051,0.,6.));
#12542=CARTESIAN_POINT('Origin',(-0.173784524844745,1.8,6.));
#12543=CARTESIAN_POINT('',(-0.749999921903832,1.75,6.));
#12544=CARTESIAN_POINT('',(-0.173784524844745,1.75,6.));
#12545=CARTESIAN_POINT('',(-0.799999921903832,1.8,5.95));
#12546=CARTESIAN_POINT('',(-0.173784524844745,1.8,5.95));
#12547=CARTESIAN_POINT('Origin',(-0.749999921903832,1.8,6.));
#12548=CARTESIAN_POINT('Origin',(0.60243095031051,-1.7,6.6500002138258));
#12549=CARTESIAN_POINT('',(0.65243095031051,-1.7,6.6500002138258));
#12550=CARTESIAN_POINT('',(0.60243095031051,-1.75,6.6500002138258));
#12551=CARTESIAN_POINT('Origin',(0.60243095031051,-1.7,6.6500002138258));
#12552=CARTESIAN_POINT('',(0.60243095031051,-1.7,6.7000002138258));
#12553=CARTESIAN_POINT('Origin',(0.60243095031051,-1.7,6.6500002138258));
#12554=CARTESIAN_POINT('Origin',(0.60243095031051,-1.7,6.6500002138258));
#12555=CARTESIAN_POINT('Ctrl Pts',(-1.16423600145722,1.7,6.1));
#12556=CARTESIAN_POINT('Ctrl Pts',(-1.16423600145722,1.72243994752564,6.1));
#12557=CARTESIAN_POINT('Ctrl Pts',(-1.13374460887996,1.77487472346115,6.1));
#12558=CARTESIAN_POINT('Ctrl Pts',(-1.04743588484753,1.8,6.1));
#12559=CARTESIAN_POINT('Ctrl Pts',(-0.997569334790553,1.8,6.1));
#12560=CARTESIAN_POINT('Ctrl Pts',(-1.15810741946871,1.7,6.1));
#12561=CARTESIAN_POINT('Ctrl Pts',(-1.15810741946871,1.72014758445732,6.1));
#12562=CARTESIAN_POINT('Ctrl Pts',(-1.12837762844479,1.76727122316452,6.10003945964889));
#12563=CARTESIAN_POINT('Ctrl Pts',(-1.04473864205669,1.78736905701396,6.10009393753827));
#12564=CARTESIAN_POINT('Ctrl Pts',(-0.997569334790554,1.78504003498291,
6.1));
#12565=CARTESIAN_POINT('Ctrl Pts',(-1.14738578607058,1.7,6.10199608410974));
#12566=CARTESIAN_POINT('Ctrl Pts',(-1.14738578607058,1.71613805506448,6.10199608410974));
#12567=CARTESIAN_POINT('Ctrl Pts',(-1.11897878857472,1.75391711504968,6.10344081321204));
#12568=CARTESIAN_POINT('Ctrl Pts',(-1.04010557295434,1.76518729497618,6.10848203475794));
#12569=CARTESIAN_POINT('Ctrl Pts',(-0.997569334790554,1.7591508646793,6.11256551102881));
#12570=CARTESIAN_POINT('Ctrl Pts',(-1.13791315065033,1.7,6.10724213810517));
#12571=CARTESIAN_POINT('Ctrl Pts',(-1.13791315065033,1.71259497794713,6.10724213810517));
#12572=CARTESIAN_POINT('Ctrl Pts',(-1.11168406278355,1.74206353534812,6.11252199496889));
#12573=CARTESIAN_POINT('Ctrl Pts',(-1.03845261065942,1.75271097318589,6.12849722400734));
#12574=CARTESIAN_POINT('Ctrl Pts',(-0.997569334790554,1.75,6.13878002623718));
#12575=CARTESIAN_POINT('Ctrl Pts',(-1.13423600145722,1.7,6.11));
#12576=CARTESIAN_POINT('Ctrl Pts',(-1.13423600145722,1.71121997376282,6.11));
#12577=CARTESIAN_POINT('Ctrl Pts',(-1.10923305954387,1.73743736173057,6.11731793421854));
#12578=CARTESIAN_POINT('Ctrl Pts',(-1.03845990583728,1.75,6.13803202798632));
#12579=CARTESIAN_POINT('Ctrl Pts',(-0.997569334790554,1.75,6.15));
#12580=CARTESIAN_POINT('',(-1.13423600145722,1.7,6.11));
#12581=CARTESIAN_POINT('Origin',(-1.16423600145722,1.7,6.15));
#12582=CARTESIAN_POINT('',(-0.997569334790553,1.75,6.15));
#12583=CARTESIAN_POINT('Origin',(-0.997569334790555,1.7,6.15));
#12584=CARTESIAN_POINT('Origin',(-0.997569334790553,1.8,6.15));
#12585=CARTESIAN_POINT('Origin',(-1.16423600145722,0.,6.15));
#12586=CARTESIAN_POINT('',(-1.13423600145722,0.,6.11));
#12587=CARTESIAN_POINT('Origin',(0.60243095031051,1.7,6.6500002138258));
#12588=CARTESIAN_POINT('',(0.60243095031051,1.7,6.7000002138258));
#12589=CARTESIAN_POINT('',(0.60243095031051,1.75,6.6500002138258));
#12590=CARTESIAN_POINT('Origin',(0.60243095031051,1.7,6.6500002138258));
#12591=CARTESIAN_POINT('',(0.65243095031051,1.7,6.6500002138258));
#12592=CARTESIAN_POINT('Origin',(0.60243095031051,1.7,6.6500002138258));
#12593=CARTESIAN_POINT('Origin',(0.60243095031051,1.7,6.6500002138258));
#12594=CARTESIAN_POINT('Origin',(0.60243095031051,0.,6.6500002138258));
#12595=CARTESIAN_POINT('',(0.60243095031051,0.,6.7000002138258));
#12596=CARTESIAN_POINT('',(0.65243095031051,0.,6.6500002138258));
#12597=CARTESIAN_POINT('Origin',(0.60243095031051,1.7,6.5125002138258));
#12598=CARTESIAN_POINT('',(0.60243095031051,1.75,6.5125002138258));
#12599=CARTESIAN_POINT('',(0.65243095031051,1.7,6.5125002138258));
#12600=CARTESIAN_POINT('Origin',(-0.34756904968949,1.7,6.6500002138258));
#12601=CARTESIAN_POINT('',(0.152430950310509,1.75,6.6500002138258));
#12602=CARTESIAN_POINT('',(0.152430950310509,1.7,6.7000002138258));
#12603=CARTESIAN_POINT('Origin',(0.152430950310509,1.7,6.6500002138258));
#12604=CARTESIAN_POINT('',(-0.34756904968949,1.7,6.7000002138258));
#12605=CARTESIAN_POINT('',(-0.34756904968949,1.75,6.6500002138258));
#12606=CARTESIAN_POINT('Origin',(0.152430950310509,1.7,5.2000002138258));
#12607=CARTESIAN_POINT('',(-0.717569049689489,1.75,6.3600002138258));
#12608=CARTESIAN_POINT('',(-0.747569049689489,1.7,6.4000002138258));
#12609=CARTESIAN_POINT('Origin',(-0.717569049689489,1.7,6.3600002138258));
#12610=CARTESIAN_POINT('Origin',(0.152430950310509,1.7,5.2000002138258));
#12611=CARTESIAN_POINT('Origin',(0.152430950310509,1.75,5.2000002138258));
#12612=CARTESIAN_POINT('Origin',(-0.90756904968949,1.7,6.2175002138258));
#12613=CARTESIAN_POINT('',(-0.90756904968949,1.75,6.2175002138258));
#12614=CARTESIAN_POINT('',(-0.937569049689489,1.7,6.2575002138258));
#12615=CARTESIAN_POINT('Origin',(-0.173784524844745,1.8,6.15));
#12616=CARTESIAN_POINT('',(-0.749999921903832,1.75,6.15));
#12617=CARTESIAN_POINT('',(-0.173784524844745,1.75,6.15));
#12618=CARTESIAN_POINT('Origin',(-0.749999921903832,1.8,6.15));
#12619=CARTESIAN_POINT('Origin',(-0.90756904968949,-1.7,6.2175002138258));
#12620=CARTESIAN_POINT('',(-0.717569049689489,-1.75,6.3600002138258));
#12621=CARTESIAN_POINT('',(-0.747569049689489,-1.7,6.4000002138258));
#12622=CARTESIAN_POINT('Origin',(-0.717569049689489,-1.7,6.3600002138258));
#12623=CARTESIAN_POINT('',(-0.937569049689489,-1.7,6.2575002138258));
#12624=CARTESIAN_POINT('',(-0.90756904968949,-1.75,6.2175002138258));
#12625=CARTESIAN_POINT('Origin',(0.152430950310509,-1.7,5.2000002138258));
#12626=CARTESIAN_POINT('',(0.152430950310509,-1.75,6.65000021382579));
#12627=CARTESIAN_POINT('',(0.152430950310509,-1.7,6.7000002138258));
#12628=CARTESIAN_POINT('Origin',(0.152430950310509,-1.7,6.65000021382579));
#12629=CARTESIAN_POINT('Origin',(0.152430950310509,-1.7,5.2000002138258));
#12630=CARTESIAN_POINT('Origin',(0.152430950310509,-1.75,5.2000002138258));
#12631=CARTESIAN_POINT('Origin',(-0.34756904968949,-1.7,6.6500002138258));
#12632=CARTESIAN_POINT('',(-0.34756904968949,-1.75,6.6500002138258));
#12633=CARTESIAN_POINT('',(-0.34756904968949,-1.7,6.7000002138258));
#12634=CARTESIAN_POINT('Origin',(0.60243095031051,-1.7,6.5125002138258));
#12635=CARTESIAN_POINT('',(0.60243095031051,-1.75,6.5125002138258));
#12636=CARTESIAN_POINT('',(0.65243095031051,-1.7,6.5125002138258));
#12637=CARTESIAN_POINT('Origin',(-0.749999921903832,1.8,6.1));
#12638=CARTESIAN_POINT('',(-0.769230689428358,1.84615384686478,5.95));
#12639=CARTESIAN_POINT('',(-0.769230689428358,1.84615384686478,6.1));
#12640=CARTESIAN_POINT('',(-0.749999921903832,1.75,6.1));
#12641=CARTESIAN_POINT('Origin',(-0.749999921903832,1.8,5.95));
#12642=CARTESIAN_POINT('Origin',(-1.16423600145722,0.,6.15));
#12643=CARTESIAN_POINT('',(-1.13423600145722,-1.56430636889538,6.11));
#12644=CARTESIAN_POINT('',(-1.13423600145722,0.,6.11));
#12645=CARTESIAN_POINT('Ctrl Pts',(-1.13423600145722,-1.56430636889538,
6.11));
#12646=CARTESIAN_POINT('Ctrl Pts',(-1.13428891480463,-1.56434396582199,
6.10996031498944));
#12647=CARTESIAN_POINT('Ctrl Pts',(-1.13434191107928,-1.5643815596524,6.10992074214782));
#12648=CARTESIAN_POINT('Ctrl Pts',(-1.13439498986095,-1.56441915021203,
6.10988128152212));
#12649=CARTESIAN_POINT('Ctrl Pts',(-1.13815697201432,-1.56708339776985,
6.10708449220361));
#12650=CARTESIAN_POINT('Ctrl Pts',(-1.14232960270355,-1.56973035892015,
6.10484897102133));
#12651=CARTESIAN_POINT('Ctrl Pts',(-1.14677563418763,-1.57229584695652,
6.10321225495506));
#12652=CARTESIAN_POINT('Ctrl Pts',(-1.14735723226887,-1.57263144577644,
6.10299815145015));
#12653=CARTESIAN_POINT('Ctrl Pts',(-1.1479435339592,-1.57296562757199,6.102794359292));
#12654=CARTESIAN_POINT('Ctrl Pts',(-1.14853425035927,-1.57329822238908,
6.10260102059469));
#12655=CARTESIAN_POINT('Ctrl Pts',(-1.15271738828473,-1.57565348117834,
6.1012318992412));
#12656=CARTESIAN_POINT('Ctrl Pts',(-1.15711299966478,-1.57792605690874,
6.10038664598617));
#12657=CARTESIAN_POINT('Ctrl Pts',(-1.16161471422891,-1.5800478610425,6.1001330630687));
#12658=CARTESIAN_POINT('Ctrl Pts',(-1.16249306067936,-1.58046185422286,
6.10008358555246));
#12659=CARTESIAN_POINT('Ctrl Pts',(-1.16337543809097,-1.58086999717193,
6.10005674503516));
#12660=CARTESIAN_POINT('Ctrl Pts',(-1.16426102902105,-1.58127160279761,
6.10005320898273));
#12661=CARTESIAN_POINT('Origin',(-1.36423600145722,0.,6.));
#12662=CARTESIAN_POINT('',(-1.33423600145722,-1.39332695918215,5.96));
#12663=CARTESIAN_POINT('',(-1.33423600145722,0.,5.96));
#12664=CARTESIAN_POINT('',(-1.36423600145722,-1.40787667272331,5.95));
#12665=CARTESIAN_POINT('',(-1.36423600145722,0.,5.95));
#12666=CARTESIAN_POINT('Ctrl Pts',(-1.33423359869218,-1.39332433010746,
5.96000180207378));
#12667=CARTESIAN_POINT('Ctrl Pts',(-1.33727493292828,-1.39517553509448,
5.95772157512902));
#12668=CARTESIAN_POINT('Ctrl Pts',(-1.34058644098607,-1.39701525343711,
5.9558144582783));
#12669=CARTESIAN_POINT('Ctrl Pts',(-1.34409311978932,-1.3988154881917,5.95429474188991));
#12670=CARTESIAN_POINT('Ctrl Pts',(-1.3475092672155,-1.40056924656778,5.95281425978133));
#12671=CARTESIAN_POINT('Ctrl Pts',(-1.3511043159168,-1.40228237965499,5.95170431499423));
#12672=CARTESIAN_POINT('Ctrl Pts',(-1.35481266729626,-1.40392456782197,
5.95099241695008));
#12673=CARTESIAN_POINT('Ctrl Pts',(-1.35790975996682,-1.40529606917532,
5.95039786320122));
#12674=CARTESIAN_POINT('Ctrl Pts',(-1.36107259387262,-1.40661201162449,
5.95008372836941));
#12675=CARTESIAN_POINT('Ctrl Pts',(-1.36426202564655,-1.40785152693969,
5.95007003143036));
#12676=CARTESIAN_POINT('Ctrl Pts',(-1.19408820708262,-1.60441678922849,
6.15));
#12677=CARTESIAN_POINT('Ctrl Pts',(-1.29253616984666,-1.53114683086289,
6.07800992725652));
#12678=CARTESIAN_POINT('Ctrl Pts',(-1.38421944057754,-1.44879153377929,
6.01096653556038));
#12679=CARTESIAN_POINT('Ctrl Pts',(-1.46759248069222,-1.35873919148147,
5.95));
#12680=CARTESIAN_POINT('Ctrl Pts',(-1.19027319646859,-1.60725611328362,
6.14209576089006));
#12681=CARTESIAN_POINT('Ctrl Pts',(-1.28896229888418,-1.53417168616309,
6.06988038697536));
#12682=CARTESIAN_POINT('Ctrl Pts',(-1.38092835086824,-1.4519491128044,6.00260341039481));
#12683=CARTESIAN_POINT('Ctrl Pts',(-1.46461584856459,-1.36195429188903,
5.94140092622319));
#12684=CARTESIAN_POINT('Ctrl Pts',(-1.17953989361732,-1.60871652134734,
6.12633547759194));
#12685=CARTESIAN_POINT('Ctrl Pts',(-1.27834494003877,-1.53605273935941,
6.0536723349593));
#12686=CARTESIAN_POINT('Ctrl Pts',(-1.37051708792902,-1.45419240358901,
5.98593448322684));
#12687=CARTESIAN_POINT('Ctrl Pts',(-1.45447009582809,-1.36446103894067,
5.92426316095409));
#12688=CARTESIAN_POINT('Ctrl Pts',(-1.15536206368146,-1.59583933635013,
6.10687684174967));
#12689=CARTESIAN_POINT('Ctrl Pts',(-1.25322132940271,-1.52384812699764,
6.0339218566498));
#12690=CARTESIAN_POINT('Ctrl Pts',(-1.34451481485924,-1.44273157773081,
5.96587954024154));
#12691=CARTESIAN_POINT('Ctrl Pts',(-1.42768327425719,-1.35379228085096,
5.90391202438783));
#12692=CARTESIAN_POINT('Ctrl Pts',(-1.13989901676656,-1.57619545713712,
6.105752738518));
#12693=CARTESIAN_POINT('Ctrl Pts',(-1.23651163851679,-1.50455440190056,
6.03328273575582));
#12694=CARTESIAN_POINT('Ctrl Pts',(-1.32654975796748,-1.42395053667572,
5.9657752829349));
#12695=CARTESIAN_POINT('Ctrl Pts',(-1.40847462984707,-1.33572436624034,
5.90432102870762));
#12696=CARTESIAN_POINT('Ctrl Pts',(-1.13423600145722,-1.56430636889538,
6.11));
#12697=CARTESIAN_POINT('Ctrl Pts',(-1.2302227651152,-1.49286815951643,6.03800992725652));
#12698=CARTESIAN_POINT('Ctrl Pts',(-1.31961395404338,-1.41257174489084,
5.97096653556038));
#12699=CARTESIAN_POINT('Ctrl Pts',(-1.40090266812389,-1.32477071118427,
5.91));
#12700=CARTESIAN_POINT('',(-1.46759248069222,-1.35873919148147,5.95));
#12701=CARTESIAN_POINT('Origin',(0.,0.,7.02317700109291));
#12702=CARTESIAN_POINT('Origin',(0.0300000000000001,0.,6.98317700109291));
#12703=CARTESIAN_POINT('Ctrl Pts',(-1.46759248069222,-1.35873919148147,
5.95));
#12704=CARTESIAN_POINT('Ctrl Pts',(-1.45044242835612,-1.37726319374013,
5.95));
#12705=CARTESIAN_POINT('Ctrl Pts',(-1.43101434510853,-1.39200202979658,
5.95));
#12706=CARTESIAN_POINT('Ctrl Pts',(-1.4018633371202,-1.40594971174129,5.95));
#12707=CARTESIAN_POINT('Ctrl Pts',(-1.39186990307098,-1.40896900781213,
5.95));
#12708=CARTESIAN_POINT('Ctrl Pts',(-1.3770712865871,-1.41046514545456,5.95));
#12709=CARTESIAN_POINT('Ctrl Pts',(-1.37169008398452,-1.41010401483426,
5.94999999998949));
#12710=CARTESIAN_POINT('Ctrl Pts',(-1.36606799117861,-1.40853212793248,
5.94999999998949));
#12711=CARTESIAN_POINT('Ctrl Pts',(-1.36514174678938,-1.40822667697548,
5.95));
#12712=CARTESIAN_POINT('Ctrl Pts',(-1.36423600145722,-1.40787667272331,
5.95));
#12713=CARTESIAN_POINT('Origin',(0.,0.,5.95));
#12714=CARTESIAN_POINT('Origin',(0.,0.,5.95));
#12715=CARTESIAN_POINT('Origin',(0.,0.,6.1));
#12716=CARTESIAN_POINT('Origin',(-1.34756904968949,0.,5.9500002138258));
#12717=CARTESIAN_POINT('',(-0.747569049689489,0.,6.4000002138258));
#12718=CARTESIAN_POINT('Origin',(-0.34756904968949,-1.75,6.3250002138258));
#12719=CARTESIAN_POINT('Origin',(-0.34756904968949,1.75,6.3250002138258));
#12720=CARTESIAN_POINT('Origin',(0.65243095031051,0.,6.7000002138258));
#12721=CARTESIAN_POINT('Origin',(0.152430950310509,0.,5.2000002138258));
#12722=CARTESIAN_POINT('',(0.152430950310509,0.,6.7000002138258));
#12723=CARTESIAN_POINT('Origin',(0.,0.,6.1));
#12724=CARTESIAN_POINT('',(2.5,3.06161699786838E-16,6.25));
#12725=CARTESIAN_POINT('Origin',(0.,0.,6.25));
#12726=CARTESIAN_POINT('',(2.5,3.06161699786838E-16,6.1));
#12727=CARTESIAN_POINT('',(2.5,3.06161699786838E-16,6.1));
#12728=CARTESIAN_POINT('Origin',(0.,0.,6.1));
#12729=CARTESIAN_POINT('Origin',(0.,0.,6.25));
#12730=CARTESIAN_POINT('Origin',(-0.34756904968949,0.,6.7000002138258));
#12731=CARTESIAN_POINT('Origin',(0.,0.,6.1));
#12732=CARTESIAN_POINT('Origin',(0.,0.,5.95));
#12733=CARTESIAN_POINT('Origin',(0.,0.,5.95));
#12734=CARTESIAN_POINT('Origin',(-1.94454364826301,-1.94454364826301,5.8));
#12735=CARTESIAN_POINT('',(-1.87754364826301,-1.94454364826301,6.1));
#12736=CARTESIAN_POINT('Origin',(-1.94454364826301,-1.94454364826301,6.1));
#12737=CARTESIAN_POINT('',(-1.87754364826301,-1.94454364826301,5.8));
#12738=CARTESIAN_POINT('',(-1.87754364826301,-1.94454364826301,5.8));
#12739=CARTESIAN_POINT('Origin',(-1.94454364826301,-1.94454364826301,5.8));
#12740=CARTESIAN_POINT('Origin',(-1.94454364826301,1.94454364826301,5.8));
#12741=CARTESIAN_POINT('',(-1.87754364826301,1.94454364826301,6.1));
#12742=CARTESIAN_POINT('Origin',(-1.94454364826301,1.94454364826301,6.1));
#12743=CARTESIAN_POINT('',(-1.87754364826301,1.94454364826301,5.8));
#12744=CARTESIAN_POINT('',(-1.87754364826301,1.94454364826301,5.8));
#12745=CARTESIAN_POINT('Origin',(-1.94454364826301,1.94454364826301,5.8));
#12746=CARTESIAN_POINT('Origin',(2.75,-6.10622663543836E-16,5.8));
#12747=CARTESIAN_POINT('',(2.817,-6.02417529989549E-16,6.1));
#12748=CARTESIAN_POINT('Origin',(2.75,-6.10622663543836E-16,6.1));
#12749=CARTESIAN_POINT('',(2.817,-6.02417529989549E-16,5.8));
#12750=CARTESIAN_POINT('',(2.817,-6.02417529989549E-16,5.8));
#12751=CARTESIAN_POINT('Origin',(2.75,-6.10622663543836E-16,5.8));
#12752=CARTESIAN_POINT('Origin',(-3.36777869765522E-16,-2.75,5.8));
#12753=CARTESIAN_POINT('',(0.0669999999999997,-2.75,6.1));
#12754=CARTESIAN_POINT('Origin',(-3.36777869765522E-16,-2.75,6.1));
#12755=CARTESIAN_POINT('',(0.0669999999999997,-2.75,5.8));
#12756=CARTESIAN_POINT('',(0.0669999999999997,-2.75,5.8));
#12757=CARTESIAN_POINT('Origin',(-3.36777869765522E-16,-2.75,5.8));
#12758=CARTESIAN_POINT('Origin',(0.,2.75,5.8));
#12759=CARTESIAN_POINT('',(0.067,2.75,6.1));
#12760=CARTESIAN_POINT('Origin',(0.,2.75,6.1));
#12761=CARTESIAN_POINT('',(0.067,2.75,5.8));
#12762=CARTESIAN_POINT('',(0.067,2.75,5.8));
#12763=CARTESIAN_POINT('Origin',(0.,2.75,5.8));
#12764=CARTESIAN_POINT('Origin',(1.94454364826301,-1.94454364826301,5.8));
#12765=CARTESIAN_POINT('',(2.01154364826301,-1.94454364826301,6.1));
#12766=CARTESIAN_POINT('Origin',(1.94454364826301,-1.94454364826301,6.1));
#12767=CARTESIAN_POINT('',(2.01154364826301,-1.94454364826301,5.8));
#12768=CARTESIAN_POINT('',(2.01154364826301,-1.94454364826301,5.8));
#12769=CARTESIAN_POINT('Origin',(1.94454364826301,-1.94454364826301,5.8));
#12770=CARTESIAN_POINT('Origin',(-2.75,6.10622663543836E-16,5.8));
#12771=CARTESIAN_POINT('',(-2.683,6.18827797098123E-16,6.1));
#12772=CARTESIAN_POINT('Origin',(-2.75,6.10622663543836E-16,6.1));
#12773=CARTESIAN_POINT('',(-2.683,6.18827797098123E-16,5.8));
#12774=CARTESIAN_POINT('',(-2.683,6.18827797098123E-16,5.8));
#12775=CARTESIAN_POINT('Origin',(-2.75,6.10622663543836E-16,5.8));
#12776=CARTESIAN_POINT('Origin',(1.94454364826301,1.94454364826301,5.8));
#12777=CARTESIAN_POINT('',(2.01154364826301,1.94454364826301,6.1));
#12778=CARTESIAN_POINT('Origin',(1.94454364826301,1.94454364826301,6.1));
#12779=CARTESIAN_POINT('',(2.01154364826301,1.94454364826301,5.8));
#12780=CARTESIAN_POINT('',(2.01154364826301,1.94454364826301,5.8));
#12781=CARTESIAN_POINT('Origin',(1.94454364826301,1.94454364826301,5.8));
#12782=CARTESIAN_POINT('Origin',(0.,0.,5.8));
#12783=CARTESIAN_POINT('',(3.,3.67394039744206E-16,6.1));
#12784=CARTESIAN_POINT('Origin',(0.,0.,6.1));
#12785=CARTESIAN_POINT('',(3.,3.67394039744206E-16,5.8));
#12786=CARTESIAN_POINT('',(3.,3.67394039744206E-16,5.8));
#12787=CARTESIAN_POINT('Origin',(0.,0.,5.8));
#12788=CARTESIAN_POINT('Origin',(0.,0.,6.1));
#12789=CARTESIAN_POINT('Origin',(0.,0.,5.8));
#12790=CARTESIAN_POINT('',(0.,0.,0.));
#12791=CARTESIAN_POINT('Origin',(0.703948549118701,0.,-2.28053292040857));
#12792=CARTESIAN_POINT('',(0.703948549118701,-0.1,-25.3990909158429));
#12793=CARTESIAN_POINT('Origin',(0.703948549118701,0.,-25.3990909158429));
#12794=CARTESIAN_POINT('',(0.703948549118699,-0.1,-2.28053292040857));
#12795=CARTESIAN_POINT('',(0.703948549118701,-0.1,-2.28053292040857));
#12796=CARTESIAN_POINT('',(0.703948549118701,0.1,-2.28053292040857));
#12797=CARTESIAN_POINT('Origin',(0.703948549118701,0.,-2.28053292040857));
#12798=CARTESIAN_POINT('Origin',(0.703948549118701,0.,-2.28053292040857));
#12799=CARTESIAN_POINT('Origin',(0.703948549118701,0.,-25.3990909158429));
#12800=CARTESIAN_POINT('Origin',(1.6622052700986,0.,-1.66298970022152));
#12801=CARTESIAN_POINT('',(1.6622052700986,-0.1,-1.66298970022152));
#12802=CARTESIAN_POINT('',(1.6622052700986,-0.1,-1.66298970022152));
#12803=CARTESIAN_POINT('',(1.6622052700986,0.1,-1.66298970022152));
#12804=CARTESIAN_POINT('Origin',(1.6622052700986,0.,-1.66298970022152));
#12805=CARTESIAN_POINT('Origin',(1.6622052700986,0.,-1.66298970022152));
#12806=CARTESIAN_POINT('Origin',(7.61897454984155,0.,-1.66298970022152));
#12807=CARTESIAN_POINT('',(7.61897454984155,-0.1,-1.66298970022153));
#12808=CARTESIAN_POINT('',(7.61897454984155,-0.1,-1.66298970022152));
#12809=CARTESIAN_POINT('',(7.61897454984155,0.1,-1.66298970022152));
#12810=CARTESIAN_POINT('Origin',(7.61897454984155,0.,-1.66298970022152));
#12811=CARTESIAN_POINT('Origin',(7.61897454984155,0.,-1.66298970022152));
#12812=CARTESIAN_POINT('Origin',(9.20000029361154,0.,-0.160695981576675));
#12813=CARTESIAN_POINT('',(9.20000029361154,-0.1,-0.160695981576673));
#12814=CARTESIAN_POINT('',(9.20000029361154,-0.1,-0.160695981576675));
#12815=CARTESIAN_POINT('',(9.20000029361154,0.1,-0.160695981576675));
#12816=CARTESIAN_POINT('Origin',(9.20000029361154,0.,-0.160695981576675));
#12817=CARTESIAN_POINT('Origin',(9.20000029361154,0.,-0.160695981576674));
#12818=CARTESIAN_POINT('Origin',(9.20000029361154,0.,5.50000017552864));
#12819=CARTESIAN_POINT('',(9.20000029361154,-0.1,5.50000017552864));
#12820=CARTESIAN_POINT('',(9.20000029361154,-0.1,5.50000017552864));
#12821=CARTESIAN_POINT('',(9.20000029361154,0.1,5.50000017552864));
#12822=CARTESIAN_POINT('Origin',(9.20000029361154,0.,5.50000017552864));
#12823=CARTESIAN_POINT('Origin',(9.20000029361154,0.,5.50000017552864));
#12824=CARTESIAN_POINT('Origin',(8.90882494064491,0.,5.7000001819115));
#12825=CARTESIAN_POINT('',(8.90882494064492,-0.1,5.7000001819115));
#12826=CARTESIAN_POINT('',(8.90882494064491,-0.1,5.7000001819115));
#12827=CARTESIAN_POINT('',(8.90882494064491,0.1,5.7000001819115));
#12828=CARTESIAN_POINT('Origin',(8.90882494064491,0.,5.7000001819115));
#12829=CARTESIAN_POINT('Origin',(8.90882494064492,0.,5.7000001819115));
#12830=CARTESIAN_POINT('Origin',(3.30000010531718,0.,5.7000001819115));
#12831=CARTESIAN_POINT('',(3.30000010531718,-0.1,5.7000001819115));
#12832=CARTESIAN_POINT('',(3.30000010531718,-0.1,5.7000001819115));
#12833=CARTESIAN_POINT('',(3.30000010531718,0.1,5.7000001819115));
#12834=CARTESIAN_POINT('Origin',(3.30000010531718,0.,5.7000001819115));
#12835=CARTESIAN_POINT('Origin',(3.30000010531718,0.,5.7000001819115));
#12836=CARTESIAN_POINT('Origin',(3.10000009893432,0.,6.20000019786865));
#12837=CARTESIAN_POINT('',(3.10000009893432,-0.1,6.20000019786865));
#12838=CARTESIAN_POINT('',(3.10000009893432,-0.1,6.20000019786865));
#12839=CARTESIAN_POINT('',(3.10000009893432,0.1,6.20000019786865));
#12840=CARTESIAN_POINT('Origin',(3.10000009893432,0.,6.20000019786865));
#12841=CARTESIAN_POINT('Origin',(3.10000009893432,0.,6.20000019786865));
#12842=CARTESIAN_POINT('Origin',(2.56474590113186,0.,6.33886929515242));
#12843=CARTESIAN_POINT('',(2.56474590113186,-0.1,6.33886929515242));
#12844=CARTESIAN_POINT('',(2.56474590113186,-0.1,6.33886929515242));
#12845=CARTESIAN_POINT('',(2.56474590113186,0.1,6.33886929515242));
#12846=CARTESIAN_POINT('Origin',(2.56474590113186,0.,6.33886929515242));
#12847=CARTESIAN_POINT('Origin',(2.56474590113186,0.,6.33886929515242));
#12848=CARTESIAN_POINT('Origin',(0.656405239196377,0.,6.33886929515242));
#12849=CARTESIAN_POINT('',(0.656405239196377,-0.1,6.33886929515242));
#12850=CARTESIAN_POINT('',(0.656405239196377,-0.1,6.33886929515242));
#12851=CARTESIAN_POINT('Origin',(0.656405239196377,0.,6.33886929515242));
#12852=CARTESIAN_POINT('Origin',(0.656405239196377,0.,6.33886929515242));
#12853=CARTESIAN_POINT('',(8.37311410058098E-13,-1.47147047120956E-12,0.));
#12854=CARTESIAN_POINT('',(0.,0.,0.));
#12855=CARTESIAN_POINT('',(1.69295916712386E-12,-1.11896493820488E-14,0.));
#12856=CARTESIAN_POINT('',(-1.69295916712386E-12,1.11896493820488E-14,0.));
#12857=CARTESIAN_POINT('',(8.55647757065759E-13,1.46024924435737E-12,0.));
#12858=CARTESIAN_POINT('',(-8.37311410058098E-13,1.47143889373942E-12,0.));
#12859=CARTESIAN_POINT('',(-8.55647757065761E-13,-1.46024924435737E-12,
0.));
#12860=CARTESIAN_POINT('',(0.,0.,0.));
#12861=CARTESIAN_POINT('',(0.00174392136118234,8.56852457039863E-5,-13.044705913462));
#12862=CARTESIAN_POINT('',(0.00174392136124505,8.56852457044847E-5,-1.5));
#12863=CARTESIAN_POINT('',(0.,0.,0.));
#12864=CARTESIAN_POINT('',(0.,0.,0.));
#12865=CARTESIAN_POINT('Origin',(0.,0.,0.));
#12866=UNCERTAINTY_MEASURE_WITH_UNIT(LENGTH_MEASURE(0.000393700787401575),
#12887,'DISTANCE_ACCURACY_VALUE',
'Maximum model space distance between geometric entities at asserted c
onnectivities');
#12867=UNCERTAINTY_MEASURE_WITH_UNIT(LENGTH_MEASURE(0.000393700787401575),
#12887,'DISTANCE_ACCURACY_VALUE',
'Maximum model space distance between geometric entities at asserted c
onnectivities');
#12868=UNCERTAINTY_MEASURE_WITH_UNIT(LENGTH_MEASURE(0.000393700787401575),
#12887,'DISTANCE_ACCURACY_VALUE',
'Maximum model space distance between geometric entities at asserted c
onnectivities');
#12869=UNCERTAINTY_MEASURE_WITH_UNIT(LENGTH_MEASURE(0.000393700787401575),
#12887,'DISTANCE_ACCURACY_VALUE',
'Maximum model space distance between geometric entities at asserted c
onnectivities');
#12870=UNCERTAINTY_MEASURE_WITH_UNIT(LENGTH_MEASURE(0.000393700787401575),
#12887,'DISTANCE_ACCURACY_VALUE',
'Maximum model space distance between geometric entities at asserted c
onnectivities');
#12871=UNCERTAINTY_MEASURE_WITH_UNIT(LENGTH_MEASURE(0.000393700787401575),
#12887,'DISTANCE_ACCURACY_VALUE',
'Maximum model space distance between geometric entities at asserted c
onnectivities');
#12872=UNCERTAINTY_MEASURE_WITH_UNIT(LENGTH_MEASURE(0.000393700787401575),
#12887,'DISTANCE_ACCURACY_VALUE',
'Maximum model space distance between geometric entities at asserted c
onnectivities');
#12873=UNCERTAINTY_MEASURE_WITH_UNIT(LENGTH_MEASURE(0.000393700787401575),
#12887,'DISTANCE_ACCURACY_VALUE',
'Maximum model space distance between geometric entities at asserted c
onnectivities');
#12874=UNCERTAINTY_MEASURE_WITH_UNIT(LENGTH_MEASURE(0.000393700787401575),
#12887,'DISTANCE_ACCURACY_VALUE',
'Maximum model space distance between geometric entities at asserted c
onnectivities');
#12875=UNCERTAINTY_MEASURE_WITH_UNIT(LENGTH_MEASURE(0.000393700787401575),
#12887,'DISTANCE_ACCURACY_VALUE',
'Maximum model space distance between geometric entities at asserted c
onnectivities');
#12876=(
GEOMETRIC_REPRESENTATION_CONTEXT(3)
GLOBAL_UNCERTAINTY_ASSIGNED_CONTEXT((#12866))
GLOBAL_UNIT_ASSIGNED_CONTEXT((#12887,#12891,#12892))
REPRESENTATION_CONTEXT('','3D')
);
#12877=(
GEOMETRIC_REPRESENTATION_CONTEXT(3)
GLOBAL_UNCERTAINTY_ASSIGNED_CONTEXT((#12867))
GLOBAL_UNIT_ASSIGNED_CONTEXT((#12887,#12891,#12892))
REPRESENTATION_CONTEXT('','3D')
);
#12878=(
GEOMETRIC_REPRESENTATION_CONTEXT(3)
GLOBAL_UNCERTAINTY_ASSIGNED_CONTEXT((#12868))
GLOBAL_UNIT_ASSIGNED_CONTEXT((#12887,#12891,#12892))
REPRESENTATION_CONTEXT('','3D')
);
#12879=(
GEOMETRIC_REPRESENTATION_CONTEXT(3)
GLOBAL_UNCERTAINTY_ASSIGNED_CONTEXT((#12869))
GLOBAL_UNIT_ASSIGNED_CONTEXT((#12887,#12891,#12892))
REPRESENTATION_CONTEXT('','3D')
);
#12880=(
GEOMETRIC_REPRESENTATION_CONTEXT(3)
GLOBAL_UNCERTAINTY_ASSIGNED_CONTEXT((#12870))
GLOBAL_UNIT_ASSIGNED_CONTEXT((#12887,#12891,#12892))
REPRESENTATION_CONTEXT('','3D')
);
#12881=(
GEOMETRIC_REPRESENTATION_CONTEXT(3)
GLOBAL_UNCERTAINTY_ASSIGNED_CONTEXT((#12871))
GLOBAL_UNIT_ASSIGNED_CONTEXT((#12887,#12891,#12892))
REPRESENTATION_CONTEXT('','3D')
);
#12882=(
GEOMETRIC_REPRESENTATION_CONTEXT(3)
GLOBAL_UNCERTAINTY_ASSIGNED_CONTEXT((#12872))
GLOBAL_UNIT_ASSIGNED_CONTEXT((#12887,#12891,#12892))
REPRESENTATION_CONTEXT('','3D')
);
#12883=(
GEOMETRIC_REPRESENTATION_CONTEXT(3)
GLOBAL_UNCERTAINTY_ASSIGNED_CONTEXT((#12873))
GLOBAL_UNIT_ASSIGNED_CONTEXT((#12887,#12891,#12892))
REPRESENTATION_CONTEXT('','3D')
);
#12884=(
GEOMETRIC_REPRESENTATION_CONTEXT(3)
GLOBAL_UNCERTAINTY_ASSIGNED_CONTEXT((#12874))
GLOBAL_UNIT_ASSIGNED_CONTEXT((#12887,#12891,#12892))
REPRESENTATION_CONTEXT('','3D')
);
#12885=(
GEOMETRIC_REPRESENTATION_CONTEXT(3)
GLOBAL_UNCERTAINTY_ASSIGNED_CONTEXT((#12875))
GLOBAL_UNIT_ASSIGNED_CONTEXT((#12887,#12891,#12892))
REPRESENTATION_CONTEXT('','3D')
);
#12886=DIMENSIONAL_EXPONENTS(1.,0.,0.,0.,0.,0.,0.);
#12887=(
CONVERSION_BASED_UNIT('inch',#12890)
LENGTH_UNIT()
NAMED_UNIT(#12886)
);
#12888=(
LENGTH_UNIT()
NAMED_UNIT(*)
SI_UNIT(.MILLI.,.METRE.)
);
#12889=(
LENGTH_UNIT()
NAMED_UNIT(*)
SI_UNIT($,.METRE.)
);
#12890=LENGTH_MEASURE_WITH_UNIT(LENGTH_MEASURE(25.4),#12888);
#12891=(
NAMED_UNIT(*)
PLANE_ANGLE_UNIT()
SI_UNIT($,.RADIAN.)
);
#12892=(
NAMED_UNIT(*)
SI_UNIT($,.STERADIAN.)
SOLID_ANGLE_UNIT()
);
#12893=SHAPE_DEFINITION_REPRESENTATION(#12902,#12924);
#12894=SHAPE_DEFINITION_REPRESENTATION(#12903,#12925);
#12895=SHAPE_DEFINITION_REPRESENTATION(#12904,#12926);
#12896=SHAPE_DEFINITION_REPRESENTATION(#12905,#12927);
#12897=SHAPE_DEFINITION_REPRESENTATION(#12907,#12928);
#12898=SHAPE_DEFINITION_REPRESENTATION(#12908,#12929);
#12899=SHAPE_DEFINITION_REPRESENTATION(#12909,#12930);
#12900=SHAPE_DEFINITION_REPRESENTATION(#12910,#12931);
#12901=SHAPE_DEFINITION_REPRESENTATION(#12911,#12932);
#12902=PRODUCT_DEFINITION_SHAPE('',$,#12934);
#12903=PRODUCT_DEFINITION_SHAPE('',$,#12935);
#12904=PRODUCT_DEFINITION_SHAPE('',$,#12936);
#12905=PRODUCT_DEFINITION_SHAPE('',$,#12937);
#12906=PRODUCT_DEFINITION_SHAPE($,$,#116);
#12907=PRODUCT_DEFINITION_SHAPE('',$,#12938);
#12908=PRODUCT_DEFINITION_SHAPE('',$,#12939);
#12909=PRODUCT_DEFINITION_SHAPE('',$,#12940);
#12910=PRODUCT_DEFINITION_SHAPE('',$,#12941);
#12911=PRODUCT_DEFINITION_SHAPE('',$,#12942);
#12912=PRODUCT_DEFINITION_SHAPE($,$,#117);
#12913=PRODUCT_DEFINITION_SHAPE($,$,#118);
#12914=PRODUCT_DEFINITION_SHAPE($,$,#119);
#12915=PRODUCT_DEFINITION_SHAPE($,$,#120);
#12916=PRODUCT_DEFINITION_SHAPE($,$,#121);
#12917=PRODUCT_DEFINITION_SHAPE($,$,#122);
#12918=PRODUCT_DEFINITION_SHAPE($,$,#123);
#12919=PRODUCT_DEFINITION_SHAPE($,$,#124);
#12920=PRODUCT_DEFINITION_SHAPE($,$,#125);
#12921=PRODUCT_DEFINITION_SHAPE($,$,#126);
#12922=PRODUCT_DEFINITION_SHAPE($,$,#127);
#12923=PRODUCT_DEFINITION_SHAPE($,$,#128);
#12924=SHAPE_REPRESENTATION('',(#5937,#6595,#6596,#6597,#6598,#6599,#6600,
#6601,#6602,#6603,#6604,#6605,#6606),#12876);
#12925=SHAPE_REPRESENTATION('',(#5938),#12877);
#12926=SHAPE_REPRESENTATION('',(#6089,#6212),#12878);
#12927=SHAPE_REPRESENTATION('',(#6090),#12879);
#12928=SHAPE_REPRESENTATION('',(#6213),#12880);
#12929=SHAPE_REPRESENTATION('',(#6214),#12881);
#12930=SHAPE_REPRESENTATION('',(#6238),#12882);
#12931=SHAPE_REPRESENTATION('',(#6341),#12883);
#12932=SHAPE_REPRESENTATION('',(#6562),#12884);
#12933=PRODUCT_DEFINITION_CONTEXT('part definition',#12962,'design');
#12934=PRODUCT_DEFINITION('2026-09-21-09-13-33-211','DFM Assembly 2',#12943,
#12933);
#12935=PRODUCT_DEFINITION('2026-09-15-16-54-50-715',
'LEAN FLOAT - Part 1',#12944,#12933);
#12936=PRODUCT_DEFINITION('2026-09-15-16-54-50-128',
'LEAN FLOAT - Wedge',#12945,#12933);
#12937=PRODUCT_DEFINITION('2026-09-29-14-15-38-578','Component1',#12946,
#12933);
#12938=PRODUCT_DEFINITION('2026-09-29-14-12-39-437',
'Wedge Bottom (1.5")',#12947,#12933);
#12939=PRODUCT_DEFINITION(
'4816K51_NO THREADS_Standard-Wall 316-316L Stainless Steel Pipe',
'4816K51_NO THREADS_Standard-Wall 316-316L Stainless Steel Pipe',#12948,
#12933);
#12940=PRODUCT_DEFINITION(
'6040T56_Stainless Steel Slip-on Framing Fitting',
'6040T56_Stainless Steel Slip-on Framing Fitting',#12949,#12933);
#12941=PRODUCT_DEFINITION('2026-10-05-13-03-40-041',
'Electronics Housing',#12950,#12933);
#12942=PRODUCT_DEFINITION('2026-10-05-13-50-17-710','Cables V2',#12951,
#12933);
#12943=PRODUCT_DEFINITION_FORMATION('',$,#12964);
#12944=PRODUCT_DEFINITION_FORMATION('',$,#12965);
#12945=PRODUCT_DEFINITION_FORMATION('',$,#12966);
#12946=PRODUCT_DEFINITION_FORMATION('',$,#12967);
#12947=PRODUCT_DEFINITION_FORMATION('',$,#12968);
#12948=PRODUCT_DEFINITION_FORMATION('',$,#12969);
#12949=PRODUCT_DEFINITION_FORMATION('',$,#12970);
#12950=PRODUCT_DEFINITION_FORMATION('',$,#12971);
#12951=PRODUCT_DEFINITION_FORMATION('',$,#12972);
#12952=PRODUCT_RELATED_PRODUCT_CATEGORY('DFM Assembly 2',
'DFM Assembly 2',(#12964));
#12953=PRODUCT_RELATED_PRODUCT_CATEGORY('LEAN FLOAT - Part 1',
'LEAN FLOAT - Part 1',(#12965));
#12954=PRODUCT_RELATED_PRODUCT_CATEGORY('LEAN FLOAT - Wedge',
'LEAN FLOAT - Wedge',(#12966));
#12955=PRODUCT_RELATED_PRODUCT_CATEGORY('Component1','Component1',(#12967));
#12956=PRODUCT_RELATED_PRODUCT_CATEGORY('Wedge Bottom (1.5")',
'Wedge Bottom (1.5")',(#12968));
#12957=PRODUCT_RELATED_PRODUCT_CATEGORY(
'4816K51_NO THREADS_Standard-Wall 316-316L Stainless Steel Pipe',
'4816K51_NO THREADS_Standard-Wall 316-316L Stainless Steel Pipe',(#12969));
#12958=PRODUCT_RELATED_PRODUCT_CATEGORY(
'6040T56_Stainless Steel Slip-on Framing Fitting',
'6040T56_Stainless Steel Slip-on Framing Fitting',(#12970));
#12959=PRODUCT_RELATED_PRODUCT_CATEGORY('Electronics Housing',
'Electronics Housing',(#12971));
#12960=PRODUCT_RELATED_PRODUCT_CATEGORY('Cables V2','Cables V2',(#12972));
#12961=APPLICATION_PROTOCOL_DEFINITION('international standard',
'automotive_design',2009,#12962);
#12962=APPLICATION_CONTEXT(
'Core Data for Automotive Mechanical Design Process');
#12963=PRODUCT_CONTEXT('part definition',#12962,'mechanical');
#12964=PRODUCT('2026-09-21-09-13-33-211','DFM Assembly 2',$,(#12963));
#12965=PRODUCT('2026-09-15-16-54-50-715','LEAN FLOAT - Part 1',
'STEP AP242 Edition 2',(#12963));
#12966=PRODUCT('2026-09-15-16-54-50-128','LEAN FLOAT - Wedge',
'STEP AP242 Edition 2',(#12963));
#12967=PRODUCT('2026-09-29-14-15-38-578','Component1',$,(#12963));
#12968=PRODUCT('2026-09-29-14-12-39-437','Wedge Bottom (1.5")',$,(#12963));
#12969=PRODUCT(
'4816K51_NO THREADS_Standard-Wall 316-316L Stainless Steel Pipe',
'4816K51_NO THREADS_Standard-Wall 316-316L Stainless Steel Pipe',$,(#12963));
#12970=PRODUCT('6040T56_Stainless Steel Slip-on Framing Fitting',
'6040T56_Stainless Steel Slip-on Framing Fitting',$,(#12963));
#12971=PRODUCT('2026-10-05-13-03-40-041','Electronics Housing',$,(#12963));
#12972=PRODUCT('2026-10-05-13-50-17-710','Cables V2',$,(#12963));
#12973=PRESENTATION_STYLE_ASSIGNMENT((#12976));
#12974=PRESENTATION_STYLE_ASSIGNMENT((#12977));
#12975=PRESENTATION_STYLE_ASSIGNMENT((NULL_STYLE(.NULL.)));
#12976=SURFACE_STYLE_USAGE(.BOTH.,#12978);
#12977=SURFACE_STYLE_USAGE(.BOTH.,#12979);
#12978=SURFACE_SIDE_STYLE('',(#12980));
#12979=SURFACE_SIDE_STYLE('',(#12981));
#12980=SURFACE_STYLE_FILL_AREA(#12982);
#12981=SURFACE_STYLE_FILL_AREA(#12983);
#12982=FILL_AREA_STYLE('Steel - Satin',(#12984));
#12983=FILL_AREA_STYLE('ABS (White)',(#12985));
#12984=FILL_AREA_STYLE_COLOUR('Steel - Satin',#12986);
#12985=FILL_AREA_STYLE_COLOUR('ABS (White)',#12987);
#12986=COLOUR_RGB('Steel - Satin',0.627450980392157,0.627450980392157,0.627450980392157);
#12987=COLOUR_RGB('ABS (White)',0.964705882352941,0.964705882352941,0.952941176470588);
ENDSEC;
END-ISO-10303-21;
