ISO-10303-21;
HEADER;
/* Generated by software containing ST-Developer
 * from STEP Tools, Inc. (www.steptools.com) 
 */

FILE_DESCRIPTION(
/* description */ (''),
/* implementation_level */ '2;1');

FILE_NAME(
/* name */ 'DFM Assembly.step',
/* time_stamp */ '2026-09-25T11:08:25-07:00',
/* author */ (''),
/* organization */ (''),
/* preprocessor_version */ 'ST-DEVELOPER v20.2',
/* originating_system */ 'Autodesk Translation Framework v15.15.0.0',
/* authorisation */ '');

FILE_SCHEMA (('AUTOMOTIVE_DESIGN { 1 0 10303 214 3 1 1 }'));
ENDSEC;

DATA;
#10=MECHANICAL_DESIGN_GEOMETRIC_PRESENTATION_REPRESENTATION('',(#133,#134,
#135,#136,#137,#138,#139,#140),#10299);
#11=CONTEXT_DEPENDENT_OVER_RIDING_STYLED_ITEM('',(#10398),#10349,#140,(#55));
#12=MAPPED_ITEM('',#13,#4868);
#13=REPRESENTATION_MAP(#4868,#10348);
#14=ELLIPSE('',#4795,0.156259924898361,0.15600003532267);
#15=ELLIPSE('',#4796,0.156259924898386,0.156000035322697);
#16=ELLIPSE('',#4798,0.156259924894564,0.156000035317752);
#17=ELLIPSE('',#4799,0.156259924894595,0.156000035317785);
#18=(
BOUNDED_SURFACE()
B_SPLINE_SURFACE(3,3,((#9527,#9528,#9529,#9530,#9531,#9532,#9533,#9534,
#9535,#9536,#9537,#9538,#9539,#9540,#9541,#9542,#9543,#9544,#9545,#9546,
#9547,#9548,#9549,#9550,#9551,#9552,#9553,#9554,#9555,#9556,#9557,#9558,
#9559,#9560,#9561,#9562,#9563,#9564),(#9565,#9566,#9567,#9568,#9569,#9570,
#9571,#9572,#9573,#9574,#9575,#9576,#9577,#9578,#9579,#9580,#9581,#9582,
#9583,#9584,#9585,#9586,#9587,#9588,#9589,#9590,#9591,#9592,#9593,#9594,
#9595,#9596,#9597,#9598,#9599,#9600,#9601,#9602),(#9603,#9604,#9605,#9606,
#9607,#9608,#9609,#9610,#9611,#9612,#9613,#9614,#9615,#9616,#9617,#9618,
#9619,#9620,#9621,#9622,#9623,#9624,#9625,#9626,#9627,#9628,#9629,#9630,
#9631,#9632,#9633,#9634,#9635,#9636,#9637,#9638,#9639,#9640),(#9641,#9642,
#9643,#9644,#9645,#9646,#9647,#9648,#9649,#9650,#9651,#9652,#9653,#9654,
#9655,#9656,#9657,#9658,#9659,#9660,#9661,#9662,#9663,#9664,#9665,#9666,
#9667,#9668,#9669,#9670,#9671,#9672,#9673,#9674,#9675,#9676,#9677,#9678),
(#9679,#9680,#9681,#9682,#9683,#9684,#9685,#9686,#9687,#9688,#9689,#9690,
#9691,#9692,#9693,#9694,#9695,#9696,#9697,#9698,#9699,#9700,#9701,#9702,
#9703,#9704,#9705,#9706,#9707,#9708,#9709,#9710,#9711,#9712,#9713,#9714,
#9715,#9716),(#9717,#9718,#9719,#9720,#9721,#9722,#9723,#9724,#9725,#9726,
#9727,#9728,#9729,#9730,#9731,#9732,#9733,#9734,#9735,#9736,#9737,#9738,
#9739,#9740,#9741,#9742,#9743,#9744,#9745,#9746,#9747,#9748,#9749,#9750,
#9751,#9752,#9753,#9754),(#9755,#9756,#9757,#9758,#9759,#9760,#9761,#9762,
#9763,#9764,#9765,#9766,#9767,#9768,#9769,#9770,#9771,#9772,#9773,#9774,
#9775,#9776,#9777,#9778,#9779,#9780,#9781,#9782,#9783,#9784,#9785,#9786,
#9787,#9788,#9789,#9790,#9791,#9792)),.UNSPECIFIED.,.T.,.F.,.F.)
B_SPLINE_SURFACE_WITH_KNOTS((4,3,4),(4,2,2,2,2,2,2,2,2,2,2,2,2,2,2,2,2,
2,4),(0.,0.5,1.),(-0.0034753297827819,0.,0.0078125,0.015625,0.03125,0.0625,
0.125,0.25,0.375,0.5,0.625,0.75,0.875,0.9375,0.96875,0.984375,0.9921875,
1.,1.00347532978278),.UNSPECIFIED.)
GEOMETRIC_REPRESENTATION_ITEM()
RATIONAL_B_SPLINE_SURFACE(((1.,1.,1.,1.,1.,1.,1.,1.,1.,1.,1.,1.,1.,1.,1.,
1.,1.,1.,1.,1.,1.,1.,1.,1.,1.,1.,1.,1.,1.,1.,1.,1.,1.,1.,1.,1.,1.,1.),(0.333333333333333,
0.333333333333333,0.333333333333333,0.333333333333333,0.333333333333333,
0.333333333333333,0.333333333333333,0.333333333333333,0.333333333333333,
0.333333333333333,0.333333333333333,0.333333333333333,0.333333333333333,
0.333333333333333,0.333333333333333,0.333333333333333,0.333333333333333,
0.333333333333333,0.333333333333333,0.333333333333333,0.333333333333333,
0.333333333333333,0.333333333333333,0.333333333333333,0.333333333333333,
0.333333333333333,0.333333333333333,0.333333333333333,0.333333333333333,
0.333333333333333,0.333333333333333,0.333333333333333,0.333333333333333,
0.333333333333333,0.333333333333333,0.333333333333333,0.333333333333333,
0.333333333333333),(0.333333333333333,0.333333333333333,0.333333333333333,
0.333333333333333,0.333333333333333,0.333333333333333,0.333333333333333,
0.333333333333333,0.333333333333333,0.333333333333333,0.333333333333333,
0.333333333333333,0.333333333333333,0.333333333333333,0.333333333333333,
0.333333333333333,0.333333333333333,0.333333333333333,0.333333333333333,
0.333333333333333,0.333333333333333,0.333333333333333,0.333333333333333,
0.333333333333333,0.333333333333333,0.333333333333333,0.333333333333333,
0.333333333333333,0.333333333333333,0.333333333333333,0.333333333333333,
0.333333333333333,0.333333333333333,0.333333333333333,0.333333333333333,
0.333333333333333,0.333333333333333,0.333333333333333),(1.,1.,1.,1.,1.,
1.,1.,1.,1.,1.,1.,1.,1.,1.,1.,1.,1.,1.,1.,1.,1.,1.,1.,1.,1.,1.,1.,1.,1.,
1.,1.,1.,1.,1.,1.,1.,1.,1.),(0.333333333333333,0.333333333333333,0.333333333333333,
0.333333333333333,0.333333333333333,0.333333333333333,0.333333333333333,
0.333333333333333,0.333333333333333,0.333333333333333,0.333333333333333,
0.333333333333333,0.333333333333333,0.333333333333333,0.333333333333333,
0.333333333333333,0.333333333333333,0.333333333333333,0.333333333333333,
0.333333333333333,0.333333333333333,0.333333333333333,0.333333333333333,
0.333333333333333,0.333333333333333,0.333333333333333,0.333333333333333,
0.333333333333333,0.333333333333333,0.333333333333333,0.333333333333333,
0.333333333333333,0.333333333333333,0.333333333333333,0.333333333333333,
0.333333333333333,0.333333333333333,0.333333333333333),(0.333333333333333,
0.333333333333333,0.333333333333333,0.333333333333333,0.333333333333333,
0.333333333333333,0.333333333333333,0.333333333333333,0.333333333333333,
0.333333333333333,0.333333333333333,0.333333333333333,0.333333333333333,
0.333333333333333,0.333333333333333,0.333333333333333,0.333333333333333,
0.333333333333333,0.333333333333333,0.333333333333333,0.333333333333333,
0.333333333333333,0.333333333333333,0.333333333333333,0.333333333333333,
0.333333333333333,0.333333333333333,0.333333333333333,0.333333333333333,
0.333333333333333,0.333333333333333,0.333333333333333,0.333333333333333,
0.333333333333333,0.333333333333333,0.333333333333333,0.333333333333333,
0.333333333333333),(1.,1.,1.,1.,1.,1.,1.,1.,1.,1.,1.,1.,1.,1.,1.,1.,1.,
1.,1.,1.,1.,1.,1.,1.,1.,1.,1.,1.,1.,1.,1.,1.,1.,1.,1.,1.,1.,1.)))
REPRESENTATION_ITEM('')
SURFACE()
);
#19=(
BOUNDED_SURFACE()
B_SPLINE_SURFACE(3,3,((#9871,#9872,#9873,#9874,#9875,#9876,#9877,#9878,
#9879,#9880,#9881,#9882,#9883,#9884,#9885,#9886,#9887,#9888,#9889,#9890,
#9891,#9892,#9893,#9894,#9895,#9896,#9897,#9898,#9899,#9900,#9901,#9902,
#9903,#9904,#9905,#9906,#9907,#9908),(#9909,#9910,#9911,#9912,#9913,#9914,
#9915,#9916,#9917,#9918,#9919,#9920,#9921,#9922,#9923,#9924,#9925,#9926,
#9927,#9928,#9929,#9930,#9931,#9932,#9933,#9934,#9935,#9936,#9937,#9938,
#9939,#9940,#9941,#9942,#9943,#9944,#9945,#9946),(#9947,#9948,#9949,#9950,
#9951,#9952,#9953,#9954,#9955,#9956,#9957,#9958,#9959,#9960,#9961,#9962,
#9963,#9964,#9965,#9966,#9967,#9968,#9969,#9970,#9971,#9972,#9973,#9974,
#9975,#9976,#9977,#9978,#9979,#9980,#9981,#9982,#9983,#9984),(#9985,#9986,
#9987,#9988,#9989,#9990,#9991,#9992,#9993,#9994,#9995,#9996,#9997,#9998,
#9999,#10000,#10001,#10002,#10003,#10004,#10005,#10006,#10007,#10008,#10009,
#10010,#10011,#10012,#10013,#10014,#10015,#10016,#10017,#10018,#10019,#10020,
#10021,#10022),(#10023,#10024,#10025,#10026,#10027,#10028,#10029,#10030,
#10031,#10032,#10033,#10034,#10035,#10036,#10037,#10038,#10039,#10040,#10041,
#10042,#10043,#10044,#10045,#10046,#10047,#10048,#10049,#10050,#10051,#10052,
#10053,#10054,#10055,#10056,#10057,#10058,#10059,#10060),(#10061,#10062,
#10063,#10064,#10065,#10066,#10067,#10068,#10069,#10070,#10071,#10072,#10073,
#10074,#10075,#10076,#10077,#10078,#10079,#10080,#10081,#10082,#10083,#10084,
#10085,#10086,#10087,#10088,#10089,#10090,#10091,#10092,#10093,#10094,#10095,
#10096,#10097,#10098),(#10099,#10100,#10101,#10102,#10103,#10104,#10105,
#10106,#10107,#10108,#10109,#10110,#10111,#10112,#10113,#10114,#10115,#10116,
#10117,#10118,#10119,#10120,#10121,#10122,#10123,#10124,#10125,#10126,#10127,
#10128,#10129,#10130,#10131,#10132,#10133,#10134,#10135,#10136)),
 .UNSPECIFIED.,.T.,.F.,.F.)
B_SPLINE_SURFACE_WITH_KNOTS((4,3,4),(4,2,2,2,2,2,2,2,2,2,2,2,2,2,2,2,2,
2,4),(0.,0.5,1.),(-0.0034753297827819,0.,0.0078125,0.015625,0.03125,0.0625,
0.125,0.25,0.375,0.5,0.625,0.75,0.875,0.9375,0.96875,0.984375,0.9921875,
1.,1.00347532978278),.UNSPECIFIED.)
GEOMETRIC_REPRESENTATION_ITEM()
RATIONAL_B_SPLINE_SURFACE(((1.,1.,1.,1.,1.,1.,1.,1.,1.,1.,1.,1.,1.,1.,1.,
1.,1.,1.,1.,1.,1.,1.,1.,1.,1.,1.,1.,1.,1.,1.,1.,1.,1.,1.,1.,1.,1.,1.),(0.333333333333333,
0.333333333333333,0.333333333333333,0.333333333333333,0.333333333333333,
0.333333333333333,0.333333333333333,0.333333333333333,0.333333333333333,
0.333333333333333,0.333333333333333,0.333333333333333,0.333333333333333,
0.333333333333333,0.333333333333333,0.333333333333333,0.333333333333333,
0.333333333333333,0.333333333333333,0.333333333333333,0.333333333333333,
0.333333333333333,0.333333333333333,0.333333333333333,0.333333333333333,
0.333333333333333,0.333333333333333,0.333333333333333,0.333333333333333,
0.333333333333333,0.333333333333333,0.333333333333333,0.333333333333333,
0.333333333333333,0.333333333333333,0.333333333333333,0.333333333333333,
0.333333333333333),(0.333333333333333,0.333333333333333,0.333333333333333,
0.333333333333333,0.333333333333333,0.333333333333333,0.333333333333333,
0.333333333333333,0.333333333333333,0.333333333333333,0.333333333333333,
0.333333333333333,0.333333333333333,0.333333333333333,0.333333333333333,
0.333333333333333,0.333333333333333,0.333333333333333,0.333333333333333,
0.333333333333333,0.333333333333333,0.333333333333333,0.333333333333333,
0.333333333333333,0.333333333333333,0.333333333333333,0.333333333333333,
0.333333333333333,0.333333333333333,0.333333333333333,0.333333333333333,
0.333333333333333,0.333333333333333,0.333333333333333,0.333333333333333,
0.333333333333333,0.333333333333333,0.333333333333333),(1.,1.,1.,1.,1.,
1.,1.,1.,1.,1.,1.,1.,1.,1.,1.,1.,1.,1.,1.,1.,1.,1.,1.,1.,1.,1.,1.,1.,1.,
1.,1.,1.,1.,1.,1.,1.,1.,1.),(0.333333333333333,0.333333333333333,0.333333333333333,
0.333333333333333,0.333333333333333,0.333333333333333,0.333333333333333,
0.333333333333333,0.333333333333333,0.333333333333333,0.333333333333333,
0.333333333333333,0.333333333333333,0.333333333333333,0.333333333333333,
0.333333333333333,0.333333333333333,0.333333333333333,0.333333333333333,
0.333333333333333,0.333333333333333,0.333333333333333,0.333333333333333,
0.333333333333333,0.333333333333333,0.333333333333333,0.333333333333333,
0.333333333333333,0.333333333333333,0.333333333333333,0.333333333333333,
0.333333333333333,0.333333333333333,0.333333333333333,0.333333333333333,
0.333333333333333,0.333333333333333,0.333333333333333),(0.333333333333333,
0.333333333333333,0.333333333333333,0.333333333333333,0.333333333333333,
0.333333333333333,0.333333333333333,0.333333333333333,0.333333333333333,
0.333333333333333,0.333333333333333,0.333333333333333,0.333333333333333,
0.333333333333333,0.333333333333333,0.333333333333333,0.333333333333333,
0.333333333333333,0.333333333333333,0.333333333333333,0.333333333333333,
0.333333333333333,0.333333333333333,0.333333333333333,0.333333333333333,
0.333333333333333,0.333333333333333,0.333333333333333,0.333333333333333,
0.333333333333333,0.333333333333333,0.333333333333333,0.333333333333333,
0.333333333333333,0.333333333333333,0.333333333333333,0.333333333333333,
0.333333333333333),(1.,1.,1.,1.,1.,1.,1.,1.,1.,1.,1.,1.,1.,1.,1.,1.,1.,
1.,1.,1.,1.,1.,1.,1.,1.,1.,1.,1.,1.,1.,1.,1.,1.,1.,1.,1.,1.,1.)))
REPRESENTATION_ITEM('')
SURFACE()
);
#20=TOROIDAL_SURFACE('',#4785,0.219,0.156);
#21=TOROIDAL_SURFACE('',#4790,0.219,0.156);
#22=ITEM_DEFINED_TRANSFORMATION($,$,#4725,#4776);
#23=ITEM_DEFINED_TRANSFORMATION($,$,#4725,#4777);
#24=ITEM_DEFINED_TRANSFORMATION($,$,#4725,#4778);
#25=ITEM_DEFINED_TRANSFORMATION($,$,#4725,#4779);
#26=ITEM_DEFINED_TRANSFORMATION($,$,#4725,#4780);
#27=ITEM_DEFINED_TRANSFORMATION($,$,#4725,#4781);
#28=ITEM_DEFINED_TRANSFORMATION($,$,#4748,#4782);
#29=ITEM_DEFINED_TRANSFORMATION($,$,#4784,#4852);
#30=ITEM_DEFINED_TRANSFORMATION($,$,#4661,#4853);
#31=ITEM_DEFINED_TRANSFORMATION($,$,#4599,#4854);
#32=ITEM_DEFINED_TRANSFORMATION($,$,#4409,#4855);
#33=ITEM_DEFINED_TRANSFORMATION($,$,#4599,#4856);
#34=ITEM_DEFINED_TRANSFORMATION($,$,#4599,#4857);
#35=ITEM_DEFINED_TRANSFORMATION($,$,#4599,#4858);
#36=ITEM_DEFINED_TRANSFORMATION($,$,#4599,#4859);
#37=ITEM_DEFINED_TRANSFORMATION($,$,#4599,#4860);
#38=ITEM_DEFINED_TRANSFORMATION($,$,#4661,#4861);
#39=ITEM_DEFINED_TRANSFORMATION($,$,#4661,#4862);
#40=ITEM_DEFINED_TRANSFORMATION($,$,#4661,#4863);
#41=ITEM_DEFINED_TRANSFORMATION($,$,#4661,#4864);
#42=ITEM_DEFINED_TRANSFORMATION($,$,#4661,#4865);
#43=ITEM_DEFINED_TRANSFORMATION($,$,#4724,#4866);
#44=ITEM_DEFINED_TRANSFORMATION($,$,#4783,#4867);
#45=(
REPRESENTATION_RELATIONSHIP($,$,#10353,#10352)
REPRESENTATION_RELATIONSHIP_WITH_TRANSFORMATION(#22)
SHAPE_REPRESENTATION_RELATIONSHIP()
);
#46=(
REPRESENTATION_RELATIONSHIP($,$,#10353,#10352)
REPRESENTATION_RELATIONSHIP_WITH_TRANSFORMATION(#23)
SHAPE_REPRESENTATION_RELATIONSHIP()
);
#47=(
REPRESENTATION_RELATIONSHIP($,$,#10353,#10352)
REPRESENTATION_RELATIONSHIP_WITH_TRANSFORMATION(#24)
SHAPE_REPRESENTATION_RELATIONSHIP()
);
#48=(
REPRESENTATION_RELATIONSHIP($,$,#10353,#10352)
REPRESENTATION_RELATIONSHIP_WITH_TRANSFORMATION(#25)
SHAPE_REPRESENTATION_RELATIONSHIP()
);
#49=(
REPRESENTATION_RELATIONSHIP($,$,#10353,#10352)
REPRESENTATION_RELATIONSHIP_WITH_TRANSFORMATION(#26)
SHAPE_REPRESENTATION_RELATIONSHIP()
);
#50=(
REPRESENTATION_RELATIONSHIP($,$,#10353,#10352)
REPRESENTATION_RELATIONSHIP_WITH_TRANSFORMATION(#27)
SHAPE_REPRESENTATION_RELATIONSHIP()
);
#51=(
REPRESENTATION_RELATIONSHIP($,$,#10354,#10352)
REPRESENTATION_RELATIONSHIP_WITH_TRANSFORMATION(#28)
SHAPE_REPRESENTATION_RELATIONSHIP()
);
#52=(
REPRESENTATION_RELATIONSHIP($,$,#10356,#10355)
REPRESENTATION_RELATIONSHIP_WITH_TRANSFORMATION(#29)
SHAPE_REPRESENTATION_RELATIONSHIP()
);
#53=(
REPRESENTATION_RELATIONSHIP($,$,#10351,#10348)
REPRESENTATION_RELATIONSHIP_WITH_TRANSFORMATION(#30)
SHAPE_REPRESENTATION_RELATIONSHIP()
);
#54=(
REPRESENTATION_RELATIONSHIP($,$,#10350,#10348)
REPRESENTATION_RELATIONSHIP_WITH_TRANSFORMATION(#31)
SHAPE_REPRESENTATION_RELATIONSHIP()
);
#55=(
REPRESENTATION_RELATIONSHIP($,$,#10349,#10348)
REPRESENTATION_RELATIONSHIP_WITH_TRANSFORMATION(#32)
SHAPE_REPRESENTATION_RELATIONSHIP()
);
#56=(
REPRESENTATION_RELATIONSHIP($,$,#10350,#10348)
REPRESENTATION_RELATIONSHIP_WITH_TRANSFORMATION(#33)
SHAPE_REPRESENTATION_RELATIONSHIP()
);
#57=(
REPRESENTATION_RELATIONSHIP($,$,#10350,#10348)
REPRESENTATION_RELATIONSHIP_WITH_TRANSFORMATION(#34)
SHAPE_REPRESENTATION_RELATIONSHIP()
);
#58=(
REPRESENTATION_RELATIONSHIP($,$,#10350,#10348)
REPRESENTATION_RELATIONSHIP_WITH_TRANSFORMATION(#35)
SHAPE_REPRESENTATION_RELATIONSHIP()
);
#59=(
REPRESENTATION_RELATIONSHIP($,$,#10350,#10348)
REPRESENTATION_RELATIONSHIP_WITH_TRANSFORMATION(#36)
SHAPE_REPRESENTATION_RELATIONSHIP()
);
#60=(
REPRESENTATION_RELATIONSHIP($,$,#10350,#10348)
REPRESENTATION_RELATIONSHIP_WITH_TRANSFORMATION(#37)
SHAPE_REPRESENTATION_RELATIONSHIP()
);
#61=(
REPRESENTATION_RELATIONSHIP($,$,#10351,#10348)
REPRESENTATION_RELATIONSHIP_WITH_TRANSFORMATION(#38)
SHAPE_REPRESENTATION_RELATIONSHIP()
);
#62=(
REPRESENTATION_RELATIONSHIP($,$,#10351,#10348)
REPRESENTATION_RELATIONSHIP_WITH_TRANSFORMATION(#39)
SHAPE_REPRESENTATION_RELATIONSHIP()
);
#63=(
REPRESENTATION_RELATIONSHIP($,$,#10351,#10348)
REPRESENTATION_RELATIONSHIP_WITH_TRANSFORMATION(#40)
SHAPE_REPRESENTATION_RELATIONSHIP()
);
#64=(
REPRESENTATION_RELATIONSHIP($,$,#10351,#10348)
REPRESENTATION_RELATIONSHIP_WITH_TRANSFORMATION(#41)
SHAPE_REPRESENTATION_RELATIONSHIP()
);
#65=(
REPRESENTATION_RELATIONSHIP($,$,#10351,#10348)
REPRESENTATION_RELATIONSHIP_WITH_TRANSFORMATION(#42)
SHAPE_REPRESENTATION_RELATIONSHIP()
);
#66=(
REPRESENTATION_RELATIONSHIP($,$,#10352,#10348)
REPRESENTATION_RELATIONSHIP_WITH_TRANSFORMATION(#43)
SHAPE_REPRESENTATION_RELATIONSHIP()
);
#67=(
REPRESENTATION_RELATIONSHIP($,$,#10355,#10348)
REPRESENTATION_RELATIONSHIP_WITH_TRANSFORMATION(#44)
SHAPE_REPRESENTATION_RELATIONSHIP()
);
#68=CONTEXT_DEPENDENT_SHAPE_REPRESENTATION(#45,#10323);
#69=CONTEXT_DEPENDENT_SHAPE_REPRESENTATION(#46,#10324);
#70=CONTEXT_DEPENDENT_SHAPE_REPRESENTATION(#47,#10325);
#71=CONTEXT_DEPENDENT_SHAPE_REPRESENTATION(#48,#10326);
#72=CONTEXT_DEPENDENT_SHAPE_REPRESENTATION(#49,#10327);
#73=CONTEXT_DEPENDENT_SHAPE_REPRESENTATION(#50,#10328);
#74=CONTEXT_DEPENDENT_SHAPE_REPRESENTATION(#51,#10329);
#75=CONTEXT_DEPENDENT_SHAPE_REPRESENTATION(#52,#10332);
#76=CONTEXT_DEPENDENT_SHAPE_REPRESENTATION(#53,#10333);
#77=CONTEXT_DEPENDENT_SHAPE_REPRESENTATION(#54,#10334);
#78=CONTEXT_DEPENDENT_SHAPE_REPRESENTATION(#55,#10335);
#79=CONTEXT_DEPENDENT_SHAPE_REPRESENTATION(#56,#10336);
#80=CONTEXT_DEPENDENT_SHAPE_REPRESENTATION(#57,#10337);
#81=CONTEXT_DEPENDENT_SHAPE_REPRESENTATION(#58,#10338);
#82=CONTEXT_DEPENDENT_SHAPE_REPRESENTATION(#59,#10339);
#83=CONTEXT_DEPENDENT_SHAPE_REPRESENTATION(#60,#10340);
#84=CONTEXT_DEPENDENT_SHAPE_REPRESENTATION(#61,#10341);
#85=CONTEXT_DEPENDENT_SHAPE_REPRESENTATION(#62,#10342);
#86=CONTEXT_DEPENDENT_SHAPE_REPRESENTATION(#63,#10343);
#87=CONTEXT_DEPENDENT_SHAPE_REPRESENTATION(#64,#10344);
#88=CONTEXT_DEPENDENT_SHAPE_REPRESENTATION(#65,#10345);
#89=CONTEXT_DEPENDENT_SHAPE_REPRESENTATION(#66,#10346);
#90=CONTEXT_DEPENDENT_SHAPE_REPRESENTATION(#67,#10347);
#91=NEXT_ASSEMBLY_USAGE_OCCURRENCE('LEAN FLOAT - Wedge Cap:1',
'LEAN FLOAT - Wedge Cap:1','LEAN FLOAT - Wedge Cap:1',#10362,#10363,
'LEAN FLOAT - Wedge Cap:1');
#92=NEXT_ASSEMBLY_USAGE_OCCURRENCE('LEAN FLOAT - Wedge Cap:2',
'LEAN FLOAT - Wedge Cap:2','LEAN FLOAT - Wedge Cap:2',#10362,#10363,
'LEAN FLOAT - Wedge Cap:2');
#93=NEXT_ASSEMBLY_USAGE_OCCURRENCE('LEAN FLOAT - Wedge Cap:3',
'LEAN FLOAT - Wedge Cap:3','LEAN FLOAT - Wedge Cap:3',#10362,#10363,
'LEAN FLOAT - Wedge Cap:3');
#94=NEXT_ASSEMBLY_USAGE_OCCURRENCE('LEAN FLOAT - Wedge Cap:4',
'LEAN FLOAT - Wedge Cap:4','LEAN FLOAT - Wedge Cap:4',#10362,#10363,
'LEAN FLOAT - Wedge Cap:4');
#95=NEXT_ASSEMBLY_USAGE_OCCURRENCE('LEAN FLOAT - Wedge Cap:5',
'LEAN FLOAT - Wedge Cap:5','LEAN FLOAT - Wedge Cap:5',#10362,#10363,
'LEAN FLOAT - Wedge Cap:5');
#96=NEXT_ASSEMBLY_USAGE_OCCURRENCE('LEAN FLOAT - Wedge Cap:6',
'LEAN FLOAT - Wedge Cap:6','LEAN FLOAT - Wedge Cap:6',#10362,#10363,
'LEAN FLOAT - Wedge Cap:6');
#97=NEXT_ASSEMBLY_USAGE_OCCURRENCE('LEAN FLOAT - Cap-Chassis:1',
'LEAN FLOAT - Cap-Chassis:1','LEAN FLOAT - Cap-Chassis:1',#10362,#10364,
'LEAN FLOAT - Cap-Chassis:1');
#98=NEXT_ASSEMBLY_USAGE_OCCURRENCE('3076T33_Tie-Down Ring:1',
'3076T33_Tie-Down Ring:1','3076T33_Tie-Down Ring:1',#10365,#10366,
'3076T33_Tie-Down Ring:1');
#99=NEXT_ASSEMBLY_USAGE_OCCURRENCE('LEAN FLOAT - Wedge:1',
'LEAN FLOAT - Wedge:1','LEAN FLOAT - Wedge:1',#10358,#10361,
'LEAN FLOAT - Wedge:1');
#100=NEXT_ASSEMBLY_USAGE_OCCURRENCE('LEAN FLOAT - Wedge Bottom:1',
'LEAN FLOAT - Wedge Bottom:1','LEAN FLOAT - Wedge Bottom:1',#10358,#10360,
'LEAN FLOAT - Wedge Bottom:1');
#101=NEXT_ASSEMBLY_USAGE_OCCURRENCE('LEAN FLOAT - Part 1:1',
'LEAN FLOAT - Part 1:1','LEAN FLOAT - Part 1:1',#10358,#10359,
'LEAN FLOAT - Part 1:1');
#102=NEXT_ASSEMBLY_USAGE_OCCURRENCE('LEAN FLOAT - Wedge Bottom:2',
'LEAN FLOAT - Wedge Bottom:2','LEAN FLOAT - Wedge Bottom:2',#10358,#10360,
'LEAN FLOAT - Wedge Bottom:2');
#103=NEXT_ASSEMBLY_USAGE_OCCURRENCE('LEAN FLOAT - Wedge Bottom:3',
'LEAN FLOAT - Wedge Bottom:3','LEAN FLOAT - Wedge Bottom:3',#10358,#10360,
'LEAN FLOAT - Wedge Bottom:3');
#104=NEXT_ASSEMBLY_USAGE_OCCURRENCE('LEAN FLOAT - Wedge Bottom:4',
'LEAN FLOAT - Wedge Bottom:4','LEAN FLOAT - Wedge Bottom:4',#10358,#10360,
'LEAN FLOAT - Wedge Bottom:4');
#105=NEXT_ASSEMBLY_USAGE_OCCURRENCE('LEAN FLOAT - Wedge Bottom:5',
'LEAN FLOAT - Wedge Bottom:5','LEAN FLOAT - Wedge Bottom:5',#10358,#10360,
'LEAN FLOAT - Wedge Bottom:5');
#106=NEXT_ASSEMBLY_USAGE_OCCURRENCE('LEAN FLOAT - Wedge Bottom:6',
'LEAN FLOAT - Wedge Bottom:6','LEAN FLOAT - Wedge Bottom:6',#10358,#10360,
'LEAN FLOAT - Wedge Bottom:6');
#107=NEXT_ASSEMBLY_USAGE_OCCURRENCE('LEAN FLOAT - Wedge:2',
'LEAN FLOAT - Wedge:2','LEAN FLOAT - Wedge:2',#10358,#10361,
'LEAN FLOAT - Wedge:2');
#108=NEXT_ASSEMBLY_USAGE_OCCURRENCE('LEAN FLOAT - Wedge:3',
'LEAN FLOAT - Wedge:3','LEAN FLOAT - Wedge:3',#10358,#10361,
'LEAN FLOAT - Wedge:3');
#109=NEXT_ASSEMBLY_USAGE_OCCURRENCE('LEAN FLOAT - Wedge:4',
'LEAN FLOAT - Wedge:4','LEAN FLOAT - Wedge:4',#10358,#10361,
'LEAN FLOAT - Wedge:4');
#110=NEXT_ASSEMBLY_USAGE_OCCURRENCE('LEAN FLOAT - Wedge:5',
'LEAN FLOAT - Wedge:5','LEAN FLOAT - Wedge:5',#10358,#10361,
'LEAN FLOAT - Wedge:5');
#111=NEXT_ASSEMBLY_USAGE_OCCURRENCE('LEAN FLOAT - Wedge:6',
'LEAN FLOAT - Wedge:6','LEAN FLOAT - Wedge:6',#10358,#10361,
'LEAN FLOAT - Wedge:6');
#112=NEXT_ASSEMBLY_USAGE_OCCURRENCE('Caps :1','Caps :1','Caps :1',#10358,
#10362,'Caps :1');
#113=NEXT_ASSEMBLY_USAGE_OCCURRENCE('Hardware/Fasteners:1',
'Hardware/Fasteners:1','Hardware/Fasteners:1',#10358,#10365,
'Hardware/Fasteners:1');
#114=(
BOUNDED_CURVE()
B_SPLINE_CURVE(2,(#8265,#8266,#8267),.UNSPECIFIED.,.F.,.F.)
B_SPLINE_CURVE_WITH_KNOTS((3,3),(0.170661507184355,10.0446489994852),
 .UNSPECIFIED.)
CURVE()
GEOMETRIC_REPRESENTATION_ITEM()
RATIONAL_B_SPLINE_CURVE((1.00060271760502,1.01774065212364,1.00041594571236))
REPRESENTATION_ITEM('')
);
#115=(
BOUNDED_CURVE()
B_SPLINE_CURVE(2,(#8270,#8271,#8272),.UNSPECIFIED.,.F.,.F.)
B_SPLINE_CURVE_WITH_KNOTS((3,3),(-10.0446489911561,-0.170661498853831),
 .UNSPECIFIED.)
CURVE()
GEOMETRIC_REPRESENTATION_ITEM()
RATIONAL_B_SPLINE_CURVE((1.00041594520976,1.01774062944064,1.00060271680547))
REPRESENTATION_ITEM('')
);
#116=CONICAL_SURFACE('',#4609,8.88,0.785398163397448);
#117=CONICAL_SURFACE('',#4626,6.25,0.785398163397448);
#118=CONICAL_SURFACE('',#4659,8.90000000000012,0.785398163397435);
#119=CONICAL_SURFACE('',#4660,8.90000000000035,0.785398163397424);
#120=CONICAL_SURFACE('',#4747,9.,0.785398163397448);
#121=SHAPE_REPRESENTATION_RELATIONSHIP('SRR','None',#10349,#127);
#122=SHAPE_REPRESENTATION_RELATIONSHIP('SRR','None',#10350,#128);
#123=SHAPE_REPRESENTATION_RELATIONSHIP('SRR','None',#10351,#129);
#124=SHAPE_REPRESENTATION_RELATIONSHIP('SRR','None',#10353,#130);
#125=SHAPE_REPRESENTATION_RELATIONSHIP('SRR','None',#10354,#131);
#126=SHAPE_REPRESENTATION_RELATIONSHIP('SRR','None',#10356,#132);
#127=ADVANCED_BREP_SHAPE_REPRESENTATION('',(#141),#10291);
#128=ADVANCED_BREP_SHAPE_REPRESENTATION('',(#142),#10292);
#129=ADVANCED_BREP_SHAPE_REPRESENTATION('',(#143),#10293);
#130=ADVANCED_BREP_SHAPE_REPRESENTATION('',(#144),#10295);
#131=ADVANCED_BREP_SHAPE_REPRESENTATION('',(#145),#10296);
#132=ADVANCED_BREP_SHAPE_REPRESENTATION('',(#146,#147),#10298);
#133=STYLED_ITEM('',(#10398),#141);
#134=STYLED_ITEM('',(#10398),#142);
#135=STYLED_ITEM('',(#10398),#143);
#136=STYLED_ITEM('',(#10398),#144);
#137=STYLED_ITEM('',(#10398),#145);
#138=STYLED_ITEM('',(#10397),#146);
#139=STYLED_ITEM('',(#10397),#147);
#140=STYLED_ITEM('',(#10399),#12);
#141=MANIFOLD_SOLID_BREP('Body1',#4334);
#142=MANIFOLD_SOLID_BREP('Body1',#4335);
#143=MANIFOLD_SOLID_BREP('Body1',#4336);
#144=MANIFOLD_SOLID_BREP('Body1',#4337);
#145=MANIFOLD_SOLID_BREP('Body1',#4338);
#146=MANIFOLD_SOLID_BREP('Body1',#4339);
#147=MANIFOLD_SOLID_BREP('Body2',#4340);
#148=FACE_BOUND('',#793,.T.);
#149=FACE_BOUND('',#794,.T.);
#150=FACE_BOUND('',#795,.T.);
#151=FACE_BOUND('',#796,.T.);
#152=FACE_BOUND('',#797,.T.);
#153=FACE_BOUND('',#798,.T.);
#154=FACE_BOUND('',#799,.T.);
#155=FACE_BOUND('',#800,.T.);
#156=FACE_BOUND('',#801,.T.);
#157=FACE_BOUND('',#802,.T.);
#158=FACE_BOUND('',#803,.T.);
#159=FACE_BOUND('',#804,.T.);
#160=FACE_BOUND('',#805,.T.);
#161=FACE_BOUND('',#806,.T.);
#162=FACE_BOUND('',#807,.T.);
#163=FACE_BOUND('',#808,.T.);
#164=FACE_BOUND('',#809,.T.);
#165=FACE_BOUND('',#810,.T.);
#166=FACE_BOUND('',#811,.T.);
#167=FACE_BOUND('',#812,.T.);
#168=FACE_BOUND('',#813,.T.);
#169=FACE_BOUND('',#814,.T.);
#170=FACE_BOUND('',#815,.T.);
#171=FACE_BOUND('',#816,.T.);
#172=FACE_BOUND('',#817,.T.);
#173=FACE_BOUND('',#818,.T.);
#174=FACE_BOUND('',#819,.T.);
#175=FACE_BOUND('',#820,.T.);
#176=FACE_BOUND('',#821,.T.);
#177=FACE_BOUND('',#822,.T.);
#178=FACE_BOUND('',#823,.T.);
#179=FACE_BOUND('',#824,.T.);
#180=FACE_BOUND('',#825,.T.);
#181=FACE_BOUND('',#826,.T.);
#182=FACE_BOUND('',#827,.T.);
#183=FACE_BOUND('',#828,.T.);
#184=FACE_BOUND('',#829,.T.);
#185=FACE_BOUND('',#830,.T.);
#186=FACE_BOUND('',#831,.T.);
#187=FACE_BOUND('',#832,.T.);
#188=FACE_BOUND('',#833,.T.);
#189=FACE_BOUND('',#834,.T.);
#190=FACE_BOUND('',#835,.T.);
#191=FACE_BOUND('',#836,.T.);
#192=FACE_BOUND('',#837,.T.);
#193=FACE_BOUND('',#838,.T.);
#194=FACE_BOUND('',#839,.T.);
#195=FACE_BOUND('',#840,.T.);
#196=FACE_BOUND('',#843,.T.);
#197=FACE_BOUND('',#844,.T.);
#198=FACE_BOUND('',#845,.T.);
#199=FACE_BOUND('',#846,.T.);
#200=FACE_BOUND('',#847,.T.);
#201=FACE_BOUND('',#848,.T.);
#202=FACE_BOUND('',#849,.T.);
#203=FACE_BOUND('',#851,.T.);
#204=FACE_BOUND('',#852,.T.);
#205=FACE_BOUND('',#853,.T.);
#206=FACE_BOUND('',#854,.T.);
#207=FACE_BOUND('',#856,.T.);
#208=FACE_BOUND('',#857,.T.);
#209=FACE_BOUND('',#858,.T.);
#210=FACE_BOUND('',#859,.T.);
#211=FACE_BOUND('',#939,.T.);
#212=FACE_BOUND('',#942,.T.);
#213=FACE_BOUND('',#943,.T.);
#214=FACE_BOUND('',#945,.T.);
#215=FACE_BOUND('',#946,.T.);
#216=FACE_BOUND('',#982,.T.);
#217=FACE_BOUND('',#983,.T.);
#218=FACE_BOUND('',#984,.T.);
#219=FACE_BOUND('',#985,.T.);
#220=FACE_BOUND('',#986,.T.);
#221=FACE_BOUND('',#987,.T.);
#222=FACE_BOUND('',#988,.T.);
#223=FACE_BOUND('',#989,.T.);
#224=FACE_BOUND('',#990,.T.);
#225=FACE_BOUND('',#992,.T.);
#226=FACE_BOUND('',#993,.T.);
#227=FACE_BOUND('',#994,.T.);
#228=FACE_BOUND('',#998,.T.);
#229=FACE_BOUND('',#999,.T.);
#230=FACE_BOUND('',#1000,.T.);
#231=FACE_BOUND('',#1005,.T.);
#232=FACE_BOUND('',#1006,.T.);
#233=FACE_BOUND('',#1007,.T.);
#234=FACE_BOUND('',#1010,.T.);
#235=FACE_BOUND('',#1012,.T.);
#236=FACE_BOUND('',#1058,.T.);
#237=FACE_BOUND('',#1059,.T.);
#238=FACE_BOUND('',#1060,.T.);
#239=FACE_BOUND('',#1061,.T.);
#240=FACE_BOUND('',#1062,.T.);
#241=FACE_BOUND('',#1063,.T.);
#242=FACE_BOUND('',#1065,.T.);
#243=FACE_BOUND('',#1066,.T.);
#244=FACE_BOUND('',#1067,.T.);
#245=FACE_BOUND('',#1068,.T.);
#246=FACE_BOUND('',#1069,.T.);
#247=FACE_BOUND('',#1070,.T.);
#248=FACE_BOUND('',#1071,.T.);
#249=FACE_BOUND('',#1089,.T.);
#250=FACE_BOUND('',#1090,.T.);
#251=FACE_BOUND('',#1093,.T.);
#252=FACE_BOUND('',#1094,.T.);
#253=FACE_BOUND('',#1098,.T.);
#254=FACE_BOUND('',#1099,.T.);
#255=FACE_BOUND('',#1102,.T.);
#256=FACE_BOUND('',#1103,.T.);
#257=B_SPLINE_CURVE_WITH_KNOTS('',3,(#6118,#6119,#6120,#6121,#6122,#6123,
#6124,#6125,#6126,#6127,#6128,#6129,#6130,#6131,#6132,#6133,#6134,#6135),
 .UNSPECIFIED.,.F.,.F.,(4,2,2,2,2,2,2,2,4),(0.85737169266112,0.964543158411277,
1.07171462416143,1.17888608157656,1.28605753899168,1.39322899640681,1.50040045382193,
1.60757191957209,1.71474338532224),.UNSPECIFIED.);
#258=B_SPLINE_CURVE_WITH_KNOTS('',3,(#6136,#6137,#6138,#6139,#6140,#6141,
#6142,#6143,#6144,#6145,#6146,#6147,#6148,#6149,#6150,#6151,#6152,#6153),
 .UNSPECIFIED.,.F.,.F.,(4,2,2,2,2,2,2,2,4),(1.71474338532224,1.8219148510724,
1.92908631682256,2.03625777423768,2.1434292316528,2.25060068906793,2.35777214648305,
2.46494361223321,2.57211507798336),.UNSPECIFIED.);
#259=B_SPLINE_CURVE_WITH_KNOTS('',3,(#6161,#6162,#6163,#6164,#6165,#6166,
#6167,#6168,#6169,#6170,#6171,#6172,#6173,#6174,#6175,#6176,#6177,#6178),
 .UNSPECIFIED.,.F.,.F.,(4,2,2,2,2,2,2,2,4),(0.918627289452678,1.03345570651988,
1.14828412358708,1.26311252888305,1.37794093417903,1.492769339475,1.60759774477098,
1.72242616183818,1.83725457890537),.UNSPECIFIED.);
#260=B_SPLINE_CURVE_WITH_KNOTS('',3,(#6179,#6180,#6181,#6182,#6183,#6184,
#6185,#6186,#6187,#6188,#6189,#6190,#6191,#6192,#6193,#6194,#6195,#6196),
 .UNSPECIFIED.,.F.,.F.,(4,2,2,2,2,2,2,2,4),(1.83725457890537,1.95208299597257,
2.06691141303977,2.18173981833574,2.29656822363171,2.41139662892769,2.52622503422366,
2.64105345129086,2.75588186835805),.UNSPECIFIED.);
#261=B_SPLINE_CURVE_WITH_KNOTS('',3,(#6204,#6205,#6206,#6207,#6208,#6209,
#6210,#6211,#6212,#6213,#6214,#6215,#6216,#6217,#6218,#6219,#6220,#6221),
 .UNSPECIFIED.,.F.,.F.,(4,2,2,2,2,2,2,2,4),(0.85737169266112,0.964543158411277,
1.07171462416143,1.17888608157656,1.28605753899168,1.39322899640681,1.50040045382193,
1.60757191957209,1.71474338532224),.UNSPECIFIED.);
#262=B_SPLINE_CURVE_WITH_KNOTS('',3,(#6222,#6223,#6224,#6225,#6226,#6227,
#6228,#6229,#6230,#6231,#6232,#6233,#6234,#6235,#6236,#6237,#6238,#6239),
 .UNSPECIFIED.,.F.,.F.,(4,2,2,2,2,2,2,2,4),(1.71474338532224,1.8219148510724,
1.92908631682256,2.03625777423768,2.1434292316528,2.25060068906793,2.35777214648305,
2.46494361223321,2.57211507798336),.UNSPECIFIED.);
#263=B_SPLINE_CURVE_WITH_KNOTS('',3,(#6247,#6248,#6249,#6250,#6251,#6252,
#6253,#6254,#6255,#6256,#6257,#6258,#6259,#6260,#6261,#6262,#6263,#6264),
 .UNSPECIFIED.,.F.,.F.,(4,2,2,2,2,2,2,2,4),(0.918627289452687,1.03345570651988,
1.14828412358708,1.26311252888306,1.37794093417903,1.49276933947501,1.60759774477098,
1.72242616183818,1.83725457890537),.UNSPECIFIED.);
#264=B_SPLINE_CURVE_WITH_KNOTS('',3,(#6265,#6266,#6267,#6268,#6269,#6270,
#6271,#6272,#6273,#6274,#6275,#6276,#6277,#6278,#6279,#6280,#6281,#6282),
 .UNSPECIFIED.,.F.,.F.,(4,2,2,2,2,2,2,2,4),(1.83725457890537,1.95208299597257,
2.06691141303977,2.18173981833574,2.29656822363172,2.41139662892769,2.52622503422367,
2.64105345129086,2.75588186835806),.UNSPECIFIED.);
#265=B_SPLINE_CURVE_WITH_KNOTS('',3,(#6290,#6291,#6292,#6293,#6294,#6295,
#6296,#6297,#6298,#6299,#6300,#6301,#6302,#6303,#6304,#6305,#6306,#6307),
 .UNSPECIFIED.,.F.,.F.,(4,2,2,2,2,2,2,2,4),(0.85737169266112,0.964543158411277,
1.07171462416143,1.17888608157656,1.28605753899168,1.39322899640681,1.50040045382193,
1.60757191957209,1.71474338532224),.UNSPECIFIED.);
#266=B_SPLINE_CURVE_WITH_KNOTS('',3,(#6308,#6309,#6310,#6311,#6312,#6313,
#6314,#6315,#6316,#6317,#6318,#6319,#6320,#6321,#6322,#6323,#6324,#6325),
 .UNSPECIFIED.,.F.,.F.,(4,2,2,2,2,2,2,2,4),(1.71474338532224,1.8219148510724,
1.92908631682256,2.03625777423768,2.1434292316528,2.25060068906793,2.35777214648305,
2.46494361223321,2.57211507798336),.UNSPECIFIED.);
#267=B_SPLINE_CURVE_WITH_KNOTS('',3,(#6333,#6334,#6335,#6336,#6337,#6338,
#6339,#6340,#6341,#6342,#6343,#6344,#6345,#6346,#6347,#6348,#6349,#6350),
 .UNSPECIFIED.,.F.,.F.,(4,2,2,2,2,2,2,2,4),(0.918627289452687,1.03345570651988,
1.14828412358708,1.26311252888306,1.37794093417903,1.49276933947501,1.60759774477098,
1.72242616183818,1.83725457890538),.UNSPECIFIED.);
#268=B_SPLINE_CURVE_WITH_KNOTS('',3,(#6351,#6352,#6353,#6354,#6355,#6356,
#6357,#6358,#6359,#6360,#6361,#6362,#6363,#6364,#6365,#6366,#6367,#6368),
 .UNSPECIFIED.,.F.,.F.,(4,2,2,2,2,2,2,2,4),(1.83725457890538,1.95208299597257,
2.06691141303977,2.18173981833574,2.29656822363172,2.41139662892769,2.52622503422367,
2.64105345129086,2.75588186835806),.UNSPECIFIED.);
#269=B_SPLINE_CURVE_WITH_KNOTS('',3,(#6376,#6377,#6378,#6379,#6380,#6381,
#6382,#6383,#6384,#6385,#6386,#6387,#6388,#6389,#6390,#6391,#6392,#6393),
 .UNSPECIFIED.,.F.,.F.,(4,2,2,2,2,2,2,2,4),(0.85737169266112,0.964543158411277,
1.07171462416143,1.17888608157656,1.28605753899168,1.39322899640681,1.50040045382193,
1.60757191957209,1.71474338532225),.UNSPECIFIED.);
#270=B_SPLINE_CURVE_WITH_KNOTS('',3,(#6394,#6395,#6396,#6397,#6398,#6399,
#6400,#6401,#6402,#6403,#6404,#6405,#6406,#6407,#6408,#6409,#6410,#6411),
 .UNSPECIFIED.,.F.,.F.,(4,2,2,2,2,2,2,2,4),(1.71474338532225,1.8219148510724,
1.92908631682256,2.03625777423768,2.14342923165281,2.25060068906793,2.35777214648305,
2.46494361223321,2.57211507798337),.UNSPECIFIED.);
#271=B_SPLINE_CURVE_WITH_KNOTS('',3,(#6419,#6420,#6421,#6422,#6423,#6424,
#6425,#6426,#6427,#6428,#6429,#6430,#6431,#6432,#6433,#6434,#6435,#6436),
 .UNSPECIFIED.,.F.,.F.,(4,2,2,2,2,2,2,2,4),(0.918627289452679,1.03345570651988,
1.14828412358708,1.26311252888305,1.37794093417903,1.492769339475,1.60759774477098,
1.72242616183818,1.83725457890538),.UNSPECIFIED.);
#272=B_SPLINE_CURVE_WITH_KNOTS('',3,(#6437,#6438,#6439,#6440,#6441,#6442,
#6443,#6444,#6445,#6446,#6447,#6448,#6449,#6450,#6451,#6452,#6453,#6454),
 .UNSPECIFIED.,.F.,.F.,(4,2,2,2,2,2,2,2,4),(1.83725457890538,1.95208299597257,
2.06691141303977,2.18173981833574,2.29656822363172,2.41139662892769,2.52622503422366,
2.64105345129086,2.75588186835806),.UNSPECIFIED.);
#273=B_SPLINE_CURVE_WITH_KNOTS('',3,(#6462,#6463,#6464,#6465,#6466,#6467,
#6468,#6469,#6470,#6471,#6472,#6473,#6474,#6475,#6476,#6477,#6478,#6479),
 .UNSPECIFIED.,.F.,.F.,(4,2,2,2,2,2,2,2,4),(0.85737169266112,0.964543158411277,
1.07171462416143,1.17888608157656,1.28605753899168,1.39322899640681,1.50040045382193,
1.60757191957209,1.71474338532224),.UNSPECIFIED.);
#274=B_SPLINE_CURVE_WITH_KNOTS('',3,(#6480,#6481,#6482,#6483,#6484,#6485,
#6486,#6487,#6488,#6489,#6490,#6491,#6492,#6493,#6494,#6495,#6496,#6497),
 .UNSPECIFIED.,.F.,.F.,(4,2,2,2,2,2,2,2,4),(1.71474338532224,1.8219148510724,
1.92908631682256,2.03625777423768,2.1434292316528,2.25060068906793,2.35777214648305,
2.46494361223321,2.57211507798336),.UNSPECIFIED.);
#275=B_SPLINE_CURVE_WITH_KNOTS('',3,(#6505,#6506,#6507,#6508,#6509,#6510,
#6511,#6512,#6513,#6514,#6515,#6516,#6517,#6518,#6519,#6520,#6521,#6522),
 .UNSPECIFIED.,.F.,.F.,(4,2,2,2,2,2,2,2,4),(0.918627289452678,1.03345570651988,
1.14828412358708,1.26311252888305,1.37794093417903,1.492769339475,1.60759774477098,
1.72242616183818,1.83725457890537),.UNSPECIFIED.);
#276=B_SPLINE_CURVE_WITH_KNOTS('',3,(#6523,#6524,#6525,#6526,#6527,#6528,
#6529,#6530,#6531,#6532,#6533,#6534,#6535,#6536,#6537,#6538,#6539,#6540),
 .UNSPECIFIED.,.F.,.F.,(4,2,2,2,2,2,2,2,4),(1.83725457890537,1.95208299597257,
2.06691141303977,2.18173981833574,2.29656822363171,2.41139662892769,2.52622503422366,
2.64105345129086,2.75588186835805),.UNSPECIFIED.);
#277=B_SPLINE_CURVE_WITH_KNOTS('',3,(#6549,#6550,#6551,#6552,#6553,#6554,
#6555,#6556,#6557,#6558,#6559,#6560,#6561,#6562,#6563,#6564,#6565,#6566),
 .UNSPECIFIED.,.F.,.F.,(4,2,2,2,2,2,2,2,4),(-0.918627289452688,-0.803798872385491,
-0.688970455318294,-0.574142050022319,-0.459313644726344,-0.344485239430369,
-0.229656834134395,-0.114828417067197,0.),.UNSPECIFIED.);
#278=B_SPLINE_CURVE_WITH_KNOTS('',3,(#6567,#6568,#6569,#6570,#6571,#6572,
#6573,#6574,#6575,#6576,#6577,#6578,#6579,#6580,#6581,#6582,#6583,#6584),
 .UNSPECIFIED.,.F.,.F.,(4,2,2,2,2,2,2,2,4),(0.,0.114828417067197,0.229656834134395,
0.344485239430369,0.459313644726344,0.574142050022318,0.688970455318292,
0.80379887238549,0.918627289452687),.UNSPECIFIED.);
#279=B_SPLINE_CURVE_WITH_KNOTS('',3,(#6587,#6588,#6589,#6590,#6591,#6592,
#6593,#6594,#6595,#6596,#6597,#6598,#6599,#6600,#6601,#6602,#6603,#6604),
 .UNSPECIFIED.,.F.,.F.,(4,2,2,2,2,2,2,2,4),(-0.857371692661125,-0.750200226910967,
-0.64302876116081,-0.535857303745686,-0.428685846330562,-0.321514388915438,
-0.214342931500314,-0.107171465750157,0.),.UNSPECIFIED.);
#280=B_SPLINE_CURVE_WITH_KNOTS('',3,(#6605,#6606,#6607,#6608,#6609,#6610,
#6611,#6612,#6613,#6614,#6615,#6616,#6617,#6618,#6619,#6620,#6621,#6622),
 .UNSPECIFIED.,.F.,.F.,(4,2,2,2,2,2,2,2,4),(0.,0.107171465750157,0.214342931500315,
0.321514388915437,0.42868584633056,0.535857303745682,0.643028761160805,
0.750200226910962,0.857371692661119),.UNSPECIFIED.);
#281=B_SPLINE_CURVE_WITH_KNOTS('',3,(#6625,#6626,#6627,#6628,#6629,#6630,
#6631,#6632,#6633,#6634,#6635,#6636,#6637,#6638,#6639,#6640,#6641,#6642),
 .UNSPECIFIED.,.F.,.F.,(4,2,2,2,2,2,2,2,4),(0.857397925645026,0.964567260441031,
1.07173659523704,1.17889702471197,1.28605745418691,1.39325373220709,1.50045001022728,
1.60762293054958,1.71479585087188),.UNSPECIFIED.);
#282=B_SPLINE_CURVE_WITH_KNOTS('',3,(#6643,#6644,#6645,#6646,#6647,#6648,
#6649,#6650,#6651,#6652,#6653,#6654,#6655,#6656,#6657,#6658,#6659,#6660),
 .UNSPECIFIED.,.F.,.F.,(4,2,2,2,2,2,2,2,4),(1.71479585087188,1.82197652672312,
1.92915720257436,2.03634572521392,2.14353424785349,2.25069900195891,2.35786375606432,
2.46502876629062,2.57219377651691),.UNSPECIFIED.);
#283=B_SPLINE_CURVE_WITH_KNOTS('',3,(#6663,#6664,#6665,#6666,#6667,#6668,
#6669,#6670,#6671,#6672,#6673,#6674,#6675,#6676,#6677,#6678,#6679,#6680),
 .UNSPECIFIED.,.F.,.F.,(4,2,2,2,2,2,2,2,4),(0.857397925226859,0.964570845549163,
1.07174376587147,1.17894004389165,1.28613632191184,1.39329675138677,1.50045718086171,
1.60762651565771,1.71479585045372),.UNSPECIFIED.);
#284=B_SPLINE_CURVE_WITH_KNOTS('',3,(#6681,#6682,#6683,#6684,#6685,#6686,
#6687,#6688,#6689,#6690,#6691,#6692,#6693,#6694,#6695,#6696,#6697,#6698),
 .UNSPECIFIED.,.F.,.F.,(4,2,2,2,2,2,2,2,4),(1.71479585045372,1.82196518524972,
1.92913452004573,2.03629494952067,2.1434553789956,2.25065165701579,2.35784793503597,
2.46502085535827,2.57219377568058),.UNSPECIFIED.);
#285=B_SPLINE_CURVE_WITH_KNOTS('',3,(#6701,#6702,#6703,#6704,#6705,#6706,
#6707,#6708,#6709,#6710,#6711,#6712,#6713,#6714,#6715,#6716,#6717,#6718),
 .UNSPECIFIED.,.F.,.F.,(4,2,2,2,2,2,2,2,4),(0.857397925226858,0.964570845549161,
1.07174376587146,1.17894004389165,1.28613632191183,1.39329675138677,1.5004571808617,
1.60762651565771,1.71479585045372),.UNSPECIFIED.);
#286=B_SPLINE_CURVE_WITH_KNOTS('',3,(#6719,#6720,#6721,#6722,#6723,#6724,
#6725,#6726,#6727,#6728,#6729,#6730,#6731,#6732,#6733,#6734,#6735,#6736),
 .UNSPECIFIED.,.F.,.F.,(4,2,2,2,2,2,2,2,4),(1.71479585045372,1.82196518524972,
1.92913452004573,2.03629494952066,2.1434553789956,2.25065165701578,2.35784793503597,
2.46502085535827,2.57219377568058),.UNSPECIFIED.);
#287=B_SPLINE_CURVE_WITH_KNOTS('',3,(#6739,#6740,#6741,#6742,#6743,#6744,
#6745,#6746,#6747,#6748,#6749,#6750,#6751,#6752,#6753,#6754,#6755,#6756),
 .UNSPECIFIED.,.F.,.F.,(4,2,2,2,2,2,2,2,4),(0.857397925645025,0.964570845967327,
1.07174376628963,1.17894004430981,1.28613632233,1.39329675180494,1.50045718127987,
1.60762651607588,1.71479585087188),.UNSPECIFIED.);
#288=B_SPLINE_CURVE_WITH_KNOTS('',3,(#6757,#6758,#6759,#6760,#6761,#6762,
#6763,#6764,#6765,#6766,#6767,#6768,#6769,#6770,#6771,#6772,#6773,#6774),
 .UNSPECIFIED.,.F.,.F.,(4,2,2,2,2,2,2,2,4),(1.71479585087188,1.82196086109817,
1.92912587132446,2.03629062542988,2.1434553795353,2.25064390217486,2.35783242481442,
2.46501310066567,2.57219377651691),.UNSPECIFIED.);
#289=B_SPLINE_CURVE_WITH_KNOTS('',3,(#6777,#6778,#6779,#6780,#6781,#6782,
#6783,#6784,#6785,#6786,#6787,#6788,#6789,#6790,#6791,#6792,#6793,#6794),
 .UNSPECIFIED.,.F.,.F.,(4,2,2,2,2,2,2,2,4),(0.857397925226858,0.964567260022864,
1.07173659481887,1.1788970242938,1.28605745376874,1.39325373178893,1.50045000980911,
1.60762293013141,1.71479585045372),.UNSPECIFIED.);
#290=B_SPLINE_CURVE_WITH_KNOTS('',3,(#6795,#6796,#6797,#6798,#6799,#6800,
#6801,#6802,#6803,#6804,#6805,#6806,#6807,#6808,#6809,#6810,#6811,#6812),
 .UNSPECIFIED.,.F.,.F.,(4,2,2,2,2,2,2,2,4),(1.71479585045372,1.82196877077602,
1.92914169109832,2.03633796911851,2.14353424713869,2.25069467661363,2.35785510608856,
2.46502444088457,2.57219377568057),.UNSPECIFIED.);
#291=B_SPLINE_CURVE_WITH_KNOTS('',3,(#6815,#6816,#6817,#6818,#6819,#6820,
#6821,#6822,#6823,#6824,#6825,#6826,#6827,#6828,#6829,#6830,#6831,#6832),
 .UNSPECIFIED.,.F.,.F.,(4,2,2,2,2,2,2,2,4),(0.857397925226859,0.964567260022865,
1.07173659481887,1.17889702429381,1.28605745376874,1.39325373178893,1.50045000980911,
1.60762293013141,1.71479585045372),.UNSPECIFIED.);
#292=B_SPLINE_CURVE_WITH_KNOTS('',3,(#6833,#6834,#6835,#6836,#6837,#6838,
#6839,#6840,#6841,#6842,#6843,#6844,#6845,#6846,#6847,#6848,#6849,#6850),
 .UNSPECIFIED.,.F.,.F.,(4,2,2,2,2,2,2,2,4),(1.71479585045372,1.82196877077602,
1.92914169109832,2.03633796911851,2.14353424713869,2.25069467661363,2.35785510608856,
2.46502444088457,2.57219377568058),.UNSPECIFIED.);
#293=B_SPLINE_CURVE_WITH_KNOTS('',3,(#6853,#6854,#6855,#6856,#6857,#6858,
#6859,#6860,#6861,#6862,#6863,#6864,#6865,#6866,#6867,#6868,#6869,#6870),
 .UNSPECIFIED.,.F.,.F.,(4,2,2,2,2,2,2,2,4),(0.857397925226859,0.964570845549162,
1.07174376587146,1.17894004389165,1.28613632191183,1.39329675138677,1.50045718086171,
1.60762651565771,1.71479585045372),.UNSPECIFIED.);
#294=B_SPLINE_CURVE_WITH_KNOTS('',3,(#6871,#6872,#6873,#6874,#6875,#6876,
#6877,#6878,#6879,#6880,#6881,#6882,#6883,#6884,#6885,#6886,#6887,#6888),
 .UNSPECIFIED.,.F.,.F.,(4,2,2,2,2,2,2,2,4),(1.71479585045372,1.82196518524972,
1.92913452004573,2.03629494952066,2.1434553789956,2.25065165701579,2.35784793503597,
2.46502085535827,2.57219377568058),.UNSPECIFIED.);
#295=B_SPLINE_CURVE_WITH_KNOTS('',3,(#6891,#6892,#6893,#6894,#6895,#6896,
#6897,#6898,#6899,#6900,#6901,#6902,#6903,#6904,#6905,#6906,#6907,#6908),
 .UNSPECIFIED.,.F.,.F.,(4,2,2,2,2,2,2,2,4),(0.857397925645025,0.964570845967328,
1.07174376628963,1.17894004430982,1.28613632233,1.39329675180494,1.50045718127987,
1.60762651607588,1.71479585087188),.UNSPECIFIED.);
#296=B_SPLINE_CURVE_WITH_KNOTS('',3,(#6909,#6910,#6911,#6912,#6913,#6914,
#6915,#6916,#6917,#6918,#6919,#6920,#6921,#6922,#6923,#6924,#6925,#6926),
 .UNSPECIFIED.,.F.,.F.,(4,2,2,2,2,2,2,2,4),(1.71479585087188,1.82196086109817,
1.92912587132447,2.03629062542988,2.1434553795353,2.25064390217486,2.35783242481443,
2.46501310066567,2.57219377651691),.UNSPECIFIED.);
#297=B_SPLINE_CURVE_WITH_KNOTS('',3,(#6929,#6930,#6931,#6932,#6933,#6934,
#6935,#6936,#6937,#6938,#6939,#6940,#6941,#6942,#6943,#6944,#6945,#6946),
 .UNSPECIFIED.,.F.,.F.,(4,2,2,2,2,2,2,2,4),(0.85739792522686,0.964570845549163,
1.07174376587147,1.17894004389165,1.28613632191184,1.39329675138677,1.50045718086171,
1.60762651565771,1.71479585045372),.UNSPECIFIED.);
#298=B_SPLINE_CURVE_WITH_KNOTS('',3,(#6947,#6948,#6949,#6950,#6951,#6952,
#6953,#6954,#6955,#6956,#6957,#6958,#6959,#6960,#6961,#6962,#6963,#6964),
 .UNSPECIFIED.,.F.,.F.,(4,2,2,2,2,2,2,2,4),(1.71479585045372,1.82196518524973,
1.92913452004573,2.03629494952067,2.1434553789956,2.25065165701579,2.35784793503597,
2.46502085535828,2.57219377568058),.UNSPECIFIED.);
#299=B_SPLINE_CURVE_WITH_KNOTS('',3,(#6967,#6968,#6969,#6970,#6971,#6972,
#6973,#6974,#6975,#6976,#6977,#6978,#6979,#6980,#6981,#6982,#6983,#6984),
 .UNSPECIFIED.,.F.,.F.,(4,2,2,2,2,2,2,2,4),(0.857397925226859,0.964567260022865,
1.07173659481887,1.17889702429381,1.28605745376874,1.39325373178893,1.50045000980911,
1.60762293013142,1.71479585045372),.UNSPECIFIED.);
#300=B_SPLINE_CURVE_WITH_KNOTS('',3,(#6985,#6986,#6987,#6988,#6989,#6990,
#6991,#6992,#6993,#6994,#6995,#6996,#6997,#6998,#6999,#7000,#7001,#7002),
 .UNSPECIFIED.,.F.,.F.,(4,2,2,2,2,2,2,2,4),(1.71479585045372,1.82196877077602,
1.92914169109832,2.03633796911851,2.1435342471387,2.25069467661363,2.35785510608857,
2.46502444088457,2.57219377568058),.UNSPECIFIED.);
#301=B_SPLINE_CURVE_WITH_KNOTS('',3,(#7005,#7006,#7007,#7008,#7009,#7010,
#7011,#7012,#7013,#7014,#7015,#7016,#7017,#7018,#7019,#7020,#7021,#7022),
 .UNSPECIFIED.,.F.,.F.,(4,2,2,2,2,2,2,2,4),(0.857397925645031,0.964567260441036,
1.07173659523704,1.17889702471198,1.28605745418691,1.3932537322071,1.50045001022728,
1.60762293054958,1.71479585087189),.UNSPECIFIED.);
#302=B_SPLINE_CURVE_WITH_KNOTS('',3,(#7023,#7024,#7025,#7026,#7027,#7028,
#7029,#7030,#7031,#7032,#7033,#7034,#7035,#7036,#7037,#7038,#7039,#7040),
 .UNSPECIFIED.,.F.,.F.,(4,2,2,2,2,2,2,2,4),(1.71479585087189,1.82197652672313,
1.92915720257437,2.03634572521393,2.14353424785349,2.25069900195891,2.35786375606433,
2.46502876629062,2.57219377651692),.UNSPECIFIED.);
#303=B_SPLINE_CURVE_WITH_KNOTS('',3,(#7043,#7044,#7045,#7046,#7047,#7048,
#7049,#7050,#7051,#7052,#7053,#7054,#7055,#7056,#7057,#7058,#7059,#7060),
 .UNSPECIFIED.,.F.,.F.,(4,2,2,2,2,2,2,2,4),(0.857397925226861,0.964567260022867,
1.07173659481887,1.17889702429381,1.28605745376874,1.39325373178893,1.50045000980911,
1.60762293013142,1.71479585045372),.UNSPECIFIED.);
#304=B_SPLINE_CURVE_WITH_KNOTS('',3,(#7061,#7062,#7063,#7064,#7065,#7066,
#7067,#7068,#7069,#7070,#7071,#7072,#7073,#7074,#7075,#7076,#7077,#7078),
 .UNSPECIFIED.,.F.,.F.,(4,2,2,2,2,2,2,2,4),(1.71479585045372,1.82196877077602,
1.92914169109833,2.03633796911851,2.1435342471387,2.25069467661363,2.35785510608857,
2.46502444088458,2.57219377568058),.UNSPECIFIED.);
#305=B_SPLINE_CURVE_WITH_KNOTS('',3,(#7081,#7082,#7083,#7084,#7085,#7086,
#7087,#7088,#7089,#7090,#7091,#7092,#7093,#7094,#7095,#7096,#7097,#7098),
 .UNSPECIFIED.,.F.,.F.,(4,2,2,2,2,2,2,2,4),(0.857397925226858,0.964570845549161,
1.07174376587146,1.17894004389165,1.28613632191183,1.39329675138677,1.5004571808617,
1.60762651565771,1.71479585045372),.UNSPECIFIED.);
#306=B_SPLINE_CURVE_WITH_KNOTS('',3,(#7099,#7100,#7101,#7102,#7103,#7104,
#7105,#7106,#7107,#7108,#7109,#7110,#7111,#7112,#7113,#7114,#7115,#7116),
 .UNSPECIFIED.,.F.,.F.,(4,2,2,2,2,2,2,2,4),(1.71479585045372,1.82196518524972,
1.92913452004573,2.03629494952066,2.1434553789956,2.25065165701578,2.35784793503597,
2.46502085535827,2.57219377568057),.UNSPECIFIED.);
#307=B_SPLINE_CURVE_WITH_KNOTS('',3,(#7119,#7120,#7121,#7122,#7123,#7124,
#7125,#7126,#7127,#7128,#7129,#7130,#7131,#7132,#7133,#7134,#7135,#7136),
 .UNSPECIFIED.,.F.,.F.,(4,2,2,2,2,2,2,2,4),(0.857397925645027,0.964570845967329,
1.07174376628963,1.17894004430982,1.28613632233,1.39329675180494,1.50045718127987,
1.60762651607588,1.71479585087188),.UNSPECIFIED.);
#308=B_SPLINE_CURVE_WITH_KNOTS('',3,(#7137,#7138,#7139,#7140,#7141,#7142,
#7143,#7144,#7145,#7146,#7147,#7148,#7149,#7150,#7151,#7152,#7153,#7154),
 .UNSPECIFIED.,.F.,.F.,(4,2,2,2,2,2,2,2,4),(1.71479585087188,1.82196086109817,
1.92912587132447,2.03629062542988,2.1434553795353,2.25064390217486,2.35783242481443,
2.46501310066567,2.57219377651691),.UNSPECIFIED.);
#309=B_SPLINE_CURVE_WITH_KNOTS('',3,(#7157,#7158,#7159,#7160,#7161,#7162,
#7163,#7164,#7165,#7166,#7167,#7168,#7169,#7170,#7171,#7172,#7173,#7174),
 .UNSPECIFIED.,.F.,.F.,(4,2,2,2,2,2,2,2,4),(0.857397925226859,0.964570845549162,
1.07174376587147,1.17894004389165,1.28613632191183,1.39329675138677,1.50045718086171,
1.60762651565771,1.71479585045372),.UNSPECIFIED.);
#310=B_SPLINE_CURVE_WITH_KNOTS('',3,(#7175,#7176,#7177,#7178,#7179,#7180,
#7181,#7182,#7183,#7184,#7185,#7186,#7187,#7188,#7189,#7190,#7191,#7192),
 .UNSPECIFIED.,.F.,.F.,(4,2,2,2,2,2,2,2,4),(1.71479585045372,1.82196518524972,
1.92913452004573,2.03629494952067,2.1434553789956,2.25065165701579,2.35784793503597,
2.46502085535827,2.57219377568058),.UNSPECIFIED.);
#311=B_SPLINE_CURVE_WITH_KNOTS('',3,(#7195,#7196,#7197,#7198,#7199,#7200,
#7201,#7202,#7203,#7204,#7205,#7206,#7207,#7208,#7209,#7210,#7211,#7212),
 .UNSPECIFIED.,.F.,.F.,(4,2,2,2,2,2,2,2,4),(0.857397925226859,0.964567260022865,
1.07173659481887,1.17889702429381,1.28605745376874,1.39325373178893,1.50045000980911,
1.60762293013141,1.71479585045372),.UNSPECIFIED.);
#312=B_SPLINE_CURVE_WITH_KNOTS('',3,(#7213,#7214,#7215,#7216,#7217,#7218,
#7219,#7220,#7221,#7222,#7223,#7224,#7225,#7226,#7227,#7228,#7229,#7230),
 .UNSPECIFIED.,.F.,.F.,(4,2,2,2,2,2,2,2,4),(1.71479585045372,1.82196877077602,
1.92914169109832,2.03633796911851,2.14353424713869,2.25069467661363,2.35785510608856,
2.46502444088457,2.57219377568058),.UNSPECIFIED.);
#313=B_SPLINE_CURVE_WITH_KNOTS('',3,(#7233,#7234,#7235,#7236,#7237,#7238,
#7239,#7240,#7241,#7242,#7243,#7244,#7245,#7246,#7247,#7248,#7249,#7250),
 .UNSPECIFIED.,.F.,.F.,(4,2,2,2,2,2,2,2,4),(0.857397925645026,0.964567260441031,
1.07173659523704,1.17889702471197,1.28605745418691,1.39325373220709,1.50045001022728,
1.60762293054958,1.71479585087188),.UNSPECIFIED.);
#314=B_SPLINE_CURVE_WITH_KNOTS('',3,(#7251,#7252,#7253,#7254,#7255,#7256,
#7257,#7258,#7259,#7260,#7261,#7262,#7263,#7264,#7265,#7266,#7267,#7268),
 .UNSPECIFIED.,.F.,.F.,(4,2,2,2,2,2,2,2,4),(1.71479585087188,1.82197652672312,
1.92915720257436,2.03634572521393,2.14353424785349,2.25069900195891,2.35786375606432,
2.46502876629062,2.57219377651691),.UNSPECIFIED.);
#315=B_SPLINE_CURVE_WITH_KNOTS('',3,(#7271,#7272,#7273,#7274,#7275,#7276,
#7277,#7278,#7279,#7280,#7281,#7282,#7283,#7284,#7285,#7286,#7287,#7288),
 .UNSPECIFIED.,.F.,.F.,(4,2,2,2,2,2,2,2,4),(0.85739792522686,0.964567260022866,
1.07173659481887,1.17889702429381,1.28605745376874,1.39325373178893,1.50045000980911,
1.60762293013142,1.71479585045372),.UNSPECIFIED.);
#316=B_SPLINE_CURVE_WITH_KNOTS('',3,(#7289,#7290,#7291,#7292,#7293,#7294,
#7295,#7296,#7297,#7298,#7299,#7300,#7301,#7302,#7303,#7304,#7305,#7306),
 .UNSPECIFIED.,.F.,.F.,(4,2,2,2,2,2,2,2,4),(1.71479585045372,1.82196877077602,
1.92914169109833,2.03633796911851,2.1435342471387,2.25069467661363,2.35785510608857,
2.46502444088457,2.57219377568058),.UNSPECIFIED.);
#317=B_SPLINE_CURVE_WITH_KNOTS('',3,(#7309,#7310,#7311,#7312,#7313,#7314,
#7315,#7316,#7317,#7318,#7319,#7320,#7321,#7322,#7323,#7324,#7325,#7326),
 .UNSPECIFIED.,.F.,.F.,(4,2,2,2,2,2,2,2,4),(0.857397925226859,0.964570845549162,
1.07174376587147,1.17894004389165,1.28613632191184,1.39329675138677,1.50045718086171,
1.60762651565771,1.71479585045372),.UNSPECIFIED.);
#318=B_SPLINE_CURVE_WITH_KNOTS('',3,(#7327,#7328,#7329,#7330,#7331,#7332,
#7333,#7334,#7335,#7336,#7337,#7338,#7339,#7340,#7341,#7342,#7343,#7344),
 .UNSPECIFIED.,.F.,.F.,(4,2,2,2,2,2,2,2,4),(1.71479585045372,1.82196518524972,
1.92913452004573,2.03629494952067,2.1434553789956,2.25065165701579,2.35784793503597,
2.46502085535827,2.57219377568058),.UNSPECIFIED.);
#319=B_SPLINE_CURVE_WITH_KNOTS('',3,(#7347,#7348,#7349,#7350,#7351,#7352,
#7353,#7354,#7355,#7356,#7357,#7358,#7359,#7360,#7361,#7362,#7363,#7364),
 .UNSPECIFIED.,.F.,.F.,(4,2,2,2,2,2,2,2,4),(0.857397925645026,0.964570845967329,
1.07174376628963,1.17894004430982,1.28613632233,1.39329675180494,1.50045718127987,
1.60762651607588,1.71479585087188),.UNSPECIFIED.);
#320=B_SPLINE_CURVE_WITH_KNOTS('',3,(#7365,#7366,#7367,#7368,#7369,#7370,
#7371,#7372,#7373,#7374,#7375,#7376,#7377,#7378,#7379,#7380,#7381,#7382),
 .UNSPECIFIED.,.F.,.F.,(4,2,2,2,2,2,2,2,4),(1.71479585087188,1.82196086109818,
1.92912587132447,2.03629062542988,2.1434553795353,2.25064390217486,2.35783242481443,
2.46501310066567,2.57219377651691),.UNSPECIFIED.);
#321=B_SPLINE_CURVE_WITH_KNOTS('',3,(#7385,#7386,#7387,#7388,#7389,#7390,
#7391,#7392,#7393,#7394,#7395,#7396,#7397,#7398,#7399,#7400,#7401,#7402),
 .UNSPECIFIED.,.F.,.F.,(4,2,2,2,2,2,2,2,4),(0.85739792522686,0.964570845549164,
1.07174376587147,1.17894004389165,1.28613632191184,1.39329675138677,1.50045718086171,
1.60762651565771,1.71479585045372),.UNSPECIFIED.);
#322=B_SPLINE_CURVE_WITH_KNOTS('',3,(#7403,#7404,#7405,#7406,#7407,#7408,
#7409,#7410,#7411,#7412,#7413,#7414,#7415,#7416,#7417,#7418,#7419,#7420),
 .UNSPECIFIED.,.F.,.F.,(4,2,2,2,2,2,2,2,4),(1.71479585045372,1.82196518524973,
1.92913452004573,2.03629494952067,2.1434553789956,2.25065165701579,2.35784793503597,
2.46502085535828,2.57219377568058),.UNSPECIFIED.);
#323=B_SPLINE_CURVE_WITH_KNOTS('',3,(#7423,#7424,#7425,#7426,#7427,#7428,
#7429,#7430,#7431,#7432,#7433,#7434,#7435,#7436,#7437,#7438,#7439,#7440),
 .UNSPECIFIED.,.F.,.F.,(4,2,2,2,2,2,2,2,4),(0.857397925226858,0.964567260022864,
1.07173659481887,1.17889702429381,1.28605745376874,1.39325373178893,1.50045000980911,
1.60762293013141,1.71479585045372),.UNSPECIFIED.);
#324=B_SPLINE_CURVE_WITH_KNOTS('',3,(#7441,#7442,#7443,#7444,#7445,#7446,
#7447,#7448,#7449,#7450,#7451,#7452,#7453,#7454,#7455,#7456,#7457,#7458),
 .UNSPECIFIED.,.F.,.F.,(4,2,2,2,2,2,2,2,4),(1.71479585045372,1.82196877077602,
1.92914169109832,2.03633796911851,2.14353424713869,2.25069467661363,2.35785510608856,
2.46502444088457,2.57219377568057),.UNSPECIFIED.);
#325=B_SPLINE_CURVE_WITH_KNOTS('',3,(#7461,#7462,#7463,#7464,#7465,#7466,
#7467,#7468,#7469,#7470,#7471,#7472,#7473,#7474,#7475,#7476,#7477,#7478),
 .UNSPECIFIED.,.F.,.F.,(4,2,2,2,2,2,2,2,4),(0.857397925645026,0.964567260441031,
1.07173659523704,1.17889702471197,1.28605745418691,1.39325373220709,1.50045001022728,
1.60762293054958,1.71479585087188),.UNSPECIFIED.);
#326=B_SPLINE_CURVE_WITH_KNOTS('',3,(#7479,#7480,#7481,#7482,#7483,#7484,
#7485,#7486,#7487,#7488,#7489,#7490,#7491,#7492,#7493,#7494,#7495,#7496),
 .UNSPECIFIED.,.F.,.F.,(4,2,2,2,2,2,2,2,4),(1.71479585087188,1.82197652672312,
1.92915720257436,2.03634572521392,2.14353424785349,2.25069900195891,2.35786375606432,
2.46502876629062,2.57219377651691),.UNSPECIFIED.);
#327=B_SPLINE_CURVE_WITH_KNOTS('',3,(#7499,#7500,#7501,#7502,#7503,#7504,
#7505,#7506,#7507,#7508,#7509,#7510,#7511,#7512,#7513,#7514,#7515,#7516),
 .UNSPECIFIED.,.F.,.F.,(4,2,2,2,2,2,2,2,4),(0.857397925226859,0.964567260022865,
1.07173659481887,1.17889702429381,1.28605745376874,1.39325373178893,1.50045000980911,
1.60762293013141,1.71479585045372),.UNSPECIFIED.);
#328=B_SPLINE_CURVE_WITH_KNOTS('',3,(#7517,#7518,#7519,#7520,#7521,#7522,
#7523,#7524,#7525,#7526,#7527,#7528,#7529,#7530,#7531,#7532,#7533,#7534),
 .UNSPECIFIED.,.F.,.F.,(4,2,2,2,2,2,2,2,4),(1.71479585045372,1.82196877077602,
1.92914169109832,2.03633796911851,2.14353424713869,2.25069467661363,2.35785510608856,
2.46502444088457,2.57219377568058),.UNSPECIFIED.);
#329=B_SPLINE_CURVE_WITH_KNOTS('',3,(#7537,#7538,#7539,#7540,#7541,#7542,
#7543,#7544,#7545,#7546,#7547,#7548,#7549,#7550,#7551,#7552,#7553,#7554),
 .UNSPECIFIED.,.F.,.F.,(4,2,2,2,2,2,2,2,4),(0.857397925226859,0.964570845549162,
1.07174376587146,1.17894004389165,1.28613632191184,1.39329675138677,1.50045718086171,
1.60762651565771,1.71479585045372),.UNSPECIFIED.);
#330=B_SPLINE_CURVE_WITH_KNOTS('',3,(#7555,#7556,#7557,#7558,#7559,#7560,
#7561,#7562,#7563,#7564,#7565,#7566,#7567,#7568,#7569,#7570,#7571,#7572),
 .UNSPECIFIED.,.F.,.F.,(4,2,2,2,2,2,2,2,4),(1.71479585045372,1.82196518524972,
1.92913452004573,2.03629494952067,2.1434553789956,2.25065165701579,2.35784793503597,
2.46502085535827,2.57219377568058),.UNSPECIFIED.);
#331=B_SPLINE_CURVE_WITH_KNOTS('',3,(#7575,#7576,#7577,#7578,#7579,#7580,
#7581,#7582,#7583,#7584,#7585,#7586,#7587,#7588,#7589,#7590,#7591,#7592),
 .UNSPECIFIED.,.F.,.F.,(4,2,2,2,2,2,2,2,4),(0.857397925645025,0.964570845967328,
1.07174376628963,1.17894004430982,1.28613632233,1.39329675180494,1.50045718127987,
1.60762651607588,1.71479585087188),.UNSPECIFIED.);
#332=B_SPLINE_CURVE_WITH_KNOTS('',3,(#7593,#7594,#7595,#7596,#7597,#7598,
#7599,#7600,#7601,#7602,#7603,#7604,#7605,#7606,#7607,#7608,#7609,#7610),
 .UNSPECIFIED.,.F.,.F.,(4,2,2,2,2,2,2,2,4),(1.71479585087188,1.82196086109817,
1.92912587132447,2.03629062542988,2.1434553795353,2.25064390217486,2.35783242481443,
2.46501310066567,2.57219377651691),.UNSPECIFIED.);
#333=B_SPLINE_CURVE_WITH_KNOTS('',3,(#7613,#7614,#7615,#7616,#7617,#7618,
#7619,#7620,#7621,#7622,#7623,#7624,#7625,#7626,#7627,#7628,#7629,#7630),
 .UNSPECIFIED.,.F.,.F.,(4,2,2,2,2,2,2,2,4),(0.85739792522686,0.964570845549164,
1.07174376587147,1.17894004389165,1.28613632191184,1.39329675138677,1.50045718086171,
1.60762651565771,1.71479585045372),.UNSPECIFIED.);
#334=B_SPLINE_CURVE_WITH_KNOTS('',3,(#7631,#7632,#7633,#7634,#7635,#7636,
#7637,#7638,#7639,#7640,#7641,#7642,#7643,#7644,#7645,#7646,#7647,#7648),
 .UNSPECIFIED.,.F.,.F.,(4,2,2,2,2,2,2,2,4),(1.71479585045372,1.82196518524973,
1.92913452004573,2.03629494952067,2.1434553789956,2.25065165701579,2.35784793503597,
2.46502085535828,2.57219377568058),.UNSPECIFIED.);
#335=B_SPLINE_CURVE_WITH_KNOTS('',3,(#7651,#7652,#7653,#7654,#7655,#7656,
#7657,#7658,#7659,#7660,#7661,#7662,#7663,#7664,#7665,#7666,#7667,#7668),
 .UNSPECIFIED.,.F.,.F.,(4,2,2,2,2,2,2,2,4),(0.857397925226859,0.964567260022865,
1.07173659481887,1.17889702429381,1.28605745376874,1.39325373178893,1.50045000980911,
1.60762293013141,1.71479585045372),.UNSPECIFIED.);
#336=B_SPLINE_CURVE_WITH_KNOTS('',3,(#7669,#7670,#7671,#7672,#7673,#7674,
#7675,#7676,#7677,#7678,#7679,#7680,#7681,#7682,#7683,#7684,#7685,#7686),
 .UNSPECIFIED.,.F.,.F.,(4,2,2,2,2,2,2,2,4),(1.71479585045372,1.82196877077602,
1.92914169109832,2.03633796911851,2.14353424713869,2.25069467661363,2.35785510608856,
2.46502444088457,2.57219377568058),.UNSPECIFIED.);
#337=B_SPLINE_CURVE_WITH_KNOTS('',3,(#7689,#7690,#7691,#7692,#7693,#7694,
#7695,#7696,#7697,#7698,#7699,#7700,#7701,#7702,#7703,#7704,#7705,#7706),
 .UNSPECIFIED.,.F.,.F.,(4,2,2,2,2,2,2,2,4),(0.857397925645031,0.964567260441036,
1.07173659523704,1.17889702471198,1.28605745418691,1.3932537322071,1.50045001022728,
1.60762293054958,1.71479585087189),.UNSPECIFIED.);
#338=B_SPLINE_CURVE_WITH_KNOTS('',3,(#7707,#7708,#7709,#7710,#7711,#7712,
#7713,#7714,#7715,#7716,#7717,#7718,#7719,#7720,#7721,#7722,#7723,#7724),
 .UNSPECIFIED.,.F.,.F.,(4,2,2,2,2,2,2,2,4),(1.71479585087189,1.82197652672313,
1.92915720257437,2.03634572521393,2.14353424785349,2.25069900195891,2.35786375606433,
2.46502876629062,2.57219377651692),.UNSPECIFIED.);
#339=B_SPLINE_CURVE_WITH_KNOTS('',3,(#7727,#7728,#7729,#7730,#7731,#7732,
#7733,#7734,#7735,#7736,#7737,#7738,#7739,#7740,#7741,#7742,#7743,#7744),
 .UNSPECIFIED.,.F.,.F.,(4,2,2,2,2,2,2,2,4),(0.85739792522686,0.964567260022866,
1.07173659481887,1.17889702429381,1.28605745376874,1.39325373178893,1.50045000980911,
1.60762293013142,1.71479585045372),.UNSPECIFIED.);
#340=B_SPLINE_CURVE_WITH_KNOTS('',3,(#7745,#7746,#7747,#7748,#7749,#7750,
#7751,#7752,#7753,#7754,#7755,#7756,#7757,#7758,#7759,#7760,#7761,#7762),
 .UNSPECIFIED.,.F.,.F.,(4,2,2,2,2,2,2,2,4),(1.71479585045372,1.82196877077602,
1.92914169109833,2.03633796911851,2.1435342471387,2.25069467661363,2.35785510608857,
2.46502444088457,2.57219377568058),.UNSPECIFIED.);
#341=B_SPLINE_CURVE_WITH_KNOTS('',3,(#7765,#7766,#7767,#7768,#7769,#7770,
#7771,#7772,#7773,#7774,#7775,#7776,#7777,#7778,#7779,#7780,#7781,#7782),
 .UNSPECIFIED.,.F.,.F.,(4,2,2,2,2,2,2,2,4),(0.857397925226858,0.964570845549161,
1.07174376587146,1.17894004389165,1.28613632191183,1.39329675138677,1.5004571808617,
1.60762651565771,1.71479585045372),.UNSPECIFIED.);
#342=B_SPLINE_CURVE_WITH_KNOTS('',3,(#7783,#7784,#7785,#7786,#7787,#7788,
#7789,#7790,#7791,#7792,#7793,#7794,#7795,#7796,#7797,#7798,#7799,#7800),
 .UNSPECIFIED.,.F.,.F.,(4,2,2,2,2,2,2,2,4),(1.71479585045372,1.82196518524972,
1.92913452004573,2.03629494952066,2.1434553789956,2.25065165701578,2.35784793503597,
2.46502085535827,2.57219377568058),.UNSPECIFIED.);
#343=B_SPLINE_CURVE_WITH_KNOTS('',3,(#7803,#7804,#7805,#7806,#7807,#7808,
#7809,#7810,#7811,#7812,#7813,#7814,#7815,#7816,#7817,#7818,#7819,#7820),
 .UNSPECIFIED.,.F.,.F.,(4,2,2,2,2,2,2,2,4),(0.857397925645027,0.964570845967329,
1.07174376628963,1.17894004430982,1.28613632233,1.39329675180494,1.50045718127987,
1.60762651607588,1.71479585087188),.UNSPECIFIED.);
#344=B_SPLINE_CURVE_WITH_KNOTS('',3,(#7821,#7822,#7823,#7824,#7825,#7826,
#7827,#7828,#7829,#7830,#7831,#7832,#7833,#7834,#7835,#7836,#7837,#7838),
 .UNSPECIFIED.,.F.,.F.,(4,2,2,2,2,2,2,2,4),(1.71479585087188,1.82196086109817,
1.92912587132447,2.03629062542988,2.1434553795353,2.25064390217487,2.35783242481443,
2.46501310066567,2.57219377651691),.UNSPECIFIED.);
#345=B_SPLINE_CURVE_WITH_KNOTS('',3,(#7841,#7842,#7843,#7844,#7845,#7846,
#7847,#7848,#7849,#7850,#7851,#7852,#7853,#7854,#7855,#7856,#7857,#7858),
 .UNSPECIFIED.,.F.,.F.,(4,2,2,2,2,2,2,2,4),(0.857397925226859,0.964570845549162,
1.07174376587147,1.17894004389165,1.28613632191183,1.39329675138677,1.5004571808617,
1.60762651565771,1.71479585045372),.UNSPECIFIED.);
#346=B_SPLINE_CURVE_WITH_KNOTS('',3,(#7859,#7860,#7861,#7862,#7863,#7864,
#7865,#7866,#7867,#7868,#7869,#7870,#7871,#7872,#7873,#7874,#7875,#7876),
 .UNSPECIFIED.,.F.,.F.,(4,2,2,2,2,2,2,2,4),(1.71479585045372,1.82196518524972,
1.92913452004573,2.03629494952067,2.1434553789956,2.25065165701578,2.35784793503597,
2.46502085535827,2.57219377568058),.UNSPECIFIED.);
#347=B_SPLINE_CURVE_WITH_KNOTS('',3,(#7879,#7880,#7881,#7882,#7883,#7884,
#7885,#7886,#7887,#7888,#7889,#7890,#7891,#7892,#7893,#7894,#7895,#7896),
 .UNSPECIFIED.,.F.,.F.,(4,2,2,2,2,2,2,2,4),(0.857397925226859,0.964567260022865,
1.07173659481887,1.17889702429381,1.28605745376874,1.39325373178893,1.50045000980911,
1.60762293013141,1.71479585045372),.UNSPECIFIED.);
#348=B_SPLINE_CURVE_WITH_KNOTS('',3,(#7897,#7898,#7899,#7900,#7901,#7902,
#7903,#7904,#7905,#7906,#7907,#7908,#7909,#7910,#7911,#7912,#7913,#7914),
 .UNSPECIFIED.,.F.,.F.,(4,2,2,2,2,2,2,2,4),(1.71479585045372,1.82196877077602,
1.92914169109832,2.03633796911851,2.14353424713869,2.25069467661363,2.35785510608856,
2.46502444088457,2.57219377568058),.UNSPECIFIED.);
#349=B_SPLINE_CURVE_WITH_KNOTS('',3,(#7917,#7918,#7919,#7920,#7921,#7922,
#7923,#7924,#7925,#7926,#7927,#7928,#7929,#7930,#7931,#7932,#7933,#7934),
 .UNSPECIFIED.,.F.,.F.,(4,2,2,2,2,2,2,2,4),(0.857397925645026,0.964567260441031,
1.07173659523704,1.17889702471197,1.28605745418691,1.39325373220709,1.50045001022728,
1.60762293054958,1.71479585087188),.UNSPECIFIED.);
#350=B_SPLINE_CURVE_WITH_KNOTS('',3,(#7935,#7936,#7937,#7938,#7939,#7940,
#7941,#7942,#7943,#7944,#7945,#7946,#7947,#7948,#7949,#7950,#7951,#7952),
 .UNSPECIFIED.,.F.,.F.,(4,2,2,2,2,2,2,2,4),(1.71479585087188,1.82197652672312,
1.92915720257436,2.03634572521393,2.14353424785349,2.25069900195891,2.35786375606432,
2.46502876629062,2.57219377651691),.UNSPECIFIED.);
#351=B_SPLINE_CURVE_WITH_KNOTS('',3,(#7955,#7956,#7957,#7958,#7959,#7960,
#7961,#7962,#7963,#7964,#7965,#7966,#7967,#7968,#7969,#7970,#7971,#7972),
 .UNSPECIFIED.,.F.,.F.,(4,2,2,2,2,2,2,2,4),(0.85739792522686,0.964567260022866,
1.07173659481887,1.17889702429381,1.28605745376874,1.39325373178893,1.50045000980911,
1.60762293013142,1.71479585045372),.UNSPECIFIED.);
#352=B_SPLINE_CURVE_WITH_KNOTS('',3,(#7973,#7974,#7975,#7976,#7977,#7978,
#7979,#7980,#7981,#7982,#7983,#7984,#7985,#7986,#7987,#7988,#7989,#7990),
 .UNSPECIFIED.,.F.,.F.,(4,2,2,2,2,2,2,2,4),(1.71479585045372,1.82196877077602,
1.92914169109833,2.03633796911851,2.1435342471387,2.25069467661363,2.35785510608857,
2.46502444088457,2.57219377568058),.UNSPECIFIED.);
#353=B_SPLINE_CURVE_WITH_KNOTS('',3,(#8249,#8250,#8251,#8252),
 .UNSPECIFIED.,.F.,.F.,(4,4),(0.0093844660670619,0.0104875390263756),
 .UNSPECIFIED.);
#354=B_SPLINE_CURVE_WITH_KNOTS('',3,(#8254,#8255,#8256,#8257),
 .UNSPECIFIED.,.F.,.F.,(4,4),(0.00937972888082268,0.0104822687663471),
 .UNSPECIFIED.);
#355=B_SPLINE_CURVE_WITH_KNOTS('',3,(#8260,#8261,#8262,#8263),
 .UNSPECIFIED.,.F.,.F.,(4,4),(0.00958339563893289,0.0107106713961543),
 .UNSPECIFIED.);
#356=B_SPLINE_CURVE_WITH_KNOTS('',3,(#8274,#8275,#8276,#8277),
 .UNSPECIFIED.,.F.,.F.,(4,4),(0.00957922481385188,0.0107073278690191),
 .UNSPECIFIED.);
#357=B_SPLINE_CURVE_WITH_KNOTS('',3,(#8287,#8288,#8289,#8290,#8291,#8292,
#8293,#8294,#8295,#8296,#8297,#8298,#8299,#8300,#8301,#8302,#8303,#8304),
 .UNSPECIFIED.,.F.,.F.,(4,2,2,2,2,2,2,2,4),(0.,0.0846811164287032,0.169362232857406,
0.254043346741264,0.338724460625122,0.423405574508979,0.508086688392837,
0.59276780482154,0.677448921250243),.UNSPECIFIED.);
#358=B_SPLINE_CURVE_WITH_KNOTS('',3,(#8305,#8306,#8307,#8308,#8309,#8310,
#8311,#8312,#8313,#8314,#8315,#8316,#8317,#8318,#8319,#8320,#8321,#8322),
 .UNSPECIFIED.,.F.,.F.,(4,2,2,2,2,2,2,2,4),(0.677448921250243,0.762130037678946,
0.846811154107649,0.931492267991507,1.01617338187536,1.10085449575922,1.18553560964308,
1.27021672607178,1.35489784250049),.UNSPECIFIED.);
#359=B_SPLINE_CURVE_WITH_KNOTS('',3,(#8325,#8326,#8327,#8328,#8329,#8330,
#8331,#8332,#8333,#8334,#8335,#8336,#8337,#8338,#8339,#8340,#8341,#8342),
 .UNSPECIFIED.,.F.,.F.,(4,2,2,2,2,2,2,2,4),(0.,0.0846811164287031,0.169362232857406,
0.254043346741264,0.338724460625121,0.423405574508979,0.508086688392836,
0.59276780482154,0.677448921250243),.UNSPECIFIED.);
#360=B_SPLINE_CURVE_WITH_KNOTS('',3,(#8343,#8344,#8345,#8346,#8347,#8348,
#8349,#8350,#8351,#8352,#8353,#8354,#8355,#8356,#8357,#8358,#8359,#8360),
 .UNSPECIFIED.,.F.,.F.,(4,2,2,2,2,2,2,2,4),(0.677448921250243,0.762130037678946,
0.846811154107649,0.931492267991507,1.01617338187536,1.10085449575922,1.18553560964308,
1.27021672607178,1.35489784250049),.UNSPECIFIED.);
#361=B_SPLINE_CURVE_WITH_KNOTS('',3,(#8369,#8370,#8371,#8372,#8373,#8374,
#8375,#8376,#8377,#8378,#8379,#8380,#8381,#8382,#8383,#8384,#8385,#8386),
 .UNSPECIFIED.,.F.,.F.,(4,2,2,2,2,2,2,2,4),(0.,0.0846806894745738,0.169361378949148,
0.254042066244926,0.338722753540705,0.423403440836484,0.508084128132262,
0.592764817606836,0.67744550708141),.UNSPECIFIED.);
#362=B_SPLINE_CURVE_WITH_KNOTS('',3,(#8387,#8388,#8389,#8390,#8391,#8392,
#8393,#8394,#8395,#8396,#8397,#8398,#8399,#8400,#8401,#8402,#8403,#8404),
 .UNSPECIFIED.,.F.,.F.,(4,2,2,2,2,2,2,2,4),(0.67744550708141,0.762126196555984,
0.846806886030557,0.931487573326336,1.01616826062211,1.10084894791789,1.18552963521367,
1.27021032468825,1.35489101416282),.UNSPECIFIED.);
#363=B_SPLINE_CURVE_WITH_KNOTS('',3,(#8407,#8408,#8409,#8410,#8411,#8412,
#8413,#8414,#8415,#8416,#8417,#8418,#8419,#8420,#8421,#8422,#8423,#8424),
 .UNSPECIFIED.,.F.,.F.,(4,2,2,2,2,2,2,2,4),(0.,0.0846806894745734,0.169361378949147,
0.254042066244926,0.338722753540704,0.423403440836483,0.508084128132262,
0.592764817606835,0.677445507081409),.UNSPECIFIED.);
#364=B_SPLINE_CURVE_WITH_KNOTS('',3,(#8425,#8426,#8427,#8428,#8429,#8430,
#8431,#8432,#8433,#8434,#8435,#8436,#8437,#8438,#8439,#8440,#8441,#8442),
 .UNSPECIFIED.,.F.,.F.,(4,2,2,2,2,2,2,2,4),(0.677445507081409,0.762126196555982,
0.846806886030556,0.931487573326334,1.01616826062211,1.10084894791789,1.18552963521367,
1.27021032468824,1.35489101416282),.UNSPECIFIED.);
#365=B_SPLINE_CURVE_WITH_KNOTS('',3,(#8583,#8584,#8585,#8586,#8587,#8588,
#8589,#8590,#8591,#8592,#8593,#8594,#8595,#8596,#8597,#8598,#8599,#8600),
 .UNSPECIFIED.,.F.,.F.,(4,2,2,2,2,2,2,2,4),(0.677469824066876,0.762147163460117,
0.846824502853357,0.931502314229315,1.01618012560527,1.10087277391215,1.18556542221902,
1.27025253528178,1.35493964834454),.UNSPECIFIED.);
#366=B_SPLINE_CURVE_WITH_KNOTS('',3,(#8601,#8602,#8603,#8604,#8605,#8606,
#8607,#8608,#8609,#8610,#8611,#8612,#8613,#8614,#8615,#8616,#8617,#8618),
 .UNSPECIFIED.,.F.,.F.,(4,2,2,2,2,2,2,2,4),(1.35493964834454,1.43962163619559,
1.52430362404665,1.60900139748546,1.69369917092426,1.77837456629798,1.86304996167169,
1.94772971704155,2.03240947241142),.UNSPECIFIED.);
#367=B_SPLINE_CURVE_WITH_KNOTS('',3,(#8621,#8622,#8623,#8624,#8625,#8626,
#8627,#8628,#8629,#8630,#8631,#8632,#8633,#8634,#8635,#8636,#8637,#8638),
 .UNSPECIFIED.,.F.,.F.,(4,2,2,2,2,2,2,2,4),(0.677469824066878,0.762149579436743,
0.846829334806607,0.931504730180319,1.01618012555403,1.10087789899284,1.18557567243165,
1.2702576602827,1.35493964813376),.UNSPECIFIED.);
#368=B_SPLINE_CURVE_WITH_KNOTS('',3,(#8639,#8640,#8641,#8642,#8643,#8644,
#8645,#8646,#8647,#8648,#8649,#8650,#8651,#8652,#8653,#8654,#8655,#8656),
 .UNSPECIFIED.,.F.,.F.,(4,2,2,2,2,2,2,2,4),(1.35493964813376,1.43962163598481,
1.52430362383586,1.60900139727467,1.69369917071348,1.77837456608719,1.8630499614609,
1.94772971683077,2.03240947220063),.UNSPECIFIED.);
#369=B_SPLINE_CURVE_WITH_KNOTS('',3,(#8659,#8660,#8661,#8662,#8663,#8664,
#8665,#8666,#8667,#8668,#8669,#8670,#8671,#8672,#8673,#8674,#8675,#8676),
 .UNSPECIFIED.,.F.,.F.,(4,2,2,2,2,2,2,2,4),(0.677469824066878,0.762149579436743,
0.846829334806607,0.931504730180319,1.01618012555403,1.10087789899284,1.18557567243165,
1.2702576602827,1.35493964813376),.UNSPECIFIED.);
#370=B_SPLINE_CURVE_WITH_KNOTS('',3,(#8677,#8678,#8679,#8680,#8681,#8682,
#8683,#8684,#8685,#8686,#8687,#8688,#8689,#8690,#8691,#8692,#8693,#8694),
 .UNSPECIFIED.,.F.,.F.,(4,2,2,2,2,2,2,2,4),(1.35493964813376,1.43962163598481,
1.52430362383587,1.60900139727467,1.69369917071348,1.77837456608719,1.8630499614609,
1.94772971683077,2.03240947220063),.UNSPECIFIED.);
#371=B_SPLINE_CURVE_WITH_KNOTS('',3,(#8697,#8698,#8699,#8700,#8701,#8702,
#8703,#8704,#8705,#8706,#8707,#8708,#8709,#8710,#8711,#8712,#8713,#8714),
 .UNSPECIFIED.,.F.,.F.,(4,2,2,2,2,2,2,2,4),(0.677469824066874,0.762156937129635,
0.846844050192395,0.931536698499267,1.01622934680614,1.1009071581821,1.18558496955805,
1.27026230895129,1.35493964834454),.UNSPECIFIED.);
#372=B_SPLINE_CURVE_WITH_KNOTS('',3,(#8715,#8716,#8717,#8718,#8719,#8720,
#8721,#8722,#8723,#8724,#8725,#8726,#8727,#8728,#8729,#8730,#8731,#8732),
 .UNSPECIFIED.,.F.,.F.,(4,2,2,2,2,2,2,2,4),(1.35493964834454,1.4396194037144,
1.52429915908427,1.60897455445798,1.69364994983169,1.77834772327049,1.8630454967093,
1.94772748456035,2.03240947241141),.UNSPECIFIED.);
#373=B_SPLINE_CURVE_WITH_KNOTS('',3,(#8735,#8736,#8737,#8738,#8739,#8740,
#8741,#8742,#8743,#8744,#8745,#8746,#8747,#8748,#8749,#8750,#8751,#8752),
 .UNSPECIFIED.,.F.,.F.,(4,2,2,2,2,2,2,2,4),(0.677469824066876,0.762151811917931,
0.846833799768987,0.931531573207793,1.0162293466466,1.10090474202031,1.18558013739402,
1.27025989276389,1.35493964813375),.UNSPECIFIED.);
#374=B_SPLINE_CURVE_WITH_KNOTS('',3,(#8753,#8754,#8755,#8756,#8757,#8758,
#8759,#8760,#8761,#8762,#8763,#8764,#8765,#8766,#8767,#8768,#8769,#8770),
 .UNSPECIFIED.,.F.,.F.,(4,2,2,2,2,2,2,2,4),(1.35493964813375,1.43961940350362,
1.52429915887348,1.60897455424719,1.6936499496209,1.77834772305971,1.86304549649852,
1.94772748434957,2.03240947220063),.UNSPECIFIED.);
#375=B_SPLINE_CURVE_WITH_KNOTS('',3,(#8773,#8774,#8775,#8776,#8777,#8778,
#8779,#8780,#8781,#8782,#8783,#8784,#8785,#8786,#8787,#8788,#8789,#8790),
 .UNSPECIFIED.,.F.,.F.,(4,2,2,2,2,2,2,2,4),(0.677469824066876,0.762151811917931,
0.846833799768985,0.931531573207792,1.0162293466466,1.10090474202031,1.18558013739402,
1.27025989276389,1.35493964813375),.UNSPECIFIED.);
#376=B_SPLINE_CURVE_WITH_KNOTS('',3,(#8791,#8792,#8793,#8794,#8795,#8796,
#8797,#8798,#8799,#8800,#8801,#8802,#8803,#8804,#8805,#8806,#8807,#8808),
 .UNSPECIFIED.,.F.,.F.,(4,2,2,2,2,2,2,2,4),(1.35493964813375,1.43961940350362,
1.52429915887348,1.60897455424719,1.6936499496209,1.77834772305971,1.86304549649852,
1.94772748434957,2.03240947220063),.UNSPECIFIED.);
#377=B_SPLINE_CURVE_WITH_KNOTS('',3,(#8811,#8812,#8813,#8814,#8815,#8816,
#8817,#8818,#8819,#8820,#8821,#8822,#8823,#8824,#8825,#8826,#8827,#8828),
 .UNSPECIFIED.,.F.,.F.,(4,2,2,2,2,2,2,2,4),(-5.74774232634323,-5.38850664958895,
-5.02927097283468,-4.67003885879606,-4.31080674475744,-3.9515746307188,
-3.59234251668017,-3.23310683992589,-2.87387116317162),.UNSPECIFIED.);
#378=B_SPLINE_CURVE_WITH_KNOTS('',3,(#8832,#8833,#8834,#8835,#8836,#8837,
#8838,#8839,#8840,#8841,#8842,#8843,#8844,#8845,#8846,#8847,#8848,#8849),
 .UNSPECIFIED.,.F.,.F.,(4,2,2,2,2,2,2,2,4),(-2.87387116317162,-2.51463548641734,
-2.15539980966306,-1.79616769562443,-1.4369355815858,-1.07770346754718,
-0.718471353508556,-0.359235676754278,0.),.UNSPECIFIED.);
#379=B_SPLINE_CURVE_WITH_KNOTS('',3,(#8853,#8854,#8855,#8856,#8857,#8858,
#8859,#8860,#8861,#8862,#8863,#8864,#8865,#8866,#8867,#8868,#8869,#8870),
 .UNSPECIFIED.,.F.,.F.,(4,2,2,2,2,2,2,2,4),(-5.74774232634323,-5.38850664958895,
-5.02927097283468,-4.67003885879606,-4.31080674475744,-3.9515746307188,
-3.59234251668017,-3.23310683992589,-2.87387116317162),.UNSPECIFIED.);
#380=B_SPLINE_CURVE_WITH_KNOTS('',3,(#8874,#8875,#8876,#8877,#8878,#8879,
#8880,#8881,#8882,#8883,#8884,#8885,#8886,#8887,#8888,#8889,#8890,#8891),
 .UNSPECIFIED.,.F.,.F.,(4,2,2,2,2,2,2,2,4),(-2.87387116317162,-2.51463548641734,
-2.15539980966306,-1.79616769562443,-1.4369355815858,-1.07770346754718,
-0.718471353508555,-0.359235676754277,0.),.UNSPECIFIED.);
#381=B_SPLINE_CURVE_WITH_KNOTS('',3,(#8895,#8896,#8897,#8898,#8899,#8900,
#8901,#8902,#8903,#8904,#8905,#8906,#8907,#8908,#8909,#8910,#8911,#8912),
 .UNSPECIFIED.,.F.,.F.,(4,2,2,2,2,2,2,2,4),(-5.74774232634323,-5.38850664958896,
-5.02927097283468,-4.67003885879606,-4.31080674475743,-3.95157463071881,
-3.59234251668018,-3.2331068399259,-2.87387116317161),.UNSPECIFIED.);
#382=B_SPLINE_CURVE_WITH_KNOTS('',3,(#8916,#8917,#8918,#8919,#8920,#8921,
#8922,#8923,#8924,#8925,#8926,#8927,#8928,#8929,#8930,#8931,#8932,#8933),
 .UNSPECIFIED.,.F.,.F.,(4,2,2,2,2,2,2,2,4),(-2.87387116317162,-2.51463548641734,
-2.15539980966306,-1.79616769562443,-1.4369355815858,-1.07770346754718,
-0.718471353508557,-0.359235676754278,0.),.UNSPECIFIED.);
#383=B_SPLINE_CURVE_WITH_KNOTS('',3,(#8948,#8949,#8950,#8951,#8952,#8953,
#8954,#8955,#8956,#8957,#8958,#8959,#8960,#8961,#8962,#8963,#8964,#8965),
 .UNSPECIFIED.,.F.,.F.,(4,2,2,2,2,2,2,2,4),(-5.74759655964761,-5.388370066372,
-5.02914357309639,-4.66992049641605,-4.31069741973571,-3.95147434305537,
-3.59225126637503,-3.23302477309942,-2.87379827982381),.UNSPECIFIED.);
#384=B_SPLINE_CURVE_WITH_KNOTS('',3,(#8968,#8969,#8970,#8971,#8972,#8973,
#8974,#8975,#8976,#8977,#8978,#8979,#8980,#8981,#8982,#8983,#8984,#8985),
 .UNSPECIFIED.,.F.,.F.,(4,2,2,2,2,2,2,2,4),(-2.8737982798238,-2.51457178654819,
-2.15534529327258,-1.79612221659224,-1.4368991399119,-1.07767606323156,
-0.718452986551222,-0.359226493275611,0.),.UNSPECIFIED.);
#385=B_SPLINE_CURVE_WITH_KNOTS('',3,(#8990,#8991,#8992,#8993,#8994,#8995,
#8996,#8997,#8998,#8999,#9000,#9001,#9002,#9003,#9004,#9005,#9006,#9007),
 .UNSPECIFIED.,.F.,.F.,(4,2,2,2,2,2,2,2,4),(-5.74759655964761,-5.388370066372,
-5.02914357309639,-4.66992049641605,-4.31069741973571,-3.95147434305537,
-3.59225126637503,-3.23302477309942,-2.87379827982381),.UNSPECIFIED.);
#386=B_SPLINE_CURVE_WITH_KNOTS('',3,(#9010,#9011,#9012,#9013,#9014,#9015,
#9016,#9017,#9018,#9019,#9020,#9021,#9022,#9023,#9024,#9025,#9026,#9027),
 .UNSPECIFIED.,.F.,.F.,(4,2,2,2,2,2,2,2,4),(-2.87379827982381,-2.5145717865482,
-2.15534529327258,-1.79612221659224,-1.4368991399119,-1.07767606323156,
-0.718452986551223,-0.359226493275611,0.),.UNSPECIFIED.);
#387=B_SPLINE_CURVE_WITH_KNOTS('',3,(#9032,#9033,#9034,#9035,#9036,#9037,
#9038,#9039,#9040,#9041,#9042,#9043,#9044,#9045,#9046,#9047,#9048,#9049),
 .UNSPECIFIED.,.F.,.F.,(4,2,2,2,2,2,2,2,4),(-5.74759655964761,-5.388370066372,
-5.02914357309639,-4.66992049641605,-4.31069741973571,-3.95147434305537,
-3.59225126637503,-3.23302477309942,-2.87379827982381),.UNSPECIFIED.);
#388=B_SPLINE_CURVE_WITH_KNOTS('',3,(#9052,#9053,#9054,#9055,#9056,#9057,
#9058,#9059,#9060,#9061,#9062,#9063,#9064,#9065,#9066,#9067,#9068,#9069),
 .UNSPECIFIED.,.F.,.F.,(4,2,2,2,2,2,2,2,4),(-2.87379827982381,-2.5145717865482,
-2.15534529327258,-1.79612221659224,-1.4368991399119,-1.07767606323156,
-0.718452986551223,-0.359226493275611,0.),.UNSPECIFIED.);
#389=B_SPLINE_CURVE_WITH_KNOTS('',3,(#9338,#9339,#9340,#9341,#9342,#9343,
#9344,#9345,#9346,#9347,#9348,#9349,#9350,#9351,#9352,#9353,#9354,#9355,
#9356,#9357,#9358,#9359,#9360,#9361,#9362,#9363,#9364,#9365,#9366,#9367,
#9368,#9369,#9370,#9371,#9372,#9373,#9374,#9375,#9376,#9377,#9378,#9379,
#9380),.UNSPECIFIED.,.F.,.F.,(4,3,3,3,3,3,3,3,3,3,3,3,3,3,4),(-3.7105942652425E-5,
0.000748466496922034,0.00153403893649649,0.00222176066434755,0.00231961137607095,
0.00293806777700875,0.00310518381564541,0.00362205123649212,0.00389075625521988,
0.00444890917839324,0.00467632869479434,0.00522053837229533,0.00546190113436881,
0.00594549203255234,0.00624747357394328),.UNSPECIFIED.);
#390=B_SPLINE_CURVE_WITH_KNOTS('',3,(#9383,#9384,#9385,#9386,#9387,#9388,
#9389,#9390,#9391,#9392,#9393,#9394,#9395,#9396,#9397,#9398,#9399,#9400,
#9401,#9402,#9403,#9404,#9405,#9406,#9407,#9408,#9409,#9410,#9411,#9412,
#9413,#9414,#9415,#9416,#9417,#9418,#9419,#9420,#9421,#9422,#9423,#9424,
#9425),.UNSPECIFIED.,.F.,.F.,(4,3,3,3,3,3,3,3,3,3,3,3,3,3,4),(0.00624747357394328,
0.00674353101886999,0.00703313930079654,0.0075930341568521,0.0078188050276498,
0.00837566849430544,0.00860447075450307,0.00912114183659096,0.00939013648135633,
0.0100082715194172,0.0101758022082096,0.0108544933021742,0.0109614679350629,
0.0117531257648124,0.0125327993887694),.UNSPECIFIED.);
#391=B_SPLINE_CURVE_WITH_KNOTS('',3,(#9438,#9439,#9440,#9441,#9442,#9443,
#9444,#9445,#9446,#9447,#9448,#9449,#9450,#9451,#9452,#9453,#9454,#9455,
#9456,#9457,#9458,#9459,#9460,#9461,#9462,#9463,#9464,#9465,#9466,#9467,
#9468,#9469,#9470,#9471,#9472,#9473,#9474,#9475,#9476,#9477,#9478,#9479,
#9480),.UNSPECIFIED.,.F.,.F.,(4,3,3,3,3,3,3,3,3,3,3,3,3,3,4),(0.00624747357394547,
0.00674353101881421,0.00703313930079892,0.00759303415681068,0.00781880502765236,
0.00837566849431331,0.0086044707545058,0.00912114183661036,0.00939013648135924,
0.0100082715194221,0.0101758022082127,0.0108544933023239,0.0109614679350662,
0.0117531257648094,0.012532799388773),.UNSPECIFIED.);
#392=B_SPLINE_CURVE_WITH_KNOTS('',3,(#9483,#9484,#9485,#9486,#9487,#9488,
#9489,#9490,#9491,#9492,#9493,#9494,#9495,#9496,#9497,#9498,#9499,#9500,
#9501,#9502,#9503,#9504,#9505,#9506,#9507,#9508,#9509,#9510,#9511,#9512,
#9513,#9514,#9515,#9516,#9517,#9518,#9519,#9520,#9521,#9522,#9523,#9524,
#9525),.UNSPECIFIED.,.F.,.F.,(4,3,3,3,3,3,3,3,3,3,3,3,3,3,4),(-3.71059426506568E-5,
0.000748466496923867,0.00153403893649839,0.00222176066419574,0.0023196113760729,
0.00293806777700712,0.00310518381564742,0.0036220512364841,0.00389075625522193,
0.00444890917839107,0.00467632869479645,0.00522053837233158,0.00546190113437096,
0.00594549203255014,0.00624747357394547),.UNSPECIFIED.);
#393=B_SPLINE_CURVE_WITH_KNOTS('',3,(#9796,#9797,#9798,#9799,#9800,#9801,
#9802,#9803,#9804,#9805,#9806,#9807,#9808,#9809,#9810,#9811,#9812,#9813,
#9814,#9815,#9816,#9817,#9818,#9819,#9820,#9821,#9822,#9823,#9824,#9825,
#9826,#9827,#9828,#9829,#9830,#9831,#9832,#9833),.UNSPECIFIED.,.F.,.F.,
(4,2,2,2,2,2,2,2,2,2,2,2,2,2,2,2,2,2,4),(-0.00224471198158496,0.,0.0078125,
0.015625,0.03125,0.0625,0.125,0.25,0.375,0.5,0.625,0.75,0.875,0.9375,0.96875,
0.984375,0.9921875,1.,1.00224471198157),.UNSPECIFIED.);
#394=B_SPLINE_CURVE_WITH_KNOTS('',3,(#9835,#9836,#9837,#9838,#9839,#9840,
#9841,#9842,#9843,#9844,#9845,#9846,#9847,#9848,#9849,#9850,#9851,#9852,
#9853,#9854,#9855,#9856,#9857,#9858,#9859,#9860,#9861,#9862,#9863,#9864,
#9865,#9866,#9867,#9868),.UNSPECIFIED.,.F.,.F.,(4,2,2,2,2,2,2,2,2,2,2,2,
2,2,2,2,4),(0.00319308393885685,0.0078125,0.015625,0.03125,0.0625,0.125,
0.25,0.375,0.5,0.625,0.75,0.875,0.9375,0.96875,0.984375,0.9921875,0.996806916061191),
 .UNSPECIFIED.);
#395=PLANE('',#4422);
#396=PLANE('',#4426);
#397=PLANE('',#4430);
#398=PLANE('',#4434);
#399=PLANE('',#4438);
#400=PLANE('',#4442);
#401=PLANE('',#4445);
#402=PLANE('',#4448);
#403=PLANE('',#4451);
#404=PLANE('',#4454);
#405=PLANE('',#4457);
#406=PLANE('',#4460);
#407=PLANE('',#4463);
#408=PLANE('',#4466);
#409=PLANE('',#4469);
#410=PLANE('',#4478);
#411=PLANE('',#4480);
#412=PLANE('',#4481);
#413=PLANE('',#4488);
#414=PLANE('',#4489);
#415=PLANE('',#4490);
#416=PLANE('',#4497);
#417=PLANE('',#4498);
#418=PLANE('',#4499);
#419=PLANE('',#4502);
#420=PLANE('',#4505);
#421=PLANE('',#4508);
#422=PLANE('',#4511);
#423=PLANE('',#4514);
#424=PLANE('',#4517);
#425=PLANE('',#4520);
#426=PLANE('',#4523);
#427=PLANE('',#4526);
#428=PLANE('',#4529);
#429=PLANE('',#4532);
#430=PLANE('',#4535);
#431=PLANE('',#4538);
#432=PLANE('',#4541);
#433=PLANE('',#4544);
#434=PLANE('',#4547);
#435=PLANE('',#4550);
#436=PLANE('',#4553);
#437=PLANE('',#4556);
#438=PLANE('',#4559);
#439=PLANE('',#4562);
#440=PLANE('',#4565);
#441=PLANE('',#4568);
#442=PLANE('',#4571);
#443=PLANE('',#4574);
#444=PLANE('',#4577);
#445=PLANE('',#4580);
#446=PLANE('',#4583);
#447=PLANE('',#4586);
#448=PLANE('',#4589);
#449=PLANE('',#4592);
#450=PLANE('',#4595);
#451=PLANE('',#4598);
#452=PLANE('',#4600);
#453=PLANE('',#4617);
#454=PLANE('',#4620);
#455=PLANE('',#4621);
#456=PLANE('',#4623);
#457=PLANE('',#4624);
#458=PLANE('',#4625);
#459=PLANE('',#4633);
#460=PLANE('',#4635);
#461=PLANE('',#4639);
#462=PLANE('',#4643);
#463=PLANE('',#4645);
#464=PLANE('',#4646);
#465=PLANE('',#4647);
#466=PLANE('',#4648);
#467=PLANE('',#4649);
#468=PLANE('',#4650);
#469=PLANE('',#4651);
#470=PLANE('',#4652);
#471=PLANE('',#4653);
#472=PLANE('',#4654);
#473=PLANE('',#4655);
#474=PLANE('',#4656);
#475=PLANE('',#4657);
#476=PLANE('',#4658);
#477=PLANE('',#4671);
#478=PLANE('',#4672);
#479=PLANE('',#4676);
#480=PLANE('',#4680);
#481=PLANE('',#4681);
#482=PLANE('',#4685);
#483=PLANE('',#4686);
#484=PLANE('',#4693);
#485=PLANE('',#4713);
#486=PLANE('',#4715);
#487=PLANE('',#4717);
#488=PLANE('',#4719);
#489=PLANE('',#4721);
#490=PLANE('',#4723);
#491=PLANE('',#4726);
#492=PLANE('',#4727);
#493=PLANE('',#4733);
#494=PLANE('',#4734);
#495=PLANE('',#4735);
#496=PLANE('',#4739);
#497=PLANE('',#4740);
#498=PLANE('',#4741);
#499=PLANE('',#4743);
#500=PLANE('',#4744);
#501=PLANE('',#4745);
#502=PLANE('',#4767);
#503=PLANE('',#4769);
#504=PLANE('',#4775);
#505=PLANE('',#4820);
#506=PLANE('',#4823);
#507=PLANE('',#4824);
#508=PLANE('',#4833);
#509=PLANE('',#4836);
#510=PLANE('',#4837);
#511=PLANE('',#4846);
#512=PLANE('',#4847);
#513=FACE_OUTER_BOUND('',#758,.T.);
#514=FACE_OUTER_BOUND('',#759,.T.);
#515=FACE_OUTER_BOUND('',#760,.T.);
#516=FACE_OUTER_BOUND('',#761,.T.);
#517=FACE_OUTER_BOUND('',#762,.T.);
#518=FACE_OUTER_BOUND('',#763,.T.);
#519=FACE_OUTER_BOUND('',#764,.T.);
#520=FACE_OUTER_BOUND('',#765,.T.);
#521=FACE_OUTER_BOUND('',#766,.T.);
#522=FACE_OUTER_BOUND('',#767,.T.);
#523=FACE_OUTER_BOUND('',#768,.T.);
#524=FACE_OUTER_BOUND('',#769,.T.);
#525=FACE_OUTER_BOUND('',#770,.T.);
#526=FACE_OUTER_BOUND('',#771,.T.);
#527=FACE_OUTER_BOUND('',#772,.T.);
#528=FACE_OUTER_BOUND('',#773,.T.);
#529=FACE_OUTER_BOUND('',#774,.T.);
#530=FACE_OUTER_BOUND('',#775,.T.);
#531=FACE_OUTER_BOUND('',#776,.T.);
#532=FACE_OUTER_BOUND('',#777,.T.);
#533=FACE_OUTER_BOUND('',#778,.T.);
#534=FACE_OUTER_BOUND('',#779,.T.);
#535=FACE_OUTER_BOUND('',#780,.T.);
#536=FACE_OUTER_BOUND('',#781,.T.);
#537=FACE_OUTER_BOUND('',#782,.T.);
#538=FACE_OUTER_BOUND('',#783,.T.);
#539=FACE_OUTER_BOUND('',#784,.T.);
#540=FACE_OUTER_BOUND('',#785,.T.);
#541=FACE_OUTER_BOUND('',#786,.T.);
#542=FACE_OUTER_BOUND('',#787,.T.);
#543=FACE_OUTER_BOUND('',#788,.T.);
#544=FACE_OUTER_BOUND('',#789,.T.);
#545=FACE_OUTER_BOUND('',#790,.T.);
#546=FACE_OUTER_BOUND('',#791,.T.);
#547=FACE_OUTER_BOUND('',#792,.T.);
#548=FACE_OUTER_BOUND('',#841,.T.);
#549=FACE_OUTER_BOUND('',#842,.T.);
#550=FACE_OUTER_BOUND('',#850,.T.);
#551=FACE_OUTER_BOUND('',#855,.T.);
#552=FACE_OUTER_BOUND('',#860,.T.);
#553=FACE_OUTER_BOUND('',#861,.T.);
#554=FACE_OUTER_BOUND('',#862,.T.);
#555=FACE_OUTER_BOUND('',#863,.T.);
#556=FACE_OUTER_BOUND('',#864,.T.);
#557=FACE_OUTER_BOUND('',#865,.T.);
#558=FACE_OUTER_BOUND('',#866,.T.);
#559=FACE_OUTER_BOUND('',#867,.T.);
#560=FACE_OUTER_BOUND('',#868,.T.);
#561=FACE_OUTER_BOUND('',#869,.T.);
#562=FACE_OUTER_BOUND('',#870,.T.);
#563=FACE_OUTER_BOUND('',#871,.T.);
#564=FACE_OUTER_BOUND('',#872,.T.);
#565=FACE_OUTER_BOUND('',#873,.T.);
#566=FACE_OUTER_BOUND('',#874,.T.);
#567=FACE_OUTER_BOUND('',#875,.T.);
#568=FACE_OUTER_BOUND('',#876,.T.);
#569=FACE_OUTER_BOUND('',#877,.T.);
#570=FACE_OUTER_BOUND('',#878,.T.);
#571=FACE_OUTER_BOUND('',#879,.T.);
#572=FACE_OUTER_BOUND('',#880,.T.);
#573=FACE_OUTER_BOUND('',#881,.T.);
#574=FACE_OUTER_BOUND('',#882,.T.);
#575=FACE_OUTER_BOUND('',#883,.T.);
#576=FACE_OUTER_BOUND('',#884,.T.);
#577=FACE_OUTER_BOUND('',#885,.T.);
#578=FACE_OUTER_BOUND('',#886,.T.);
#579=FACE_OUTER_BOUND('',#887,.T.);
#580=FACE_OUTER_BOUND('',#888,.T.);
#581=FACE_OUTER_BOUND('',#889,.T.);
#582=FACE_OUTER_BOUND('',#890,.T.);
#583=FACE_OUTER_BOUND('',#891,.T.);
#584=FACE_OUTER_BOUND('',#892,.T.);
#585=FACE_OUTER_BOUND('',#893,.T.);
#586=FACE_OUTER_BOUND('',#894,.T.);
#587=FACE_OUTER_BOUND('',#895,.T.);
#588=FACE_OUTER_BOUND('',#896,.T.);
#589=FACE_OUTER_BOUND('',#897,.T.);
#590=FACE_OUTER_BOUND('',#898,.T.);
#591=FACE_OUTER_BOUND('',#899,.T.);
#592=FACE_OUTER_BOUND('',#900,.T.);
#593=FACE_OUTER_BOUND('',#901,.T.);
#594=FACE_OUTER_BOUND('',#902,.T.);
#595=FACE_OUTER_BOUND('',#903,.T.);
#596=FACE_OUTER_BOUND('',#904,.T.);
#597=FACE_OUTER_BOUND('',#905,.T.);
#598=FACE_OUTER_BOUND('',#906,.T.);
#599=FACE_OUTER_BOUND('',#907,.T.);
#600=FACE_OUTER_BOUND('',#908,.T.);
#601=FACE_OUTER_BOUND('',#909,.T.);
#602=FACE_OUTER_BOUND('',#910,.T.);
#603=FACE_OUTER_BOUND('',#911,.T.);
#604=FACE_OUTER_BOUND('',#912,.T.);
#605=FACE_OUTER_BOUND('',#913,.T.);
#606=FACE_OUTER_BOUND('',#914,.T.);
#607=FACE_OUTER_BOUND('',#915,.T.);
#608=FACE_OUTER_BOUND('',#916,.T.);
#609=FACE_OUTER_BOUND('',#917,.T.);
#610=FACE_OUTER_BOUND('',#918,.T.);
#611=FACE_OUTER_BOUND('',#919,.T.);
#612=FACE_OUTER_BOUND('',#920,.T.);
#613=FACE_OUTER_BOUND('',#921,.T.);
#614=FACE_OUTER_BOUND('',#922,.T.);
#615=FACE_OUTER_BOUND('',#923,.T.);
#616=FACE_OUTER_BOUND('',#924,.T.);
#617=FACE_OUTER_BOUND('',#925,.T.);
#618=FACE_OUTER_BOUND('',#926,.T.);
#619=FACE_OUTER_BOUND('',#927,.T.);
#620=FACE_OUTER_BOUND('',#928,.T.);
#621=FACE_OUTER_BOUND('',#929,.T.);
#622=FACE_OUTER_BOUND('',#930,.T.);
#623=FACE_OUTER_BOUND('',#931,.T.);
#624=FACE_OUTER_BOUND('',#932,.T.);
#625=FACE_OUTER_BOUND('',#933,.T.);
#626=FACE_OUTER_BOUND('',#934,.T.);
#627=FACE_OUTER_BOUND('',#935,.T.);
#628=FACE_OUTER_BOUND('',#936,.T.);
#629=FACE_OUTER_BOUND('',#937,.T.);
#630=FACE_OUTER_BOUND('',#938,.T.);
#631=FACE_OUTER_BOUND('',#940,.T.);
#632=FACE_OUTER_BOUND('',#941,.T.);
#633=FACE_OUTER_BOUND('',#944,.T.);
#634=FACE_OUTER_BOUND('',#947,.T.);
#635=FACE_OUTER_BOUND('',#948,.T.);
#636=FACE_OUTER_BOUND('',#949,.T.);
#637=FACE_OUTER_BOUND('',#950,.T.);
#638=FACE_OUTER_BOUND('',#951,.T.);
#639=FACE_OUTER_BOUND('',#952,.T.);
#640=FACE_OUTER_BOUND('',#953,.T.);
#641=FACE_OUTER_BOUND('',#954,.T.);
#642=FACE_OUTER_BOUND('',#955,.T.);
#643=FACE_OUTER_BOUND('',#956,.T.);
#644=FACE_OUTER_BOUND('',#957,.T.);
#645=FACE_OUTER_BOUND('',#958,.T.);
#646=FACE_OUTER_BOUND('',#959,.T.);
#647=FACE_OUTER_BOUND('',#960,.T.);
#648=FACE_OUTER_BOUND('',#961,.T.);
#649=FACE_OUTER_BOUND('',#962,.T.);
#650=FACE_OUTER_BOUND('',#963,.T.);
#651=FACE_OUTER_BOUND('',#964,.T.);
#652=FACE_OUTER_BOUND('',#965,.T.);
#653=FACE_OUTER_BOUND('',#966,.T.);
#654=FACE_OUTER_BOUND('',#967,.T.);
#655=FACE_OUTER_BOUND('',#968,.T.);
#656=FACE_OUTER_BOUND('',#969,.T.);
#657=FACE_OUTER_BOUND('',#970,.T.);
#658=FACE_OUTER_BOUND('',#971,.T.);
#659=FACE_OUTER_BOUND('',#972,.T.);
#660=FACE_OUTER_BOUND('',#973,.T.);
#661=FACE_OUTER_BOUND('',#974,.T.);
#662=FACE_OUTER_BOUND('',#975,.T.);
#663=FACE_OUTER_BOUND('',#976,.T.);
#664=FACE_OUTER_BOUND('',#977,.T.);
#665=FACE_OUTER_BOUND('',#978,.T.);
#666=FACE_OUTER_BOUND('',#979,.T.);
#667=FACE_OUTER_BOUND('',#980,.T.);
#668=FACE_OUTER_BOUND('',#981,.T.);
#669=FACE_OUTER_BOUND('',#991,.T.);
#670=FACE_OUTER_BOUND('',#995,.T.);
#671=FACE_OUTER_BOUND('',#996,.T.);
#672=FACE_OUTER_BOUND('',#997,.T.);
#673=FACE_OUTER_BOUND('',#1001,.T.);
#674=FACE_OUTER_BOUND('',#1002,.T.);
#675=FACE_OUTER_BOUND('',#1003,.T.);
#676=FACE_OUTER_BOUND('',#1004,.T.);
#677=FACE_OUTER_BOUND('',#1008,.T.);
#678=FACE_OUTER_BOUND('',#1009,.T.);
#679=FACE_OUTER_BOUND('',#1011,.T.);
#680=FACE_OUTER_BOUND('',#1013,.T.);
#681=FACE_OUTER_BOUND('',#1014,.T.);
#682=FACE_OUTER_BOUND('',#1015,.T.);
#683=FACE_OUTER_BOUND('',#1016,.T.);
#684=FACE_OUTER_BOUND('',#1017,.T.);
#685=FACE_OUTER_BOUND('',#1018,.T.);
#686=FACE_OUTER_BOUND('',#1019,.T.);
#687=FACE_OUTER_BOUND('',#1020,.T.);
#688=FACE_OUTER_BOUND('',#1021,.T.);
#689=FACE_OUTER_BOUND('',#1022,.T.);
#690=FACE_OUTER_BOUND('',#1023,.T.);
#691=FACE_OUTER_BOUND('',#1024,.T.);
#692=FACE_OUTER_BOUND('',#1025,.T.);
#693=FACE_OUTER_BOUND('',#1026,.T.);
#694=FACE_OUTER_BOUND('',#1027,.T.);
#695=FACE_OUTER_BOUND('',#1028,.T.);
#696=FACE_OUTER_BOUND('',#1029,.T.);
#697=FACE_OUTER_BOUND('',#1030,.T.);
#698=FACE_OUTER_BOUND('',#1031,.T.);
#699=FACE_OUTER_BOUND('',#1032,.T.);
#700=FACE_OUTER_BOUND('',#1033,.T.);
#701=FACE_OUTER_BOUND('',#1034,.T.);
#702=FACE_OUTER_BOUND('',#1035,.T.);
#703=FACE_OUTER_BOUND('',#1036,.T.);
#704=FACE_OUTER_BOUND('',#1037,.T.);
#705=FACE_OUTER_BOUND('',#1038,.T.);
#706=FACE_OUTER_BOUND('',#1039,.T.);
#707=FACE_OUTER_BOUND('',#1040,.T.);
#708=FACE_OUTER_BOUND('',#1041,.T.);
#709=FACE_OUTER_BOUND('',#1042,.T.);
#710=FACE_OUTER_BOUND('',#1043,.T.);
#711=FACE_OUTER_BOUND('',#1044,.T.);
#712=FACE_OUTER_BOUND('',#1045,.T.);
#713=FACE_OUTER_BOUND('',#1046,.T.);
#714=FACE_OUTER_BOUND('',#1047,.T.);
#715=FACE_OUTER_BOUND('',#1048,.T.);
#716=FACE_OUTER_BOUND('',#1049,.T.);
#717=FACE_OUTER_BOUND('',#1050,.T.);
#718=FACE_OUTER_BOUND('',#1051,.T.);
#719=FACE_OUTER_BOUND('',#1052,.T.);
#720=FACE_OUTER_BOUND('',#1053,.T.);
#721=FACE_OUTER_BOUND('',#1054,.T.);
#722=FACE_OUTER_BOUND('',#1055,.T.);
#723=FACE_OUTER_BOUND('',#1056,.T.);
#724=FACE_OUTER_BOUND('',#1057,.T.);
#725=FACE_OUTER_BOUND('',#1064,.T.);
#726=FACE_OUTER_BOUND('',#1072,.T.);
#727=FACE_OUTER_BOUND('',#1073,.T.);
#728=FACE_OUTER_BOUND('',#1074,.T.);
#729=FACE_OUTER_BOUND('',#1075,.T.);
#730=FACE_OUTER_BOUND('',#1076,.T.);
#731=FACE_OUTER_BOUND('',#1077,.T.);
#732=FACE_OUTER_BOUND('',#1078,.T.);
#733=FACE_OUTER_BOUND('',#1079,.T.);
#734=FACE_OUTER_BOUND('',#1080,.T.);
#735=FACE_OUTER_BOUND('',#1081,.T.);
#736=FACE_OUTER_BOUND('',#1082,.T.);
#737=FACE_OUTER_BOUND('',#1083,.T.);
#738=FACE_OUTER_BOUND('',#1084,.T.);
#739=FACE_OUTER_BOUND('',#1085,.T.);
#740=FACE_OUTER_BOUND('',#1086,.T.);
#741=FACE_OUTER_BOUND('',#1087,.T.);
#742=FACE_OUTER_BOUND('',#1088,.T.);
#743=FACE_OUTER_BOUND('',#1091,.T.);
#744=FACE_OUTER_BOUND('',#1092,.T.);
#745=FACE_OUTER_BOUND('',#1095,.T.);
#746=FACE_OUTER_BOUND('',#1096,.T.);
#747=FACE_OUTER_BOUND('',#1097,.T.);
#748=FACE_OUTER_BOUND('',#1100,.T.);
#749=FACE_OUTER_BOUND('',#1101,.T.);
#750=FACE_OUTER_BOUND('',#1104,.T.);
#751=FACE_OUTER_BOUND('',#1105,.T.);
#752=FACE_OUTER_BOUND('',#1106,.T.);
#753=FACE_OUTER_BOUND('',#1107,.T.);
#754=FACE_OUTER_BOUND('',#1108,.T.);
#755=FACE_OUTER_BOUND('',#1109,.T.);
#756=FACE_OUTER_BOUND('',#1110,.T.);
#757=FACE_OUTER_BOUND('',#1111,.T.);
#758=EDGE_LOOP('',(#2803,#2804,#2805,#2806));
#759=EDGE_LOOP('',(#2807,#2808,#2809,#2810));
#760=EDGE_LOOP('',(#2811,#2812,#2813,#2814));
#761=EDGE_LOOP('',(#2815,#2816,#2817,#2818));
#762=EDGE_LOOP('',(#2819));
#763=EDGE_LOOP('',(#2820,#2821,#2822,#2823));
#764=EDGE_LOOP('',(#2824));
#765=EDGE_LOOP('',(#2825,#2826,#2827,#2828));
#766=EDGE_LOOP('',(#2829));
#767=EDGE_LOOP('',(#2830,#2831,#2832,#2833));
#768=EDGE_LOOP('',(#2834));
#769=EDGE_LOOP('',(#2835,#2836,#2837,#2838));
#770=EDGE_LOOP('',(#2839));
#771=EDGE_LOOP('',(#2840,#2841,#2842,#2843));
#772=EDGE_LOOP('',(#2844));
#773=EDGE_LOOP('',(#2845,#2846,#2847,#2848,#2849));
#774=EDGE_LOOP('',(#2850));
#775=EDGE_LOOP('',(#2851,#2852,#2853,#2854,#2855));
#776=EDGE_LOOP('',(#2856));
#777=EDGE_LOOP('',(#2857,#2858,#2859,#2860,#2861));
#778=EDGE_LOOP('',(#2862));
#779=EDGE_LOOP('',(#2863,#2864,#2865,#2866,#2867));
#780=EDGE_LOOP('',(#2868));
#781=EDGE_LOOP('',(#2869,#2870,#2871,#2872,#2873));
#782=EDGE_LOOP('',(#2874));
#783=EDGE_LOOP('',(#2875,#2876,#2877,#2878,#2879));
#784=EDGE_LOOP('',(#2880));
#785=EDGE_LOOP('',(#2881,#2882,#2883,#2884,#2885));
#786=EDGE_LOOP('',(#2886));
#787=EDGE_LOOP('',(#2887,#2888,#2889,#2890,#2891));
#788=EDGE_LOOP('',(#2892));
#789=EDGE_LOOP('',(#2893,#2894,#2895,#2896,#2897));
#790=EDGE_LOOP('',(#2898));
#791=EDGE_LOOP('',(#2899,#2900,#2901,#2902,#2903));
#792=EDGE_LOOP('',(#2904,#2905,#2906,#2907));
#793=EDGE_LOOP('',(#2908,#2909));
#794=EDGE_LOOP('',(#2910,#2911));
#795=EDGE_LOOP('',(#2912,#2913));
#796=EDGE_LOOP('',(#2914,#2915));
#797=EDGE_LOOP('',(#2916,#2917));
#798=EDGE_LOOP('',(#2918,#2919));
#799=EDGE_LOOP('',(#2920,#2921));
#800=EDGE_LOOP('',(#2922,#2923));
#801=EDGE_LOOP('',(#2924,#2925));
#802=EDGE_LOOP('',(#2926,#2927));
#803=EDGE_LOOP('',(#2928,#2929));
#804=EDGE_LOOP('',(#2930,#2931));
#805=EDGE_LOOP('',(#2932,#2933));
#806=EDGE_LOOP('',(#2934,#2935));
#807=EDGE_LOOP('',(#2936,#2937));
#808=EDGE_LOOP('',(#2938,#2939));
#809=EDGE_LOOP('',(#2940,#2941));
#810=EDGE_LOOP('',(#2942,#2943));
#811=EDGE_LOOP('',(#2944,#2945));
#812=EDGE_LOOP('',(#2946,#2947));
#813=EDGE_LOOP('',(#2948,#2949));
#814=EDGE_LOOP('',(#2950,#2951));
#815=EDGE_LOOP('',(#2952,#2953));
#816=EDGE_LOOP('',(#2954,#2955));
#817=EDGE_LOOP('',(#2956,#2957));
#818=EDGE_LOOP('',(#2958,#2959));
#819=EDGE_LOOP('',(#2960,#2961));
#820=EDGE_LOOP('',(#2962,#2963));
#821=EDGE_LOOP('',(#2964,#2965));
#822=EDGE_LOOP('',(#2966,#2967));
#823=EDGE_LOOP('',(#2968,#2969));
#824=EDGE_LOOP('',(#2970,#2971));
#825=EDGE_LOOP('',(#2972,#2973));
#826=EDGE_LOOP('',(#2974,#2975));
#827=EDGE_LOOP('',(#2976,#2977));
#828=EDGE_LOOP('',(#2978,#2979));
#829=EDGE_LOOP('',(#2980,#2981));
#830=EDGE_LOOP('',(#2982,#2983));
#831=EDGE_LOOP('',(#2984,#2985));
#832=EDGE_LOOP('',(#2986,#2987));
#833=EDGE_LOOP('',(#2988,#2989));
#834=EDGE_LOOP('',(#2990,#2991));
#835=EDGE_LOOP('',(#2992,#2993));
#836=EDGE_LOOP('',(#2994,#2995));
#837=EDGE_LOOP('',(#2996,#2997));
#838=EDGE_LOOP('',(#2998,#2999));
#839=EDGE_LOOP('',(#3000,#3001));
#840=EDGE_LOOP('',(#3002,#3003));
#841=EDGE_LOOP('',(#3004,#3005,#3006,#3007));
#842=EDGE_LOOP('',(#3008));
#843=EDGE_LOOP('',(#3009));
#844=EDGE_LOOP('',(#3010));
#845=EDGE_LOOP('',(#3011));
#846=EDGE_LOOP('',(#3012));
#847=EDGE_LOOP('',(#3013));
#848=EDGE_LOOP('',(#3014));
#849=EDGE_LOOP('',(#3015));
#850=EDGE_LOOP('',(#3016));
#851=EDGE_LOOP('',(#3017));
#852=EDGE_LOOP('',(#3018));
#853=EDGE_LOOP('',(#3019));
#854=EDGE_LOOP('',(#3020));
#855=EDGE_LOOP('',(#3021));
#856=EDGE_LOOP('',(#3022));
#857=EDGE_LOOP('',(#3023));
#858=EDGE_LOOP('',(#3024));
#859=EDGE_LOOP('',(#3025));
#860=EDGE_LOOP('',(#3026,#3027,#3028,#3029,#3030));
#861=EDGE_LOOP('',(#3031,#3032,#3033,#3034,#3035));
#862=EDGE_LOOP('',(#3036,#3037,#3038,#3039,#3040));
#863=EDGE_LOOP('',(#3041));
#864=EDGE_LOOP('',(#3042));
#865=EDGE_LOOP('',(#3043));
#866=EDGE_LOOP('',(#3044,#3045,#3046,#3047,#3048));
#867=EDGE_LOOP('',(#3049,#3050,#3051,#3052,#3053));
#868=EDGE_LOOP('',(#3054,#3055,#3056,#3057,#3058));
#869=EDGE_LOOP('',(#3059));
#870=EDGE_LOOP('',(#3060));
#871=EDGE_LOOP('',(#3061));
#872=EDGE_LOOP('',(#3062,#3063,#3064,#3065,#3066));
#873=EDGE_LOOP('',(#3067));
#874=EDGE_LOOP('',(#3068,#3069,#3070,#3071,#3072));
#875=EDGE_LOOP('',(#3073));
#876=EDGE_LOOP('',(#3074,#3075,#3076,#3077,#3078));
#877=EDGE_LOOP('',(#3079));
#878=EDGE_LOOP('',(#3080,#3081,#3082,#3083,#3084));
#879=EDGE_LOOP('',(#3085));
#880=EDGE_LOOP('',(#3086,#3087,#3088,#3089,#3090));
#881=EDGE_LOOP('',(#3091));
#882=EDGE_LOOP('',(#3092,#3093,#3094,#3095,#3096));
#883=EDGE_LOOP('',(#3097));
#884=EDGE_LOOP('',(#3098,#3099,#3100,#3101,#3102));
#885=EDGE_LOOP('',(#3103));
#886=EDGE_LOOP('',(#3104,#3105,#3106,#3107,#3108));
#887=EDGE_LOOP('',(#3109));
#888=EDGE_LOOP('',(#3110,#3111,#3112,#3113,#3114));
#889=EDGE_LOOP('',(#3115));
#890=EDGE_LOOP('',(#3116,#3117,#3118,#3119,#3120));
#891=EDGE_LOOP('',(#3121));
#892=EDGE_LOOP('',(#3122,#3123,#3124,#3125,#3126));
#893=EDGE_LOOP('',(#3127));
#894=EDGE_LOOP('',(#3128,#3129,#3130,#3131,#3132));
#895=EDGE_LOOP('',(#3133));
#896=EDGE_LOOP('',(#3134,#3135,#3136,#3137,#3138));
#897=EDGE_LOOP('',(#3139));
#898=EDGE_LOOP('',(#3140,#3141,#3142,#3143,#3144));
#899=EDGE_LOOP('',(#3145));
#900=EDGE_LOOP('',(#3146,#3147,#3148,#3149,#3150));
#901=EDGE_LOOP('',(#3151));
#902=EDGE_LOOP('',(#3152,#3153,#3154,#3155,#3156));
#903=EDGE_LOOP('',(#3157));
#904=EDGE_LOOP('',(#3158,#3159,#3160,#3161,#3162));
#905=EDGE_LOOP('',(#3163));
#906=EDGE_LOOP('',(#3164,#3165,#3166,#3167,#3168));
#907=EDGE_LOOP('',(#3169));
#908=EDGE_LOOP('',(#3170,#3171,#3172,#3173,#3174));
#909=EDGE_LOOP('',(#3175));
#910=EDGE_LOOP('',(#3176,#3177,#3178,#3179,#3180));
#911=EDGE_LOOP('',(#3181));
#912=EDGE_LOOP('',(#3182,#3183,#3184,#3185,#3186));
#913=EDGE_LOOP('',(#3187));
#914=EDGE_LOOP('',(#3188,#3189,#3190,#3191,#3192));
#915=EDGE_LOOP('',(#3193));
#916=EDGE_LOOP('',(#3194,#3195,#3196,#3197,#3198));
#917=EDGE_LOOP('',(#3199));
#918=EDGE_LOOP('',(#3200,#3201,#3202,#3203,#3204));
#919=EDGE_LOOP('',(#3205));
#920=EDGE_LOOP('',(#3206,#3207,#3208,#3209,#3210));
#921=EDGE_LOOP('',(#3211));
#922=EDGE_LOOP('',(#3212,#3213,#3214,#3215,#3216));
#923=EDGE_LOOP('',(#3217));
#924=EDGE_LOOP('',(#3218,#3219,#3220,#3221,#3222));
#925=EDGE_LOOP('',(#3223));
#926=EDGE_LOOP('',(#3224,#3225,#3226,#3227,#3228));
#927=EDGE_LOOP('',(#3229));
#928=EDGE_LOOP('',(#3230,#3231,#3232,#3233,#3234));
#929=EDGE_LOOP('',(#3235));
#930=EDGE_LOOP('',(#3236,#3237,#3238,#3239,#3240));
#931=EDGE_LOOP('',(#3241));
#932=EDGE_LOOP('',(#3242,#3243,#3244,#3245,#3246));
#933=EDGE_LOOP('',(#3247));
#934=EDGE_LOOP('',(#3248,#3249,#3250,#3251,#3252));
#935=EDGE_LOOP('',(#3253));
#936=EDGE_LOOP('',(#3254,#3255,#3256,#3257));
#937=EDGE_LOOP('',(#3258));
#938=EDGE_LOOP('',(#3259,#3260,#3261,#3262));
#939=EDGE_LOOP('',(#3263,#3264,#3265,#3266,#3267,#3268,#3269,#3270,#3271,
#3272,#3273,#3274,#3275,#3276,#3277,#3278,#3279,#3280,#3281,#3282));
#940=EDGE_LOOP('',(#3283,#3284,#3285,#3286,#3287,#3288,#3289,#3290,#3291,
#3292,#3293,#3294));
#941=EDGE_LOOP('',(#3295,#3296,#3297,#3298));
#942=EDGE_LOOP('',(#3299,#3300));
#943=EDGE_LOOP('',(#3301,#3302));
#944=EDGE_LOOP('',(#3303,#3304,#3305,#3306));
#945=EDGE_LOOP('',(#3307,#3308));
#946=EDGE_LOOP('',(#3309,#3310));
#947=EDGE_LOOP('',(#3311,#3312,#3313,#3314,#3315));
#948=EDGE_LOOP('',(#3316,#3317,#3318,#3319));
#949=EDGE_LOOP('',(#3320,#3321,#3322,#3323,#3324));
#950=EDGE_LOOP('',(#3325,#3326,#3327,#3328));
#951=EDGE_LOOP('',(#3329,#3330,#3331,#3332,#3333,#3334,#3335,#3336));
#952=EDGE_LOOP('',(#3337,#3338,#3339,#3340,#3341,#3342,#3343,#3344));
#953=EDGE_LOOP('',(#3345,#3346,#3347,#3348));
#954=EDGE_LOOP('',(#3349,#3350,#3351,#3352));
#955=EDGE_LOOP('',(#3353,#3354,#3355,#3356,#3357,#3358));
#956=EDGE_LOOP('',(#3359,#3360,#3361,#3362,#3363,#3364));
#957=EDGE_LOOP('',(#3365,#3366,#3367,#3368));
#958=EDGE_LOOP('',(#3369,#3370,#3371,#3372));
#959=EDGE_LOOP('',(#3373,#3374,#3375,#3376,#3377));
#960=EDGE_LOOP('',(#3378,#3379,#3380,#3381,#3382));
#961=EDGE_LOOP('',(#3383,#3384,#3385,#3386));
#962=EDGE_LOOP('',(#3387,#3388,#3389,#3390,#3391));
#963=EDGE_LOOP('',(#3392,#3393,#3394,#3395));
#964=EDGE_LOOP('',(#3396,#3397,#3398,#3399,#3400));
#965=EDGE_LOOP('',(#3401,#3402,#3403,#3404));
#966=EDGE_LOOP('',(#3405,#3406,#3407,#3408,#3409,#3410,#3411));
#967=EDGE_LOOP('',(#3412,#3413,#3414,#3415,#3416,#3417,#3418));
#968=EDGE_LOOP('',(#3419,#3420,#3421,#3422));
#969=EDGE_LOOP('',(#3423,#3424,#3425,#3426));
#970=EDGE_LOOP('',(#3427,#3428,#3429,#3430));
#971=EDGE_LOOP('',(#3431,#3432,#3433,#3434));
#972=EDGE_LOOP('',(#3435,#3436,#3437,#3438,#3439,#3440,#3441));
#973=EDGE_LOOP('',(#3442,#3443,#3444,#3445,#3446,#3447,#3448));
#974=EDGE_LOOP('',(#3449,#3450,#3451,#3452));
#975=EDGE_LOOP('',(#3453,#3454,#3455,#3456));
#976=EDGE_LOOP('',(#3457,#3458,#3459,#3460));
#977=EDGE_LOOP('',(#3461,#3462,#3463,#3464));
#978=EDGE_LOOP('',(#3465,#3466,#3467,#3468));
#979=EDGE_LOOP('',(#3469,#3470,#3471,#3472));
#980=EDGE_LOOP('',(#3473,#3474,#3475,#3476));
#981=EDGE_LOOP('',(#3477,#3478,#3479,#3480));
#982=EDGE_LOOP('',(#3481,#3482));
#983=EDGE_LOOP('',(#3483,#3484));
#984=EDGE_LOOP('',(#3485,#3486));
#985=EDGE_LOOP('',(#3487,#3488));
#986=EDGE_LOOP('',(#3489,#3490));
#987=EDGE_LOOP('',(#3491,#3492));
#988=EDGE_LOOP('',(#3493,#3494,#3495,#3496));
#989=EDGE_LOOP('',(#3497,#3498,#3499,#3500));
#990=EDGE_LOOP('',(#3501,#3502,#3503,#3504));
#991=EDGE_LOOP('',(#3505,#3506,#3507,#3508));
#992=EDGE_LOOP('',(#3509,#3510,#3511,#3512));
#993=EDGE_LOOP('',(#3513,#3514,#3515,#3516));
#994=EDGE_LOOP('',(#3517,#3518,#3519,#3520));
#995=EDGE_LOOP('',(#3521,#3522,#3523,#3524));
#996=EDGE_LOOP('',(#3525,#3526,#3527,#3528));
#997=EDGE_LOOP('',(#3529,#3530,#3531,#3532));
#998=EDGE_LOOP('',(#3533));
#999=EDGE_LOOP('',(#3534));
#1000=EDGE_LOOP('',(#3535));
#1001=EDGE_LOOP('',(#3536,#3537,#3538,#3539));
#1002=EDGE_LOOP('',(#3540,#3541,#3542,#3543));
#1003=EDGE_LOOP('',(#3544,#3545,#3546,#3547));
#1004=EDGE_LOOP('',(#3548,#3549,#3550,#3551));
#1005=EDGE_LOOP('',(#3552));
#1006=EDGE_LOOP('',(#3553));
#1007=EDGE_LOOP('',(#3554));
#1008=EDGE_LOOP('',(#3555,#3556,#3557,#3558));
#1009=EDGE_LOOP('',(#3559,#3560,#3561,#3562));
#1010=EDGE_LOOP('',(#3563,#3564,#3565,#3566,#3567,#3568,#3569,#3570,#3571,
#3572,#3573,#3574));
#1011=EDGE_LOOP('',(#3575,#3576,#3577,#3578));
#1012=EDGE_LOOP('',(#3579,#3580,#3581,#3582,#3583,#3584,#3585,#3586,#3587,
#3588,#3589,#3590));
#1013=EDGE_LOOP('',(#3591,#3592,#3593,#3594,#3595));
#1014=EDGE_LOOP('',(#3596,#3597,#3598,#3599,#3600));
#1015=EDGE_LOOP('',(#3601,#3602,#3603,#3604,#3605));
#1016=EDGE_LOOP('',(#3606,#3607,#3608,#3609,#3610));
#1017=EDGE_LOOP('',(#3611,#3612,#3613,#3614,#3615));
#1018=EDGE_LOOP('',(#3616,#3617,#3618,#3619,#3620));
#1019=EDGE_LOOP('',(#3621,#3622,#3623,#3624));
#1020=EDGE_LOOP('',(#3625,#3626,#3627,#3628));
#1021=EDGE_LOOP('',(#3629,#3630,#3631,#3632));
#1022=EDGE_LOOP('',(#3633,#3634,#3635,#3636));
#1023=EDGE_LOOP('',(#3637,#3638,#3639,#3640));
#1024=EDGE_LOOP('',(#3641,#3642,#3643,#3644));
#1025=EDGE_LOOP('',(#3645,#3646,#3647,#3648));
#1026=EDGE_LOOP('',(#3649,#3650,#3651,#3652));
#1027=EDGE_LOOP('',(#3653,#3654,#3655,#3656));
#1028=EDGE_LOOP('',(#3657,#3658,#3659,#3660));
#1029=EDGE_LOOP('',(#3661,#3662,#3663,#3664));
#1030=EDGE_LOOP('',(#3665,#3666,#3667,#3668));
#1031=EDGE_LOOP('',(#3669,#3670,#3671,#3672));
#1032=EDGE_LOOP('',(#3673,#3674,#3675,#3676));
#1033=EDGE_LOOP('',(#3677,#3678,#3679,#3680));
#1034=EDGE_LOOP('',(#3681,#3682,#3683,#3684));
#1035=EDGE_LOOP('',(#3685,#3686,#3687,#3688));
#1036=EDGE_LOOP('',(#3689,#3690,#3691,#3692));
#1037=EDGE_LOOP('',(#3693,#3694,#3695,#3696));
#1038=EDGE_LOOP('',(#3697,#3698,#3699,#3700));
#1039=EDGE_LOOP('',(#3701,#3702,#3703,#3704,#3705,#3706,#3707,#3708));
#1040=EDGE_LOOP('',(#3709,#3710,#3711,#3712));
#1041=EDGE_LOOP('',(#3713,#3714,#3715,#3716));
#1042=EDGE_LOOP('',(#3717,#3718,#3719,#3720));
#1043=EDGE_LOOP('',(#3721,#3722,#3723,#3724));
#1044=EDGE_LOOP('',(#3725,#3726,#3727,#3728));
#1045=EDGE_LOOP('',(#3729,#3730,#3731,#3732,#3733,#3734,#3735,#3736));
#1046=EDGE_LOOP('',(#3737,#3738,#3739,#3740,#3741,#3742,#3743,#3744,#3745,
#3746,#3747,#3748));
#1047=EDGE_LOOP('',(#3749,#3750,#3751,#3752));
#1048=EDGE_LOOP('',(#3753,#3754,#3755,#3756));
#1049=EDGE_LOOP('',(#3757,#3758,#3759,#3760));
#1050=EDGE_LOOP('',(#3761,#3762,#3763,#3764));
#1051=EDGE_LOOP('',(#3765,#3766,#3767,#3768));
#1052=EDGE_LOOP('',(#3769,#3770,#3771,#3772));
#1053=EDGE_LOOP('',(#3773,#3774,#3775,#3776));
#1054=EDGE_LOOP('',(#3777,#3778,#3779,#3780));
#1055=EDGE_LOOP('',(#3781,#3782,#3783,#3784));
#1056=EDGE_LOOP('',(#3785,#3786,#3787,#3788));
#1057=EDGE_LOOP('',(#3789));
#1058=EDGE_LOOP('',(#3790));
#1059=EDGE_LOOP('',(#3791));
#1060=EDGE_LOOP('',(#3792));
#1061=EDGE_LOOP('',(#3793));
#1062=EDGE_LOOP('',(#3794));
#1063=EDGE_LOOP('',(#3795));
#1064=EDGE_LOOP('',(#3796));
#1065=EDGE_LOOP('',(#3797));
#1066=EDGE_LOOP('',(#3798));
#1067=EDGE_LOOP('',(#3799));
#1068=EDGE_LOOP('',(#3800));
#1069=EDGE_LOOP('',(#3801));
#1070=EDGE_LOOP('',(#3802));
#1071=EDGE_LOOP('',(#3803));
#1072=EDGE_LOOP('',(#3804,#3805,#3806,#3807));
#1073=EDGE_LOOP('',(#3808,#3809,#3810,#3811));
#1074=EDGE_LOOP('',(#3812));
#1075=EDGE_LOOP('',(#3813,#3814,#3815,#3816,#3817,#3818,#3819));
#1076=EDGE_LOOP('',(#3820,#3821,#3822,#3823,#3824,#3825,#3826));
#1077=EDGE_LOOP('',(#3827,#3828,#3829,#3830,#3831,#3832));
#1078=EDGE_LOOP('',(#3833,#3834,#3835,#3836,#3837,#3838));
#1079=EDGE_LOOP('',(#3839,#3840,#3841,#3842,#3843,#3844));
#1080=EDGE_LOOP('',(#3845,#3846,#3847));
#1081=EDGE_LOOP('',(#3848,#3849,#3850));
#1082=EDGE_LOOP('',(#3851,#3852,#3853,#3854));
#1083=EDGE_LOOP('',(#3855,#3856,#3857,#3858));
#1084=EDGE_LOOP('',(#3859,#3860,#3861,#3862));
#1085=EDGE_LOOP('',(#3863,#3864,#3865,#3866));
#1086=EDGE_LOOP('',(#3867,#3868,#3869,#3870));
#1087=EDGE_LOOP('',(#3871,#3872,#3873,#3874));
#1088=EDGE_LOOP('',(#3875,#3876,#3877,#3878,#3879,#3880));
#1089=EDGE_LOOP('',(#3881));
#1090=EDGE_LOOP('',(#3882));
#1091=EDGE_LOOP('',(#3883,#3884,#3885,#3886));
#1092=EDGE_LOOP('',(#3887,#3888,#3889,#3890,#3891,#3892));
#1093=EDGE_LOOP('',(#3893));
#1094=EDGE_LOOP('',(#3894));
#1095=EDGE_LOOP('',(#3895,#3896,#3897,#3898));
#1096=EDGE_LOOP('',(#3899,#3900,#3901,#3902));
#1097=EDGE_LOOP('',(#3903,#3904,#3905,#3906,#3907,#3908));
#1098=EDGE_LOOP('',(#3909));
#1099=EDGE_LOOP('',(#3910));
#1100=EDGE_LOOP('',(#3911,#3912,#3913,#3914));
#1101=EDGE_LOOP('',(#3915,#3916,#3917,#3918,#3919,#3920));
#1102=EDGE_LOOP('',(#3921));
#1103=EDGE_LOOP('',(#3922));
#1104=EDGE_LOOP('',(#3923,#3924,#3925,#3926));
#1105=EDGE_LOOP('',(#3927,#3928,#3929,#3930));
#1106=EDGE_LOOP('',(#3931,#3932,#3933,#3934,#3935,#3936,#3937,#3938,#3939,
#3940,#3941,#3942));
#1107=EDGE_LOOP('',(#3943,#3944,#3945,#3946,#3947,#3948,#3949,#3950,#3951,
#3952,#3953,#3954));
#1108=EDGE_LOOP('',(#3955,#3956,#3957,#3958));
#1109=EDGE_LOOP('',(#3959,#3960,#3961,#3962));
#1110=EDGE_LOOP('',(#3963,#3964,#3965,#3966));
#1111=EDGE_LOOP('',(#3967,#3968,#3969,#3970));
#1112=LINE('',#6056,#1371);
#1113=LINE('',#6062,#1372);
#1114=LINE('',#6068,#1373);
#1115=LINE('',#6074,#1374);
#1116=LINE('',#6081,#1375);
#1117=LINE('',#6088,#1376);
#1118=LINE('',#6095,#1377);
#1119=LINE('',#6102,#1378);
#1120=LINE('',#6109,#1379);
#1121=LINE('',#6116,#1380);
#1122=LINE('',#6159,#1381);
#1123=LINE('',#6202,#1382);
#1124=LINE('',#6245,#1383);
#1125=LINE('',#6288,#1384);
#1126=LINE('',#6331,#1385);
#1127=LINE('',#6374,#1386);
#1128=LINE('',#6417,#1387);
#1129=LINE('',#6460,#1388);
#1130=LINE('',#6503,#1389);
#1131=LINE('',#6545,#1390);
#1132=LINE('',#7995,#1391);
#1133=LINE('',#8004,#1392);
#1134=LINE('',#8008,#1393);
#1135=LINE('',#8012,#1394);
#1136=LINE('',#8019,#1395);
#1137=LINE('',#8023,#1396);
#1138=LINE('',#8027,#1397);
#1139=LINE('',#8034,#1398);
#1140=LINE('',#8039,#1399);
#1141=LINE('',#8044,#1400);
#1142=LINE('',#8049,#1401);
#1143=LINE('',#8054,#1402);
#1144=LINE('',#8059,#1403);
#1145=LINE('',#8064,#1404);
#1146=LINE('',#8069,#1405);
#1147=LINE('',#8074,#1406);
#1148=LINE('',#8079,#1407);
#1149=LINE('',#8084,#1408);
#1150=LINE('',#8089,#1409);
#1151=LINE('',#8094,#1410);
#1152=LINE('',#8099,#1411);
#1153=LINE('',#8104,#1412);
#1154=LINE('',#8109,#1413);
#1155=LINE('',#8114,#1414);
#1156=LINE('',#8119,#1415);
#1157=LINE('',#8124,#1416);
#1158=LINE('',#8129,#1417);
#1159=LINE('',#8134,#1418);
#1160=LINE('',#8139,#1419);
#1161=LINE('',#8144,#1420);
#1162=LINE('',#8149,#1421);
#1163=LINE('',#8154,#1422);
#1164=LINE('',#8159,#1423);
#1165=LINE('',#8164,#1424);
#1166=LINE('',#8169,#1425);
#1167=LINE('',#8174,#1426);
#1168=LINE('',#8179,#1427);
#1169=LINE('',#8185,#1428);
#1170=LINE('',#8190,#1429);
#1171=LINE('',#8195,#1430);
#1172=LINE('',#8203,#1431);
#1173=LINE('',#8206,#1432);
#1174=LINE('',#8209,#1433);
#1175=LINE('',#8211,#1434);
#1176=LINE('',#8213,#1435);
#1177=LINE('',#8215,#1436);
#1178=LINE('',#8217,#1437);
#1179=LINE('',#8221,#1438);
#1180=LINE('',#8225,#1439);
#1181=LINE('',#8229,#1440);
#1182=LINE('',#8233,#1441);
#1183=LINE('',#8237,#1442);
#1184=LINE('',#8239,#1443);
#1185=LINE('',#8241,#1444);
#1186=LINE('',#8243,#1445);
#1187=LINE('',#8245,#1446);
#1188=LINE('',#8281,#1447);
#1189=LINE('',#8284,#1448);
#1190=LINE('',#8363,#1449);
#1191=LINE('',#8366,#1450);
#1192=LINE('',#8445,#1451);
#1193=LINE('',#8447,#1452);
#1194=LINE('',#8448,#1453);
#1195=LINE('',#8451,#1454);
#1196=LINE('',#8455,#1455);
#1197=LINE('',#8456,#1456);
#1198=LINE('',#8462,#1457);
#1199=LINE('',#8463,#1458);
#1200=LINE('',#8464,#1459);
#1201=LINE('',#8465,#1460);
#1202=LINE('',#8468,#1461);
#1203=LINE('',#8469,#1462);
#1204=LINE('',#8471,#1463);
#1205=LINE('',#8472,#1464);
#1206=LINE('',#8476,#1465);
#1207=LINE('',#8478,#1466);
#1208=LINE('',#8481,#1467);
#1209=LINE('',#8484,#1468);
#1210=LINE('',#8487,#1469);
#1211=LINE('',#8489,#1470);
#1212=LINE('',#8497,#1471);
#1213=LINE('',#8500,#1472);
#1214=LINE('',#8503,#1473);
#1215=LINE('',#8507,#1474);
#1216=LINE('',#8513,#1475);
#1217=LINE('',#8515,#1476);
#1218=LINE('',#8516,#1477);
#1219=LINE('',#8520,#1478);
#1220=LINE('',#8521,#1479);
#1221=LINE('',#8523,#1480);
#1222=LINE('',#8524,#1481);
#1223=LINE('',#8527,#1482);
#1224=LINE('',#8529,#1483);
#1225=LINE('',#8531,#1484);
#1226=LINE('',#8532,#1485);
#1227=LINE('',#8534,#1486);
#1228=LINE('',#8535,#1487);
#1229=LINE('',#8537,#1488);
#1230=LINE('',#8541,#1489);
#1231=LINE('',#8543,#1490);
#1232=LINE('',#8544,#1491);
#1233=LINE('',#8548,#1492);
#1234=LINE('',#8549,#1493);
#1235=LINE('',#8551,#1494);
#1236=LINE('',#8552,#1495);
#1237=LINE('',#8555,#1496);
#1238=LINE('',#8557,#1497);
#1239=LINE('',#8559,#1498);
#1240=LINE('',#8560,#1499);
#1241=LINE('',#8562,#1500);
#1242=LINE('',#8564,#1501);
#1243=LINE('',#8566,#1502);
#1244=LINE('',#8577,#1503);
#1245=LINE('',#8580,#1504);
#1246=LINE('',#8830,#1505);
#1247=LINE('',#8850,#1506);
#1248=LINE('',#8872,#1507);
#1249=LINE('',#8892,#1508);
#1250=LINE('',#8914,#1509);
#1251=LINE('',#8934,#1510);
#1252=LINE('',#8940,#1511);
#1253=LINE('',#8943,#1512);
#1254=LINE('',#8946,#1513);
#1255=LINE('',#8967,#1514);
#1256=LINE('',#8988,#1515);
#1257=LINE('',#9009,#1516);
#1258=LINE('',#9030,#1517);
#1259=LINE('',#9051,#1518);
#1260=LINE('',#9075,#1519);
#1261=LINE('',#9078,#1520);
#1262=LINE('',#9080,#1521);
#1263=LINE('',#9081,#1522);
#1264=LINE('',#9085,#1523);
#1265=LINE('',#9087,#1524);
#1266=LINE('',#9089,#1525);
#1267=LINE('',#9090,#1526);
#1268=LINE('',#9100,#1527);
#1269=LINE('',#9102,#1528);
#1270=LINE('',#9104,#1529);
#1271=LINE('',#9105,#1530);
#1272=LINE('',#9111,#1531);
#1273=LINE('',#9114,#1532);
#1274=LINE('',#9118,#1533);
#1275=LINE('',#9120,#1534);
#1276=LINE('',#9122,#1535);
#1277=LINE('',#9123,#1536);
#1278=LINE('',#9127,#1537);
#1279=LINE('',#9129,#1538);
#1280=LINE('',#9131,#1539);
#1281=LINE('',#9132,#1540);
#1282=LINE('',#9140,#1541);
#1283=LINE('',#9141,#1542);
#1284=LINE('',#9157,#1543);
#1285=LINE('',#9159,#1544);
#1286=LINE('',#9161,#1545);
#1287=LINE('',#9163,#1546);
#1288=LINE('',#9165,#1547);
#1289=LINE('',#9167,#1548);
#1290=LINE('',#9175,#1549);
#1291=LINE('',#9176,#1550);
#1292=LINE('',#9178,#1551);
#1293=LINE('',#9180,#1552);
#1294=LINE('',#9183,#1553);
#1295=LINE('',#9184,#1554);
#1296=LINE('',#9186,#1555);
#1297=LINE('',#9188,#1556);
#1298=LINE('',#9191,#1557);
#1299=LINE('',#9192,#1558);
#1300=LINE('',#9194,#1559);
#1301=LINE('',#9196,#1560);
#1302=LINE('',#9203,#1561);
#1303=LINE('',#9205,#1562);
#1304=LINE('',#9207,#1563);
#1305=LINE('',#9208,#1564);
#1306=LINE('',#9211,#1565);
#1307=LINE('',#9213,#1566);
#1308=LINE('',#9214,#1567);
#1309=LINE('',#9218,#1568);
#1310=LINE('',#9222,#1569);
#1311=LINE('',#9226,#1570);
#1312=LINE('',#9231,#1571);
#1313=LINE('',#9233,#1572);
#1314=LINE('',#9234,#1573);
#1315=LINE('',#9237,#1574);
#1316=LINE('',#9239,#1575);
#1317=LINE('',#9240,#1576);
#1318=LINE('',#9243,#1577);
#1319=LINE('',#9245,#1578);
#1320=LINE('',#9246,#1579);
#1321=LINE('',#9252,#1580);
#1322=LINE('',#9254,#1581);
#1323=LINE('',#9255,#1582);
#1324=LINE('',#9259,#1583);
#1325=LINE('',#9262,#1584);
#1326=LINE('',#9265,#1585);
#1327=LINE('',#9266,#1586);
#1328=LINE('',#9269,#1587);
#1329=LINE('',#9270,#1588);
#1330=LINE('',#9279,#1589);
#1331=LINE('',#9285,#1590);
#1332=LINE('',#9291,#1591);
#1333=LINE('',#9297,#1592);
#1334=LINE('',#9303,#1593);
#1335=LINE('',#9309,#1594);
#1336=LINE('',#9320,#1595);
#1337=LINE('',#9323,#1596);
#1338=LINE('',#9870,#1597);
#1339=LINE('',#10145,#1598);
#1340=LINE('',#10151,#1599);
#1341=LINE('',#10157,#1600);
#1342=LINE('',#10163,#1601);
#1343=LINE('',#10170,#1602);
#1344=LINE('',#10173,#1603);
#1345=LINE('',#10179,#1604);
#1346=LINE('',#10182,#1605);
#1347=LINE('',#10186,#1606);
#1348=LINE('',#10190,#1607);
#1349=LINE('',#10194,#1608);
#1350=LINE('',#10195,#1609);
#1351=LINE('',#10198,#1610);
#1352=LINE('',#10200,#1611);
#1353=LINE('',#10201,#1612);
#1354=LINE('',#10206,#1613);
#1355=LINE('',#10208,#1614);
#1356=LINE('',#10210,#1615);
#1357=LINE('',#10219,#1616);
#1358=LINE('',#10224,#1617);
#1359=LINE('',#10227,#1618);
#1360=LINE('',#10229,#1619);
#1361=LINE('',#10234,#1620);
#1362=LINE('',#10235,#1621);
#1363=LINE('',#10236,#1622);
#1364=LINE('',#10240,#1623);
#1365=LINE('',#10245,#1624);
#1366=LINE('',#10246,#1625);
#1367=LINE('',#10254,#1626);
#1368=LINE('',#10255,#1627);
#1369=LINE('',#10257,#1628);
#1370=LINE('',#10258,#1629);
#1371=VECTOR('',#4877,0.138);
#1372=VECTOR('',#4884,0.138);
#1373=VECTOR('',#4891,0.138);
#1374=VECTOR('',#4898,0.138);
#1375=VECTOR('',#4907,0.123621386968582);
#1376=VECTOR('',#4916,0.123621386968582);
#1377=VECTOR('',#4925,0.123621386968582);
#1378=VECTOR('',#4934,0.123621386968582);
#1379=VECTOR('',#4943,0.123621386968582);
#1380=VECTOR('',#4952,0.112);
#1381=VECTOR('',#4959,0.12);
#1382=VECTOR('',#4966,0.112);
#1383=VECTOR('',#4973,0.12);
#1384=VECTOR('',#4980,0.112);
#1385=VECTOR('',#4987,0.12);
#1386=VECTOR('',#4994,0.112);
#1387=VECTOR('',#5001,0.12);
#1388=VECTOR('',#5008,0.112);
#1389=VECTOR('',#5015,0.12);
#1390=VECTOR('',#5020,2.875);
#1391=VECTOR('',#5027,2.275);
#1392=VECTOR('',#5040,0.112);
#1393=VECTOR('',#5045,0.112);
#1394=VECTOR('',#5050,0.112);
#1395=VECTOR('',#5061,0.112);
#1396=VECTOR('',#5066,0.112);
#1397=VECTOR('',#5071,0.112);
#1398=VECTOR('',#5082,0.112);
#1399=VECTOR('',#5089,0.112);
#1400=VECTOR('',#5096,0.112);
#1401=VECTOR('',#5103,0.112);
#1402=VECTOR('',#5110,0.112);
#1403=VECTOR('',#5117,0.112);
#1404=VECTOR('',#5124,0.112);
#1405=VECTOR('',#5131,0.112);
#1406=VECTOR('',#5138,0.112);
#1407=VECTOR('',#5145,0.112);
#1408=VECTOR('',#5152,0.112);
#1409=VECTOR('',#5159,0.112);
#1410=VECTOR('',#5166,0.112);
#1411=VECTOR('',#5173,0.112);
#1412=VECTOR('',#5180,0.112);
#1413=VECTOR('',#5187,0.112);
#1414=VECTOR('',#5194,0.112);
#1415=VECTOR('',#5201,0.112);
#1416=VECTOR('',#5208,0.112);
#1417=VECTOR('',#5215,0.112);
#1418=VECTOR('',#5222,0.112);
#1419=VECTOR('',#5229,0.112);
#1420=VECTOR('',#5236,0.112);
#1421=VECTOR('',#5243,0.112);
#1422=VECTOR('',#5250,0.112);
#1423=VECTOR('',#5257,0.112);
#1424=VECTOR('',#5264,0.112);
#1425=VECTOR('',#5271,0.112);
#1426=VECTOR('',#5278,0.112);
#1427=VECTOR('',#5285,0.112);
#1428=VECTOR('',#5294,0.112);
#1429=VECTOR('',#5301,0.12);
#1430=VECTOR('',#5308,0.123621386968582);
#1431=VECTOR('',#5317,39.3700787401575);
#1432=VECTOR('',#5320,39.3700787401575);
#1433=VECTOR('',#5321,39.3700787401575);
#1434=VECTOR('',#5322,39.3700787401574);
#1435=VECTOR('',#5323,39.3700787401575);
#1436=VECTOR('',#5324,39.3700787401574);
#1437=VECTOR('',#5325,39.3700787401575);
#1438=VECTOR('',#5328,39.3700787401575);
#1439=VECTOR('',#5331,39.3700787401575);
#1440=VECTOR('',#5334,39.3700787401575);
#1441=VECTOR('',#5337,39.3700787401575);
#1442=VECTOR('',#5340,39.3700787401575);
#1443=VECTOR('',#5341,39.3700787401575);
#1444=VECTOR('',#5342,39.3700787401575);
#1445=VECTOR('',#5343,39.3700787401575);
#1446=VECTOR('',#5344,39.3700787401575);
#1447=VECTOR('',#5357,39.3700787401575);
#1448=VECTOR('',#5360,39.3700787401575);
#1449=VECTOR('',#5363,39.3700787401575);
#1450=VECTOR('',#5366,39.3700787401575);
#1451=VECTOR('',#5369,39.3700787401575);
#1452=VECTOR('',#5370,39.3700787401575);
#1453=VECTOR('',#5371,39.3700787401575);
#1454=VECTOR('',#5374,39.3700787401575);
#1455=VECTOR('',#5379,39.3700787401575);
#1456=VECTOR('',#5380,39.3700787401575);
#1457=VECTOR('',#5387,39.3700787401575);
#1458=VECTOR('',#5388,39.3700787401575);
#1459=VECTOR('',#5389,39.3700787401575);
#1460=VECTOR('',#5390,39.3700787401575);
#1461=VECTOR('',#5393,39.3700787401575);
#1462=VECTOR('',#5394,39.3700787401575);
#1463=VECTOR('',#5395,39.3700787401575);
#1464=VECTOR('',#5396,39.3700787401575);
#1465=VECTOR('',#5403,0.0885);
#1466=VECTOR('',#5406,0.0885);
#1467=VECTOR('',#5409,39.3700787401575);
#1468=VECTOR('',#5412,39.3700787401575);
#1469=VECTOR('',#5415,39.3700787401575);
#1470=VECTOR('',#5416,39.3700787401575);
#1471=VECTOR('',#5429,39.3700787401575);
#1472=VECTOR('',#5432,39.3700787401575);
#1473=VECTOR('',#5435,39.3700787401575);
#1474=VECTOR('',#5440,39.3700787401575);
#1475=VECTOR('',#5449,39.3700787401575);
#1476=VECTOR('',#5450,39.3700787401575);
#1477=VECTOR('',#5451,39.3700787401575);
#1478=VECTOR('',#5454,39.3700787401575);
#1479=VECTOR('',#5455,39.3700787401575);
#1480=VECTOR('',#5456,39.3700787401575);
#1481=VECTOR('',#5457,39.3700787401575);
#1482=VECTOR('',#5460,39.3700787401575);
#1483=VECTOR('',#5461,39.3700787401575);
#1484=VECTOR('',#5462,39.3700787401575);
#1485=VECTOR('',#5463,39.3700787401575);
#1486=VECTOR('',#5466,39.3700787401575);
#1487=VECTOR('',#5467,39.3700787401575);
#1488=VECTOR('',#5470,39.3700787401575);
#1489=VECTOR('',#5475,39.3700787401575);
#1490=VECTOR('',#5476,39.3700787401575);
#1491=VECTOR('',#5477,39.3700787401575);
#1492=VECTOR('',#5480,39.3700787401574);
#1493=VECTOR('',#5481,39.3700787401575);
#1494=VECTOR('',#5482,39.3700787401574);
#1495=VECTOR('',#5483,39.3700787401575);
#1496=VECTOR('',#5486,39.3700787401575);
#1497=VECTOR('',#5487,39.3700787401574);
#1498=VECTOR('',#5488,39.3700787401575);
#1499=VECTOR('',#5489,39.3700787401574);
#1500=VECTOR('',#5492,39.3700787401574);
#1501=VECTOR('',#5495,39.3700787401574);
#1502=VECTOR('',#5498,39.3700787401575);
#1503=VECTOR('',#5513,39.3700787401575);
#1504=VECTOR('',#5516,39.3700787401575);
#1505=VECTOR('',#5517,39.3700787401575);
#1506=VECTOR('',#5518,39.3700787401575);
#1507=VECTOR('',#5519,39.3700787401575);
#1508=VECTOR('',#5520,39.3700787401575);
#1509=VECTOR('',#5521,39.3700787401575);
#1510=VECTOR('',#5522,39.3700787401575);
#1511=VECTOR('',#5527,39.3700787401575);
#1512=VECTOR('',#5530,39.3700787401575);
#1513=VECTOR('',#5531,39.3700787401575);
#1514=VECTOR('',#5532,39.3700787401575);
#1515=VECTOR('',#5533,39.3700787401575);
#1516=VECTOR('',#5534,39.3700787401575);
#1517=VECTOR('',#5535,39.3700787401575);
#1518=VECTOR('',#5536,39.3700787401575);
#1519=VECTOR('',#5541,39.3700787401575);
#1520=VECTOR('',#5544,39.3700787401575);
#1521=VECTOR('',#5547,39.3700787401575);
#1522=VECTOR('',#5548,39.3700787401575);
#1523=VECTOR('',#5551,39.3700787401575);
#1524=VECTOR('',#5552,39.3700787401575);
#1525=VECTOR('',#5553,39.3700787401575);
#1526=VECTOR('',#5554,39.3700787401575);
#1527=VECTOR('',#5563,39.3700787401575);
#1528=VECTOR('',#5564,39.3700787401575);
#1529=VECTOR('',#5565,39.3700787401575);
#1530=VECTOR('',#5566,39.3700787401575);
#1531=VECTOR('',#5571,39.3700787401575);
#1532=VECTOR('',#5574,39.3700787401575);
#1533=VECTOR('',#5577,39.3700787401575);
#1534=VECTOR('',#5578,39.3700787401575);
#1535=VECTOR('',#5579,39.3700787401575);
#1536=VECTOR('',#5580,39.3700787401575);
#1537=VECTOR('',#5583,39.3700787401575);
#1538=VECTOR('',#5584,39.3700787401575);
#1539=VECTOR('',#5585,39.3700787401575);
#1540=VECTOR('',#5586,39.3700787401575);
#1541=VECTOR('',#5595,39.3700787401575);
#1542=VECTOR('',#5596,39.3700787401575);
#1543=VECTOR('',#5627,0.0885);
#1544=VECTOR('',#5630,0.0885);
#1545=VECTOR('',#5633,0.0885);
#1546=VECTOR('',#5636,0.0885);
#1547=VECTOR('',#5639,0.0885);
#1548=VECTOR('',#5642,0.0885);
#1549=VECTOR('',#5657,39.3700787401575);
#1550=VECTOR('',#5658,39.3700787401575);
#1551=VECTOR('',#5661,39.3700787401575);
#1552=VECTOR('',#5664,39.3700787401575);
#1553=VECTOR('',#5669,39.3700787401575);
#1554=VECTOR('',#5670,39.3700787401575);
#1555=VECTOR('',#5673,39.3700787401575);
#1556=VECTOR('',#5676,39.3700787401575);
#1557=VECTOR('',#5681,39.3700787401575);
#1558=VECTOR('',#5682,39.3700787401575);
#1559=VECTOR('',#5685,39.3700787401575);
#1560=VECTOR('',#5688,39.3700787401575);
#1561=VECTOR('',#5697,39.3700787401575);
#1562=VECTOR('',#5698,39.3700787401575);
#1563=VECTOR('',#5699,39.3700787401575);
#1564=VECTOR('',#5700,39.3700787401575);
#1565=VECTOR('',#5703,39.3700787401575);
#1566=VECTOR('',#5704,39.3700787401575);
#1567=VECTOR('',#5705,39.3700787401575);
#1568=VECTOR('',#5708,39.3700787401575);
#1569=VECTOR('',#5711,39.3700787401575);
#1570=VECTOR('',#5714,39.3700787401575);
#1571=VECTOR('',#5721,39.3700787401575);
#1572=VECTOR('',#5722,39.3700787401575);
#1573=VECTOR('',#5723,39.3700787401575);
#1574=VECTOR('',#5726,39.3700787401575);
#1575=VECTOR('',#5727,39.3700787401575);
#1576=VECTOR('',#5728,39.3700787401575);
#1577=VECTOR('',#5731,39.3700787401575);
#1578=VECTOR('',#5732,39.3700787401575);
#1579=VECTOR('',#5733,39.3700787401575);
#1580=VECTOR('',#5740,39.3700787401575);
#1581=VECTOR('',#5743,39.3700787401575);
#1582=VECTOR('',#5744,39.3700787401575);
#1583=VECTOR('',#5749,39.3700787401575);
#1584=VECTOR('',#5752,39.3700787401575);
#1585=VECTOR('',#5755,39.3700787401575);
#1586=VECTOR('',#5756,39.3700787401575);
#1587=VECTOR('',#5759,39.3700787401575);
#1588=VECTOR('',#5760,39.3700787401575);
#1589=VECTOR('',#5773,0.0885);
#1590=VECTOR('',#5780,0.0885);
#1591=VECTOR('',#5787,0.0885);
#1592=VECTOR('',#5794,0.0885);
#1593=VECTOR('',#5801,0.0885);
#1594=VECTOR('',#5808,2.875);
#1595=VECTOR('',#5823,0.0885);
#1596=VECTOR('',#5826,2.265);
#1597=VECTOR('',#5875,0.156);
#1598=VECTOR('',#5888,0.132500000000001);
#1599=VECTOR('',#5895,0.132500000000001);
#1600=VECTOR('',#5902,0.132500000000001);
#1601=VECTOR('',#5909,0.132500000000001);
#1602=VECTOR('',#5916,39.3700787401575);
#1603=VECTOR('',#5919,39.3700787401575);
#1604=VECTOR('',#5924,39.3700787401575);
#1605=VECTOR('',#5927,39.3700787401575);
#1606=VECTOR('',#5930,39.3700787401575);
#1607=VECTOR('',#5933,39.3700787401575);
#1608=VECTOR('',#5936,39.3700787401575);
#1609=VECTOR('',#5937,39.3700787401575);
#1610=VECTOR('',#5940,39.3700787401575);
#1611=VECTOR('',#5941,39.3700787401575);
#1612=VECTOR('',#5942,39.3700787401575);
#1613=VECTOR('',#5947,39.3700787401575);
#1614=VECTOR('',#5948,39.3700787401575);
#1615=VECTOR('',#5949,39.3700787401575);
#1616=VECTOR('',#5962,39.3700787401575);
#1617=VECTOR('',#5967,39.3700787401575);
#1618=VECTOR('',#5970,39.3700787401575);
#1619=VECTOR('',#5971,39.3700787401575);
#1620=VECTOR('',#5976,39.3700787401575);
#1621=VECTOR('',#5977,39.3700787401575);
#1622=VECTOR('',#5978,39.3700787401575);
#1623=VECTOR('',#5981,39.3700787401575);
#1624=VECTOR('',#5986,39.3700787401575);
#1625=VECTOR('',#5987,39.3700787401575);
#1626=VECTOR('',#6002,39.3700787401575);
#1627=VECTOR('',#6003,39.3700787401575);
#1628=VECTOR('',#6006,39.3700787401575);
#1629=VECTOR('',#6007,39.3700787401575);
#1630=CIRCLE('',#4411,0.138);
#1631=CIRCLE('',#4412,0.138);
#1632=CIRCLE('',#4414,0.138);
#1633=CIRCLE('',#4415,0.138);
#1634=CIRCLE('',#4417,0.138);
#1635=CIRCLE('',#4418,0.138);
#1636=CIRCLE('',#4420,0.138);
#1637=CIRCLE('',#4421,0.138);
#1638=CIRCLE('',#4423,0.123621386968582);
#1639=CIRCLE('',#4425,0.123621386968582);
#1640=CIRCLE('',#4427,0.123621386968582);
#1641=CIRCLE('',#4429,0.123621386968582);
#1642=CIRCLE('',#4431,0.123621386968582);
#1643=CIRCLE('',#4433,0.123621386968582);
#1644=CIRCLE('',#4435,0.123621386968582);
#1645=CIRCLE('',#4437,0.123621386968582);
#1646=CIRCLE('',#4439,0.123621386968582);
#1647=CIRCLE('',#4441,0.123621386968582);
#1648=CIRCLE('',#4443,0.112);
#1649=CIRCLE('',#4446,0.12);
#1650=CIRCLE('',#4449,0.112);
#1651=CIRCLE('',#4452,0.12);
#1652=CIRCLE('',#4455,0.112);
#1653=CIRCLE('',#4458,0.12);
#1654=CIRCLE('',#4461,0.112);
#1655=CIRCLE('',#4464,0.12);
#1656=CIRCLE('',#4467,0.112);
#1657=CIRCLE('',#4470,0.12);
#1658=CIRCLE('',#4473,2.875);
#1659=CIRCLE('',#4474,2.875);
#1660=CIRCLE('',#4476,2.275);
#1661=CIRCLE('',#4477,2.275);
#1662=CIRCLE('',#4479,0.123621386968582);
#1663=CIRCLE('',#4483,0.112);
#1664=CIRCLE('',#4485,0.112);
#1665=CIRCLE('',#4487,0.112);
#1666=CIRCLE('',#4492,0.112);
#1667=CIRCLE('',#4494,0.112);
#1668=CIRCLE('',#4496,0.112);
#1669=CIRCLE('',#4501,0.112);
#1670=CIRCLE('',#4504,0.112);
#1671=CIRCLE('',#4507,0.112);
#1672=CIRCLE('',#4510,0.112);
#1673=CIRCLE('',#4513,0.112);
#1674=CIRCLE('',#4516,0.112);
#1675=CIRCLE('',#4519,0.112);
#1676=CIRCLE('',#4522,0.112);
#1677=CIRCLE('',#4525,0.112);
#1678=CIRCLE('',#4528,0.112);
#1679=CIRCLE('',#4531,0.112);
#1680=CIRCLE('',#4534,0.112);
#1681=CIRCLE('',#4537,0.112);
#1682=CIRCLE('',#4540,0.112);
#1683=CIRCLE('',#4543,0.112);
#1684=CIRCLE('',#4546,0.112);
#1685=CIRCLE('',#4549,0.112);
#1686=CIRCLE('',#4552,0.112);
#1687=CIRCLE('',#4555,0.112);
#1688=CIRCLE('',#4558,0.112);
#1689=CIRCLE('',#4561,0.112);
#1690=CIRCLE('',#4564,0.112);
#1691=CIRCLE('',#4567,0.112);
#1692=CIRCLE('',#4570,0.112);
#1693=CIRCLE('',#4573,0.112);
#1694=CIRCLE('',#4576,0.112);
#1695=CIRCLE('',#4579,0.112);
#1696=CIRCLE('',#4582,0.112);
#1697=CIRCLE('',#4585,0.112);
#1698=CIRCLE('',#4588,0.112);
#1699=CIRCLE('',#4591,0.112);
#1700=CIRCLE('',#4594,0.12);
#1701=CIRCLE('',#4597,0.123621386968582);
#1702=CIRCLE('',#4601,2.881);
#1703=CIRCLE('',#4602,9.);
#1704=CIRCLE('',#4603,8.88);
#1705=CIRCLE('',#4604,8.90000000000035);
#1706=CIRCLE('',#4605,8.88);
#1707=CIRCLE('',#4606,8.90000000000012);
#1708=CIRCLE('',#4607,8.88);
#1709=CIRCLE('',#4608,2.995);
#1710=CIRCLE('',#4610,8.85000000000028);
#1711=CIRCLE('',#4611,6.13);
#1712=CIRCLE('',#4612,8.85000000000008);
#1713=CIRCLE('',#4614,2.881);
#1714=CIRCLE('',#4616,2.995);
#1715=CIRCLE('',#4619,9.);
#1716=CIRCLE('',#4622,6.25);
#1717=CIRCLE('',#4630,8.90000000000035);
#1718=CIRCLE('',#4632,8.85000000000028);
#1719=CIRCLE('',#4634,275.53102581139);
#1720=CIRCLE('',#4636,140.163024525903);
#1721=CIRCLE('',#4638,8.90000000000012);
#1722=CIRCLE('',#4640,269.834559506183);
#1723=CIRCLE('',#4642,8.85000000000008);
#1724=CIRCLE('',#4644,137.931807802606);
#1725=CIRCLE('',#4663,2.87499999999831);
#1726=CIRCLE('',#4664,2.87499999999831);
#1727=CIRCLE('',#4666,2.905);
#1728=CIRCLE('',#4667,2.905);
#1729=CIRCLE('',#4669,9.);
#1730=CIRCLE('',#4670,9.);
#1731=CIRCLE('',#4673,0.0885);
#1732=CIRCLE('',#4674,0.0885);
#1733=CIRCLE('',#4675,0.0885);
#1734=CIRCLE('',#4678,8.905);
#1735=CIRCLE('',#4679,8.905);
#1736=CIRCLE('',#4682,0.0885);
#1737=CIRCLE('',#4683,0.0885);
#1738=CIRCLE('',#4684,0.0885);
#1739=CIRCLE('',#4687,0.2);
#1740=CIRCLE('',#4688,0.2);
#1741=CIRCLE('',#4689,0.2);
#1742=CIRCLE('',#4690,0.2);
#1743=CIRCLE('',#4691,0.2);
#1744=CIRCLE('',#4692,0.2);
#1745=CIRCLE('',#4694,0.2);
#1746=CIRCLE('',#4695,0.2);
#1747=CIRCLE('',#4696,0.2);
#1748=CIRCLE('',#4697,0.2);
#1749=CIRCLE('',#4698,0.2);
#1750=CIRCLE('',#4699,0.2);
#1751=CIRCLE('',#4729,2.89);
#1752=CIRCLE('',#4730,2.89);
#1753=CIRCLE('',#4731,2.89);
#1754=CIRCLE('',#4732,2.89);
#1755=CIRCLE('',#4737,8.89);
#1756=CIRCLE('',#4738,8.89);
#1757=CIRCLE('',#4742,9.);
#1758=CIRCLE('',#4746,8.5);
#1759=CIRCLE('',#4750,0.0885);
#1760=CIRCLE('',#4751,0.0885);
#1761=CIRCLE('',#4753,0.0885);
#1762=CIRCLE('',#4754,0.0885);
#1763=CIRCLE('',#4756,0.0885);
#1764=CIRCLE('',#4757,0.0885);
#1765=CIRCLE('',#4759,0.0885);
#1766=CIRCLE('',#4760,0.0885);
#1767=CIRCLE('',#4762,0.0885);
#1768=CIRCLE('',#4763,0.0885);
#1769=CIRCLE('',#4765,2.875);
#1770=CIRCLE('',#4766,2.875);
#1771=CIRCLE('',#4768,0.0885);
#1772=CIRCLE('',#4770,2.265);
#1773=CIRCLE('',#4771,0.0885);
#1774=CIRCLE('',#4774,2.265);
#1775=CIRCLE('',#4786,0.156);
#1776=CIRCLE('',#4787,0.063);
#1777=CIRCLE('',#4788,0.156);
#1778=CIRCLE('',#4789,0.156);
#1779=CIRCLE('',#4791,0.156);
#1780=CIRCLE('',#4792,0.063);
#1781=CIRCLE('',#4793,0.156);
#1782=CIRCLE('',#4794,0.156);
#1783=CIRCLE('',#4803,0.132500000000001);
#1784=CIRCLE('',#4804,0.132500000000001);
#1785=CIRCLE('',#4806,0.132500000000001);
#1786=CIRCLE('',#4807,0.132500000000001);
#1787=CIRCLE('',#4809,0.132500000000001);
#1788=CIRCLE('',#4810,0.132500000000001);
#1789=CIRCLE('',#4812,0.132500000000001);
#1790=CIRCLE('',#4813,0.132500000000001);
#1791=CIRCLE('',#4815,0.225);
#1792=CIRCLE('',#4816,0.225);
#1793=CIRCLE('',#4818,0.35);
#1794=CIRCLE('',#4819,0.35);
#1795=CIRCLE('',#4821,0.1);
#1796=CIRCLE('',#4822,0.1);
#1797=CIRCLE('',#4825,0.1);
#1798=CIRCLE('',#4826,0.1);
#1799=CIRCLE('',#4828,0.1);
#1800=CIRCLE('',#4829,0.1);
#1801=CIRCLE('',#4831,0.1);
#1802=CIRCLE('',#4832,0.1);
#1803=CIRCLE('',#4834,0.1);
#1804=CIRCLE('',#4835,0.1);
#1805=CIRCLE('',#4838,0.1);
#1806=CIRCLE('',#4839,0.1);
#1807=CIRCLE('',#4841,0.225);
#1808=CIRCLE('',#4842,0.225);
#1809=CIRCLE('',#4844,0.225);
#1810=CIRCLE('',#4845,0.225);
#1811=VERTEX_POINT('',#6053);
#1812=VERTEX_POINT('',#6055);
#1813=VERTEX_POINT('',#6059);
#1814=VERTEX_POINT('',#6061);
#1815=VERTEX_POINT('',#6065);
#1816=VERTEX_POINT('',#6067);
#1817=VERTEX_POINT('',#6071);
#1818=VERTEX_POINT('',#6073);
#1819=VERTEX_POINT('',#6077);
#1820=VERTEX_POINT('',#6080);
#1821=VERTEX_POINT('',#6084);
#1822=VERTEX_POINT('',#6087);
#1823=VERTEX_POINT('',#6091);
#1824=VERTEX_POINT('',#6094);
#1825=VERTEX_POINT('',#6098);
#1826=VERTEX_POINT('',#6101);
#1827=VERTEX_POINT('',#6105);
#1828=VERTEX_POINT('',#6108);
#1829=VERTEX_POINT('',#6112);
#1830=VERTEX_POINT('',#6115);
#1831=VERTEX_POINT('',#6117);
#1832=VERTEX_POINT('',#6155);
#1833=VERTEX_POINT('',#6158);
#1834=VERTEX_POINT('',#6160);
#1835=VERTEX_POINT('',#6198);
#1836=VERTEX_POINT('',#6201);
#1837=VERTEX_POINT('',#6203);
#1838=VERTEX_POINT('',#6241);
#1839=VERTEX_POINT('',#6244);
#1840=VERTEX_POINT('',#6246);
#1841=VERTEX_POINT('',#6284);
#1842=VERTEX_POINT('',#6287);
#1843=VERTEX_POINT('',#6289);
#1844=VERTEX_POINT('',#6327);
#1845=VERTEX_POINT('',#6330);
#1846=VERTEX_POINT('',#6332);
#1847=VERTEX_POINT('',#6370);
#1848=VERTEX_POINT('',#6373);
#1849=VERTEX_POINT('',#6375);
#1850=VERTEX_POINT('',#6413);
#1851=VERTEX_POINT('',#6416);
#1852=VERTEX_POINT('',#6418);
#1853=VERTEX_POINT('',#6456);
#1854=VERTEX_POINT('',#6459);
#1855=VERTEX_POINT('',#6461);
#1856=VERTEX_POINT('',#6499);
#1857=VERTEX_POINT('',#6502);
#1858=VERTEX_POINT('',#6504);
#1859=VERTEX_POINT('',#6542);
#1860=VERTEX_POINT('',#6544);
#1861=VERTEX_POINT('',#6547);
#1862=VERTEX_POINT('',#6548);
#1863=VERTEX_POINT('',#6585);
#1864=VERTEX_POINT('',#6586);
#1865=VERTEX_POINT('',#6623);
#1866=VERTEX_POINT('',#6624);
#1867=VERTEX_POINT('',#6661);
#1868=VERTEX_POINT('',#6662);
#1869=VERTEX_POINT('',#6699);
#1870=VERTEX_POINT('',#6700);
#1871=VERTEX_POINT('',#6737);
#1872=VERTEX_POINT('',#6738);
#1873=VERTEX_POINT('',#6775);
#1874=VERTEX_POINT('',#6776);
#1875=VERTEX_POINT('',#6813);
#1876=VERTEX_POINT('',#6814);
#1877=VERTEX_POINT('',#6851);
#1878=VERTEX_POINT('',#6852);
#1879=VERTEX_POINT('',#6889);
#1880=VERTEX_POINT('',#6890);
#1881=VERTEX_POINT('',#6927);
#1882=VERTEX_POINT('',#6928);
#1883=VERTEX_POINT('',#6965);
#1884=VERTEX_POINT('',#6966);
#1885=VERTEX_POINT('',#7003);
#1886=VERTEX_POINT('',#7004);
#1887=VERTEX_POINT('',#7041);
#1888=VERTEX_POINT('',#7042);
#1889=VERTEX_POINT('',#7079);
#1890=VERTEX_POINT('',#7080);
#1891=VERTEX_POINT('',#7117);
#1892=VERTEX_POINT('',#7118);
#1893=VERTEX_POINT('',#7155);
#1894=VERTEX_POINT('',#7156);
#1895=VERTEX_POINT('',#7193);
#1896=VERTEX_POINT('',#7194);
#1897=VERTEX_POINT('',#7231);
#1898=VERTEX_POINT('',#7232);
#1899=VERTEX_POINT('',#7269);
#1900=VERTEX_POINT('',#7270);
#1901=VERTEX_POINT('',#7307);
#1902=VERTEX_POINT('',#7308);
#1903=VERTEX_POINT('',#7345);
#1904=VERTEX_POINT('',#7346);
#1905=VERTEX_POINT('',#7383);
#1906=VERTEX_POINT('',#7384);
#1907=VERTEX_POINT('',#7421);
#1908=VERTEX_POINT('',#7422);
#1909=VERTEX_POINT('',#7459);
#1910=VERTEX_POINT('',#7460);
#1911=VERTEX_POINT('',#7497);
#1912=VERTEX_POINT('',#7498);
#1913=VERTEX_POINT('',#7535);
#1914=VERTEX_POINT('',#7536);
#1915=VERTEX_POINT('',#7573);
#1916=VERTEX_POINT('',#7574);
#1917=VERTEX_POINT('',#7611);
#1918=VERTEX_POINT('',#7612);
#1919=VERTEX_POINT('',#7649);
#1920=VERTEX_POINT('',#7650);
#1921=VERTEX_POINT('',#7687);
#1922=VERTEX_POINT('',#7688);
#1923=VERTEX_POINT('',#7725);
#1924=VERTEX_POINT('',#7726);
#1925=VERTEX_POINT('',#7763);
#1926=VERTEX_POINT('',#7764);
#1927=VERTEX_POINT('',#7801);
#1928=VERTEX_POINT('',#7802);
#1929=VERTEX_POINT('',#7839);
#1930=VERTEX_POINT('',#7840);
#1931=VERTEX_POINT('',#7877);
#1932=VERTEX_POINT('',#7878);
#1933=VERTEX_POINT('',#7915);
#1934=VERTEX_POINT('',#7916);
#1935=VERTEX_POINT('',#7953);
#1936=VERTEX_POINT('',#7954);
#1937=VERTEX_POINT('',#7992);
#1938=VERTEX_POINT('',#7994);
#1939=VERTEX_POINT('',#7998);
#1940=VERTEX_POINT('',#8003);
#1941=VERTEX_POINT('',#8007);
#1942=VERTEX_POINT('',#8011);
#1943=VERTEX_POINT('',#8018);
#1944=VERTEX_POINT('',#8022);
#1945=VERTEX_POINT('',#8026);
#1946=VERTEX_POINT('',#8033);
#1947=VERTEX_POINT('',#8038);
#1948=VERTEX_POINT('',#8043);
#1949=VERTEX_POINT('',#8048);
#1950=VERTEX_POINT('',#8053);
#1951=VERTEX_POINT('',#8058);
#1952=VERTEX_POINT('',#8063);
#1953=VERTEX_POINT('',#8068);
#1954=VERTEX_POINT('',#8073);
#1955=VERTEX_POINT('',#8078);
#1956=VERTEX_POINT('',#8083);
#1957=VERTEX_POINT('',#8088);
#1958=VERTEX_POINT('',#8093);
#1959=VERTEX_POINT('',#8098);
#1960=VERTEX_POINT('',#8103);
#1961=VERTEX_POINT('',#8108);
#1962=VERTEX_POINT('',#8113);
#1963=VERTEX_POINT('',#8118);
#1964=VERTEX_POINT('',#8123);
#1965=VERTEX_POINT('',#8128);
#1966=VERTEX_POINT('',#8133);
#1967=VERTEX_POINT('',#8138);
#1968=VERTEX_POINT('',#8143);
#1969=VERTEX_POINT('',#8148);
#1970=VERTEX_POINT('',#8153);
#1971=VERTEX_POINT('',#8158);
#1972=VERTEX_POINT('',#8163);
#1973=VERTEX_POINT('',#8168);
#1974=VERTEX_POINT('',#8173);
#1975=VERTEX_POINT('',#8178);
#1976=VERTEX_POINT('',#8183);
#1977=VERTEX_POINT('',#8188);
#1978=VERTEX_POINT('',#8193);
#1979=VERTEX_POINT('',#8199);
#1980=VERTEX_POINT('',#8200);
#1981=VERTEX_POINT('',#8202);
#1982=VERTEX_POINT('',#8204);
#1983=VERTEX_POINT('',#8207);
#1984=VERTEX_POINT('',#8208);
#1985=VERTEX_POINT('',#8210);
#1986=VERTEX_POINT('',#8212);
#1987=VERTEX_POINT('',#8214);
#1988=VERTEX_POINT('',#8216);
#1989=VERTEX_POINT('',#8218);
#1990=VERTEX_POINT('',#8220);
#1991=VERTEX_POINT('',#8222);
#1992=VERTEX_POINT('',#8224);
#1993=VERTEX_POINT('',#8226);
#1994=VERTEX_POINT('',#8228);
#1995=VERTEX_POINT('',#8230);
#1996=VERTEX_POINT('',#8232);
#1997=VERTEX_POINT('',#8234);
#1998=VERTEX_POINT('',#8236);
#1999=VERTEX_POINT('',#8238);
#2000=VERTEX_POINT('',#8240);
#2001=VERTEX_POINT('',#8242);
#2002=VERTEX_POINT('',#8244);
#2003=VERTEX_POINT('',#8248);
#2004=VERTEX_POINT('',#8253);
#2005=VERTEX_POINT('',#8258);
#2006=VERTEX_POINT('',#8264);
#2007=VERTEX_POINT('',#8268);
#2008=VERTEX_POINT('',#8273);
#2009=VERTEX_POINT('',#8280);
#2010=VERTEX_POINT('',#8282);
#2011=VERTEX_POINT('',#8285);
#2012=VERTEX_POINT('',#8286);
#2013=VERTEX_POINT('',#8323);
#2014=VERTEX_POINT('',#8324);
#2015=VERTEX_POINT('',#8362);
#2016=VERTEX_POINT('',#8364);
#2017=VERTEX_POINT('',#8367);
#2018=VERTEX_POINT('',#8368);
#2019=VERTEX_POINT('',#8405);
#2020=VERTEX_POINT('',#8406);
#2021=VERTEX_POINT('',#8444);
#2022=VERTEX_POINT('',#8446);
#2023=VERTEX_POINT('',#8450);
#2024=VERTEX_POINT('',#8454);
#2025=VERTEX_POINT('',#8460);
#2026=VERTEX_POINT('',#8461);
#2027=VERTEX_POINT('',#8467);
#2028=VERTEX_POINT('',#8470);
#2029=VERTEX_POINT('',#8480);
#2030=VERTEX_POINT('',#8482);
#2031=VERTEX_POINT('',#8486);
#2032=VERTEX_POINT('',#8488);
#2033=VERTEX_POINT('',#8496);
#2034=VERTEX_POINT('',#8498);
#2035=VERTEX_POINT('',#8502);
#2036=VERTEX_POINT('',#8506);
#2037=VERTEX_POINT('',#8512);
#2038=VERTEX_POINT('',#8514);
#2039=VERTEX_POINT('',#8518);
#2040=VERTEX_POINT('',#8519);
#2041=VERTEX_POINT('',#8522);
#2042=VERTEX_POINT('',#8526);
#2043=VERTEX_POINT('',#8528);
#2044=VERTEX_POINT('',#8530);
#2045=VERTEX_POINT('',#8540);
#2046=VERTEX_POINT('',#8542);
#2047=VERTEX_POINT('',#8546);
#2048=VERTEX_POINT('',#8547);
#2049=VERTEX_POINT('',#8550);
#2050=VERTEX_POINT('',#8554);
#2051=VERTEX_POINT('',#8556);
#2052=VERTEX_POINT('',#8558);
#2053=VERTEX_POINT('',#8573);
#2054=VERTEX_POINT('',#8574);
#2055=VERTEX_POINT('',#8576);
#2056=VERTEX_POINT('',#8578);
#2057=VERTEX_POINT('',#8581);
#2058=VERTEX_POINT('',#8582);
#2059=VERTEX_POINT('',#8619);
#2060=VERTEX_POINT('',#8620);
#2061=VERTEX_POINT('',#8657);
#2062=VERTEX_POINT('',#8658);
#2063=VERTEX_POINT('',#8695);
#2064=VERTEX_POINT('',#8696);
#2065=VERTEX_POINT('',#8733);
#2066=VERTEX_POINT('',#8734);
#2067=VERTEX_POINT('',#8771);
#2068=VERTEX_POINT('',#8772);
#2069=VERTEX_POINT('',#8809);
#2070=VERTEX_POINT('',#8810);
#2071=VERTEX_POINT('',#8829);
#2072=VERTEX_POINT('',#8831);
#2073=VERTEX_POINT('',#8851);
#2074=VERTEX_POINT('',#8852);
#2075=VERTEX_POINT('',#8871);
#2076=VERTEX_POINT('',#8873);
#2077=VERTEX_POINT('',#8893);
#2078=VERTEX_POINT('',#8894);
#2079=VERTEX_POINT('',#8913);
#2080=VERTEX_POINT('',#8915);
#2081=VERTEX_POINT('',#8936);
#2082=VERTEX_POINT('',#8937);
#2083=VERTEX_POINT('',#8939);
#2084=VERTEX_POINT('',#8941);
#2085=VERTEX_POINT('',#8944);
#2086=VERTEX_POINT('',#8945);
#2087=VERTEX_POINT('',#8947);
#2088=VERTEX_POINT('',#8966);
#2089=VERTEX_POINT('',#8986);
#2090=VERTEX_POINT('',#8987);
#2091=VERTEX_POINT('',#8989);
#2092=VERTEX_POINT('',#9008);
#2093=VERTEX_POINT('',#9028);
#2094=VERTEX_POINT('',#9029);
#2095=VERTEX_POINT('',#9031);
#2096=VERTEX_POINT('',#9050);
#2097=VERTEX_POINT('',#9071);
#2098=VERTEX_POINT('',#9072);
#2099=VERTEX_POINT('',#9074);
#2100=VERTEX_POINT('',#9076);
#2101=VERTEX_POINT('',#9083);
#2102=VERTEX_POINT('',#9084);
#2103=VERTEX_POINT('',#9086);
#2104=VERTEX_POINT('',#9088);
#2105=VERTEX_POINT('',#9091);
#2106=VERTEX_POINT('',#9093);
#2107=VERTEX_POINT('',#9095);
#2108=VERTEX_POINT('',#9098);
#2109=VERTEX_POINT('',#9099);
#2110=VERTEX_POINT('',#9101);
#2111=VERTEX_POINT('',#9103);
#2112=VERTEX_POINT('',#9107);
#2113=VERTEX_POINT('',#9108);
#2114=VERTEX_POINT('',#9110);
#2115=VERTEX_POINT('',#9112);
#2116=VERTEX_POINT('',#9116);
#2117=VERTEX_POINT('',#9117);
#2118=VERTEX_POINT('',#9119);
#2119=VERTEX_POINT('',#9121);
#2120=VERTEX_POINT('',#9125);
#2121=VERTEX_POINT('',#9126);
#2122=VERTEX_POINT('',#9128);
#2123=VERTEX_POINT('',#9130);
#2124=VERTEX_POINT('',#9133);
#2125=VERTEX_POINT('',#9135);
#2126=VERTEX_POINT('',#9137);
#2127=VERTEX_POINT('',#9201);
#2128=VERTEX_POINT('',#9202);
#2129=VERTEX_POINT('',#9204);
#2130=VERTEX_POINT('',#9206);
#2131=VERTEX_POINT('',#9210);
#2132=VERTEX_POINT('',#9212);
#2133=VERTEX_POINT('',#9216);
#2134=VERTEX_POINT('',#9217);
#2135=VERTEX_POINT('',#9219);
#2136=VERTEX_POINT('',#9221);
#2137=VERTEX_POINT('',#9223);
#2138=VERTEX_POINT('',#9225);
#2139=VERTEX_POINT('',#9230);
#2140=VERTEX_POINT('',#9232);
#2141=VERTEX_POINT('',#9236);
#2142=VERTEX_POINT('',#9238);
#2143=VERTEX_POINT('',#9242);
#2144=VERTEX_POINT('',#9244);
#2145=VERTEX_POINT('',#9248);
#2146=VERTEX_POINT('',#9250);
#2147=VERTEX_POINT('',#9258);
#2148=VERTEX_POINT('',#9260);
#2149=VERTEX_POINT('',#9264);
#2150=VERTEX_POINT('',#9268);
#2151=VERTEX_POINT('',#9276);
#2152=VERTEX_POINT('',#9278);
#2153=VERTEX_POINT('',#9282);
#2154=VERTEX_POINT('',#9284);
#2155=VERTEX_POINT('',#9288);
#2156=VERTEX_POINT('',#9290);
#2157=VERTEX_POINT('',#9294);
#2158=VERTEX_POINT('',#9296);
#2159=VERTEX_POINT('',#9300);
#2160=VERTEX_POINT('',#9302);
#2161=VERTEX_POINT('',#9306);
#2162=VERTEX_POINT('',#9308);
#2163=VERTEX_POINT('',#9312);
#2164=VERTEX_POINT('',#9315);
#2165=VERTEX_POINT('',#9317);
#2166=VERTEX_POINT('',#9322);
#2167=VERTEX_POINT('',#9336);
#2168=VERTEX_POINT('',#9337);
#2169=VERTEX_POINT('',#9381);
#2170=VERTEX_POINT('',#9426);
#2171=VERTEX_POINT('',#9428);
#2172=VERTEX_POINT('',#9432);
#2173=VERTEX_POINT('',#9433);
#2174=VERTEX_POINT('',#9435);
#2175=VERTEX_POINT('',#9437);
#2176=VERTEX_POINT('',#9481);
#2177=VERTEX_POINT('',#9793);
#2178=VERTEX_POINT('',#9795);
#2179=VERTEX_POINT('',#10142);
#2180=VERTEX_POINT('',#10144);
#2181=VERTEX_POINT('',#10148);
#2182=VERTEX_POINT('',#10150);
#2183=VERTEX_POINT('',#10154);
#2184=VERTEX_POINT('',#10156);
#2185=VERTEX_POINT('',#10160);
#2186=VERTEX_POINT('',#10162);
#2187=VERTEX_POINT('',#10166);
#2188=VERTEX_POINT('',#10167);
#2189=VERTEX_POINT('',#10169);
#2190=VERTEX_POINT('',#10171);
#2191=VERTEX_POINT('',#10175);
#2192=VERTEX_POINT('',#10176);
#2193=VERTEX_POINT('',#10178);
#2194=VERTEX_POINT('',#10180);
#2195=VERTEX_POINT('',#10184);
#2196=VERTEX_POINT('',#10185);
#2197=VERTEX_POINT('',#10187);
#2198=VERTEX_POINT('',#10189);
#2199=VERTEX_POINT('',#10191);
#2200=VERTEX_POINT('',#10193);
#2201=VERTEX_POINT('',#10197);
#2202=VERTEX_POINT('',#10199);
#2203=VERTEX_POINT('',#10203);
#2204=VERTEX_POINT('',#10205);
#2205=VERTEX_POINT('',#10207);
#2206=VERTEX_POINT('',#10209);
#2207=VERTEX_POINT('',#10216);
#2208=VERTEX_POINT('',#10218);
#2209=VERTEX_POINT('',#10222);
#2210=VERTEX_POINT('',#10223);
#2211=VERTEX_POINT('',#10225);
#2212=VERTEX_POINT('',#10228);
#2213=VERTEX_POINT('',#10232);
#2214=VERTEX_POINT('',#10233);
#2215=VERTEX_POINT('',#10238);
#2216=VERTEX_POINT('',#10239);
#2217=VERTEX_POINT('',#10242);
#2218=VERTEX_POINT('',#10244);
#2219=EDGE_CURVE('',#1811,#1811,#1630,.T.);
#2220=EDGE_CURVE('',#1811,#1812,#1112,.T.);
#2221=EDGE_CURVE('',#1812,#1812,#1631,.T.);
#2222=EDGE_CURVE('',#1813,#1813,#1632,.T.);
#2223=EDGE_CURVE('',#1813,#1814,#1113,.T.);
#2224=EDGE_CURVE('',#1814,#1814,#1633,.T.);
#2225=EDGE_CURVE('',#1815,#1815,#1634,.T.);
#2226=EDGE_CURVE('',#1815,#1816,#1114,.T.);
#2227=EDGE_CURVE('',#1816,#1816,#1635,.T.);
#2228=EDGE_CURVE('',#1817,#1817,#1636,.T.);
#2229=EDGE_CURVE('',#1817,#1818,#1115,.T.);
#2230=EDGE_CURVE('',#1818,#1818,#1637,.T.);
#2231=EDGE_CURVE('',#1819,#1819,#1638,.T.);
#2232=EDGE_CURVE('',#1819,#1820,#1116,.T.);
#2233=EDGE_CURVE('',#1820,#1820,#1639,.T.);
#2234=EDGE_CURVE('',#1821,#1821,#1640,.T.);
#2235=EDGE_CURVE('',#1821,#1822,#1117,.T.);
#2236=EDGE_CURVE('',#1822,#1822,#1641,.T.);
#2237=EDGE_CURVE('',#1823,#1823,#1642,.T.);
#2238=EDGE_CURVE('',#1823,#1824,#1118,.T.);
#2239=EDGE_CURVE('',#1824,#1824,#1643,.T.);
#2240=EDGE_CURVE('',#1825,#1825,#1644,.T.);
#2241=EDGE_CURVE('',#1825,#1826,#1119,.T.);
#2242=EDGE_CURVE('',#1826,#1826,#1645,.T.);
#2243=EDGE_CURVE('',#1827,#1827,#1646,.T.);
#2244=EDGE_CURVE('',#1827,#1828,#1120,.T.);
#2245=EDGE_CURVE('',#1828,#1828,#1647,.T.);
#2246=EDGE_CURVE('',#1829,#1829,#1648,.T.);
#2247=EDGE_CURVE('',#1829,#1830,#1121,.T.);
#2248=EDGE_CURVE('',#1831,#1830,#257,.T.);
#2249=EDGE_CURVE('',#1830,#1831,#258,.T.);
#2250=EDGE_CURVE('',#1832,#1832,#1649,.T.);
#2251=EDGE_CURVE('',#1832,#1833,#1122,.T.);
#2252=EDGE_CURVE('',#1834,#1833,#259,.T.);
#2253=EDGE_CURVE('',#1833,#1834,#260,.T.);
#2254=EDGE_CURVE('',#1835,#1835,#1650,.T.);
#2255=EDGE_CURVE('',#1835,#1836,#1123,.T.);
#2256=EDGE_CURVE('',#1837,#1836,#261,.T.);
#2257=EDGE_CURVE('',#1836,#1837,#262,.T.);
#2258=EDGE_CURVE('',#1838,#1838,#1651,.T.);
#2259=EDGE_CURVE('',#1838,#1839,#1124,.T.);
#2260=EDGE_CURVE('',#1840,#1839,#263,.T.);
#2261=EDGE_CURVE('',#1839,#1840,#264,.T.);
#2262=EDGE_CURVE('',#1841,#1841,#1652,.T.);
#2263=EDGE_CURVE('',#1841,#1842,#1125,.T.);
#2264=EDGE_CURVE('',#1843,#1842,#265,.T.);
#2265=EDGE_CURVE('',#1842,#1843,#266,.T.);
#2266=EDGE_CURVE('',#1844,#1844,#1653,.T.);
#2267=EDGE_CURVE('',#1844,#1845,#1126,.T.);
#2268=EDGE_CURVE('',#1846,#1845,#267,.T.);
#2269=EDGE_CURVE('',#1845,#1846,#268,.T.);
#2270=EDGE_CURVE('',#1847,#1847,#1654,.T.);
#2271=EDGE_CURVE('',#1847,#1848,#1127,.T.);
#2272=EDGE_CURVE('',#1849,#1848,#269,.T.);
#2273=EDGE_CURVE('',#1848,#1849,#270,.T.);
#2274=EDGE_CURVE('',#1850,#1850,#1655,.T.);
#2275=EDGE_CURVE('',#1850,#1851,#1128,.T.);
#2276=EDGE_CURVE('',#1852,#1851,#271,.T.);
#2277=EDGE_CURVE('',#1851,#1852,#272,.T.);
#2278=EDGE_CURVE('',#1853,#1853,#1656,.T.);
#2279=EDGE_CURVE('',#1853,#1854,#1129,.T.);
#2280=EDGE_CURVE('',#1855,#1854,#273,.T.);
#2281=EDGE_CURVE('',#1854,#1855,#274,.T.);
#2282=EDGE_CURVE('',#1856,#1856,#1657,.T.);
#2283=EDGE_CURVE('',#1856,#1857,#1130,.T.);
#2284=EDGE_CURVE('',#1858,#1857,#275,.T.);
#2285=EDGE_CURVE('',#1857,#1858,#276,.T.);
#2286=EDGE_CURVE('',#1859,#1859,#1658,.T.);
#2287=EDGE_CURVE('',#1859,#1860,#1131,.T.);
#2288=EDGE_CURVE('',#1860,#1860,#1659,.T.);
#2289=EDGE_CURVE('',#1861,#1862,#277,.T.);
#2290=EDGE_CURVE('',#1862,#1861,#278,.T.);
#2291=EDGE_CURVE('',#1863,#1864,#279,.T.);
#2292=EDGE_CURVE('',#1864,#1863,#280,.T.);
#2293=EDGE_CURVE('',#1865,#1866,#281,.T.);
#2294=EDGE_CURVE('',#1866,#1865,#282,.T.);
#2295=EDGE_CURVE('',#1867,#1868,#283,.T.);
#2296=EDGE_CURVE('',#1868,#1867,#284,.T.);
#2297=EDGE_CURVE('',#1869,#1870,#285,.T.);
#2298=EDGE_CURVE('',#1870,#1869,#286,.T.);
#2299=EDGE_CURVE('',#1871,#1872,#287,.T.);
#2300=EDGE_CURVE('',#1872,#1871,#288,.T.);
#2301=EDGE_CURVE('',#1873,#1874,#289,.T.);
#2302=EDGE_CURVE('',#1874,#1873,#290,.T.);
#2303=EDGE_CURVE('',#1875,#1876,#291,.T.);
#2304=EDGE_CURVE('',#1876,#1875,#292,.T.);
#2305=EDGE_CURVE('',#1877,#1878,#293,.T.);
#2306=EDGE_CURVE('',#1878,#1877,#294,.T.);
#2307=EDGE_CURVE('',#1879,#1880,#295,.T.);
#2308=EDGE_CURVE('',#1880,#1879,#296,.T.);
#2309=EDGE_CURVE('',#1881,#1882,#297,.T.);
#2310=EDGE_CURVE('',#1882,#1881,#298,.T.);
#2311=EDGE_CURVE('',#1883,#1884,#299,.T.);
#2312=EDGE_CURVE('',#1884,#1883,#300,.T.);
#2313=EDGE_CURVE('',#1885,#1886,#301,.T.);
#2314=EDGE_CURVE('',#1886,#1885,#302,.T.);
#2315=EDGE_CURVE('',#1887,#1888,#303,.T.);
#2316=EDGE_CURVE('',#1888,#1887,#304,.T.);
#2317=EDGE_CURVE('',#1889,#1890,#305,.T.);
#2318=EDGE_CURVE('',#1890,#1889,#306,.T.);
#2319=EDGE_CURVE('',#1891,#1892,#307,.T.);
#2320=EDGE_CURVE('',#1892,#1891,#308,.T.);
#2321=EDGE_CURVE('',#1893,#1894,#309,.T.);
#2322=EDGE_CURVE('',#1894,#1893,#310,.T.);
#2323=EDGE_CURVE('',#1895,#1896,#311,.T.);
#2324=EDGE_CURVE('',#1896,#1895,#312,.T.);
#2325=EDGE_CURVE('',#1897,#1898,#313,.T.);
#2326=EDGE_CURVE('',#1898,#1897,#314,.T.);
#2327=EDGE_CURVE('',#1899,#1900,#315,.T.);
#2328=EDGE_CURVE('',#1900,#1899,#316,.T.);
#2329=EDGE_CURVE('',#1901,#1902,#317,.T.);
#2330=EDGE_CURVE('',#1902,#1901,#318,.T.);
#2331=EDGE_CURVE('',#1903,#1904,#319,.T.);
#2332=EDGE_CURVE('',#1904,#1903,#320,.T.);
#2333=EDGE_CURVE('',#1905,#1906,#321,.T.);
#2334=EDGE_CURVE('',#1906,#1905,#322,.T.);
#2335=EDGE_CURVE('',#1907,#1908,#323,.T.);
#2336=EDGE_CURVE('',#1908,#1907,#324,.T.);
#2337=EDGE_CURVE('',#1909,#1910,#325,.T.);
#2338=EDGE_CURVE('',#1910,#1909,#326,.T.);
#2339=EDGE_CURVE('',#1911,#1912,#327,.T.);
#2340=EDGE_CURVE('',#1912,#1911,#328,.T.);
#2341=EDGE_CURVE('',#1913,#1914,#329,.T.);
#2342=EDGE_CURVE('',#1914,#1913,#330,.T.);
#2343=EDGE_CURVE('',#1915,#1916,#331,.T.);
#2344=EDGE_CURVE('',#1916,#1915,#332,.T.);
#2345=EDGE_CURVE('',#1917,#1918,#333,.T.);
#2346=EDGE_CURVE('',#1918,#1917,#334,.T.);
#2347=EDGE_CURVE('',#1919,#1920,#335,.T.);
#2348=EDGE_CURVE('',#1920,#1919,#336,.T.);
#2349=EDGE_CURVE('',#1921,#1922,#337,.T.);
#2350=EDGE_CURVE('',#1922,#1921,#338,.T.);
#2351=EDGE_CURVE('',#1923,#1924,#339,.T.);
#2352=EDGE_CURVE('',#1924,#1923,#340,.T.);
#2353=EDGE_CURVE('',#1925,#1926,#341,.T.);
#2354=EDGE_CURVE('',#1926,#1925,#342,.T.);
#2355=EDGE_CURVE('',#1927,#1928,#343,.T.);
#2356=EDGE_CURVE('',#1928,#1927,#344,.T.);
#2357=EDGE_CURVE('',#1929,#1930,#345,.T.);
#2358=EDGE_CURVE('',#1930,#1929,#346,.T.);
#2359=EDGE_CURVE('',#1931,#1932,#347,.T.);
#2360=EDGE_CURVE('',#1932,#1931,#348,.T.);
#2361=EDGE_CURVE('',#1933,#1934,#349,.T.);
#2362=EDGE_CURVE('',#1934,#1933,#350,.T.);
#2363=EDGE_CURVE('',#1935,#1936,#351,.T.);
#2364=EDGE_CURVE('',#1936,#1935,#352,.T.);
#2365=EDGE_CURVE('',#1937,#1937,#1660,.T.);
#2366=EDGE_CURVE('',#1937,#1938,#1132,.T.);
#2367=EDGE_CURVE('',#1938,#1938,#1661,.T.);
#2368=EDGE_CURVE('',#1939,#1939,#1662,.T.);
#2369=EDGE_CURVE('',#1868,#1940,#1133,.T.);
#2370=EDGE_CURVE('',#1940,#1940,#1663,.T.);
#2371=EDGE_CURVE('',#1870,#1941,#1134,.T.);
#2372=EDGE_CURVE('',#1941,#1941,#1664,.T.);
#2373=EDGE_CURVE('',#1872,#1942,#1135,.T.);
#2374=EDGE_CURVE('',#1942,#1942,#1665,.T.);
#2375=EDGE_CURVE('',#1876,#1943,#1136,.T.);
#2376=EDGE_CURVE('',#1943,#1943,#1666,.T.);
#2377=EDGE_CURVE('',#1874,#1944,#1137,.T.);
#2378=EDGE_CURVE('',#1944,#1944,#1667,.T.);
#2379=EDGE_CURVE('',#1866,#1945,#1138,.T.);
#2380=EDGE_CURVE('',#1945,#1945,#1668,.T.);
#2381=EDGE_CURVE('',#1878,#1946,#1139,.T.);
#2382=EDGE_CURVE('',#1946,#1946,#1669,.T.);
#2383=EDGE_CURVE('',#1880,#1947,#1140,.T.);
#2384=EDGE_CURVE('',#1947,#1947,#1670,.T.);
#2385=EDGE_CURVE('',#1882,#1948,#1141,.T.);
#2386=EDGE_CURVE('',#1948,#1948,#1671,.T.);
#2387=EDGE_CURVE('',#1884,#1949,#1142,.T.);
#2388=EDGE_CURVE('',#1949,#1949,#1672,.T.);
#2389=EDGE_CURVE('',#1886,#1950,#1143,.T.);
#2390=EDGE_CURVE('',#1950,#1950,#1673,.T.);
#2391=EDGE_CURVE('',#1888,#1951,#1144,.T.);
#2392=EDGE_CURVE('',#1951,#1951,#1674,.T.);
#2393=EDGE_CURVE('',#1890,#1952,#1145,.T.);
#2394=EDGE_CURVE('',#1952,#1952,#1675,.T.);
#2395=EDGE_CURVE('',#1892,#1953,#1146,.T.);
#2396=EDGE_CURVE('',#1953,#1953,#1676,.T.);
#2397=EDGE_CURVE('',#1894,#1954,#1147,.T.);
#2398=EDGE_CURVE('',#1954,#1954,#1677,.T.);
#2399=EDGE_CURVE('',#1896,#1955,#1148,.T.);
#2400=EDGE_CURVE('',#1955,#1955,#1678,.T.);
#2401=EDGE_CURVE('',#1898,#1956,#1149,.T.);
#2402=EDGE_CURVE('',#1956,#1956,#1679,.T.);
#2403=EDGE_CURVE('',#1900,#1957,#1150,.T.);
#2404=EDGE_CURVE('',#1957,#1957,#1680,.T.);
#2405=EDGE_CURVE('',#1902,#1958,#1151,.T.);
#2406=EDGE_CURVE('',#1958,#1958,#1681,.T.);
#2407=EDGE_CURVE('',#1904,#1959,#1152,.T.);
#2408=EDGE_CURVE('',#1959,#1959,#1682,.T.);
#2409=EDGE_CURVE('',#1906,#1960,#1153,.T.);
#2410=EDGE_CURVE('',#1960,#1960,#1683,.T.);
#2411=EDGE_CURVE('',#1908,#1961,#1154,.T.);
#2412=EDGE_CURVE('',#1961,#1961,#1684,.T.);
#2413=EDGE_CURVE('',#1910,#1962,#1155,.T.);
#2414=EDGE_CURVE('',#1962,#1962,#1685,.T.);
#2415=EDGE_CURVE('',#1912,#1963,#1156,.T.);
#2416=EDGE_CURVE('',#1963,#1963,#1686,.T.);
#2417=EDGE_CURVE('',#1914,#1964,#1157,.T.);
#2418=EDGE_CURVE('',#1964,#1964,#1687,.T.);
#2419=EDGE_CURVE('',#1916,#1965,#1158,.T.);
#2420=EDGE_CURVE('',#1965,#1965,#1688,.T.);
#2421=EDGE_CURVE('',#1918,#1966,#1159,.T.);
#2422=EDGE_CURVE('',#1966,#1966,#1689,.T.);
#2423=EDGE_CURVE('',#1920,#1967,#1160,.T.);
#2424=EDGE_CURVE('',#1967,#1967,#1690,.T.);
#2425=EDGE_CURVE('',#1922,#1968,#1161,.T.);
#2426=EDGE_CURVE('',#1968,#1968,#1691,.T.);
#2427=EDGE_CURVE('',#1924,#1969,#1162,.T.);
#2428=EDGE_CURVE('',#1969,#1969,#1692,.T.);
#2429=EDGE_CURVE('',#1926,#1970,#1163,.T.);
#2430=EDGE_CURVE('',#1970,#1970,#1693,.T.);
#2431=EDGE_CURVE('',#1928,#1971,#1164,.T.);
#2432=EDGE_CURVE('',#1971,#1971,#1694,.T.);
#2433=EDGE_CURVE('',#1930,#1972,#1165,.T.);
#2434=EDGE_CURVE('',#1972,#1972,#1695,.T.);
#2435=EDGE_CURVE('',#1932,#1973,#1166,.T.);
#2436=EDGE_CURVE('',#1973,#1973,#1696,.T.);
#2437=EDGE_CURVE('',#1934,#1974,#1167,.T.);
#2438=EDGE_CURVE('',#1974,#1974,#1697,.T.);
#2439=EDGE_CURVE('',#1936,#1975,#1168,.T.);
#2440=EDGE_CURVE('',#1975,#1975,#1698,.T.);
#2441=EDGE_CURVE('',#1976,#1976,#1699,.T.);
#2442=EDGE_CURVE('',#1976,#1864,#1169,.T.);
#2443=EDGE_CURVE('',#1977,#1977,#1700,.T.);
#2444=EDGE_CURVE('',#1977,#1862,#1170,.T.);
#2445=EDGE_CURVE('',#1978,#1978,#1701,.T.);
#2446=EDGE_CURVE('',#1978,#1939,#1171,.T.);
#2447=EDGE_CURVE('',#1979,#1980,#1702,.T.);
#2448=EDGE_CURVE('',#1981,#1980,#1172,.T.);
#2449=EDGE_CURVE('',#1982,#1981,#1703,.T.);
#2450=EDGE_CURVE('',#1982,#1979,#1173,.T.);
#2451=EDGE_CURVE('',#1983,#1984,#1174,.T.);
#2452=EDGE_CURVE('',#1983,#1985,#1175,.T.);
#2453=EDGE_CURVE('',#1985,#1986,#1176,.T.);
#2454=EDGE_CURVE('',#1986,#1987,#1177,.T.);
#2455=EDGE_CURVE('',#1988,#1987,#1178,.T.);
#2456=EDGE_CURVE('',#1988,#1989,#1704,.T.);
#2457=EDGE_CURVE('',#1990,#1989,#1179,.T.);
#2458=EDGE_CURVE('',#1990,#1991,#1705,.T.);
#2459=EDGE_CURVE('',#1991,#1992,#1180,.T.);
#2460=EDGE_CURVE('',#1992,#1993,#1706,.T.);
#2461=EDGE_CURVE('',#1994,#1993,#1181,.T.);
#2462=EDGE_CURVE('',#1994,#1995,#1707,.T.);
#2463=EDGE_CURVE('',#1995,#1996,#1182,.T.);
#2464=EDGE_CURVE('',#1996,#1997,#1708,.T.);
#2465=EDGE_CURVE('',#1997,#1998,#1183,.T.);
#2466=EDGE_CURVE('',#1998,#1999,#1184,.T.);
#2467=EDGE_CURVE('',#2000,#1999,#1185,.T.);
#2468=EDGE_CURVE('',#2001,#2000,#1186,.T.);
#2469=EDGE_CURVE('',#2001,#2002,#1187,.T.);
#2470=EDGE_CURVE('',#1984,#2002,#1709,.T.);
#2471=EDGE_CURVE('',#1993,#2003,#353,.T.);
#2472=EDGE_CURVE('',#1992,#2004,#354,.T.);
#2473=EDGE_CURVE('',#2005,#2004,#1710,.F.);
#2474=EDGE_CURVE('',#1989,#2005,#355,.T.);
#2475=EDGE_CURVE('',#2006,#1988,#114,.T.);
#2476=EDGE_CURVE('',#2007,#2006,#1711,.T.);
#2477=EDGE_CURVE('',#1997,#2007,#115,.T.);
#2478=EDGE_CURVE('',#1996,#2008,#356,.T.);
#2479=EDGE_CURVE('',#2008,#2003,#1712,.T.);
#2480=EDGE_CURVE('',#2009,#1979,#1188,.T.);
#2481=EDGE_CURVE('',#2009,#2010,#1713,.T.);
#2482=EDGE_CURVE('',#2010,#1980,#1189,.T.);
#2483=EDGE_CURVE('',#2011,#2012,#357,.T.);
#2484=EDGE_CURVE('',#2012,#2011,#358,.T.);
#2485=EDGE_CURVE('',#2013,#2014,#359,.T.);
#2486=EDGE_CURVE('',#2014,#2013,#360,.T.);
#2487=EDGE_CURVE('',#2015,#2002,#1190,.T.);
#2488=EDGE_CURVE('',#2016,#2015,#1714,.T.);
#2489=EDGE_CURVE('',#2016,#1984,#1191,.T.);
#2490=EDGE_CURVE('',#2017,#2018,#361,.T.);
#2491=EDGE_CURVE('',#2018,#2017,#362,.T.);
#2492=EDGE_CURVE('',#2019,#2020,#363,.T.);
#2493=EDGE_CURVE('',#2020,#2019,#364,.T.);
#2494=EDGE_CURVE('',#2021,#1982,#1192,.T.);
#2495=EDGE_CURVE('',#2021,#2022,#1193,.T.);
#2496=EDGE_CURVE('',#2022,#2009,#1194,.T.);
#2497=EDGE_CURVE('',#2023,#1981,#1195,.T.);
#2498=EDGE_CURVE('',#2023,#2021,#1715,.F.);
#2499=EDGE_CURVE('',#2024,#2010,#1196,.T.);
#2500=EDGE_CURVE('',#2024,#2023,#1197,.F.);
#2501=EDGE_CURVE('',#2022,#2024,#1716,.T.);
#2502=EDGE_CURVE('',#2025,#2026,#1198,.T.);
#2503=EDGE_CURVE('',#2025,#1983,#1199,.T.);
#2504=EDGE_CURVE('',#2006,#2016,#1200,.T.);
#2505=EDGE_CURVE('',#1987,#2026,#1201,.T.);
#2506=EDGE_CURVE('',#1998,#2027,#1202,.T.);
#2507=EDGE_CURVE('',#2007,#2015,#1203,.T.);
#2508=EDGE_CURVE('',#2001,#2028,#1204,.T.);
#2509=EDGE_CURVE('',#2028,#2027,#1205,.T.);
#2510=EDGE_CURVE('',#2018,#2014,#1206,.T.);
#2511=EDGE_CURVE('',#2020,#2012,#1207,.T.);
#2512=EDGE_CURVE('',#2029,#1990,#1208,.T.);
#2513=EDGE_CURVE('',#2029,#2030,#1717,.F.);
#2514=EDGE_CURVE('',#2030,#1991,#1209,.T.);
#2515=EDGE_CURVE('',#2031,#2005,#1210,.T.);
#2516=EDGE_CURVE('',#2032,#2004,#1211,.T.);
#2517=EDGE_CURVE('',#2031,#2032,#1718,.T.);
#2518=EDGE_CURVE('',#2030,#2032,#1719,.T.);
#2519=EDGE_CURVE('',#2031,#2029,#1720,.T.);
#2520=EDGE_CURVE('',#2033,#1994,#1212,.T.);
#2521=EDGE_CURVE('',#2033,#2034,#1721,.F.);
#2522=EDGE_CURVE('',#2034,#1995,#1213,.T.);
#2523=EDGE_CURVE('',#2035,#2003,#1214,.T.);
#2524=EDGE_CURVE('',#2035,#2033,#1722,.T.);
#2525=EDGE_CURVE('',#2036,#2008,#1215,.T.);
#2526=EDGE_CURVE('',#2036,#2035,#1723,.T.);
#2527=EDGE_CURVE('',#2034,#2036,#1724,.T.);
#2528=EDGE_CURVE('',#2037,#1999,#1216,.T.);
#2529=EDGE_CURVE('',#2037,#2038,#1217,.T.);
#2530=EDGE_CURVE('',#2038,#2000,#1218,.T.);
#2531=EDGE_CURVE('',#2039,#2040,#1219,.T.);
#2532=EDGE_CURVE('',#2040,#2037,#1220,.T.);
#2533=EDGE_CURVE('',#2041,#2027,#1221,.T.);
#2534=EDGE_CURVE('',#2039,#2041,#1222,.T.);
#2535=EDGE_CURVE('',#2038,#2042,#1223,.T.);
#2536=EDGE_CURVE('',#2043,#2042,#1224,.T.);
#2537=EDGE_CURVE('',#2043,#2044,#1225,.T.);
#2538=EDGE_CURVE('',#2044,#2028,#1226,.T.);
#2539=EDGE_CURVE('',#2044,#2041,#1227,.T.);
#2540=EDGE_CURVE('',#2043,#2039,#1228,.T.);
#2541=EDGE_CURVE('',#2042,#2040,#1229,.T.);
#2542=EDGE_CURVE('',#2045,#1985,#1230,.T.);
#2543=EDGE_CURVE('',#2045,#2046,#1231,.T.);
#2544=EDGE_CURVE('',#2046,#1986,#1232,.T.);
#2545=EDGE_CURVE('',#2047,#2048,#1233,.T.);
#2546=EDGE_CURVE('',#2048,#2045,#1234,.F.);
#2547=EDGE_CURVE('',#2049,#2025,#1235,.T.);
#2548=EDGE_CURVE('',#2047,#2049,#1236,.T.);
#2549=EDGE_CURVE('',#2046,#2050,#1237,.F.);
#2550=EDGE_CURVE('',#2050,#2051,#1238,.T.);
#2551=EDGE_CURVE('',#2051,#2052,#1239,.T.);
#2552=EDGE_CURVE('',#2026,#2052,#1240,.T.);
#2553=EDGE_CURVE('',#2052,#2049,#1241,.T.);
#2554=EDGE_CURVE('',#2051,#2047,#1242,.T.);
#2555=EDGE_CURVE('',#2050,#2048,#1243,.T.);
#2556=EDGE_CURVE('',#2053,#2054,#1725,.T.);
#2557=EDGE_CURVE('',#2055,#2054,#1244,.T.);
#2558=EDGE_CURVE('',#2056,#2055,#1726,.T.);
#2559=EDGE_CURVE('',#2056,#2053,#1245,.T.);
#2560=EDGE_CURVE('',#2057,#2058,#365,.T.);
#2561=EDGE_CURVE('',#2058,#2057,#366,.T.);
#2562=EDGE_CURVE('',#2059,#2060,#367,.T.);
#2563=EDGE_CURVE('',#2060,#2059,#368,.T.);
#2564=EDGE_CURVE('',#2061,#2062,#369,.T.);
#2565=EDGE_CURVE('',#2062,#2061,#370,.T.);
#2566=EDGE_CURVE('',#2063,#2064,#371,.T.);
#2567=EDGE_CURVE('',#2064,#2063,#372,.T.);
#2568=EDGE_CURVE('',#2065,#2066,#373,.T.);
#2569=EDGE_CURVE('',#2066,#2065,#374,.T.);
#2570=EDGE_CURVE('',#2067,#2068,#375,.T.);
#2571=EDGE_CURVE('',#2068,#2067,#376,.T.);
#2572=EDGE_CURVE('',#2069,#2070,#377,.T.);
#2573=EDGE_CURVE('',#2071,#2069,#1246,.T.);
#2574=EDGE_CURVE('',#2072,#2071,#378,.T.);
#2575=EDGE_CURVE('',#2072,#2070,#1247,.T.);
#2576=EDGE_CURVE('',#2073,#2074,#379,.T.);
#2577=EDGE_CURVE('',#2075,#2073,#1248,.T.);
#2578=EDGE_CURVE('',#2076,#2075,#380,.T.);
#2579=EDGE_CURVE('',#2076,#2074,#1249,.T.);
#2580=EDGE_CURVE('',#2077,#2078,#381,.T.);
#2581=EDGE_CURVE('',#2079,#2077,#1250,.T.);
#2582=EDGE_CURVE('',#2080,#2079,#382,.T.);
#2583=EDGE_CURVE('',#2080,#2078,#1251,.T.);
#2584=EDGE_CURVE('',#2081,#2082,#1727,.T.);
#2585=EDGE_CURVE('',#2081,#2083,#1252,.F.);
#2586=EDGE_CURVE('',#2083,#2084,#1728,.T.);
#2587=EDGE_CURVE('',#2084,#2082,#1253,.T.);
#2588=EDGE_CURVE('',#2085,#2086,#1254,.T.);
#2589=EDGE_CURVE('',#2086,#2087,#383,.T.);
#2590=EDGE_CURVE('',#2088,#2087,#1255,.T.);
#2591=EDGE_CURVE('',#2088,#2085,#384,.T.);
#2592=EDGE_CURVE('',#2089,#2090,#1256,.T.);
#2593=EDGE_CURVE('',#2090,#2091,#385,.T.);
#2594=EDGE_CURVE('',#2092,#2091,#1257,.T.);
#2595=EDGE_CURVE('',#2092,#2089,#386,.T.);
#2596=EDGE_CURVE('',#2093,#2094,#1258,.T.);
#2597=EDGE_CURVE('',#2094,#2095,#387,.T.);
#2598=EDGE_CURVE('',#2096,#2095,#1259,.T.);
#2599=EDGE_CURVE('',#2096,#2093,#388,.T.);
#2600=EDGE_CURVE('',#2097,#2098,#1729,.T.);
#2601=EDGE_CURVE('',#2099,#2097,#1260,.T.);
#2602=EDGE_CURVE('',#2099,#2100,#1730,.T.);
#2603=EDGE_CURVE('',#2100,#2098,#1261,.T.);
#2604=EDGE_CURVE('',#2097,#2053,#1262,.T.);
#2605=EDGE_CURVE('',#2099,#2056,#1263,.T.);
#2606=EDGE_CURVE('',#2101,#2102,#1264,.T.);
#2607=EDGE_CURVE('',#2102,#2103,#1265,.T.);
#2608=EDGE_CURVE('',#2104,#2103,#1266,.T.);
#2609=EDGE_CURVE('',#2104,#2101,#1267,.F.);
#2610=EDGE_CURVE('',#2105,#2105,#1731,.T.);
#2611=EDGE_CURVE('',#2106,#2106,#1732,.T.);
#2612=EDGE_CURVE('',#2107,#2107,#1733,.T.);
#2613=EDGE_CURVE('',#2108,#2109,#1268,.T.);
#2614=EDGE_CURVE('',#2108,#2110,#1269,.T.);
#2615=EDGE_CURVE('',#2110,#2111,#1270,.T.);
#2616=EDGE_CURVE('',#2111,#2109,#1271,.T.);
#2617=EDGE_CURVE('',#2112,#2113,#1734,.T.);
#2618=EDGE_CURVE('',#2113,#2114,#1272,.F.);
#2619=EDGE_CURVE('',#2115,#2114,#1735,.T.);
#2620=EDGE_CURVE('',#2115,#2112,#1273,.T.);
#2621=EDGE_CURVE('',#2116,#2117,#1274,.T.);
#2622=EDGE_CURVE('',#2117,#2118,#1275,.T.);
#2623=EDGE_CURVE('',#2119,#2118,#1276,.T.);
#2624=EDGE_CURVE('',#2119,#2116,#1277,.F.);
#2625=EDGE_CURVE('',#2120,#2121,#1278,.T.);
#2626=EDGE_CURVE('',#2120,#2122,#1279,.F.);
#2627=EDGE_CURVE('',#2122,#2123,#1280,.T.);
#2628=EDGE_CURVE('',#2123,#2121,#1281,.T.);
#2629=EDGE_CURVE('',#2124,#2124,#1736,.T.);
#2630=EDGE_CURVE('',#2125,#2125,#1737,.T.);
#2631=EDGE_CURVE('',#2126,#2126,#1738,.T.);
#2632=EDGE_CURVE('',#2098,#2054,#1282,.T.);
#2633=EDGE_CURVE('',#2100,#2055,#1283,.T.);
#2634=EDGE_CURVE('',#2122,#2084,#1739,.T.);
#2635=EDGE_CURVE('',#2083,#2102,#1740,.T.);
#2636=EDGE_CURVE('',#2101,#2108,#1741,.F.);
#2637=EDGE_CURVE('',#2109,#2115,#1742,.F.);
#2638=EDGE_CURVE('',#2114,#2117,#1743,.F.);
#2639=EDGE_CURVE('',#2116,#2123,#1744,.F.);
#2640=EDGE_CURVE('',#2082,#2120,#1745,.F.);
#2641=EDGE_CURVE('',#2121,#2119,#1746,.T.);
#2642=EDGE_CURVE('',#2118,#2113,#1747,.T.);
#2643=EDGE_CURVE('',#2112,#2111,#1748,.T.);
#2644=EDGE_CURVE('',#2110,#2104,#1749,.T.);
#2645=EDGE_CURVE('',#2103,#2081,#1750,.F.);
#2646=EDGE_CURVE('',#2058,#2107,#1284,.T.);
#2647=EDGE_CURVE('',#2060,#2106,#1285,.T.);
#2648=EDGE_CURVE('',#2062,#2105,#1286,.T.);
#2649=EDGE_CURVE('',#2064,#2126,#1287,.T.);
#2650=EDGE_CURVE('',#2066,#2125,#1288,.T.);
#2651=EDGE_CURVE('',#2068,#2124,#1289,.T.);
#2652=EDGE_CURVE('',#2087,#2070,#1290,.T.);
#2653=EDGE_CURVE('',#2086,#2069,#1291,.T.);
#2654=EDGE_CURVE('',#2085,#2071,#1292,.T.);
#2655=EDGE_CURVE('',#2088,#2072,#1293,.T.);
#2656=EDGE_CURVE('',#2091,#2078,#1294,.T.);
#2657=EDGE_CURVE('',#2090,#2077,#1295,.T.);
#2658=EDGE_CURVE('',#2089,#2079,#1296,.T.);
#2659=EDGE_CURVE('',#2092,#2080,#1297,.T.);
#2660=EDGE_CURVE('',#2095,#2074,#1298,.T.);
#2661=EDGE_CURVE('',#2094,#2073,#1299,.T.);
#2662=EDGE_CURVE('',#2093,#2075,#1300,.T.);
#2663=EDGE_CURVE('',#2096,#2076,#1301,.T.);
#2664=EDGE_CURVE('',#2127,#2128,#1302,.T.);
#2665=EDGE_CURVE('',#2129,#2127,#1303,.T.);
#2666=EDGE_CURVE('',#2129,#2130,#1304,.T.);
#2667=EDGE_CURVE('',#2130,#2128,#1305,.T.);
#2668=EDGE_CURVE('',#2128,#2131,#1306,.T.);
#2669=EDGE_CURVE('',#2130,#2132,#1307,.T.);
#2670=EDGE_CURVE('',#2132,#2131,#1308,.T.);
#2671=EDGE_CURVE('',#2133,#2134,#1309,.T.);
#2672=EDGE_CURVE('',#2134,#2135,#1751,.T.);
#2673=EDGE_CURVE('',#2136,#2135,#1310,.T.);
#2674=EDGE_CURVE('',#2137,#2136,#1752,.T.);
#2675=EDGE_CURVE('',#2137,#2138,#1311,.T.);
#2676=EDGE_CURVE('',#2138,#2131,#1753,.T.);
#2677=EDGE_CURVE('',#2132,#2133,#1754,.T.);
#2678=EDGE_CURVE('',#2134,#2139,#1312,.T.);
#2679=EDGE_CURVE('',#2133,#2140,#1313,.T.);
#2680=EDGE_CURVE('',#2140,#2139,#1314,.T.);
#2681=EDGE_CURVE('',#2139,#2141,#1315,.T.);
#2682=EDGE_CURVE('',#2140,#2142,#1316,.T.);
#2683=EDGE_CURVE('',#2142,#2141,#1317,.T.);
#2684=EDGE_CURVE('',#2141,#2143,#1318,.T.);
#2685=EDGE_CURVE('',#2142,#2144,#1319,.T.);
#2686=EDGE_CURVE('',#2144,#2143,#1320,.T.);
#2687=EDGE_CURVE('',#2145,#2143,#1755,.T.);
#2688=EDGE_CURVE('',#2146,#2144,#1756,.T.);
#2689=EDGE_CURVE('',#2146,#2145,#1321,.T.);
#2690=EDGE_CURVE('',#2145,#2127,#1322,.T.);
#2691=EDGE_CURVE('',#2146,#2129,#1323,.T.);
#2692=EDGE_CURVE('',#2138,#2147,#1324,.T.);
#2693=EDGE_CURVE('',#2147,#2148,#1757,.T.);
#2694=EDGE_CURVE('',#2135,#2148,#1325,.T.);
#2695=EDGE_CURVE('',#2148,#2149,#1326,.F.);
#2696=EDGE_CURVE('',#2136,#2149,#1327,.T.);
#2697=EDGE_CURVE('',#2137,#2150,#1328,.T.);
#2698=EDGE_CURVE('',#2150,#2147,#1329,.T.);
#2699=EDGE_CURVE('',#2149,#2150,#1758,.T.);
#2700=EDGE_CURVE('',#2151,#2151,#1759,.F.);
#2701=EDGE_CURVE('',#2151,#2152,#1330,.T.);
#2702=EDGE_CURVE('',#2152,#2152,#1760,.T.);
#2703=EDGE_CURVE('',#2153,#2153,#1761,.F.);
#2704=EDGE_CURVE('',#2153,#2154,#1331,.T.);
#2705=EDGE_CURVE('',#2154,#2154,#1762,.T.);
#2706=EDGE_CURVE('',#2155,#2155,#1763,.F.);
#2707=EDGE_CURVE('',#2155,#2156,#1332,.T.);
#2708=EDGE_CURVE('',#2156,#2156,#1764,.T.);
#2709=EDGE_CURVE('',#2157,#2157,#1765,.F.);
#2710=EDGE_CURVE('',#2157,#2158,#1333,.T.);
#2711=EDGE_CURVE('',#2158,#2158,#1766,.T.);
#2712=EDGE_CURVE('',#2159,#2159,#1767,.F.);
#2713=EDGE_CURVE('',#2159,#2160,#1334,.T.);
#2714=EDGE_CURVE('',#2160,#2160,#1768,.T.);
#2715=EDGE_CURVE('',#2161,#2161,#1769,.T.);
#2716=EDGE_CURVE('',#2161,#2162,#1335,.T.);
#2717=EDGE_CURVE('',#2162,#2162,#1770,.T.);
#2718=EDGE_CURVE('',#2163,#2163,#1771,.F.);
#2719=EDGE_CURVE('',#2164,#2164,#1772,.T.);
#2720=EDGE_CURVE('',#2165,#2165,#1773,.T.);
#2721=EDGE_CURVE('',#2163,#2165,#1336,.T.);
#2722=EDGE_CURVE('',#2164,#2166,#1337,.T.);
#2723=EDGE_CURVE('',#2166,#2166,#1774,.T.);
#2724=EDGE_CURVE('',#2167,#2168,#389,.T.);
#2725=EDGE_CURVE('',#2169,#2167,#1775,.T.);
#2726=EDGE_CURVE('',#2168,#2169,#390,.T.);
#2727=EDGE_CURVE('',#2168,#2170,#1776,.T.);
#2728=EDGE_CURVE('',#2170,#2171,#1777,.T.);
#2729=EDGE_CURVE('',#2171,#2170,#1778,.T.);
#2730=EDGE_CURVE('',#2172,#2173,#1779,.T.);
#2731=EDGE_CURVE('',#2172,#2174,#1780,.T.);
#2732=EDGE_CURVE('',#2174,#2175,#391,.T.);
#2733=EDGE_CURVE('',#2175,#2176,#1781,.T.);
#2734=EDGE_CURVE('',#2176,#2174,#392,.T.);
#2735=EDGE_CURVE('',#2173,#2172,#1782,.T.);
#2736=EDGE_CURVE('',#2177,#2169,#14,.T.);
#2737=EDGE_CURVE('',#2177,#2178,#393,.T.);
#2738=EDGE_CURVE('',#2178,#2175,#15,.T.);
#2739=EDGE_CURVE('',#2168,#2174,#394,.T.);
#2740=EDGE_CURVE('',#2171,#2173,#1338,.T.);
#2741=EDGE_CURVE('',#2167,#2177,#16,.T.);
#2742=EDGE_CURVE('',#2176,#2178,#17,.T.);
#2743=EDGE_CURVE('',#2179,#2179,#1783,.T.);
#2744=EDGE_CURVE('',#2179,#2180,#1339,.T.);
#2745=EDGE_CURVE('',#2180,#2180,#1784,.T.);
#2746=EDGE_CURVE('',#2181,#2181,#1785,.T.);
#2747=EDGE_CURVE('',#2181,#2182,#1340,.T.);
#2748=EDGE_CURVE('',#2182,#2182,#1786,.T.);
#2749=EDGE_CURVE('',#2183,#2183,#1787,.T.);
#2750=EDGE_CURVE('',#2183,#2184,#1341,.T.);
#2751=EDGE_CURVE('',#2184,#2184,#1788,.T.);
#2752=EDGE_CURVE('',#2185,#2185,#1789,.T.);
#2753=EDGE_CURVE('',#2185,#2186,#1342,.T.);
#2754=EDGE_CURVE('',#2186,#2186,#1790,.T.);
#2755=EDGE_CURVE('',#2187,#2188,#1791,.T.);
#2756=EDGE_CURVE('',#2187,#2189,#1343,.T.);
#2757=EDGE_CURVE('',#2189,#2190,#1792,.T.);
#2758=EDGE_CURVE('',#2188,#2190,#1344,.T.);
#2759=EDGE_CURVE('',#2191,#2192,#1793,.T.);
#2760=EDGE_CURVE('',#2191,#2193,#1345,.T.);
#2761=EDGE_CURVE('',#2193,#2194,#1794,.T.);
#2762=EDGE_CURVE('',#2192,#2194,#1346,.T.);
#2763=EDGE_CURVE('',#2195,#2196,#1347,.T.);
#2764=EDGE_CURVE('',#2196,#2197,#1795,.T.);
#2765=EDGE_CURVE('',#2198,#2197,#1348,.T.);
#2766=EDGE_CURVE('',#2198,#2199,#1796,.T.);
#2767=EDGE_CURVE('',#2200,#2199,#1349,.T.);
#2768=EDGE_CURVE('',#2200,#2195,#1350,.T.);
#2769=EDGE_CURVE('',#2197,#2201,#1351,.T.);
#2770=EDGE_CURVE('',#2202,#2201,#1352,.T.);
#2771=EDGE_CURVE('',#2202,#2198,#1353,.T.);
#2772=EDGE_CURVE('',#2201,#2203,#1797,.T.);
#2773=EDGE_CURVE('',#2203,#2204,#1354,.T.);
#2774=EDGE_CURVE('',#2205,#2204,#1355,.T.);
#2775=EDGE_CURVE('',#2206,#2205,#1356,.T.);
#2776=EDGE_CURVE('',#2206,#2202,#1798,.T.);
#2777=EDGE_CURVE('',#2204,#2193,#1799,.T.);
#2778=EDGE_CURVE('',#2205,#2191,#1800,.T.);
#2779=EDGE_CURVE('',#2194,#2207,#1801,.T.);
#2780=EDGE_CURVE('',#2208,#2207,#1357,.T.);
#2781=EDGE_CURVE('',#2192,#2208,#1802,.T.);
#2782=EDGE_CURVE('',#2209,#2210,#1358,.T.);
#2783=EDGE_CURVE('',#2209,#2211,#1803,.T.);
#2784=EDGE_CURVE('',#2208,#2211,#1359,.T.);
#2785=EDGE_CURVE('',#2207,#2212,#1360,.T.);
#2786=EDGE_CURVE('',#2212,#2210,#1804,.T.);
#2787=EDGE_CURVE('',#2213,#2214,#1361,.T.);
#2788=EDGE_CURVE('',#2213,#2209,#1362,.T.);
#2789=EDGE_CURVE('',#2210,#2214,#1363,.T.);
#2790=EDGE_CURVE('',#2215,#2216,#1364,.T.);
#2791=EDGE_CURVE('',#2215,#2213,#1805,.T.);
#2792=EDGE_CURVE('',#2214,#2217,#1806,.T.);
#2793=EDGE_CURVE('',#2217,#2218,#1365,.T.);
#2794=EDGE_CURVE('',#2216,#2218,#1366,.T.);
#2795=EDGE_CURVE('',#2218,#2189,#1807,.T.);
#2796=EDGE_CURVE('',#2216,#2187,#1808,.T.);
#2797=EDGE_CURVE('',#2190,#2195,#1809,.T.);
#2798=EDGE_CURVE('',#2188,#2200,#1810,.T.);
#2799=EDGE_CURVE('',#2211,#2215,#1367,.T.);
#2800=EDGE_CURVE('',#2199,#2206,#1368,.T.);
#2801=EDGE_CURVE('',#2217,#2212,#1369,.T.);
#2802=EDGE_CURVE('',#2203,#2196,#1370,.T.);
#2803=ORIENTED_EDGE('',*,*,#2219,.F.);
#2804=ORIENTED_EDGE('',*,*,#2220,.T.);
#2805=ORIENTED_EDGE('',*,*,#2221,.F.);
#2806=ORIENTED_EDGE('',*,*,#2220,.F.);
#2807=ORIENTED_EDGE('',*,*,#2222,.F.);
#2808=ORIENTED_EDGE('',*,*,#2223,.T.);
#2809=ORIENTED_EDGE('',*,*,#2224,.F.);
#2810=ORIENTED_EDGE('',*,*,#2223,.F.);
#2811=ORIENTED_EDGE('',*,*,#2225,.F.);
#2812=ORIENTED_EDGE('',*,*,#2226,.T.);
#2813=ORIENTED_EDGE('',*,*,#2227,.F.);
#2814=ORIENTED_EDGE('',*,*,#2226,.F.);
#2815=ORIENTED_EDGE('',*,*,#2228,.F.);
#2816=ORIENTED_EDGE('',*,*,#2229,.T.);
#2817=ORIENTED_EDGE('',*,*,#2230,.F.);
#2818=ORIENTED_EDGE('',*,*,#2229,.F.);
#2819=ORIENTED_EDGE('',*,*,#2231,.T.);
#2820=ORIENTED_EDGE('',*,*,#2231,.F.);
#2821=ORIENTED_EDGE('',*,*,#2232,.T.);
#2822=ORIENTED_EDGE('',*,*,#2233,.T.);
#2823=ORIENTED_EDGE('',*,*,#2232,.F.);
#2824=ORIENTED_EDGE('',*,*,#2234,.T.);
#2825=ORIENTED_EDGE('',*,*,#2234,.F.);
#2826=ORIENTED_EDGE('',*,*,#2235,.T.);
#2827=ORIENTED_EDGE('',*,*,#2236,.T.);
#2828=ORIENTED_EDGE('',*,*,#2235,.F.);
#2829=ORIENTED_EDGE('',*,*,#2237,.T.);
#2830=ORIENTED_EDGE('',*,*,#2237,.F.);
#2831=ORIENTED_EDGE('',*,*,#2238,.T.);
#2832=ORIENTED_EDGE('',*,*,#2239,.T.);
#2833=ORIENTED_EDGE('',*,*,#2238,.F.);
#2834=ORIENTED_EDGE('',*,*,#2240,.T.);
#2835=ORIENTED_EDGE('',*,*,#2240,.F.);
#2836=ORIENTED_EDGE('',*,*,#2241,.T.);
#2837=ORIENTED_EDGE('',*,*,#2242,.T.);
#2838=ORIENTED_EDGE('',*,*,#2241,.F.);
#2839=ORIENTED_EDGE('',*,*,#2243,.T.);
#2840=ORIENTED_EDGE('',*,*,#2243,.F.);
#2841=ORIENTED_EDGE('',*,*,#2244,.T.);
#2842=ORIENTED_EDGE('',*,*,#2245,.T.);
#2843=ORIENTED_EDGE('',*,*,#2244,.F.);
#2844=ORIENTED_EDGE('',*,*,#2246,.T.);
#2845=ORIENTED_EDGE('',*,*,#2246,.F.);
#2846=ORIENTED_EDGE('',*,*,#2247,.T.);
#2847=ORIENTED_EDGE('',*,*,#2248,.F.);
#2848=ORIENTED_EDGE('',*,*,#2249,.F.);
#2849=ORIENTED_EDGE('',*,*,#2247,.F.);
#2850=ORIENTED_EDGE('',*,*,#2250,.T.);
#2851=ORIENTED_EDGE('',*,*,#2250,.F.);
#2852=ORIENTED_EDGE('',*,*,#2251,.T.);
#2853=ORIENTED_EDGE('',*,*,#2252,.F.);
#2854=ORIENTED_EDGE('',*,*,#2253,.F.);
#2855=ORIENTED_EDGE('',*,*,#2251,.F.);
#2856=ORIENTED_EDGE('',*,*,#2254,.T.);
#2857=ORIENTED_EDGE('',*,*,#2254,.F.);
#2858=ORIENTED_EDGE('',*,*,#2255,.T.);
#2859=ORIENTED_EDGE('',*,*,#2256,.F.);
#2860=ORIENTED_EDGE('',*,*,#2257,.F.);
#2861=ORIENTED_EDGE('',*,*,#2255,.F.);
#2862=ORIENTED_EDGE('',*,*,#2258,.T.);
#2863=ORIENTED_EDGE('',*,*,#2258,.F.);
#2864=ORIENTED_EDGE('',*,*,#2259,.T.);
#2865=ORIENTED_EDGE('',*,*,#2260,.F.);
#2866=ORIENTED_EDGE('',*,*,#2261,.F.);
#2867=ORIENTED_EDGE('',*,*,#2259,.F.);
#2868=ORIENTED_EDGE('',*,*,#2262,.T.);
#2869=ORIENTED_EDGE('',*,*,#2262,.F.);
#2870=ORIENTED_EDGE('',*,*,#2263,.T.);
#2871=ORIENTED_EDGE('',*,*,#2264,.F.);
#2872=ORIENTED_EDGE('',*,*,#2265,.F.);
#2873=ORIENTED_EDGE('',*,*,#2263,.F.);
#2874=ORIENTED_EDGE('',*,*,#2266,.T.);
#2875=ORIENTED_EDGE('',*,*,#2266,.F.);
#2876=ORIENTED_EDGE('',*,*,#2267,.T.);
#2877=ORIENTED_EDGE('',*,*,#2268,.F.);
#2878=ORIENTED_EDGE('',*,*,#2269,.F.);
#2879=ORIENTED_EDGE('',*,*,#2267,.F.);
#2880=ORIENTED_EDGE('',*,*,#2270,.T.);
#2881=ORIENTED_EDGE('',*,*,#2270,.F.);
#2882=ORIENTED_EDGE('',*,*,#2271,.T.);
#2883=ORIENTED_EDGE('',*,*,#2272,.F.);
#2884=ORIENTED_EDGE('',*,*,#2273,.F.);
#2885=ORIENTED_EDGE('',*,*,#2271,.F.);
#2886=ORIENTED_EDGE('',*,*,#2274,.T.);
#2887=ORIENTED_EDGE('',*,*,#2274,.F.);
#2888=ORIENTED_EDGE('',*,*,#2275,.T.);
#2889=ORIENTED_EDGE('',*,*,#2276,.F.);
#2890=ORIENTED_EDGE('',*,*,#2277,.F.);
#2891=ORIENTED_EDGE('',*,*,#2275,.F.);
#2892=ORIENTED_EDGE('',*,*,#2278,.T.);
#2893=ORIENTED_EDGE('',*,*,#2278,.F.);
#2894=ORIENTED_EDGE('',*,*,#2279,.T.);
#2895=ORIENTED_EDGE('',*,*,#2280,.F.);
#2896=ORIENTED_EDGE('',*,*,#2281,.F.);
#2897=ORIENTED_EDGE('',*,*,#2279,.F.);
#2898=ORIENTED_EDGE('',*,*,#2282,.T.);
#2899=ORIENTED_EDGE('',*,*,#2282,.F.);
#2900=ORIENTED_EDGE('',*,*,#2283,.T.);
#2901=ORIENTED_EDGE('',*,*,#2284,.F.);
#2902=ORIENTED_EDGE('',*,*,#2285,.F.);
#2903=ORIENTED_EDGE('',*,*,#2283,.F.);
#2904=ORIENTED_EDGE('',*,*,#2286,.T.);
#2905=ORIENTED_EDGE('',*,*,#2287,.T.);
#2906=ORIENTED_EDGE('',*,*,#2288,.F.);
#2907=ORIENTED_EDGE('',*,*,#2287,.F.);
#2908=ORIENTED_EDGE('',*,*,#2248,.T.);
#2909=ORIENTED_EDGE('',*,*,#2249,.T.);
#2910=ORIENTED_EDGE('',*,*,#2252,.T.);
#2911=ORIENTED_EDGE('',*,*,#2253,.T.);
#2912=ORIENTED_EDGE('',*,*,#2256,.T.);
#2913=ORIENTED_EDGE('',*,*,#2257,.T.);
#2914=ORIENTED_EDGE('',*,*,#2260,.T.);
#2915=ORIENTED_EDGE('',*,*,#2261,.T.);
#2916=ORIENTED_EDGE('',*,*,#2264,.T.);
#2917=ORIENTED_EDGE('',*,*,#2265,.T.);
#2918=ORIENTED_EDGE('',*,*,#2268,.T.);
#2919=ORIENTED_EDGE('',*,*,#2269,.T.);
#2920=ORIENTED_EDGE('',*,*,#2272,.T.);
#2921=ORIENTED_EDGE('',*,*,#2273,.T.);
#2922=ORIENTED_EDGE('',*,*,#2276,.T.);
#2923=ORIENTED_EDGE('',*,*,#2277,.T.);
#2924=ORIENTED_EDGE('',*,*,#2280,.T.);
#2925=ORIENTED_EDGE('',*,*,#2281,.T.);
#2926=ORIENTED_EDGE('',*,*,#2284,.T.);
#2927=ORIENTED_EDGE('',*,*,#2285,.T.);
#2928=ORIENTED_EDGE('',*,*,#2289,.T.);
#2929=ORIENTED_EDGE('',*,*,#2290,.T.);
#2930=ORIENTED_EDGE('',*,*,#2291,.T.);
#2931=ORIENTED_EDGE('',*,*,#2292,.T.);
#2932=ORIENTED_EDGE('',*,*,#2293,.F.);
#2933=ORIENTED_EDGE('',*,*,#2294,.F.);
#2934=ORIENTED_EDGE('',*,*,#2295,.F.);
#2935=ORIENTED_EDGE('',*,*,#2296,.F.);
#2936=ORIENTED_EDGE('',*,*,#2297,.F.);
#2937=ORIENTED_EDGE('',*,*,#2298,.F.);
#2938=ORIENTED_EDGE('',*,*,#2299,.F.);
#2939=ORIENTED_EDGE('',*,*,#2300,.F.);
#2940=ORIENTED_EDGE('',*,*,#2301,.F.);
#2941=ORIENTED_EDGE('',*,*,#2302,.F.);
#2942=ORIENTED_EDGE('',*,*,#2303,.F.);
#2943=ORIENTED_EDGE('',*,*,#2304,.F.);
#2944=ORIENTED_EDGE('',*,*,#2305,.F.);
#2945=ORIENTED_EDGE('',*,*,#2306,.F.);
#2946=ORIENTED_EDGE('',*,*,#2307,.F.);
#2947=ORIENTED_EDGE('',*,*,#2308,.F.);
#2948=ORIENTED_EDGE('',*,*,#2309,.F.);
#2949=ORIENTED_EDGE('',*,*,#2310,.F.);
#2950=ORIENTED_EDGE('',*,*,#2311,.F.);
#2951=ORIENTED_EDGE('',*,*,#2312,.F.);
#2952=ORIENTED_EDGE('',*,*,#2313,.F.);
#2953=ORIENTED_EDGE('',*,*,#2314,.F.);
#2954=ORIENTED_EDGE('',*,*,#2315,.F.);
#2955=ORIENTED_EDGE('',*,*,#2316,.F.);
#2956=ORIENTED_EDGE('',*,*,#2317,.F.);
#2957=ORIENTED_EDGE('',*,*,#2318,.F.);
#2958=ORIENTED_EDGE('',*,*,#2319,.F.);
#2959=ORIENTED_EDGE('',*,*,#2320,.F.);
#2960=ORIENTED_EDGE('',*,*,#2321,.F.);
#2961=ORIENTED_EDGE('',*,*,#2322,.F.);
#2962=ORIENTED_EDGE('',*,*,#2323,.F.);
#2963=ORIENTED_EDGE('',*,*,#2324,.F.);
#2964=ORIENTED_EDGE('',*,*,#2325,.F.);
#2965=ORIENTED_EDGE('',*,*,#2326,.F.);
#2966=ORIENTED_EDGE('',*,*,#2327,.F.);
#2967=ORIENTED_EDGE('',*,*,#2328,.F.);
#2968=ORIENTED_EDGE('',*,*,#2329,.F.);
#2969=ORIENTED_EDGE('',*,*,#2330,.F.);
#2970=ORIENTED_EDGE('',*,*,#2331,.F.);
#2971=ORIENTED_EDGE('',*,*,#2332,.F.);
#2972=ORIENTED_EDGE('',*,*,#2333,.F.);
#2973=ORIENTED_EDGE('',*,*,#2334,.F.);
#2974=ORIENTED_EDGE('',*,*,#2335,.F.);
#2975=ORIENTED_EDGE('',*,*,#2336,.F.);
#2976=ORIENTED_EDGE('',*,*,#2337,.F.);
#2977=ORIENTED_EDGE('',*,*,#2338,.F.);
#2978=ORIENTED_EDGE('',*,*,#2339,.F.);
#2979=ORIENTED_EDGE('',*,*,#2340,.F.);
#2980=ORIENTED_EDGE('',*,*,#2341,.F.);
#2981=ORIENTED_EDGE('',*,*,#2342,.F.);
#2982=ORIENTED_EDGE('',*,*,#2343,.F.);
#2983=ORIENTED_EDGE('',*,*,#2344,.F.);
#2984=ORIENTED_EDGE('',*,*,#2345,.F.);
#2985=ORIENTED_EDGE('',*,*,#2346,.F.);
#2986=ORIENTED_EDGE('',*,*,#2347,.F.);
#2987=ORIENTED_EDGE('',*,*,#2348,.F.);
#2988=ORIENTED_EDGE('',*,*,#2349,.F.);
#2989=ORIENTED_EDGE('',*,*,#2350,.F.);
#2990=ORIENTED_EDGE('',*,*,#2351,.F.);
#2991=ORIENTED_EDGE('',*,*,#2352,.F.);
#2992=ORIENTED_EDGE('',*,*,#2353,.F.);
#2993=ORIENTED_EDGE('',*,*,#2354,.F.);
#2994=ORIENTED_EDGE('',*,*,#2355,.F.);
#2995=ORIENTED_EDGE('',*,*,#2356,.F.);
#2996=ORIENTED_EDGE('',*,*,#2357,.F.);
#2997=ORIENTED_EDGE('',*,*,#2358,.F.);
#2998=ORIENTED_EDGE('',*,*,#2359,.F.);
#2999=ORIENTED_EDGE('',*,*,#2360,.F.);
#3000=ORIENTED_EDGE('',*,*,#2361,.F.);
#3001=ORIENTED_EDGE('',*,*,#2362,.F.);
#3002=ORIENTED_EDGE('',*,*,#2363,.F.);
#3003=ORIENTED_EDGE('',*,*,#2364,.F.);
#3004=ORIENTED_EDGE('',*,*,#2365,.T.);
#3005=ORIENTED_EDGE('',*,*,#2366,.T.);
#3006=ORIENTED_EDGE('',*,*,#2367,.F.);
#3007=ORIENTED_EDGE('',*,*,#2366,.F.);
#3008=ORIENTED_EDGE('',*,*,#2288,.T.);
#3009=ORIENTED_EDGE('',*,*,#2233,.F.);
#3010=ORIENTED_EDGE('',*,*,#2236,.F.);
#3011=ORIENTED_EDGE('',*,*,#2239,.F.);
#3012=ORIENTED_EDGE('',*,*,#2242,.F.);
#3013=ORIENTED_EDGE('',*,*,#2245,.F.);
#3014=ORIENTED_EDGE('',*,*,#2368,.F.);
#3015=ORIENTED_EDGE('',*,*,#2365,.F.);
#3016=ORIENTED_EDGE('',*,*,#2367,.T.);
#3017=ORIENTED_EDGE('',*,*,#2221,.T.);
#3018=ORIENTED_EDGE('',*,*,#2224,.T.);
#3019=ORIENTED_EDGE('',*,*,#2227,.T.);
#3020=ORIENTED_EDGE('',*,*,#2230,.T.);
#3021=ORIENTED_EDGE('',*,*,#2286,.F.);
#3022=ORIENTED_EDGE('',*,*,#2219,.T.);
#3023=ORIENTED_EDGE('',*,*,#2222,.T.);
#3024=ORIENTED_EDGE('',*,*,#2225,.T.);
#3025=ORIENTED_EDGE('',*,*,#2228,.T.);
#3026=ORIENTED_EDGE('',*,*,#2295,.T.);
#3027=ORIENTED_EDGE('',*,*,#2369,.T.);
#3028=ORIENTED_EDGE('',*,*,#2370,.F.);
#3029=ORIENTED_EDGE('',*,*,#2369,.F.);
#3030=ORIENTED_EDGE('',*,*,#2296,.T.);
#3031=ORIENTED_EDGE('',*,*,#2297,.T.);
#3032=ORIENTED_EDGE('',*,*,#2371,.T.);
#3033=ORIENTED_EDGE('',*,*,#2372,.F.);
#3034=ORIENTED_EDGE('',*,*,#2371,.F.);
#3035=ORIENTED_EDGE('',*,*,#2298,.T.);
#3036=ORIENTED_EDGE('',*,*,#2299,.T.);
#3037=ORIENTED_EDGE('',*,*,#2373,.T.);
#3038=ORIENTED_EDGE('',*,*,#2374,.F.);
#3039=ORIENTED_EDGE('',*,*,#2373,.F.);
#3040=ORIENTED_EDGE('',*,*,#2300,.T.);
#3041=ORIENTED_EDGE('',*,*,#2370,.T.);
#3042=ORIENTED_EDGE('',*,*,#2372,.T.);
#3043=ORIENTED_EDGE('',*,*,#2374,.T.);
#3044=ORIENTED_EDGE('',*,*,#2303,.T.);
#3045=ORIENTED_EDGE('',*,*,#2375,.T.);
#3046=ORIENTED_EDGE('',*,*,#2376,.F.);
#3047=ORIENTED_EDGE('',*,*,#2375,.F.);
#3048=ORIENTED_EDGE('',*,*,#2304,.T.);
#3049=ORIENTED_EDGE('',*,*,#2301,.T.);
#3050=ORIENTED_EDGE('',*,*,#2377,.T.);
#3051=ORIENTED_EDGE('',*,*,#2378,.F.);
#3052=ORIENTED_EDGE('',*,*,#2377,.F.);
#3053=ORIENTED_EDGE('',*,*,#2302,.T.);
#3054=ORIENTED_EDGE('',*,*,#2293,.T.);
#3055=ORIENTED_EDGE('',*,*,#2379,.T.);
#3056=ORIENTED_EDGE('',*,*,#2380,.F.);
#3057=ORIENTED_EDGE('',*,*,#2379,.F.);
#3058=ORIENTED_EDGE('',*,*,#2294,.T.);
#3059=ORIENTED_EDGE('',*,*,#2376,.T.);
#3060=ORIENTED_EDGE('',*,*,#2378,.T.);
#3061=ORIENTED_EDGE('',*,*,#2380,.T.);
#3062=ORIENTED_EDGE('',*,*,#2305,.T.);
#3063=ORIENTED_EDGE('',*,*,#2381,.T.);
#3064=ORIENTED_EDGE('',*,*,#2382,.F.);
#3065=ORIENTED_EDGE('',*,*,#2381,.F.);
#3066=ORIENTED_EDGE('',*,*,#2306,.T.);
#3067=ORIENTED_EDGE('',*,*,#2382,.T.);
#3068=ORIENTED_EDGE('',*,*,#2307,.T.);
#3069=ORIENTED_EDGE('',*,*,#2383,.T.);
#3070=ORIENTED_EDGE('',*,*,#2384,.F.);
#3071=ORIENTED_EDGE('',*,*,#2383,.F.);
#3072=ORIENTED_EDGE('',*,*,#2308,.T.);
#3073=ORIENTED_EDGE('',*,*,#2384,.T.);
#3074=ORIENTED_EDGE('',*,*,#2309,.T.);
#3075=ORIENTED_EDGE('',*,*,#2385,.T.);
#3076=ORIENTED_EDGE('',*,*,#2386,.F.);
#3077=ORIENTED_EDGE('',*,*,#2385,.F.);
#3078=ORIENTED_EDGE('',*,*,#2310,.T.);
#3079=ORIENTED_EDGE('',*,*,#2386,.T.);
#3080=ORIENTED_EDGE('',*,*,#2311,.T.);
#3081=ORIENTED_EDGE('',*,*,#2387,.T.);
#3082=ORIENTED_EDGE('',*,*,#2388,.F.);
#3083=ORIENTED_EDGE('',*,*,#2387,.F.);
#3084=ORIENTED_EDGE('',*,*,#2312,.T.);
#3085=ORIENTED_EDGE('',*,*,#2388,.T.);
#3086=ORIENTED_EDGE('',*,*,#2313,.T.);
#3087=ORIENTED_EDGE('',*,*,#2389,.T.);
#3088=ORIENTED_EDGE('',*,*,#2390,.F.);
#3089=ORIENTED_EDGE('',*,*,#2389,.F.);
#3090=ORIENTED_EDGE('',*,*,#2314,.T.);
#3091=ORIENTED_EDGE('',*,*,#2390,.T.);
#3092=ORIENTED_EDGE('',*,*,#2315,.T.);
#3093=ORIENTED_EDGE('',*,*,#2391,.T.);
#3094=ORIENTED_EDGE('',*,*,#2392,.F.);
#3095=ORIENTED_EDGE('',*,*,#2391,.F.);
#3096=ORIENTED_EDGE('',*,*,#2316,.T.);
#3097=ORIENTED_EDGE('',*,*,#2392,.T.);
#3098=ORIENTED_EDGE('',*,*,#2317,.T.);
#3099=ORIENTED_EDGE('',*,*,#2393,.T.);
#3100=ORIENTED_EDGE('',*,*,#2394,.F.);
#3101=ORIENTED_EDGE('',*,*,#2393,.F.);
#3102=ORIENTED_EDGE('',*,*,#2318,.T.);
#3103=ORIENTED_EDGE('',*,*,#2394,.T.);
#3104=ORIENTED_EDGE('',*,*,#2319,.T.);
#3105=ORIENTED_EDGE('',*,*,#2395,.T.);
#3106=ORIENTED_EDGE('',*,*,#2396,.F.);
#3107=ORIENTED_EDGE('',*,*,#2395,.F.);
#3108=ORIENTED_EDGE('',*,*,#2320,.T.);
#3109=ORIENTED_EDGE('',*,*,#2396,.T.);
#3110=ORIENTED_EDGE('',*,*,#2321,.T.);
#3111=ORIENTED_EDGE('',*,*,#2397,.T.);
#3112=ORIENTED_EDGE('',*,*,#2398,.F.);
#3113=ORIENTED_EDGE('',*,*,#2397,.F.);
#3114=ORIENTED_EDGE('',*,*,#2322,.T.);
#3115=ORIENTED_EDGE('',*,*,#2398,.T.);
#3116=ORIENTED_EDGE('',*,*,#2323,.T.);
#3117=ORIENTED_EDGE('',*,*,#2399,.T.);
#3118=ORIENTED_EDGE('',*,*,#2400,.F.);
#3119=ORIENTED_EDGE('',*,*,#2399,.F.);
#3120=ORIENTED_EDGE('',*,*,#2324,.T.);
#3121=ORIENTED_EDGE('',*,*,#2400,.T.);
#3122=ORIENTED_EDGE('',*,*,#2325,.T.);
#3123=ORIENTED_EDGE('',*,*,#2401,.T.);
#3124=ORIENTED_EDGE('',*,*,#2402,.F.);
#3125=ORIENTED_EDGE('',*,*,#2401,.F.);
#3126=ORIENTED_EDGE('',*,*,#2326,.T.);
#3127=ORIENTED_EDGE('',*,*,#2402,.T.);
#3128=ORIENTED_EDGE('',*,*,#2327,.T.);
#3129=ORIENTED_EDGE('',*,*,#2403,.T.);
#3130=ORIENTED_EDGE('',*,*,#2404,.F.);
#3131=ORIENTED_EDGE('',*,*,#2403,.F.);
#3132=ORIENTED_EDGE('',*,*,#2328,.T.);
#3133=ORIENTED_EDGE('',*,*,#2404,.T.);
#3134=ORIENTED_EDGE('',*,*,#2329,.T.);
#3135=ORIENTED_EDGE('',*,*,#2405,.T.);
#3136=ORIENTED_EDGE('',*,*,#2406,.F.);
#3137=ORIENTED_EDGE('',*,*,#2405,.F.);
#3138=ORIENTED_EDGE('',*,*,#2330,.T.);
#3139=ORIENTED_EDGE('',*,*,#2406,.T.);
#3140=ORIENTED_EDGE('',*,*,#2331,.T.);
#3141=ORIENTED_EDGE('',*,*,#2407,.T.);
#3142=ORIENTED_EDGE('',*,*,#2408,.F.);
#3143=ORIENTED_EDGE('',*,*,#2407,.F.);
#3144=ORIENTED_EDGE('',*,*,#2332,.T.);
#3145=ORIENTED_EDGE('',*,*,#2408,.T.);
#3146=ORIENTED_EDGE('',*,*,#2333,.T.);
#3147=ORIENTED_EDGE('',*,*,#2409,.T.);
#3148=ORIENTED_EDGE('',*,*,#2410,.F.);
#3149=ORIENTED_EDGE('',*,*,#2409,.F.);
#3150=ORIENTED_EDGE('',*,*,#2334,.T.);
#3151=ORIENTED_EDGE('',*,*,#2410,.T.);
#3152=ORIENTED_EDGE('',*,*,#2335,.T.);
#3153=ORIENTED_EDGE('',*,*,#2411,.T.);
#3154=ORIENTED_EDGE('',*,*,#2412,.F.);
#3155=ORIENTED_EDGE('',*,*,#2411,.F.);
#3156=ORIENTED_EDGE('',*,*,#2336,.T.);
#3157=ORIENTED_EDGE('',*,*,#2412,.T.);
#3158=ORIENTED_EDGE('',*,*,#2337,.T.);
#3159=ORIENTED_EDGE('',*,*,#2413,.T.);
#3160=ORIENTED_EDGE('',*,*,#2414,.F.);
#3161=ORIENTED_EDGE('',*,*,#2413,.F.);
#3162=ORIENTED_EDGE('',*,*,#2338,.T.);
#3163=ORIENTED_EDGE('',*,*,#2414,.T.);
#3164=ORIENTED_EDGE('',*,*,#2339,.T.);
#3165=ORIENTED_EDGE('',*,*,#2415,.T.);
#3166=ORIENTED_EDGE('',*,*,#2416,.F.);
#3167=ORIENTED_EDGE('',*,*,#2415,.F.);
#3168=ORIENTED_EDGE('',*,*,#2340,.T.);
#3169=ORIENTED_EDGE('',*,*,#2416,.T.);
#3170=ORIENTED_EDGE('',*,*,#2341,.T.);
#3171=ORIENTED_EDGE('',*,*,#2417,.T.);
#3172=ORIENTED_EDGE('',*,*,#2418,.F.);
#3173=ORIENTED_EDGE('',*,*,#2417,.F.);
#3174=ORIENTED_EDGE('',*,*,#2342,.T.);
#3175=ORIENTED_EDGE('',*,*,#2418,.T.);
#3176=ORIENTED_EDGE('',*,*,#2343,.T.);
#3177=ORIENTED_EDGE('',*,*,#2419,.T.);
#3178=ORIENTED_EDGE('',*,*,#2420,.F.);
#3179=ORIENTED_EDGE('',*,*,#2419,.F.);
#3180=ORIENTED_EDGE('',*,*,#2344,.T.);
#3181=ORIENTED_EDGE('',*,*,#2420,.T.);
#3182=ORIENTED_EDGE('',*,*,#2345,.T.);
#3183=ORIENTED_EDGE('',*,*,#2421,.T.);
#3184=ORIENTED_EDGE('',*,*,#2422,.F.);
#3185=ORIENTED_EDGE('',*,*,#2421,.F.);
#3186=ORIENTED_EDGE('',*,*,#2346,.T.);
#3187=ORIENTED_EDGE('',*,*,#2422,.T.);
#3188=ORIENTED_EDGE('',*,*,#2347,.T.);
#3189=ORIENTED_EDGE('',*,*,#2423,.T.);
#3190=ORIENTED_EDGE('',*,*,#2424,.F.);
#3191=ORIENTED_EDGE('',*,*,#2423,.F.);
#3192=ORIENTED_EDGE('',*,*,#2348,.T.);
#3193=ORIENTED_EDGE('',*,*,#2424,.T.);
#3194=ORIENTED_EDGE('',*,*,#2349,.T.);
#3195=ORIENTED_EDGE('',*,*,#2425,.T.);
#3196=ORIENTED_EDGE('',*,*,#2426,.F.);
#3197=ORIENTED_EDGE('',*,*,#2425,.F.);
#3198=ORIENTED_EDGE('',*,*,#2350,.T.);
#3199=ORIENTED_EDGE('',*,*,#2426,.T.);
#3200=ORIENTED_EDGE('',*,*,#2351,.T.);
#3201=ORIENTED_EDGE('',*,*,#2427,.T.);
#3202=ORIENTED_EDGE('',*,*,#2428,.F.);
#3203=ORIENTED_EDGE('',*,*,#2427,.F.);
#3204=ORIENTED_EDGE('',*,*,#2352,.T.);
#3205=ORIENTED_EDGE('',*,*,#2428,.T.);
#3206=ORIENTED_EDGE('',*,*,#2353,.T.);
#3207=ORIENTED_EDGE('',*,*,#2429,.T.);
#3208=ORIENTED_EDGE('',*,*,#2430,.F.);
#3209=ORIENTED_EDGE('',*,*,#2429,.F.);
#3210=ORIENTED_EDGE('',*,*,#2354,.T.);
#3211=ORIENTED_EDGE('',*,*,#2430,.T.);
#3212=ORIENTED_EDGE('',*,*,#2355,.T.);
#3213=ORIENTED_EDGE('',*,*,#2431,.T.);
#3214=ORIENTED_EDGE('',*,*,#2432,.F.);
#3215=ORIENTED_EDGE('',*,*,#2431,.F.);
#3216=ORIENTED_EDGE('',*,*,#2356,.T.);
#3217=ORIENTED_EDGE('',*,*,#2432,.T.);
#3218=ORIENTED_EDGE('',*,*,#2357,.T.);
#3219=ORIENTED_EDGE('',*,*,#2433,.T.);
#3220=ORIENTED_EDGE('',*,*,#2434,.F.);
#3221=ORIENTED_EDGE('',*,*,#2433,.F.);
#3222=ORIENTED_EDGE('',*,*,#2358,.T.);
#3223=ORIENTED_EDGE('',*,*,#2434,.T.);
#3224=ORIENTED_EDGE('',*,*,#2359,.T.);
#3225=ORIENTED_EDGE('',*,*,#2435,.T.);
#3226=ORIENTED_EDGE('',*,*,#2436,.F.);
#3227=ORIENTED_EDGE('',*,*,#2435,.F.);
#3228=ORIENTED_EDGE('',*,*,#2360,.T.);
#3229=ORIENTED_EDGE('',*,*,#2436,.T.);
#3230=ORIENTED_EDGE('',*,*,#2361,.T.);
#3231=ORIENTED_EDGE('',*,*,#2437,.T.);
#3232=ORIENTED_EDGE('',*,*,#2438,.F.);
#3233=ORIENTED_EDGE('',*,*,#2437,.F.);
#3234=ORIENTED_EDGE('',*,*,#2362,.T.);
#3235=ORIENTED_EDGE('',*,*,#2438,.T.);
#3236=ORIENTED_EDGE('',*,*,#2363,.T.);
#3237=ORIENTED_EDGE('',*,*,#2439,.T.);
#3238=ORIENTED_EDGE('',*,*,#2440,.F.);
#3239=ORIENTED_EDGE('',*,*,#2439,.F.);
#3240=ORIENTED_EDGE('',*,*,#2364,.T.);
#3241=ORIENTED_EDGE('',*,*,#2440,.T.);
#3242=ORIENTED_EDGE('',*,*,#2441,.F.);
#3243=ORIENTED_EDGE('',*,*,#2442,.T.);
#3244=ORIENTED_EDGE('',*,*,#2291,.F.);
#3245=ORIENTED_EDGE('',*,*,#2292,.F.);
#3246=ORIENTED_EDGE('',*,*,#2442,.F.);
#3247=ORIENTED_EDGE('',*,*,#2441,.T.);
#3248=ORIENTED_EDGE('',*,*,#2443,.F.);
#3249=ORIENTED_EDGE('',*,*,#2444,.T.);
#3250=ORIENTED_EDGE('',*,*,#2289,.F.);
#3251=ORIENTED_EDGE('',*,*,#2290,.F.);
#3252=ORIENTED_EDGE('',*,*,#2444,.F.);
#3253=ORIENTED_EDGE('',*,*,#2443,.T.);
#3254=ORIENTED_EDGE('',*,*,#2445,.F.);
#3255=ORIENTED_EDGE('',*,*,#2446,.T.);
#3256=ORIENTED_EDGE('',*,*,#2368,.T.);
#3257=ORIENTED_EDGE('',*,*,#2446,.F.);
#3258=ORIENTED_EDGE('',*,*,#2445,.T.);
#3259=ORIENTED_EDGE('',*,*,#2447,.T.);
#3260=ORIENTED_EDGE('',*,*,#2448,.F.);
#3261=ORIENTED_EDGE('',*,*,#2449,.F.);
#3262=ORIENTED_EDGE('',*,*,#2450,.T.);
#3263=ORIENTED_EDGE('',*,*,#2451,.F.);
#3264=ORIENTED_EDGE('',*,*,#2452,.T.);
#3265=ORIENTED_EDGE('',*,*,#2453,.T.);
#3266=ORIENTED_EDGE('',*,*,#2454,.T.);
#3267=ORIENTED_EDGE('',*,*,#2455,.F.);
#3268=ORIENTED_EDGE('',*,*,#2456,.T.);
#3269=ORIENTED_EDGE('',*,*,#2457,.F.);
#3270=ORIENTED_EDGE('',*,*,#2458,.T.);
#3271=ORIENTED_EDGE('',*,*,#2459,.T.);
#3272=ORIENTED_EDGE('',*,*,#2460,.T.);
#3273=ORIENTED_EDGE('',*,*,#2461,.F.);
#3274=ORIENTED_EDGE('',*,*,#2462,.T.);
#3275=ORIENTED_EDGE('',*,*,#2463,.T.);
#3276=ORIENTED_EDGE('',*,*,#2464,.T.);
#3277=ORIENTED_EDGE('',*,*,#2465,.T.);
#3278=ORIENTED_EDGE('',*,*,#2466,.T.);
#3279=ORIENTED_EDGE('',*,*,#2467,.F.);
#3280=ORIENTED_EDGE('',*,*,#2468,.F.);
#3281=ORIENTED_EDGE('',*,*,#2469,.T.);
#3282=ORIENTED_EDGE('',*,*,#2470,.F.);
#3283=ORIENTED_EDGE('',*,*,#2471,.F.);
#3284=ORIENTED_EDGE('',*,*,#2460,.F.);
#3285=ORIENTED_EDGE('',*,*,#2472,.T.);
#3286=ORIENTED_EDGE('',*,*,#2473,.F.);
#3287=ORIENTED_EDGE('',*,*,#2474,.F.);
#3288=ORIENTED_EDGE('',*,*,#2456,.F.);
#3289=ORIENTED_EDGE('',*,*,#2475,.F.);
#3290=ORIENTED_EDGE('',*,*,#2476,.F.);
#3291=ORIENTED_EDGE('',*,*,#2477,.F.);
#3292=ORIENTED_EDGE('',*,*,#2464,.F.);
#3293=ORIENTED_EDGE('',*,*,#2478,.T.);
#3294=ORIENTED_EDGE('',*,*,#2479,.T.);
#3295=ORIENTED_EDGE('',*,*,#2447,.F.);
#3296=ORIENTED_EDGE('',*,*,#2480,.F.);
#3297=ORIENTED_EDGE('',*,*,#2481,.T.);
#3298=ORIENTED_EDGE('',*,*,#2482,.T.);
#3299=ORIENTED_EDGE('',*,*,#2483,.T.);
#3300=ORIENTED_EDGE('',*,*,#2484,.T.);
#3301=ORIENTED_EDGE('',*,*,#2485,.T.);
#3302=ORIENTED_EDGE('',*,*,#2486,.T.);
#3303=ORIENTED_EDGE('',*,*,#2470,.T.);
#3304=ORIENTED_EDGE('',*,*,#2487,.F.);
#3305=ORIENTED_EDGE('',*,*,#2488,.F.);
#3306=ORIENTED_EDGE('',*,*,#2489,.T.);
#3307=ORIENTED_EDGE('',*,*,#2490,.F.);
#3308=ORIENTED_EDGE('',*,*,#2491,.F.);
#3309=ORIENTED_EDGE('',*,*,#2492,.F.);
#3310=ORIENTED_EDGE('',*,*,#2493,.F.);
#3311=ORIENTED_EDGE('',*,*,#2494,.F.);
#3312=ORIENTED_EDGE('',*,*,#2495,.T.);
#3313=ORIENTED_EDGE('',*,*,#2496,.T.);
#3314=ORIENTED_EDGE('',*,*,#2480,.T.);
#3315=ORIENTED_EDGE('',*,*,#2450,.F.);
#3316=ORIENTED_EDGE('',*,*,#2497,.F.);
#3317=ORIENTED_EDGE('',*,*,#2498,.T.);
#3318=ORIENTED_EDGE('',*,*,#2494,.T.);
#3319=ORIENTED_EDGE('',*,*,#2449,.T.);
#3320=ORIENTED_EDGE('',*,*,#2499,.F.);
#3321=ORIENTED_EDGE('',*,*,#2500,.T.);
#3322=ORIENTED_EDGE('',*,*,#2497,.T.);
#3323=ORIENTED_EDGE('',*,*,#2448,.T.);
#3324=ORIENTED_EDGE('',*,*,#2482,.F.);
#3325=ORIENTED_EDGE('',*,*,#2496,.F.);
#3326=ORIENTED_EDGE('',*,*,#2501,.T.);
#3327=ORIENTED_EDGE('',*,*,#2499,.T.);
#3328=ORIENTED_EDGE('',*,*,#2481,.F.);
#3329=ORIENTED_EDGE('',*,*,#2502,.F.);
#3330=ORIENTED_EDGE('',*,*,#2503,.T.);
#3331=ORIENTED_EDGE('',*,*,#2451,.T.);
#3332=ORIENTED_EDGE('',*,*,#2489,.F.);
#3333=ORIENTED_EDGE('',*,*,#2504,.F.);
#3334=ORIENTED_EDGE('',*,*,#2475,.T.);
#3335=ORIENTED_EDGE('',*,*,#2455,.T.);
#3336=ORIENTED_EDGE('',*,*,#2505,.T.);
#3337=ORIENTED_EDGE('',*,*,#2506,.F.);
#3338=ORIENTED_EDGE('',*,*,#2465,.F.);
#3339=ORIENTED_EDGE('',*,*,#2477,.T.);
#3340=ORIENTED_EDGE('',*,*,#2507,.T.);
#3341=ORIENTED_EDGE('',*,*,#2487,.T.);
#3342=ORIENTED_EDGE('',*,*,#2469,.F.);
#3343=ORIENTED_EDGE('',*,*,#2508,.T.);
#3344=ORIENTED_EDGE('',*,*,#2509,.T.);
#3345=ORIENTED_EDGE('',*,*,#2507,.F.);
#3346=ORIENTED_EDGE('',*,*,#2476,.T.);
#3347=ORIENTED_EDGE('',*,*,#2504,.T.);
#3348=ORIENTED_EDGE('',*,*,#2488,.T.);
#3349=ORIENTED_EDGE('',*,*,#2495,.F.);
#3350=ORIENTED_EDGE('',*,*,#2498,.F.);
#3351=ORIENTED_EDGE('',*,*,#2500,.F.);
#3352=ORIENTED_EDGE('',*,*,#2501,.F.);
#3353=ORIENTED_EDGE('',*,*,#2490,.T.);
#3354=ORIENTED_EDGE('',*,*,#2510,.T.);
#3355=ORIENTED_EDGE('',*,*,#2485,.F.);
#3356=ORIENTED_EDGE('',*,*,#2486,.F.);
#3357=ORIENTED_EDGE('',*,*,#2510,.F.);
#3358=ORIENTED_EDGE('',*,*,#2491,.T.);
#3359=ORIENTED_EDGE('',*,*,#2492,.T.);
#3360=ORIENTED_EDGE('',*,*,#2511,.T.);
#3361=ORIENTED_EDGE('',*,*,#2483,.F.);
#3362=ORIENTED_EDGE('',*,*,#2484,.F.);
#3363=ORIENTED_EDGE('',*,*,#2511,.F.);
#3364=ORIENTED_EDGE('',*,*,#2493,.T.);
#3365=ORIENTED_EDGE('',*,*,#2512,.F.);
#3366=ORIENTED_EDGE('',*,*,#2513,.T.);
#3367=ORIENTED_EDGE('',*,*,#2514,.T.);
#3368=ORIENTED_EDGE('',*,*,#2458,.F.);
#3369=ORIENTED_EDGE('',*,*,#2515,.T.);
#3370=ORIENTED_EDGE('',*,*,#2473,.T.);
#3371=ORIENTED_EDGE('',*,*,#2516,.F.);
#3372=ORIENTED_EDGE('',*,*,#2517,.F.);
#3373=ORIENTED_EDGE('',*,*,#2514,.F.);
#3374=ORIENTED_EDGE('',*,*,#2518,.T.);
#3375=ORIENTED_EDGE('',*,*,#2516,.T.);
#3376=ORIENTED_EDGE('',*,*,#2472,.F.);
#3377=ORIENTED_EDGE('',*,*,#2459,.F.);
#3378=ORIENTED_EDGE('',*,*,#2515,.F.);
#3379=ORIENTED_EDGE('',*,*,#2519,.T.);
#3380=ORIENTED_EDGE('',*,*,#2512,.T.);
#3381=ORIENTED_EDGE('',*,*,#2457,.T.);
#3382=ORIENTED_EDGE('',*,*,#2474,.T.);
#3383=ORIENTED_EDGE('',*,*,#2520,.F.);
#3384=ORIENTED_EDGE('',*,*,#2521,.T.);
#3385=ORIENTED_EDGE('',*,*,#2522,.T.);
#3386=ORIENTED_EDGE('',*,*,#2462,.F.);
#3387=ORIENTED_EDGE('',*,*,#2523,.F.);
#3388=ORIENTED_EDGE('',*,*,#2524,.T.);
#3389=ORIENTED_EDGE('',*,*,#2520,.T.);
#3390=ORIENTED_EDGE('',*,*,#2461,.T.);
#3391=ORIENTED_EDGE('',*,*,#2471,.T.);
#3392=ORIENTED_EDGE('',*,*,#2479,.F.);
#3393=ORIENTED_EDGE('',*,*,#2525,.F.);
#3394=ORIENTED_EDGE('',*,*,#2526,.T.);
#3395=ORIENTED_EDGE('',*,*,#2523,.T.);
#3396=ORIENTED_EDGE('',*,*,#2522,.F.);
#3397=ORIENTED_EDGE('',*,*,#2527,.T.);
#3398=ORIENTED_EDGE('',*,*,#2525,.T.);
#3399=ORIENTED_EDGE('',*,*,#2478,.F.);
#3400=ORIENTED_EDGE('',*,*,#2463,.F.);
#3401=ORIENTED_EDGE('',*,*,#2528,.F.);
#3402=ORIENTED_EDGE('',*,*,#2529,.T.);
#3403=ORIENTED_EDGE('',*,*,#2530,.T.);
#3404=ORIENTED_EDGE('',*,*,#2467,.T.);
#3405=ORIENTED_EDGE('',*,*,#2531,.T.);
#3406=ORIENTED_EDGE('',*,*,#2532,.T.);
#3407=ORIENTED_EDGE('',*,*,#2528,.T.);
#3408=ORIENTED_EDGE('',*,*,#2466,.F.);
#3409=ORIENTED_EDGE('',*,*,#2506,.T.);
#3410=ORIENTED_EDGE('',*,*,#2533,.F.);
#3411=ORIENTED_EDGE('',*,*,#2534,.F.);
#3412=ORIENTED_EDGE('',*,*,#2530,.F.);
#3413=ORIENTED_EDGE('',*,*,#2535,.T.);
#3414=ORIENTED_EDGE('',*,*,#2536,.F.);
#3415=ORIENTED_EDGE('',*,*,#2537,.T.);
#3416=ORIENTED_EDGE('',*,*,#2538,.T.);
#3417=ORIENTED_EDGE('',*,*,#2508,.F.);
#3418=ORIENTED_EDGE('',*,*,#2468,.T.);
#3419=ORIENTED_EDGE('',*,*,#2539,.F.);
#3420=ORIENTED_EDGE('',*,*,#2537,.F.);
#3421=ORIENTED_EDGE('',*,*,#2540,.T.);
#3422=ORIENTED_EDGE('',*,*,#2534,.T.);
#3423=ORIENTED_EDGE('',*,*,#2536,.T.);
#3424=ORIENTED_EDGE('',*,*,#2541,.T.);
#3425=ORIENTED_EDGE('',*,*,#2531,.F.);
#3426=ORIENTED_EDGE('',*,*,#2540,.F.);
#3427=ORIENTED_EDGE('',*,*,#2509,.F.);
#3428=ORIENTED_EDGE('',*,*,#2538,.F.);
#3429=ORIENTED_EDGE('',*,*,#2539,.T.);
#3430=ORIENTED_EDGE('',*,*,#2533,.T.);
#3431=ORIENTED_EDGE('',*,*,#2542,.F.);
#3432=ORIENTED_EDGE('',*,*,#2543,.T.);
#3433=ORIENTED_EDGE('',*,*,#2544,.T.);
#3434=ORIENTED_EDGE('',*,*,#2453,.F.);
#3435=ORIENTED_EDGE('',*,*,#2545,.T.);
#3436=ORIENTED_EDGE('',*,*,#2546,.T.);
#3437=ORIENTED_EDGE('',*,*,#2542,.T.);
#3438=ORIENTED_EDGE('',*,*,#2452,.F.);
#3439=ORIENTED_EDGE('',*,*,#2503,.F.);
#3440=ORIENTED_EDGE('',*,*,#2547,.F.);
#3441=ORIENTED_EDGE('',*,*,#2548,.F.);
#3442=ORIENTED_EDGE('',*,*,#2544,.F.);
#3443=ORIENTED_EDGE('',*,*,#2549,.T.);
#3444=ORIENTED_EDGE('',*,*,#2550,.T.);
#3445=ORIENTED_EDGE('',*,*,#2551,.T.);
#3446=ORIENTED_EDGE('',*,*,#2552,.F.);
#3447=ORIENTED_EDGE('',*,*,#2505,.F.);
#3448=ORIENTED_EDGE('',*,*,#2454,.F.);
#3449=ORIENTED_EDGE('',*,*,#2547,.T.);
#3450=ORIENTED_EDGE('',*,*,#2502,.T.);
#3451=ORIENTED_EDGE('',*,*,#2552,.T.);
#3452=ORIENTED_EDGE('',*,*,#2553,.T.);
#3453=ORIENTED_EDGE('',*,*,#2553,.F.);
#3454=ORIENTED_EDGE('',*,*,#2551,.F.);
#3455=ORIENTED_EDGE('',*,*,#2554,.T.);
#3456=ORIENTED_EDGE('',*,*,#2548,.T.);
#3457=ORIENTED_EDGE('',*,*,#2550,.F.);
#3458=ORIENTED_EDGE('',*,*,#2555,.T.);
#3459=ORIENTED_EDGE('',*,*,#2545,.F.);
#3460=ORIENTED_EDGE('',*,*,#2554,.F.);
#3461=ORIENTED_EDGE('',*,*,#2546,.F.);
#3462=ORIENTED_EDGE('',*,*,#2555,.F.);
#3463=ORIENTED_EDGE('',*,*,#2549,.F.);
#3464=ORIENTED_EDGE('',*,*,#2543,.F.);
#3465=ORIENTED_EDGE('',*,*,#2535,.F.);
#3466=ORIENTED_EDGE('',*,*,#2529,.F.);
#3467=ORIENTED_EDGE('',*,*,#2532,.F.);
#3468=ORIENTED_EDGE('',*,*,#2541,.F.);
#3469=ORIENTED_EDGE('',*,*,#2524,.F.);
#3470=ORIENTED_EDGE('',*,*,#2526,.F.);
#3471=ORIENTED_EDGE('',*,*,#2527,.F.);
#3472=ORIENTED_EDGE('',*,*,#2521,.F.);
#3473=ORIENTED_EDGE('',*,*,#2519,.F.);
#3474=ORIENTED_EDGE('',*,*,#2517,.T.);
#3475=ORIENTED_EDGE('',*,*,#2518,.F.);
#3476=ORIENTED_EDGE('',*,*,#2513,.F.);
#3477=ORIENTED_EDGE('',*,*,#2556,.T.);
#3478=ORIENTED_EDGE('',*,*,#2557,.F.);
#3479=ORIENTED_EDGE('',*,*,#2558,.F.);
#3480=ORIENTED_EDGE('',*,*,#2559,.T.);
#3481=ORIENTED_EDGE('',*,*,#2560,.T.);
#3482=ORIENTED_EDGE('',*,*,#2561,.T.);
#3483=ORIENTED_EDGE('',*,*,#2562,.T.);
#3484=ORIENTED_EDGE('',*,*,#2563,.T.);
#3485=ORIENTED_EDGE('',*,*,#2564,.T.);
#3486=ORIENTED_EDGE('',*,*,#2565,.T.);
#3487=ORIENTED_EDGE('',*,*,#2566,.T.);
#3488=ORIENTED_EDGE('',*,*,#2567,.T.);
#3489=ORIENTED_EDGE('',*,*,#2568,.T.);
#3490=ORIENTED_EDGE('',*,*,#2569,.T.);
#3491=ORIENTED_EDGE('',*,*,#2570,.T.);
#3492=ORIENTED_EDGE('',*,*,#2571,.T.);
#3493=ORIENTED_EDGE('',*,*,#2572,.F.);
#3494=ORIENTED_EDGE('',*,*,#2573,.F.);
#3495=ORIENTED_EDGE('',*,*,#2574,.F.);
#3496=ORIENTED_EDGE('',*,*,#2575,.T.);
#3497=ORIENTED_EDGE('',*,*,#2576,.F.);
#3498=ORIENTED_EDGE('',*,*,#2577,.F.);
#3499=ORIENTED_EDGE('',*,*,#2578,.F.);
#3500=ORIENTED_EDGE('',*,*,#2579,.T.);
#3501=ORIENTED_EDGE('',*,*,#2580,.F.);
#3502=ORIENTED_EDGE('',*,*,#2581,.F.);
#3503=ORIENTED_EDGE('',*,*,#2582,.F.);
#3504=ORIENTED_EDGE('',*,*,#2583,.T.);
#3505=ORIENTED_EDGE('',*,*,#2584,.F.);
#3506=ORIENTED_EDGE('',*,*,#2585,.T.);
#3507=ORIENTED_EDGE('',*,*,#2586,.T.);
#3508=ORIENTED_EDGE('',*,*,#2587,.T.);
#3509=ORIENTED_EDGE('',*,*,#2588,.T.);
#3510=ORIENTED_EDGE('',*,*,#2589,.T.);
#3511=ORIENTED_EDGE('',*,*,#2590,.F.);
#3512=ORIENTED_EDGE('',*,*,#2591,.T.);
#3513=ORIENTED_EDGE('',*,*,#2592,.T.);
#3514=ORIENTED_EDGE('',*,*,#2593,.T.);
#3515=ORIENTED_EDGE('',*,*,#2594,.F.);
#3516=ORIENTED_EDGE('',*,*,#2595,.T.);
#3517=ORIENTED_EDGE('',*,*,#2596,.T.);
#3518=ORIENTED_EDGE('',*,*,#2597,.T.);
#3519=ORIENTED_EDGE('',*,*,#2598,.F.);
#3520=ORIENTED_EDGE('',*,*,#2599,.T.);
#3521=ORIENTED_EDGE('',*,*,#2600,.F.);
#3522=ORIENTED_EDGE('',*,*,#2601,.F.);
#3523=ORIENTED_EDGE('',*,*,#2602,.T.);
#3524=ORIENTED_EDGE('',*,*,#2603,.T.);
#3525=ORIENTED_EDGE('',*,*,#2604,.T.);
#3526=ORIENTED_EDGE('',*,*,#2559,.F.);
#3527=ORIENTED_EDGE('',*,*,#2605,.F.);
#3528=ORIENTED_EDGE('',*,*,#2601,.T.);
#3529=ORIENTED_EDGE('',*,*,#2606,.T.);
#3530=ORIENTED_EDGE('',*,*,#2607,.T.);
#3531=ORIENTED_EDGE('',*,*,#2608,.F.);
#3532=ORIENTED_EDGE('',*,*,#2609,.T.);
#3533=ORIENTED_EDGE('',*,*,#2610,.F.);
#3534=ORIENTED_EDGE('',*,*,#2611,.F.);
#3535=ORIENTED_EDGE('',*,*,#2612,.F.);
#3536=ORIENTED_EDGE('',*,*,#2613,.F.);
#3537=ORIENTED_EDGE('',*,*,#2614,.T.);
#3538=ORIENTED_EDGE('',*,*,#2615,.T.);
#3539=ORIENTED_EDGE('',*,*,#2616,.T.);
#3540=ORIENTED_EDGE('',*,*,#2617,.T.);
#3541=ORIENTED_EDGE('',*,*,#2618,.T.);
#3542=ORIENTED_EDGE('',*,*,#2619,.F.);
#3543=ORIENTED_EDGE('',*,*,#2620,.T.);
#3544=ORIENTED_EDGE('',*,*,#2621,.T.);
#3545=ORIENTED_EDGE('',*,*,#2622,.T.);
#3546=ORIENTED_EDGE('',*,*,#2623,.F.);
#3547=ORIENTED_EDGE('',*,*,#2624,.T.);
#3548=ORIENTED_EDGE('',*,*,#2625,.F.);
#3549=ORIENTED_EDGE('',*,*,#2626,.T.);
#3550=ORIENTED_EDGE('',*,*,#2627,.T.);
#3551=ORIENTED_EDGE('',*,*,#2628,.T.);
#3552=ORIENTED_EDGE('',*,*,#2629,.F.);
#3553=ORIENTED_EDGE('',*,*,#2630,.F.);
#3554=ORIENTED_EDGE('',*,*,#2631,.F.);
#3555=ORIENTED_EDGE('',*,*,#2632,.F.);
#3556=ORIENTED_EDGE('',*,*,#2603,.F.);
#3557=ORIENTED_EDGE('',*,*,#2633,.T.);
#3558=ORIENTED_EDGE('',*,*,#2557,.T.);
#3559=ORIENTED_EDGE('',*,*,#2602,.F.);
#3560=ORIENTED_EDGE('',*,*,#2605,.T.);
#3561=ORIENTED_EDGE('',*,*,#2558,.T.);
#3562=ORIENTED_EDGE('',*,*,#2633,.F.);
#3563=ORIENTED_EDGE('',*,*,#2634,.T.);
#3564=ORIENTED_EDGE('',*,*,#2586,.F.);
#3565=ORIENTED_EDGE('',*,*,#2635,.T.);
#3566=ORIENTED_EDGE('',*,*,#2606,.F.);
#3567=ORIENTED_EDGE('',*,*,#2636,.T.);
#3568=ORIENTED_EDGE('',*,*,#2613,.T.);
#3569=ORIENTED_EDGE('',*,*,#2637,.T.);
#3570=ORIENTED_EDGE('',*,*,#2619,.T.);
#3571=ORIENTED_EDGE('',*,*,#2638,.T.);
#3572=ORIENTED_EDGE('',*,*,#2621,.F.);
#3573=ORIENTED_EDGE('',*,*,#2639,.T.);
#3574=ORIENTED_EDGE('',*,*,#2627,.F.);
#3575=ORIENTED_EDGE('',*,*,#2600,.T.);
#3576=ORIENTED_EDGE('',*,*,#2632,.T.);
#3577=ORIENTED_EDGE('',*,*,#2556,.F.);
#3578=ORIENTED_EDGE('',*,*,#2604,.F.);
#3579=ORIENTED_EDGE('',*,*,#2584,.T.);
#3580=ORIENTED_EDGE('',*,*,#2640,.T.);
#3581=ORIENTED_EDGE('',*,*,#2625,.T.);
#3582=ORIENTED_EDGE('',*,*,#2641,.T.);
#3583=ORIENTED_EDGE('',*,*,#2623,.T.);
#3584=ORIENTED_EDGE('',*,*,#2642,.T.);
#3585=ORIENTED_EDGE('',*,*,#2617,.F.);
#3586=ORIENTED_EDGE('',*,*,#2643,.T.);
#3587=ORIENTED_EDGE('',*,*,#2615,.F.);
#3588=ORIENTED_EDGE('',*,*,#2644,.T.);
#3589=ORIENTED_EDGE('',*,*,#2608,.T.);
#3590=ORIENTED_EDGE('',*,*,#2645,.T.);
#3591=ORIENTED_EDGE('',*,*,#2560,.F.);
#3592=ORIENTED_EDGE('',*,*,#2561,.F.);
#3593=ORIENTED_EDGE('',*,*,#2646,.T.);
#3594=ORIENTED_EDGE('',*,*,#2612,.T.);
#3595=ORIENTED_EDGE('',*,*,#2646,.F.);
#3596=ORIENTED_EDGE('',*,*,#2562,.F.);
#3597=ORIENTED_EDGE('',*,*,#2563,.F.);
#3598=ORIENTED_EDGE('',*,*,#2647,.T.);
#3599=ORIENTED_EDGE('',*,*,#2611,.T.);
#3600=ORIENTED_EDGE('',*,*,#2647,.F.);
#3601=ORIENTED_EDGE('',*,*,#2564,.F.);
#3602=ORIENTED_EDGE('',*,*,#2565,.F.);
#3603=ORIENTED_EDGE('',*,*,#2648,.T.);
#3604=ORIENTED_EDGE('',*,*,#2610,.T.);
#3605=ORIENTED_EDGE('',*,*,#2648,.F.);
#3606=ORIENTED_EDGE('',*,*,#2566,.F.);
#3607=ORIENTED_EDGE('',*,*,#2567,.F.);
#3608=ORIENTED_EDGE('',*,*,#2649,.T.);
#3609=ORIENTED_EDGE('',*,*,#2631,.T.);
#3610=ORIENTED_EDGE('',*,*,#2649,.F.);
#3611=ORIENTED_EDGE('',*,*,#2568,.F.);
#3612=ORIENTED_EDGE('',*,*,#2569,.F.);
#3613=ORIENTED_EDGE('',*,*,#2650,.T.);
#3614=ORIENTED_EDGE('',*,*,#2630,.T.);
#3615=ORIENTED_EDGE('',*,*,#2650,.F.);
#3616=ORIENTED_EDGE('',*,*,#2570,.F.);
#3617=ORIENTED_EDGE('',*,*,#2571,.F.);
#3618=ORIENTED_EDGE('',*,*,#2651,.T.);
#3619=ORIENTED_EDGE('',*,*,#2629,.T.);
#3620=ORIENTED_EDGE('',*,*,#2651,.F.);
#3621=ORIENTED_EDGE('',*,*,#2638,.F.);
#3622=ORIENTED_EDGE('',*,*,#2618,.F.);
#3623=ORIENTED_EDGE('',*,*,#2642,.F.);
#3624=ORIENTED_EDGE('',*,*,#2622,.F.);
#3625=ORIENTED_EDGE('',*,*,#2639,.F.);
#3626=ORIENTED_EDGE('',*,*,#2624,.F.);
#3627=ORIENTED_EDGE('',*,*,#2641,.F.);
#3628=ORIENTED_EDGE('',*,*,#2628,.F.);
#3629=ORIENTED_EDGE('',*,*,#2636,.F.);
#3630=ORIENTED_EDGE('',*,*,#2609,.F.);
#3631=ORIENTED_EDGE('',*,*,#2644,.F.);
#3632=ORIENTED_EDGE('',*,*,#2614,.F.);
#3633=ORIENTED_EDGE('',*,*,#2637,.F.);
#3634=ORIENTED_EDGE('',*,*,#2616,.F.);
#3635=ORIENTED_EDGE('',*,*,#2643,.F.);
#3636=ORIENTED_EDGE('',*,*,#2620,.F.);
#3637=ORIENTED_EDGE('',*,*,#2634,.F.);
#3638=ORIENTED_EDGE('',*,*,#2626,.F.);
#3639=ORIENTED_EDGE('',*,*,#2640,.F.);
#3640=ORIENTED_EDGE('',*,*,#2587,.F.);
#3641=ORIENTED_EDGE('',*,*,#2635,.F.);
#3642=ORIENTED_EDGE('',*,*,#2585,.F.);
#3643=ORIENTED_EDGE('',*,*,#2645,.F.);
#3644=ORIENTED_EDGE('',*,*,#2607,.F.);
#3645=ORIENTED_EDGE('',*,*,#2572,.T.);
#3646=ORIENTED_EDGE('',*,*,#2652,.F.);
#3647=ORIENTED_EDGE('',*,*,#2589,.F.);
#3648=ORIENTED_EDGE('',*,*,#2653,.T.);
#3649=ORIENTED_EDGE('',*,*,#2573,.T.);
#3650=ORIENTED_EDGE('',*,*,#2653,.F.);
#3651=ORIENTED_EDGE('',*,*,#2588,.F.);
#3652=ORIENTED_EDGE('',*,*,#2654,.T.);
#3653=ORIENTED_EDGE('',*,*,#2574,.T.);
#3654=ORIENTED_EDGE('',*,*,#2654,.F.);
#3655=ORIENTED_EDGE('',*,*,#2591,.F.);
#3656=ORIENTED_EDGE('',*,*,#2655,.T.);
#3657=ORIENTED_EDGE('',*,*,#2655,.F.);
#3658=ORIENTED_EDGE('',*,*,#2590,.T.);
#3659=ORIENTED_EDGE('',*,*,#2652,.T.);
#3660=ORIENTED_EDGE('',*,*,#2575,.F.);
#3661=ORIENTED_EDGE('',*,*,#2580,.T.);
#3662=ORIENTED_EDGE('',*,*,#2656,.F.);
#3663=ORIENTED_EDGE('',*,*,#2593,.F.);
#3664=ORIENTED_EDGE('',*,*,#2657,.T.);
#3665=ORIENTED_EDGE('',*,*,#2581,.T.);
#3666=ORIENTED_EDGE('',*,*,#2657,.F.);
#3667=ORIENTED_EDGE('',*,*,#2592,.F.);
#3668=ORIENTED_EDGE('',*,*,#2658,.T.);
#3669=ORIENTED_EDGE('',*,*,#2582,.T.);
#3670=ORIENTED_EDGE('',*,*,#2658,.F.);
#3671=ORIENTED_EDGE('',*,*,#2595,.F.);
#3672=ORIENTED_EDGE('',*,*,#2659,.T.);
#3673=ORIENTED_EDGE('',*,*,#2659,.F.);
#3674=ORIENTED_EDGE('',*,*,#2594,.T.);
#3675=ORIENTED_EDGE('',*,*,#2656,.T.);
#3676=ORIENTED_EDGE('',*,*,#2583,.F.);
#3677=ORIENTED_EDGE('',*,*,#2576,.T.);
#3678=ORIENTED_EDGE('',*,*,#2660,.F.);
#3679=ORIENTED_EDGE('',*,*,#2597,.F.);
#3680=ORIENTED_EDGE('',*,*,#2661,.T.);
#3681=ORIENTED_EDGE('',*,*,#2577,.T.);
#3682=ORIENTED_EDGE('',*,*,#2661,.F.);
#3683=ORIENTED_EDGE('',*,*,#2596,.F.);
#3684=ORIENTED_EDGE('',*,*,#2662,.T.);
#3685=ORIENTED_EDGE('',*,*,#2578,.T.);
#3686=ORIENTED_EDGE('',*,*,#2662,.F.);
#3687=ORIENTED_EDGE('',*,*,#2599,.F.);
#3688=ORIENTED_EDGE('',*,*,#2663,.T.);
#3689=ORIENTED_EDGE('',*,*,#2663,.F.);
#3690=ORIENTED_EDGE('',*,*,#2598,.T.);
#3691=ORIENTED_EDGE('',*,*,#2660,.T.);
#3692=ORIENTED_EDGE('',*,*,#2579,.F.);
#3693=ORIENTED_EDGE('',*,*,#2664,.F.);
#3694=ORIENTED_EDGE('',*,*,#2665,.F.);
#3695=ORIENTED_EDGE('',*,*,#2666,.T.);
#3696=ORIENTED_EDGE('',*,*,#2667,.T.);
#3697=ORIENTED_EDGE('',*,*,#2668,.F.);
#3698=ORIENTED_EDGE('',*,*,#2667,.F.);
#3699=ORIENTED_EDGE('',*,*,#2669,.T.);
#3700=ORIENTED_EDGE('',*,*,#2670,.T.);
#3701=ORIENTED_EDGE('',*,*,#2671,.T.);
#3702=ORIENTED_EDGE('',*,*,#2672,.T.);
#3703=ORIENTED_EDGE('',*,*,#2673,.F.);
#3704=ORIENTED_EDGE('',*,*,#2674,.F.);
#3705=ORIENTED_EDGE('',*,*,#2675,.T.);
#3706=ORIENTED_EDGE('',*,*,#2676,.T.);
#3707=ORIENTED_EDGE('',*,*,#2670,.F.);
#3708=ORIENTED_EDGE('',*,*,#2677,.T.);
#3709=ORIENTED_EDGE('',*,*,#2678,.F.);
#3710=ORIENTED_EDGE('',*,*,#2671,.F.);
#3711=ORIENTED_EDGE('',*,*,#2679,.T.);
#3712=ORIENTED_EDGE('',*,*,#2680,.T.);
#3713=ORIENTED_EDGE('',*,*,#2681,.F.);
#3714=ORIENTED_EDGE('',*,*,#2680,.F.);
#3715=ORIENTED_EDGE('',*,*,#2682,.T.);
#3716=ORIENTED_EDGE('',*,*,#2683,.T.);
#3717=ORIENTED_EDGE('',*,*,#2684,.F.);
#3718=ORIENTED_EDGE('',*,*,#2683,.F.);
#3719=ORIENTED_EDGE('',*,*,#2685,.T.);
#3720=ORIENTED_EDGE('',*,*,#2686,.T.);
#3721=ORIENTED_EDGE('',*,*,#2687,.T.);
#3722=ORIENTED_EDGE('',*,*,#2686,.F.);
#3723=ORIENTED_EDGE('',*,*,#2688,.F.);
#3724=ORIENTED_EDGE('',*,*,#2689,.T.);
#3725=ORIENTED_EDGE('',*,*,#2690,.F.);
#3726=ORIENTED_EDGE('',*,*,#2689,.F.);
#3727=ORIENTED_EDGE('',*,*,#2691,.T.);
#3728=ORIENTED_EDGE('',*,*,#2665,.T.);
#3729=ORIENTED_EDGE('',*,*,#2666,.F.);
#3730=ORIENTED_EDGE('',*,*,#2691,.F.);
#3731=ORIENTED_EDGE('',*,*,#2688,.T.);
#3732=ORIENTED_EDGE('',*,*,#2685,.F.);
#3733=ORIENTED_EDGE('',*,*,#2682,.F.);
#3734=ORIENTED_EDGE('',*,*,#2679,.F.);
#3735=ORIENTED_EDGE('',*,*,#2677,.F.);
#3736=ORIENTED_EDGE('',*,*,#2669,.F.);
#3737=ORIENTED_EDGE('',*,*,#2664,.T.);
#3738=ORIENTED_EDGE('',*,*,#2668,.T.);
#3739=ORIENTED_EDGE('',*,*,#2676,.F.);
#3740=ORIENTED_EDGE('',*,*,#2692,.T.);
#3741=ORIENTED_EDGE('',*,*,#2693,.T.);
#3742=ORIENTED_EDGE('',*,*,#2694,.F.);
#3743=ORIENTED_EDGE('',*,*,#2672,.F.);
#3744=ORIENTED_EDGE('',*,*,#2678,.T.);
#3745=ORIENTED_EDGE('',*,*,#2681,.T.);
#3746=ORIENTED_EDGE('',*,*,#2684,.T.);
#3747=ORIENTED_EDGE('',*,*,#2687,.F.);
#3748=ORIENTED_EDGE('',*,*,#2690,.T.);
#3749=ORIENTED_EDGE('',*,*,#2694,.T.);
#3750=ORIENTED_EDGE('',*,*,#2695,.T.);
#3751=ORIENTED_EDGE('',*,*,#2696,.F.);
#3752=ORIENTED_EDGE('',*,*,#2673,.T.);
#3753=ORIENTED_EDGE('',*,*,#2697,.T.);
#3754=ORIENTED_EDGE('',*,*,#2698,.T.);
#3755=ORIENTED_EDGE('',*,*,#2692,.F.);
#3756=ORIENTED_EDGE('',*,*,#2675,.F.);
#3757=ORIENTED_EDGE('',*,*,#2696,.T.);
#3758=ORIENTED_EDGE('',*,*,#2699,.T.);
#3759=ORIENTED_EDGE('',*,*,#2697,.F.);
#3760=ORIENTED_EDGE('',*,*,#2674,.T.);
#3761=ORIENTED_EDGE('',*,*,#2698,.F.);
#3762=ORIENTED_EDGE('',*,*,#2699,.F.);
#3763=ORIENTED_EDGE('',*,*,#2695,.F.);
#3764=ORIENTED_EDGE('',*,*,#2693,.F.);
#3765=ORIENTED_EDGE('',*,*,#2700,.F.);
#3766=ORIENTED_EDGE('',*,*,#2701,.T.);
#3767=ORIENTED_EDGE('',*,*,#2702,.F.);
#3768=ORIENTED_EDGE('',*,*,#2701,.F.);
#3769=ORIENTED_EDGE('',*,*,#2703,.F.);
#3770=ORIENTED_EDGE('',*,*,#2704,.T.);
#3771=ORIENTED_EDGE('',*,*,#2705,.F.);
#3772=ORIENTED_EDGE('',*,*,#2704,.F.);
#3773=ORIENTED_EDGE('',*,*,#2706,.F.);
#3774=ORIENTED_EDGE('',*,*,#2707,.T.);
#3775=ORIENTED_EDGE('',*,*,#2708,.F.);
#3776=ORIENTED_EDGE('',*,*,#2707,.F.);
#3777=ORIENTED_EDGE('',*,*,#2709,.F.);
#3778=ORIENTED_EDGE('',*,*,#2710,.T.);
#3779=ORIENTED_EDGE('',*,*,#2711,.F.);
#3780=ORIENTED_EDGE('',*,*,#2710,.F.);
#3781=ORIENTED_EDGE('',*,*,#2712,.F.);
#3782=ORIENTED_EDGE('',*,*,#2713,.T.);
#3783=ORIENTED_EDGE('',*,*,#2714,.F.);
#3784=ORIENTED_EDGE('',*,*,#2713,.F.);
#3785=ORIENTED_EDGE('',*,*,#2715,.T.);
#3786=ORIENTED_EDGE('',*,*,#2716,.T.);
#3787=ORIENTED_EDGE('',*,*,#2717,.F.);
#3788=ORIENTED_EDGE('',*,*,#2716,.F.);
#3789=ORIENTED_EDGE('',*,*,#2717,.T.);
#3790=ORIENTED_EDGE('',*,*,#2700,.T.);
#3791=ORIENTED_EDGE('',*,*,#2703,.T.);
#3792=ORIENTED_EDGE('',*,*,#2706,.T.);
#3793=ORIENTED_EDGE('',*,*,#2709,.T.);
#3794=ORIENTED_EDGE('',*,*,#2712,.T.);
#3795=ORIENTED_EDGE('',*,*,#2718,.T.);
#3796=ORIENTED_EDGE('',*,*,#2715,.F.);
#3797=ORIENTED_EDGE('',*,*,#2719,.F.);
#3798=ORIENTED_EDGE('',*,*,#2702,.T.);
#3799=ORIENTED_EDGE('',*,*,#2705,.T.);
#3800=ORIENTED_EDGE('',*,*,#2708,.T.);
#3801=ORIENTED_EDGE('',*,*,#2711,.T.);
#3802=ORIENTED_EDGE('',*,*,#2714,.T.);
#3803=ORIENTED_EDGE('',*,*,#2720,.T.);
#3804=ORIENTED_EDGE('',*,*,#2718,.F.);
#3805=ORIENTED_EDGE('',*,*,#2721,.T.);
#3806=ORIENTED_EDGE('',*,*,#2720,.F.);
#3807=ORIENTED_EDGE('',*,*,#2721,.F.);
#3808=ORIENTED_EDGE('',*,*,#2719,.T.);
#3809=ORIENTED_EDGE('',*,*,#2722,.T.);
#3810=ORIENTED_EDGE('',*,*,#2723,.F.);
#3811=ORIENTED_EDGE('',*,*,#2722,.F.);
#3812=ORIENTED_EDGE('',*,*,#2723,.T.);
#3813=ORIENTED_EDGE('',*,*,#2724,.F.);
#3814=ORIENTED_EDGE('',*,*,#2725,.F.);
#3815=ORIENTED_EDGE('',*,*,#2726,.F.);
#3816=ORIENTED_EDGE('',*,*,#2727,.T.);
#3817=ORIENTED_EDGE('',*,*,#2728,.T.);
#3818=ORIENTED_EDGE('',*,*,#2729,.T.);
#3819=ORIENTED_EDGE('',*,*,#2727,.F.);
#3820=ORIENTED_EDGE('',*,*,#2730,.F.);
#3821=ORIENTED_EDGE('',*,*,#2731,.T.);
#3822=ORIENTED_EDGE('',*,*,#2732,.T.);
#3823=ORIENTED_EDGE('',*,*,#2733,.T.);
#3824=ORIENTED_EDGE('',*,*,#2734,.T.);
#3825=ORIENTED_EDGE('',*,*,#2731,.F.);
#3826=ORIENTED_EDGE('',*,*,#2735,.F.);
#3827=ORIENTED_EDGE('',*,*,#2736,.F.);
#3828=ORIENTED_EDGE('',*,*,#2737,.T.);
#3829=ORIENTED_EDGE('',*,*,#2738,.T.);
#3830=ORIENTED_EDGE('',*,*,#2732,.F.);
#3831=ORIENTED_EDGE('',*,*,#2739,.F.);
#3832=ORIENTED_EDGE('',*,*,#2726,.T.);
#3833=ORIENTED_EDGE('',*,*,#2728,.F.);
#3834=ORIENTED_EDGE('',*,*,#2729,.F.);
#3835=ORIENTED_EDGE('',*,*,#2740,.T.);
#3836=ORIENTED_EDGE('',*,*,#2735,.T.);
#3837=ORIENTED_EDGE('',*,*,#2730,.T.);
#3838=ORIENTED_EDGE('',*,*,#2740,.F.);
#3839=ORIENTED_EDGE('',*,*,#2737,.F.);
#3840=ORIENTED_EDGE('',*,*,#2741,.F.);
#3841=ORIENTED_EDGE('',*,*,#2724,.T.);
#3842=ORIENTED_EDGE('',*,*,#2739,.T.);
#3843=ORIENTED_EDGE('',*,*,#2734,.F.);
#3844=ORIENTED_EDGE('',*,*,#2742,.T.);
#3845=ORIENTED_EDGE('',*,*,#2725,.T.);
#3846=ORIENTED_EDGE('',*,*,#2741,.T.);
#3847=ORIENTED_EDGE('',*,*,#2736,.T.);
#3848=ORIENTED_EDGE('',*,*,#2742,.F.);
#3849=ORIENTED_EDGE('',*,*,#2733,.F.);
#3850=ORIENTED_EDGE('',*,*,#2738,.F.);
#3851=ORIENTED_EDGE('',*,*,#2743,.F.);
#3852=ORIENTED_EDGE('',*,*,#2744,.T.);
#3853=ORIENTED_EDGE('',*,*,#2745,.T.);
#3854=ORIENTED_EDGE('',*,*,#2744,.F.);
#3855=ORIENTED_EDGE('',*,*,#2746,.F.);
#3856=ORIENTED_EDGE('',*,*,#2747,.T.);
#3857=ORIENTED_EDGE('',*,*,#2748,.T.);
#3858=ORIENTED_EDGE('',*,*,#2747,.F.);
#3859=ORIENTED_EDGE('',*,*,#2749,.F.);
#3860=ORIENTED_EDGE('',*,*,#2750,.T.);
#3861=ORIENTED_EDGE('',*,*,#2751,.T.);
#3862=ORIENTED_EDGE('',*,*,#2750,.F.);
#3863=ORIENTED_EDGE('',*,*,#2752,.F.);
#3864=ORIENTED_EDGE('',*,*,#2753,.T.);
#3865=ORIENTED_EDGE('',*,*,#2754,.T.);
#3866=ORIENTED_EDGE('',*,*,#2753,.F.);
#3867=ORIENTED_EDGE('',*,*,#2755,.F.);
#3868=ORIENTED_EDGE('',*,*,#2756,.T.);
#3869=ORIENTED_EDGE('',*,*,#2757,.T.);
#3870=ORIENTED_EDGE('',*,*,#2758,.F.);
#3871=ORIENTED_EDGE('',*,*,#2759,.F.);
#3872=ORIENTED_EDGE('',*,*,#2760,.T.);
#3873=ORIENTED_EDGE('',*,*,#2761,.T.);
#3874=ORIENTED_EDGE('',*,*,#2762,.F.);
#3875=ORIENTED_EDGE('',*,*,#2763,.T.);
#3876=ORIENTED_EDGE('',*,*,#2764,.T.);
#3877=ORIENTED_EDGE('',*,*,#2765,.F.);
#3878=ORIENTED_EDGE('',*,*,#2766,.T.);
#3879=ORIENTED_EDGE('',*,*,#2767,.F.);
#3880=ORIENTED_EDGE('',*,*,#2768,.T.);
#3881=ORIENTED_EDGE('',*,*,#2743,.T.);
#3882=ORIENTED_EDGE('',*,*,#2746,.T.);
#3883=ORIENTED_EDGE('',*,*,#2765,.T.);
#3884=ORIENTED_EDGE('',*,*,#2769,.T.);
#3885=ORIENTED_EDGE('',*,*,#2770,.F.);
#3886=ORIENTED_EDGE('',*,*,#2771,.T.);
#3887=ORIENTED_EDGE('',*,*,#2770,.T.);
#3888=ORIENTED_EDGE('',*,*,#2772,.T.);
#3889=ORIENTED_EDGE('',*,*,#2773,.T.);
#3890=ORIENTED_EDGE('',*,*,#2774,.F.);
#3891=ORIENTED_EDGE('',*,*,#2775,.F.);
#3892=ORIENTED_EDGE('',*,*,#2776,.T.);
#3893=ORIENTED_EDGE('',*,*,#2745,.F.);
#3894=ORIENTED_EDGE('',*,*,#2748,.F.);
#3895=ORIENTED_EDGE('',*,*,#2774,.T.);
#3896=ORIENTED_EDGE('',*,*,#2777,.T.);
#3897=ORIENTED_EDGE('',*,*,#2760,.F.);
#3898=ORIENTED_EDGE('',*,*,#2778,.F.);
#3899=ORIENTED_EDGE('',*,*,#2762,.T.);
#3900=ORIENTED_EDGE('',*,*,#2779,.T.);
#3901=ORIENTED_EDGE('',*,*,#2780,.F.);
#3902=ORIENTED_EDGE('',*,*,#2781,.F.);
#3903=ORIENTED_EDGE('',*,*,#2782,.F.);
#3904=ORIENTED_EDGE('',*,*,#2783,.T.);
#3905=ORIENTED_EDGE('',*,*,#2784,.F.);
#3906=ORIENTED_EDGE('',*,*,#2780,.T.);
#3907=ORIENTED_EDGE('',*,*,#2785,.T.);
#3908=ORIENTED_EDGE('',*,*,#2786,.T.);
#3909=ORIENTED_EDGE('',*,*,#2751,.F.);
#3910=ORIENTED_EDGE('',*,*,#2754,.F.);
#3911=ORIENTED_EDGE('',*,*,#2787,.F.);
#3912=ORIENTED_EDGE('',*,*,#2788,.T.);
#3913=ORIENTED_EDGE('',*,*,#2782,.T.);
#3914=ORIENTED_EDGE('',*,*,#2789,.T.);
#3915=ORIENTED_EDGE('',*,*,#2790,.F.);
#3916=ORIENTED_EDGE('',*,*,#2791,.T.);
#3917=ORIENTED_EDGE('',*,*,#2787,.T.);
#3918=ORIENTED_EDGE('',*,*,#2792,.T.);
#3919=ORIENTED_EDGE('',*,*,#2793,.T.);
#3920=ORIENTED_EDGE('',*,*,#2794,.F.);
#3921=ORIENTED_EDGE('',*,*,#2749,.T.);
#3922=ORIENTED_EDGE('',*,*,#2752,.T.);
#3923=ORIENTED_EDGE('',*,*,#2794,.T.);
#3924=ORIENTED_EDGE('',*,*,#2795,.T.);
#3925=ORIENTED_EDGE('',*,*,#2756,.F.);
#3926=ORIENTED_EDGE('',*,*,#2796,.F.);
#3927=ORIENTED_EDGE('',*,*,#2758,.T.);
#3928=ORIENTED_EDGE('',*,*,#2797,.T.);
#3929=ORIENTED_EDGE('',*,*,#2768,.F.);
#3930=ORIENTED_EDGE('',*,*,#2798,.F.);
#3931=ORIENTED_EDGE('',*,*,#2784,.T.);
#3932=ORIENTED_EDGE('',*,*,#2799,.T.);
#3933=ORIENTED_EDGE('',*,*,#2790,.T.);
#3934=ORIENTED_EDGE('',*,*,#2796,.T.);
#3935=ORIENTED_EDGE('',*,*,#2755,.T.);
#3936=ORIENTED_EDGE('',*,*,#2798,.T.);
#3937=ORIENTED_EDGE('',*,*,#2767,.T.);
#3938=ORIENTED_EDGE('',*,*,#2800,.T.);
#3939=ORIENTED_EDGE('',*,*,#2775,.T.);
#3940=ORIENTED_EDGE('',*,*,#2778,.T.);
#3941=ORIENTED_EDGE('',*,*,#2759,.T.);
#3942=ORIENTED_EDGE('',*,*,#2781,.T.);
#3943=ORIENTED_EDGE('',*,*,#2793,.F.);
#3944=ORIENTED_EDGE('',*,*,#2801,.T.);
#3945=ORIENTED_EDGE('',*,*,#2785,.F.);
#3946=ORIENTED_EDGE('',*,*,#2779,.F.);
#3947=ORIENTED_EDGE('',*,*,#2761,.F.);
#3948=ORIENTED_EDGE('',*,*,#2777,.F.);
#3949=ORIENTED_EDGE('',*,*,#2773,.F.);
#3950=ORIENTED_EDGE('',*,*,#2802,.T.);
#3951=ORIENTED_EDGE('',*,*,#2763,.F.);
#3952=ORIENTED_EDGE('',*,*,#2797,.F.);
#3953=ORIENTED_EDGE('',*,*,#2757,.F.);
#3954=ORIENTED_EDGE('',*,*,#2795,.F.);
#3955=ORIENTED_EDGE('',*,*,#2783,.F.);
#3956=ORIENTED_EDGE('',*,*,#2788,.F.);
#3957=ORIENTED_EDGE('',*,*,#2791,.F.);
#3958=ORIENTED_EDGE('',*,*,#2799,.F.);
#3959=ORIENTED_EDGE('',*,*,#2786,.F.);
#3960=ORIENTED_EDGE('',*,*,#2801,.F.);
#3961=ORIENTED_EDGE('',*,*,#2792,.F.);
#3962=ORIENTED_EDGE('',*,*,#2789,.F.);
#3963=ORIENTED_EDGE('',*,*,#2764,.F.);
#3964=ORIENTED_EDGE('',*,*,#2802,.F.);
#3965=ORIENTED_EDGE('',*,*,#2772,.F.);
#3966=ORIENTED_EDGE('',*,*,#2769,.F.);
#3967=ORIENTED_EDGE('',*,*,#2766,.F.);
#3968=ORIENTED_EDGE('',*,*,#2771,.F.);
#3969=ORIENTED_EDGE('',*,*,#2776,.F.);
#3970=ORIENTED_EDGE('',*,*,#2800,.F.);
#3971=CYLINDRICAL_SURFACE('',#4410,0.138);
#3972=CYLINDRICAL_SURFACE('',#4413,0.138);
#3973=CYLINDRICAL_SURFACE('',#4416,0.138);
#3974=CYLINDRICAL_SURFACE('',#4419,0.138);
#3975=CYLINDRICAL_SURFACE('',#4424,0.123621386968582);
#3976=CYLINDRICAL_SURFACE('',#4428,0.123621386968582);
#3977=CYLINDRICAL_SURFACE('',#4432,0.123621386968582);
#3978=CYLINDRICAL_SURFACE('',#4436,0.123621386968582);
#3979=CYLINDRICAL_SURFACE('',#4440,0.123621386968582);
#3980=CYLINDRICAL_SURFACE('',#4444,0.112);
#3981=CYLINDRICAL_SURFACE('',#4447,0.12);
#3982=CYLINDRICAL_SURFACE('',#4450,0.112);
#3983=CYLINDRICAL_SURFACE('',#4453,0.12);
#3984=CYLINDRICAL_SURFACE('',#4456,0.112);
#3985=CYLINDRICAL_SURFACE('',#4459,0.12);
#3986=CYLINDRICAL_SURFACE('',#4462,0.112);
#3987=CYLINDRICAL_SURFACE('',#4465,0.12);
#3988=CYLINDRICAL_SURFACE('',#4468,0.112);
#3989=CYLINDRICAL_SURFACE('',#4471,0.12);
#3990=CYLINDRICAL_SURFACE('',#4472,2.875);
#3991=CYLINDRICAL_SURFACE('',#4475,2.275);
#3992=CYLINDRICAL_SURFACE('',#4482,0.112);
#3993=CYLINDRICAL_SURFACE('',#4484,0.112);
#3994=CYLINDRICAL_SURFACE('',#4486,0.112);
#3995=CYLINDRICAL_SURFACE('',#4491,0.112);
#3996=CYLINDRICAL_SURFACE('',#4493,0.112);
#3997=CYLINDRICAL_SURFACE('',#4495,0.112);
#3998=CYLINDRICAL_SURFACE('',#4500,0.112);
#3999=CYLINDRICAL_SURFACE('',#4503,0.112);
#4000=CYLINDRICAL_SURFACE('',#4506,0.112);
#4001=CYLINDRICAL_SURFACE('',#4509,0.112);
#4002=CYLINDRICAL_SURFACE('',#4512,0.112);
#4003=CYLINDRICAL_SURFACE('',#4515,0.112);
#4004=CYLINDRICAL_SURFACE('',#4518,0.112);
#4005=CYLINDRICAL_SURFACE('',#4521,0.112);
#4006=CYLINDRICAL_SURFACE('',#4524,0.112);
#4007=CYLINDRICAL_SURFACE('',#4527,0.112);
#4008=CYLINDRICAL_SURFACE('',#4530,0.112);
#4009=CYLINDRICAL_SURFACE('',#4533,0.112);
#4010=CYLINDRICAL_SURFACE('',#4536,0.112);
#4011=CYLINDRICAL_SURFACE('',#4539,0.112);
#4012=CYLINDRICAL_SURFACE('',#4542,0.112);
#4013=CYLINDRICAL_SURFACE('',#4545,0.112);
#4014=CYLINDRICAL_SURFACE('',#4548,0.112);
#4015=CYLINDRICAL_SURFACE('',#4551,0.112);
#4016=CYLINDRICAL_SURFACE('',#4554,0.112);
#4017=CYLINDRICAL_SURFACE('',#4557,0.112);
#4018=CYLINDRICAL_SURFACE('',#4560,0.112);
#4019=CYLINDRICAL_SURFACE('',#4563,0.112);
#4020=CYLINDRICAL_SURFACE('',#4566,0.112);
#4021=CYLINDRICAL_SURFACE('',#4569,0.112);
#4022=CYLINDRICAL_SURFACE('',#4572,0.112);
#4023=CYLINDRICAL_SURFACE('',#4575,0.112);
#4024=CYLINDRICAL_SURFACE('',#4578,0.112);
#4025=CYLINDRICAL_SURFACE('',#4581,0.112);
#4026=CYLINDRICAL_SURFACE('',#4584,0.112);
#4027=CYLINDRICAL_SURFACE('',#4587,0.112);
#4028=CYLINDRICAL_SURFACE('',#4590,0.112);
#4029=CYLINDRICAL_SURFACE('',#4593,0.12);
#4030=CYLINDRICAL_SURFACE('',#4596,0.123621386968582);
#4031=CYLINDRICAL_SURFACE('',#4613,2.881);
#4032=CYLINDRICAL_SURFACE('',#4615,2.995);
#4033=CYLINDRICAL_SURFACE('',#4618,9.);
#4034=CYLINDRICAL_SURFACE('',#4627,0.0885);
#4035=CYLINDRICAL_SURFACE('',#4628,0.0885);
#4036=CYLINDRICAL_SURFACE('',#4629,8.90000000000035);
#4037=CYLINDRICAL_SURFACE('',#4631,8.85000000000028);
#4038=CYLINDRICAL_SURFACE('',#4637,8.90000000000012);
#4039=CYLINDRICAL_SURFACE('',#4641,8.85000000000008);
#4040=CYLINDRICAL_SURFACE('',#4662,2.87499999999831);
#4041=CYLINDRICAL_SURFACE('',#4665,2.905);
#4042=CYLINDRICAL_SURFACE('',#4668,9.);
#4043=CYLINDRICAL_SURFACE('',#4677,8.905);
#4044=CYLINDRICAL_SURFACE('',#4700,0.0885);
#4045=CYLINDRICAL_SURFACE('',#4701,0.0885);
#4046=CYLINDRICAL_SURFACE('',#4702,0.0885);
#4047=CYLINDRICAL_SURFACE('',#4703,0.0885);
#4048=CYLINDRICAL_SURFACE('',#4704,0.0885);
#4049=CYLINDRICAL_SURFACE('',#4705,0.0885);
#4050=CYLINDRICAL_SURFACE('',#4706,0.2);
#4051=CYLINDRICAL_SURFACE('',#4707,0.2);
#4052=CYLINDRICAL_SURFACE('',#4708,0.2);
#4053=CYLINDRICAL_SURFACE('',#4709,0.2);
#4054=CYLINDRICAL_SURFACE('',#4710,0.2);
#4055=CYLINDRICAL_SURFACE('',#4711,0.2);
#4056=CYLINDRICAL_SURFACE('',#4712,0.375);
#4057=CYLINDRICAL_SURFACE('',#4714,0.375);
#4058=CYLINDRICAL_SURFACE('',#4716,0.375);
#4059=CYLINDRICAL_SURFACE('',#4718,0.375);
#4060=CYLINDRICAL_SURFACE('',#4720,0.375);
#4061=CYLINDRICAL_SURFACE('',#4722,0.375);
#4062=CYLINDRICAL_SURFACE('',#4728,2.89);
#4063=CYLINDRICAL_SURFACE('',#4736,8.89);
#4064=CYLINDRICAL_SURFACE('',#4749,0.0885);
#4065=CYLINDRICAL_SURFACE('',#4752,0.0885);
#4066=CYLINDRICAL_SURFACE('',#4755,0.0885);
#4067=CYLINDRICAL_SURFACE('',#4758,0.0885);
#4068=CYLINDRICAL_SURFACE('',#4761,0.0885);
#4069=CYLINDRICAL_SURFACE('',#4764,2.875);
#4070=CYLINDRICAL_SURFACE('',#4772,0.0885);
#4071=CYLINDRICAL_SURFACE('',#4773,2.265);
#4072=CYLINDRICAL_SURFACE('',#4797,0.156);
#4073=CYLINDRICAL_SURFACE('',#4800,0.156);
#4074=CYLINDRICAL_SURFACE('',#4801,0.156);
#4075=CYLINDRICAL_SURFACE('',#4802,0.132500000000001);
#4076=CYLINDRICAL_SURFACE('',#4805,0.132500000000001);
#4077=CYLINDRICAL_SURFACE('',#4808,0.132500000000001);
#4078=CYLINDRICAL_SURFACE('',#4811,0.132500000000001);
#4079=CYLINDRICAL_SURFACE('',#4814,0.225);
#4080=CYLINDRICAL_SURFACE('',#4817,0.35);
#4081=CYLINDRICAL_SURFACE('',#4827,0.1);
#4082=CYLINDRICAL_SURFACE('',#4830,0.1);
#4083=CYLINDRICAL_SURFACE('',#4840,0.225);
#4084=CYLINDRICAL_SURFACE('',#4843,0.225);
#4085=CYLINDRICAL_SURFACE('',#4848,0.1);
#4086=CYLINDRICAL_SURFACE('',#4849,0.1);
#4087=CYLINDRICAL_SURFACE('',#4850,0.1);
#4088=CYLINDRICAL_SURFACE('',#4851,0.1);
#4089=ADVANCED_FACE('',(#513),#3971,.F.);
#4090=ADVANCED_FACE('',(#514),#3972,.F.);
#4091=ADVANCED_FACE('',(#515),#3973,.F.);
#4092=ADVANCED_FACE('',(#516),#3974,.F.);
#4093=ADVANCED_FACE('',(#517),#395,.T.);
#4094=ADVANCED_FACE('',(#518),#3975,.F.);
#4095=ADVANCED_FACE('',(#519),#396,.T.);
#4096=ADVANCED_FACE('',(#520),#3976,.F.);
#4097=ADVANCED_FACE('',(#521),#397,.T.);
#4098=ADVANCED_FACE('',(#522),#3977,.F.);
#4099=ADVANCED_FACE('',(#523),#398,.T.);
#4100=ADVANCED_FACE('',(#524),#3978,.F.);
#4101=ADVANCED_FACE('',(#525),#399,.T.);
#4102=ADVANCED_FACE('',(#526),#3979,.F.);
#4103=ADVANCED_FACE('',(#527),#400,.T.);
#4104=ADVANCED_FACE('',(#528),#3980,.F.);
#4105=ADVANCED_FACE('',(#529),#401,.T.);
#4106=ADVANCED_FACE('',(#530),#3981,.F.);
#4107=ADVANCED_FACE('',(#531),#402,.T.);
#4108=ADVANCED_FACE('',(#532),#3982,.F.);
#4109=ADVANCED_FACE('',(#533),#403,.T.);
#4110=ADVANCED_FACE('',(#534),#3983,.F.);
#4111=ADVANCED_FACE('',(#535),#404,.T.);
#4112=ADVANCED_FACE('',(#536),#3984,.F.);
#4113=ADVANCED_FACE('',(#537),#405,.T.);
#4114=ADVANCED_FACE('',(#538),#3985,.F.);
#4115=ADVANCED_FACE('',(#539),#406,.T.);
#4116=ADVANCED_FACE('',(#540),#3986,.F.);
#4117=ADVANCED_FACE('',(#541),#407,.T.);
#4118=ADVANCED_FACE('',(#542),#3987,.F.);
#4119=ADVANCED_FACE('',(#543),#408,.T.);
#4120=ADVANCED_FACE('',(#544),#3988,.F.);
#4121=ADVANCED_FACE('',(#545),#409,.T.);
#4122=ADVANCED_FACE('',(#546),#3989,.F.);
#4123=ADVANCED_FACE('',(#547,#148,#149,#150,#151,#152,#153,#154,#155,#156,
#157,#158,#159,#160,#161,#162,#163,#164,#165,#166,#167,#168,#169,#170,#171,
#172,#173,#174,#175,#176,#177,#178,#179,#180,#181,#182,#183,#184,#185,#186,
#187,#188,#189,#190,#191,#192,#193,#194,#195),#3990,.T.);
#4124=ADVANCED_FACE('',(#548),#3991,.F.);
#4125=ADVANCED_FACE('',(#549,#196,#197,#198,#199,#200,#201,#202),#410,.T.);
#4126=ADVANCED_FACE('',(#550,#203,#204,#205,#206),#411,.F.);
#4127=ADVANCED_FACE('',(#551,#207,#208,#209,#210),#412,.T.);
#4128=ADVANCED_FACE('',(#552),#3992,.F.);
#4129=ADVANCED_FACE('',(#553),#3993,.F.);
#4130=ADVANCED_FACE('',(#554),#3994,.F.);
#4131=ADVANCED_FACE('',(#555),#413,.T.);
#4132=ADVANCED_FACE('',(#556),#414,.T.);
#4133=ADVANCED_FACE('',(#557),#415,.T.);
#4134=ADVANCED_FACE('',(#558),#3995,.F.);
#4135=ADVANCED_FACE('',(#559),#3996,.F.);
#4136=ADVANCED_FACE('',(#560),#3997,.F.);
#4137=ADVANCED_FACE('',(#561),#416,.T.);
#4138=ADVANCED_FACE('',(#562),#417,.T.);
#4139=ADVANCED_FACE('',(#563),#418,.T.);
#4140=ADVANCED_FACE('',(#564),#3998,.F.);
#4141=ADVANCED_FACE('',(#565),#419,.T.);
#4142=ADVANCED_FACE('',(#566),#3999,.F.);
#4143=ADVANCED_FACE('',(#567),#420,.T.);
#4144=ADVANCED_FACE('',(#568),#4000,.F.);
#4145=ADVANCED_FACE('',(#569),#421,.T.);
#4146=ADVANCED_FACE('',(#570),#4001,.F.);
#4147=ADVANCED_FACE('',(#571),#422,.T.);
#4148=ADVANCED_FACE('',(#572),#4002,.F.);
#4149=ADVANCED_FACE('',(#573),#423,.T.);
#4150=ADVANCED_FACE('',(#574),#4003,.F.);
#4151=ADVANCED_FACE('',(#575),#424,.T.);
#4152=ADVANCED_FACE('',(#576),#4004,.F.);
#4153=ADVANCED_FACE('',(#577),#425,.T.);
#4154=ADVANCED_FACE('',(#578),#4005,.F.);
#4155=ADVANCED_FACE('',(#579),#426,.T.);
#4156=ADVANCED_FACE('',(#580),#4006,.F.);
#4157=ADVANCED_FACE('',(#581),#427,.T.);
#4158=ADVANCED_FACE('',(#582),#4007,.F.);
#4159=ADVANCED_FACE('',(#583),#428,.T.);
#4160=ADVANCED_FACE('',(#584),#4008,.F.);
#4161=ADVANCED_FACE('',(#585),#429,.T.);
#4162=ADVANCED_FACE('',(#586),#4009,.F.);
#4163=ADVANCED_FACE('',(#587),#430,.T.);
#4164=ADVANCED_FACE('',(#588),#4010,.F.);
#4165=ADVANCED_FACE('',(#589),#431,.T.);
#4166=ADVANCED_FACE('',(#590),#4011,.F.);
#4167=ADVANCED_FACE('',(#591),#432,.T.);
#4168=ADVANCED_FACE('',(#592),#4012,.F.);
#4169=ADVANCED_FACE('',(#593),#433,.T.);
#4170=ADVANCED_FACE('',(#594),#4013,.F.);
#4171=ADVANCED_FACE('',(#595),#434,.T.);
#4172=ADVANCED_FACE('',(#596),#4014,.F.);
#4173=ADVANCED_FACE('',(#597),#435,.T.);
#4174=ADVANCED_FACE('',(#598),#4015,.F.);
#4175=ADVANCED_FACE('',(#599),#436,.T.);
#4176=ADVANCED_FACE('',(#600),#4016,.F.);
#4177=ADVANCED_FACE('',(#601),#437,.T.);
#4178=ADVANCED_FACE('',(#602),#4017,.F.);
#4179=ADVANCED_FACE('',(#603),#438,.T.);
#4180=ADVANCED_FACE('',(#604),#4018,.F.);
#4181=ADVANCED_FACE('',(#605),#439,.T.);
#4182=ADVANCED_FACE('',(#606),#4019,.F.);
#4183=ADVANCED_FACE('',(#607),#440,.T.);
#4184=ADVANCED_FACE('',(#608),#4020,.F.);
#4185=ADVANCED_FACE('',(#609),#441,.T.);
#4186=ADVANCED_FACE('',(#610),#4021,.F.);
#4187=ADVANCED_FACE('',(#611),#442,.T.);
#4188=ADVANCED_FACE('',(#612),#4022,.F.);
#4189=ADVANCED_FACE('',(#613),#443,.T.);
#4190=ADVANCED_FACE('',(#614),#4023,.F.);
#4191=ADVANCED_FACE('',(#615),#444,.T.);
#4192=ADVANCED_FACE('',(#616),#4024,.F.);
#4193=ADVANCED_FACE('',(#617),#445,.T.);
#4194=ADVANCED_FACE('',(#618),#4025,.F.);
#4195=ADVANCED_FACE('',(#619),#446,.T.);
#4196=ADVANCED_FACE('',(#620),#4026,.F.);
#4197=ADVANCED_FACE('',(#621),#447,.T.);
#4198=ADVANCED_FACE('',(#622),#4027,.F.);
#4199=ADVANCED_FACE('',(#623),#448,.T.);
#4200=ADVANCED_FACE('',(#624),#4028,.F.);
#4201=ADVANCED_FACE('',(#625),#449,.T.);
#4202=ADVANCED_FACE('',(#626),#4029,.F.);
#4203=ADVANCED_FACE('',(#627),#450,.T.);
#4204=ADVANCED_FACE('',(#628),#4030,.F.);
#4205=ADVANCED_FACE('',(#629),#451,.T.);
#4206=ADVANCED_FACE('',(#630,#211),#452,.F.);
#4207=ADVANCED_FACE('',(#631),#116,.F.);
#4208=ADVANCED_FACE('',(#632,#212,#213),#4031,.F.);
#4209=ADVANCED_FACE('',(#633,#214,#215),#4032,.T.);
#4210=ADVANCED_FACE('',(#634),#453,.T.);
#4211=ADVANCED_FACE('',(#635),#4033,.T.);
#4212=ADVANCED_FACE('',(#636),#454,.F.);
#4213=ADVANCED_FACE('',(#637),#455,.T.);
#4214=ADVANCED_FACE('',(#638),#456,.F.);
#4215=ADVANCED_FACE('',(#639),#457,.T.);
#4216=ADVANCED_FACE('',(#640),#458,.T.);
#4217=ADVANCED_FACE('',(#641),#117,.T.);
#4218=ADVANCED_FACE('',(#642),#4034,.F.);
#4219=ADVANCED_FACE('',(#643),#4035,.F.);
#4220=ADVANCED_FACE('',(#644),#4036,.T.);
#4221=ADVANCED_FACE('',(#645),#4037,.F.);
#4222=ADVANCED_FACE('',(#646),#459,.T.);
#4223=ADVANCED_FACE('',(#647),#460,.F.);
#4224=ADVANCED_FACE('',(#648),#4038,.T.);
#4225=ADVANCED_FACE('',(#649),#461,.F.);
#4226=ADVANCED_FACE('',(#650),#4039,.F.);
#4227=ADVANCED_FACE('',(#651),#462,.T.);
#4228=ADVANCED_FACE('',(#652),#463,.F.);
#4229=ADVANCED_FACE('',(#653),#464,.T.);
#4230=ADVANCED_FACE('',(#654),#465,.F.);
#4231=ADVANCED_FACE('',(#655),#466,.T.);
#4232=ADVANCED_FACE('',(#656),#467,.T.);
#4233=ADVANCED_FACE('',(#657),#468,.F.);
#4234=ADVANCED_FACE('',(#658),#469,.T.);
#4235=ADVANCED_FACE('',(#659),#470,.T.);
#4236=ADVANCED_FACE('',(#660),#471,.T.);
#4237=ADVANCED_FACE('',(#661),#472,.F.);
#4238=ADVANCED_FACE('',(#662),#473,.T.);
#4239=ADVANCED_FACE('',(#663),#474,.T.);
#4240=ADVANCED_FACE('',(#664),#475,.F.);
#4241=ADVANCED_FACE('',(#665),#476,.T.);
#4242=ADVANCED_FACE('',(#666),#118,.T.);
#4243=ADVANCED_FACE('',(#667),#119,.T.);
#4244=ADVANCED_FACE('',(#668,#216,#217,#218,#219,#220,#221,#222,#223,#224),
#4040,.F.);
#4245=ADVANCED_FACE('',(#669,#225,#226,#227),#4041,.T.);
#4246=ADVANCED_FACE('',(#670),#4042,.T.);
#4247=ADVANCED_FACE('',(#671),#477,.F.);
#4248=ADVANCED_FACE('',(#672,#228,#229,#230),#478,.T.);
#4249=ADVANCED_FACE('',(#673),#479,.F.);
#4250=ADVANCED_FACE('',(#674),#4043,.F.);
#4251=ADVANCED_FACE('',(#675),#480,.T.);
#4252=ADVANCED_FACE('',(#676,#231,#232,#233),#481,.T.);
#4253=ADVANCED_FACE('',(#677),#482,.T.);
#4254=ADVANCED_FACE('',(#678,#234),#483,.T.);
#4255=ADVANCED_FACE('',(#679,#235),#484,.F.);
#4256=ADVANCED_FACE('',(#680),#4044,.F.);
#4257=ADVANCED_FACE('',(#681),#4045,.F.);
#4258=ADVANCED_FACE('',(#682),#4046,.F.);
#4259=ADVANCED_FACE('',(#683),#4047,.F.);
#4260=ADVANCED_FACE('',(#684),#4048,.F.);
#4261=ADVANCED_FACE('',(#685),#4049,.F.);
#4262=ADVANCED_FACE('',(#686),#4050,.F.);
#4263=ADVANCED_FACE('',(#687),#4051,.F.);
#4264=ADVANCED_FACE('',(#688),#4052,.F.);
#4265=ADVANCED_FACE('',(#689),#4053,.F.);
#4266=ADVANCED_FACE('',(#690),#4054,.T.);
#4267=ADVANCED_FACE('',(#691),#4055,.T.);
#4268=ADVANCED_FACE('',(#692),#4056,.F.);
#4269=ADVANCED_FACE('',(#693),#485,.T.);
#4270=ADVANCED_FACE('',(#694),#4057,.F.);
#4271=ADVANCED_FACE('',(#695),#486,.F.);
#4272=ADVANCED_FACE('',(#696),#4058,.F.);
#4273=ADVANCED_FACE('',(#697),#487,.T.);
#4274=ADVANCED_FACE('',(#698),#4059,.F.);
#4275=ADVANCED_FACE('',(#699),#488,.F.);
#4276=ADVANCED_FACE('',(#700),#4060,.F.);
#4277=ADVANCED_FACE('',(#701),#489,.T.);
#4278=ADVANCED_FACE('',(#702),#4061,.F.);
#4279=ADVANCED_FACE('',(#703),#490,.F.);
#4280=ADVANCED_FACE('',(#704),#491,.T.);
#4281=ADVANCED_FACE('',(#705),#492,.T.);
#4282=ADVANCED_FACE('',(#706),#4062,.F.);
#4283=ADVANCED_FACE('',(#707),#493,.T.);
#4284=ADVANCED_FACE('',(#708),#494,.T.);
#4285=ADVANCED_FACE('',(#709),#495,.T.);
#4286=ADVANCED_FACE('',(#710),#4063,.T.);
#4287=ADVANCED_FACE('',(#711),#496,.T.);
#4288=ADVANCED_FACE('',(#712),#497,.F.);
#4289=ADVANCED_FACE('',(#713),#498,.F.);
#4290=ADVANCED_FACE('',(#714),#499,.F.);
#4291=ADVANCED_FACE('',(#715),#500,.T.);
#4292=ADVANCED_FACE('',(#716),#501,.T.);
#4293=ADVANCED_FACE('',(#717),#120,.T.);
#4294=ADVANCED_FACE('',(#718),#4064,.F.);
#4295=ADVANCED_FACE('',(#719),#4065,.F.);
#4296=ADVANCED_FACE('',(#720),#4066,.F.);
#4297=ADVANCED_FACE('',(#721),#4067,.F.);
#4298=ADVANCED_FACE('',(#722),#4068,.F.);
#4299=ADVANCED_FACE('',(#723),#4069,.T.);
#4300=ADVANCED_FACE('',(#724,#236,#237,#238,#239,#240,#241),#502,.T.);
#4301=ADVANCED_FACE('',(#725,#242,#243,#244,#245,#246,#247,#248),#503,.F.);
#4302=ADVANCED_FACE('',(#726),#4070,.F.);
#4303=ADVANCED_FACE('',(#727),#4071,.T.);
#4304=ADVANCED_FACE('',(#728),#504,.T.);
#4305=ADVANCED_FACE('',(#729),#20,.T.);
#4306=ADVANCED_FACE('',(#730),#21,.T.);
#4307=ADVANCED_FACE('',(#731),#18,.T.);
#4308=ADVANCED_FACE('',(#732),#4072,.T.);
#4309=ADVANCED_FACE('',(#733),#19,.T.);
#4310=ADVANCED_FACE('',(#734),#4073,.T.);
#4311=ADVANCED_FACE('',(#735),#4074,.T.);
#4312=ADVANCED_FACE('',(#736),#4075,.F.);
#4313=ADVANCED_FACE('',(#737),#4076,.F.);
#4314=ADVANCED_FACE('',(#738),#4077,.F.);
#4315=ADVANCED_FACE('',(#739),#4078,.F.);
#4316=ADVANCED_FACE('',(#740),#4079,.F.);
#4317=ADVANCED_FACE('',(#741),#4080,.T.);
#4318=ADVANCED_FACE('',(#742,#249,#250),#505,.F.);
#4319=ADVANCED_FACE('',(#743),#506,.F.);
#4320=ADVANCED_FACE('',(#744,#251,#252),#507,.F.);
#4321=ADVANCED_FACE('',(#745),#4081,.F.);
#4322=ADVANCED_FACE('',(#746),#4082,.F.);
#4323=ADVANCED_FACE('',(#747,#253,#254),#508,.F.);
#4324=ADVANCED_FACE('',(#748),#509,.F.);
#4325=ADVANCED_FACE('',(#749,#255,#256),#510,.F.);
#4326=ADVANCED_FACE('',(#750),#4083,.T.);
#4327=ADVANCED_FACE('',(#751),#4084,.T.);
#4328=ADVANCED_FACE('',(#752),#511,.F.);
#4329=ADVANCED_FACE('',(#753),#512,.T.);
#4330=ADVANCED_FACE('',(#754),#4085,.T.);
#4331=ADVANCED_FACE('',(#755),#4086,.T.);
#4332=ADVANCED_FACE('',(#756),#4087,.T.);
#4333=ADVANCED_FACE('',(#757),#4088,.T.);
#4334=CLOSED_SHELL('',(#4089,#4090,#4091,#4092,#4093,#4094,#4095,#4096,
#4097,#4098,#4099,#4100,#4101,#4102,#4103,#4104,#4105,#4106,#4107,#4108,
#4109,#4110,#4111,#4112,#4113,#4114,#4115,#4116,#4117,#4118,#4119,#4120,
#4121,#4122,#4123,#4124,#4125,#4126,#4127,#4128,#4129,#4130,#4131,#4132,
#4133,#4134,#4135,#4136,#4137,#4138,#4139,#4140,#4141,#4142,#4143,#4144,
#4145,#4146,#4147,#4148,#4149,#4150,#4151,#4152,#4153,#4154,#4155,#4156,
#4157,#4158,#4159,#4160,#4161,#4162,#4163,#4164,#4165,#4166,#4167,#4168,
#4169,#4170,#4171,#4172,#4173,#4174,#4175,#4176,#4177,#4178,#4179,#4180,
#4181,#4182,#4183,#4184,#4185,#4186,#4187,#4188,#4189,#4190,#4191,#4192,
#4193,#4194,#4195,#4196,#4197,#4198,#4199,#4200,#4201,#4202,#4203,#4204,
#4205));
#4335=CLOSED_SHELL('',(#4206,#4207,#4208,#4209,#4210,#4211,#4212,#4213,
#4214,#4215,#4216,#4217,#4218,#4219,#4220,#4221,#4222,#4223,#4224,#4225,
#4226,#4227,#4228,#4229,#4230,#4231,#4232,#4233,#4234,#4235,#4236,#4237,
#4238,#4239,#4240,#4241,#4242,#4243));
#4336=CLOSED_SHELL('',(#4244,#4245,#4246,#4247,#4248,#4249,#4250,#4251,
#4252,#4253,#4254,#4255,#4256,#4257,#4258,#4259,#4260,#4261,#4262,#4263,
#4264,#4265,#4266,#4267,#4268,#4269,#4270,#4271,#4272,#4273,#4274,#4275,
#4276,#4277,#4278,#4279));
#4337=CLOSED_SHELL('',(#4280,#4281,#4282,#4283,#4284,#4285,#4286,#4287,
#4288,#4289,#4290,#4291,#4292,#4293));
#4338=CLOSED_SHELL('',(#4294,#4295,#4296,#4297,#4298,#4299,#4300,#4301,
#4302,#4303,#4304));
#4339=CLOSED_SHELL('',(#4305,#4306,#4307,#4308,#4309,#4310,#4311));
#4340=CLOSED_SHELL('',(#4312,#4313,#4314,#4315,#4316,#4317,#4318,#4319,
#4320,#4321,#4322,#4323,#4324,#4325,#4326,#4327,#4328,#4329,#4330,#4331,
#4332,#4333));
#4341=DERIVED_UNIT_ELEMENT(#4353,1.);
#4342=DERIVED_UNIT_ELEMENT(#10303,-3.);
#4343=DERIVED_UNIT_ELEMENT(#4353,1.);
#4344=DERIVED_UNIT_ELEMENT(#10303,-3.);
#4345=DERIVED_UNIT_ELEMENT(#4353,1.);
#4346=DERIVED_UNIT_ELEMENT(#10303,-3.);
#4347=DERIVED_UNIT_ELEMENT(#4353,1.);
#4348=DERIVED_UNIT_ELEMENT(#10303,-3.);
#4349=DERIVED_UNIT_ELEMENT(#4353,1.);
#4350=DERIVED_UNIT_ELEMENT(#10303,-3.);
#4351=DERIVED_UNIT_ELEMENT(#4353,1.);
#4352=DERIVED_UNIT_ELEMENT(#10303,-3.);
#4353=(
MASS_UNIT()
NAMED_UNIT(*)
SI_UNIT(.KILO.,.GRAM.)
);
#4354=DERIVED_UNIT((#4341,#4342));
#4355=DERIVED_UNIT((#4343,#4344));
#4356=DERIVED_UNIT((#4345,#4346));
#4357=DERIVED_UNIT((#4347,#4348));
#4358=DERIVED_UNIT((#4349,#4350));
#4359=DERIVED_UNIT((#4351,#4352));
#4360=MEASURE_REPRESENTATION_ITEM('density measure',
POSITIVE_RATIO_MEASURE(7850.),#4354);
#4361=MEASURE_REPRESENTATION_ITEM('density measure',
POSITIVE_RATIO_MEASURE(7850.),#4355);
#4362=MEASURE_REPRESENTATION_ITEM('density measure',
POSITIVE_RATIO_MEASURE(7850.),#4356);
#4363=MEASURE_REPRESENTATION_ITEM('density measure',
POSITIVE_RATIO_MEASURE(7850.),#4357);
#4364=MEASURE_REPRESENTATION_ITEM('density measure',
POSITIVE_RATIO_MEASURE(7850.),#4358);
#4365=MEASURE_REPRESENTATION_ITEM('density measure',
POSITIVE_RATIO_MEASURE(7850.),#4359);
#4366=PROPERTY_DEFINITION_REPRESENTATION(#4396,#4378);
#4367=PROPERTY_DEFINITION_REPRESENTATION(#4397,#4379);
#4368=PROPERTY_DEFINITION_REPRESENTATION(#4398,#4380);
#4369=PROPERTY_DEFINITION_REPRESENTATION(#4399,#4381);
#4370=PROPERTY_DEFINITION_REPRESENTATION(#4400,#4382);
#4371=PROPERTY_DEFINITION_REPRESENTATION(#4401,#4383);
#4372=PROPERTY_DEFINITION_REPRESENTATION(#4402,#4384);
#4373=PROPERTY_DEFINITION_REPRESENTATION(#4403,#4385);
#4374=PROPERTY_DEFINITION_REPRESENTATION(#4404,#4386);
#4375=PROPERTY_DEFINITION_REPRESENTATION(#4405,#4387);
#4376=PROPERTY_DEFINITION_REPRESENTATION(#4406,#4388);
#4377=PROPERTY_DEFINITION_REPRESENTATION(#4407,#4389);
#4378=REPRESENTATION('material name',(#4390),#10291);
#4379=REPRESENTATION('density',(#4360),#10291);
#4380=REPRESENTATION('material name',(#4391),#10292);
#4381=REPRESENTATION('density',(#4361),#10292);
#4382=REPRESENTATION('material name',(#4392),#10293);
#4383=REPRESENTATION('density',(#4362),#10293);
#4384=REPRESENTATION('material name',(#4393),#10295);
#4385=REPRESENTATION('density',(#4363),#10295);
#4386=REPRESENTATION('material name',(#4394),#10296);
#4387=REPRESENTATION('density',(#4364),#10296);
#4388=REPRESENTATION('material name',(#4395),#10298);
#4389=REPRESENTATION('density',(#4365),#10298);
#4390=DESCRIPTIVE_REPRESENTATION_ITEM('Steel','Steel');
#4391=DESCRIPTIVE_REPRESENTATION_ITEM('Steel','Steel');
#4392=DESCRIPTIVE_REPRESENTATION_ITEM('Steel','Steel');
#4393=DESCRIPTIVE_REPRESENTATION_ITEM('Steel','Steel');
#4394=DESCRIPTIVE_REPRESENTATION_ITEM('Steel','Steel');
#4395=DESCRIPTIVE_REPRESENTATION_ITEM('Steel','Steel');
#4396=PROPERTY_DEFINITION('material property','material name',#10359);
#4397=PROPERTY_DEFINITION('material property','density of part',#10359);
#4398=PROPERTY_DEFINITION('material property','material name',#10360);
#4399=PROPERTY_DEFINITION('material property','density of part',#10360);
#4400=PROPERTY_DEFINITION('material property','material name',#10361);
#4401=PROPERTY_DEFINITION('material property','density of part',#10361);
#4402=PROPERTY_DEFINITION('material property','material name',#10363);
#4403=PROPERTY_DEFINITION('material property','density of part',#10363);
#4404=PROPERTY_DEFINITION('material property','material name',#10364);
#4405=PROPERTY_DEFINITION('material property','density of part',#10364);
#4406=PROPERTY_DEFINITION('material property','material name',#10366);
#4407=PROPERTY_DEFINITION('material property','density of part',#10366);
#4408=AXIS2_PLACEMENT_3D('',#6050,#4869,#4870);
#4409=AXIS2_PLACEMENT_3D('',#6051,#4871,#4872);
#4410=AXIS2_PLACEMENT_3D('',#6052,#4873,#4874);
#4411=AXIS2_PLACEMENT_3D('',#6054,#4875,#4876);
#4412=AXIS2_PLACEMENT_3D('',#6057,#4878,#4879);
#4413=AXIS2_PLACEMENT_3D('',#6058,#4880,#4881);
#4414=AXIS2_PLACEMENT_3D('',#6060,#4882,#4883);
#4415=AXIS2_PLACEMENT_3D('',#6063,#4885,#4886);
#4416=AXIS2_PLACEMENT_3D('',#6064,#4887,#4888);
#4417=AXIS2_PLACEMENT_3D('',#6066,#4889,#4890);
#4418=AXIS2_PLACEMENT_3D('',#6069,#4892,#4893);
#4419=AXIS2_PLACEMENT_3D('',#6070,#4894,#4895);
#4420=AXIS2_PLACEMENT_3D('',#6072,#4896,#4897);
#4421=AXIS2_PLACEMENT_3D('',#6075,#4899,#4900);
#4422=AXIS2_PLACEMENT_3D('',#6076,#4901,#4902);
#4423=AXIS2_PLACEMENT_3D('',#6078,#4903,#4904);
#4424=AXIS2_PLACEMENT_3D('',#6079,#4905,#4906);
#4425=AXIS2_PLACEMENT_3D('',#6082,#4908,#4909);
#4426=AXIS2_PLACEMENT_3D('',#6083,#4910,#4911);
#4427=AXIS2_PLACEMENT_3D('',#6085,#4912,#4913);
#4428=AXIS2_PLACEMENT_3D('',#6086,#4914,#4915);
#4429=AXIS2_PLACEMENT_3D('',#6089,#4917,#4918);
#4430=AXIS2_PLACEMENT_3D('',#6090,#4919,#4920);
#4431=AXIS2_PLACEMENT_3D('',#6092,#4921,#4922);
#4432=AXIS2_PLACEMENT_3D('',#6093,#4923,#4924);
#4433=AXIS2_PLACEMENT_3D('',#6096,#4926,#4927);
#4434=AXIS2_PLACEMENT_3D('',#6097,#4928,#4929);
#4435=AXIS2_PLACEMENT_3D('',#6099,#4930,#4931);
#4436=AXIS2_PLACEMENT_3D('',#6100,#4932,#4933);
#4437=AXIS2_PLACEMENT_3D('',#6103,#4935,#4936);
#4438=AXIS2_PLACEMENT_3D('',#6104,#4937,#4938);
#4439=AXIS2_PLACEMENT_3D('',#6106,#4939,#4940);
#4440=AXIS2_PLACEMENT_3D('',#6107,#4941,#4942);
#4441=AXIS2_PLACEMENT_3D('',#6110,#4944,#4945);
#4442=AXIS2_PLACEMENT_3D('',#6111,#4946,#4947);
#4443=AXIS2_PLACEMENT_3D('',#6113,#4948,#4949);
#4444=AXIS2_PLACEMENT_3D('',#6114,#4950,#4951);
#4445=AXIS2_PLACEMENT_3D('',#6154,#4953,#4954);
#4446=AXIS2_PLACEMENT_3D('',#6156,#4955,#4956);
#4447=AXIS2_PLACEMENT_3D('',#6157,#4957,#4958);
#4448=AXIS2_PLACEMENT_3D('',#6197,#4960,#4961);
#4449=AXIS2_PLACEMENT_3D('',#6199,#4962,#4963);
#4450=AXIS2_PLACEMENT_3D('',#6200,#4964,#4965);
#4451=AXIS2_PLACEMENT_3D('',#6240,#4967,#4968);
#4452=AXIS2_PLACEMENT_3D('',#6242,#4969,#4970);
#4453=AXIS2_PLACEMENT_3D('',#6243,#4971,#4972);
#4454=AXIS2_PLACEMENT_3D('',#6283,#4974,#4975);
#4455=AXIS2_PLACEMENT_3D('',#6285,#4976,#4977);
#4456=AXIS2_PLACEMENT_3D('',#6286,#4978,#4979);
#4457=AXIS2_PLACEMENT_3D('',#6326,#4981,#4982);
#4458=AXIS2_PLACEMENT_3D('',#6328,#4983,#4984);
#4459=AXIS2_PLACEMENT_3D('',#6329,#4985,#4986);
#4460=AXIS2_PLACEMENT_3D('',#6369,#4988,#4989);
#4461=AXIS2_PLACEMENT_3D('',#6371,#4990,#4991);
#4462=AXIS2_PLACEMENT_3D('',#6372,#4992,#4993);
#4463=AXIS2_PLACEMENT_3D('',#6412,#4995,#4996);
#4464=AXIS2_PLACEMENT_3D('',#6414,#4997,#4998);
#4465=AXIS2_PLACEMENT_3D('',#6415,#4999,#5000);
#4466=AXIS2_PLACEMENT_3D('',#6455,#5002,#5003);
#4467=AXIS2_PLACEMENT_3D('',#6457,#5004,#5005);
#4468=AXIS2_PLACEMENT_3D('',#6458,#5006,#5007);
#4469=AXIS2_PLACEMENT_3D('',#6498,#5009,#5010);
#4470=AXIS2_PLACEMENT_3D('',#6500,#5011,#5012);
#4471=AXIS2_PLACEMENT_3D('',#6501,#5013,#5014);
#4472=AXIS2_PLACEMENT_3D('',#6541,#5016,#5017);
#4473=AXIS2_PLACEMENT_3D('',#6543,#5018,#5019);
#4474=AXIS2_PLACEMENT_3D('',#6546,#5021,#5022);
#4475=AXIS2_PLACEMENT_3D('',#7991,#5023,#5024);
#4476=AXIS2_PLACEMENT_3D('',#7993,#5025,#5026);
#4477=AXIS2_PLACEMENT_3D('',#7996,#5028,#5029);
#4478=AXIS2_PLACEMENT_3D('',#7997,#5030,#5031);
#4479=AXIS2_PLACEMENT_3D('',#7999,#5032,#5033);
#4480=AXIS2_PLACEMENT_3D('',#8000,#5034,#5035);
#4481=AXIS2_PLACEMENT_3D('',#8001,#5036,#5037);
#4482=AXIS2_PLACEMENT_3D('',#8002,#5038,#5039);
#4483=AXIS2_PLACEMENT_3D('',#8005,#5041,#5042);
#4484=AXIS2_PLACEMENT_3D('',#8006,#5043,#5044);
#4485=AXIS2_PLACEMENT_3D('',#8009,#5046,#5047);
#4486=AXIS2_PLACEMENT_3D('',#8010,#5048,#5049);
#4487=AXIS2_PLACEMENT_3D('',#8013,#5051,#5052);
#4488=AXIS2_PLACEMENT_3D('',#8014,#5053,#5054);
#4489=AXIS2_PLACEMENT_3D('',#8015,#5055,#5056);
#4490=AXIS2_PLACEMENT_3D('',#8016,#5057,#5058);
#4491=AXIS2_PLACEMENT_3D('',#8017,#5059,#5060);
#4492=AXIS2_PLACEMENT_3D('',#8020,#5062,#5063);
#4493=AXIS2_PLACEMENT_3D('',#8021,#5064,#5065);
#4494=AXIS2_PLACEMENT_3D('',#8024,#5067,#5068);
#4495=AXIS2_PLACEMENT_3D('',#8025,#5069,#5070);
#4496=AXIS2_PLACEMENT_3D('',#8028,#5072,#5073);
#4497=AXIS2_PLACEMENT_3D('',#8029,#5074,#5075);
#4498=AXIS2_PLACEMENT_3D('',#8030,#5076,#5077);
#4499=AXIS2_PLACEMENT_3D('',#8031,#5078,#5079);
#4500=AXIS2_PLACEMENT_3D('',#8032,#5080,#5081);
#4501=AXIS2_PLACEMENT_3D('',#8035,#5083,#5084);
#4502=AXIS2_PLACEMENT_3D('',#8036,#5085,#5086);
#4503=AXIS2_PLACEMENT_3D('',#8037,#5087,#5088);
#4504=AXIS2_PLACEMENT_3D('',#8040,#5090,#5091);
#4505=AXIS2_PLACEMENT_3D('',#8041,#5092,#5093);
#4506=AXIS2_PLACEMENT_3D('',#8042,#5094,#5095);
#4507=AXIS2_PLACEMENT_3D('',#8045,#5097,#5098);
#4508=AXIS2_PLACEMENT_3D('',#8046,#5099,#5100);
#4509=AXIS2_PLACEMENT_3D('',#8047,#5101,#5102);
#4510=AXIS2_PLACEMENT_3D('',#8050,#5104,#5105);
#4511=AXIS2_PLACEMENT_3D('',#8051,#5106,#5107);
#4512=AXIS2_PLACEMENT_3D('',#8052,#5108,#5109);
#4513=AXIS2_PLACEMENT_3D('',#8055,#5111,#5112);
#4514=AXIS2_PLACEMENT_3D('',#8056,#5113,#5114);
#4515=AXIS2_PLACEMENT_3D('',#8057,#5115,#5116);
#4516=AXIS2_PLACEMENT_3D('',#8060,#5118,#5119);
#4517=AXIS2_PLACEMENT_3D('',#8061,#5120,#5121);
#4518=AXIS2_PLACEMENT_3D('',#8062,#5122,#5123);
#4519=AXIS2_PLACEMENT_3D('',#8065,#5125,#5126);
#4520=AXIS2_PLACEMENT_3D('',#8066,#5127,#5128);
#4521=AXIS2_PLACEMENT_3D('',#8067,#5129,#5130);
#4522=AXIS2_PLACEMENT_3D('',#8070,#5132,#5133);
#4523=AXIS2_PLACEMENT_3D('',#8071,#5134,#5135);
#4524=AXIS2_PLACEMENT_3D('',#8072,#5136,#5137);
#4525=AXIS2_PLACEMENT_3D('',#8075,#5139,#5140);
#4526=AXIS2_PLACEMENT_3D('',#8076,#5141,#5142);
#4527=AXIS2_PLACEMENT_3D('',#8077,#5143,#5144);
#4528=AXIS2_PLACEMENT_3D('',#8080,#5146,#5147);
#4529=AXIS2_PLACEMENT_3D('',#8081,#5148,#5149);
#4530=AXIS2_PLACEMENT_3D('',#8082,#5150,#5151);
#4531=AXIS2_PLACEMENT_3D('',#8085,#5153,#5154);
#4532=AXIS2_PLACEMENT_3D('',#8086,#5155,#5156);
#4533=AXIS2_PLACEMENT_3D('',#8087,#5157,#5158);
#4534=AXIS2_PLACEMENT_3D('',#8090,#5160,#5161);
#4535=AXIS2_PLACEMENT_3D('',#8091,#5162,#5163);
#4536=AXIS2_PLACEMENT_3D('',#8092,#5164,#5165);
#4537=AXIS2_PLACEMENT_3D('',#8095,#5167,#5168);
#4538=AXIS2_PLACEMENT_3D('',#8096,#5169,#5170);
#4539=AXIS2_PLACEMENT_3D('',#8097,#5171,#5172);
#4540=AXIS2_PLACEMENT_3D('',#8100,#5174,#5175);
#4541=AXIS2_PLACEMENT_3D('',#8101,#5176,#5177);
#4542=AXIS2_PLACEMENT_3D('',#8102,#5178,#5179);
#4543=AXIS2_PLACEMENT_3D('',#8105,#5181,#5182);
#4544=AXIS2_PLACEMENT_3D('',#8106,#5183,#5184);
#4545=AXIS2_PLACEMENT_3D('',#8107,#5185,#5186);
#4546=AXIS2_PLACEMENT_3D('',#8110,#5188,#5189);
#4547=AXIS2_PLACEMENT_3D('',#8111,#5190,#5191);
#4548=AXIS2_PLACEMENT_3D('',#8112,#5192,#5193);
#4549=AXIS2_PLACEMENT_3D('',#8115,#5195,#5196);
#4550=AXIS2_PLACEMENT_3D('',#8116,#5197,#5198);
#4551=AXIS2_PLACEMENT_3D('',#8117,#5199,#5200);
#4552=AXIS2_PLACEMENT_3D('',#8120,#5202,#5203);
#4553=AXIS2_PLACEMENT_3D('',#8121,#5204,#5205);
#4554=AXIS2_PLACEMENT_3D('',#8122,#5206,#5207);
#4555=AXIS2_PLACEMENT_3D('',#8125,#5209,#5210);
#4556=AXIS2_PLACEMENT_3D('',#8126,#5211,#5212);
#4557=AXIS2_PLACEMENT_3D('',#8127,#5213,#5214);
#4558=AXIS2_PLACEMENT_3D('',#8130,#5216,#5217);
#4559=AXIS2_PLACEMENT_3D('',#8131,#5218,#5219);
#4560=AXIS2_PLACEMENT_3D('',#8132,#5220,#5221);
#4561=AXIS2_PLACEMENT_3D('',#8135,#5223,#5224);
#4562=AXIS2_PLACEMENT_3D('',#8136,#5225,#5226);
#4563=AXIS2_PLACEMENT_3D('',#8137,#5227,#5228);
#4564=AXIS2_PLACEMENT_3D('',#8140,#5230,#5231);
#4565=AXIS2_PLACEMENT_3D('',#8141,#5232,#5233);
#4566=AXIS2_PLACEMENT_3D('',#8142,#5234,#5235);
#4567=AXIS2_PLACEMENT_3D('',#8145,#5237,#5238);
#4568=AXIS2_PLACEMENT_3D('',#8146,#5239,#5240);
#4569=AXIS2_PLACEMENT_3D('',#8147,#5241,#5242);
#4570=AXIS2_PLACEMENT_3D('',#8150,#5244,#5245);
#4571=AXIS2_PLACEMENT_3D('',#8151,#5246,#5247);
#4572=AXIS2_PLACEMENT_3D('',#8152,#5248,#5249);
#4573=AXIS2_PLACEMENT_3D('',#8155,#5251,#5252);
#4574=AXIS2_PLACEMENT_3D('',#8156,#5253,#5254);
#4575=AXIS2_PLACEMENT_3D('',#8157,#5255,#5256);
#4576=AXIS2_PLACEMENT_3D('',#8160,#5258,#5259);
#4577=AXIS2_PLACEMENT_3D('',#8161,#5260,#5261);
#4578=AXIS2_PLACEMENT_3D('',#8162,#5262,#5263);
#4579=AXIS2_PLACEMENT_3D('',#8165,#5265,#5266);
#4580=AXIS2_PLACEMENT_3D('',#8166,#5267,#5268);
#4581=AXIS2_PLACEMENT_3D('',#8167,#5269,#5270);
#4582=AXIS2_PLACEMENT_3D('',#8170,#5272,#5273);
#4583=AXIS2_PLACEMENT_3D('',#8171,#5274,#5275);
#4584=AXIS2_PLACEMENT_3D('',#8172,#5276,#5277);
#4585=AXIS2_PLACEMENT_3D('',#8175,#5279,#5280);
#4586=AXIS2_PLACEMENT_3D('',#8176,#5281,#5282);
#4587=AXIS2_PLACEMENT_3D('',#8177,#5283,#5284);
#4588=AXIS2_PLACEMENT_3D('',#8180,#5286,#5287);
#4589=AXIS2_PLACEMENT_3D('',#8181,#5288,#5289);
#4590=AXIS2_PLACEMENT_3D('',#8182,#5290,#5291);
#4591=AXIS2_PLACEMENT_3D('',#8184,#5292,#5293);
#4592=AXIS2_PLACEMENT_3D('',#8186,#5295,#5296);
#4593=AXIS2_PLACEMENT_3D('',#8187,#5297,#5298);
#4594=AXIS2_PLACEMENT_3D('',#8189,#5299,#5300);
#4595=AXIS2_PLACEMENT_3D('',#8191,#5302,#5303);
#4596=AXIS2_PLACEMENT_3D('',#8192,#5304,#5305);
#4597=AXIS2_PLACEMENT_3D('',#8194,#5306,#5307);
#4598=AXIS2_PLACEMENT_3D('',#8196,#5309,#5310);
#4599=AXIS2_PLACEMENT_3D('',#8197,#5311,#5312);
#4600=AXIS2_PLACEMENT_3D('',#8198,#5313,#5314);
#4601=AXIS2_PLACEMENT_3D('',#8201,#5315,#5316);
#4602=AXIS2_PLACEMENT_3D('',#8205,#5318,#5319);
#4603=AXIS2_PLACEMENT_3D('',#8219,#5326,#5327);
#4604=AXIS2_PLACEMENT_3D('',#8223,#5329,#5330);
#4605=AXIS2_PLACEMENT_3D('',#8227,#5332,#5333);
#4606=AXIS2_PLACEMENT_3D('',#8231,#5335,#5336);
#4607=AXIS2_PLACEMENT_3D('',#8235,#5338,#5339);
#4608=AXIS2_PLACEMENT_3D('',#8246,#5345,#5346);
#4609=AXIS2_PLACEMENT_3D('',#8247,#5347,#5348);
#4610=AXIS2_PLACEMENT_3D('',#8259,#5349,#5350);
#4611=AXIS2_PLACEMENT_3D('',#8269,#5351,#5352);
#4612=AXIS2_PLACEMENT_3D('',#8278,#5353,#5354);
#4613=AXIS2_PLACEMENT_3D('',#8279,#5355,#5356);
#4614=AXIS2_PLACEMENT_3D('',#8283,#5358,#5359);
#4615=AXIS2_PLACEMENT_3D('',#8361,#5361,#5362);
#4616=AXIS2_PLACEMENT_3D('',#8365,#5364,#5365);
#4617=AXIS2_PLACEMENT_3D('',#8443,#5367,#5368);
#4618=AXIS2_PLACEMENT_3D('',#8449,#5372,#5373);
#4619=AXIS2_PLACEMENT_3D('',#8452,#5375,#5376);
#4620=AXIS2_PLACEMENT_3D('',#8453,#5377,#5378);
#4621=AXIS2_PLACEMENT_3D('',#8457,#5381,#5382);
#4622=AXIS2_PLACEMENT_3D('',#8458,#5383,#5384);
#4623=AXIS2_PLACEMENT_3D('',#8459,#5385,#5386);
#4624=AXIS2_PLACEMENT_3D('',#8466,#5391,#5392);
#4625=AXIS2_PLACEMENT_3D('',#8473,#5397,#5398);
#4626=AXIS2_PLACEMENT_3D('',#8474,#5399,#5400);
#4627=AXIS2_PLACEMENT_3D('',#8475,#5401,#5402);
#4628=AXIS2_PLACEMENT_3D('',#8477,#5404,#5405);
#4629=AXIS2_PLACEMENT_3D('',#8479,#5407,#5408);
#4630=AXIS2_PLACEMENT_3D('',#8483,#5410,#5411);
#4631=AXIS2_PLACEMENT_3D('',#8485,#5413,#5414);
#4632=AXIS2_PLACEMENT_3D('',#8490,#5417,#5418);
#4633=AXIS2_PLACEMENT_3D('',#8491,#5419,#5420);
#4634=AXIS2_PLACEMENT_3D('',#8492,#5421,#5422);
#4635=AXIS2_PLACEMENT_3D('',#8493,#5423,#5424);
#4636=AXIS2_PLACEMENT_3D('',#8494,#5425,#5426);
#4637=AXIS2_PLACEMENT_3D('',#8495,#5427,#5428);
#4638=AXIS2_PLACEMENT_3D('',#8499,#5430,#5431);
#4639=AXIS2_PLACEMENT_3D('',#8501,#5433,#5434);
#4640=AXIS2_PLACEMENT_3D('',#8504,#5436,#5437);
#4641=AXIS2_PLACEMENT_3D('',#8505,#5438,#5439);
#4642=AXIS2_PLACEMENT_3D('',#8508,#5441,#5442);
#4643=AXIS2_PLACEMENT_3D('',#8509,#5443,#5444);
#4644=AXIS2_PLACEMENT_3D('',#8510,#5445,#5446);
#4645=AXIS2_PLACEMENT_3D('',#8511,#5447,#5448);
#4646=AXIS2_PLACEMENT_3D('',#8517,#5452,#5453);
#4647=AXIS2_PLACEMENT_3D('',#8525,#5458,#5459);
#4648=AXIS2_PLACEMENT_3D('',#8533,#5464,#5465);
#4649=AXIS2_PLACEMENT_3D('',#8536,#5468,#5469);
#4650=AXIS2_PLACEMENT_3D('',#8538,#5471,#5472);
#4651=AXIS2_PLACEMENT_3D('',#8539,#5473,#5474);
#4652=AXIS2_PLACEMENT_3D('',#8545,#5478,#5479);
#4653=AXIS2_PLACEMENT_3D('',#8553,#5484,#5485);
#4654=AXIS2_PLACEMENT_3D('',#8561,#5490,#5491);
#4655=AXIS2_PLACEMENT_3D('',#8563,#5493,#5494);
#4656=AXIS2_PLACEMENT_3D('',#8565,#5496,#5497);
#4657=AXIS2_PLACEMENT_3D('',#8567,#5499,#5500);
#4658=AXIS2_PLACEMENT_3D('',#8568,#5501,#5502);
#4659=AXIS2_PLACEMENT_3D('',#8569,#5503,#5504);
#4660=AXIS2_PLACEMENT_3D('',#8570,#5505,#5506);
#4661=AXIS2_PLACEMENT_3D('',#8571,#5507,#5508);
#4662=AXIS2_PLACEMENT_3D('',#8572,#5509,#5510);
#4663=AXIS2_PLACEMENT_3D('',#8575,#5511,#5512);
#4664=AXIS2_PLACEMENT_3D('',#8579,#5514,#5515);
#4665=AXIS2_PLACEMENT_3D('',#8935,#5523,#5524);
#4666=AXIS2_PLACEMENT_3D('',#8938,#5525,#5526);
#4667=AXIS2_PLACEMENT_3D('',#8942,#5528,#5529);
#4668=AXIS2_PLACEMENT_3D('',#9070,#5537,#5538);
#4669=AXIS2_PLACEMENT_3D('',#9073,#5539,#5540);
#4670=AXIS2_PLACEMENT_3D('',#9077,#5542,#5543);
#4671=AXIS2_PLACEMENT_3D('',#9079,#5545,#5546);
#4672=AXIS2_PLACEMENT_3D('',#9082,#5549,#5550);
#4673=AXIS2_PLACEMENT_3D('',#9092,#5555,#5556);
#4674=AXIS2_PLACEMENT_3D('',#9094,#5557,#5558);
#4675=AXIS2_PLACEMENT_3D('',#9096,#5559,#5560);
#4676=AXIS2_PLACEMENT_3D('',#9097,#5561,#5562);
#4677=AXIS2_PLACEMENT_3D('',#9106,#5567,#5568);
#4678=AXIS2_PLACEMENT_3D('',#9109,#5569,#5570);
#4679=AXIS2_PLACEMENT_3D('',#9113,#5572,#5573);
#4680=AXIS2_PLACEMENT_3D('',#9115,#5575,#5576);
#4681=AXIS2_PLACEMENT_3D('',#9124,#5581,#5582);
#4682=AXIS2_PLACEMENT_3D('',#9134,#5587,#5588);
#4683=AXIS2_PLACEMENT_3D('',#9136,#5589,#5590);
#4684=AXIS2_PLACEMENT_3D('',#9138,#5591,#5592);
#4685=AXIS2_PLACEMENT_3D('',#9139,#5593,#5594);
#4686=AXIS2_PLACEMENT_3D('',#9142,#5597,#5598);
#4687=AXIS2_PLACEMENT_3D('',#9143,#5599,#5600);
#4688=AXIS2_PLACEMENT_3D('',#9144,#5601,#5602);
#4689=AXIS2_PLACEMENT_3D('',#9145,#5603,#5604);
#4690=AXIS2_PLACEMENT_3D('',#9146,#5605,#5606);
#4691=AXIS2_PLACEMENT_3D('',#9147,#5607,#5608);
#4692=AXIS2_PLACEMENT_3D('',#9148,#5609,#5610);
#4693=AXIS2_PLACEMENT_3D('',#9149,#5611,#5612);
#4694=AXIS2_PLACEMENT_3D('',#9150,#5613,#5614);
#4695=AXIS2_PLACEMENT_3D('',#9151,#5615,#5616);
#4696=AXIS2_PLACEMENT_3D('',#9152,#5617,#5618);
#4697=AXIS2_PLACEMENT_3D('',#9153,#5619,#5620);
#4698=AXIS2_PLACEMENT_3D('',#9154,#5621,#5622);
#4699=AXIS2_PLACEMENT_3D('',#9155,#5623,#5624);
#4700=AXIS2_PLACEMENT_3D('',#9156,#5625,#5626);
#4701=AXIS2_PLACEMENT_3D('',#9158,#5628,#5629);
#4702=AXIS2_PLACEMENT_3D('',#9160,#5631,#5632);
#4703=AXIS2_PLACEMENT_3D('',#9162,#5634,#5635);
#4704=AXIS2_PLACEMENT_3D('',#9164,#5637,#5638);
#4705=AXIS2_PLACEMENT_3D('',#9166,#5640,#5641);
#4706=AXIS2_PLACEMENT_3D('',#9168,#5643,#5644);
#4707=AXIS2_PLACEMENT_3D('',#9169,#5645,#5646);
#4708=AXIS2_PLACEMENT_3D('',#9170,#5647,#5648);
#4709=AXIS2_PLACEMENT_3D('',#9171,#5649,#5650);
#4710=AXIS2_PLACEMENT_3D('',#9172,#5651,#5652);
#4711=AXIS2_PLACEMENT_3D('',#9173,#5653,#5654);
#4712=AXIS2_PLACEMENT_3D('',#9174,#5655,#5656);
#4713=AXIS2_PLACEMENT_3D('',#9177,#5659,#5660);
#4714=AXIS2_PLACEMENT_3D('',#9179,#5662,#5663);
#4715=AXIS2_PLACEMENT_3D('',#9181,#5665,#5666);
#4716=AXIS2_PLACEMENT_3D('',#9182,#5667,#5668);
#4717=AXIS2_PLACEMENT_3D('',#9185,#5671,#5672);
#4718=AXIS2_PLACEMENT_3D('',#9187,#5674,#5675);
#4719=AXIS2_PLACEMENT_3D('',#9189,#5677,#5678);
#4720=AXIS2_PLACEMENT_3D('',#9190,#5679,#5680);
#4721=AXIS2_PLACEMENT_3D('',#9193,#5683,#5684);
#4722=AXIS2_PLACEMENT_3D('',#9195,#5686,#5687);
#4723=AXIS2_PLACEMENT_3D('',#9197,#5689,#5690);
#4724=AXIS2_PLACEMENT_3D('',#9198,#5691,#5692);
#4725=AXIS2_PLACEMENT_3D('',#9199,#5693,#5694);
#4726=AXIS2_PLACEMENT_3D('',#9200,#5695,#5696);
#4727=AXIS2_PLACEMENT_3D('',#9209,#5701,#5702);
#4728=AXIS2_PLACEMENT_3D('',#9215,#5706,#5707);
#4729=AXIS2_PLACEMENT_3D('',#9220,#5709,#5710);
#4730=AXIS2_PLACEMENT_3D('',#9224,#5712,#5713);
#4731=AXIS2_PLACEMENT_3D('',#9227,#5715,#5716);
#4732=AXIS2_PLACEMENT_3D('',#9228,#5717,#5718);
#4733=AXIS2_PLACEMENT_3D('',#9229,#5719,#5720);
#4734=AXIS2_PLACEMENT_3D('',#9235,#5724,#5725);
#4735=AXIS2_PLACEMENT_3D('',#9241,#5729,#5730);
#4736=AXIS2_PLACEMENT_3D('',#9247,#5734,#5735);
#4737=AXIS2_PLACEMENT_3D('',#9249,#5736,#5737);
#4738=AXIS2_PLACEMENT_3D('',#9251,#5738,#5739);
#4739=AXIS2_PLACEMENT_3D('',#9253,#5741,#5742);
#4740=AXIS2_PLACEMENT_3D('',#9256,#5745,#5746);
#4741=AXIS2_PLACEMENT_3D('',#9257,#5747,#5748);
#4742=AXIS2_PLACEMENT_3D('',#9261,#5750,#5751);
#4743=AXIS2_PLACEMENT_3D('',#9263,#5753,#5754);
#4744=AXIS2_PLACEMENT_3D('',#9267,#5757,#5758);
#4745=AXIS2_PLACEMENT_3D('',#9271,#5761,#5762);
#4746=AXIS2_PLACEMENT_3D('',#9272,#5763,#5764);
#4747=AXIS2_PLACEMENT_3D('',#9273,#5765,#5766);
#4748=AXIS2_PLACEMENT_3D('',#9274,#5767,#5768);
#4749=AXIS2_PLACEMENT_3D('',#9275,#5769,#5770);
#4750=AXIS2_PLACEMENT_3D('',#9277,#5771,#5772);
#4751=AXIS2_PLACEMENT_3D('',#9280,#5774,#5775);
#4752=AXIS2_PLACEMENT_3D('',#9281,#5776,#5777);
#4753=AXIS2_PLACEMENT_3D('',#9283,#5778,#5779);
#4754=AXIS2_PLACEMENT_3D('',#9286,#5781,#5782);
#4755=AXIS2_PLACEMENT_3D('',#9287,#5783,#5784);
#4756=AXIS2_PLACEMENT_3D('',#9289,#5785,#5786);
#4757=AXIS2_PLACEMENT_3D('',#9292,#5788,#5789);
#4758=AXIS2_PLACEMENT_3D('',#9293,#5790,#5791);
#4759=AXIS2_PLACEMENT_3D('',#9295,#5792,#5793);
#4760=AXIS2_PLACEMENT_3D('',#9298,#5795,#5796);
#4761=AXIS2_PLACEMENT_3D('',#9299,#5797,#5798);
#4762=AXIS2_PLACEMENT_3D('',#9301,#5799,#5800);
#4763=AXIS2_PLACEMENT_3D('',#9304,#5802,#5803);
#4764=AXIS2_PLACEMENT_3D('',#9305,#5804,#5805);
#4765=AXIS2_PLACEMENT_3D('',#9307,#5806,#5807);
#4766=AXIS2_PLACEMENT_3D('',#9310,#5809,#5810);
#4767=AXIS2_PLACEMENT_3D('',#9311,#5811,#5812);
#4768=AXIS2_PLACEMENT_3D('',#9313,#5813,#5814);
#4769=AXIS2_PLACEMENT_3D('',#9314,#5815,#5816);
#4770=AXIS2_PLACEMENT_3D('',#9316,#5817,#5818);
#4771=AXIS2_PLACEMENT_3D('',#9318,#5819,#5820);
#4772=AXIS2_PLACEMENT_3D('',#9319,#5821,#5822);
#4773=AXIS2_PLACEMENT_3D('',#9321,#5824,#5825);
#4774=AXIS2_PLACEMENT_3D('',#9324,#5827,#5828);
#4775=AXIS2_PLACEMENT_3D('',#9325,#5829,#5830);
#4776=AXIS2_PLACEMENT_3D('',#9326,#5831,#5832);
#4777=AXIS2_PLACEMENT_3D('',#9327,#5833,#5834);
#4778=AXIS2_PLACEMENT_3D('',#9328,#5835,#5836);
#4779=AXIS2_PLACEMENT_3D('',#9329,#5837,#5838);
#4780=AXIS2_PLACEMENT_3D('',#9330,#5839,#5840);
#4781=AXIS2_PLACEMENT_3D('',#9331,#5841,#5842);
#4782=AXIS2_PLACEMENT_3D('',#9332,#5843,#5844);
#4783=AXIS2_PLACEMENT_3D('',#9333,#5845,#5846);
#4784=AXIS2_PLACEMENT_3D('',#9334,#5847,#5848);
#4785=AXIS2_PLACEMENT_3D('',#9335,#5849,#5850);
#4786=AXIS2_PLACEMENT_3D('',#9382,#5851,#5852);
#4787=AXIS2_PLACEMENT_3D('',#9427,#5853,#5854);
#4788=AXIS2_PLACEMENT_3D('',#9429,#5855,#5856);
#4789=AXIS2_PLACEMENT_3D('',#9430,#5857,#5858);
#4790=AXIS2_PLACEMENT_3D('',#9431,#5859,#5860);
#4791=AXIS2_PLACEMENT_3D('',#9434,#5861,#5862);
#4792=AXIS2_PLACEMENT_3D('',#9436,#5863,#5864);
#4793=AXIS2_PLACEMENT_3D('',#9482,#5865,#5866);
#4794=AXIS2_PLACEMENT_3D('',#9526,#5867,#5868);
#4795=AXIS2_PLACEMENT_3D('',#9794,#5869,#5870);
#4796=AXIS2_PLACEMENT_3D('',#9834,#5871,#5872);
#4797=AXIS2_PLACEMENT_3D('',#9869,#5873,#5874);
#4798=AXIS2_PLACEMENT_3D('',#10137,#5876,#5877);
#4799=AXIS2_PLACEMENT_3D('',#10138,#5878,#5879);
#4800=AXIS2_PLACEMENT_3D('',#10139,#5880,#5881);
#4801=AXIS2_PLACEMENT_3D('',#10140,#5882,#5883);
#4802=AXIS2_PLACEMENT_3D('',#10141,#5884,#5885);
#4803=AXIS2_PLACEMENT_3D('',#10143,#5886,#5887);
#4804=AXIS2_PLACEMENT_3D('',#10146,#5889,#5890);
#4805=AXIS2_PLACEMENT_3D('',#10147,#5891,#5892);
#4806=AXIS2_PLACEMENT_3D('',#10149,#5893,#5894);
#4807=AXIS2_PLACEMENT_3D('',#10152,#5896,#5897);
#4808=AXIS2_PLACEMENT_3D('',#10153,#5898,#5899);
#4809=AXIS2_PLACEMENT_3D('',#10155,#5900,#5901);
#4810=AXIS2_PLACEMENT_3D('',#10158,#5903,#5904);
#4811=AXIS2_PLACEMENT_3D('',#10159,#5905,#5906);
#4812=AXIS2_PLACEMENT_3D('',#10161,#5907,#5908);
#4813=AXIS2_PLACEMENT_3D('',#10164,#5910,#5911);
#4814=AXIS2_PLACEMENT_3D('',#10165,#5912,#5913);
#4815=AXIS2_PLACEMENT_3D('',#10168,#5914,#5915);
#4816=AXIS2_PLACEMENT_3D('',#10172,#5917,#5918);
#4817=AXIS2_PLACEMENT_3D('',#10174,#5920,#5921);
#4818=AXIS2_PLACEMENT_3D('',#10177,#5922,#5923);
#4819=AXIS2_PLACEMENT_3D('',#10181,#5925,#5926);
#4820=AXIS2_PLACEMENT_3D('',#10183,#5928,#5929);
#4821=AXIS2_PLACEMENT_3D('',#10188,#5931,#5932);
#4822=AXIS2_PLACEMENT_3D('',#10192,#5934,#5935);
#4823=AXIS2_PLACEMENT_3D('',#10196,#5938,#5939);
#4824=AXIS2_PLACEMENT_3D('',#10202,#5943,#5944);
#4825=AXIS2_PLACEMENT_3D('',#10204,#5945,#5946);
#4826=AXIS2_PLACEMENT_3D('',#10211,#5950,#5951);
#4827=AXIS2_PLACEMENT_3D('',#10212,#5952,#5953);
#4828=AXIS2_PLACEMENT_3D('',#10213,#5954,#5955);
#4829=AXIS2_PLACEMENT_3D('',#10214,#5956,#5957);
#4830=AXIS2_PLACEMENT_3D('',#10215,#5958,#5959);
#4831=AXIS2_PLACEMENT_3D('',#10217,#5960,#5961);
#4832=AXIS2_PLACEMENT_3D('',#10220,#5963,#5964);
#4833=AXIS2_PLACEMENT_3D('',#10221,#5965,#5966);
#4834=AXIS2_PLACEMENT_3D('',#10226,#5968,#5969);
#4835=AXIS2_PLACEMENT_3D('',#10230,#5972,#5973);
#4836=AXIS2_PLACEMENT_3D('',#10231,#5974,#5975);
#4837=AXIS2_PLACEMENT_3D('',#10237,#5979,#5980);
#4838=AXIS2_PLACEMENT_3D('',#10241,#5982,#5983);
#4839=AXIS2_PLACEMENT_3D('',#10243,#5984,#5985);
#4840=AXIS2_PLACEMENT_3D('',#10247,#5988,#5989);
#4841=AXIS2_PLACEMENT_3D('',#10248,#5990,#5991);
#4842=AXIS2_PLACEMENT_3D('',#10249,#5992,#5993);
#4843=AXIS2_PLACEMENT_3D('',#10250,#5994,#5995);
#4844=AXIS2_PLACEMENT_3D('',#10251,#5996,#5997);
#4845=AXIS2_PLACEMENT_3D('',#10252,#5998,#5999);
#4846=AXIS2_PLACEMENT_3D('',#10253,#6000,#6001);
#4847=AXIS2_PLACEMENT_3D('',#10256,#6004,#6005);
#4848=AXIS2_PLACEMENT_3D('',#10259,#6008,#6009);
#4849=AXIS2_PLACEMENT_3D('',#10260,#6010,#6011);
#4850=AXIS2_PLACEMENT_3D('',#10261,#6012,#6013);
#4851=AXIS2_PLACEMENT_3D('',#10262,#6014,#6015);
#4852=AXIS2_PLACEMENT_3D('',#10263,#6016,#6017);
#4853=AXIS2_PLACEMENT_3D('',#10264,#6018,#6019);
#4854=AXIS2_PLACEMENT_3D('',#10265,#6020,#6021);
#4855=AXIS2_PLACEMENT_3D('',#10266,#6022,#6023);
#4856=AXIS2_PLACEMENT_3D('',#10267,#6024,#6025);
#4857=AXIS2_PLACEMENT_3D('',#10268,#6026,#6027);
#4858=AXIS2_PLACEMENT_3D('',#10269,#6028,#6029);
#4859=AXIS2_PLACEMENT_3D('',#10270,#6030,#6031);
#4860=AXIS2_PLACEMENT_3D('',#10271,#6032,#6033);
#4861=AXIS2_PLACEMENT_3D('',#10272,#6034,#6035);
#4862=AXIS2_PLACEMENT_3D('',#10273,#6036,#6037);
#4863=AXIS2_PLACEMENT_3D('',#10274,#6038,#6039);
#4864=AXIS2_PLACEMENT_3D('',#10275,#6040,#6041);
#4865=AXIS2_PLACEMENT_3D('',#10276,#6042,#6043);
#4866=AXIS2_PLACEMENT_3D('',#10277,#6044,#6045);
#4867=AXIS2_PLACEMENT_3D('',#10278,#6046,#6047);
#4868=AXIS2_PLACEMENT_3D('',#10279,#6048,#6049);
#4869=DIRECTION('axis',(0.,0.,1.));
#4870=DIRECTION('refdir',(1.,0.,0.));
#4871=DIRECTION('axis',(0.,0.,1.));
#4872=DIRECTION('refdir',(1.,0.,0.));
#4873=DIRECTION('center_axis',(0.,0.,1.));
#4874=DIRECTION('ref_axis',(1.,0.,0.));
#4875=DIRECTION('center_axis',(0.,0.,1.));
#4876=DIRECTION('ref_axis',(1.,0.,0.));
#4877=DIRECTION('',(0.,0.,1.));
#4878=DIRECTION('center_axis',(0.,0.,-1.));
#4879=DIRECTION('ref_axis',(1.,0.,0.));
#4880=DIRECTION('center_axis',(0.,0.,1.));
#4881=DIRECTION('ref_axis',(1.,0.,0.));
#4882=DIRECTION('center_axis',(0.,0.,1.));
#4883=DIRECTION('ref_axis',(1.,0.,0.));
#4884=DIRECTION('',(0.,0.,1.));
#4885=DIRECTION('center_axis',(0.,0.,-1.));
#4886=DIRECTION('ref_axis',(1.,0.,0.));
#4887=DIRECTION('center_axis',(0.,0.,1.));
#4888=DIRECTION('ref_axis',(1.,0.,0.));
#4889=DIRECTION('center_axis',(0.,0.,1.));
#4890=DIRECTION('ref_axis',(1.,0.,0.));
#4891=DIRECTION('',(0.,0.,1.));
#4892=DIRECTION('center_axis',(0.,0.,-1.));
#4893=DIRECTION('ref_axis',(1.,0.,0.));
#4894=DIRECTION('center_axis',(0.,0.,1.));
#4895=DIRECTION('ref_axis',(1.,0.,0.));
#4896=DIRECTION('center_axis',(0.,0.,1.));
#4897=DIRECTION('ref_axis',(1.,0.,0.));
#4898=DIRECTION('',(0.,0.,1.));
#4899=DIRECTION('center_axis',(0.,0.,-1.));
#4900=DIRECTION('ref_axis',(1.,0.,0.));
#4901=DIRECTION('center_axis',(0.,0.,1.));
#4902=DIRECTION('ref_axis',(0.5,0.866025403784439,0.));
#4903=DIRECTION('center_axis',(0.,0.,1.));
#4904=DIRECTION('ref_axis',(0.5,0.866025403784439,0.));
#4905=DIRECTION('center_axis',(0.,0.,1.));
#4906=DIRECTION('ref_axis',(0.5,0.866025403784439,0.));
#4907=DIRECTION('',(0.,0.,1.));
#4908=DIRECTION('center_axis',(0.,0.,1.));
#4909=DIRECTION('ref_axis',(0.5,0.866025403784439,0.));
#4910=DIRECTION('center_axis',(0.,0.,1.));
#4911=DIRECTION('ref_axis',(-0.5,0.866025403784438,0.));
#4912=DIRECTION('center_axis',(0.,0.,1.));
#4913=DIRECTION('ref_axis',(-0.5,0.866025403784438,0.));
#4914=DIRECTION('center_axis',(0.,0.,1.));
#4915=DIRECTION('ref_axis',(-0.5,0.866025403784438,0.));
#4916=DIRECTION('',(0.,0.,1.));
#4917=DIRECTION('center_axis',(0.,0.,1.));
#4918=DIRECTION('ref_axis',(-0.5,0.866025403784438,0.));
#4919=DIRECTION('center_axis',(0.,0.,1.));
#4920=DIRECTION('ref_axis',(-1.,-1.22464679914735E-16,0.));
#4921=DIRECTION('center_axis',(0.,0.,1.));
#4922=DIRECTION('ref_axis',(-1.,-1.22464679914735E-16,0.));
#4923=DIRECTION('center_axis',(0.,0.,1.));
#4924=DIRECTION('ref_axis',(-1.,-1.22464679914735E-16,0.));
#4925=DIRECTION('',(0.,0.,1.));
#4926=DIRECTION('center_axis',(0.,0.,1.));
#4927=DIRECTION('ref_axis',(-1.,-1.22464679914735E-16,0.));
#4928=DIRECTION('center_axis',(0.,0.,1.));
#4929=DIRECTION('ref_axis',(-0.5,-0.866025403784439,0.));
#4930=DIRECTION('center_axis',(0.,0.,1.));
#4931=DIRECTION('ref_axis',(-0.5,-0.866025403784439,0.));
#4932=DIRECTION('center_axis',(0.,0.,1.));
#4933=DIRECTION('ref_axis',(-0.5,-0.866025403784439,0.));
#4934=DIRECTION('',(0.,0.,1.));
#4935=DIRECTION('center_axis',(0.,0.,1.));
#4936=DIRECTION('ref_axis',(-0.5,-0.866025403784439,0.));
#4937=DIRECTION('center_axis',(0.,0.,1.));
#4938=DIRECTION('ref_axis',(0.5,-0.866025403784439,0.));
#4939=DIRECTION('center_axis',(0.,0.,1.));
#4940=DIRECTION('ref_axis',(0.5,-0.866025403784439,0.));
#4941=DIRECTION('center_axis',(0.,0.,1.));
#4942=DIRECTION('ref_axis',(0.5,-0.866025403784439,0.));
#4943=DIRECTION('',(0.,0.,1.));
#4944=DIRECTION('center_axis',(0.,0.,1.));
#4945=DIRECTION('ref_axis',(0.5,-0.866025403784439,0.));
#4946=DIRECTION('center_axis',(-0.866025403784439,0.5,1.94905599838898E-32));
#4947=DIRECTION('ref_axis',(-0.5,-0.866025403784439,-2.73691106313441E-48));
#4948=DIRECTION('center_axis',(-0.866025403784439,0.5,1.94905599838898E-32));
#4949=DIRECTION('ref_axis',(-0.5,-0.866025403784439,0.));
#4950=DIRECTION('center_axis',(-0.866025403784439,0.5,1.94905599838898E-32));
#4951=DIRECTION('ref_axis',(-0.5,-0.866025403784439,0.));
#4952=DIRECTION('',(-0.866025403784439,0.5,1.94905599838898E-32));
#4953=DIRECTION('center_axis',(-0.866025403784439,0.5,1.94905599838898E-32));
#4954=DIRECTION('ref_axis',(-0.5,-0.866025403784439,-2.73691106313441E-48));
#4955=DIRECTION('center_axis',(-0.866025403784439,0.5,1.94905599838898E-32));
#4956=DIRECTION('ref_axis',(-0.5,-0.866025403784439,0.));
#4957=DIRECTION('center_axis',(-0.866025403784439,0.5,1.94905599838898E-32));
#4958=DIRECTION('ref_axis',(-0.5,-0.866025403784439,0.));
#4959=DIRECTION('',(-0.866025403784439,0.5,1.94905599838898E-32));
#4960=DIRECTION('center_axis',(-0.866025403784438,-0.5,1.94905599838898E-32));
#4961=DIRECTION('ref_axis',(0.5,-0.866025403784438,-4.10536659470161E-48));
#4962=DIRECTION('center_axis',(-0.866025403784438,-0.5,1.94905599838898E-32));
#4963=DIRECTION('ref_axis',(0.5,-0.866025403784438,0.));
#4964=DIRECTION('center_axis',(-0.866025403784438,-0.5,1.94905599838898E-32));
#4965=DIRECTION('ref_axis',(0.5,-0.866025403784438,0.));
#4966=DIRECTION('',(-0.866025403784438,-0.5,1.94905599838898E-32));
#4967=DIRECTION('center_axis',(-0.866025403784438,-0.5,1.94905599838898E-32));
#4968=DIRECTION('ref_axis',(0.5,-0.866025403784438,-4.10536659470161E-48));
#4969=DIRECTION('center_axis',(-0.866025403784438,-0.5,1.94905599838898E-32));
#4970=DIRECTION('ref_axis',(0.5,-0.866025403784438,0.));
#4971=DIRECTION('center_axis',(-0.866025403784438,-0.5,1.94905599838898E-32));
#4972=DIRECTION('ref_axis',(0.5,-0.866025403784438,0.));
#4973=DIRECTION('',(-0.866025403784438,-0.5,1.94905599838898E-32));
#4974=DIRECTION('center_axis',(3.1866534730181E-16,-1.,1.94905599838898E-32));
#4975=DIRECTION('ref_axis',(1.,3.1866534730181E-16,-3.82406087658697E-48));
#4976=DIRECTION('center_axis',(3.1866534730181E-16,-1.,1.94905599838898E-32));
#4977=DIRECTION('ref_axis',(1.,3.1866534730181E-16,0.));
#4978=DIRECTION('center_axis',(3.1866534730181E-16,-1.,1.94905599838898E-32));
#4979=DIRECTION('ref_axis',(1.,3.1866534730181E-16,0.));
#4980=DIRECTION('',(3.1866534730181E-16,-1.,1.94905599838898E-32));
#4981=DIRECTION('center_axis',(3.1866534730181E-16,-1.,1.94905599838898E-32));
#4982=DIRECTION('ref_axis',(1.,3.1866534730181E-16,-3.82406087658697E-48));
#4983=DIRECTION('center_axis',(3.1866534730181E-16,-1.,1.94905599838898E-32));
#4984=DIRECTION('ref_axis',(1.,3.1866534730181E-16,0.));
#4985=DIRECTION('center_axis',(3.1866534730181E-16,-1.,1.94905599838898E-32));
#4986=DIRECTION('ref_axis',(1.,3.1866534730181E-16,0.));
#4987=DIRECTION('',(3.1866534730181E-16,-1.,1.94905599838898E-32));
#4988=DIRECTION('center_axis',(0.866025403784439,-0.5,1.94905599838898E-32));
#4989=DIRECTION('ref_axis',(0.5,0.866025403784439,-2.73691106313441E-48));
#4990=DIRECTION('center_axis',(0.866025403784439,-0.5,1.94905599838898E-32));
#4991=DIRECTION('ref_axis',(0.5,0.866025403784439,0.));
#4992=DIRECTION('center_axis',(0.866025403784439,-0.5,1.94905599838898E-32));
#4993=DIRECTION('ref_axis',(0.5,0.866025403784439,0.));
#4994=DIRECTION('',(0.866025403784439,-0.5,1.94905599838898E-32));
#4995=DIRECTION('center_axis',(0.866025403784439,-0.5,1.94905599838898E-32));
#4996=DIRECTION('ref_axis',(0.5,0.866025403784439,-2.73691106313441E-48));
#4997=DIRECTION('center_axis',(0.866025403784439,-0.5,1.94905599838898E-32));
#4998=DIRECTION('ref_axis',(0.5,0.866025403784439,0.));
#4999=DIRECTION('center_axis',(0.866025403784439,-0.5,1.94905599838898E-32));
#5000=DIRECTION('ref_axis',(0.5,0.866025403784439,0.));
#5001=DIRECTION('',(0.866025403784439,-0.5,1.94905599838898E-32));
#5002=DIRECTION('center_axis',(0.866025403784439,0.5,1.94905599838898E-32));
#5003=DIRECTION('ref_axis',(-0.5,0.866025403784439,-4.10536659470161E-48));
#5004=DIRECTION('center_axis',(0.866025403784439,0.5,1.94905599838898E-32));
#5005=DIRECTION('ref_axis',(-0.5,0.866025403784439,0.));
#5006=DIRECTION('center_axis',(0.866025403784439,0.5,1.94905599838898E-32));
#5007=DIRECTION('ref_axis',(-0.5,0.866025403784439,0.));
#5008=DIRECTION('',(0.866025403784439,0.5,1.94905599838898E-32));
#5009=DIRECTION('center_axis',(0.866025403784439,0.5,1.94905599838898E-32));
#5010=DIRECTION('ref_axis',(-0.5,0.866025403784439,-4.10536659470161E-48));
#5011=DIRECTION('center_axis',(0.866025403784439,0.5,1.94905599838898E-32));
#5012=DIRECTION('ref_axis',(-0.5,0.866025403784439,0.));
#5013=DIRECTION('center_axis',(0.866025403784439,0.5,1.94905599838898E-32));
#5014=DIRECTION('ref_axis',(-0.5,0.866025403784439,0.));
#5015=DIRECTION('',(0.866025403784439,0.5,1.94905599838898E-32));
#5016=DIRECTION('center_axis',(0.,0.,-1.));
#5017=DIRECTION('ref_axis',(-1.,0.,0.));
#5018=DIRECTION('center_axis',(0.,0.,1.));
#5019=DIRECTION('ref_axis',(1.,0.,0.));
#5020=DIRECTION('',(0.,0.,1.));
#5021=DIRECTION('center_axis',(0.,0.,1.));
#5022=DIRECTION('ref_axis',(1.,0.,0.));
#5023=DIRECTION('center_axis',(0.,0.,-1.));
#5024=DIRECTION('ref_axis',(-1.,0.,0.));
#5025=DIRECTION('center_axis',(0.,0.,1.));
#5026=DIRECTION('ref_axis',(1.,0.,0.));
#5027=DIRECTION('',(0.,0.,-1.));
#5028=DIRECTION('center_axis',(0.,0.,1.));
#5029=DIRECTION('ref_axis',(1.,0.,0.));
#5030=DIRECTION('center_axis',(0.,0.,1.));
#5031=DIRECTION('ref_axis',(1.,0.,0.));
#5032=DIRECTION('center_axis',(0.,0.,1.));
#5033=DIRECTION('ref_axis',(1.,0.,0.));
#5034=DIRECTION('center_axis',(0.,0.,-1.));
#5035=DIRECTION('ref_axis',(1.,0.,0.));
#5036=DIRECTION('center_axis',(0.,0.,-1.));
#5037=DIRECTION('ref_axis',(1.,0.,0.));
#5038=DIRECTION('center_axis',(0.38268343236509,-0.923879532511287,0.));
#5039=DIRECTION('ref_axis',(0.923879532511287,0.38268343236509,0.));
#5040=DIRECTION('',(0.38268343236509,-0.923879532511287,0.));
#5041=DIRECTION('center_axis',(-0.38268343236509,0.923879532511287,0.));
#5042=DIRECTION('ref_axis',(-0.923879532511287,-0.38268343236509,0.));
#5043=DIRECTION('center_axis',(0.38268343236509,-0.923879532511287,0.));
#5044=DIRECTION('ref_axis',(0.923879532511287,0.38268343236509,0.));
#5045=DIRECTION('',(0.38268343236509,-0.923879532511287,0.));
#5046=DIRECTION('center_axis',(-0.38268343236509,0.923879532511287,0.));
#5047=DIRECTION('ref_axis',(-0.923879532511287,-0.38268343236509,0.));
#5048=DIRECTION('center_axis',(0.38268343236509,-0.923879532511287,0.));
#5049=DIRECTION('ref_axis',(0.923879532511287,0.38268343236509,0.));
#5050=DIRECTION('',(0.38268343236509,-0.923879532511287,0.));
#5051=DIRECTION('center_axis',(-0.38268343236509,0.923879532511287,0.));
#5052=DIRECTION('ref_axis',(-0.923879532511287,-0.38268343236509,0.));
#5053=DIRECTION('center_axis',(-0.38268343236509,0.923879532511287,0.));
#5054=DIRECTION('ref_axis',(-0.923879532511287,-0.38268343236509,0.));
#5055=DIRECTION('center_axis',(-0.38268343236509,0.923879532511287,0.));
#5056=DIRECTION('ref_axis',(-0.923879532511287,-0.38268343236509,0.));
#5057=DIRECTION('center_axis',(-0.38268343236509,0.923879532511287,0.));
#5058=DIRECTION('ref_axis',(-0.923879532511287,-0.38268343236509,0.));
#5059=DIRECTION('center_axis',(-0.382683432365091,-0.923879532511286,0.));
#5060=DIRECTION('ref_axis',(0.923879532511286,-0.382683432365091,0.));
#5061=DIRECTION('',(-0.382683432365091,-0.923879532511286,0.));
#5062=DIRECTION('center_axis',(0.382683432365091,0.923879532511286,0.));
#5063=DIRECTION('ref_axis',(-0.923879532511286,0.382683432365091,0.));
#5064=DIRECTION('center_axis',(-0.382683432365091,-0.923879532511286,0.));
#5065=DIRECTION('ref_axis',(0.923879532511286,-0.382683432365091,0.));
#5066=DIRECTION('',(-0.382683432365091,-0.923879532511286,0.));
#5067=DIRECTION('center_axis',(0.382683432365091,0.923879532511286,0.));
#5068=DIRECTION('ref_axis',(-0.923879532511286,0.382683432365091,0.));
#5069=DIRECTION('center_axis',(-0.382683432365091,-0.923879532511286,0.));
#5070=DIRECTION('ref_axis',(0.923879532511286,-0.382683432365091,0.));
#5071=DIRECTION('',(-0.382683432365091,-0.923879532511286,0.));
#5072=DIRECTION('center_axis',(0.382683432365091,0.923879532511286,0.));
#5073=DIRECTION('ref_axis',(-0.923879532511286,0.382683432365091,0.));
#5074=DIRECTION('center_axis',(0.382683432365091,0.923879532511286,0.));
#5075=DIRECTION('ref_axis',(-0.923879532511286,0.382683432365091,0.));
#5076=DIRECTION('center_axis',(0.382683432365091,0.923879532511286,0.));
#5077=DIRECTION('ref_axis',(-0.923879532511286,0.382683432365091,0.));
#5078=DIRECTION('center_axis',(0.382683432365091,0.923879532511286,0.));
#5079=DIRECTION('ref_axis',(-0.923879532511286,0.382683432365091,0.));
#5080=DIRECTION('center_axis',(0.99144486137381,-0.130526192220052,0.));
#5081=DIRECTION('ref_axis',(0.130526192220052,0.99144486137381,0.));
#5082=DIRECTION('',(0.99144486137381,-0.130526192220052,0.));
#5083=DIRECTION('center_axis',(-0.99144486137381,0.130526192220052,0.));
#5084=DIRECTION('ref_axis',(-0.130526192220052,-0.99144486137381,0.));
#5085=DIRECTION('center_axis',(-0.99144486137381,0.130526192220052,0.));
#5086=DIRECTION('ref_axis',(-0.130526192220052,-0.99144486137381,0.));
#5087=DIRECTION('center_axis',(0.99144486137381,-0.130526192220052,0.));
#5088=DIRECTION('ref_axis',(0.130526192220052,0.99144486137381,0.));
#5089=DIRECTION('',(0.99144486137381,-0.130526192220052,0.));
#5090=DIRECTION('center_axis',(-0.99144486137381,0.130526192220052,0.));
#5091=DIRECTION('ref_axis',(-0.130526192220052,-0.99144486137381,0.));
#5092=DIRECTION('center_axis',(-0.99144486137381,0.130526192220052,0.));
#5093=DIRECTION('ref_axis',(-0.130526192220052,-0.99144486137381,0.));
#5094=DIRECTION('center_axis',(0.99144486137381,-0.130526192220052,0.));
#5095=DIRECTION('ref_axis',(0.130526192220052,0.99144486137381,0.));
#5096=DIRECTION('',(0.99144486137381,-0.130526192220052,0.));
#5097=DIRECTION('center_axis',(-0.99144486137381,0.130526192220052,0.));
#5098=DIRECTION('ref_axis',(-0.130526192220052,-0.99144486137381,0.));
#5099=DIRECTION('center_axis',(-0.99144486137381,0.130526192220052,0.));
#5100=DIRECTION('ref_axis',(-0.130526192220052,-0.99144486137381,0.));
#5101=DIRECTION('center_axis',(0.60876142900872,-0.793353340291236,0.));
#5102=DIRECTION('ref_axis',(0.793353340291236,0.60876142900872,0.));
#5103=DIRECTION('',(0.60876142900872,-0.793353340291236,0.));
#5104=DIRECTION('center_axis',(-0.60876142900872,0.793353340291236,0.));
#5105=DIRECTION('ref_axis',(-0.793353340291236,-0.60876142900872,0.));
#5106=DIRECTION('center_axis',(-0.60876142900872,0.793353340291236,0.));
#5107=DIRECTION('ref_axis',(-0.793353340291236,-0.60876142900872,0.));
#5108=DIRECTION('center_axis',(0.60876142900872,-0.793353340291236,0.));
#5109=DIRECTION('ref_axis',(0.793353340291236,0.60876142900872,0.));
#5110=DIRECTION('',(0.60876142900872,-0.793353340291236,0.));
#5111=DIRECTION('center_axis',(-0.60876142900872,0.793353340291236,0.));
#5112=DIRECTION('ref_axis',(-0.793353340291236,-0.60876142900872,0.));
#5113=DIRECTION('center_axis',(-0.60876142900872,0.793353340291236,0.));
#5114=DIRECTION('ref_axis',(-0.793353340291236,-0.60876142900872,0.));
#5115=DIRECTION('center_axis',(0.60876142900872,-0.793353340291236,0.));
#5116=DIRECTION('ref_axis',(0.793353340291236,0.60876142900872,0.));
#5117=DIRECTION('',(0.60876142900872,-0.793353340291236,0.));
#5118=DIRECTION('center_axis',(-0.60876142900872,0.793353340291236,0.));
#5119=DIRECTION('ref_axis',(-0.793353340291236,-0.60876142900872,0.));
#5120=DIRECTION('center_axis',(-0.60876142900872,0.793353340291236,0.));
#5121=DIRECTION('ref_axis',(-0.793353340291236,-0.60876142900872,0.));
#5122=DIRECTION('center_axis',(0.608761429008721,0.793353340291235,0.));
#5123=DIRECTION('ref_axis',(-0.793353340291235,0.608761429008721,0.));
#5124=DIRECTION('',(0.608761429008721,0.793353340291235,0.));
#5125=DIRECTION('center_axis',(-0.608761429008721,-0.793353340291235,0.));
#5126=DIRECTION('ref_axis',(0.793353340291235,-0.608761429008721,0.));
#5127=DIRECTION('center_axis',(-0.608761429008721,-0.793353340291235,0.));
#5128=DIRECTION('ref_axis',(0.793353340291235,-0.608761429008721,0.));
#5129=DIRECTION('center_axis',(0.608761429008721,0.793353340291235,0.));
#5130=DIRECTION('ref_axis',(-0.793353340291235,0.608761429008721,0.));
#5131=DIRECTION('',(0.608761429008721,0.793353340291235,0.));
#5132=DIRECTION('center_axis',(-0.608761429008721,-0.793353340291235,0.));
#5133=DIRECTION('ref_axis',(0.793353340291235,-0.608761429008721,0.));
#5134=DIRECTION('center_axis',(-0.608761429008721,-0.793353340291235,0.));
#5135=DIRECTION('ref_axis',(0.793353340291235,-0.608761429008721,0.));
#5136=DIRECTION('center_axis',(0.608761429008721,0.793353340291235,0.));
#5137=DIRECTION('ref_axis',(-0.793353340291235,0.608761429008721,0.));
#5138=DIRECTION('',(0.608761429008721,0.793353340291235,0.));
#5139=DIRECTION('center_axis',(-0.608761429008721,-0.793353340291235,0.));
#5140=DIRECTION('ref_axis',(0.793353340291235,-0.608761429008721,0.));
#5141=DIRECTION('center_axis',(-0.608761429008721,-0.793353340291235,0.));
#5142=DIRECTION('ref_axis',(0.793353340291235,-0.608761429008721,0.));
#5143=DIRECTION('center_axis',(0.99144486137381,0.130526192220051,0.));
#5144=DIRECTION('ref_axis',(-0.130526192220051,0.99144486137381,0.));
#5145=DIRECTION('',(0.99144486137381,0.130526192220051,0.));
#5146=DIRECTION('center_axis',(-0.99144486137381,-0.130526192220051,0.));
#5147=DIRECTION('ref_axis',(0.130526192220051,-0.99144486137381,0.));
#5148=DIRECTION('center_axis',(-0.99144486137381,-0.130526192220051,0.));
#5149=DIRECTION('ref_axis',(0.130526192220051,-0.991444861373811,0.));
#5150=DIRECTION('center_axis',(0.99144486137381,0.130526192220051,0.));
#5151=DIRECTION('ref_axis',(-0.130526192220051,0.99144486137381,0.));
#5152=DIRECTION('',(0.99144486137381,0.130526192220051,0.));
#5153=DIRECTION('center_axis',(-0.99144486137381,-0.130526192220051,0.));
#5154=DIRECTION('ref_axis',(0.130526192220051,-0.99144486137381,0.));
#5155=DIRECTION('center_axis',(-0.99144486137381,-0.130526192220051,0.));
#5156=DIRECTION('ref_axis',(0.130526192220051,-0.991444861373811,0.));
#5157=DIRECTION('center_axis',(0.99144486137381,0.130526192220051,0.));
#5158=DIRECTION('ref_axis',(-0.130526192220051,0.99144486137381,0.));
#5159=DIRECTION('',(0.99144486137381,0.130526192220051,0.));
#5160=DIRECTION('center_axis',(-0.99144486137381,-0.130526192220051,0.));
#5161=DIRECTION('ref_axis',(0.130526192220051,-0.99144486137381,0.));
#5162=DIRECTION('center_axis',(-0.99144486137381,-0.130526192220051,0.));
#5163=DIRECTION('ref_axis',(0.130526192220051,-0.991444861373811,0.));
#5164=DIRECTION('center_axis',(-0.38268343236509,0.923879532511287,0.));
#5165=DIRECTION('ref_axis',(-0.923879532511287,-0.38268343236509,0.));
#5166=DIRECTION('',(-0.38268343236509,0.923879532511287,0.));
#5167=DIRECTION('center_axis',(0.38268343236509,-0.923879532511287,0.));
#5168=DIRECTION('ref_axis',(0.923879532511287,0.38268343236509,0.));
#5169=DIRECTION('center_axis',(0.38268343236509,-0.923879532511287,0.));
#5170=DIRECTION('ref_axis',(0.923879532511287,0.38268343236509,0.));
#5171=DIRECTION('center_axis',(-0.38268343236509,0.923879532511287,0.));
#5172=DIRECTION('ref_axis',(-0.923879532511287,-0.38268343236509,0.));
#5173=DIRECTION('',(-0.38268343236509,0.923879532511287,0.));
#5174=DIRECTION('center_axis',(0.38268343236509,-0.923879532511287,0.));
#5175=DIRECTION('ref_axis',(0.923879532511287,0.38268343236509,0.));
#5176=DIRECTION('center_axis',(0.38268343236509,-0.923879532511287,0.));
#5177=DIRECTION('ref_axis',(0.923879532511287,0.38268343236509,0.));
#5178=DIRECTION('center_axis',(-0.38268343236509,0.923879532511287,0.));
#5179=DIRECTION('ref_axis',(-0.923879532511287,-0.38268343236509,0.));
#5180=DIRECTION('',(-0.38268343236509,0.923879532511287,0.));
#5181=DIRECTION('center_axis',(0.38268343236509,-0.923879532511287,0.));
#5182=DIRECTION('ref_axis',(0.923879532511287,0.38268343236509,0.));
#5183=DIRECTION('center_axis',(0.38268343236509,-0.923879532511287,0.));
#5184=DIRECTION('ref_axis',(0.923879532511287,0.38268343236509,0.));
#5185=DIRECTION('center_axis',(0.382683432365091,0.923879532511286,0.));
#5186=DIRECTION('ref_axis',(-0.923879532511286,0.382683432365091,0.));
#5187=DIRECTION('',(0.382683432365091,0.923879532511286,0.));
#5188=DIRECTION('center_axis',(-0.382683432365091,-0.923879532511286,0.));
#5189=DIRECTION('ref_axis',(0.923879532511286,-0.382683432365091,0.));
#5190=DIRECTION('center_axis',(-0.382683432365091,-0.923879532511286,0.));
#5191=DIRECTION('ref_axis',(0.923879532511286,-0.382683432365091,0.));
#5192=DIRECTION('center_axis',(0.382683432365091,0.923879532511286,0.));
#5193=DIRECTION('ref_axis',(-0.923879532511286,0.382683432365091,0.));
#5194=DIRECTION('',(0.382683432365091,0.923879532511286,0.));
#5195=DIRECTION('center_axis',(-0.382683432365091,-0.923879532511286,0.));
#5196=DIRECTION('ref_axis',(0.923879532511286,-0.382683432365091,0.));
#5197=DIRECTION('center_axis',(-0.382683432365091,-0.923879532511286,0.));
#5198=DIRECTION('ref_axis',(0.923879532511286,-0.382683432365091,0.));
#5199=DIRECTION('center_axis',(0.382683432365091,0.923879532511286,0.));
#5200=DIRECTION('ref_axis',(-0.923879532511286,0.382683432365091,0.));
#5201=DIRECTION('',(0.382683432365091,0.923879532511286,0.));
#5202=DIRECTION('center_axis',(-0.382683432365091,-0.923879532511286,0.));
#5203=DIRECTION('ref_axis',(0.923879532511286,-0.382683432365091,0.));
#5204=DIRECTION('center_axis',(-0.382683432365091,-0.923879532511286,0.));
#5205=DIRECTION('ref_axis',(0.923879532511286,-0.382683432365091,0.));
#5206=DIRECTION('center_axis',(-0.99144486137381,0.130526192220052,0.));
#5207=DIRECTION('ref_axis',(-0.130526192220052,-0.99144486137381,0.));
#5208=DIRECTION('',(-0.99144486137381,0.130526192220052,0.));
#5209=DIRECTION('center_axis',(0.99144486137381,-0.130526192220052,0.));
#5210=DIRECTION('ref_axis',(0.130526192220052,0.99144486137381,0.));
#5211=DIRECTION('center_axis',(0.99144486137381,-0.130526192220052,0.));
#5212=DIRECTION('ref_axis',(0.130526192220052,0.99144486137381,0.));
#5213=DIRECTION('center_axis',(-0.99144486137381,0.130526192220052,0.));
#5214=DIRECTION('ref_axis',(-0.130526192220052,-0.99144486137381,0.));
#5215=DIRECTION('',(-0.99144486137381,0.130526192220052,0.));
#5216=DIRECTION('center_axis',(0.99144486137381,-0.130526192220052,0.));
#5217=DIRECTION('ref_axis',(0.130526192220052,0.99144486137381,0.));
#5218=DIRECTION('center_axis',(0.99144486137381,-0.130526192220052,0.));
#5219=DIRECTION('ref_axis',(0.130526192220052,0.99144486137381,0.));
#5220=DIRECTION('center_axis',(-0.99144486137381,0.130526192220052,0.));
#5221=DIRECTION('ref_axis',(-0.130526192220052,-0.99144486137381,0.));
#5222=DIRECTION('',(-0.99144486137381,0.130526192220052,0.));
#5223=DIRECTION('center_axis',(0.99144486137381,-0.130526192220052,0.));
#5224=DIRECTION('ref_axis',(0.130526192220052,0.99144486137381,0.));
#5225=DIRECTION('center_axis',(0.99144486137381,-0.130526192220052,0.));
#5226=DIRECTION('ref_axis',(0.130526192220052,0.99144486137381,0.));
#5227=DIRECTION('center_axis',(-0.60876142900872,0.793353340291236,0.));
#5228=DIRECTION('ref_axis',(-0.793353340291236,-0.60876142900872,0.));
#5229=DIRECTION('',(-0.60876142900872,0.793353340291236,0.));
#5230=DIRECTION('center_axis',(0.60876142900872,-0.793353340291236,0.));
#5231=DIRECTION('ref_axis',(0.793353340291236,0.60876142900872,0.));
#5232=DIRECTION('center_axis',(0.60876142900872,-0.793353340291236,0.));
#5233=DIRECTION('ref_axis',(0.793353340291236,0.60876142900872,0.));
#5234=DIRECTION('center_axis',(-0.60876142900872,0.793353340291236,0.));
#5235=DIRECTION('ref_axis',(-0.793353340291236,-0.60876142900872,0.));
#5236=DIRECTION('',(-0.60876142900872,0.793353340291236,0.));
#5237=DIRECTION('center_axis',(0.60876142900872,-0.793353340291236,0.));
#5238=DIRECTION('ref_axis',(0.793353340291236,0.60876142900872,0.));
#5239=DIRECTION('center_axis',(0.60876142900872,-0.793353340291236,0.));
#5240=DIRECTION('ref_axis',(0.793353340291236,0.60876142900872,0.));
#5241=DIRECTION('center_axis',(-0.60876142900872,0.793353340291236,0.));
#5242=DIRECTION('ref_axis',(-0.793353340291236,-0.60876142900872,0.));
#5243=DIRECTION('',(-0.60876142900872,0.793353340291236,0.));
#5244=DIRECTION('center_axis',(0.60876142900872,-0.793353340291236,0.));
#5245=DIRECTION('ref_axis',(0.793353340291236,0.60876142900872,0.));
#5246=DIRECTION('center_axis',(0.60876142900872,-0.793353340291236,0.));
#5247=DIRECTION('ref_axis',(0.793353340291236,0.60876142900872,0.));
#5248=DIRECTION('center_axis',(-0.608761429008721,-0.793353340291235,0.));
#5249=DIRECTION('ref_axis',(0.793353340291235,-0.608761429008721,0.));
#5250=DIRECTION('',(-0.608761429008721,-0.793353340291235,0.));
#5251=DIRECTION('center_axis',(0.608761429008722,0.793353340291234,0.));
#5252=DIRECTION('ref_axis',(-0.793353340291234,0.608761429008721,0.));
#5253=DIRECTION('center_axis',(0.608761429008722,0.793353340291234,0.));
#5254=DIRECTION('ref_axis',(-0.793353340291234,0.608761429008722,0.));
#5255=DIRECTION('center_axis',(-0.608761429008721,-0.793353340291235,0.));
#5256=DIRECTION('ref_axis',(0.793353340291235,-0.608761429008721,0.));
#5257=DIRECTION('',(-0.608761429008721,-0.793353340291235,0.));
#5258=DIRECTION('center_axis',(0.608761429008722,0.793353340291234,0.));
#5259=DIRECTION('ref_axis',(-0.793353340291234,0.608761429008721,0.));
#5260=DIRECTION('center_axis',(0.608761429008722,0.793353340291234,0.));
#5261=DIRECTION('ref_axis',(-0.793353340291234,0.608761429008722,0.));
#5262=DIRECTION('center_axis',(-0.608761429008721,-0.793353340291235,0.));
#5263=DIRECTION('ref_axis',(0.793353340291235,-0.608761429008721,0.));
#5264=DIRECTION('',(-0.608761429008721,-0.793353340291235,0.));
#5265=DIRECTION('center_axis',(0.608761429008722,0.793353340291234,0.));
#5266=DIRECTION('ref_axis',(-0.793353340291234,0.608761429008721,0.));
#5267=DIRECTION('center_axis',(0.608761429008722,0.793353340291234,0.));
#5268=DIRECTION('ref_axis',(-0.793353340291234,0.608761429008722,0.));
#5269=DIRECTION('center_axis',(-0.991444861373811,-0.13052619222005,0.));
#5270=DIRECTION('ref_axis',(0.13052619222005,-0.991444861373811,0.));
#5271=DIRECTION('',(-0.991444861373811,-0.13052619222005,0.));
#5272=DIRECTION('center_axis',(0.991444861373811,0.13052619222005,0.));
#5273=DIRECTION('ref_axis',(-0.13052619222005,0.991444861373811,0.));
#5274=DIRECTION('center_axis',(0.991444861373811,0.13052619222005,0.));
#5275=DIRECTION('ref_axis',(-0.13052619222005,0.991444861373811,0.));
#5276=DIRECTION('center_axis',(-0.991444861373811,-0.13052619222005,0.));
#5277=DIRECTION('ref_axis',(0.13052619222005,-0.991444861373811,0.));
#5278=DIRECTION('',(-0.991444861373811,-0.13052619222005,0.));
#5279=DIRECTION('center_axis',(0.991444861373811,0.13052619222005,0.));
#5280=DIRECTION('ref_axis',(-0.13052619222005,0.991444861373811,0.));
#5281=DIRECTION('center_axis',(0.991444861373811,0.13052619222005,0.));
#5282=DIRECTION('ref_axis',(-0.13052619222005,0.991444861373811,0.));
#5283=DIRECTION('center_axis',(-0.991444861373811,-0.13052619222005,0.));
#5284=DIRECTION('ref_axis',(0.13052619222005,-0.991444861373811,0.));
#5285=DIRECTION('',(-0.991444861373811,-0.13052619222005,0.));
#5286=DIRECTION('center_axis',(0.991444861373811,0.13052619222005,0.));
#5287=DIRECTION('ref_axis',(-0.13052619222005,0.991444861373811,0.));
#5288=DIRECTION('center_axis',(0.991444861373811,0.13052619222005,0.));
#5289=DIRECTION('ref_axis',(-0.13052619222005,0.991444861373811,0.));
#5290=DIRECTION('center_axis',(-1.96200667387074E-16,1.,1.94905599838898E-32));
#5291=DIRECTION('ref_axis',(-1.,-1.96200667387074E-16,0.));
#5292=DIRECTION('center_axis',(-1.96200667387074E-16,1.,1.94905599838898E-32));
#5293=DIRECTION('ref_axis',(-1.,-1.96200667387074E-16,0.));
#5294=DIRECTION('',(-1.96200667387074E-16,1.,1.94905599838898E-32));
#5295=DIRECTION('center_axis',(-1.96200667387074E-16,1.,1.94905599838898E-32));
#5296=DIRECTION('ref_axis',(-1.,-1.96200667387074E-16,-3.82406087658697E-48));
#5297=DIRECTION('center_axis',(-1.96200667387074E-16,1.,1.94905599838898E-32));
#5298=DIRECTION('ref_axis',(-1.,-1.96200667387074E-16,0.));
#5299=DIRECTION('center_axis',(-1.96200667387074E-16,1.,1.94905599838898E-32));
#5300=DIRECTION('ref_axis',(-1.,-1.96200667387074E-16,0.));
#5301=DIRECTION('',(-1.96200667387074E-16,1.,1.94905599838898E-32));
#5302=DIRECTION('center_axis',(-1.96200667387074E-16,1.,1.94905599838898E-32));
#5303=DIRECTION('ref_axis',(-1.,-1.96200667387074E-16,-3.82406087658697E-48));
#5304=DIRECTION('center_axis',(0.,0.,1.));
#5305=DIRECTION('ref_axis',(1.,0.,0.));
#5306=DIRECTION('center_axis',(0.,0.,1.));
#5307=DIRECTION('ref_axis',(1.,0.,0.));
#5308=DIRECTION('',(0.,0.,1.));
#5309=DIRECTION('center_axis',(0.,0.,1.));
#5310=DIRECTION('ref_axis',(1.,0.,0.));
#5311=DIRECTION('axis',(0.,0.,1.));
#5312=DIRECTION('refdir',(1.,0.,0.));
#5313=DIRECTION('center_axis',(0.,0.,-1.));
#5314=DIRECTION('ref_axis',(1.,0.,0.));
#5315=DIRECTION('center_axis',(0.,0.,-1.));
#5316=DIRECTION('ref_axis',(-1.,0.,0.));
#5317=DIRECTION('',(-0.5,-0.866025403784439,0.));
#5318=DIRECTION('center_axis',(0.,0.,-1.));
#5319=DIRECTION('ref_axis',(1.,0.,0.));
#5320=DIRECTION('',(0.5,-0.866025403784438,0.));
#5321=DIRECTION('',(0.5,-0.866025403784438,0.));
#5322=DIRECTION('',(-0.866025403784438,-0.500000000000001,0.));
#5323=DIRECTION('',(-0.5,0.866025403784439,0.));
#5324=DIRECTION('',(0.866025403784438,0.500000000000001,0.));
#5325=DIRECTION('',(0.5,-0.866025403784438,0.));
#5326=DIRECTION('center_axis',(0.,0.,-1.));
#5327=DIRECTION('ref_axis',(1.,0.,0.));
#5328=DIRECTION('',(0.,-1.,0.));
#5329=DIRECTION('center_axis',(0.,0.,-1.));
#5330=DIRECTION('ref_axis',(-1.,0.,0.));
#5331=DIRECTION('',(0.,-1.,0.));
#5332=DIRECTION('center_axis',(0.,0.,-1.));
#5333=DIRECTION('ref_axis',(1.,0.,0.));
#5334=DIRECTION('',(0.,-1.,0.));
#5335=DIRECTION('center_axis',(0.,0.,-1.));
#5336=DIRECTION('ref_axis',(-1.,0.,0.));
#5337=DIRECTION('',(0.,-1.,0.));
#5338=DIRECTION('center_axis',(0.,0.,-1.));
#5339=DIRECTION('ref_axis',(1.,0.,0.));
#5340=DIRECTION('',(-0.5,-0.866025403784439,0.));
#5341=DIRECTION('',(0.866025403784438,-0.5,0.));
#5342=DIRECTION('',(0.5,0.866025403784439,0.));
#5343=DIRECTION('',(0.866025403784438,-0.5,0.));
#5344=DIRECTION('',(-0.5,-0.866025403784439,0.));
#5345=DIRECTION('center_axis',(0.,0.,-1.));
#5346=DIRECTION('ref_axis',(1.,0.,0.));
#5347=DIRECTION('center_axis',(0.,0.,1.));
#5348=DIRECTION('ref_axis',(1.,0.,0.));
#5349=DIRECTION('center_axis',(0.,0.,1.));
#5350=DIRECTION('ref_axis',(1.,0.,0.));
#5351=DIRECTION('center_axis',(0.,0.,1.));
#5352=DIRECTION('ref_axis',(1.,0.,0.));
#5353=DIRECTION('center_axis',(0.,0.,1.));
#5354=DIRECTION('ref_axis',(1.,0.,0.));
#5355=DIRECTION('center_axis',(0.,0.,1.));
#5356=DIRECTION('ref_axis',(1.,0.,0.));
#5357=DIRECTION('',(0.,0.,1.));
#5358=DIRECTION('center_axis',(0.,0.,-1.));
#5359=DIRECTION('ref_axis',(-1.,0.,0.));
#5360=DIRECTION('',(0.,0.,1.));
#5361=DIRECTION('center_axis',(0.,0.,1.));
#5362=DIRECTION('ref_axis',(1.,0.,0.));
#5363=DIRECTION('',(0.,0.,1.));
#5364=DIRECTION('center_axis',(0.,0.,-1.));
#5365=DIRECTION('ref_axis',(1.,0.,0.));
#5366=DIRECTION('',(0.,0.,1.));
#5367=DIRECTION('center_axis',(-0.866025403784438,-0.5,0.));
#5368=DIRECTION('ref_axis',(0.5,-0.866025403784438,0.));
#5369=DIRECTION('',(0.,0.,1.));
#5370=DIRECTION('',(0.353553390593274,-0.612372435695794,-0.707106781186548));
#5371=DIRECTION('',(0.5,-0.866025403784438,0.));
#5372=DIRECTION('center_axis',(0.,0.,1.));
#5373=DIRECTION('ref_axis',(1.,0.,0.));
#5374=DIRECTION('',(0.,0.,1.));
#5375=DIRECTION('center_axis',(0.,0.,-1.));
#5376=DIRECTION('ref_axis',(-1.,0.,0.));
#5377=DIRECTION('center_axis',(-0.866025403784439,0.5,0.));
#5378=DIRECTION('ref_axis',(-0.5,-0.866025403784439,0.));
#5379=DIRECTION('',(-0.5,-0.866025403784439,0.));
#5380=DIRECTION('',(-0.353553390593274,-0.612372435695795,-0.707106781186547));
#5381=DIRECTION('center_axis',(0.,0.,-1.));
#5382=DIRECTION('ref_axis',(1.,0.,0.));
#5383=DIRECTION('center_axis',(0.,0.,-1.));
#5384=DIRECTION('ref_axis',(-1.,0.,0.));
#5385=DIRECTION('center_axis',(-0.866025403784438,-0.5,0.));
#5386=DIRECTION('ref_axis',(0.5,-0.866025403784438,0.));
#5387=DIRECTION('',(-0.5,0.866025403784438,0.));
#5388=DIRECTION('',(0.,0.,1.));
#5389=DIRECTION('',(0.5,-0.866025403784438,0.));
#5390=DIRECTION('',(0.,0.,-1.));
#5391=DIRECTION('center_axis',(-0.866025403784439,0.5,0.));
#5392=DIRECTION('ref_axis',(-0.5,-0.866025403784439,0.));
#5393=DIRECTION('',(0.,0.,-1.));
#5394=DIRECTION('',(-0.5,-0.866025403784439,0.));
#5395=DIRECTION('',(0.,0.,-1.));
#5396=DIRECTION('',(0.5,0.866025403784439,0.));
#5397=DIRECTION('center_axis',(0.,0.,1.));
#5398=DIRECTION('ref_axis',(1.,0.,0.));
#5399=DIRECTION('center_axis',(0.,0.,1.));
#5400=DIRECTION('ref_axis',(1.,0.,0.));
#5401=DIRECTION('center_axis',(1.96200667387074E-16,-1.,-1.94905599838898E-32));
#5402=DIRECTION('ref_axis',(1.,1.96200667387074E-16,0.));
#5403=DIRECTION('',(1.96200667387074E-16,-1.,-1.94905599838898E-32));
#5404=DIRECTION('center_axis',(1.96200667387074E-16,-1.,-1.94905599838898E-32));
#5405=DIRECTION('ref_axis',(1.,1.96200667387074E-16,0.));
#5406=DIRECTION('',(1.96200667387074E-16,-1.,-1.94905599838898E-32));
#5407=DIRECTION('center_axis',(0.,0.,-1.));
#5408=DIRECTION('ref_axis',(-1.,0.,0.));
#5409=DIRECTION('',(0.,0.,-1.));
#5410=DIRECTION('center_axis',(0.,0.,1.));
#5411=DIRECTION('ref_axis',(1.,0.,0.));
#5412=DIRECTION('',(0.,0.,-1.));
#5413=DIRECTION('center_axis',(0.,0.,-1.));
#5414=DIRECTION('ref_axis',(-1.,0.,0.));
#5415=DIRECTION('',(0.,0.,-1.));
#5416=DIRECTION('',(0.,0.,-1.));
#5417=DIRECTION('center_axis',(0.,0.,-1.));
#5418=DIRECTION('ref_axis',(1.,0.,0.));
#5419=DIRECTION('center_axis',(1.,0.,0.));
#5420=DIRECTION('ref_axis',(0.,0.,-1.));
#5421=DIRECTION('center_axis',(1.,0.,0.));
#5422=DIRECTION('ref_axis',(0.,0.691074505177894,0.722783527961954));
#5423=DIRECTION('center_axis',(1.,0.,0.));
#5424=DIRECTION('ref_axis',(0.,0.,-1.));
#5425=DIRECTION('center_axis',(-1.,0.,0.));
#5426=DIRECTION('ref_axis',(0.,0.676238015568253,0.736683206202172));
#5427=DIRECTION('center_axis',(0.,0.,-1.));
#5428=DIRECTION('ref_axis',(-1.,0.,0.));
#5429=DIRECTION('',(0.,0.,-1.));
#5430=DIRECTION('center_axis',(0.,0.,1.));
#5431=DIRECTION('ref_axis',(1.,0.,0.));
#5432=DIRECTION('',(0.,0.,-1.));
#5433=DIRECTION('center_axis',(1.,0.,0.));
#5434=DIRECTION('ref_axis',(0.,0.,-1.));
#5435=DIRECTION('',(0.,0.,-1.));
#5436=DIRECTION('center_axis',(-1.,0.,0.));
#5437=DIRECTION('ref_axis',(0.,0.690933179879355,0.722918626777456));
#5438=DIRECTION('center_axis',(0.,0.,-1.));
#5439=DIRECTION('ref_axis',(-1.,0.,0.));
#5440=DIRECTION('',(0.,0.,-1.));
#5441=DIRECTION('center_axis',(0.,0.,1.));
#5442=DIRECTION('ref_axis',(1.,0.,0.));
#5443=DIRECTION('center_axis',(1.,0.,0.));
#5444=DIRECTION('ref_axis',(0.,0.,-1.));
#5445=DIRECTION('center_axis',(1.,0.,0.));
#5446=DIRECTION('ref_axis',(0.,0.675351425880515,0.737496068844543));
#5447=DIRECTION('center_axis',(-0.866025403784439,0.5,0.));
#5448=DIRECTION('ref_axis',(-0.5,-0.866025403784439,0.));
#5449=DIRECTION('',(0.,0.,-1.));
#5450=DIRECTION('',(-0.5,-0.866025403784439,0.));
#5451=DIRECTION('',(0.,0.,-1.));
#5452=DIRECTION('center_axis',(0.5,0.866025403784438,0.));
#5453=DIRECTION('ref_axis',(-0.866025403784438,0.5,0.));
#5454=DIRECTION('',(0.866025403784438,-0.5,0.));
#5455=DIRECTION('',(0.612372435695794,-0.353553390593275,-0.707106781186548));
#5456=DIRECTION('',(0.866025403784438,-0.5,0.));
#5457=DIRECTION('',(0.,0.,-1.));
#5458=DIRECTION('center_axis',(0.5,0.866025403784438,0.));
#5459=DIRECTION('ref_axis',(-0.866025403784438,0.5,0.));
#5460=DIRECTION('',(-0.612372435695794,0.353553390593275,0.707106781186548));
#5461=DIRECTION('',(0.866025403784438,-0.5,0.));
#5462=DIRECTION('',(0.,0.,-1.));
#5463=DIRECTION('',(0.866025403784438,-0.5,0.));
#5464=DIRECTION('center_axis',(-0.866025403784439,0.5,0.));
#5465=DIRECTION('ref_axis',(-0.5,-0.866025403784439,0.));
#5466=DIRECTION('',(0.5,0.866025403784439,0.));
#5467=DIRECTION('',(0.5,0.866025403784439,0.));
#5468=DIRECTION('center_axis',(0.,0.,1.));
#5469=DIRECTION('ref_axis',(1.,0.,0.));
#5470=DIRECTION('',(0.5,0.866025403784439,0.));
#5471=DIRECTION('center_axis',(0.,0.,1.));
#5472=DIRECTION('ref_axis',(1.,0.,0.));
#5473=DIRECTION('center_axis',(-0.866025403784438,-0.5,0.));
#5474=DIRECTION('ref_axis',(0.5,-0.866025403784438,0.));
#5475=DIRECTION('',(0.,0.,-1.));
#5476=DIRECTION('',(-0.5,0.866025403784439,0.));
#5477=DIRECTION('',(0.,0.,-1.));
#5478=DIRECTION('center_axis',(0.500000000000001,-0.866025403784438,0.));
#5479=DIRECTION('ref_axis',(0.866025403784438,0.500000000000001,0.));
#5480=DIRECTION('',(-0.866025403784438,-0.500000000000001,0.));
#5481=DIRECTION('',(0.612372435695794,0.353553390593278,0.707106781186546));
#5482=DIRECTION('',(-0.866025403784438,-0.500000000000001,0.));
#5483=DIRECTION('',(0.,0.,-1.));
#5484=DIRECTION('center_axis',(-0.500000000000001,0.866025403784438,0.));
#5485=DIRECTION('ref_axis',(-0.866025403784438,-0.500000000000001,0.));
#5486=DIRECTION('',(-0.612372435695794,-0.353553390593278,-0.707106781186546));
#5487=DIRECTION('',(0.866025403784438,0.500000000000001,0.));
#5488=DIRECTION('',(0.,0.,-1.));
#5489=DIRECTION('',(0.866025403784438,0.500000000000001,0.));
#5490=DIRECTION('center_axis',(0.,0.,1.));
#5491=DIRECTION('ref_axis',(1.,0.,0.));
#5492=DIRECTION('',(0.5,-0.866025403784438,0.));
#5493=DIRECTION('center_axis',(0.866025403784438,0.5,0.));
#5494=DIRECTION('ref_axis',(-0.5,0.866025403784438,0.));
#5495=DIRECTION('',(0.5,-0.866025403784438,0.));
#5496=DIRECTION('center_axis',(0.,0.,1.));
#5497=DIRECTION('ref_axis',(1.,0.,0.));
#5498=DIRECTION('',(0.5,-0.866025403784438,0.));
#5499=DIRECTION('center_axis',(0.612372435695793,0.353553390593274,-0.707106781186549));
#5500=DIRECTION('ref_axis',(-0.5,0.866025403784438,8.04911692853238E-16));
#5501=DIRECTION('center_axis',(0.612372435695795,-0.353553390593274,0.707106781186548));
#5502=DIRECTION('ref_axis',(-0.5,-0.866025403784439,-8.32667268468867E-17));
#5503=DIRECTION('center_axis',(0.,0.,-1.));
#5504=DIRECTION('ref_axis',(-1.,0.,0.));
#5505=DIRECTION('center_axis',(0.,0.,-1.));
#5506=DIRECTION('ref_axis',(-1.,0.,0.));
#5507=DIRECTION('axis',(0.,0.,1.));
#5508=DIRECTION('refdir',(1.,0.,0.));
#5509=DIRECTION('center_axis',(0.,0.,-1.));
#5510=DIRECTION('ref_axis',(-1.,0.,0.));
#5511=DIRECTION('center_axis',(0.,0.,-1.));
#5512=DIRECTION('ref_axis',(1.,0.,0.));
#5513=DIRECTION('',(0.,0.,-1.));
#5514=DIRECTION('center_axis',(0.,0.,-1.));
#5515=DIRECTION('ref_axis',(1.,0.,0.));
#5516=DIRECTION('',(0.,0.,-1.));
#5517=DIRECTION('',(0.,0.,-1.));
#5518=DIRECTION('',(0.,0.,-1.));
#5519=DIRECTION('',(0.,0.,-1.));
#5520=DIRECTION('',(0.,0.,-1.));
#5521=DIRECTION('',(0.,0.,-1.));
#5522=DIRECTION('',(0.,0.,-1.));
#5523=DIRECTION('center_axis',(0.,0.,-1.));
#5524=DIRECTION('ref_axis',(-1.,0.,0.));
#5525=DIRECTION('center_axis',(0.,0.,-1.));
#5526=DIRECTION('ref_axis',(1.,0.,0.));
#5527=DIRECTION('',(0.,0.,-1.));
#5528=DIRECTION('center_axis',(0.,0.,-1.));
#5529=DIRECTION('ref_axis',(1.,0.,0.));
#5530=DIRECTION('',(0.,0.,-1.));
#5531=DIRECTION('',(0.,0.,-1.));
#5532=DIRECTION('',(0.,0.,-1.));
#5533=DIRECTION('',(0.,0.,-1.));
#5534=DIRECTION('',(0.,0.,-1.));
#5535=DIRECTION('',(0.,0.,-1.));
#5536=DIRECTION('',(0.,0.,-1.));
#5537=DIRECTION('center_axis',(0.,0.,-1.));
#5538=DIRECTION('ref_axis',(-1.,0.,0.));
#5539=DIRECTION('center_axis',(0.,0.,-1.));
#5540=DIRECTION('ref_axis',(1.,0.,0.));
#5541=DIRECTION('',(0.,0.,-1.));
#5542=DIRECTION('center_axis',(0.,0.,-1.));
#5543=DIRECTION('ref_axis',(1.,0.,0.));
#5544=DIRECTION('',(0.,0.,-1.));
#5545=DIRECTION('center_axis',(0.866025403784438,0.5,0.));
#5546=DIRECTION('ref_axis',(-0.5,0.866025403784438,0.));
#5547=DIRECTION('',(0.5,-0.866025403784438,0.));
#5548=DIRECTION('',(0.5,-0.866025403784438,0.));
#5549=DIRECTION('center_axis',(-0.38268343236509,0.923879532511287,0.));
#5550=DIRECTION('ref_axis',(-0.923879532511287,-0.38268343236509,0.));
#5551=DIRECTION('',(0.923879532511287,0.38268343236509,0.));
#5552=DIRECTION('',(0.,0.,-1.));
#5553=DIRECTION('',(0.923879532511287,0.38268343236509,0.));
#5554=DIRECTION('',(0.,0.,-1.));
#5555=DIRECTION('center_axis',(-0.38268343236509,0.923879532511287,0.));
#5556=DIRECTION('ref_axis',(-0.923879532511287,-0.38268343236509,0.));
#5557=DIRECTION('center_axis',(-0.38268343236509,0.923879532511287,0.));
#5558=DIRECTION('ref_axis',(-0.923879532511287,-0.38268343236509,0.));
#5559=DIRECTION('center_axis',(-0.38268343236509,0.923879532511287,0.));
#5560=DIRECTION('ref_axis',(-0.923879532511287,-0.38268343236509,0.));
#5561=DIRECTION('center_axis',(-0.866025403784439,-0.5,0.));
#5562=DIRECTION('ref_axis',(0.5,-0.866025403784439,0.));
#5563=DIRECTION('',(-0.5,0.866025403784439,0.));
#5564=DIRECTION('',(0.,0.,-1.));
#5565=DIRECTION('',(-0.5,0.866025403784439,0.));
#5566=DIRECTION('',(0.,0.,1.));
#5567=DIRECTION('center_axis',(0.,0.,-1.));
#5568=DIRECTION('ref_axis',(-1.,0.,0.));
#5569=DIRECTION('center_axis',(0.,0.,-1.));
#5570=DIRECTION('ref_axis',(1.,0.,0.));
#5571=DIRECTION('',(0.,0.,-1.));
#5572=DIRECTION('center_axis',(0.,0.,-1.));
#5573=DIRECTION('ref_axis',(1.,0.,0.));
#5574=DIRECTION('',(0.,0.,-1.));
#5575=DIRECTION('center_axis',(-0.866025403784439,0.5,0.));
#5576=DIRECTION('ref_axis',(-0.5,-0.866025403784439,0.));
#5577=DIRECTION('',(0.5,0.866025403784439,0.));
#5578=DIRECTION('',(0.,0.,-1.));
#5579=DIRECTION('',(0.5,0.866025403784439,0.));
#5580=DIRECTION('',(0.,0.,-1.));
#5581=DIRECTION('center_axis',(0.382683432365091,0.923879532511286,0.));
#5582=DIRECTION('ref_axis',(-0.923879532511286,0.382683432365091,0.));
#5583=DIRECTION('',(0.923879532511286,-0.382683432365091,0.));
#5584=DIRECTION('',(0.,0.,-1.));
#5585=DIRECTION('',(0.923879532511286,-0.382683432365091,0.));
#5586=DIRECTION('',(0.,0.,-1.));
#5587=DIRECTION('center_axis',(0.382683432365091,0.923879532511286,0.));
#5588=DIRECTION('ref_axis',(-0.923879532511286,0.382683432365091,0.));
#5589=DIRECTION('center_axis',(0.382683432365091,0.923879532511286,0.));
#5590=DIRECTION('ref_axis',(-0.923879532511286,0.382683432365091,0.));
#5591=DIRECTION('center_axis',(0.382683432365091,0.923879532511286,0.));
#5592=DIRECTION('ref_axis',(-0.923879532511286,0.382683432365091,0.));
#5593=DIRECTION('center_axis',(0.866025403784439,-0.5,0.));
#5594=DIRECTION('ref_axis',(0.5,0.866025403784439,0.));
#5595=DIRECTION('',(-0.5,-0.866025403784439,0.));
#5596=DIRECTION('',(-0.5,-0.866025403784439,0.));
#5597=DIRECTION('center_axis',(0.,0.,1.));
#5598=DIRECTION('ref_axis',(1.,0.,0.));
#5599=DIRECTION('center_axis',(0.,0.,1.));
#5600=DIRECTION('ref_axis',(1.,0.,0.));
#5601=DIRECTION('center_axis',(0.,0.,1.));
#5602=DIRECTION('ref_axis',(1.,0.,0.));
#5603=DIRECTION('center_axis',(0.,0.,1.));
#5604=DIRECTION('ref_axis',(1.,0.,0.));
#5605=DIRECTION('center_axis',(0.,0.,1.));
#5606=DIRECTION('ref_axis',(1.,0.,0.));
#5607=DIRECTION('center_axis',(0.,0.,1.));
#5608=DIRECTION('ref_axis',(1.,0.,0.));
#5609=DIRECTION('center_axis',(0.,0.,1.));
#5610=DIRECTION('ref_axis',(1.,0.,0.));
#5611=DIRECTION('center_axis',(0.,0.,1.));
#5612=DIRECTION('ref_axis',(1.,0.,0.));
#5613=DIRECTION('center_axis',(0.,0.,1.));
#5614=DIRECTION('ref_axis',(1.,0.,0.));
#5615=DIRECTION('center_axis',(0.,0.,1.));
#5616=DIRECTION('ref_axis',(1.,0.,0.));
#5617=DIRECTION('center_axis',(0.,0.,1.));
#5618=DIRECTION('ref_axis',(1.,0.,0.));
#5619=DIRECTION('center_axis',(0.,0.,1.));
#5620=DIRECTION('ref_axis',(1.,0.,0.));
#5621=DIRECTION('center_axis',(0.,0.,1.));
#5622=DIRECTION('ref_axis',(1.,0.,0.));
#5623=DIRECTION('center_axis',(0.,0.,1.));
#5624=DIRECTION('ref_axis',(1.,0.,0.));
#5625=DIRECTION('center_axis',(-0.38268343236509,0.923879532511287,0.));
#5626=DIRECTION('ref_axis',(-0.923879532511287,-0.38268343236509,0.));
#5627=DIRECTION('',(-0.38268343236509,0.923879532511287,0.));
#5628=DIRECTION('center_axis',(-0.38268343236509,0.923879532511287,0.));
#5629=DIRECTION('ref_axis',(-0.923879532511287,-0.38268343236509,0.));
#5630=DIRECTION('',(-0.38268343236509,0.923879532511287,0.));
#5631=DIRECTION('center_axis',(-0.38268343236509,0.923879532511287,0.));
#5632=DIRECTION('ref_axis',(-0.923879532511287,-0.38268343236509,0.));
#5633=DIRECTION('',(-0.38268343236509,0.923879532511287,0.));
#5634=DIRECTION('center_axis',(0.382683432365091,0.923879532511286,0.));
#5635=DIRECTION('ref_axis',(-0.923879532511286,0.382683432365091,0.));
#5636=DIRECTION('',(0.382683432365091,0.923879532511286,0.));
#5637=DIRECTION('center_axis',(0.382683432365091,0.923879532511286,0.));
#5638=DIRECTION('ref_axis',(-0.923879532511286,0.382683432365091,0.));
#5639=DIRECTION('',(0.382683432365091,0.923879532511286,0.));
#5640=DIRECTION('center_axis',(0.382683432365091,0.923879532511286,0.));
#5641=DIRECTION('ref_axis',(-0.923879532511286,0.382683432365091,0.));
#5642=DIRECTION('',(0.382683432365091,0.923879532511286,0.));
#5643=DIRECTION('center_axis',(0.,0.,-1.));
#5644=DIRECTION('ref_axis',(0.961905348856363,0.273382698504346,0.));
#5645=DIRECTION('center_axis',(0.,0.,1.));
#5646=DIRECTION('ref_axis',(1.,0.,0.));
#5647=DIRECTION('center_axis',(0.,0.,-1.));
#5648=DIRECTION('ref_axis',(-1.,0.,0.));
#5649=DIRECTION('center_axis',(0.,0.,-1.));
#5650=DIRECTION('ref_axis',(-1.,0.,0.));
#5651=DIRECTION('center_axis',(0.,0.,-1.));
#5652=DIRECTION('ref_axis',(-1.,0.,0.));
#5653=DIRECTION('center_axis',(0.,0.,-1.));
#5654=DIRECTION('ref_axis',(-1.,0.,0.));
#5655=DIRECTION('center_axis',(1.96200667387074E-16,-1.,-1.94905599838898E-32));
#5656=DIRECTION('ref_axis',(1.,1.96200667387074E-16,0.));
#5657=DIRECTION('',(1.96200667387074E-16,-1.,-1.94905599838898E-32));
#5658=DIRECTION('',(1.96200667387074E-16,-1.,-1.94905599838898E-32));
#5659=DIRECTION('center_axis',(1.,1.96200667387074E-16,-8.30758332962362E-64));
#5660=DIRECTION('ref_axis',(-1.96200667387074E-16,1.,0.));
#5661=DIRECTION('',(1.96200667387074E-16,-1.,-1.94905599838898E-32));
#5662=DIRECTION('center_axis',(1.96200667387074E-16,-1.,-1.94905599838898E-32));
#5663=DIRECTION('ref_axis',(1.,1.96200667387074E-16,0.));
#5664=DIRECTION('',(1.96200667387074E-16,-1.,-1.94905599838898E-32));
#5665=DIRECTION('center_axis',(1.,1.96200667387074E-16,-8.30758332962362E-64));
#5666=DIRECTION('ref_axis',(-1.96200667387074E-16,1.,0.));
#5667=DIRECTION('center_axis',(1.96200667387074E-16,-1.,-1.94905599838898E-32));
#5668=DIRECTION('ref_axis',(1.,1.96200667387074E-16,0.));
#5669=DIRECTION('',(1.96200667387074E-16,-1.,-1.94905599838898E-32));
#5670=DIRECTION('',(1.96200667387074E-16,-1.,-1.94905599838898E-32));
#5671=DIRECTION('center_axis',(1.,1.96200667387074E-16,-8.30758332962362E-64));
#5672=DIRECTION('ref_axis',(-1.96200667387074E-16,1.,0.));
#5673=DIRECTION('',(1.96200667387074E-16,-1.,-1.94905599838898E-32));
#5674=DIRECTION('center_axis',(1.96200667387074E-16,-1.,-1.94905599838898E-32));
#5675=DIRECTION('ref_axis',(1.,1.96200667387074E-16,0.));
#5676=DIRECTION('',(1.96200667387074E-16,-1.,-1.94905599838898E-32));
#5677=DIRECTION('center_axis',(1.,1.96200667387074E-16,-8.30758332962362E-64));
#5678=DIRECTION('ref_axis',(-1.96200667387074E-16,1.,0.));
#5679=DIRECTION('center_axis',(1.96200667387074E-16,-1.,-1.94905599838898E-32));
#5680=DIRECTION('ref_axis',(1.,1.96200667387074E-16,0.));
#5681=DIRECTION('',(1.96200667387074E-16,-1.,-1.94905599838898E-32));
#5682=DIRECTION('',(1.96200667387074E-16,-1.,-1.94905599838898E-32));
#5683=DIRECTION('center_axis',(1.,1.96200667387074E-16,-8.30758332962362E-64));
#5684=DIRECTION('ref_axis',(-1.96200667387074E-16,1.,0.));
#5685=DIRECTION('',(1.96200667387074E-16,-1.,-1.94905599838898E-32));
#5686=DIRECTION('center_axis',(1.96200667387074E-16,-1.,-1.94905599838898E-32));
#5687=DIRECTION('ref_axis',(1.,1.96200667387074E-16,0.));
#5688=DIRECTION('',(1.96200667387074E-16,-1.,-1.94905599838898E-32));
#5689=DIRECTION('center_axis',(1.,1.96200667387074E-16,-8.30758332962362E-64));
#5690=DIRECTION('ref_axis',(-1.96200667387074E-16,1.,0.));
#5691=DIRECTION('axis',(0.,0.,1.));
#5692=DIRECTION('refdir',(1.,0.,0.));
#5693=DIRECTION('axis',(0.,0.,1.));
#5694=DIRECTION('refdir',(1.,0.,0.));
#5695=DIRECTION('center_axis',(0.382683432365089,-0.923879532511287,0.));
#5696=DIRECTION('ref_axis',(0.923879532511287,0.382683432365089,0.));
#5697=DIRECTION('',(0.923879532511287,0.382683432365089,0.));
#5698=DIRECTION('',(0.,0.,1.));
#5699=DIRECTION('',(0.923879532511287,0.382683432365089,0.));
#5700=DIRECTION('',(0.,0.,1.));
#5701=DIRECTION('center_axis',(-0.965925826289068,-0.258819045102521,0.));
#5702=DIRECTION('ref_axis',(0.258819045102521,-0.965925826289068,0.));
#5703=DIRECTION('',(0.258819045102521,-0.965925826289068,0.));
#5704=DIRECTION('',(0.258819045102521,-0.965925826289068,0.));
#5705=DIRECTION('',(0.,0.,1.));
#5706=DIRECTION('center_axis',(0.,0.,1.));
#5707=DIRECTION('ref_axis',(1.,0.,0.));
#5708=DIRECTION('',(0.,0.,1.));
#5709=DIRECTION('center_axis',(0.,0.,-1.));
#5710=DIRECTION('ref_axis',(1.,0.,0.));
#5711=DIRECTION('',(0.,0.,-1.));
#5712=DIRECTION('center_axis',(0.,0.,-1.));
#5713=DIRECTION('ref_axis',(1.,0.,0.));
#5714=DIRECTION('',(0.,0.,-1.));
#5715=DIRECTION('center_axis',(0.,0.,-1.));
#5716=DIRECTION('ref_axis',(1.,0.,0.));
#5717=DIRECTION('center_axis',(0.,0.,-1.));
#5718=DIRECTION('ref_axis',(1.,0.,0.));
#5719=DIRECTION('center_axis',(0.965925826289068,-0.258819045102521,0.));
#5720=DIRECTION('ref_axis',(0.258819045102521,0.965925826289068,0.));
#5721=DIRECTION('',(0.258819045102521,0.965925826289068,0.));
#5722=DIRECTION('',(0.258819045102521,0.965925826289068,0.));
#5723=DIRECTION('',(0.,0.,1.));
#5724=DIRECTION('center_axis',(-0.382683432365091,-0.923879532511286,0.));
#5725=DIRECTION('ref_axis',(0.923879532511286,-0.382683432365091,0.));
#5726=DIRECTION('',(0.923879532511286,-0.382683432365091,0.));
#5727=DIRECTION('',(0.923879532511286,-0.382683432365091,0.));
#5728=DIRECTION('',(0.,0.,1.));
#5729=DIRECTION('center_axis',(0.866025403784439,-0.5,0.));
#5730=DIRECTION('ref_axis',(0.5,0.866025403784439,0.));
#5731=DIRECTION('',(0.5,0.866025403784439,0.));
#5732=DIRECTION('',(0.5,0.866025403784439,0.));
#5733=DIRECTION('',(0.,0.,1.));
#5734=DIRECTION('center_axis',(0.,0.,1.));
#5735=DIRECTION('ref_axis',(1.,0.,0.));
#5736=DIRECTION('center_axis',(0.,0.,-1.));
#5737=DIRECTION('ref_axis',(1.,0.,0.));
#5738=DIRECTION('center_axis',(0.,0.,-1.));
#5739=DIRECTION('ref_axis',(1.,0.,0.));
#5740=DIRECTION('',(0.,0.,1.));
#5741=DIRECTION('center_axis',(-0.866025403784439,-0.5,0.));
#5742=DIRECTION('ref_axis',(0.5,-0.866025403784439,0.));
#5743=DIRECTION('',(0.5,-0.866025403784439,0.));
#5744=DIRECTION('',(0.5,-0.866025403784439,0.));
#5745=DIRECTION('center_axis',(0.,0.,1.));
#5746=DIRECTION('ref_axis',(1.,0.,0.));
#5747=DIRECTION('center_axis',(0.,0.,1.));
#5748=DIRECTION('ref_axis',(1.,0.,0.));
#5749=DIRECTION('',(-0.5,0.866025403784439,0.));
#5750=DIRECTION('center_axis',(0.,0.,-1.));
#5751=DIRECTION('ref_axis',(1.,0.,0.));
#5752=DIRECTION('',(0.5,0.866025403784439,0.));
#5753=DIRECTION('center_axis',(-0.866025403784439,0.5,0.));
#5754=DIRECTION('ref_axis',(-0.5,-0.866025403784439,0.));
#5755=DIRECTION('',(0.353553390593274,0.612372435695795,-0.707106781186547));
#5756=DIRECTION('',(0.5,0.866025403784439,0.));
#5757=DIRECTION('center_axis',(-0.866025403784439,-0.5,0.));
#5758=DIRECTION('ref_axis',(0.5,-0.866025403784439,0.));
#5759=DIRECTION('',(-0.5,0.866025403784439,0.));
#5760=DIRECTION('',(-0.353553390593274,0.612372435695795,-0.707106781186547));
#5761=DIRECTION('center_axis',(0.,0.,1.));
#5762=DIRECTION('ref_axis',(1.,0.,0.));
#5763=DIRECTION('center_axis',(0.,0.,1.));
#5764=DIRECTION('ref_axis',(1.,0.,0.));
#5765=DIRECTION('center_axis',(0.,0.,-1.));
#5766=DIRECTION('ref_axis',(-1.,0.,0.));
#5767=DIRECTION('axis',(0.,0.,1.));
#5768=DIRECTION('refdir',(1.,0.,0.));
#5769=DIRECTION('center_axis',(0.,0.,-1.));
#5770=DIRECTION('ref_axis',(-0.5,-0.866025403784439,0.));
#5771=DIRECTION('center_axis',(0.,0.,1.));
#5772=DIRECTION('ref_axis',(0.5,0.866025403784439,0.));
#5773=DIRECTION('',(0.,0.,-1.));
#5774=DIRECTION('center_axis',(0.,0.,1.));
#5775=DIRECTION('ref_axis',(0.5,0.866025403784439,0.));
#5776=DIRECTION('center_axis',(0.,0.,-1.));
#5777=DIRECTION('ref_axis',(0.5,-0.866025403784438,0.));
#5778=DIRECTION('center_axis',(0.,0.,1.));
#5779=DIRECTION('ref_axis',(-0.5,0.866025403784438,0.));
#5780=DIRECTION('',(0.,0.,-1.));
#5781=DIRECTION('center_axis',(0.,0.,1.));
#5782=DIRECTION('ref_axis',(-0.5,0.866025403784438,0.));
#5783=DIRECTION('center_axis',(0.,0.,-1.));
#5784=DIRECTION('ref_axis',(1.,1.22464679914735E-16,0.));
#5785=DIRECTION('center_axis',(0.,0.,1.));
#5786=DIRECTION('ref_axis',(-1.,-1.22464679914735E-16,0.));
#5787=DIRECTION('',(0.,0.,-1.));
#5788=DIRECTION('center_axis',(0.,0.,1.));
#5789=DIRECTION('ref_axis',(-1.,-1.22464679914735E-16,0.));
#5790=DIRECTION('center_axis',(0.,0.,-1.));
#5791=DIRECTION('ref_axis',(0.5,0.866025403784439,0.));
#5792=DIRECTION('center_axis',(0.,0.,1.));
#5793=DIRECTION('ref_axis',(-0.5,-0.866025403784439,0.));
#5794=DIRECTION('',(0.,0.,-1.));
#5795=DIRECTION('center_axis',(0.,0.,1.));
#5796=DIRECTION('ref_axis',(-0.5,-0.866025403784439,0.));
#5797=DIRECTION('center_axis',(0.,0.,-1.));
#5798=DIRECTION('ref_axis',(-0.5,0.866025403784439,0.));
#5799=DIRECTION('center_axis',(0.,0.,1.));
#5800=DIRECTION('ref_axis',(0.5,-0.866025403784439,0.));
#5801=DIRECTION('',(0.,0.,-1.));
#5802=DIRECTION('center_axis',(0.,0.,1.));
#5803=DIRECTION('ref_axis',(0.5,-0.866025403784439,0.));
#5804=DIRECTION('center_axis',(0.,0.,-1.));
#5805=DIRECTION('ref_axis',(-1.,0.,0.));
#5806=DIRECTION('center_axis',(0.,0.,1.));
#5807=DIRECTION('ref_axis',(1.,0.,0.));
#5808=DIRECTION('',(0.,0.,1.));
#5809=DIRECTION('center_axis',(0.,0.,1.));
#5810=DIRECTION('ref_axis',(1.,0.,0.));
#5811=DIRECTION('center_axis',(0.,0.,1.));
#5812=DIRECTION('ref_axis',(1.,0.,0.));
#5813=DIRECTION('center_axis',(0.,0.,1.));
#5814=DIRECTION('ref_axis',(1.,0.,0.));
#5815=DIRECTION('center_axis',(0.,0.,1.));
#5816=DIRECTION('ref_axis',(1.,0.,0.));
#5817=DIRECTION('center_axis',(0.,0.,-1.));
#5818=DIRECTION('ref_axis',(-1.,0.,0.));
#5819=DIRECTION('center_axis',(0.,0.,1.));
#5820=DIRECTION('ref_axis',(1.,0.,0.));
#5821=DIRECTION('center_axis',(0.,0.,-1.));
#5822=DIRECTION('ref_axis',(-1.,0.,0.));
#5823=DIRECTION('',(0.,0.,-1.));
#5824=DIRECTION('center_axis',(0.,0.,1.));
#5825=DIRECTION('ref_axis',(1.,0.,0.));
#5826=DIRECTION('',(0.,0.,-1.));
#5827=DIRECTION('center_axis',(0.,0.,-1.));
#5828=DIRECTION('ref_axis',(-1.,0.,0.));
#5829=DIRECTION('center_axis',(0.,0.,-1.));
#5830=DIRECTION('ref_axis',(1.,0.,0.));
#5831=DIRECTION('',(-9.86076131526265E-32,0.,1.));
#5832=DIRECTION('',(1.,-1.70691499745017E-30,0.));
#5833=DIRECTION('',(1.17675631622689E-15,-4.74132285197934E-15,1.));
#5834=DIRECTION('',(-1.,-9.43689570931386E-16,1.26393740276049E-15));
#5835=DIRECTION('',(8.15423303600499E-16,-3.90089850496132E-15,1.));
#5836=DIRECTION('',(0.500000000000001,0.866025403784437,-1.51582917563409E-15));
#5837=DIRECTION('',(9.52188544426249E-16,-4.17970566683371E-15,0.999999999999995));
#5838=DIRECTION('',(-0.500000000000001,0.866025403784442,7.3564867306175E-16));
#5839=DIRECTION('',(7.02994651848514E-16,-3.7480891839533E-15,1.));
#5840=DIRECTION('',(0.500000000000003,-0.866025403784435,-5.82867087928203E-16));
#5841=DIRECTION('',(9.53016329158234E-16,-4.26151090131582E-15,1.));
#5842=DIRECTION('',(-0.500000000000003,-0.866025403784441,2.55130893924055E-16));
#5843=DIRECTION('',(7.58155671874058E-16,-3.84363087323488E-15,1.));
#5844=DIRECTION('',(0.499999999999999,-0.866025403784437,-2.22044604925029E-16));
#5845=DIRECTION('axis',(0.,0.,1.));
#5846=DIRECTION('refdir',(1.,0.,0.));
#5847=DIRECTION('axis',(0.,0.,1.));
#5848=DIRECTION('refdir',(1.,0.,0.));
#5849=DIRECTION('center_axis',(0.,1.,0.));
#5850=DIRECTION('ref_axis',(0.,0.,1.));
#5851=DIRECTION('center_axis',(-0.0265695204767223,0.,0.999646967975013));
#5852=DIRECTION('ref_axis',(0.999646967975013,0.,0.0265695204767223));
#5853=DIRECTION('center_axis',(0.,-1.,0.));
#5854=DIRECTION('ref_axis',(0.,0.,1.));
#5855=DIRECTION('center_axis',(-1.,0.,1.97669333732195E-16));
#5856=DIRECTION('ref_axis',(1.97669333732195E-16,0.,1.));
#5857=DIRECTION('center_axis',(-1.,0.,1.97669333732195E-16));
#5858=DIRECTION('ref_axis',(1.97669333732195E-16,0.,1.));
#5859=DIRECTION('center_axis',(0.,1.,0.));
#5860=DIRECTION('ref_axis',(0.,0.,1.));
#5861=DIRECTION('center_axis',(-1.,0.,1.97669333732195E-16));
#5862=DIRECTION('ref_axis',(1.97669333732195E-16,0.,1.));
#5863=DIRECTION('center_axis',(0.,-1.,0.));
#5864=DIRECTION('ref_axis',(0.,0.,1.));
#5865=DIRECTION('center_axis',(-0.0265695204767202,0.,-0.999646967975013));
#5866=DIRECTION('ref_axis',(-0.999646967975013,0.,0.0265695204767202));
#5867=DIRECTION('center_axis',(-1.,0.,1.97669333732195E-16));
#5868=DIRECTION('ref_axis',(1.97669333732195E-16,0.,1.));
#5869=DIRECTION('center_axis',(-0.0311068739167351,1.12196356638086E-6,
-0.999516064099957));
#5870=DIRECTION('ref_axis',(0.99951606212793,-6.27920228964718E-5,-0.0311068739258462));
#5871=DIRECTION('center_axis',(-0.0311068739180284,-1.12196442755523E-6,
0.999516064099917));
#5872=DIRECTION('ref_axis',(0.999516062127886,6.27920694412345E-5,0.0311068739271395));
#5873=DIRECTION('center_axis',(-1.,0.,6.09905889548484E-17));
#5874=DIRECTION('ref_axis',(6.09905889548484E-17,0.,1.));
#5875=DIRECTION('',(1.,0.,-6.09905889548484E-17));
#5876=DIRECTION('center_axis',(-0.0311068738371165,-1.12188379832738E-6,
-0.999516064102435));
#5877=DIRECTION('ref_axis',(0.99951606213085,6.27849793666465E-5,-0.0311068738462285));
#5878=DIRECTION('center_axis',(-0.0311068738384597,1.12188468885624E-6,
0.999516064102393));
#5879=DIRECTION('ref_axis',(0.999516062130805,-6.2785036517859E-5,0.0311068738475717));
#5880=DIRECTION('center_axis',(-0.0265695204767225,0.,0.999646967975013));
#5881=DIRECTION('ref_axis',(-0.999646967975013,5.66553889764798E-16,-0.0265695204767225));
#5882=DIRECTION('center_axis',(-0.02656952047672,0.,-0.999646967975013));
#5883=DIRECTION('ref_axis',(0.999646967975013,-1.22464679914735E-16,-0.02656952047672));
#5884=DIRECTION('center_axis',(0.,0.,1.));
#5885=DIRECTION('ref_axis',(1.,0.,0.));
#5886=DIRECTION('center_axis',(0.,0.,1.));
#5887=DIRECTION('ref_axis',(1.,0.,0.));
#5888=DIRECTION('',(0.,0.,1.));
#5889=DIRECTION('center_axis',(0.,0.,1.));
#5890=DIRECTION('ref_axis',(1.,0.,0.));
#5891=DIRECTION('center_axis',(0.,0.,1.));
#5892=DIRECTION('ref_axis',(1.,0.,0.));
#5893=DIRECTION('center_axis',(0.,0.,1.));
#5894=DIRECTION('ref_axis',(1.,0.,0.));
#5895=DIRECTION('',(0.,0.,1.));
#5896=DIRECTION('center_axis',(0.,0.,1.));
#5897=DIRECTION('ref_axis',(1.,0.,0.));
#5898=DIRECTION('center_axis',(0.,0.,1.));
#5899=DIRECTION('ref_axis',(1.,0.,0.));
#5900=DIRECTION('center_axis',(0.,0.,1.));
#5901=DIRECTION('ref_axis',(1.,0.,0.));
#5902=DIRECTION('',(0.,0.,1.));
#5903=DIRECTION('center_axis',(0.,0.,1.));
#5904=DIRECTION('ref_axis',(1.,0.,0.));
#5905=DIRECTION('center_axis',(0.,0.,1.));
#5906=DIRECTION('ref_axis',(1.,0.,0.));
#5907=DIRECTION('center_axis',(0.,0.,1.));
#5908=DIRECTION('ref_axis',(1.,0.,0.));
#5909=DIRECTION('',(0.,0.,1.));
#5910=DIRECTION('center_axis',(0.,0.,1.));
#5911=DIRECTION('ref_axis',(1.,0.,0.));
#5912=DIRECTION('center_axis',(-1.,0.,0.));
#5913=DIRECTION('ref_axis',(0.,0.,1.));
#5914=DIRECTION('center_axis',(-1.,0.,0.));
#5915=DIRECTION('ref_axis',(0.,0.,1.));
#5916=DIRECTION('',(-1.,0.,0.));
#5917=DIRECTION('center_axis',(-1.,0.,0.));
#5918=DIRECTION('ref_axis',(0.,0.,1.));
#5919=DIRECTION('',(-1.,0.,0.));
#5920=DIRECTION('center_axis',(-1.,0.,0.));
#5921=DIRECTION('ref_axis',(0.,0.,1.));
#5922=DIRECTION('center_axis',(1.,0.,0.));
#5923=DIRECTION('ref_axis',(0.,0.,-1.));
#5924=DIRECTION('',(-1.,0.,0.));
#5925=DIRECTION('center_axis',(1.,0.,0.));
#5926=DIRECTION('ref_axis',(0.,0.,-1.));
#5927=DIRECTION('',(-1.,0.,0.));
#5928=DIRECTION('center_axis',(0.,-1.35174416390356E-15,1.));
#5929=DIRECTION('ref_axis',(0.,-1.,-1.35174416390356E-15));
#5930=DIRECTION('',(0.,1.,1.35174416390356E-15));
#5931=DIRECTION('center_axis',(0.,1.35174416390356E-15,-1.));
#5932=DIRECTION('ref_axis',(0.,-1.,-1.35174416390356E-15));
#5933=DIRECTION('',(-1.,0.,0.));
#5934=DIRECTION('center_axis',(0.,1.35174416390356E-15,-1.));
#5935=DIRECTION('ref_axis',(0.,-1.,-1.35174416390356E-15));
#5936=DIRECTION('',(0.,1.,1.35174416390356E-15));
#5937=DIRECTION('',(-1.,0.,0.));
#5938=DIRECTION('center_axis',(0.,-1.,0.));
#5939=DIRECTION('ref_axis',(0.,0.,-1.));
#5940=DIRECTION('',(0.,0.,1.));
#5941=DIRECTION('',(-1.,0.,0.));
#5942=DIRECTION('',(0.,0.,-1.));
#5943=DIRECTION('center_axis',(0.,2.25290693983926E-16,-1.));
#5944=DIRECTION('ref_axis',(0.,1.,2.25290693983926E-16));
#5945=DIRECTION('center_axis',(0.,-2.25290693983926E-16,1.));
#5946=DIRECTION('ref_axis',(0.,1.,2.25290693983926E-16));
#5947=DIRECTION('',(0.,-1.,-2.25290693983926E-16));
#5948=DIRECTION('',(-1.,0.,0.));
#5949=DIRECTION('',(0.,-1.,-2.25290693983926E-16));
#5950=DIRECTION('center_axis',(0.,-2.25290693983926E-16,1.));
#5951=DIRECTION('ref_axis',(0.,1.,2.25290693983926E-16));
#5952=DIRECTION('center_axis',(-1.,0.,0.));
#5953=DIRECTION('ref_axis',(0.,0.,1.));
#5954=DIRECTION('center_axis',(-1.,0.,0.));
#5955=DIRECTION('ref_axis',(0.,0.,1.));
#5956=DIRECTION('center_axis',(-1.,0.,0.));
#5957=DIRECTION('ref_axis',(0.,0.,1.));
#5958=DIRECTION('center_axis',(-1.,0.,0.));
#5959=DIRECTION('ref_axis',(0.,0.,1.));
#5960=DIRECTION('center_axis',(-1.,0.,0.));
#5961=DIRECTION('ref_axis',(0.,0.,1.));
#5962=DIRECTION('',(-1.,0.,0.));
#5963=DIRECTION('center_axis',(-1.,0.,0.));
#5964=DIRECTION('ref_axis',(0.,0.,1.));
#5965=DIRECTION('center_axis',(0.,-2.25290693983926E-16,-1.));
#5966=DIRECTION('ref_axis',(0.,1.,-2.25290693983926E-16));
#5967=DIRECTION('',(-1.,0.,0.));
#5968=DIRECTION('center_axis',(0.,2.25290693983926E-16,1.));
#5969=DIRECTION('ref_axis',(0.,1.,-2.25290693983926E-16));
#5970=DIRECTION('',(0.,-1.,2.25290693983926E-16));
#5971=DIRECTION('',(0.,-1.,2.25290693983926E-16));
#5972=DIRECTION('center_axis',(0.,2.25290693983926E-16,1.));
#5973=DIRECTION('ref_axis',(0.,1.,-2.25290693983926E-16));
#5974=DIRECTION('center_axis',(0.,1.,0.));
#5975=DIRECTION('ref_axis',(0.,0.,1.));
#5976=DIRECTION('',(-1.,0.,0.));
#5977=DIRECTION('',(0.,0.,1.));
#5978=DIRECTION('',(0.,0.,-1.));
#5979=DIRECTION('center_axis',(0.,2.25290693983926E-16,1.));
#5980=DIRECTION('ref_axis',(0.,-1.,2.25290693983926E-16));
#5981=DIRECTION('',(0.,1.,-2.25290693983926E-16));
#5982=DIRECTION('center_axis',(0.,-2.25290693983926E-16,-1.));
#5983=DIRECTION('ref_axis',(0.,-1.,2.25290693983926E-16));
#5984=DIRECTION('center_axis',(0.,-2.25290693983926E-16,-1.));
#5985=DIRECTION('ref_axis',(0.,-1.,2.25290693983926E-16));
#5986=DIRECTION('',(0.,1.,-2.25290693983926E-16));
#5987=DIRECTION('',(-1.,0.,0.));
#5988=DIRECTION('center_axis',(-1.,0.,0.));
#5989=DIRECTION('ref_axis',(0.,0.,1.));
#5990=DIRECTION('center_axis',(1.,0.,0.));
#5991=DIRECTION('ref_axis',(0.,0.,-1.));
#5992=DIRECTION('center_axis',(1.,0.,0.));
#5993=DIRECTION('ref_axis',(0.,0.,-1.));
#5994=DIRECTION('center_axis',(-1.,0.,0.));
#5995=DIRECTION('ref_axis',(0.,0.,1.));
#5996=DIRECTION('center_axis',(1.,0.,0.));
#5997=DIRECTION('ref_axis',(0.,0.,-1.));
#5998=DIRECTION('center_axis',(1.,0.,0.));
#5999=DIRECTION('ref_axis',(0.,0.,-1.));
#6000=DIRECTION('center_axis',(-1.,0.,0.));
#6001=DIRECTION('ref_axis',(0.,0.,1.));
#6002=DIRECTION('',(0.,0.,-1.));
#6003=DIRECTION('',(0.,0.,1.));
#6004=DIRECTION('center_axis',(-1.,0.,0.));
#6005=DIRECTION('ref_axis',(0.,0.,1.));
#6006=DIRECTION('',(0.,0.,1.));
#6007=DIRECTION('',(0.,0.,-1.));
#6008=DIRECTION('center_axis',(0.,0.,-1.));
#6009=DIRECTION('ref_axis',(-1.,0.,0.));
#6010=DIRECTION('center_axis',(0.,0.,1.));
#6011=DIRECTION('ref_axis',(1.,0.,0.));
#6012=DIRECTION('center_axis',(0.,0.,-1.));
#6013=DIRECTION('ref_axis',(-1.,0.,0.));
#6014=DIRECTION('center_axis',(0.,0.,1.));
#6015=DIRECTION('ref_axis',(1.,0.,0.));
#6016=DIRECTION('',(5.85226311855535E-14,-6.16297582203649E-32,-0.999999999999999));
#6017=DIRECTION('',(-1.,-4.93038065762661E-31,-5.85226311855535E-14));
#6018=DIRECTION('',(0.,0.,1.));
#6019=DIRECTION('',(1.,0.,0.));
#6020=DIRECTION('',(0.,0.,1.));
#6021=DIRECTION('',(1.,0.,0.));
#6022=DIRECTION('',(0.,0.,1.));
#6023=DIRECTION('',(1.,0.,0.));
#6024=DIRECTION('',(7.0807440720427E-16,1.89727965591538E-16,0.999999999999997));
#6025=DIRECTION('',(-0.500000000000001,0.866025403784436,-5.2030545319056E-16));
#6026=DIRECTION('',(4.39830237822698E-16,1.64146879425947E-15,0.999999999999998));
#6027=DIRECTION('',(-0.999999999999999,-1.99840144432529E-15,-1.16665392608919E-16));
#6028=DIRECTION('',(9.05314573266241E-16,-9.05314573266224E-16,0.999999999999989));
#6029=DIRECTION('',(0.500000000000002,0.866025403784441,-6.0624248282553E-16));
#6030=DIRECTION('',(-1.44402343731958E-15,-3.86924913881345E-16,0.999999999999995));
#6031=DIRECTION('',(-0.500000000000008,-0.866025403784438,-1.61045032250949E-15));
#6032=DIRECTION('',(7.38898077772222E-17,1.97987143227966E-17,1.));
#6033=DIRECTION('',(0.5,-0.866025403784439,1.23108489786735E-16));
#6034=DIRECTION('',(0.,0.,1.));
#6035=DIRECTION('',(0.5,0.866025403784439,0.));
#6036=DIRECTION('',(0.,0.,1.));
#6037=DIRECTION('',(-0.500000000000001,-0.866025403784438,0.));
#6038=DIRECTION('',(0.,0.,1.));
#6039=DIRECTION('',(-0.5,0.866025403784438,0.));
#6040=DIRECTION('',(0.,0.,1.));
#6041=DIRECTION('',(-1.,0.,0.));
#6042=DIRECTION('',(1.47211360499944E-16,-2.54977555837242E-16,1.));
#6043=DIRECTION('',(0.499999999999999,-0.866025403784439,-3.60822483003176E-16));
#6044=DIRECTION('',(-3.70775981492858E-15,1.26523336475123E-15,0.999999999999997));
#6045=DIRECTION('',(0.5,0.866025403784437,4.44089209850062E-16));
#6046=DIRECTION('',(-7.24913099854153E-16,8.74512321320673E-30,0.999999999999997));
#6047=DIRECTION('',(0.999999999999998,-8.40316442851129E-16,-5.16947595841115E-16));
#6048=DIRECTION('center_axis',(0.,0.,1.));
#6049=DIRECTION('ref_axis',(1.,0.,0.));
#6050=CARTESIAN_POINT('',(0.,0.,0.));
#6051=CARTESIAN_POINT('',(0.,0.,0.));
#6052=CARTESIAN_POINT('Origin',(-0.5625,0.625,-3.));
#6053=CARTESIAN_POINT('',(-0.7005,0.625,-3.));
#6054=CARTESIAN_POINT('Origin',(-0.5625,0.625,-3.));
#6055=CARTESIAN_POINT('',(-0.7005,0.625,0.));
#6056=CARTESIAN_POINT('',(-0.7005,0.625,-3.));
#6057=CARTESIAN_POINT('Origin',(-0.5625,0.625,0.));
#6058=CARTESIAN_POINT('Origin',(-0.5625,-0.625,-3.));
#6059=CARTESIAN_POINT('',(-0.7005,-0.625,-3.));
#6060=CARTESIAN_POINT('Origin',(-0.5625,-0.625,-3.));
#6061=CARTESIAN_POINT('',(-0.7005,-0.625,0.));
#6062=CARTESIAN_POINT('',(-0.7005,-0.625,-3.));
#6063=CARTESIAN_POINT('Origin',(-0.5625,-0.625,0.));
#6064=CARTESIAN_POINT('Origin',(0.5625,-0.625,-3.));
#6065=CARTESIAN_POINT('',(0.4245,-0.625,-3.));
#6066=CARTESIAN_POINT('Origin',(0.5625,-0.625,-3.));
#6067=CARTESIAN_POINT('',(0.4245,-0.625,0.));
#6068=CARTESIAN_POINT('',(0.4245,-0.625,-3.));
#6069=CARTESIAN_POINT('Origin',(0.5625,-0.625,0.));
#6070=CARTESIAN_POINT('Origin',(0.5625,0.625,-3.));
#6071=CARTESIAN_POINT('',(0.4245,0.625,-3.));
#6072=CARTESIAN_POINT('Origin',(0.5625,0.625,-3.));
#6073=CARTESIAN_POINT('',(0.4245,0.625,0.));
#6074=CARTESIAN_POINT('',(0.4245,0.625,-3.));
#6075=CARTESIAN_POINT('Origin',(0.5625,0.625,0.));
#6076=CARTESIAN_POINT('Origin',(0.,0.,5.165));
#6077=CARTESIAN_POINT('',(-2.27410527393102,1.17020960998181,5.165));
#6078=CARTESIAN_POINT('Origin',(-2.21229458044673,1.27726887154767,5.165));
#6079=CARTESIAN_POINT('Origin',(-2.21229458044673,1.27726887154767,5.165));
#6080=CARTESIAN_POINT('',(-2.27410527393102,1.17020960998181,5.5));
#6081=CARTESIAN_POINT('',(-2.27410527393102,1.17020960998181,5.165));
#6082=CARTESIAN_POINT('Origin',(-2.21229458044673,1.27726887154767,5.5));
#6083=CARTESIAN_POINT('Origin',(0.,0.,5.165));
#6084=CARTESIAN_POINT('',(-2.15048388696244,-1.38432813311353,5.165));
#6085=CARTESIAN_POINT('Origin',(-2.21229458044673,-1.27726887154767,5.165));
#6086=CARTESIAN_POINT('Origin',(-2.21229458044673,-1.27726887154767,5.165));
#6087=CARTESIAN_POINT('',(-2.15048388696244,-1.38432813311353,5.5));
#6088=CARTESIAN_POINT('',(-2.15048388696244,-1.38432813311353,5.165));
#6089=CARTESIAN_POINT('Origin',(-2.21229458044673,-1.27726887154767,5.5));
#6090=CARTESIAN_POINT('Origin',(0.,0.,5.165));
#6091=CARTESIAN_POINT('',(0.123621386968583,-2.55453774309534,5.165));
#6092=CARTESIAN_POINT('Origin',(3.12840647038281E-16,-2.55453774309534,
5.165));
#6093=CARTESIAN_POINT('Origin',(3.12840647038281E-16,-2.55453774309534,
5.165));
#6094=CARTESIAN_POINT('',(0.123621386968583,-2.55453774309534,5.5));
#6095=CARTESIAN_POINT('',(0.123621386968583,-2.55453774309534,5.165));
#6096=CARTESIAN_POINT('Origin',(3.12840647038281E-16,-2.55453774309534,
5.5));
#6097=CARTESIAN_POINT('Origin',(0.,0.,5.165));
#6098=CARTESIAN_POINT('',(2.27410527393102,-1.17020960998181,5.165));
#6099=CARTESIAN_POINT('Origin',(2.21229458044673,-1.27726887154767,5.165));
#6100=CARTESIAN_POINT('Origin',(2.21229458044673,-1.27726887154767,5.165));
#6101=CARTESIAN_POINT('',(2.27410527393102,-1.17020960998181,5.5));
#6102=CARTESIAN_POINT('',(2.27410527393102,-1.17020960998181,5.165));
#6103=CARTESIAN_POINT('Origin',(2.21229458044673,-1.27726887154767,5.5));
#6104=CARTESIAN_POINT('Origin',(0.,0.,5.165));
#6105=CARTESIAN_POINT('',(2.15048388696244,1.38432813311353,5.165));
#6106=CARTESIAN_POINT('Origin',(2.21229458044673,1.27726887154767,5.165));
#6107=CARTESIAN_POINT('Origin',(2.21229458044673,1.27726887154767,5.165));
#6108=CARTESIAN_POINT('',(2.15048388696244,1.38432813311353,5.5));
#6109=CARTESIAN_POINT('',(2.15048388696244,1.38432813311353,5.165));
#6110=CARTESIAN_POINT('Origin',(2.21229458044673,1.27726887154767,5.5));
#6111=CARTESIAN_POINT('Origin',(-2.09722195215486,1.210831658627,-1.496));
#6112=CARTESIAN_POINT('',(-2.04122195215486,1.30782650385086,-2.));
#6113=CARTESIAN_POINT('Origin',(-2.09722195215486,1.210831658627,-2.));
#6114=CARTESIAN_POINT('Origin',(-2.09722195215486,1.210831658627,-2.));
#6115=CARTESIAN_POINT('',(-2.43193302763559,1.53340364845503,-2.));
#6116=CARTESIAN_POINT('',(-2.04122195215486,1.30782650385086,-2.));
#6117=CARTESIAN_POINT('',(-2.54393302763559,1.33941395800731,-2.));
#6118=CARTESIAN_POINT('Ctrl Pts',(-2.54393302763559,1.33941395800731,-2.));
#6119=CARTESIAN_POINT('Ctrl Pts',(-2.54393302763559,1.33941395800731,-2.0140644968176));
#6120=CARTESIAN_POINT('Ctrl Pts',(-2.5426261327653,1.34190538234538,-2.02906548749412));
#6121=CARTESIAN_POINT('Ctrl Pts',(-2.5372674130464,1.35201027394763,-2.05665955181751));
#6122=CARTESIAN_POINT('Ctrl Pts',(-2.53321050334185,1.35962071488079,-2.06925274591319));
#6123=CARTESIAN_POINT('Ctrl Pts',(-2.52374187884447,1.37711686923284,-2.08913917229928));
#6124=CARTESIAN_POINT('Ctrl Pts',(-2.51769793323288,1.38816876402941,-2.09775846288775));
#6125=CARTESIAN_POINT('Ctrl Pts',(-2.50425721579787,1.41227164439272,-2.10918891612934));
#6126=CARTESIAN_POINT('Ctrl Pts',(-2.49685528374215,1.4253197894118,-2.112));
#6127=CARTESIAN_POINT('Ctrl Pts',(-2.48279078801838,1.4496802105882,-2.112));
#6128=CARTESIAN_POINT('Ctrl Pts',(-2.47519172898745,1.46261454429509,-2.10918891612934));
#6129=CARTESIAN_POINT('Ctrl Pts',(-2.46103838100595,1.48630598722055,-2.09775846288775));
#6130=CARTESIAN_POINT('Ctrl Pts',(-2.45448913215796,1.49706614505756,-2.08913917229928));
#6131=CARTESIAN_POINT('Ctrl Pts',(-2.44407133026925,1.51401429158721,-2.06925274591319));
#6132=CARTESIAN_POINT('Ctrl Pts',(-2.4395089499394,1.52133289891879,-2.05665955181751));
#6133=CARTESIAN_POINT('Ctrl Pts',(-2.43343721696882,1.53102613212825,-2.02906548749412));
#6134=CARTESIAN_POINT('Ctrl Pts',(-2.43193302763559,1.53340364845503,-2.01406449681761));
#6135=CARTESIAN_POINT('Ctrl Pts',(-2.43193302763559,1.53340364845503,-2.));
#6136=CARTESIAN_POINT('Ctrl Pts',(-2.43193302763559,1.53340364845503,-2.));
#6137=CARTESIAN_POINT('Ctrl Pts',(-2.43193302763559,1.53340364845503,-1.98593550318239));
#6138=CARTESIAN_POINT('Ctrl Pts',(-2.43343721696882,1.53102613212825,-1.97093451250588));
#6139=CARTESIAN_POINT('Ctrl Pts',(-2.4395089499394,1.52133289891879,-1.94334044818249));
#6140=CARTESIAN_POINT('Ctrl Pts',(-2.44407133026925,1.51401429158721,-1.93074725408681));
#6141=CARTESIAN_POINT('Ctrl Pts',(-2.45448913215796,1.49706614505756,-1.91086082770071));
#6142=CARTESIAN_POINT('Ctrl Pts',(-2.46103838100595,1.48630598722055,-1.90224153711225));
#6143=CARTESIAN_POINT('Ctrl Pts',(-2.47519172898746,1.46261454429509,-1.89081108387066));
#6144=CARTESIAN_POINT('Ctrl Pts',(-2.48279078801838,1.4496802105882,-1.888));
#6145=CARTESIAN_POINT('Ctrl Pts',(-2.49685528374215,1.4253197894118,-1.888));
#6146=CARTESIAN_POINT('Ctrl Pts',(-2.50425721579787,1.41227164439272,-1.89081108387066));
#6147=CARTESIAN_POINT('Ctrl Pts',(-2.51769793323288,1.38816876402941,-1.90224153711225));
#6148=CARTESIAN_POINT('Ctrl Pts',(-2.52374187884447,1.37711686923284,-1.91086082770071));
#6149=CARTESIAN_POINT('Ctrl Pts',(-2.53321050334185,1.35962071488079,-1.93074725408681));
#6150=CARTESIAN_POINT('Ctrl Pts',(-2.5372674130464,1.35201027394763,-1.94334044818249));
#6151=CARTESIAN_POINT('Ctrl Pts',(-2.5426261327653,1.34190538234538,-1.97093451250588));
#6152=CARTESIAN_POINT('Ctrl Pts',(-2.54393302763559,1.33941395800731,-1.98593550318239));
#6153=CARTESIAN_POINT('Ctrl Pts',(-2.54393302763559,1.33941395800731,-2.));
#6154=CARTESIAN_POINT('Origin',(-2.09722195215486,1.210831658627,-1.496));
#6155=CARTESIAN_POINT('',(-2.03722195215486,1.31475470708113,-1.));
#6156=CARTESIAN_POINT('Origin',(-2.09722195215486,1.210831658627,-1.));
#6157=CARTESIAN_POINT('Origin',(-2.09722195215486,1.210831658627,-1.));
#6158=CARTESIAN_POINT('',(-2.42765326161023,1.54017032869525,-0.999999999999999));
#6159=CARTESIAN_POINT('',(-2.03722195215486,1.31475470708113,-1.));
#6160=CARTESIAN_POINT('',(-2.54765326161023,1.33232423178698,-1.));
#6161=CARTESIAN_POINT('Ctrl Pts',(-2.54765326161023,1.33232423178698,-0.999999999999998));
#6162=CARTESIAN_POINT('Ctrl Pts',(-2.54765326161023,1.33232423178698,-1.01506934607181));
#6163=CARTESIAN_POINT('Ctrl Pts',(-2.54626053619638,1.3349980654733,-1.03114194043026));
#6164=CARTESIAN_POINT('Ctrl Pts',(-2.54054634047519,1.34584057186519,-1.0607069426339));
#6165=CARTESIAN_POINT('Ctrl Pts',(-2.53621903334127,1.35400576327679,-1.07419949868237));
#6166=CARTESIAN_POINT('Ctrl Pts',(-2.52611055133213,1.37277240447732,-1.09550612771031));
#6167=CARTESIAN_POINT('Ctrl Pts',(-2.51965431399074,1.38462475643127,-1.10474104525975));
#6168=CARTESIAN_POINT('Ctrl Pts',(-2.50528085610365,1.41046496240575,-1.11698802985416));
#6169=CARTESIAN_POINT('Ctrl Pts',(-2.49735770814378,1.42444956482121,-1.12));
#6170=CARTESIAN_POINT('Ctrl Pts',(-2.48228836361675,1.45055043517879,-1.12));
#6171=CARTESIAN_POINT('Ctrl Pts',(-2.47413891664307,1.46440438379771,-1.11698802985416));
#6172=CARTESIAN_POINT('Ctrl Pts',(-2.45894737077369,1.4897722664554,-1.10474104525975));
#6173=CARTESIAN_POINT('Ctrl Pts',(-2.45191105155767,1.50128970798288,-1.09550612771031));
#6174=CARTESIAN_POINT('Ctrl Pts',(-2.44071290453887,1.51942723079676,-1.07419949868237));
#6175=CARTESIAN_POINT('Ctrl Pts',(-2.43580529491662,1.52725738441051,-1.0607069426339));
#6176=CARTESIAN_POINT('Ctrl Pts',(-2.42927250680115,1.5376272762632,-1.03114194043026));
#6177=CARTESIAN_POINT('Ctrl Pts',(-2.42765326161023,1.54017032869525,-1.01506934607181));
#6178=CARTESIAN_POINT('Ctrl Pts',(-2.42765326161023,1.54017032869525,-0.999999999999998));
#6179=CARTESIAN_POINT('Ctrl Pts',(-2.42765326161023,1.54017032869525,-0.999999999999998));
#6180=CARTESIAN_POINT('Ctrl Pts',(-2.42765326161023,1.54017032869525,-0.984930653928188));
#6181=CARTESIAN_POINT('Ctrl Pts',(-2.42927250680115,1.5376272762632,-0.96885805956974));
#6182=CARTESIAN_POINT('Ctrl Pts',(-2.43580529491662,1.52725738441051,-0.939293057366098));
#6183=CARTESIAN_POINT('Ctrl Pts',(-2.44071290453887,1.51942723079676,-0.925800501317625));
#6184=CARTESIAN_POINT('Ctrl Pts',(-2.45191105155767,1.50128970798288,-0.904493872289688));
#6185=CARTESIAN_POINT('Ctrl Pts',(-2.45894737077369,1.4897722664554,-0.895258954740246));
#6186=CARTESIAN_POINT('Ctrl Pts',(-2.47413891664307,1.46440438379771,-0.883011970145842));
#6187=CARTESIAN_POINT('Ctrl Pts',(-2.48228836361675,1.45055043517879,-0.88));
#6188=CARTESIAN_POINT('Ctrl Pts',(-2.49735770814378,1.42444956482121,-0.88));
#6189=CARTESIAN_POINT('Ctrl Pts',(-2.50528085610365,1.41046496240575,-0.883011970145841));
#6190=CARTESIAN_POINT('Ctrl Pts',(-2.51965431399074,1.38462475643127,-0.895258954740246));
#6191=CARTESIAN_POINT('Ctrl Pts',(-2.52611055133213,1.37277240447732,-0.904493872289689));
#6192=CARTESIAN_POINT('Ctrl Pts',(-2.53621903334127,1.35400576327679,-0.925800501317625));
#6193=CARTESIAN_POINT('Ctrl Pts',(-2.54054634047519,1.34584057186519,-0.939293057366098));
#6194=CARTESIAN_POINT('Ctrl Pts',(-2.54626053619638,1.3349980654733,-0.96885805956974));
#6195=CARTESIAN_POINT('Ctrl Pts',(-2.54765326161023,1.33232423178698,-0.984930653928188));
#6196=CARTESIAN_POINT('Ctrl Pts',(-2.54765326161023,1.33232423178698,-0.999999999999998));
#6197=CARTESIAN_POINT('Origin',(-2.09722195215486,-1.210831658627,-1.496));
#6198=CARTESIAN_POINT('',(-2.15322195215486,-1.11383681340315,-2.));
#6199=CARTESIAN_POINT('Origin',(-2.09722195215486,-1.210831658627,-2.));
#6200=CARTESIAN_POINT('Origin',(-2.09722195215486,-1.210831658627,-2.));
#6201=CARTESIAN_POINT('',(-2.54393302763559,-1.33941395800732,-2.));
#6202=CARTESIAN_POINT('',(-2.15322195215486,-1.11383681340315,-2.));
#6203=CARTESIAN_POINT('',(-2.43193302763559,-1.53340364845503,-2.));
#6204=CARTESIAN_POINT('Ctrl Pts',(-2.43193302763559,-1.53340364845503,-2.));
#6205=CARTESIAN_POINT('Ctrl Pts',(-2.43193302763559,-1.53340364845503,-2.01406449681761));
#6206=CARTESIAN_POINT('Ctrl Pts',(-2.43343721696882,-1.53102613212825,-2.02906548749412));
#6207=CARTESIAN_POINT('Ctrl Pts',(-2.4395089499394,-1.5213328989188,-2.05665955181751));
#6208=CARTESIAN_POINT('Ctrl Pts',(-2.44407133026925,-1.51401429158721,-2.06925274591319));
#6209=CARTESIAN_POINT('Ctrl Pts',(-2.45448913215796,-1.49706614505756,-2.08913917229928));
#6210=CARTESIAN_POINT('Ctrl Pts',(-2.46103838100595,-1.48630598722055,-2.09775846288775));
#6211=CARTESIAN_POINT('Ctrl Pts',(-2.47519172898745,-1.46261454429509,-2.10918891612934));
#6212=CARTESIAN_POINT('Ctrl Pts',(-2.48279078801837,-1.4496802105882,-2.112));
#6213=CARTESIAN_POINT('Ctrl Pts',(-2.49685528374214,-1.4253197894118,-2.112));
#6214=CARTESIAN_POINT('Ctrl Pts',(-2.50425721579787,-1.41227164439272,-2.10918891612934));
#6215=CARTESIAN_POINT('Ctrl Pts',(-2.51769793323288,-1.38816876402941,-2.09775846288775));
#6216=CARTESIAN_POINT('Ctrl Pts',(-2.52374187884446,-1.37711686923284,-2.08913917229928));
#6217=CARTESIAN_POINT('Ctrl Pts',(-2.53321050334185,-1.3596207148808,-2.06925274591319));
#6218=CARTESIAN_POINT('Ctrl Pts',(-2.5372674130464,-1.35201027394763,-2.05665955181751));
#6219=CARTESIAN_POINT('Ctrl Pts',(-2.5426261327653,-1.34190538234538,-2.02906548749412));
#6220=CARTESIAN_POINT('Ctrl Pts',(-2.54393302763559,-1.33941395800732,-2.01406449681761));
#6221=CARTESIAN_POINT('Ctrl Pts',(-2.54393302763559,-1.33941395800732,-2.));
#6222=CARTESIAN_POINT('Ctrl Pts',(-2.54393302763559,-1.33941395800732,-2.));
#6223=CARTESIAN_POINT('Ctrl Pts',(-2.54393302763559,-1.33941395800732,-1.98593550318239));
#6224=CARTESIAN_POINT('Ctrl Pts',(-2.5426261327653,-1.34190538234538,-1.97093451250588));
#6225=CARTESIAN_POINT('Ctrl Pts',(-2.5372674130464,-1.35201027394763,-1.94334044818249));
#6226=CARTESIAN_POINT('Ctrl Pts',(-2.53321050334185,-1.3596207148808,-1.93074725408681));
#6227=CARTESIAN_POINT('Ctrl Pts',(-2.52374187884446,-1.37711686923284,-1.91086082770071));
#6228=CARTESIAN_POINT('Ctrl Pts',(-2.51769793323288,-1.38816876402941,-1.90224153711225));
#6229=CARTESIAN_POINT('Ctrl Pts',(-2.50425721579787,-1.41227164439272,-1.89081108387066));
#6230=CARTESIAN_POINT('Ctrl Pts',(-2.49685528374214,-1.4253197894118,-1.888));
#6231=CARTESIAN_POINT('Ctrl Pts',(-2.48279078801837,-1.4496802105882,-1.888));
#6232=CARTESIAN_POINT('Ctrl Pts',(-2.47519172898745,-1.46261454429509,-1.89081108387066));
#6233=CARTESIAN_POINT('Ctrl Pts',(-2.46103838100595,-1.48630598722055,-1.90224153711225));
#6234=CARTESIAN_POINT('Ctrl Pts',(-2.45448913215796,-1.49706614505756,-1.91086082770071));
#6235=CARTESIAN_POINT('Ctrl Pts',(-2.44407133026925,-1.51401429158721,-1.93074725408681));
#6236=CARTESIAN_POINT('Ctrl Pts',(-2.4395089499394,-1.52133289891879,-1.94334044818249));
#6237=CARTESIAN_POINT('Ctrl Pts',(-2.43343721696882,-1.53102613212825,-1.97093451250588));
#6238=CARTESIAN_POINT('Ctrl Pts',(-2.43193302763559,-1.53340364845503,-1.98593550318239));
#6239=CARTESIAN_POINT('Ctrl Pts',(-2.43193302763559,-1.53340364845503,-2.));
#6240=CARTESIAN_POINT('Origin',(-2.09722195215486,-1.210831658627,-1.496));
#6241=CARTESIAN_POINT('',(-2.15722195215486,-1.10690861017287,-1.));
#6242=CARTESIAN_POINT('Origin',(-2.09722195215486,-1.210831658627,-1.));
#6243=CARTESIAN_POINT('Origin',(-2.09722195215486,-1.210831658627,-1.));
#6244=CARTESIAN_POINT('',(-2.54765326161022,-1.33232423178699,-1.));
#6245=CARTESIAN_POINT('',(-2.15722195215486,-1.10690861017287,-1.));
#6246=CARTESIAN_POINT('',(-2.42765326161022,-1.54017032869525,-1.));
#6247=CARTESIAN_POINT('Ctrl Pts',(-2.42765326161022,-1.54017032869525,-1.));
#6248=CARTESIAN_POINT('Ctrl Pts',(-2.42765326161022,-1.54017032869525,-1.01506934607181));
#6249=CARTESIAN_POINT('Ctrl Pts',(-2.42927250680115,-1.5376272762632,-1.03114194043026));
#6250=CARTESIAN_POINT('Ctrl Pts',(-2.43580529491662,-1.52725738441051,-1.0607069426339));
#6251=CARTESIAN_POINT('Ctrl Pts',(-2.44071290453887,-1.51942723079676,-1.07419949868237));
#6252=CARTESIAN_POINT('Ctrl Pts',(-2.45191105155767,-1.50128970798288,-1.09550612771031));
#6253=CARTESIAN_POINT('Ctrl Pts',(-2.45894737077369,-1.48977226645541,-1.10474104525975));
#6254=CARTESIAN_POINT('Ctrl Pts',(-2.47413891664307,-1.46440438379771,-1.11698802985416));
#6255=CARTESIAN_POINT('Ctrl Pts',(-2.48228836361674,-1.45055043517879,-1.12));
#6256=CARTESIAN_POINT('Ctrl Pts',(-2.49735770814377,-1.42444956482121,-1.12));
#6257=CARTESIAN_POINT('Ctrl Pts',(-2.50528085610365,-1.41046496240576,-1.11698802985416));
#6258=CARTESIAN_POINT('Ctrl Pts',(-2.51965431399074,-1.38462475643127,-1.10474104525975));
#6259=CARTESIAN_POINT('Ctrl Pts',(-2.52611055133213,-1.37277240447732,-1.09550612771031));
#6260=CARTESIAN_POINT('Ctrl Pts',(-2.53621903334126,-1.35400576327679,-1.07419949868237));
#6261=CARTESIAN_POINT('Ctrl Pts',(-2.54054634047518,-1.34584057186519,-1.0607069426339));
#6262=CARTESIAN_POINT('Ctrl Pts',(-2.54626053619638,-1.3349980654733,-1.03114194043026));
#6263=CARTESIAN_POINT('Ctrl Pts',(-2.54765326161022,-1.33232423178699,-1.01506934607181));
#6264=CARTESIAN_POINT('Ctrl Pts',(-2.54765326161022,-1.33232423178699,-1.));
#6265=CARTESIAN_POINT('Ctrl Pts',(-2.54765326161022,-1.33232423178699,-1.));
#6266=CARTESIAN_POINT('Ctrl Pts',(-2.54765326161022,-1.33232423178699,-0.984930653928189));
#6267=CARTESIAN_POINT('Ctrl Pts',(-2.54626053619638,-1.3349980654733,-0.968858059569742));
#6268=CARTESIAN_POINT('Ctrl Pts',(-2.54054634047518,-1.34584057186519,-0.939293057366099));
#6269=CARTESIAN_POINT('Ctrl Pts',(-2.53621903334126,-1.35400576327679,-0.925800501317626));
#6270=CARTESIAN_POINT('Ctrl Pts',(-2.52611055133213,-1.37277240447732,-0.904493872289688));
#6271=CARTESIAN_POINT('Ctrl Pts',(-2.51965431399074,-1.38462475643127,-0.895258954740246));
#6272=CARTESIAN_POINT('Ctrl Pts',(-2.50528085610365,-1.41046496240576,-0.883011970145841));
#6273=CARTESIAN_POINT('Ctrl Pts',(-2.49735770814377,-1.42444956482121,-0.88));
#6274=CARTESIAN_POINT('Ctrl Pts',(-2.48228836361674,-1.45055043517879,-0.88));
#6275=CARTESIAN_POINT('Ctrl Pts',(-2.47413891664307,-1.46440438379771,-0.883011970145842));
#6276=CARTESIAN_POINT('Ctrl Pts',(-2.45894737077369,-1.48977226645541,-0.895258954740246));
#6277=CARTESIAN_POINT('Ctrl Pts',(-2.45191105155767,-1.50128970798288,-0.904493872289688));
#6278=CARTESIAN_POINT('Ctrl Pts',(-2.44071290453887,-1.51942723079676,-0.925800501317626));
#6279=CARTESIAN_POINT('Ctrl Pts',(-2.43580529491662,-1.52725738441051,-0.939293057366099));
#6280=CARTESIAN_POINT('Ctrl Pts',(-2.42927250680115,-1.5376272762632,-0.968858059569742));
#6281=CARTESIAN_POINT('Ctrl Pts',(-2.42765326161022,-1.54017032869525,-0.984930653928189));
#6282=CARTESIAN_POINT('Ctrl Pts',(-2.42765326161022,-1.54017032869525,-1.));
#6283=CARTESIAN_POINT('Origin',(7.71700182040795E-16,-2.421663317254,-1.496));
#6284=CARTESIAN_POINT('',(-0.111999999999999,-2.421663317254,-2.));
#6285=CARTESIAN_POINT('Origin',(7.63663568321787E-16,-2.421663317254,-2.));
#6286=CARTESIAN_POINT('Origin',(7.63663568321787E-16,-2.421663317254,-2.));
#6287=CARTESIAN_POINT('',(-0.111999999999999,-2.87281760646234,-2.));
#6288=CARTESIAN_POINT('',(-0.111999999999999,-2.421663317254,-2.));
#6289=CARTESIAN_POINT('',(0.112,-2.87281760646234,-2.));
#6290=CARTESIAN_POINT('Ctrl Pts',(0.112000000000001,-2.87281760646234,-2.));
#6291=CARTESIAN_POINT('Ctrl Pts',(0.112000000000001,-2.87281760646234,-2.01406449681761));
#6292=CARTESIAN_POINT('Ctrl Pts',(0.109188915796483,-2.87293151447363,-2.02906548749412));
#6293=CARTESIAN_POINT('Ctrl Pts',(0.0977584631069966,-2.87334317286642,
-2.05665955181751));
#6294=CARTESIAN_POINT('Ctrl Pts',(0.0891391730725993,-2.87363500646801,
-2.06925274591319));
#6295=CARTESIAN_POINT('Ctrl Pts',(0.0692527466865019,-2.8741830142904,-2.08913917229928));
#6296=CARTESIAN_POINT('Ctrl Pts',(0.0566595522269298,-2.87447475124996,
-2.09775846288775));
#6297=CARTESIAN_POINT('Ctrl Pts',(0.029065486810418,-2.87488618868781,-2.10918891612934));
#6298=CARTESIAN_POINT('Ctrl Pts',(0.0140644957237704,-2.875,-2.112));
#6299=CARTESIAN_POINT('Ctrl Pts',(-0.0140644957237687,-2.875,-2.112));
#6300=CARTESIAN_POINT('Ctrl Pts',(-0.0290654868104161,-2.87488618868781,
-2.10918891612934));
#6301=CARTESIAN_POINT('Ctrl Pts',(-0.056659552226928,-2.87447475124996,
-2.09775846288775));
#6302=CARTESIAN_POINT('Ctrl Pts',(-0.0692527466865001,-2.8741830142904,
-2.08913917229928));
#6303=CARTESIAN_POINT('Ctrl Pts',(-0.0891391730725976,-2.87363500646801,
-2.06925274591319));
#6304=CARTESIAN_POINT('Ctrl Pts',(-0.0977584631069946,-2.87334317286642,
-2.05665955181751));
#6305=CARTESIAN_POINT('Ctrl Pts',(-0.109188915796482,-2.87293151447363,
-2.02906548749412));
#6306=CARTESIAN_POINT('Ctrl Pts',(-0.111999999999999,-2.87281760646234,
-2.01406449681761));
#6307=CARTESIAN_POINT('Ctrl Pts',(-0.111999999999999,-2.87281760646234,
-2.));
#6308=CARTESIAN_POINT('Ctrl Pts',(-0.111999999999999,-2.87281760646234,
-2.));
#6309=CARTESIAN_POINT('Ctrl Pts',(-0.111999999999999,-2.87281760646234,
-1.98593550318239));
#6310=CARTESIAN_POINT('Ctrl Pts',(-0.109188915796481,-2.87293151447363,
-1.97093451250588));
#6311=CARTESIAN_POINT('Ctrl Pts',(-0.097758463106994,-2.87334317286642,
-1.94334044818249));
#6312=CARTESIAN_POINT('Ctrl Pts',(-0.0891391730725971,-2.87363500646801,
-1.93074725408681));
#6313=CARTESIAN_POINT('Ctrl Pts',(-0.0692527466864995,-2.8741830142904,
-1.91086082770071));
#6314=CARTESIAN_POINT('Ctrl Pts',(-0.0566595522269267,-2.87447475124996,
-1.90224153711225));
#6315=CARTESIAN_POINT('Ctrl Pts',(-0.0290654868104151,-2.87488618868781,
-1.89081108387066));
#6316=CARTESIAN_POINT('Ctrl Pts',(-0.0140644957237684,-2.875,-1.888));
#6317=CARTESIAN_POINT('Ctrl Pts',(0.0140644957237703,-2.875,-1.888));
#6318=CARTESIAN_POINT('Ctrl Pts',(0.0290654868104172,-2.87488618868781,
-1.89081108387066));
#6319=CARTESIAN_POINT('Ctrl Pts',(0.0566595522269288,-2.87447475124996,
-1.90224153711225));
#6320=CARTESIAN_POINT('Ctrl Pts',(0.0692527466865014,-2.8741830142904,-1.91086082770071));
#6321=CARTESIAN_POINT('Ctrl Pts',(0.089139173072599,-2.87363500646801,-1.93074725408681));
#6322=CARTESIAN_POINT('Ctrl Pts',(0.0977584631069958,-2.87334317286642,
-1.94334044818249));
#6323=CARTESIAN_POINT('Ctrl Pts',(0.109188915796483,-2.87293151447363,-1.97093451250588));
#6324=CARTESIAN_POINT('Ctrl Pts',(0.112000000000001,-2.87281760646234,-1.98593550318239));
#6325=CARTESIAN_POINT('Ctrl Pts',(0.112000000000001,-2.87281760646234,-2.));
#6326=CARTESIAN_POINT('Origin',(7.71700182040795E-16,-2.421663317254,-1.496));
#6327=CARTESIAN_POINT('',(-0.119999999999999,-2.421663317254,-1.));
#6328=CARTESIAN_POINT('Origin',(7.63663568321787E-16,-2.421663317254,-1.));
#6329=CARTESIAN_POINT('Origin',(7.63663568321787E-16,-2.421663317254,-1.));
#6330=CARTESIAN_POINT('',(-0.119999999999999,-2.87249456048223,-1.));
#6331=CARTESIAN_POINT('',(-0.119999999999999,-2.421663317254,-1.));
#6332=CARTESIAN_POINT('',(0.12,-2.87249456048223,-1.));
#6333=CARTESIAN_POINT('Ctrl Pts',(0.120000000000001,-2.87249456048223,-0.999999999999999));
#6334=CARTESIAN_POINT('Ctrl Pts',(0.120000000000001,-2.87249456048223,-1.01506934607181));
#6335=CARTESIAN_POINT('Ctrl Pts',(0.116988029395232,-2.8726253417365,-1.03114194043026));
#6336=CARTESIAN_POINT('Ctrl Pts',(0.104741045558567,-2.87309795627569,-1.0607069426339));
#6337=CARTESIAN_POINT('Ctrl Pts',(0.0955061288023984,-2.87343299407354,
-1.07419949868237));
#6338=CARTESIAN_POINT('Ctrl Pts',(0.0741994997744613,-2.8740621124602,-1.09550612771031));
#6339=CARTESIAN_POINT('Ctrl Pts',(0.0607069432170533,-2.87439702288667,
-1.10474104525975));
#6340=CARTESIAN_POINT('Ctrl Pts',(0.0311419394605791,-2.87486934620346,
-1.11698802985416));
#6341=CARTESIAN_POINT('Ctrl Pts',(0.0150693445270317,-2.875,-1.12));
#6342=CARTESIAN_POINT('Ctrl Pts',(-0.0150693445270299,-2.875,-1.12));
#6343=CARTESIAN_POINT('Ctrl Pts',(-0.0311419394605776,-2.87486934620346,
-1.11698802985416));
#6344=CARTESIAN_POINT('Ctrl Pts',(-0.0607069432170518,-2.87439702288667,
-1.10474104525975));
#6345=CARTESIAN_POINT('Ctrl Pts',(-0.0741994997744596,-2.8740621124602,
-1.09550612771031));
#6346=CARTESIAN_POINT('Ctrl Pts',(-0.0955061288023966,-2.87343299407354,
-1.07419949868237));
#6347=CARTESIAN_POINT('Ctrl Pts',(-0.104741045558565,-2.87309795627569,
-1.0607069426339));
#6348=CARTESIAN_POINT('Ctrl Pts',(-0.116988029395231,-2.8726253417365,-1.03114194043026));
#6349=CARTESIAN_POINT('Ctrl Pts',(-0.119999999999999,-2.87249456048223,
-1.01506934607181));
#6350=CARTESIAN_POINT('Ctrl Pts',(-0.119999999999999,-2.87249456048223,
-0.999999999999999));
#6351=CARTESIAN_POINT('Ctrl Pts',(-0.119999999999999,-2.87249456048223,
-1.));
#6352=CARTESIAN_POINT('Ctrl Pts',(-0.119999999999999,-2.87249456048223,
-0.984930653928189));
#6353=CARTESIAN_POINT('Ctrl Pts',(-0.11698802939523,-2.8726253417365,-0.968858059569742));
#6354=CARTESIAN_POINT('Ctrl Pts',(-0.104741045558564,-2.87309795627569,
-0.939293057366099));
#6355=CARTESIAN_POINT('Ctrl Pts',(-0.0955061288023964,-2.87343299407354,
-0.925800501317626));
#6356=CARTESIAN_POINT('Ctrl Pts',(-0.0741994997744593,-2.8740621124602,
-0.904493872289688));
#6357=CARTESIAN_POINT('Ctrl Pts',(-0.0607069432170513,-2.87439702288667,
-0.895258954740246));
#6358=CARTESIAN_POINT('Ctrl Pts',(-0.0311419394605771,-2.87486934620346,
-0.883011970145842));
#6359=CARTESIAN_POINT('Ctrl Pts',(-0.0150693445270298,-2.875,-0.88));
#6360=CARTESIAN_POINT('Ctrl Pts',(0.0150693445270317,-2.875,-0.88));
#6361=CARTESIAN_POINT('Ctrl Pts',(0.031141939460579,-2.87486934620346,-0.883011970145842));
#6362=CARTESIAN_POINT('Ctrl Pts',(0.0607069432170531,-2.87439702288667,
-0.895258954740246));
#6363=CARTESIAN_POINT('Ctrl Pts',(0.074199499774461,-2.8740621124602,-0.904493872289688));
#6364=CARTESIAN_POINT('Ctrl Pts',(0.0955061288023982,-2.87343299407354,
-0.925800501317626));
#6365=CARTESIAN_POINT('Ctrl Pts',(0.104741045558566,-2.87309795627569,-0.939293057366099));
#6366=CARTESIAN_POINT('Ctrl Pts',(0.116988029395232,-2.8726253417365,-0.968858059569742));
#6367=CARTESIAN_POINT('Ctrl Pts',(0.120000000000001,-2.87249456048223,-0.984930653928189));
#6368=CARTESIAN_POINT('Ctrl Pts',(0.120000000000001,-2.87249456048223,-0.999999999999999));
#6369=CARTESIAN_POINT('Origin',(2.09722195215486,-1.210831658627,-1.496));
#6370=CARTESIAN_POINT('',(2.04122195215486,-1.30782650385086,-2.));
#6371=CARTESIAN_POINT('Origin',(2.09722195215486,-1.210831658627,-2.));
#6372=CARTESIAN_POINT('Origin',(2.09722195215486,-1.210831658627,-2.));
#6373=CARTESIAN_POINT('',(2.43193302763559,-1.53340364845503,-2.));
#6374=CARTESIAN_POINT('',(2.04122195215486,-1.30782650385086,-2.));
#6375=CARTESIAN_POINT('',(2.54393302763559,-1.33941395800731,-2.));
#6376=CARTESIAN_POINT('Ctrl Pts',(2.54393302763559,-1.33941395800731,-2.));
#6377=CARTESIAN_POINT('Ctrl Pts',(2.54393302763559,-1.33941395800731,-2.01406449681761));
#6378=CARTESIAN_POINT('Ctrl Pts',(2.5426261327653,-1.34190538234538,-2.02906548749412));
#6379=CARTESIAN_POINT('Ctrl Pts',(2.5372674130464,-1.35201027394763,-2.05665955181751));
#6380=CARTESIAN_POINT('Ctrl Pts',(2.53321050334185,-1.35962071488079,-2.06925274591319));
#6381=CARTESIAN_POINT('Ctrl Pts',(2.52374187884447,-1.37711686923284,-2.08913917229928));
#6382=CARTESIAN_POINT('Ctrl Pts',(2.51769793323288,-1.38816876402941,-2.09775846288775));
#6383=CARTESIAN_POINT('Ctrl Pts',(2.50425721579787,-1.41227164439272,-2.10918891612934));
#6384=CARTESIAN_POINT('Ctrl Pts',(2.49685528374215,-1.4253197894118,-2.112));
#6385=CARTESIAN_POINT('Ctrl Pts',(2.48279078801838,-1.4496802105882,-2.112));
#6386=CARTESIAN_POINT('Ctrl Pts',(2.47519172898745,-1.46261454429509,-2.10918891612934));
#6387=CARTESIAN_POINT('Ctrl Pts',(2.46103838100595,-1.48630598722055,-2.09775846288775));
#6388=CARTESIAN_POINT('Ctrl Pts',(2.45448913215796,-1.49706614505756,-2.08913917229928));
#6389=CARTESIAN_POINT('Ctrl Pts',(2.44407133026925,-1.51401429158721,-2.06925274591319));
#6390=CARTESIAN_POINT('Ctrl Pts',(2.4395089499394,-1.52133289891879,-2.05665955181751));
#6391=CARTESIAN_POINT('Ctrl Pts',(2.43343721696882,-1.53102613212825,-2.02906548749412));
#6392=CARTESIAN_POINT('Ctrl Pts',(2.43193302763559,-1.53340364845503,-2.01406449681761));
#6393=CARTESIAN_POINT('Ctrl Pts',(2.43193302763559,-1.53340364845503,-2.));
#6394=CARTESIAN_POINT('Ctrl Pts',(2.43193302763559,-1.53340364845503,-2.));
#6395=CARTESIAN_POINT('Ctrl Pts',(2.43193302763559,-1.53340364845503,-1.98593550318239));
#6396=CARTESIAN_POINT('Ctrl Pts',(2.43343721696882,-1.53102613212825,-1.97093451250588));
#6397=CARTESIAN_POINT('Ctrl Pts',(2.4395089499394,-1.52133289891879,-1.94334044818249));
#6398=CARTESIAN_POINT('Ctrl Pts',(2.44407133026925,-1.51401429158721,-1.93074725408681));
#6399=CARTESIAN_POINT('Ctrl Pts',(2.45448913215796,-1.49706614505756,-1.91086082770071));
#6400=CARTESIAN_POINT('Ctrl Pts',(2.46103838100595,-1.48630598722055,-1.90224153711225));
#6401=CARTESIAN_POINT('Ctrl Pts',(2.47519172898746,-1.46261454429509,-1.89081108387066));
#6402=CARTESIAN_POINT('Ctrl Pts',(2.48279078801838,-1.4496802105882,-1.888));
#6403=CARTESIAN_POINT('Ctrl Pts',(2.49685528374215,-1.4253197894118,-1.888));
#6404=CARTESIAN_POINT('Ctrl Pts',(2.50425721579787,-1.41227164439272,-1.89081108387066));
#6405=CARTESIAN_POINT('Ctrl Pts',(2.51769793323288,-1.38816876402941,-1.90224153711225));
#6406=CARTESIAN_POINT('Ctrl Pts',(2.52374187884447,-1.37711686923284,-1.91086082770071));
#6407=CARTESIAN_POINT('Ctrl Pts',(2.53321050334185,-1.35962071488079,-1.93074725408681));
#6408=CARTESIAN_POINT('Ctrl Pts',(2.5372674130464,-1.35201027394763,-1.94334044818249));
#6409=CARTESIAN_POINT('Ctrl Pts',(2.5426261327653,-1.34190538234538,-1.97093451250588));
#6410=CARTESIAN_POINT('Ctrl Pts',(2.54393302763559,-1.33941395800731,-1.98593550318239));
#6411=CARTESIAN_POINT('Ctrl Pts',(2.54393302763559,-1.33941395800731,-2.));
#6412=CARTESIAN_POINT('Origin',(2.09722195215486,-1.210831658627,-1.496));
#6413=CARTESIAN_POINT('',(2.03722195215486,-1.31475470708113,-1.));
#6414=CARTESIAN_POINT('Origin',(2.09722195215486,-1.210831658627,-1.));
#6415=CARTESIAN_POINT('Origin',(2.09722195215486,-1.210831658627,-1.));
#6416=CARTESIAN_POINT('',(2.42765326161023,-1.54017032869525,-0.999999999999999));
#6417=CARTESIAN_POINT('',(2.03722195215486,-1.31475470708113,-1.));
#6418=CARTESIAN_POINT('',(2.54765326161023,-1.33232423178698,-1.));
#6419=CARTESIAN_POINT('Ctrl Pts',(2.54765326161023,-1.33232423178698,-0.999999999999998));
#6420=CARTESIAN_POINT('Ctrl Pts',(2.54765326161023,-1.33232423178698,-1.01506934607181));
#6421=CARTESIAN_POINT('Ctrl Pts',(2.54626053619638,-1.3349980654733,-1.03114194043026));
#6422=CARTESIAN_POINT('Ctrl Pts',(2.54054634047519,-1.34584057186519,-1.0607069426339));
#6423=CARTESIAN_POINT('Ctrl Pts',(2.53621903334127,-1.35400576327679,-1.07419949868237));
#6424=CARTESIAN_POINT('Ctrl Pts',(2.52611055133213,-1.37277240447732,-1.09550612771031));
#6425=CARTESIAN_POINT('Ctrl Pts',(2.51965431399074,-1.38462475643127,-1.10474104525975));
#6426=CARTESIAN_POINT('Ctrl Pts',(2.50528085610365,-1.41046496240575,-1.11698802985416));
#6427=CARTESIAN_POINT('Ctrl Pts',(2.49735770814378,-1.42444956482121,-1.12));
#6428=CARTESIAN_POINT('Ctrl Pts',(2.48228836361675,-1.45055043517879,-1.12));
#6429=CARTESIAN_POINT('Ctrl Pts',(2.47413891664307,-1.46440438379771,-1.11698802985416));
#6430=CARTESIAN_POINT('Ctrl Pts',(2.45894737077369,-1.4897722664554,-1.10474104525975));
#6431=CARTESIAN_POINT('Ctrl Pts',(2.45191105155767,-1.50128970798288,-1.09550612771031));
#6432=CARTESIAN_POINT('Ctrl Pts',(2.44071290453887,-1.51942723079676,-1.07419949868237));
#6433=CARTESIAN_POINT('Ctrl Pts',(2.43580529491662,-1.52725738441051,-1.0607069426339));
#6434=CARTESIAN_POINT('Ctrl Pts',(2.42927250680115,-1.5376272762632,-1.03114194043026));
#6435=CARTESIAN_POINT('Ctrl Pts',(2.42765326161023,-1.54017032869525,-1.01506934607181));
#6436=CARTESIAN_POINT('Ctrl Pts',(2.42765326161023,-1.54017032869525,-0.999999999999998));
#6437=CARTESIAN_POINT('Ctrl Pts',(2.42765326161023,-1.54017032869525,-0.999999999999998));
#6438=CARTESIAN_POINT('Ctrl Pts',(2.42765326161023,-1.54017032869525,-0.984930653928188));
#6439=CARTESIAN_POINT('Ctrl Pts',(2.42927250680115,-1.5376272762632,-0.968858059569741));
#6440=CARTESIAN_POINT('Ctrl Pts',(2.43580529491662,-1.52725738441051,-0.939293057366098));
#6441=CARTESIAN_POINT('Ctrl Pts',(2.44071290453887,-1.51942723079676,-0.925800501317625));
#6442=CARTESIAN_POINT('Ctrl Pts',(2.45191105155767,-1.50128970798288,-0.904493872289688));
#6443=CARTESIAN_POINT('Ctrl Pts',(2.45894737077369,-1.4897722664554,-0.895258954740246));
#6444=CARTESIAN_POINT('Ctrl Pts',(2.47413891664307,-1.46440438379771,-0.883011970145842));
#6445=CARTESIAN_POINT('Ctrl Pts',(2.48228836361675,-1.45055043517879,-0.88));
#6446=CARTESIAN_POINT('Ctrl Pts',(2.49735770814378,-1.42444956482121,-0.88));
#6447=CARTESIAN_POINT('Ctrl Pts',(2.50528085610365,-1.41046496240575,-0.883011970145841));
#6448=CARTESIAN_POINT('Ctrl Pts',(2.51965431399074,-1.38462475643127,-0.895258954740246));
#6449=CARTESIAN_POINT('Ctrl Pts',(2.52611055133213,-1.37277240447732,-0.904493872289688));
#6450=CARTESIAN_POINT('Ctrl Pts',(2.53621903334127,-1.35400576327679,-0.925800501317625));
#6451=CARTESIAN_POINT('Ctrl Pts',(2.54054634047519,-1.34584057186519,-0.939293057366098));
#6452=CARTESIAN_POINT('Ctrl Pts',(2.54626053619638,-1.3349980654733,-0.96885805956974));
#6453=CARTESIAN_POINT('Ctrl Pts',(2.54765326161023,-1.33232423178698,-0.984930653928188));
#6454=CARTESIAN_POINT('Ctrl Pts',(2.54765326161023,-1.33232423178698,-0.999999999999998));
#6455=CARTESIAN_POINT('Origin',(2.09722195215486,1.210831658627,-1.496));
#6456=CARTESIAN_POINT('',(2.15322195215486,1.11383681340314,-2.));
#6457=CARTESIAN_POINT('Origin',(2.09722195215486,1.210831658627,-2.));
#6458=CARTESIAN_POINT('Origin',(2.09722195215486,1.210831658627,-2.));
#6459=CARTESIAN_POINT('',(2.54393302763559,1.33941395800731,-2.));
#6460=CARTESIAN_POINT('',(2.15322195215486,1.11383681340314,-2.));
#6461=CARTESIAN_POINT('',(2.43193302763559,1.53340364845503,-2.));
#6462=CARTESIAN_POINT('Ctrl Pts',(2.43193302763559,1.53340364845503,-2.));
#6463=CARTESIAN_POINT('Ctrl Pts',(2.43193302763559,1.53340364845503,-2.01406449681761));
#6464=CARTESIAN_POINT('Ctrl Pts',(2.43343721696882,1.53102613212825,-2.02906548749412));
#6465=CARTESIAN_POINT('Ctrl Pts',(2.4395089499394,1.52133289891879,-2.05665955181751));
#6466=CARTESIAN_POINT('Ctrl Pts',(2.44407133026925,1.51401429158721,-2.06925274591319));
#6467=CARTESIAN_POINT('Ctrl Pts',(2.45448913215796,1.49706614505756,-2.08913917229928));
#6468=CARTESIAN_POINT('Ctrl Pts',(2.46103838100595,1.48630598722055,-2.09775846288775));
#6469=CARTESIAN_POINT('Ctrl Pts',(2.47519172898745,1.46261454429509,-2.10918891612934));
#6470=CARTESIAN_POINT('Ctrl Pts',(2.48279078801838,1.4496802105882,-2.112));
#6471=CARTESIAN_POINT('Ctrl Pts',(2.49685528374215,1.4253197894118,-2.112));
#6472=CARTESIAN_POINT('Ctrl Pts',(2.50425721579787,1.41227164439272,-2.10918891612934));
#6473=CARTESIAN_POINT('Ctrl Pts',(2.51769793323288,1.38816876402941,-2.09775846288775));
#6474=CARTESIAN_POINT('Ctrl Pts',(2.52374187884447,1.37711686923284,-2.08913917229928));
#6475=CARTESIAN_POINT('Ctrl Pts',(2.53321050334185,1.35962071488079,-2.06925274591319));
#6476=CARTESIAN_POINT('Ctrl Pts',(2.5372674130464,1.35201027394763,-2.05665955181751));
#6477=CARTESIAN_POINT('Ctrl Pts',(2.5426261327653,1.34190538234538,-2.02906548749412));
#6478=CARTESIAN_POINT('Ctrl Pts',(2.54393302763559,1.33941395800731,-2.01406449681761));
#6479=CARTESIAN_POINT('Ctrl Pts',(2.54393302763559,1.33941395800731,-2.));
#6480=CARTESIAN_POINT('Ctrl Pts',(2.54393302763559,1.33941395800731,-2.));
#6481=CARTESIAN_POINT('Ctrl Pts',(2.54393302763559,1.33941395800731,-1.98593550318239));
#6482=CARTESIAN_POINT('Ctrl Pts',(2.5426261327653,1.34190538234538,-1.97093451250588));
#6483=CARTESIAN_POINT('Ctrl Pts',(2.5372674130464,1.35201027394763,-1.94334044818249));
#6484=CARTESIAN_POINT('Ctrl Pts',(2.53321050334185,1.35962071488079,-1.93074725408681));
#6485=CARTESIAN_POINT('Ctrl Pts',(2.52374187884447,1.37711686923284,-1.91086082770071));
#6486=CARTESIAN_POINT('Ctrl Pts',(2.51769793323288,1.38816876402941,-1.90224153711225));
#6487=CARTESIAN_POINT('Ctrl Pts',(2.50425721579787,1.41227164439272,-1.89081108387066));
#6488=CARTESIAN_POINT('Ctrl Pts',(2.49685528374215,1.4253197894118,-1.888));
#6489=CARTESIAN_POINT('Ctrl Pts',(2.48279078801838,1.4496802105882,-1.888));
#6490=CARTESIAN_POINT('Ctrl Pts',(2.47519172898746,1.46261454429509,-1.89081108387066));
#6491=CARTESIAN_POINT('Ctrl Pts',(2.46103838100595,1.48630598722055,-1.90224153711225));
#6492=CARTESIAN_POINT('Ctrl Pts',(2.45448913215796,1.49706614505756,-1.91086082770071));
#6493=CARTESIAN_POINT('Ctrl Pts',(2.44407133026925,1.51401429158721,-1.93074725408681));
#6494=CARTESIAN_POINT('Ctrl Pts',(2.4395089499394,1.52133289891879,-1.94334044818249));
#6495=CARTESIAN_POINT('Ctrl Pts',(2.43343721696882,1.53102613212825,-1.97093451250588));
#6496=CARTESIAN_POINT('Ctrl Pts',(2.43193302763559,1.53340364845503,-1.98593550318239));
#6497=CARTESIAN_POINT('Ctrl Pts',(2.43193302763559,1.53340364845503,-2.));
#6498=CARTESIAN_POINT('Origin',(2.09722195215486,1.210831658627,-1.496));
#6499=CARTESIAN_POINT('',(2.15722195215486,1.10690861017287,-1.));
#6500=CARTESIAN_POINT('Origin',(2.09722195215486,1.210831658627,-1.));
#6501=CARTESIAN_POINT('Origin',(2.09722195215486,1.210831658627,-1.));
#6502=CARTESIAN_POINT('',(2.54765326161023,1.33232423178698,-0.999999999999999));
#6503=CARTESIAN_POINT('',(2.15722195215486,1.10690861017287,-1.));
#6504=CARTESIAN_POINT('',(2.42765326161023,1.54017032869525,-1.));
#6505=CARTESIAN_POINT('Ctrl Pts',(2.42765326161023,1.54017032869525,-0.999999999999998));
#6506=CARTESIAN_POINT('Ctrl Pts',(2.42765326161023,1.54017032869525,-1.01506934607181));
#6507=CARTESIAN_POINT('Ctrl Pts',(2.42927250680115,1.5376272762632,-1.03114194043026));
#6508=CARTESIAN_POINT('Ctrl Pts',(2.43580529491662,1.52725738441051,-1.0607069426339));
#6509=CARTESIAN_POINT('Ctrl Pts',(2.44071290453887,1.51942723079676,-1.07419949868237));
#6510=CARTESIAN_POINT('Ctrl Pts',(2.45191105155767,1.50128970798288,-1.09550612771031));
#6511=CARTESIAN_POINT('Ctrl Pts',(2.45894737077369,1.4897722664554,-1.10474104525975));
#6512=CARTESIAN_POINT('Ctrl Pts',(2.47413891664307,1.46440438379771,-1.11698802985416));
#6513=CARTESIAN_POINT('Ctrl Pts',(2.48228836361675,1.45055043517879,-1.12));
#6514=CARTESIAN_POINT('Ctrl Pts',(2.49735770814378,1.42444956482121,-1.12));
#6515=CARTESIAN_POINT('Ctrl Pts',(2.50528085610365,1.41046496240575,-1.11698802985416));
#6516=CARTESIAN_POINT('Ctrl Pts',(2.51965431399074,1.38462475643127,-1.10474104525975));
#6517=CARTESIAN_POINT('Ctrl Pts',(2.52611055133213,1.37277240447732,-1.09550612771031));
#6518=CARTESIAN_POINT('Ctrl Pts',(2.53621903334127,1.35400576327679,-1.07419949868237));
#6519=CARTESIAN_POINT('Ctrl Pts',(2.54054634047519,1.34584057186519,-1.0607069426339));
#6520=CARTESIAN_POINT('Ctrl Pts',(2.54626053619638,1.3349980654733,-1.03114194043026));
#6521=CARTESIAN_POINT('Ctrl Pts',(2.54765326161023,1.33232423178698,-1.01506934607181));
#6522=CARTESIAN_POINT('Ctrl Pts',(2.54765326161023,1.33232423178698,-0.999999999999998));
#6523=CARTESIAN_POINT('Ctrl Pts',(2.54765326161023,1.33232423178698,-0.999999999999998));
#6524=CARTESIAN_POINT('Ctrl Pts',(2.54765326161023,1.33232423178698,-0.984930653928188));
#6525=CARTESIAN_POINT('Ctrl Pts',(2.54626053619638,1.3349980654733,-0.96885805956974));
#6526=CARTESIAN_POINT('Ctrl Pts',(2.54054634047519,1.34584057186519,-0.939293057366098));
#6527=CARTESIAN_POINT('Ctrl Pts',(2.53621903334127,1.35400576327679,-0.925800501317625));
#6528=CARTESIAN_POINT('Ctrl Pts',(2.52611055133213,1.37277240447732,-0.904493872289689));
#6529=CARTESIAN_POINT('Ctrl Pts',(2.51965431399074,1.38462475643127,-0.895258954740246));
#6530=CARTESIAN_POINT('Ctrl Pts',(2.50528085610365,1.41046496240575,-0.883011970145841));
#6531=CARTESIAN_POINT('Ctrl Pts',(2.49735770814378,1.42444956482121,-0.88));
#6532=CARTESIAN_POINT('Ctrl Pts',(2.48228836361675,1.45055043517879,-0.88));
#6533=CARTESIAN_POINT('Ctrl Pts',(2.47413891664307,1.46440438379771,-0.883011970145842));
#6534=CARTESIAN_POINT('Ctrl Pts',(2.45894737077369,1.4897722664554,-0.895258954740246));
#6535=CARTESIAN_POINT('Ctrl Pts',(2.45191105155767,1.50128970798288,-0.904493872289688));
#6536=CARTESIAN_POINT('Ctrl Pts',(2.44071290453887,1.51942723079676,-0.925800501317625));
#6537=CARTESIAN_POINT('Ctrl Pts',(2.43580529491662,1.52725738441051,-0.939293057366098));
#6538=CARTESIAN_POINT('Ctrl Pts',(2.42927250680115,1.5376272762632,-0.96885805956974));
#6539=CARTESIAN_POINT('Ctrl Pts',(2.42765326161023,1.54017032869525,-0.984930653928188));
#6540=CARTESIAN_POINT('Ctrl Pts',(2.42765326161023,1.54017032869525,-0.999999999999998));
#6541=CARTESIAN_POINT('Origin',(0.,1.76042977377432E-16,5.5));
#6542=CARTESIAN_POINT('',(2.875,1.76042977377432E-16,-3.));
#6543=CARTESIAN_POINT('Origin',(0.,1.76042977377432E-16,-3.));
#6544=CARTESIAN_POINT('',(2.875,1.76042977377432E-16,5.5));
#6545=CARTESIAN_POINT('',(2.875,-1.76042977377432E-16,5.5));
#6546=CARTESIAN_POINT('Origin',(0.,1.76042977377432E-16,5.5));
#6547=CARTESIAN_POINT('',(-0.12,2.87249456048223,-1.));
#6548=CARTESIAN_POINT('',(0.119999999999999,2.87249456048223,-1.));
#6549=CARTESIAN_POINT('Ctrl Pts',(-0.120000000000001,2.87249456048223,-1.));
#6550=CARTESIAN_POINT('Ctrl Pts',(-0.120000000000001,2.87249456048223,-1.01506934607181));
#6551=CARTESIAN_POINT('Ctrl Pts',(-0.116988029395232,2.8726253417365,-1.03114194043026));
#6552=CARTESIAN_POINT('Ctrl Pts',(-0.104741045558566,2.87309795627569,-1.0607069426339));
#6553=CARTESIAN_POINT('Ctrl Pts',(-0.0955061288023981,2.87343299407354,
-1.07419949868237));
#6554=CARTESIAN_POINT('Ctrl Pts',(-0.074199499774461,2.8740621124602,-1.09550612771031));
#6555=CARTESIAN_POINT('Ctrl Pts',(-0.0607069432170533,2.87439702288667,
-1.10474104525975));
#6556=CARTESIAN_POINT('Ctrl Pts',(-0.0311419394605791,2.87486934620346,
-1.11698802985416));
#6557=CARTESIAN_POINT('Ctrl Pts',(-0.0150693445270314,2.875,-1.12));
#6558=CARTESIAN_POINT('Ctrl Pts',(0.0150693445270302,2.875,-1.12));
#6559=CARTESIAN_POINT('Ctrl Pts',(0.0311419394605777,2.87486934620346,-1.11698802985416));
#6560=CARTESIAN_POINT('Ctrl Pts',(0.0607069432170519,2.87439702288667,-1.10474104525975));
#6561=CARTESIAN_POINT('Ctrl Pts',(0.0741994997744599,2.8740621124602,-1.09550612771031));
#6562=CARTESIAN_POINT('Ctrl Pts',(0.0955061288023969,2.87343299407354,-1.07419949868237));
#6563=CARTESIAN_POINT('Ctrl Pts',(0.104741045558565,2.87309795627569,-1.0607069426339));
#6564=CARTESIAN_POINT('Ctrl Pts',(0.116988029395231,2.8726253417365,-1.03114194043026));
#6565=CARTESIAN_POINT('Ctrl Pts',(0.119999999999999,2.87249456048223,-1.01506934607181));
#6566=CARTESIAN_POINT('Ctrl Pts',(0.119999999999999,2.87249456048223,-0.999999999999999));
#6567=CARTESIAN_POINT('Ctrl Pts',(0.119999999999999,2.87249456048223,-1.));
#6568=CARTESIAN_POINT('Ctrl Pts',(0.119999999999999,2.87249456048223,-0.984930653928189));
#6569=CARTESIAN_POINT('Ctrl Pts',(0.116988029395231,2.8726253417365,-0.968858059569742));
#6570=CARTESIAN_POINT('Ctrl Pts',(0.104741045558565,2.87309795627569,-0.939293057366099));
#6571=CARTESIAN_POINT('Ctrl Pts',(0.0955061288023967,2.87343299407354,-0.925800501317626));
#6572=CARTESIAN_POINT('Ctrl Pts',(0.0741994997744596,2.8740621124602,-0.904493872289688));
#6573=CARTESIAN_POINT('Ctrl Pts',(0.0607069432170516,2.87439702288667,-0.895258954740246));
#6574=CARTESIAN_POINT('Ctrl Pts',(0.0311419394605775,2.87486934620346,-0.883011970145842));
#6575=CARTESIAN_POINT('Ctrl Pts',(0.0150693445270302,2.875,-0.88));
#6576=CARTESIAN_POINT('Ctrl Pts',(-0.0150693445270313,2.875,-0.88));
#6577=CARTESIAN_POINT('Ctrl Pts',(-0.0311419394605786,2.87486934620346,
-0.883011970145842));
#6578=CARTESIAN_POINT('Ctrl Pts',(-0.0607069432170528,2.87439702288667,
-0.895258954740246));
#6579=CARTESIAN_POINT('Ctrl Pts',(-0.0741994997744607,2.8740621124602,-0.904493872289688));
#6580=CARTESIAN_POINT('Ctrl Pts',(-0.0955061288023978,2.87343299407354,
-0.925800501317626));
#6581=CARTESIAN_POINT('Ctrl Pts',(-0.104741045558566,2.87309795627569,-0.939293057366099));
#6582=CARTESIAN_POINT('Ctrl Pts',(-0.116988029395232,2.8726253417365,-0.968858059569742));
#6583=CARTESIAN_POINT('Ctrl Pts',(-0.12,2.87249456048223,-0.984930653928189));
#6584=CARTESIAN_POINT('Ctrl Pts',(-0.120000000000001,2.87249456048223,-1.));
#6585=CARTESIAN_POINT('',(-0.112,2.87281760646234,-2.));
#6586=CARTESIAN_POINT('',(0.111999999999999,2.87281760646234,-2.));
#6587=CARTESIAN_POINT('Ctrl Pts',(-0.112000000000001,2.87281760646234,-2.));
#6588=CARTESIAN_POINT('Ctrl Pts',(-0.112000000000001,2.87281760646234,-2.01406449681761));
#6589=CARTESIAN_POINT('Ctrl Pts',(-0.109188915796483,2.87293151447363,-2.02906548749412));
#6590=CARTESIAN_POINT('Ctrl Pts',(-0.0977584631069962,2.87334317286642,
-2.05665955181751));
#6591=CARTESIAN_POINT('Ctrl Pts',(-0.089139173072599,2.87363500646801,-2.06925274591319));
#6592=CARTESIAN_POINT('Ctrl Pts',(-0.0692527466865016,2.8741830142904,-2.08913917229928));
#6593=CARTESIAN_POINT('Ctrl Pts',(-0.0566595522269295,2.87447475124996,
-2.09775846288775));
#6594=CARTESIAN_POINT('Ctrl Pts',(-0.0290654868104175,2.87488618868781,
-2.10918891612934));
#6595=CARTESIAN_POINT('Ctrl Pts',(-0.0140644957237701,2.875,-2.112));
#6596=CARTESIAN_POINT('Ctrl Pts',(0.014064495723769,2.875,-2.112));
#6597=CARTESIAN_POINT('Ctrl Pts',(0.0290654868104164,2.87488618868781,-2.10918891612934));
#6598=CARTESIAN_POINT('Ctrl Pts',(0.0566595522269284,2.87447475124996,-2.09775846288775));
#6599=CARTESIAN_POINT('Ctrl Pts',(0.0692527466865004,2.8741830142904,-2.08913917229928));
#6600=CARTESIAN_POINT('Ctrl Pts',(0.0891391730725979,2.87363500646801,-2.06925274591319));
#6601=CARTESIAN_POINT('Ctrl Pts',(0.0977584631069951,2.87334317286642,-2.05665955181751));
#6602=CARTESIAN_POINT('Ctrl Pts',(0.109188915796482,2.87293151447363,-2.02906548749412));
#6603=CARTESIAN_POINT('Ctrl Pts',(0.111999999999999,2.87281760646234,-2.01406449681761));
#6604=CARTESIAN_POINT('Ctrl Pts',(0.111999999999999,2.87281760646234,-2.));
#6605=CARTESIAN_POINT('Ctrl Pts',(0.111999999999999,2.87281760646234,-2.));
#6606=CARTESIAN_POINT('Ctrl Pts',(0.111999999999999,2.87281760646234,-1.98593550318239));
#6607=CARTESIAN_POINT('Ctrl Pts',(0.109188915796482,2.87293151447363,-1.97093451250588));
#6608=CARTESIAN_POINT('Ctrl Pts',(0.0977584631069943,2.87334317286642,-1.94334044818249));
#6609=CARTESIAN_POINT('Ctrl Pts',(0.0891391730725975,2.87363500646801,-1.93074725408681));
#6610=CARTESIAN_POINT('Ctrl Pts',(0.0692527466864999,2.8741830142904,-1.91086082770071));
#6611=CARTESIAN_POINT('Ctrl Pts',(0.0566595522269273,2.87447475124996,-1.90224153711225));
#6612=CARTESIAN_POINT('Ctrl Pts',(0.0290654868104157,2.87488618868781,-1.89081108387066));
#6613=CARTESIAN_POINT('Ctrl Pts',(0.0140644957237688,2.875,-1.888));
#6614=CARTESIAN_POINT('Ctrl Pts',(-0.0140644957237699,2.875,-1.888));
#6615=CARTESIAN_POINT('Ctrl Pts',(-0.0290654868104168,2.87488618868781,
-1.89081108387066));
#6616=CARTESIAN_POINT('Ctrl Pts',(-0.0566595522269285,2.87447475124996,
-1.90224153711225));
#6617=CARTESIAN_POINT('Ctrl Pts',(-0.0692527466865011,2.8741830142904,-1.91086082770071));
#6618=CARTESIAN_POINT('Ctrl Pts',(-0.0891391730725986,2.87363500646801,
-1.93074725408681));
#6619=CARTESIAN_POINT('Ctrl Pts',(-0.0977584631069954,2.87334317286642,
-1.94334044818249));
#6620=CARTESIAN_POINT('Ctrl Pts',(-0.109188915796483,2.87293151447363,-1.97093451250588));
#6621=CARTESIAN_POINT('Ctrl Pts',(-0.112,2.87281760646234,-1.98593550318239));
#6622=CARTESIAN_POINT('Ctrl Pts',(-0.112000000000001,2.87281760646234,-2.));
#6623=CARTESIAN_POINT('',(1.17390758856638,2.62441726360468,1.));
#6624=CARTESIAN_POINT('',(0.96601048623416,2.70784946784079,1.));
#6625=CARTESIAN_POINT('Ctrl Pts',(1.17390758856638,2.62441726360468,0.999999999999999));
#6626=CARTESIAN_POINT('Ctrl Pts',(1.17390758856638,2.62441726360468,0.985935782835169));
#6627=CARTESIAN_POINT('Ctrl Pts',(1.1713422748578,2.62556945485644,0.970934669223664));
#6628=CARTESIAN_POINT('Ctrl Pts',(1.16089056112116,2.63020736677341,0.943339600988511));
#6629=CARTESIAN_POINT('Ctrl Pts',(1.15300193956928,2.63368761395441,0.930745568159528));
#6630=CARTESIAN_POINT('Ctrl Pts',(1.13475316669942,2.64160162681165,0.910858543185488));
#6631=CARTESIAN_POINT('Ctrl Pts',(1.12317633731324,2.64656197222457,0.902239542815409));
#6632=CARTESIAN_POINT('Ctrl Pts',(1.09772369714721,2.65721998378886,0.890810256369467));
#6633=CARTESIAN_POINT('Ctrl Pts',(1.08384559924162,2.66291221904466,0.888));
#6634=CARTESIAN_POINT('Ctrl Pts',(1.05773874770444,2.67338954200089,0.888));
#6635=CARTESIAN_POINT('Ctrl Pts',(1.04377151076204,2.67887225017793,0.89081193770043));
#6636=CARTESIAN_POINT('Ctrl Pts',(1.01800280511342,2.68877031154283,0.902244048962049));
#6637=CARTESIAN_POINT('Ctrl Pts',(1.00620340253594,2.69319117898951,0.910864104637619));
#6638=CARTESIAN_POINT('Ctrl Pts',(0.987538916802749,2.70009089819528,0.930750408177375));
#6639=CARTESIAN_POINT('Ctrl Pts',(0.979428601997386,2.70303114003949,0.943342293392587));
#6640=CARTESIAN_POINT('Ctrl Pts',(0.968663194329246,2.70690770925306,0.97093466191859));
#6641=CARTESIAN_POINT('Ctrl Pts',(0.96601048623416,2.70784946784079,0.98593531229366));
#6642=CARTESIAN_POINT('Ctrl Pts',(0.96601048623416,2.70784946784079,1.));
#6643=CARTESIAN_POINT('Ctrl Pts',(0.96601048623416,2.70784946784079,1.));
#6644=CARTESIAN_POINT('Ctrl Pts',(0.96601048623416,2.70784946784079,1.01406570549229));
#6645=CARTESIAN_POINT('Ctrl Pts',(0.968663575325701,2.70690757452194,1.0290673715603));
#6646=CARTESIAN_POINT('Ctrl Pts',(0.979430412950035,2.70303048546025,1.0566612910068));
#6647=CARTESIAN_POINT('Ctrl Pts',(0.987541776109065,2.70008985706312,1.069253711496));
#6648=CARTESIAN_POINT('Ctrl Pts',(1.00620726352823,2.69318973581411,1.08913893537021));
#6649=CARTESIAN_POINT('Ctrl Pts',(1.01800615713562,2.68876903843862,1.09775787457272));
#6650=CARTESIAN_POINT('Ctrl Pts',(1.04377340428653,2.67887150840334,1.1091884658271));
#6651=CARTESIAN_POINT('Ctrl Pts',(1.05773969224484,2.67338916293354,1.112));
#6652=CARTESIAN_POINT('Ctrl Pts',(1.08384612594539,2.66291200766545,1.112));
#6653=CARTESIAN_POINT('Ctrl Pts',(1.09772474606357,2.65721955271729,1.10918951863558));
#6654=CARTESIAN_POINT('Ctrl Pts',(1.12317817852402,2.64656119308643,1.09775938436517));
#6655=CARTESIAN_POINT('Ctrl Pts',(1.13475527833158,2.64160072009425,1.08913976117158));
#6656=CARTESIAN_POINT('Ctrl Pts',(1.15300349226548,2.63368693154677,1.06925213404879));
#6657=CARTESIAN_POINT('Ctrl Pts',(1.160891542548,2.63020693268071,1.05665839986676));
#6658=CARTESIAN_POINT('Ctrl Pts',(1.17134248010084,2.62556936236831,1.02906419675654));
#6659=CARTESIAN_POINT('Ctrl Pts',(1.17390758856638,2.62441726360468,1.014063649636));
#6660=CARTESIAN_POINT('Ctrl Pts',(1.17390758856638,2.62441726360468,0.999999999999999));
#6661=CARTESIAN_POINT('',(-0.966010486234161,2.70784946784079,4.5));
#6662=CARTESIAN_POINT('',(-1.17390758856638,2.62441726360468,4.5));
#6663=CARTESIAN_POINT('Ctrl Pts',(-0.966010486234164,2.70784946784079,4.5));
#6664=CARTESIAN_POINT('Ctrl Pts',(-0.966010486234164,2.70784946784079,4.48593531229366));
#6665=CARTESIAN_POINT('Ctrl Pts',(-0.96866319432925,2.70690770925306,4.47093466191859));
#6666=CARTESIAN_POINT('Ctrl Pts',(-0.97942860199739,2.70303114003949,4.44334229339259));
#6667=CARTESIAN_POINT('Ctrl Pts',(-0.987538916802753,2.70009089819528,4.43075040817737));
#6668=CARTESIAN_POINT('Ctrl Pts',(-1.00620340253595,2.69319117898951,4.41086410463762));
#6669=CARTESIAN_POINT('Ctrl Pts',(-1.01800280511343,2.68877031154283,4.40224404896205));
#6670=CARTESIAN_POINT('Ctrl Pts',(-1.04377151076204,2.67887225017793,4.39081193770043));
#6671=CARTESIAN_POINT('Ctrl Pts',(-1.05773874770444,2.67338954200088,4.388));
#6672=CARTESIAN_POINT('Ctrl Pts',(-1.08384559924162,2.66291221904466,4.388));
#6673=CARTESIAN_POINT('Ctrl Pts',(-1.09772369714722,2.65721998378886,4.39081025636947));
#6674=CARTESIAN_POINT('Ctrl Pts',(-1.12317633731324,2.64656197222457,4.40223954281541));
#6675=CARTESIAN_POINT('Ctrl Pts',(-1.13475316669943,2.64160162681165,4.41085854318549));
#6676=CARTESIAN_POINT('Ctrl Pts',(-1.15300193956928,2.63368761395441,4.43074556815953));
#6677=CARTESIAN_POINT('Ctrl Pts',(-1.16089056112117,2.63020736677341,4.44333960098851));
#6678=CARTESIAN_POINT('Ctrl Pts',(-1.17134227485781,2.62556945485643,4.47093466922366));
#6679=CARTESIAN_POINT('Ctrl Pts',(-1.17390758856638,2.62441726360468,4.48593578283517));
#6680=CARTESIAN_POINT('Ctrl Pts',(-1.17390758856638,2.62441726360468,4.5));
#6681=CARTESIAN_POINT('Ctrl Pts',(-1.17390758856638,2.62441726360468,4.5));
#6682=CARTESIAN_POINT('Ctrl Pts',(-1.17390758856638,2.62441726360468,4.51406421716483));
#6683=CARTESIAN_POINT('Ctrl Pts',(-1.17134227485781,2.62556945485643,4.52906533077634));
#6684=CARTESIAN_POINT('Ctrl Pts',(-1.16089056112117,2.63020736677341,4.55666039901149));
#6685=CARTESIAN_POINT('Ctrl Pts',(-1.15300193956928,2.63368761395441,4.56925443184047));
#6686=CARTESIAN_POINT('Ctrl Pts',(-1.13475316669943,2.64160162681165,4.58914145681451));
#6687=CARTESIAN_POINT('Ctrl Pts',(-1.12317633731324,2.64656197222457,4.59776045718459));
#6688=CARTESIAN_POINT('Ctrl Pts',(-1.09772369714722,2.65721998378886,4.60918974363053));
#6689=CARTESIAN_POINT('Ctrl Pts',(-1.08384559924162,2.66291221904466,4.612));
#6690=CARTESIAN_POINT('Ctrl Pts',(-1.05773874770444,2.67338954200088,4.612));
#6691=CARTESIAN_POINT('Ctrl Pts',(-1.04377151076204,2.67887225017793,4.60918806229957));
#6692=CARTESIAN_POINT('Ctrl Pts',(-1.01800280511343,2.68877031154283,4.59775595103795));
#6693=CARTESIAN_POINT('Ctrl Pts',(-1.00620340253595,2.69319117898951,4.58913589536238));
#6694=CARTESIAN_POINT('Ctrl Pts',(-0.987538916802753,2.70009089819528,4.56924959182263));
#6695=CARTESIAN_POINT('Ctrl Pts',(-0.97942860199739,2.70303114003949,4.55665770660741));
#6696=CARTESIAN_POINT('Ctrl Pts',(-0.96866319432925,2.70690770925306,4.52906533808141));
#6697=CARTESIAN_POINT('Ctrl Pts',(-0.966010486234164,2.70784946784079,4.51406468770634));
#6698=CARTESIAN_POINT('Ctrl Pts',(-0.966010486234164,2.70784946784079,4.5));
#6699=CARTESIAN_POINT('',(-0.966010486234161,2.70784946784079,2.75));
#6700=CARTESIAN_POINT('',(-1.17390758856638,2.62441726360468,2.75));
#6701=CARTESIAN_POINT('Ctrl Pts',(-0.966010486234164,2.70784946784079,2.75));
#6702=CARTESIAN_POINT('Ctrl Pts',(-0.966010486234164,2.70784946784079,2.73593531229366));
#6703=CARTESIAN_POINT('Ctrl Pts',(-0.96866319432925,2.70690770925306,2.72093466191859));
#6704=CARTESIAN_POINT('Ctrl Pts',(-0.97942860199739,2.70303114003949,2.69334229339259));
#6705=CARTESIAN_POINT('Ctrl Pts',(-0.987538916802753,2.70009089819528,2.68075040817737));
#6706=CARTESIAN_POINT('Ctrl Pts',(-1.00620340253595,2.69319117898951,2.66086410463762));
#6707=CARTESIAN_POINT('Ctrl Pts',(-1.01800280511343,2.68877031154283,2.65224404896205));
#6708=CARTESIAN_POINT('Ctrl Pts',(-1.04377151076204,2.67887225017793,2.64081193770043));
#6709=CARTESIAN_POINT('Ctrl Pts',(-1.05773874770444,2.67338954200088,2.638));
#6710=CARTESIAN_POINT('Ctrl Pts',(-1.08384559924162,2.66291221904466,2.638));
#6711=CARTESIAN_POINT('Ctrl Pts',(-1.09772369714722,2.65721998378886,2.64081025636947));
#6712=CARTESIAN_POINT('Ctrl Pts',(-1.12317633731324,2.64656197222457,2.65223954281541));
#6713=CARTESIAN_POINT('Ctrl Pts',(-1.13475316669943,2.64160162681165,2.66085854318549));
#6714=CARTESIAN_POINT('Ctrl Pts',(-1.15300193956928,2.63368761395441,2.68074556815953));
#6715=CARTESIAN_POINT('Ctrl Pts',(-1.16089056112117,2.63020736677341,2.69333960098851));
#6716=CARTESIAN_POINT('Ctrl Pts',(-1.17134227485781,2.62556945485643,2.72093466922366));
#6717=CARTESIAN_POINT('Ctrl Pts',(-1.17390758856638,2.62441726360468,2.73593578283517));
#6718=CARTESIAN_POINT('Ctrl Pts',(-1.17390758856638,2.62441726360468,2.75));
#6719=CARTESIAN_POINT('Ctrl Pts',(-1.17390758856638,2.62441726360468,2.75));
#6720=CARTESIAN_POINT('Ctrl Pts',(-1.17390758856638,2.62441726360468,2.76406421716483));
#6721=CARTESIAN_POINT('Ctrl Pts',(-1.17134227485781,2.62556945485643,2.77906533077633));
#6722=CARTESIAN_POINT('Ctrl Pts',(-1.16089056112117,2.63020736677341,2.80666039901149));
#6723=CARTESIAN_POINT('Ctrl Pts',(-1.15300193956928,2.63368761395441,2.81925443184047));
#6724=CARTESIAN_POINT('Ctrl Pts',(-1.13475316669943,2.64160162681165,2.83914145681451));
#6725=CARTESIAN_POINT('Ctrl Pts',(-1.12317633731324,2.64656197222457,2.84776045718459));
#6726=CARTESIAN_POINT('Ctrl Pts',(-1.09772369714722,2.65721998378886,2.85918974363053));
#6727=CARTESIAN_POINT('Ctrl Pts',(-1.08384559924162,2.66291221904466,2.862));
#6728=CARTESIAN_POINT('Ctrl Pts',(-1.05773874770444,2.67338954200088,2.862));
#6729=CARTESIAN_POINT('Ctrl Pts',(-1.04377151076204,2.67887225017793,2.85918806229957));
#6730=CARTESIAN_POINT('Ctrl Pts',(-1.01800280511343,2.68877031154283,2.84775595103795));
#6731=CARTESIAN_POINT('Ctrl Pts',(-1.00620340253595,2.69319117898951,2.83913589536238));
#6732=CARTESIAN_POINT('Ctrl Pts',(-0.987538916802753,2.70009089819528,2.81924959182262));
#6733=CARTESIAN_POINT('Ctrl Pts',(-0.97942860199739,2.70303114003949,2.80665770660741));
#6734=CARTESIAN_POINT('Ctrl Pts',(-0.96866319432925,2.70690770925306,2.77906533808141));
#6735=CARTESIAN_POINT('Ctrl Pts',(-0.966010486234164,2.70784946784079,2.76406468770634));
#6736=CARTESIAN_POINT('Ctrl Pts',(-0.966010486234164,2.70784946784079,2.75));
#6737=CARTESIAN_POINT('',(-0.966010486234161,2.70784946784079,1.));
#6738=CARTESIAN_POINT('',(-1.17390758856638,2.62441726360468,1.));
#6739=CARTESIAN_POINT('Ctrl Pts',(-0.966010486234164,2.70784946784079,1.));
#6740=CARTESIAN_POINT('Ctrl Pts',(-0.966010486234164,2.70784946784079,0.985935312293661));
#6741=CARTESIAN_POINT('Ctrl Pts',(-0.96866319432925,2.70690770925306,0.97093466191859));
#6742=CARTESIAN_POINT('Ctrl Pts',(-0.97942860199739,2.70303114003949,0.943342293392587));
#6743=CARTESIAN_POINT('Ctrl Pts',(-0.987538916802753,2.70009089819528,0.930750408177375));
#6744=CARTESIAN_POINT('Ctrl Pts',(-1.00620340253595,2.69319117898951,0.910864104637619));
#6745=CARTESIAN_POINT('Ctrl Pts',(-1.01800280511343,2.68877031154283,0.902244048962049));
#6746=CARTESIAN_POINT('Ctrl Pts',(-1.04377151076204,2.67887225017793,0.89081193770043));
#6747=CARTESIAN_POINT('Ctrl Pts',(-1.05773874770444,2.67338954200088,0.888));
#6748=CARTESIAN_POINT('Ctrl Pts',(-1.08384559924162,2.66291221904466,0.888));
#6749=CARTESIAN_POINT('Ctrl Pts',(-1.09772369714722,2.65721998378886,0.890810256369467));
#6750=CARTESIAN_POINT('Ctrl Pts',(-1.12317633731324,2.64656197222457,0.902239542815409));
#6751=CARTESIAN_POINT('Ctrl Pts',(-1.13475316669943,2.64160162681165,0.910858543185488));
#6752=CARTESIAN_POINT('Ctrl Pts',(-1.15300193956928,2.63368761395441,0.930745568159528));
#6753=CARTESIAN_POINT('Ctrl Pts',(-1.16089056112117,2.63020736677341,0.943339600988511));
#6754=CARTESIAN_POINT('Ctrl Pts',(-1.17134227485781,2.62556945485643,0.970934669223665));
#6755=CARTESIAN_POINT('Ctrl Pts',(-1.17390758856638,2.62441726360468,0.98593578283517));
#6756=CARTESIAN_POINT('Ctrl Pts',(-1.17390758856638,2.62441726360468,1.));
#6757=CARTESIAN_POINT('Ctrl Pts',(-1.17390758856638,2.62441726360468,1.));
#6758=CARTESIAN_POINT('Ctrl Pts',(-1.17390758856638,2.62441726360468,1.014063649636));
#6759=CARTESIAN_POINT('Ctrl Pts',(-1.17134248010085,2.62556936236831,1.02906419675654));
#6760=CARTESIAN_POINT('Ctrl Pts',(-1.160891542548,2.6302069326807,1.05665839986676));
#6761=CARTESIAN_POINT('Ctrl Pts',(-1.15300349226549,2.63368693154676,1.06925213404879));
#6762=CARTESIAN_POINT('Ctrl Pts',(-1.13475527833158,2.64160072009425,1.08913976117158));
#6763=CARTESIAN_POINT('Ctrl Pts',(-1.12317817852402,2.64656119308643,1.09775938436517));
#6764=CARTESIAN_POINT('Ctrl Pts',(-1.09772474606358,2.65721955271729,1.10918951863558));
#6765=CARTESIAN_POINT('Ctrl Pts',(-1.08384612594539,2.66291200766545,1.112));
#6766=CARTESIAN_POINT('Ctrl Pts',(-1.05773969224484,2.67338916293354,1.112));
#6767=CARTESIAN_POINT('Ctrl Pts',(-1.04377340428653,2.67887150840334,1.1091884658271));
#6768=CARTESIAN_POINT('Ctrl Pts',(-1.01800615713563,2.68876903843862,1.09775787457272));
#6769=CARTESIAN_POINT('Ctrl Pts',(-1.00620726352823,2.69318973581411,1.08913893537021));
#6770=CARTESIAN_POINT('Ctrl Pts',(-0.98754177610907,2.70008985706311,1.069253711496));
#6771=CARTESIAN_POINT('Ctrl Pts',(-0.979430412950039,2.70303048546025,1.0566612910068));
#6772=CARTESIAN_POINT('Ctrl Pts',(-0.968663575325705,2.70690757452194,1.0290673715603));
#6773=CARTESIAN_POINT('Ctrl Pts',(-0.966010486234164,2.70784946784079,1.01406570549229));
#6774=CARTESIAN_POINT('Ctrl Pts',(-0.966010486234164,2.70784946784079,0.999999999999999));
#6775=CARTESIAN_POINT('',(1.17390758856638,2.62441726360468,2.75));
#6776=CARTESIAN_POINT('',(0.96601048623416,2.70784946784079,2.75));
#6777=CARTESIAN_POINT('Ctrl Pts',(1.17390758856638,2.62441726360468,2.75));
#6778=CARTESIAN_POINT('Ctrl Pts',(1.17390758856638,2.62441726360468,2.73593578283517));
#6779=CARTESIAN_POINT('Ctrl Pts',(1.1713422748578,2.62556945485643,2.72093466922366));
#6780=CARTESIAN_POINT('Ctrl Pts',(1.16089056112116,2.63020736677341,2.69333960098851));
#6781=CARTESIAN_POINT('Ctrl Pts',(1.15300193956928,2.63368761395441,2.68074556815953));
#6782=CARTESIAN_POINT('Ctrl Pts',(1.13475316669942,2.64160162681165,2.66085854318549));
#6783=CARTESIAN_POINT('Ctrl Pts',(1.12317633731324,2.64656197222457,2.65223954281541));
#6784=CARTESIAN_POINT('Ctrl Pts',(1.09772369714721,2.65721998378886,2.64081025636947));
#6785=CARTESIAN_POINT('Ctrl Pts',(1.08384559924162,2.66291221904466,2.638));
#6786=CARTESIAN_POINT('Ctrl Pts',(1.05773874770444,2.67338954200089,2.638));
#6787=CARTESIAN_POINT('Ctrl Pts',(1.04377151076204,2.67887225017793,2.64081193770043));
#6788=CARTESIAN_POINT('Ctrl Pts',(1.01800280511342,2.68877031154283,2.65224404896205));
#6789=CARTESIAN_POINT('Ctrl Pts',(1.00620340253594,2.69319117898951,2.66086410463762));
#6790=CARTESIAN_POINT('Ctrl Pts',(0.987538916802749,2.70009089819528,2.68075040817737));
#6791=CARTESIAN_POINT('Ctrl Pts',(0.979428601997386,2.70303114003949,2.69334229339259));
#6792=CARTESIAN_POINT('Ctrl Pts',(0.968663194329245,2.70690770925306,2.72093466191859));
#6793=CARTESIAN_POINT('Ctrl Pts',(0.96601048623416,2.70784946784079,2.73593531229366));
#6794=CARTESIAN_POINT('Ctrl Pts',(0.96601048623416,2.70784946784079,2.75));
#6795=CARTESIAN_POINT('Ctrl Pts',(0.96601048623416,2.70784946784079,2.75));
#6796=CARTESIAN_POINT('Ctrl Pts',(0.96601048623416,2.70784946784079,2.76406468770634));
#6797=CARTESIAN_POINT('Ctrl Pts',(0.968663194329245,2.70690770925306,2.77906533808141));
#6798=CARTESIAN_POINT('Ctrl Pts',(0.979428601997386,2.70303114003949,2.80665770660741));
#6799=CARTESIAN_POINT('Ctrl Pts',(0.987538916802749,2.70009089819528,2.81924959182262));
#6800=CARTESIAN_POINT('Ctrl Pts',(1.00620340253594,2.69319117898951,2.83913589536238));
#6801=CARTESIAN_POINT('Ctrl Pts',(1.01800280511342,2.68877031154283,2.84775595103795));
#6802=CARTESIAN_POINT('Ctrl Pts',(1.04377151076204,2.67887225017793,2.85918806229957));
#6803=CARTESIAN_POINT('Ctrl Pts',(1.05773874770444,2.67338954200089,2.862));
#6804=CARTESIAN_POINT('Ctrl Pts',(1.08384559924162,2.66291221904466,2.862));
#6805=CARTESIAN_POINT('Ctrl Pts',(1.09772369714721,2.65721998378886,2.85918974363053));
#6806=CARTESIAN_POINT('Ctrl Pts',(1.12317633731324,2.64656197222457,2.84776045718459));
#6807=CARTESIAN_POINT('Ctrl Pts',(1.13475316669942,2.64160162681165,2.83914145681451));
#6808=CARTESIAN_POINT('Ctrl Pts',(1.15300193956928,2.63368761395441,2.81925443184047));
#6809=CARTESIAN_POINT('Ctrl Pts',(1.16089056112116,2.63020736677341,2.80666039901149));
#6810=CARTESIAN_POINT('Ctrl Pts',(1.1713422748578,2.62556945485643,2.77906533077633));
#6811=CARTESIAN_POINT('Ctrl Pts',(1.17390758856638,2.62441726360468,2.76406421716483));
#6812=CARTESIAN_POINT('Ctrl Pts',(1.17390758856638,2.62441726360468,2.75));
#6813=CARTESIAN_POINT('',(1.17390758856638,2.62441726360468,4.5));
#6814=CARTESIAN_POINT('',(0.96601048623416,2.70784946784079,4.5));
#6815=CARTESIAN_POINT('Ctrl Pts',(1.17390758856638,2.62441726360468,4.5));
#6816=CARTESIAN_POINT('Ctrl Pts',(1.17390758856638,2.62441726360468,4.48593578283517));
#6817=CARTESIAN_POINT('Ctrl Pts',(1.1713422748578,2.62556945485643,4.47093466922366));
#6818=CARTESIAN_POINT('Ctrl Pts',(1.16089056112116,2.63020736677341,4.44333960098851));
#6819=CARTESIAN_POINT('Ctrl Pts',(1.15300193956928,2.63368761395441,4.43074556815953));
#6820=CARTESIAN_POINT('Ctrl Pts',(1.13475316669942,2.64160162681165,4.41085854318549));
#6821=CARTESIAN_POINT('Ctrl Pts',(1.12317633731324,2.64656197222457,4.40223954281541));
#6822=CARTESIAN_POINT('Ctrl Pts',(1.09772369714721,2.65721998378886,4.39081025636947));
#6823=CARTESIAN_POINT('Ctrl Pts',(1.08384559924162,2.66291221904466,4.388));
#6824=CARTESIAN_POINT('Ctrl Pts',(1.05773874770444,2.67338954200089,4.388));
#6825=CARTESIAN_POINT('Ctrl Pts',(1.04377151076204,2.67887225017793,4.39081193770043));
#6826=CARTESIAN_POINT('Ctrl Pts',(1.01800280511342,2.68877031154283,4.40224404896205));
#6827=CARTESIAN_POINT('Ctrl Pts',(1.00620340253594,2.69319117898951,4.41086410463762));
#6828=CARTESIAN_POINT('Ctrl Pts',(0.987538916802749,2.70009089819528,4.43075040817737));
#6829=CARTESIAN_POINT('Ctrl Pts',(0.979428601997386,2.70303114003949,4.44334229339259));
#6830=CARTESIAN_POINT('Ctrl Pts',(0.968663194329246,2.70690770925306,4.47093466191859));
#6831=CARTESIAN_POINT('Ctrl Pts',(0.96601048623416,2.70784946784079,4.48593531229366));
#6832=CARTESIAN_POINT('Ctrl Pts',(0.96601048623416,2.70784946784079,4.5));
#6833=CARTESIAN_POINT('Ctrl Pts',(0.96601048623416,2.70784946784079,4.5));
#6834=CARTESIAN_POINT('Ctrl Pts',(0.96601048623416,2.70784946784079,4.51406468770634));
#6835=CARTESIAN_POINT('Ctrl Pts',(0.968663194329245,2.70690770925306,4.52906533808141));
#6836=CARTESIAN_POINT('Ctrl Pts',(0.979428601997386,2.70303114003949,4.55665770660741));
#6837=CARTESIAN_POINT('Ctrl Pts',(0.987538916802749,2.70009089819528,4.56924959182263));
#6838=CARTESIAN_POINT('Ctrl Pts',(1.00620340253594,2.69319117898951,4.58913589536238));
#6839=CARTESIAN_POINT('Ctrl Pts',(1.01800280511342,2.68877031154283,4.59775595103795));
#6840=CARTESIAN_POINT('Ctrl Pts',(1.04377151076204,2.67887225017793,4.60918806229957));
#6841=CARTESIAN_POINT('Ctrl Pts',(1.05773874770444,2.67338954200089,4.612));
#6842=CARTESIAN_POINT('Ctrl Pts',(1.08384559924162,2.66291221904466,4.612));
#6843=CARTESIAN_POINT('Ctrl Pts',(1.09772369714721,2.65721998378886,4.60918974363053));
#6844=CARTESIAN_POINT('Ctrl Pts',(1.12317633731324,2.64656197222457,4.59776045718459));
#6845=CARTESIAN_POINT('Ctrl Pts',(1.13475316669942,2.64160162681165,4.58914145681451));
#6846=CARTESIAN_POINT('Ctrl Pts',(1.15300193956928,2.63368761395441,4.56925443184047));
#6847=CARTESIAN_POINT('Ctrl Pts',(1.16089056112116,2.63020736677341,4.55666039901149));
#6848=CARTESIAN_POINT('Ctrl Pts',(1.1713422748578,2.62556945485643,4.52906533077633));
#6849=CARTESIAN_POINT('Ctrl Pts',(1.17390758856638,2.62441726360468,4.51406421716483));
#6850=CARTESIAN_POINT('Ctrl Pts',(1.17390758856638,2.62441726360468,4.5));
#6851=CARTESIAN_POINT('',(-2.82807167189138,0.517335112519449,2.75));
#6852=CARTESIAN_POINT('',(-2.85976581469528,0.295574838408522,2.75));
#6853=CARTESIAN_POINT('Ctrl Pts',(-2.82807167189138,0.51733511251945,2.75));
#6854=CARTESIAN_POINT('Ctrl Pts',(-2.82807167189138,0.51733511251945,2.73593531229366));
#6855=CARTESIAN_POINT('Ctrl Pts',(-2.82858243907772,0.51456692062642,2.72093466191859));
#6856=CARTESIAN_POINT('Ctrl Pts',(-2.83060793549331,0.503305519496929,2.69334229339259));
#6857=CARTESIAN_POINT('Ctrl Pts',(-2.83211676876563,0.49481165992069,2.68075040817737));
#6858=CARTESIAN_POINT('Ctrl Pts',(-2.83547367952105,0.475197881524284,2.66086410463762));
#6859=CARTESIAN_POINT('Ctrl Pts',(-2.8375447972942,0.462768865419368,2.65224404896205));
#6860=CARTESIAN_POINT('Ctrl Pts',(-2.84185717752829,0.435503481022574,2.64081193770043));
#6861=CARTESIAN_POINT('Ctrl Pts',(-2.84409263143663,0.420666144921256,2.638));
#6862=CARTESIAN_POINT('Ctrl Pts',(-2.84807242936147,0.392818286799119,2.638));
#6863=CARTESIAN_POINT('Ctrl Pts',(-2.85008185797843,0.377953383828764,2.64081025636947));
#6864=CARTESIAN_POINT('Ctrl Pts',(-2.85357806929294,0.350581745069459,2.65223954281541));
#6865=CARTESIAN_POINT('Ctrl Pts',(-2.8550706988469,0.338075744019282,2.66085854318549));
#6866=CARTESIAN_POINT('Ctrl Pts',(-2.85734134910158,0.318314836697478,2.68074556815953));
#6867=CARTESIAN_POINT('Ctrl Pts',(-2.85827167740733,0.309742966442204,2.69333960098851));
#6868=CARTESIAN_POINT('Ctrl Pts',(-2.85948098473503,0.298372560874704,2.72093466922366));
#6869=CARTESIAN_POINT('Ctrl Pts',(-2.85976581469528,0.295574838408522,2.73593578283517));
#6870=CARTESIAN_POINT('Ctrl Pts',(-2.85976581469528,0.295574838408522,2.75));
#6871=CARTESIAN_POINT('Ctrl Pts',(-2.85976581469528,0.295574838408522,2.75));
#6872=CARTESIAN_POINT('Ctrl Pts',(-2.85976581469528,0.295574838408522,2.76406421716483));
#6873=CARTESIAN_POINT('Ctrl Pts',(-2.85948098473503,0.298372560874704,2.77906533077633));
#6874=CARTESIAN_POINT('Ctrl Pts',(-2.85827167740733,0.309742966442204,2.80666039901149));
#6875=CARTESIAN_POINT('Ctrl Pts',(-2.85734134910158,0.318314836697478,2.81925443184047));
#6876=CARTESIAN_POINT('Ctrl Pts',(-2.8550706988469,0.338075744019282,2.83914145681451));
#6877=CARTESIAN_POINT('Ctrl Pts',(-2.85357806929294,0.350581745069459,2.84776045718459));
#6878=CARTESIAN_POINT('Ctrl Pts',(-2.85008185797843,0.377953383828764,2.85918974363053));
#6879=CARTESIAN_POINT('Ctrl Pts',(-2.84807242936147,0.392818286799119,2.862));
#6880=CARTESIAN_POINT('Ctrl Pts',(-2.84409263143663,0.420666144921256,2.862));
#6881=CARTESIAN_POINT('Ctrl Pts',(-2.84185717752829,0.435503481022575,2.85918806229957));
#6882=CARTESIAN_POINT('Ctrl Pts',(-2.8375447972942,0.462768865419368,2.84775595103795));
#6883=CARTESIAN_POINT('Ctrl Pts',(-2.83547367952105,0.475197881524284,2.83913589536238));
#6884=CARTESIAN_POINT('Ctrl Pts',(-2.83211676876563,0.49481165992069,2.81924959182262));
#6885=CARTESIAN_POINT('Ctrl Pts',(-2.83060793549331,0.503305519496929,2.80665770660741));
#6886=CARTESIAN_POINT('Ctrl Pts',(-2.82858243907772,0.51456692062642,2.77906533808141));
#6887=CARTESIAN_POINT('Ctrl Pts',(-2.82807167189138,0.51733511251945,2.76406468770634));
#6888=CARTESIAN_POINT('Ctrl Pts',(-2.82807167189138,0.51733511251945,2.75));
#6889=CARTESIAN_POINT('',(-2.82807167189138,0.517335112519449,1.));
#6890=CARTESIAN_POINT('',(-2.85976581469528,0.295574838408522,1.));
#6891=CARTESIAN_POINT('Ctrl Pts',(-2.82807167189138,0.51733511251945,1.));
#6892=CARTESIAN_POINT('Ctrl Pts',(-2.82807167189138,0.51733511251945,0.985935312293661));
#6893=CARTESIAN_POINT('Ctrl Pts',(-2.82858243907772,0.51456692062642,0.97093466191859));
#6894=CARTESIAN_POINT('Ctrl Pts',(-2.83060793549331,0.503305519496929,0.943342293392587));
#6895=CARTESIAN_POINT('Ctrl Pts',(-2.83211676876563,0.49481165992069,0.930750408177375));
#6896=CARTESIAN_POINT('Ctrl Pts',(-2.83547367952105,0.475197881524284,0.910864104637619));
#6897=CARTESIAN_POINT('Ctrl Pts',(-2.8375447972942,0.462768865419368,0.902244048962049));
#6898=CARTESIAN_POINT('Ctrl Pts',(-2.84185717752829,0.435503481022575,0.89081193770043));
#6899=CARTESIAN_POINT('Ctrl Pts',(-2.84409263143663,0.420666144921256,0.888));
#6900=CARTESIAN_POINT('Ctrl Pts',(-2.84807242936147,0.392818286799119,0.888));
#6901=CARTESIAN_POINT('Ctrl Pts',(-2.85008185797843,0.377953383828763,0.890810256369467));
#6902=CARTESIAN_POINT('Ctrl Pts',(-2.85357806929294,0.350581745069459,0.902239542815409));
#6903=CARTESIAN_POINT('Ctrl Pts',(-2.8550706988469,0.338075744019282,0.910858543185488));
#6904=CARTESIAN_POINT('Ctrl Pts',(-2.85734134910158,0.318314836697478,0.930745568159528));
#6905=CARTESIAN_POINT('Ctrl Pts',(-2.85827167740733,0.309742966442204,0.943339600988511));
#6906=CARTESIAN_POINT('Ctrl Pts',(-2.85948098473503,0.298372560874704,0.970934669223664));
#6907=CARTESIAN_POINT('Ctrl Pts',(-2.85976581469528,0.295574838408522,0.985935782835169));
#6908=CARTESIAN_POINT('Ctrl Pts',(-2.85976581469528,0.295574838408522,1.));
#6909=CARTESIAN_POINT('Ctrl Pts',(-2.85976581469528,0.295574838408522,1.));
#6910=CARTESIAN_POINT('Ctrl Pts',(-2.85976581469528,0.295574838408522,1.014063649636));
#6911=CARTESIAN_POINT('Ctrl Pts',(-2.85948100725949,0.298372336884954,1.02906419675654));
#6912=CARTESIAN_POINT('Ctrl Pts',(-2.85827179218544,0.309741899455282,1.05665839986676));
#6913=CARTESIAN_POINT('Ctrl Pts',(-2.85734153446733,0.318313150819298,1.06925213404879));
#6914=CARTESIAN_POINT('Ctrl Pts',(-2.85507096942268,0.338073461933495,1.08913976117158));
#6915=CARTESIAN_POINT('Ctrl Pts',(-2.85357831514491,0.350579760965076,1.09775938436517));
#6916=CARTESIAN_POINT('Ctrl Pts',(-2.85008200911769,0.377952259904766,1.10918951863558));
#6917=CARTESIAN_POINT('Ctrl Pts',(-2.8480725096536,0.392817724970672,1.112));
#6918=CARTESIAN_POINT('Ctrl Pts',(-2.84409277542488,0.420665137391602,1.112));
#6919=CARTESIAN_POINT('Ctrl Pts',(-2.8418574818949,0.435501470294969,1.1091884658271));
#6920=CARTESIAN_POINT('Ctrl Pts',(-2.83754537076471,0.462765325930885,1.09775787457272));
#6921=CARTESIAN_POINT('Ctrl Pts',(-2.83547436019063,0.475193816219183,1.08913893537021));
#6922=CARTESIAN_POINT('Ctrl Pts',(-2.83211729677189,0.4948086631227,1.069253711496));
#6923=CARTESIAN_POINT('Ctrl Pts',(-2.83060827408738,0.50330362387631,1.0566612910068));
#6924=CARTESIAN_POINT('Ctrl Pts',(-2.82858251289537,0.51456652330825,1.0290673715603));
#6925=CARTESIAN_POINT('Ctrl Pts',(-2.82807167189138,0.51733511251945,1.01406570549229));
#6926=CARTESIAN_POINT('Ctrl Pts',(-2.82807167189138,0.51733511251945,1.));
#6927=CARTESIAN_POINT('',(-2.82807167189138,0.517335112519449,4.5));
#6928=CARTESIAN_POINT('',(-2.85976581469528,0.295574838408522,4.5));
#6929=CARTESIAN_POINT('Ctrl Pts',(-2.82807167189138,0.51733511251945,4.5));
#6930=CARTESIAN_POINT('Ctrl Pts',(-2.82807167189138,0.51733511251945,4.48593531229366));
#6931=CARTESIAN_POINT('Ctrl Pts',(-2.82858243907772,0.51456692062642,4.47093466191859));
#6932=CARTESIAN_POINT('Ctrl Pts',(-2.83060793549331,0.503305519496929,4.44334229339259));
#6933=CARTESIAN_POINT('Ctrl Pts',(-2.83211676876563,0.49481165992069,4.43075040817737));
#6934=CARTESIAN_POINT('Ctrl Pts',(-2.83547367952105,0.475197881524283,4.41086410463762));
#6935=CARTESIAN_POINT('Ctrl Pts',(-2.8375447972942,0.462768865419368,4.40224404896205));
#6936=CARTESIAN_POINT('Ctrl Pts',(-2.84185717752829,0.435503481022575,4.39081193770043));
#6937=CARTESIAN_POINT('Ctrl Pts',(-2.84409263143663,0.420666144921256,4.388));
#6938=CARTESIAN_POINT('Ctrl Pts',(-2.84807242936147,0.392818286799119,4.388));
#6939=CARTESIAN_POINT('Ctrl Pts',(-2.85008185797843,0.377953383828764,4.39081025636947));
#6940=CARTESIAN_POINT('Ctrl Pts',(-2.85357806929294,0.350581745069459,4.40223954281541));
#6941=CARTESIAN_POINT('Ctrl Pts',(-2.8550706988469,0.338075744019282,4.41085854318549));
#6942=CARTESIAN_POINT('Ctrl Pts',(-2.85734134910158,0.318314836697478,4.43074556815953));
#6943=CARTESIAN_POINT('Ctrl Pts',(-2.85827167740733,0.309742966442204,4.44333960098851));
#6944=CARTESIAN_POINT('Ctrl Pts',(-2.85948098473503,0.298372560874704,4.47093466922366));
#6945=CARTESIAN_POINT('Ctrl Pts',(-2.85976581469528,0.295574838408522,4.48593578283517));
#6946=CARTESIAN_POINT('Ctrl Pts',(-2.85976581469528,0.295574838408522,4.5));
#6947=CARTESIAN_POINT('Ctrl Pts',(-2.85976581469528,0.295574838408522,4.5));
#6948=CARTESIAN_POINT('Ctrl Pts',(-2.85976581469528,0.295574838408522,4.51406421716483));
#6949=CARTESIAN_POINT('Ctrl Pts',(-2.85948098473503,0.298372560874704,4.52906533077633));
#6950=CARTESIAN_POINT('Ctrl Pts',(-2.85827167740733,0.309742966442204,4.55666039901149));
#6951=CARTESIAN_POINT('Ctrl Pts',(-2.85734134910158,0.318314836697478,4.56925443184047));
#6952=CARTESIAN_POINT('Ctrl Pts',(-2.8550706988469,0.338075744019282,4.58914145681451));
#6953=CARTESIAN_POINT('Ctrl Pts',(-2.85357806929294,0.350581745069459,4.59776045718459));
#6954=CARTESIAN_POINT('Ctrl Pts',(-2.85008185797843,0.377953383828764,4.60918974363053));
#6955=CARTESIAN_POINT('Ctrl Pts',(-2.84807242936147,0.392818286799119,4.612));
#6956=CARTESIAN_POINT('Ctrl Pts',(-2.84409263143663,0.420666144921256,4.612));
#6957=CARTESIAN_POINT('Ctrl Pts',(-2.84185717752829,0.435503481022575,4.60918806229957));
#6958=CARTESIAN_POINT('Ctrl Pts',(-2.8375447972942,0.462768865419368,4.59775595103795));
#6959=CARTESIAN_POINT('Ctrl Pts',(-2.83547367952105,0.475197881524283,4.58913589536238));
#6960=CARTESIAN_POINT('Ctrl Pts',(-2.83211676876563,0.49481165992069,4.56924959182263));
#6961=CARTESIAN_POINT('Ctrl Pts',(-2.83060793549331,0.503305519496929,4.55665770660741));
#6962=CARTESIAN_POINT('Ctrl Pts',(-2.82858243907772,0.51456692062642,4.52906533808141));
#6963=CARTESIAN_POINT('Ctrl Pts',(-2.82807167189138,0.51733511251945,4.51406468770634));
#6964=CARTESIAN_POINT('Ctrl Pts',(-2.82807167189138,0.51733511251945,4.5));
#6965=CARTESIAN_POINT('',(-1.6858582261289,2.32884242519616,2.75));
#6966=CARTESIAN_POINT('',(-1.86206118565722,2.19051435532133,2.75));
#6967=CARTESIAN_POINT('Ctrl Pts',(-1.68585822612891,2.32884242519615,2.75));
#6968=CARTESIAN_POINT('Ctrl Pts',(-1.68585822612891,2.32884242519615,2.73593578283517));
#6969=CARTESIAN_POINT('Ctrl Pts',(-1.68813870987724,2.32719689398172,2.72093466922366));
#6970=CARTESIAN_POINT('Ctrl Pts',(-1.69738111628617,2.3204644003312,2.69333960098851));
#6971=CARTESIAN_POINT('Ctrl Pts',(-1.70433940953231,2.31537277725693,2.68074556815953));
#6972=CARTESIAN_POINT('Ctrl Pts',(-1.72031753214748,2.30352588279236,2.66085854318549));
#6973=CARTESIAN_POINT('Ctrl Pts',(-1.73040173197971,2.2959802271551,2.65223954281541));
#6974=CARTESIAN_POINT('Ctrl Pts',(-1.75235816083122,2.27926659996009,2.64081025636947));
#6975=CARTESIAN_POINT('Ctrl Pts',(-1.76422683011986,2.27009393224553,2.638));
#6976=CARTESIAN_POINT('Ctrl Pts',(-1.7863538837322,2.25272339707962,2.638));
#6977=CARTESIAN_POINT('Ctrl Pts',(-1.79808566676626,2.24336876915535,2.64081193770043));
#6978=CARTESIAN_POINT('Ctrl Pts',(-1.81954199218078,2.22600144612346,2.65224404896205));
#6979=CARTESIAN_POINT('Ctrl Pts',(-1.82927027698511,2.21799329746522,2.66086410463762));
#6980=CARTESIAN_POINT('Ctrl Pts',(-1.84457785196289,2.20527923827458,2.68075040817737));
#6981=CARTESIAN_POINT('Ctrl Pts',(-1.85117933349592,2.19972562054256,2.69334229339259));
#6982=CARTESIAN_POINT('Ctrl Pts',(-1.85991924474848,2.19234078862664,2.72093466191859));
#6983=CARTESIAN_POINT('Ctrl Pts',(-1.86206118565722,2.19051435532133,2.73593531229366));
#6984=CARTESIAN_POINT('Ctrl Pts',(-1.86206118565722,2.19051435532133,2.75));
#6985=CARTESIAN_POINT('Ctrl Pts',(-1.86206118565722,2.19051435532133,2.75));
#6986=CARTESIAN_POINT('Ctrl Pts',(-1.86206118565722,2.19051435532133,2.76406468770634));
#6987=CARTESIAN_POINT('Ctrl Pts',(-1.85991924474848,2.19234078862664,2.77906533808141));
#6988=CARTESIAN_POINT('Ctrl Pts',(-1.85117933349592,2.19972562054256,2.80665770660741));
#6989=CARTESIAN_POINT('Ctrl Pts',(-1.84457785196289,2.20527923827458,2.81924959182262));
#6990=CARTESIAN_POINT('Ctrl Pts',(-1.82927027698511,2.21799329746522,2.83913589536238));
#6991=CARTESIAN_POINT('Ctrl Pts',(-1.81954199218078,2.22600144612346,2.84775595103795));
#6992=CARTESIAN_POINT('Ctrl Pts',(-1.79808566676626,2.24336876915535,2.85918806229957));
#6993=CARTESIAN_POINT('Ctrl Pts',(-1.7863538837322,2.25272339707962,2.862));
#6994=CARTESIAN_POINT('Ctrl Pts',(-1.76422683011986,2.27009393224553,2.862));
#6995=CARTESIAN_POINT('Ctrl Pts',(-1.75235816083122,2.27926659996009,2.85918974363053));
#6996=CARTESIAN_POINT('Ctrl Pts',(-1.73040173197971,2.2959802271551,2.84776045718459));
#6997=CARTESIAN_POINT('Ctrl Pts',(-1.72031753214748,2.30352588279236,2.83914145681451));
#6998=CARTESIAN_POINT('Ctrl Pts',(-1.70433940953231,2.31537277725693,2.81925443184047));
#6999=CARTESIAN_POINT('Ctrl Pts',(-1.69738111628617,2.3204644003312,2.80666039901149));
#7000=CARTESIAN_POINT('Ctrl Pts',(-1.68813870987724,2.32719689398172,2.77906533077633));
#7001=CARTESIAN_POINT('Ctrl Pts',(-1.68585822612891,2.32884242519615,2.76406421716483));
#7002=CARTESIAN_POINT('Ctrl Pts',(-1.68585822612891,2.32884242519615,2.75));
#7003=CARTESIAN_POINT('',(-1.6858582261289,2.32884242519615,1.));
#7004=CARTESIAN_POINT('',(-1.86206118565722,2.19051435532133,1.));
#7005=CARTESIAN_POINT('Ctrl Pts',(-1.68585822612891,2.32884242519615,1.));
#7006=CARTESIAN_POINT('Ctrl Pts',(-1.68585822612891,2.32884242519615,0.98593578283517));
#7007=CARTESIAN_POINT('Ctrl Pts',(-1.68813870987724,2.32719689398172,0.970934669223665));
#7008=CARTESIAN_POINT('Ctrl Pts',(-1.69738111628617,2.3204644003312,0.943339600988512));
#7009=CARTESIAN_POINT('Ctrl Pts',(-1.70433940953231,2.31537277725693,0.930745568159529));
#7010=CARTESIAN_POINT('Ctrl Pts',(-1.72031753214748,2.30352588279236,0.910858543185488));
#7011=CARTESIAN_POINT('Ctrl Pts',(-1.73040173197971,2.2959802271551,0.902239542815409));
#7012=CARTESIAN_POINT('Ctrl Pts',(-1.75235816083122,2.27926659996009,0.890810256369467));
#7013=CARTESIAN_POINT('Ctrl Pts',(-1.76422683011986,2.27009393224553,0.888000000000001));
#7014=CARTESIAN_POINT('Ctrl Pts',(-1.7863538837322,2.25272339707962,0.888000000000001));
#7015=CARTESIAN_POINT('Ctrl Pts',(-1.79808566676626,2.24336876915535,0.89081193770043));
#7016=CARTESIAN_POINT('Ctrl Pts',(-1.81954199218078,2.22600144612346,0.902244048962049));
#7017=CARTESIAN_POINT('Ctrl Pts',(-1.82927027698511,2.21799329746522,0.910864104637619));
#7018=CARTESIAN_POINT('Ctrl Pts',(-1.84457785196289,2.20527923827458,0.930750408177375));
#7019=CARTESIAN_POINT('Ctrl Pts',(-1.85117933349592,2.19972562054256,0.943342293392587));
#7020=CARTESIAN_POINT('Ctrl Pts',(-1.85991924474848,2.19234078862664,0.97093466191859));
#7021=CARTESIAN_POINT('Ctrl Pts',(-1.86206118565722,2.19051435532133,0.985935312293661));
#7022=CARTESIAN_POINT('Ctrl Pts',(-1.86206118565722,2.19051435532133,1.));
#7023=CARTESIAN_POINT('Ctrl Pts',(-1.86206118565722,2.19051435532133,1.));
#7024=CARTESIAN_POINT('Ctrl Pts',(-1.86206118565722,2.19051435532133,1.01406570549229));
#7025=CARTESIAN_POINT('Ctrl Pts',(-1.85991893756967,2.19234105121369,1.0290673715603));
#7026=CARTESIAN_POINT('Ctrl Pts',(-1.85117786113735,2.19972686158394,1.0566612910068));
#7027=CARTESIAN_POINT('Ctrl Pts',(-1.84457552066282,2.20528119394041,1.069253711496));
#7028=CARTESIAN_POINT('Ctrl Pts',(-1.82926709666241,2.21799591959492,1.08913893537021));
#7029=CARTESIAN_POINT('Ctrl Pts',(-1.8195392136291,2.22600371250773,1.09775787457272));
#7030=CARTESIAN_POINT('Ctrl Pts',(-1.79808407760837,2.24337003810837,1.1091884658271));
#7031=CARTESIAN_POINT('Ctrl Pts',(-1.78635308318005,2.25272402554193,1.112));
#7032=CARTESIAN_POINT('Ctrl Pts',(-1.76422638370822,2.27009428269478,1.112));
#7033=CARTESIAN_POINT('Ctrl Pts',(-1.75235726305412,2.27926729281252,1.10918951863558));
#7034=CARTESIAN_POINT('Ctrl Pts',(-1.73040013662089,2.29598143212134,1.09775938436517));
#7035=CARTESIAN_POINT('Ctrl Pts',(-1.7203156910911,2.30352725816075,1.08913976117158));
#7036=CARTESIAN_POINT('Ctrl Pts',(-1.70433804220185,2.31537378072746,1.06925213404879));
#7037=CARTESIAN_POINT('Ctrl Pts',(-1.69738024963745,2.32046503322542,1.05665839986676));
#7038=CARTESIAN_POINT('Ctrl Pts',(-1.68813852715865,2.32719702548335,1.02906419675655));
#7039=CARTESIAN_POINT('Ctrl Pts',(-1.68585822612891,2.32884242519615,1.014063649636));
#7040=CARTESIAN_POINT('Ctrl Pts',(-1.68585822612891,2.32884242519615,0.999999999999999));
#7041=CARTESIAN_POINT('',(-1.6858582261289,2.32884242519616,4.5));
#7042=CARTESIAN_POINT('',(-1.86206118565722,2.19051435532133,4.5));
#7043=CARTESIAN_POINT('Ctrl Pts',(-1.68585822612891,2.32884242519615,4.5));
#7044=CARTESIAN_POINT('Ctrl Pts',(-1.68585822612891,2.32884242519615,4.48593578283517));
#7045=CARTESIAN_POINT('Ctrl Pts',(-1.68813870987724,2.32719689398172,4.47093466922366));
#7046=CARTESIAN_POINT('Ctrl Pts',(-1.69738111628617,2.3204644003312,4.44333960098851));
#7047=CARTESIAN_POINT('Ctrl Pts',(-1.70433940953231,2.31537277725693,4.43074556815953));
#7048=CARTESIAN_POINT('Ctrl Pts',(-1.72031753214748,2.30352588279236,4.41085854318549));
#7049=CARTESIAN_POINT('Ctrl Pts',(-1.73040173197971,2.2959802271551,4.40223954281541));
#7050=CARTESIAN_POINT('Ctrl Pts',(-1.75235816083122,2.27926659996009,4.39081025636947));
#7051=CARTESIAN_POINT('Ctrl Pts',(-1.76422683011986,2.27009393224553,4.388));
#7052=CARTESIAN_POINT('Ctrl Pts',(-1.7863538837322,2.25272339707962,4.388));
#7053=CARTESIAN_POINT('Ctrl Pts',(-1.79808566676626,2.24336876915535,4.39081193770043));
#7054=CARTESIAN_POINT('Ctrl Pts',(-1.81954199218078,2.22600144612346,4.40224404896205));
#7055=CARTESIAN_POINT('Ctrl Pts',(-1.82927027698511,2.21799329746522,4.41086410463762));
#7056=CARTESIAN_POINT('Ctrl Pts',(-1.84457785196289,2.20527923827458,4.43075040817737));
#7057=CARTESIAN_POINT('Ctrl Pts',(-1.85117933349592,2.19972562054256,4.44334229339259));
#7058=CARTESIAN_POINT('Ctrl Pts',(-1.85991924474848,2.19234078862664,4.47093466191859));
#7059=CARTESIAN_POINT('Ctrl Pts',(-1.86206118565722,2.19051435532133,4.48593531229366));
#7060=CARTESIAN_POINT('Ctrl Pts',(-1.86206118565722,2.19051435532133,4.5));
#7061=CARTESIAN_POINT('Ctrl Pts',(-1.86206118565722,2.19051435532133,4.5));
#7062=CARTESIAN_POINT('Ctrl Pts',(-1.86206118565722,2.19051435532133,4.51406468770634));
#7063=CARTESIAN_POINT('Ctrl Pts',(-1.85991924474848,2.19234078862664,4.52906533808141));
#7064=CARTESIAN_POINT('Ctrl Pts',(-1.85117933349592,2.19972562054256,4.55665770660741));
#7065=CARTESIAN_POINT('Ctrl Pts',(-1.84457785196289,2.20527923827458,4.56924959182263));
#7066=CARTESIAN_POINT('Ctrl Pts',(-1.82927027698511,2.21799329746522,4.58913589536238));
#7067=CARTESIAN_POINT('Ctrl Pts',(-1.81954199218078,2.22600144612346,4.59775595103795));
#7068=CARTESIAN_POINT('Ctrl Pts',(-1.79808566676626,2.24336876915535,4.60918806229957));
#7069=CARTESIAN_POINT('Ctrl Pts',(-1.7863538837322,2.25272339707962,4.612));
#7070=CARTESIAN_POINT('Ctrl Pts',(-1.76422683011986,2.27009393224553,4.612));
#7071=CARTESIAN_POINT('Ctrl Pts',(-1.75235816083122,2.27926659996009,4.60918974363053));
#7072=CARTESIAN_POINT('Ctrl Pts',(-1.73040173197971,2.2959802271551,4.59776045718459));
#7073=CARTESIAN_POINT('Ctrl Pts',(-1.72031753214748,2.30352588279236,4.58914145681451));
#7074=CARTESIAN_POINT('Ctrl Pts',(-1.70433940953231,2.31537277725693,4.56925443184047));
#7075=CARTESIAN_POINT('Ctrl Pts',(-1.69738111628617,2.3204644003312,4.55666039901149));
#7076=CARTESIAN_POINT('Ctrl Pts',(-1.68813870987724,2.32719689398172,4.52906533077633));
#7077=CARTESIAN_POINT('Ctrl Pts',(-1.68585822612891,2.32884242519615,4.51406421716483));
#7078=CARTESIAN_POINT('Ctrl Pts',(-1.68585822612891,2.32884242519615,4.5));
#7079=CARTESIAN_POINT('',(-1.86206118565721,-2.19051435532134,2.75));
#7080=CARTESIAN_POINT('',(-1.68585822612891,-2.32884242519615,2.75));
#7081=CARTESIAN_POINT('Ctrl Pts',(-1.86206118565722,-2.19051435532133,2.75));
#7082=CARTESIAN_POINT('Ctrl Pts',(-1.86206118565722,-2.19051435532133,2.73593531229366));
#7083=CARTESIAN_POINT('Ctrl Pts',(-1.85991924474847,-2.19234078862664,2.72093466191859));
#7084=CARTESIAN_POINT('Ctrl Pts',(-1.85117933349592,-2.19972562054256,2.69334229339259));
#7085=CARTESIAN_POINT('Ctrl Pts',(-1.84457785196288,-2.20527923827459,2.68075040817737));
#7086=CARTESIAN_POINT('Ctrl Pts',(-1.82927027698511,-2.21799329746522,2.66086410463762));
#7087=CARTESIAN_POINT('Ctrl Pts',(-1.81954199218078,-2.22600144612346,2.65224404896205));
#7088=CARTESIAN_POINT('Ctrl Pts',(-1.79808566676625,-2.24336876915535,2.64081193770043));
#7089=CARTESIAN_POINT('Ctrl Pts',(-1.78635388373219,-2.25272339707962,2.638));
#7090=CARTESIAN_POINT('Ctrl Pts',(-1.76422683011986,-2.27009393224553,2.638));
#7091=CARTESIAN_POINT('Ctrl Pts',(-1.75235816083122,-2.27926659996009,2.64081025636947));
#7092=CARTESIAN_POINT('Ctrl Pts',(-1.73040173197971,-2.2959802271551,2.65223954281541));
#7093=CARTESIAN_POINT('Ctrl Pts',(-1.72031753214748,-2.30352588279236,2.66085854318549));
#7094=CARTESIAN_POINT('Ctrl Pts',(-1.70433940953231,-2.31537277725693,2.68074556815953));
#7095=CARTESIAN_POINT('Ctrl Pts',(-1.69738111628617,-2.3204644003312,2.69333960098851));
#7096=CARTESIAN_POINT('Ctrl Pts',(-1.68813870987723,-2.32719689398173,2.72093466922366));
#7097=CARTESIAN_POINT('Ctrl Pts',(-1.68585822612891,-2.32884242519615,2.73593578283517));
#7098=CARTESIAN_POINT('Ctrl Pts',(-1.68585822612891,-2.32884242519615,2.75));
#7099=CARTESIAN_POINT('Ctrl Pts',(-1.68585822612891,-2.32884242519615,2.75));
#7100=CARTESIAN_POINT('Ctrl Pts',(-1.68585822612891,-2.32884242519615,2.76406421716483));
#7101=CARTESIAN_POINT('Ctrl Pts',(-1.68813870987723,-2.32719689398173,2.77906533077633));
#7102=CARTESIAN_POINT('Ctrl Pts',(-1.69738111628617,-2.3204644003312,2.80666039901149));
#7103=CARTESIAN_POINT('Ctrl Pts',(-1.70433940953231,-2.31537277725693,2.81925443184047));
#7104=CARTESIAN_POINT('Ctrl Pts',(-1.72031753214748,-2.30352588279236,2.83914145681451));
#7105=CARTESIAN_POINT('Ctrl Pts',(-1.73040173197971,-2.2959802271551,2.84776045718459));
#7106=CARTESIAN_POINT('Ctrl Pts',(-1.75235816083122,-2.27926659996009,2.85918974363053));
#7107=CARTESIAN_POINT('Ctrl Pts',(-1.76422683011986,-2.27009393224553,2.862));
#7108=CARTESIAN_POINT('Ctrl Pts',(-1.78635388373219,-2.25272339707962,2.862));
#7109=CARTESIAN_POINT('Ctrl Pts',(-1.79808566676626,-2.24336876915535,2.85918806229957));
#7110=CARTESIAN_POINT('Ctrl Pts',(-1.81954199218078,-2.22600144612346,2.84775595103795));
#7111=CARTESIAN_POINT('Ctrl Pts',(-1.82927027698511,-2.21799329746522,2.83913589536238));
#7112=CARTESIAN_POINT('Ctrl Pts',(-1.84457785196288,-2.20527923827459,2.81924959182262));
#7113=CARTESIAN_POINT('Ctrl Pts',(-1.85117933349592,-2.19972562054256,2.80665770660741));
#7114=CARTESIAN_POINT('Ctrl Pts',(-1.85991924474847,-2.19234078862664,2.77906533808141));
#7115=CARTESIAN_POINT('Ctrl Pts',(-1.86206118565722,-2.19051435532133,2.76406468770634));
#7116=CARTESIAN_POINT('Ctrl Pts',(-1.86206118565722,-2.19051435532133,2.75));
#7117=CARTESIAN_POINT('',(-1.86206118565721,-2.19051435532134,1.));
#7118=CARTESIAN_POINT('',(-1.68585822612891,-2.32884242519615,1.));
#7119=CARTESIAN_POINT('Ctrl Pts',(-1.86206118565722,-2.19051435532133,1.));
#7120=CARTESIAN_POINT('Ctrl Pts',(-1.86206118565722,-2.19051435532133,0.985935312293661));
#7121=CARTESIAN_POINT('Ctrl Pts',(-1.85991924474847,-2.19234078862664,0.97093466191859));
#7122=CARTESIAN_POINT('Ctrl Pts',(-1.85117933349592,-2.19972562054256,0.943342293392587));
#7123=CARTESIAN_POINT('Ctrl Pts',(-1.84457785196288,-2.20527923827459,0.930750408177375));
#7124=CARTESIAN_POINT('Ctrl Pts',(-1.82927027698511,-2.21799329746522,0.910864104637619));
#7125=CARTESIAN_POINT('Ctrl Pts',(-1.81954199218078,-2.22600144612346,0.902244048962049));
#7126=CARTESIAN_POINT('Ctrl Pts',(-1.79808566676626,-2.24336876915535,0.89081193770043));
#7127=CARTESIAN_POINT('Ctrl Pts',(-1.78635388373219,-2.25272339707962,0.888));
#7128=CARTESIAN_POINT('Ctrl Pts',(-1.76422683011986,-2.27009393224553,0.888));
#7129=CARTESIAN_POINT('Ctrl Pts',(-1.75235816083122,-2.27926659996009,0.890810256369467));
#7130=CARTESIAN_POINT('Ctrl Pts',(-1.73040173197971,-2.2959802271551,0.902239542815409));
#7131=CARTESIAN_POINT('Ctrl Pts',(-1.72031753214748,-2.30352588279236,0.910858543185488));
#7132=CARTESIAN_POINT('Ctrl Pts',(-1.70433940953231,-2.31537277725693,0.930745568159528));
#7133=CARTESIAN_POINT('Ctrl Pts',(-1.69738111628617,-2.3204644003312,0.943339600988511));
#7134=CARTESIAN_POINT('Ctrl Pts',(-1.68813870987723,-2.32719689398173,0.970934669223664));
#7135=CARTESIAN_POINT('Ctrl Pts',(-1.68585822612891,-2.32884242519615,0.985935782835169));
#7136=CARTESIAN_POINT('Ctrl Pts',(-1.68585822612891,-2.32884242519615,1.));
#7137=CARTESIAN_POINT('Ctrl Pts',(-1.68585822612891,-2.32884242519615,1.));
#7138=CARTESIAN_POINT('Ctrl Pts',(-1.68585822612891,-2.32884242519615,1.014063649636));
#7139=CARTESIAN_POINT('Ctrl Pts',(-1.68813852715865,-2.32719702548335,1.02906419675654));
#7140=CARTESIAN_POINT('Ctrl Pts',(-1.69738024963744,-2.32046503322542,1.05665839986676));
#7141=CARTESIAN_POINT('Ctrl Pts',(-1.70433804220185,-2.31537378072746,1.06925213404879));
#7142=CARTESIAN_POINT('Ctrl Pts',(-1.7203156910911,-2.30352725816075,1.08913976117158));
#7143=CARTESIAN_POINT('Ctrl Pts',(-1.73040013662089,-2.29598143212135,1.09775938436517));
#7144=CARTESIAN_POINT('Ctrl Pts',(-1.75235726305411,-2.27926729281252,1.10918951863558));
#7145=CARTESIAN_POINT('Ctrl Pts',(-1.76422638370821,-2.27009428269478,1.112));
#7146=CARTESIAN_POINT('Ctrl Pts',(-1.78635308318005,-2.25272402554194,1.112));
#7147=CARTESIAN_POINT('Ctrl Pts',(-1.79808407760837,-2.24337003810837,1.1091884658271));
#7148=CARTESIAN_POINT('Ctrl Pts',(-1.81953921362909,-2.22600371250773,1.09775787457272));
#7149=CARTESIAN_POINT('Ctrl Pts',(-1.82926709666241,-2.21799591959492,1.08913893537021));
#7150=CARTESIAN_POINT('Ctrl Pts',(-1.84457552066282,-2.20528119394041,1.069253711496));
#7151=CARTESIAN_POINT('Ctrl Pts',(-1.85117786113735,-2.19972686158394,1.0566612910068));
#7152=CARTESIAN_POINT('Ctrl Pts',(-1.85991893756967,-2.19234105121369,1.0290673715603));
#7153=CARTESIAN_POINT('Ctrl Pts',(-1.86206118565722,-2.19051435532133,1.01406570549229));
#7154=CARTESIAN_POINT('Ctrl Pts',(-1.86206118565722,-2.19051435532133,0.999999999999999));
#7155=CARTESIAN_POINT('',(-1.86206118565721,-2.19051435532134,4.5));
#7156=CARTESIAN_POINT('',(-1.68585822612891,-2.32884242519615,4.5));
#7157=CARTESIAN_POINT('Ctrl Pts',(-1.86206118565722,-2.19051435532133,4.5));
#7158=CARTESIAN_POINT('Ctrl Pts',(-1.86206118565722,-2.19051435532133,4.48593531229366));
#7159=CARTESIAN_POINT('Ctrl Pts',(-1.85991924474847,-2.19234078862664,4.47093466191859));
#7160=CARTESIAN_POINT('Ctrl Pts',(-1.85117933349592,-2.19972562054256,4.44334229339259));
#7161=CARTESIAN_POINT('Ctrl Pts',(-1.84457785196288,-2.20527923827459,4.43075040817737));
#7162=CARTESIAN_POINT('Ctrl Pts',(-1.82927027698511,-2.21799329746522,4.41086410463762));
#7163=CARTESIAN_POINT('Ctrl Pts',(-1.81954199218078,-2.22600144612346,4.40224404896205));
#7164=CARTESIAN_POINT('Ctrl Pts',(-1.79808566676626,-2.24336876915535,4.39081193770043));
#7165=CARTESIAN_POINT('Ctrl Pts',(-1.78635388373219,-2.25272339707962,4.388));
#7166=CARTESIAN_POINT('Ctrl Pts',(-1.76422683011986,-2.27009393224553,4.388));
#7167=CARTESIAN_POINT('Ctrl Pts',(-1.75235816083122,-2.27926659996009,4.39081025636947));
#7168=CARTESIAN_POINT('Ctrl Pts',(-1.73040173197971,-2.2959802271551,4.40223954281541));
#7169=CARTESIAN_POINT('Ctrl Pts',(-1.72031753214748,-2.30352588279236,4.41085854318549));
#7170=CARTESIAN_POINT('Ctrl Pts',(-1.70433940953231,-2.31537277725693,4.43074556815953));
#7171=CARTESIAN_POINT('Ctrl Pts',(-1.69738111628617,-2.3204644003312,4.44333960098851));
#7172=CARTESIAN_POINT('Ctrl Pts',(-1.68813870987723,-2.32719689398173,4.47093466922366));
#7173=CARTESIAN_POINT('Ctrl Pts',(-1.68585822612891,-2.32884242519615,4.48593578283517));
#7174=CARTESIAN_POINT('Ctrl Pts',(-1.68585822612891,-2.32884242519615,4.5));
#7175=CARTESIAN_POINT('Ctrl Pts',(-1.68585822612891,-2.32884242519615,4.5));
#7176=CARTESIAN_POINT('Ctrl Pts',(-1.68585822612891,-2.32884242519615,4.51406421716483));
#7177=CARTESIAN_POINT('Ctrl Pts',(-1.68813870987723,-2.32719689398173,4.52906533077633));
#7178=CARTESIAN_POINT('Ctrl Pts',(-1.69738111628617,-2.3204644003312,4.55666039901149));
#7179=CARTESIAN_POINT('Ctrl Pts',(-1.70433940953231,-2.31537277725693,4.56925443184047));
#7180=CARTESIAN_POINT('Ctrl Pts',(-1.72031753214748,-2.30352588279236,4.58914145681451));
#7181=CARTESIAN_POINT('Ctrl Pts',(-1.73040173197971,-2.2959802271551,4.59776045718459));
#7182=CARTESIAN_POINT('Ctrl Pts',(-1.75235816083122,-2.27926659996009,4.60918974363053));
#7183=CARTESIAN_POINT('Ctrl Pts',(-1.76422683011986,-2.27009393224553,4.612));
#7184=CARTESIAN_POINT('Ctrl Pts',(-1.78635388373219,-2.25272339707962,4.612));
#7185=CARTESIAN_POINT('Ctrl Pts',(-1.79808566676626,-2.24336876915535,4.60918806229957));
#7186=CARTESIAN_POINT('Ctrl Pts',(-1.81954199218078,-2.22600144612346,4.59775595103795));
#7187=CARTESIAN_POINT('Ctrl Pts',(-1.82927027698511,-2.21799329746522,4.58913589536238));
#7188=CARTESIAN_POINT('Ctrl Pts',(-1.84457785196288,-2.20527923827459,4.56924959182263));
#7189=CARTESIAN_POINT('Ctrl Pts',(-1.85117933349592,-2.19972562054256,4.55665770660741));
#7190=CARTESIAN_POINT('Ctrl Pts',(-1.85991924474847,-2.19234078862664,4.52906533808141));
#7191=CARTESIAN_POINT('Ctrl Pts',(-1.86206118565722,-2.19051435532133,4.51406468770634));
#7192=CARTESIAN_POINT('Ctrl Pts',(-1.86206118565722,-2.19051435532133,4.5));
#7193=CARTESIAN_POINT('',(-2.85976581469528,-0.295574838408522,2.75));
#7194=CARTESIAN_POINT('',(-2.82807167189138,-0.51733511251945,2.75));
#7195=CARTESIAN_POINT('Ctrl Pts',(-2.85976581469528,-0.295574838408521,
2.75));
#7196=CARTESIAN_POINT('Ctrl Pts',(-2.85976581469528,-0.295574838408521,
2.73593578283517));
#7197=CARTESIAN_POINT('Ctrl Pts',(-2.85948098473503,-0.298372560874703,
2.72093466922366));
#7198=CARTESIAN_POINT('Ctrl Pts',(-2.85827167740733,-0.309742966442203,
2.69333960098851));
#7199=CARTESIAN_POINT('Ctrl Pts',(-2.85734134910158,-0.318314836697478,
2.68074556815953));
#7200=CARTESIAN_POINT('Ctrl Pts',(-2.8550706988469,-0.338075744019281,2.66085854318549));
#7201=CARTESIAN_POINT('Ctrl Pts',(-2.85357806929294,-0.350581745069458,
2.65223954281541));
#7202=CARTESIAN_POINT('Ctrl Pts',(-2.85008185797843,-0.377953383828763,
2.64081025636947));
#7203=CARTESIAN_POINT('Ctrl Pts',(-2.84807242936147,-0.392818286799119,
2.638));
#7204=CARTESIAN_POINT('Ctrl Pts',(-2.84409263143663,-0.420666144921255,
2.638));
#7205=CARTESIAN_POINT('Ctrl Pts',(-2.84185717752829,-0.435503481022574,
2.64081193770043));
#7206=CARTESIAN_POINT('Ctrl Pts',(-2.8375447972942,-0.462768865419367,2.65224404896205));
#7207=CARTESIAN_POINT('Ctrl Pts',(-2.83547367952105,-0.475197881524283,
2.66086410463762));
#7208=CARTESIAN_POINT('Ctrl Pts',(-2.83211676876563,-0.494811659920689,
2.68075040817737));
#7209=CARTESIAN_POINT('Ctrl Pts',(-2.83060793549331,-0.503305519496928,
2.69334229339259));
#7210=CARTESIAN_POINT('Ctrl Pts',(-2.82858243907772,-0.514566920626419,
2.72093466191859));
#7211=CARTESIAN_POINT('Ctrl Pts',(-2.82807167189138,-0.51733511251945,2.73593531229366));
#7212=CARTESIAN_POINT('Ctrl Pts',(-2.82807167189138,-0.51733511251945,2.75));
#7213=CARTESIAN_POINT('Ctrl Pts',(-2.82807167189138,-0.51733511251945,2.75));
#7214=CARTESIAN_POINT('Ctrl Pts',(-2.82807167189138,-0.51733511251945,2.76406468770634));
#7215=CARTESIAN_POINT('Ctrl Pts',(-2.82858243907772,-0.514566920626419,
2.77906533808141));
#7216=CARTESIAN_POINT('Ctrl Pts',(-2.83060793549331,-0.503305519496928,
2.80665770660741));
#7217=CARTESIAN_POINT('Ctrl Pts',(-2.83211676876563,-0.494811659920689,
2.81924959182262));
#7218=CARTESIAN_POINT('Ctrl Pts',(-2.83547367952105,-0.475197881524283,
2.83913589536238));
#7219=CARTESIAN_POINT('Ctrl Pts',(-2.8375447972942,-0.462768865419367,2.84775595103795));
#7220=CARTESIAN_POINT('Ctrl Pts',(-2.84185717752829,-0.435503481022574,
2.85918806229957));
#7221=CARTESIAN_POINT('Ctrl Pts',(-2.84409263143663,-0.420666144921255,
2.862));
#7222=CARTESIAN_POINT('Ctrl Pts',(-2.84807242936147,-0.392818286799119,
2.862));
#7223=CARTESIAN_POINT('Ctrl Pts',(-2.85008185797843,-0.377953383828763,
2.85918974363053));
#7224=CARTESIAN_POINT('Ctrl Pts',(-2.85357806929294,-0.350581745069458,
2.84776045718459));
#7225=CARTESIAN_POINT('Ctrl Pts',(-2.8550706988469,-0.338075744019281,2.83914145681451));
#7226=CARTESIAN_POINT('Ctrl Pts',(-2.85734134910158,-0.318314836697477,
2.81925443184047));
#7227=CARTESIAN_POINT('Ctrl Pts',(-2.85827167740733,-0.309742966442203,
2.80666039901149));
#7228=CARTESIAN_POINT('Ctrl Pts',(-2.85948098473503,-0.298372560874703,
2.77906533077633));
#7229=CARTESIAN_POINT('Ctrl Pts',(-2.85976581469528,-0.295574838408522,
2.76406421716483));
#7230=CARTESIAN_POINT('Ctrl Pts',(-2.85976581469528,-0.295574838408522,
2.75));
#7231=CARTESIAN_POINT('',(-2.85976581469528,-0.295574838408523,1.));
#7232=CARTESIAN_POINT('',(-2.82807167189138,-0.51733511251945,1.));
#7233=CARTESIAN_POINT('Ctrl Pts',(-2.85976581469528,-0.295574838408521,
1.));
#7234=CARTESIAN_POINT('Ctrl Pts',(-2.85976581469528,-0.295574838408522,
0.98593578283517));
#7235=CARTESIAN_POINT('Ctrl Pts',(-2.85948098473503,-0.298372560874703,
0.970934669223665));
#7236=CARTESIAN_POINT('Ctrl Pts',(-2.85827167740733,-0.309742966442203,
0.943339600988511));
#7237=CARTESIAN_POINT('Ctrl Pts',(-2.85734134910158,-0.318314836697478,
0.930745568159528));
#7238=CARTESIAN_POINT('Ctrl Pts',(-2.8550706988469,-0.338075744019281,0.910858543185488));
#7239=CARTESIAN_POINT('Ctrl Pts',(-2.85357806929294,-0.350581745069458,
0.902239542815409));
#7240=CARTESIAN_POINT('Ctrl Pts',(-2.85008185797843,-0.377953383828763,
0.890810256369467));
#7241=CARTESIAN_POINT('Ctrl Pts',(-2.84807242936147,-0.392818286799119,
0.888));
#7242=CARTESIAN_POINT('Ctrl Pts',(-2.84409263143663,-0.420666144921255,
0.888));
#7243=CARTESIAN_POINT('Ctrl Pts',(-2.84185717752829,-0.435503481022574,
0.89081193770043));
#7244=CARTESIAN_POINT('Ctrl Pts',(-2.8375447972942,-0.462768865419367,0.902244048962049));
#7245=CARTESIAN_POINT('Ctrl Pts',(-2.83547367952105,-0.475197881524283,
0.910864104637619));
#7246=CARTESIAN_POINT('Ctrl Pts',(-2.83211676876563,-0.494811659920689,
0.930750408177375));
#7247=CARTESIAN_POINT('Ctrl Pts',(-2.83060793549331,-0.503305519496928,
0.943342293392587));
#7248=CARTESIAN_POINT('Ctrl Pts',(-2.82858243907772,-0.514566920626419,
0.97093466191859));
#7249=CARTESIAN_POINT('Ctrl Pts',(-2.82807167189138,-0.51733511251945,0.985935312293661));
#7250=CARTESIAN_POINT('Ctrl Pts',(-2.82807167189138,-0.51733511251945,1.));
#7251=CARTESIAN_POINT('Ctrl Pts',(-2.82807167189138,-0.51733511251945,1.));
#7252=CARTESIAN_POINT('Ctrl Pts',(-2.82807167189138,-0.51733511251945,1.01406570549229));
#7253=CARTESIAN_POINT('Ctrl Pts',(-2.82858251289537,-0.514566523308249,
1.0290673715603));
#7254=CARTESIAN_POINT('Ctrl Pts',(-2.83060827408738,-0.50330362387631,1.0566612910068));
#7255=CARTESIAN_POINT('Ctrl Pts',(-2.83211729677189,-0.494808663122699,
1.069253711496));
#7256=CARTESIAN_POINT('Ctrl Pts',(-2.83547436019063,-0.475193816219182,
1.08913893537021));
#7257=CARTESIAN_POINT('Ctrl Pts',(-2.83754537076471,-0.462765325930884,
1.09775787457272));
#7258=CARTESIAN_POINT('Ctrl Pts',(-2.8418574818949,-0.435501470294968,1.1091884658271));
#7259=CARTESIAN_POINT('Ctrl Pts',(-2.84409277542489,-0.420665137391601,
1.112));
#7260=CARTESIAN_POINT('Ctrl Pts',(-2.8480725096536,-0.392817724970672,1.112));
#7261=CARTESIAN_POINT('Ctrl Pts',(-2.85008200911769,-0.377952259904766,
1.10918951863558));
#7262=CARTESIAN_POINT('Ctrl Pts',(-2.85357831514491,-0.350579760965075,
1.09775938436517));
#7263=CARTESIAN_POINT('Ctrl Pts',(-2.85507096942268,-0.338073461933494,
1.08913976117158));
#7264=CARTESIAN_POINT('Ctrl Pts',(-2.85734153446733,-0.318313150819298,
1.06925213404879));
#7265=CARTESIAN_POINT('Ctrl Pts',(-2.85827179218544,-0.309741899455282,
1.05665839986676));
#7266=CARTESIAN_POINT('Ctrl Pts',(-2.85948100725949,-0.298372336884953,
1.02906419675654));
#7267=CARTESIAN_POINT('Ctrl Pts',(-2.85976581469528,-0.295574838408521,
1.014063649636));
#7268=CARTESIAN_POINT('Ctrl Pts',(-2.85976581469528,-0.295574838408521,
1.));
#7269=CARTESIAN_POINT('',(-2.85976581469528,-0.295574838408522,4.5));
#7270=CARTESIAN_POINT('',(-2.82807167189138,-0.51733511251945,4.5));
#7271=CARTESIAN_POINT('Ctrl Pts',(-2.85976581469528,-0.295574838408521,
4.5));
#7272=CARTESIAN_POINT('Ctrl Pts',(-2.85976581469528,-0.295574838408521,
4.48593578283517));
#7273=CARTESIAN_POINT('Ctrl Pts',(-2.85948098473503,-0.298372560874703,
4.47093466922366));
#7274=CARTESIAN_POINT('Ctrl Pts',(-2.85827167740733,-0.309742966442203,
4.44333960098851));
#7275=CARTESIAN_POINT('Ctrl Pts',(-2.85734134910158,-0.318314836697477,
4.43074556815953));
#7276=CARTESIAN_POINT('Ctrl Pts',(-2.8550706988469,-0.338075744019281,4.41085854318549));
#7277=CARTESIAN_POINT('Ctrl Pts',(-2.85357806929294,-0.350581745069458,
4.40223954281541));
#7278=CARTESIAN_POINT('Ctrl Pts',(-2.85008185797843,-0.377953383828763,
4.39081025636947));
#7279=CARTESIAN_POINT('Ctrl Pts',(-2.84807242936147,-0.392818286799119,
4.388));
#7280=CARTESIAN_POINT('Ctrl Pts',(-2.84409263143663,-0.420666144921255,
4.388));
#7281=CARTESIAN_POINT('Ctrl Pts',(-2.84185717752829,-0.435503481022574,
4.39081193770043));
#7282=CARTESIAN_POINT('Ctrl Pts',(-2.8375447972942,-0.462768865419367,4.40224404896205));
#7283=CARTESIAN_POINT('Ctrl Pts',(-2.83547367952105,-0.475197881524283,
4.41086410463762));
#7284=CARTESIAN_POINT('Ctrl Pts',(-2.83211676876563,-0.494811659920689,
4.43075040817737));
#7285=CARTESIAN_POINT('Ctrl Pts',(-2.83060793549331,-0.503305519496928,
4.44334229339259));
#7286=CARTESIAN_POINT('Ctrl Pts',(-2.82858243907772,-0.514566920626419,
4.47093466191859));
#7287=CARTESIAN_POINT('Ctrl Pts',(-2.82807167189138,-0.51733511251945,4.48593531229366));
#7288=CARTESIAN_POINT('Ctrl Pts',(-2.82807167189138,-0.51733511251945,4.5));
#7289=CARTESIAN_POINT('Ctrl Pts',(-2.82807167189138,-0.51733511251945,4.5));
#7290=CARTESIAN_POINT('Ctrl Pts',(-2.82807167189138,-0.51733511251945,4.51406468770634));
#7291=CARTESIAN_POINT('Ctrl Pts',(-2.82858243907772,-0.514566920626419,
4.52906533808141));
#7292=CARTESIAN_POINT('Ctrl Pts',(-2.83060793549331,-0.503305519496928,
4.55665770660741));
#7293=CARTESIAN_POINT('Ctrl Pts',(-2.83211676876563,-0.494811659920689,
4.56924959182263));
#7294=CARTESIAN_POINT('Ctrl Pts',(-2.83547367952105,-0.475197881524283,
4.58913589536238));
#7295=CARTESIAN_POINT('Ctrl Pts',(-2.8375447972942,-0.462768865419367,4.59775595103795));
#7296=CARTESIAN_POINT('Ctrl Pts',(-2.84185717752829,-0.435503481022574,
4.60918806229957));
#7297=CARTESIAN_POINT('Ctrl Pts',(-2.84409263143663,-0.420666144921255,
4.612));
#7298=CARTESIAN_POINT('Ctrl Pts',(-2.84807242936147,-0.392818286799119,
4.612));
#7299=CARTESIAN_POINT('Ctrl Pts',(-2.85008185797843,-0.377953383828763,
4.60918974363053));
#7300=CARTESIAN_POINT('Ctrl Pts',(-2.85357806929294,-0.350581745069458,
4.59776045718459));
#7301=CARTESIAN_POINT('Ctrl Pts',(-2.8550706988469,-0.338075744019281,4.58914145681451));
#7302=CARTESIAN_POINT('Ctrl Pts',(-2.85734134910158,-0.318314836697477,
4.56925443184047));
#7303=CARTESIAN_POINT('Ctrl Pts',(-2.85827167740733,-0.309742966442203,
4.55666039901149));
#7304=CARTESIAN_POINT('Ctrl Pts',(-2.85948098473503,-0.298372560874703,
4.52906533077633));
#7305=CARTESIAN_POINT('Ctrl Pts',(-2.85976581469528,-0.295574838408521,
4.51406421716483));
#7306=CARTESIAN_POINT('Ctrl Pts',(-2.85976581469528,-0.295574838408521,
4.5));
#7307=CARTESIAN_POINT('',(0.966010486234161,-2.70784946784079,2.75));
#7308=CARTESIAN_POINT('',(1.17390758856638,-2.62441726360468,2.75));
#7309=CARTESIAN_POINT('Ctrl Pts',(0.966010486234161,-2.70784946784079,2.75));
#7310=CARTESIAN_POINT('Ctrl Pts',(0.966010486234161,-2.70784946784079,2.73593531229366));
#7311=CARTESIAN_POINT('Ctrl Pts',(0.968663194329246,-2.70690770925306,2.72093466191859));
#7312=CARTESIAN_POINT('Ctrl Pts',(0.979428601997386,-2.70303114003949,2.69334229339259));
#7313=CARTESIAN_POINT('Ctrl Pts',(0.987538916802749,-2.70009089819528,2.68075040817737));
#7314=CARTESIAN_POINT('Ctrl Pts',(1.00620340253594,-2.69319117898951,2.66086410463762));
#7315=CARTESIAN_POINT('Ctrl Pts',(1.01800280511343,-2.68877031154283,2.65224404896205));
#7316=CARTESIAN_POINT('Ctrl Pts',(1.04377151076204,-2.67887225017793,2.64081193770043));
#7317=CARTESIAN_POINT('Ctrl Pts',(1.05773874770444,-2.67338954200088,2.638));
#7318=CARTESIAN_POINT('Ctrl Pts',(1.08384559924162,-2.66291221904466,2.638));
#7319=CARTESIAN_POINT('Ctrl Pts',(1.09772369714721,-2.65721998378886,2.64081025636947));
#7320=CARTESIAN_POINT('Ctrl Pts',(1.12317633731324,-2.64656197222457,2.65223954281541));
#7321=CARTESIAN_POINT('Ctrl Pts',(1.13475316669942,-2.64160162681165,2.66085854318549));
#7322=CARTESIAN_POINT('Ctrl Pts',(1.15300193956928,-2.63368761395441,2.68074556815953));
#7323=CARTESIAN_POINT('Ctrl Pts',(1.16089056112116,-2.63020736677341,2.69333960098851));
#7324=CARTESIAN_POINT('Ctrl Pts',(1.1713422748578,-2.62556945485643,2.72093466922366));
#7325=CARTESIAN_POINT('Ctrl Pts',(1.17390758856638,-2.62441726360468,2.73593578283517));
#7326=CARTESIAN_POINT('Ctrl Pts',(1.17390758856638,-2.62441726360468,2.75));
#7327=CARTESIAN_POINT('Ctrl Pts',(1.17390758856638,-2.62441726360468,2.75));
#7328=CARTESIAN_POINT('Ctrl Pts',(1.17390758856638,-2.62441726360468,2.76406421716483));
#7329=CARTESIAN_POINT('Ctrl Pts',(1.1713422748578,-2.62556945485643,2.77906533077633));
#7330=CARTESIAN_POINT('Ctrl Pts',(1.16089056112116,-2.63020736677341,2.80666039901149));
#7331=CARTESIAN_POINT('Ctrl Pts',(1.15300193956928,-2.63368761395441,2.81925443184047));
#7332=CARTESIAN_POINT('Ctrl Pts',(1.13475316669942,-2.64160162681165,2.83914145681451));
#7333=CARTESIAN_POINT('Ctrl Pts',(1.12317633731324,-2.64656197222457,2.84776045718459));
#7334=CARTESIAN_POINT('Ctrl Pts',(1.09772369714721,-2.65721998378886,2.85918974363053));
#7335=CARTESIAN_POINT('Ctrl Pts',(1.08384559924162,-2.66291221904466,2.862));
#7336=CARTESIAN_POINT('Ctrl Pts',(1.05773874770444,-2.67338954200088,2.862));
#7337=CARTESIAN_POINT('Ctrl Pts',(1.04377151076204,-2.67887225017793,2.85918806229957));
#7338=CARTESIAN_POINT('Ctrl Pts',(1.01800280511343,-2.68877031154283,2.84775595103795));
#7339=CARTESIAN_POINT('Ctrl Pts',(1.00620340253594,-2.69319117898951,2.83913589536238));
#7340=CARTESIAN_POINT('Ctrl Pts',(0.987538916802749,-2.70009089819528,2.81924959182262));
#7341=CARTESIAN_POINT('Ctrl Pts',(0.979428601997387,-2.70303114003949,2.80665770660741));
#7342=CARTESIAN_POINT('Ctrl Pts',(0.968663194329246,-2.70690770925306,2.77906533808141));
#7343=CARTESIAN_POINT('Ctrl Pts',(0.966010486234161,-2.70784946784079,2.76406468770634));
#7344=CARTESIAN_POINT('Ctrl Pts',(0.966010486234161,-2.70784946784079,2.75));
#7345=CARTESIAN_POINT('',(0.966010486234161,-2.70784946784079,1.));
#7346=CARTESIAN_POINT('',(1.17390758856638,-2.62441726360468,1.));
#7347=CARTESIAN_POINT('Ctrl Pts',(0.966010486234161,-2.70784946784079,1.));
#7348=CARTESIAN_POINT('Ctrl Pts',(0.966010486234161,-2.70784946784079,0.985935312293661));
#7349=CARTESIAN_POINT('Ctrl Pts',(0.968663194329246,-2.70690770925306,0.97093466191859));
#7350=CARTESIAN_POINT('Ctrl Pts',(0.979428601997386,-2.70303114003949,0.943342293392587));
#7351=CARTESIAN_POINT('Ctrl Pts',(0.987538916802749,-2.70009089819528,0.930750408177375));
#7352=CARTESIAN_POINT('Ctrl Pts',(1.00620340253594,-2.69319117898951,0.910864104637619));
#7353=CARTESIAN_POINT('Ctrl Pts',(1.01800280511342,-2.68877031154283,0.902244048962049));
#7354=CARTESIAN_POINT('Ctrl Pts',(1.04377151076204,-2.67887225017793,0.89081193770043));
#7355=CARTESIAN_POINT('Ctrl Pts',(1.05773874770444,-2.67338954200088,0.888));
#7356=CARTESIAN_POINT('Ctrl Pts',(1.08384559924162,-2.66291221904466,0.888));
#7357=CARTESIAN_POINT('Ctrl Pts',(1.09772369714721,-2.65721998378886,0.890810256369467));
#7358=CARTESIAN_POINT('Ctrl Pts',(1.12317633731324,-2.64656197222457,0.902239542815409));
#7359=CARTESIAN_POINT('Ctrl Pts',(1.13475316669942,-2.64160162681165,0.910858543185488));
#7360=CARTESIAN_POINT('Ctrl Pts',(1.15300193956928,-2.63368761395441,0.930745568159528));
#7361=CARTESIAN_POINT('Ctrl Pts',(1.16089056112116,-2.63020736677341,0.943339600988511));
#7362=CARTESIAN_POINT('Ctrl Pts',(1.1713422748578,-2.62556945485643,0.970934669223665));
#7363=CARTESIAN_POINT('Ctrl Pts',(1.17390758856638,-2.62441726360468,0.98593578283517));
#7364=CARTESIAN_POINT('Ctrl Pts',(1.17390758856638,-2.62441726360468,1.));
#7365=CARTESIAN_POINT('Ctrl Pts',(1.17390758856638,-2.62441726360468,1.));
#7366=CARTESIAN_POINT('Ctrl Pts',(1.17390758856638,-2.62441726360468,1.014063649636));
#7367=CARTESIAN_POINT('Ctrl Pts',(1.17134248010085,-2.62556936236831,1.02906419675654));
#7368=CARTESIAN_POINT('Ctrl Pts',(1.160891542548,-2.63020693268071,1.05665839986676));
#7369=CARTESIAN_POINT('Ctrl Pts',(1.15300349226548,-2.63368693154677,1.06925213404879));
#7370=CARTESIAN_POINT('Ctrl Pts',(1.13475527833158,-2.64160072009425,1.08913976117158));
#7371=CARTESIAN_POINT('Ctrl Pts',(1.12317817852402,-2.64656119308643,1.09775938436517));
#7372=CARTESIAN_POINT('Ctrl Pts',(1.09772474606357,-2.65721955271729,1.10918951863558));
#7373=CARTESIAN_POINT('Ctrl Pts',(1.08384612594539,-2.66291200766545,1.112));
#7374=CARTESIAN_POINT('Ctrl Pts',(1.05773969224484,-2.67338916293354,1.112));
#7375=CARTESIAN_POINT('Ctrl Pts',(1.04377340428653,-2.67887150840334,1.1091884658271));
#7376=CARTESIAN_POINT('Ctrl Pts',(1.01800615713562,-2.68876903843862,1.09775787457272));
#7377=CARTESIAN_POINT('Ctrl Pts',(1.00620726352823,-2.69318973581411,1.08913893537021));
#7378=CARTESIAN_POINT('Ctrl Pts',(0.987541776109066,-2.70008985706312,1.069253711496));
#7379=CARTESIAN_POINT('Ctrl Pts',(0.979430412950035,-2.70303048546025,1.0566612910068));
#7380=CARTESIAN_POINT('Ctrl Pts',(0.968663575325701,-2.70690757452194,1.0290673715603));
#7381=CARTESIAN_POINT('Ctrl Pts',(0.966010486234161,-2.70784946784079,1.01406570549229));
#7382=CARTESIAN_POINT('Ctrl Pts',(0.966010486234161,-2.70784946784079,1.));
#7383=CARTESIAN_POINT('',(0.966010486234161,-2.70784946784079,4.5));
#7384=CARTESIAN_POINT('',(1.17390758856638,-2.62441726360468,4.5));
#7385=CARTESIAN_POINT('Ctrl Pts',(0.966010486234161,-2.70784946784079,4.5));
#7386=CARTESIAN_POINT('Ctrl Pts',(0.966010486234161,-2.70784946784079,4.48593531229366));
#7387=CARTESIAN_POINT('Ctrl Pts',(0.968663194329246,-2.70690770925306,4.47093466191859));
#7388=CARTESIAN_POINT('Ctrl Pts',(0.979428601997386,-2.70303114003949,4.44334229339259));
#7389=CARTESIAN_POINT('Ctrl Pts',(0.987538916802749,-2.70009089819528,4.43075040817737));
#7390=CARTESIAN_POINT('Ctrl Pts',(1.00620340253594,-2.69319117898951,4.41086410463762));
#7391=CARTESIAN_POINT('Ctrl Pts',(1.01800280511343,-2.68877031154283,4.40224404896205));
#7392=CARTESIAN_POINT('Ctrl Pts',(1.04377151076204,-2.67887225017793,4.39081193770043));
#7393=CARTESIAN_POINT('Ctrl Pts',(1.05773874770444,-2.67338954200088,4.388));
#7394=CARTESIAN_POINT('Ctrl Pts',(1.08384559924162,-2.66291221904466,4.388));
#7395=CARTESIAN_POINT('Ctrl Pts',(1.09772369714721,-2.65721998378886,4.39081025636947));
#7396=CARTESIAN_POINT('Ctrl Pts',(1.12317633731324,-2.64656197222457,4.40223954281541));
#7397=CARTESIAN_POINT('Ctrl Pts',(1.13475316669942,-2.64160162681165,4.41085854318549));
#7398=CARTESIAN_POINT('Ctrl Pts',(1.15300193956928,-2.63368761395441,4.43074556815953));
#7399=CARTESIAN_POINT('Ctrl Pts',(1.16089056112116,-2.63020736677341,4.44333960098851));
#7400=CARTESIAN_POINT('Ctrl Pts',(1.1713422748578,-2.62556945485643,4.47093466922366));
#7401=CARTESIAN_POINT('Ctrl Pts',(1.17390758856638,-2.62441726360468,4.48593578283517));
#7402=CARTESIAN_POINT('Ctrl Pts',(1.17390758856638,-2.62441726360468,4.5));
#7403=CARTESIAN_POINT('Ctrl Pts',(1.17390758856638,-2.62441726360468,4.5));
#7404=CARTESIAN_POINT('Ctrl Pts',(1.17390758856638,-2.62441726360468,4.51406421716483));
#7405=CARTESIAN_POINT('Ctrl Pts',(1.1713422748578,-2.62556945485643,4.52906533077633));
#7406=CARTESIAN_POINT('Ctrl Pts',(1.16089056112116,-2.63020736677341,4.55666039901149));
#7407=CARTESIAN_POINT('Ctrl Pts',(1.15300193956928,-2.63368761395441,4.56925443184047));
#7408=CARTESIAN_POINT('Ctrl Pts',(1.13475316669942,-2.64160162681165,4.58914145681451));
#7409=CARTESIAN_POINT('Ctrl Pts',(1.12317633731324,-2.64656197222457,4.59776045718459));
#7410=CARTESIAN_POINT('Ctrl Pts',(1.09772369714721,-2.65721998378886,4.60918974363053));
#7411=CARTESIAN_POINT('Ctrl Pts',(1.08384559924162,-2.66291221904466,4.612));
#7412=CARTESIAN_POINT('Ctrl Pts',(1.05773874770444,-2.67338954200088,4.612));
#7413=CARTESIAN_POINT('Ctrl Pts',(1.04377151076204,-2.67887225017793,4.60918806229957));
#7414=CARTESIAN_POINT('Ctrl Pts',(1.01800280511343,-2.68877031154283,4.59775595103795));
#7415=CARTESIAN_POINT('Ctrl Pts',(1.00620340253594,-2.69319117898951,4.58913589536238));
#7416=CARTESIAN_POINT('Ctrl Pts',(0.987538916802749,-2.70009089819528,4.56924959182263));
#7417=CARTESIAN_POINT('Ctrl Pts',(0.979428601997386,-2.70303114003949,4.55665770660741));
#7418=CARTESIAN_POINT('Ctrl Pts',(0.968663194329246,-2.70690770925306,4.52906533808141));
#7419=CARTESIAN_POINT('Ctrl Pts',(0.966010486234161,-2.70784946784079,4.51406468770634));
#7420=CARTESIAN_POINT('Ctrl Pts',(0.966010486234161,-2.70784946784079,4.5));
#7421=CARTESIAN_POINT('',(-1.17390758856638,-2.62441726360468,2.75));
#7422=CARTESIAN_POINT('',(-0.966010486234164,-2.70784946784079,2.75));
#7423=CARTESIAN_POINT('Ctrl Pts',(-1.17390758856638,-2.62441726360468,2.75));
#7424=CARTESIAN_POINT('Ctrl Pts',(-1.17390758856638,-2.62441726360468,2.73593578283517));
#7425=CARTESIAN_POINT('Ctrl Pts',(-1.1713422748578,-2.62556945485643,2.72093466922366));
#7426=CARTESIAN_POINT('Ctrl Pts',(-1.16089056112117,-2.63020736677341,2.69333960098851));
#7427=CARTESIAN_POINT('Ctrl Pts',(-1.15300193956928,-2.63368761395441,2.68074556815953));
#7428=CARTESIAN_POINT('Ctrl Pts',(-1.13475316669943,-2.64160162681165,2.66085854318549));
#7429=CARTESIAN_POINT('Ctrl Pts',(-1.12317633731324,-2.64656197222456,2.65223954281541));
#7430=CARTESIAN_POINT('Ctrl Pts',(-1.09772369714722,-2.65721998378886,2.64081025636947));
#7431=CARTESIAN_POINT('Ctrl Pts',(-1.08384559924162,-2.66291221904466,2.638));
#7432=CARTESIAN_POINT('Ctrl Pts',(-1.05773874770444,-2.67338954200088,2.638));
#7433=CARTESIAN_POINT('Ctrl Pts',(-1.04377151076204,-2.67887225017793,2.64081193770043));
#7434=CARTESIAN_POINT('Ctrl Pts',(-1.01800280511343,-2.68877031154283,2.65224404896205));
#7435=CARTESIAN_POINT('Ctrl Pts',(-1.00620340253595,-2.69319117898951,2.66086410463762));
#7436=CARTESIAN_POINT('Ctrl Pts',(-0.987538916802752,-2.70009089819528,
2.68075040817737));
#7437=CARTESIAN_POINT('Ctrl Pts',(-0.979428601997389,-2.70303114003949,
2.69334229339259));
#7438=CARTESIAN_POINT('Ctrl Pts',(-0.968663194329249,-2.70690770925306,
2.72093466191859));
#7439=CARTESIAN_POINT('Ctrl Pts',(-0.966010486234164,-2.70784946784079,
2.73593531229366));
#7440=CARTESIAN_POINT('Ctrl Pts',(-0.966010486234164,-2.70784946784079,
2.75));
#7441=CARTESIAN_POINT('Ctrl Pts',(-0.966010486234164,-2.70784946784079,
2.75));
#7442=CARTESIAN_POINT('Ctrl Pts',(-0.966010486234164,-2.70784946784079,
2.76406468770634));
#7443=CARTESIAN_POINT('Ctrl Pts',(-0.968663194329249,-2.70690770925306,
2.77906533808141));
#7444=CARTESIAN_POINT('Ctrl Pts',(-0.979428601997389,-2.70303114003949,
2.80665770660741));
#7445=CARTESIAN_POINT('Ctrl Pts',(-0.987538916802752,-2.70009089819528,
2.81924959182262));
#7446=CARTESIAN_POINT('Ctrl Pts',(-1.00620340253595,-2.69319117898951,2.83913589536238));
#7447=CARTESIAN_POINT('Ctrl Pts',(-1.01800280511343,-2.68877031154283,2.84775595103795));
#7448=CARTESIAN_POINT('Ctrl Pts',(-1.04377151076204,-2.67887225017793,2.85918806229957));
#7449=CARTESIAN_POINT('Ctrl Pts',(-1.05773874770444,-2.67338954200088,2.862));
#7450=CARTESIAN_POINT('Ctrl Pts',(-1.08384559924162,-2.66291221904466,2.862));
#7451=CARTESIAN_POINT('Ctrl Pts',(-1.09772369714722,-2.65721998378886,2.85918974363053));
#7452=CARTESIAN_POINT('Ctrl Pts',(-1.12317633731324,-2.64656197222456,2.84776045718459));
#7453=CARTESIAN_POINT('Ctrl Pts',(-1.13475316669943,-2.64160162681165,2.83914145681451));
#7454=CARTESIAN_POINT('Ctrl Pts',(-1.15300193956928,-2.63368761395441,2.81925443184047));
#7455=CARTESIAN_POINT('Ctrl Pts',(-1.16089056112117,-2.63020736677341,2.80666039901149));
#7456=CARTESIAN_POINT('Ctrl Pts',(-1.1713422748578,-2.62556945485643,2.77906533077633));
#7457=CARTESIAN_POINT('Ctrl Pts',(-1.17390758856638,-2.62441726360468,2.76406421716483));
#7458=CARTESIAN_POINT('Ctrl Pts',(-1.17390758856638,-2.62441726360468,2.75));
#7459=CARTESIAN_POINT('',(-1.17390758856638,-2.62441726360468,1.));
#7460=CARTESIAN_POINT('',(-0.96601048623416,-2.70784946784079,1.));
#7461=CARTESIAN_POINT('Ctrl Pts',(-1.17390758856638,-2.62441726360468,1.));
#7462=CARTESIAN_POINT('Ctrl Pts',(-1.17390758856638,-2.62441726360468,0.985935782835169));
#7463=CARTESIAN_POINT('Ctrl Pts',(-1.1713422748578,-2.62556945485643,0.970934669223665));
#7464=CARTESIAN_POINT('Ctrl Pts',(-1.16089056112116,-2.63020736677341,0.943339600988511));
#7465=CARTESIAN_POINT('Ctrl Pts',(-1.15300193956928,-2.63368761395441,0.930745568159528));
#7466=CARTESIAN_POINT('Ctrl Pts',(-1.13475316669942,-2.64160162681165,0.910858543185488));
#7467=CARTESIAN_POINT('Ctrl Pts',(-1.12317633731323,-2.64656197222457,0.902239542815409));
#7468=CARTESIAN_POINT('Ctrl Pts',(-1.09772369714721,-2.65721998378886,0.890810256369467));
#7469=CARTESIAN_POINT('Ctrl Pts',(-1.08384559924161,-2.66291221904466,0.888));
#7470=CARTESIAN_POINT('Ctrl Pts',(-1.05773874770444,-2.67338954200089,0.888));
#7471=CARTESIAN_POINT('Ctrl Pts',(-1.04377151076204,-2.67887225017793,0.89081193770043));
#7472=CARTESIAN_POINT('Ctrl Pts',(-1.01800280511342,-2.68877031154283,0.902244048962049));
#7473=CARTESIAN_POINT('Ctrl Pts',(-1.00620340253594,-2.69319117898951,0.910864104637619));
#7474=CARTESIAN_POINT('Ctrl Pts',(-0.987538916802749,-2.70009089819528,
0.930750408177375));
#7475=CARTESIAN_POINT('Ctrl Pts',(-0.979428601997386,-2.70303114003949,
0.943342293392587));
#7476=CARTESIAN_POINT('Ctrl Pts',(-0.968663194329245,-2.70690770925306,
0.97093466191859));
#7477=CARTESIAN_POINT('Ctrl Pts',(-0.96601048623416,-2.70784946784079,0.985935312293661));
#7478=CARTESIAN_POINT('Ctrl Pts',(-0.96601048623416,-2.70784946784079,0.999999999999999));
#7479=CARTESIAN_POINT('Ctrl Pts',(-0.96601048623416,-2.70784946784079,1.));
#7480=CARTESIAN_POINT('Ctrl Pts',(-0.96601048623416,-2.70784946784079,1.01406570549229));
#7481=CARTESIAN_POINT('Ctrl Pts',(-0.968663575325701,-2.70690757452194,
1.0290673715603));
#7482=CARTESIAN_POINT('Ctrl Pts',(-0.979430412950035,-2.70303048546025,
1.0566612910068));
#7483=CARTESIAN_POINT('Ctrl Pts',(-0.987541776109065,-2.70008985706312,
1.069253711496));
#7484=CARTESIAN_POINT('Ctrl Pts',(-1.00620726352823,-2.69318973581411,1.08913893537021));
#7485=CARTESIAN_POINT('Ctrl Pts',(-1.01800615713562,-2.68876903843862,1.09775787457272));
#7486=CARTESIAN_POINT('Ctrl Pts',(-1.04377340428653,-2.67887150840334,1.1091884658271));
#7487=CARTESIAN_POINT('Ctrl Pts',(-1.05773969224484,-2.67338916293354,1.112));
#7488=CARTESIAN_POINT('Ctrl Pts',(-1.08384612594539,-2.66291200766545,1.112));
#7489=CARTESIAN_POINT('Ctrl Pts',(-1.09772474606357,-2.65721955271729,1.10918951863558));
#7490=CARTESIAN_POINT('Ctrl Pts',(-1.12317817852402,-2.64656119308643,1.09775938436517));
#7491=CARTESIAN_POINT('Ctrl Pts',(-1.13475527833158,-2.64160072009425,1.08913976117158));
#7492=CARTESIAN_POINT('Ctrl Pts',(-1.15300349226548,-2.63368693154677,1.06925213404879));
#7493=CARTESIAN_POINT('Ctrl Pts',(-1.160891542548,-2.63020693268071,1.05665839986676));
#7494=CARTESIAN_POINT('Ctrl Pts',(-1.17134248010084,-2.62556936236831,1.02906419675654));
#7495=CARTESIAN_POINT('Ctrl Pts',(-1.17390758856638,-2.62441726360468,1.014063649636));
#7496=CARTESIAN_POINT('Ctrl Pts',(-1.17390758856638,-2.62441726360468,1.));
#7497=CARTESIAN_POINT('',(-1.17390758856638,-2.62441726360468,4.5));
#7498=CARTESIAN_POINT('',(-0.966010486234164,-2.70784946784079,4.5));
#7499=CARTESIAN_POINT('Ctrl Pts',(-1.17390758856638,-2.62441726360468,4.5));
#7500=CARTESIAN_POINT('Ctrl Pts',(-1.17390758856638,-2.62441726360468,4.48593578283517));
#7501=CARTESIAN_POINT('Ctrl Pts',(-1.1713422748578,-2.62556945485643,4.47093466922366));
#7502=CARTESIAN_POINT('Ctrl Pts',(-1.16089056112117,-2.63020736677341,4.44333960098851));
#7503=CARTESIAN_POINT('Ctrl Pts',(-1.15300193956928,-2.63368761395441,4.43074556815953));
#7504=CARTESIAN_POINT('Ctrl Pts',(-1.13475316669943,-2.64160162681165,4.41085854318549));
#7505=CARTESIAN_POINT('Ctrl Pts',(-1.12317633731324,-2.64656197222457,4.40223954281541));
#7506=CARTESIAN_POINT('Ctrl Pts',(-1.09772369714722,-2.65721998378886,4.39081025636947));
#7507=CARTESIAN_POINT('Ctrl Pts',(-1.08384559924162,-2.66291221904466,4.388));
#7508=CARTESIAN_POINT('Ctrl Pts',(-1.05773874770444,-2.67338954200088,4.388));
#7509=CARTESIAN_POINT('Ctrl Pts',(-1.04377151076204,-2.67887225017793,4.39081193770043));
#7510=CARTESIAN_POINT('Ctrl Pts',(-1.01800280511343,-2.68877031154283,4.40224404896205));
#7511=CARTESIAN_POINT('Ctrl Pts',(-1.00620340253595,-2.69319117898951,4.41086410463762));
#7512=CARTESIAN_POINT('Ctrl Pts',(-0.987538916802752,-2.70009089819528,
4.43075040817737));
#7513=CARTESIAN_POINT('Ctrl Pts',(-0.979428601997389,-2.70303114003949,
4.44334229339259));
#7514=CARTESIAN_POINT('Ctrl Pts',(-0.968663194329249,-2.70690770925306,
4.47093466191859));
#7515=CARTESIAN_POINT('Ctrl Pts',(-0.966010486234164,-2.70784946784079,
4.48593531229366));
#7516=CARTESIAN_POINT('Ctrl Pts',(-0.966010486234164,-2.70784946784079,
4.5));
#7517=CARTESIAN_POINT('Ctrl Pts',(-0.966010486234164,-2.70784946784079,
4.5));
#7518=CARTESIAN_POINT('Ctrl Pts',(-0.966010486234164,-2.70784946784079,
4.51406468770634));
#7519=CARTESIAN_POINT('Ctrl Pts',(-0.968663194329249,-2.70690770925306,
4.52906533808141));
#7520=CARTESIAN_POINT('Ctrl Pts',(-0.979428601997389,-2.70303114003949,
4.55665770660741));
#7521=CARTESIAN_POINT('Ctrl Pts',(-0.987538916802752,-2.70009089819528,
4.56924959182263));
#7522=CARTESIAN_POINT('Ctrl Pts',(-1.00620340253595,-2.69319117898951,4.58913589536238));
#7523=CARTESIAN_POINT('Ctrl Pts',(-1.01800280511343,-2.68877031154283,4.59775595103795));
#7524=CARTESIAN_POINT('Ctrl Pts',(-1.04377151076204,-2.67887225017793,4.60918806229957));
#7525=CARTESIAN_POINT('Ctrl Pts',(-1.05773874770444,-2.67338954200088,4.612));
#7526=CARTESIAN_POINT('Ctrl Pts',(-1.08384559924162,-2.66291221904466,4.612));
#7527=CARTESIAN_POINT('Ctrl Pts',(-1.09772369714722,-2.65721998378886,4.60918974363053));
#7528=CARTESIAN_POINT('Ctrl Pts',(-1.12317633731324,-2.64656197222457,4.59776045718459));
#7529=CARTESIAN_POINT('Ctrl Pts',(-1.13475316669943,-2.64160162681165,4.58914145681451));
#7530=CARTESIAN_POINT('Ctrl Pts',(-1.15300193956928,-2.63368761395441,4.56925443184047));
#7531=CARTESIAN_POINT('Ctrl Pts',(-1.16089056112117,-2.63020736677341,4.55666039901149));
#7532=CARTESIAN_POINT('Ctrl Pts',(-1.1713422748578,-2.62556945485643,4.52906533077633));
#7533=CARTESIAN_POINT('Ctrl Pts',(-1.17390758856638,-2.62441726360468,4.51406421716483));
#7534=CARTESIAN_POINT('Ctrl Pts',(-1.17390758856638,-2.62441726360468,4.5));
#7535=CARTESIAN_POINT('',(2.82807167189138,-0.517335112519453,2.75));
#7536=CARTESIAN_POINT('',(2.85976581469528,-0.295574838408526,2.75));
#7537=CARTESIAN_POINT('Ctrl Pts',(2.82807167189138,-0.517335112519454,2.75));
#7538=CARTESIAN_POINT('Ctrl Pts',(2.82807167189138,-0.517335112519454,2.73593531229366));
#7539=CARTESIAN_POINT('Ctrl Pts',(2.82858243907772,-0.514566920626424,2.72093466191859));
#7540=CARTESIAN_POINT('Ctrl Pts',(2.83060793549331,-0.503305519496933,2.69334229339259));
#7541=CARTESIAN_POINT('Ctrl Pts',(2.83211676876563,-0.494811659920694,2.68075040817737));
#7542=CARTESIAN_POINT('Ctrl Pts',(2.83547367952105,-0.475197881524288,2.66086410463762));
#7543=CARTESIAN_POINT('Ctrl Pts',(2.8375447972942,-0.462768865419372,2.65224404896205));
#7544=CARTESIAN_POINT('Ctrl Pts',(2.84185717752829,-0.435503481022579,2.64081193770043));
#7545=CARTESIAN_POINT('Ctrl Pts',(2.84409263143663,-0.42066614492126,2.638));
#7546=CARTESIAN_POINT('Ctrl Pts',(2.84807242936147,-0.392818286799123,2.638));
#7547=CARTESIAN_POINT('Ctrl Pts',(2.85008185797843,-0.377953383828768,2.64081025636947));
#7548=CARTESIAN_POINT('Ctrl Pts',(2.85357806929294,-0.350581745069463,2.65223954281541));
#7549=CARTESIAN_POINT('Ctrl Pts',(2.8550706988469,-0.338075744019286,2.66085854318549));
#7550=CARTESIAN_POINT('Ctrl Pts',(2.85734134910158,-0.318314836697482,2.68074556815953));
#7551=CARTESIAN_POINT('Ctrl Pts',(2.85827167740733,-0.309742966442208,2.69333960098851));
#7552=CARTESIAN_POINT('Ctrl Pts',(2.85948098473503,-0.298372560874708,2.72093466922366));
#7553=CARTESIAN_POINT('Ctrl Pts',(2.85976581469528,-0.295574838408526,2.73593578283517));
#7554=CARTESIAN_POINT('Ctrl Pts',(2.85976581469528,-0.295574838408526,2.75));
#7555=CARTESIAN_POINT('Ctrl Pts',(2.85976581469528,-0.295574838408526,2.75));
#7556=CARTESIAN_POINT('Ctrl Pts',(2.85976581469528,-0.295574838408526,2.76406421716483));
#7557=CARTESIAN_POINT('Ctrl Pts',(2.85948098473503,-0.298372560874708,2.77906533077633));
#7558=CARTESIAN_POINT('Ctrl Pts',(2.85827167740733,-0.309742966442208,2.80666039901149));
#7559=CARTESIAN_POINT('Ctrl Pts',(2.85734134910158,-0.318314836697482,2.81925443184047));
#7560=CARTESIAN_POINT('Ctrl Pts',(2.8550706988469,-0.338075744019286,2.83914145681451));
#7561=CARTESIAN_POINT('Ctrl Pts',(2.85357806929294,-0.350581745069462,2.84776045718459));
#7562=CARTESIAN_POINT('Ctrl Pts',(2.85008185797843,-0.377953383828767,2.85918974363053));
#7563=CARTESIAN_POINT('Ctrl Pts',(2.84807242936147,-0.392818286799123,2.862));
#7564=CARTESIAN_POINT('Ctrl Pts',(2.84409263143663,-0.42066614492126,2.862));
#7565=CARTESIAN_POINT('Ctrl Pts',(2.84185717752829,-0.435503481022579,2.85918806229957));
#7566=CARTESIAN_POINT('Ctrl Pts',(2.8375447972942,-0.462768865419372,2.84775595103795));
#7567=CARTESIAN_POINT('Ctrl Pts',(2.83547367952105,-0.475197881524288,2.83913589536238));
#7568=CARTESIAN_POINT('Ctrl Pts',(2.83211676876563,-0.494811659920694,2.81924959182262));
#7569=CARTESIAN_POINT('Ctrl Pts',(2.83060793549331,-0.503305519496933,2.80665770660741));
#7570=CARTESIAN_POINT('Ctrl Pts',(2.82858243907772,-0.514566920626424,2.77906533808141));
#7571=CARTESIAN_POINT('Ctrl Pts',(2.82807167189138,-0.517335112519454,2.76406468770634));
#7572=CARTESIAN_POINT('Ctrl Pts',(2.82807167189138,-0.517335112519454,2.75));
#7573=CARTESIAN_POINT('',(2.82807167189138,-0.517335112519453,1.));
#7574=CARTESIAN_POINT('',(2.85976581469528,-0.295574838408526,1.));
#7575=CARTESIAN_POINT('Ctrl Pts',(2.82807167189138,-0.517335112519454,1.));
#7576=CARTESIAN_POINT('Ctrl Pts',(2.82807167189138,-0.517335112519454,0.985935312293661));
#7577=CARTESIAN_POINT('Ctrl Pts',(2.82858243907772,-0.514566920626424,0.97093466191859));
#7578=CARTESIAN_POINT('Ctrl Pts',(2.83060793549331,-0.503305519496933,0.943342293392587));
#7579=CARTESIAN_POINT('Ctrl Pts',(2.83211676876563,-0.494811659920694,0.930750408177375));
#7580=CARTESIAN_POINT('Ctrl Pts',(2.83547367952105,-0.475197881524288,0.910864104637619));
#7581=CARTESIAN_POINT('Ctrl Pts',(2.8375447972942,-0.462768865419372,0.902244048962049));
#7582=CARTESIAN_POINT('Ctrl Pts',(2.84185717752829,-0.435503481022579,0.89081193770043));
#7583=CARTESIAN_POINT('Ctrl Pts',(2.84409263143663,-0.42066614492126,0.888));
#7584=CARTESIAN_POINT('Ctrl Pts',(2.84807242936147,-0.392818286799123,0.888));
#7585=CARTESIAN_POINT('Ctrl Pts',(2.85008185797843,-0.377953383828767,0.890810256369467));
#7586=CARTESIAN_POINT('Ctrl Pts',(2.85357806929294,-0.350581745069463,0.902239542815409));
#7587=CARTESIAN_POINT('Ctrl Pts',(2.8550706988469,-0.338075744019286,0.910858543185488));
#7588=CARTESIAN_POINT('Ctrl Pts',(2.85734134910158,-0.318314836697482,0.930745568159528));
#7589=CARTESIAN_POINT('Ctrl Pts',(2.85827167740733,-0.309742966442208,0.943339600988511));
#7590=CARTESIAN_POINT('Ctrl Pts',(2.85948098473503,-0.298372560874708,0.970934669223664));
#7591=CARTESIAN_POINT('Ctrl Pts',(2.85976581469528,-0.295574838408526,0.985935782835169));
#7592=CARTESIAN_POINT('Ctrl Pts',(2.85976581469528,-0.295574838408526,1.));
#7593=CARTESIAN_POINT('Ctrl Pts',(2.85976581469528,-0.295574838408526,1.));
#7594=CARTESIAN_POINT('Ctrl Pts',(2.85976581469528,-0.295574838408526,1.014063649636));
#7595=CARTESIAN_POINT('Ctrl Pts',(2.85948100725949,-0.298372336884958,1.02906419675654));
#7596=CARTESIAN_POINT('Ctrl Pts',(2.85827179218544,-0.309741899455286,1.05665839986676));
#7597=CARTESIAN_POINT('Ctrl Pts',(2.85734153446733,-0.318313150819302,1.06925213404879));
#7598=CARTESIAN_POINT('Ctrl Pts',(2.85507096942268,-0.338073461933499,1.08913976117158));
#7599=CARTESIAN_POINT('Ctrl Pts',(2.85357831514491,-0.35057976096508,1.09775938436517));
#7600=CARTESIAN_POINT('Ctrl Pts',(2.85008200911769,-0.37795225990477,1.10918951863558));
#7601=CARTESIAN_POINT('Ctrl Pts',(2.8480725096536,-0.392817724970676,1.112));
#7602=CARTESIAN_POINT('Ctrl Pts',(2.84409277542488,-0.420665137391606,1.112));
#7603=CARTESIAN_POINT('Ctrl Pts',(2.8418574818949,-0.435501470294973,1.1091884658271));
#7604=CARTESIAN_POINT('Ctrl Pts',(2.83754537076471,-0.462765325930889,1.09775787457272));
#7605=CARTESIAN_POINT('Ctrl Pts',(2.83547436019063,-0.475193816219187,1.08913893537021));
#7606=CARTESIAN_POINT('Ctrl Pts',(2.83211729677188,-0.494808663122704,1.069253711496));
#7607=CARTESIAN_POINT('Ctrl Pts',(2.83060827408738,-0.503303623876314,1.0566612910068));
#7608=CARTESIAN_POINT('Ctrl Pts',(2.82858251289537,-0.514566523308254,1.0290673715603));
#7609=CARTESIAN_POINT('Ctrl Pts',(2.82807167189138,-0.517335112519455,1.01406570549229));
#7610=CARTESIAN_POINT('Ctrl Pts',(2.82807167189138,-0.517335112519454,0.999999999999999));
#7611=CARTESIAN_POINT('',(2.82807167189138,-0.517335112519453,4.5));
#7612=CARTESIAN_POINT('',(2.85976581469528,-0.295574838408526,4.5));
#7613=CARTESIAN_POINT('Ctrl Pts',(2.82807167189138,-0.517335112519454,4.5));
#7614=CARTESIAN_POINT('Ctrl Pts',(2.82807167189138,-0.517335112519454,4.48593531229366));
#7615=CARTESIAN_POINT('Ctrl Pts',(2.82858243907772,-0.514566920626424,4.47093466191859));
#7616=CARTESIAN_POINT('Ctrl Pts',(2.83060793549331,-0.503305519496933,4.44334229339259));
#7617=CARTESIAN_POINT('Ctrl Pts',(2.83211676876563,-0.494811659920694,4.43075040817737));
#7618=CARTESIAN_POINT('Ctrl Pts',(2.83547367952105,-0.475197881524287,4.41086410463762));
#7619=CARTESIAN_POINT('Ctrl Pts',(2.8375447972942,-0.462768865419372,4.40224404896205));
#7620=CARTESIAN_POINT('Ctrl Pts',(2.84185717752829,-0.435503481022579,4.39081193770043));
#7621=CARTESIAN_POINT('Ctrl Pts',(2.84409263143663,-0.42066614492126,4.388));
#7622=CARTESIAN_POINT('Ctrl Pts',(2.84807242936147,-0.392818286799123,4.388));
#7623=CARTESIAN_POINT('Ctrl Pts',(2.85008185797843,-0.377953383828768,4.39081025636947));
#7624=CARTESIAN_POINT('Ctrl Pts',(2.85357806929294,-0.350581745069463,4.40223954281541));
#7625=CARTESIAN_POINT('Ctrl Pts',(2.8550706988469,-0.338075744019286,4.41085854318549));
#7626=CARTESIAN_POINT('Ctrl Pts',(2.85734134910158,-0.318314836697482,4.43074556815953));
#7627=CARTESIAN_POINT('Ctrl Pts',(2.85827167740733,-0.309742966442208,4.44333960098851));
#7628=CARTESIAN_POINT('Ctrl Pts',(2.85948098473503,-0.298372560874708,4.47093466922366));
#7629=CARTESIAN_POINT('Ctrl Pts',(2.85976581469528,-0.295574838408526,4.48593578283517));
#7630=CARTESIAN_POINT('Ctrl Pts',(2.85976581469528,-0.295574838408526,4.5));
#7631=CARTESIAN_POINT('Ctrl Pts',(2.85976581469528,-0.295574838408526,4.5));
#7632=CARTESIAN_POINT('Ctrl Pts',(2.85976581469528,-0.295574838408526,4.51406421716483));
#7633=CARTESIAN_POINT('Ctrl Pts',(2.85948098473503,-0.298372560874708,4.52906533077633));
#7634=CARTESIAN_POINT('Ctrl Pts',(2.85827167740733,-0.309742966442208,4.55666039901149));
#7635=CARTESIAN_POINT('Ctrl Pts',(2.85734134910158,-0.318314836697482,4.56925443184047));
#7636=CARTESIAN_POINT('Ctrl Pts',(2.8550706988469,-0.338075744019286,4.58914145681451));
#7637=CARTESIAN_POINT('Ctrl Pts',(2.85357806929294,-0.350581745069463,4.59776045718459));
#7638=CARTESIAN_POINT('Ctrl Pts',(2.85008185797843,-0.377953383828768,4.60918974363053));
#7639=CARTESIAN_POINT('Ctrl Pts',(2.84807242936147,-0.392818286799123,4.612));
#7640=CARTESIAN_POINT('Ctrl Pts',(2.84409263143663,-0.42066614492126,4.612));
#7641=CARTESIAN_POINT('Ctrl Pts',(2.84185717752829,-0.435503481022579,4.60918806229957));
#7642=CARTESIAN_POINT('Ctrl Pts',(2.8375447972942,-0.462768865419372,4.59775595103795));
#7643=CARTESIAN_POINT('Ctrl Pts',(2.83547367952105,-0.475197881524287,4.58913589536238));
#7644=CARTESIAN_POINT('Ctrl Pts',(2.83211676876563,-0.494811659920694,4.56924959182263));
#7645=CARTESIAN_POINT('Ctrl Pts',(2.83060793549331,-0.503305519496933,4.55665770660741));
#7646=CARTESIAN_POINT('Ctrl Pts',(2.82858243907772,-0.514566920626424,4.52906533808141));
#7647=CARTESIAN_POINT('Ctrl Pts',(2.82807167189138,-0.517335112519454,4.51406468770634));
#7648=CARTESIAN_POINT('Ctrl Pts',(2.82807167189138,-0.517335112519454,4.5));
#7649=CARTESIAN_POINT('',(1.6858582261289,-2.32884242519616,2.75));
#7650=CARTESIAN_POINT('',(1.86206118565722,-2.19051435532133,2.75));
#7651=CARTESIAN_POINT('Ctrl Pts',(1.68585822612891,-2.32884242519615,2.75));
#7652=CARTESIAN_POINT('Ctrl Pts',(1.68585822612891,-2.32884242519615,2.73593578283517));
#7653=CARTESIAN_POINT('Ctrl Pts',(1.68813870987724,-2.32719689398172,2.72093466922366));
#7654=CARTESIAN_POINT('Ctrl Pts',(1.69738111628617,-2.3204644003312,2.69333960098851));
#7655=CARTESIAN_POINT('Ctrl Pts',(1.70433940953231,-2.31537277725693,2.68074556815953));
#7656=CARTESIAN_POINT('Ctrl Pts',(1.72031753214748,-2.30352588279236,2.66085854318549));
#7657=CARTESIAN_POINT('Ctrl Pts',(1.73040173197971,-2.2959802271551,2.65223954281541));
#7658=CARTESIAN_POINT('Ctrl Pts',(1.75235816083122,-2.27926659996009,2.64081025636947));
#7659=CARTESIAN_POINT('Ctrl Pts',(1.76422683011986,-2.27009393224553,2.638));
#7660=CARTESIAN_POINT('Ctrl Pts',(1.7863538837322,-2.25272339707962,2.638));
#7661=CARTESIAN_POINT('Ctrl Pts',(1.79808566676626,-2.24336876915535,2.64081193770043));
#7662=CARTESIAN_POINT('Ctrl Pts',(1.81954199218078,-2.22600144612346,2.65224404896205));
#7663=CARTESIAN_POINT('Ctrl Pts',(1.82927027698511,-2.21799329746522,2.66086410463762));
#7664=CARTESIAN_POINT('Ctrl Pts',(1.84457785196289,-2.20527923827458,2.68075040817737));
#7665=CARTESIAN_POINT('Ctrl Pts',(1.85117933349592,-2.19972562054256,2.69334229339259));
#7666=CARTESIAN_POINT('Ctrl Pts',(1.85991924474848,-2.19234078862664,2.72093466191859));
#7667=CARTESIAN_POINT('Ctrl Pts',(1.86206118565722,-2.19051435532133,2.73593531229366));
#7668=CARTESIAN_POINT('Ctrl Pts',(1.86206118565722,-2.19051435532133,2.75));
#7669=CARTESIAN_POINT('Ctrl Pts',(1.86206118565722,-2.19051435532133,2.75));
#7670=CARTESIAN_POINT('Ctrl Pts',(1.86206118565722,-2.19051435532133,2.76406468770634));
#7671=CARTESIAN_POINT('Ctrl Pts',(1.85991924474848,-2.19234078862664,2.77906533808141));
#7672=CARTESIAN_POINT('Ctrl Pts',(1.85117933349592,-2.19972562054256,2.80665770660741));
#7673=CARTESIAN_POINT('Ctrl Pts',(1.84457785196289,-2.20527923827458,2.81924959182262));
#7674=CARTESIAN_POINT('Ctrl Pts',(1.82927027698511,-2.21799329746522,2.83913589536238));
#7675=CARTESIAN_POINT('Ctrl Pts',(1.81954199218078,-2.22600144612346,2.84775595103795));
#7676=CARTESIAN_POINT('Ctrl Pts',(1.79808566676626,-2.24336876915535,2.85918806229957));
#7677=CARTESIAN_POINT('Ctrl Pts',(1.7863538837322,-2.25272339707962,2.862));
#7678=CARTESIAN_POINT('Ctrl Pts',(1.76422683011986,-2.27009393224553,2.862));
#7679=CARTESIAN_POINT('Ctrl Pts',(1.75235816083122,-2.27926659996009,2.85918974363053));
#7680=CARTESIAN_POINT('Ctrl Pts',(1.73040173197971,-2.2959802271551,2.84776045718459));
#7681=CARTESIAN_POINT('Ctrl Pts',(1.72031753214748,-2.30352588279236,2.83914145681451));
#7682=CARTESIAN_POINT('Ctrl Pts',(1.70433940953231,-2.31537277725693,2.81925443184047));
#7683=CARTESIAN_POINT('Ctrl Pts',(1.69738111628617,-2.3204644003312,2.80666039901149));
#7684=CARTESIAN_POINT('Ctrl Pts',(1.68813870987724,-2.32719689398172,2.77906533077633));
#7685=CARTESIAN_POINT('Ctrl Pts',(1.68585822612891,-2.32884242519615,2.76406421716483));
#7686=CARTESIAN_POINT('Ctrl Pts',(1.68585822612891,-2.32884242519615,2.75));
#7687=CARTESIAN_POINT('',(1.6858582261289,-2.32884242519616,1.));
#7688=CARTESIAN_POINT('',(1.86206118565722,-2.19051435532133,1.));
#7689=CARTESIAN_POINT('Ctrl Pts',(1.68585822612891,-2.32884242519615,1.));
#7690=CARTESIAN_POINT('Ctrl Pts',(1.68585822612891,-2.32884242519615,0.98593578283517));
#7691=CARTESIAN_POINT('Ctrl Pts',(1.68813870987724,-2.32719689398172,0.970934669223665));
#7692=CARTESIAN_POINT('Ctrl Pts',(1.69738111628617,-2.3204644003312,0.943339600988511));
#7693=CARTESIAN_POINT('Ctrl Pts',(1.70433940953231,-2.31537277725693,0.930745568159529));
#7694=CARTESIAN_POINT('Ctrl Pts',(1.72031753214748,-2.30352588279236,0.910858543185488));
#7695=CARTESIAN_POINT('Ctrl Pts',(1.73040173197971,-2.2959802271551,0.90223954281541));
#7696=CARTESIAN_POINT('Ctrl Pts',(1.75235816083122,-2.27926659996009,0.890810256369468));
#7697=CARTESIAN_POINT('Ctrl Pts',(1.76422683011986,-2.27009393224553,0.888000000000001));
#7698=CARTESIAN_POINT('Ctrl Pts',(1.7863538837322,-2.25272339707962,0.888000000000001));
#7699=CARTESIAN_POINT('Ctrl Pts',(1.79808566676626,-2.24336876915535,0.89081193770043));
#7700=CARTESIAN_POINT('Ctrl Pts',(1.81954199218078,-2.22600144612346,0.902244048962049));
#7701=CARTESIAN_POINT('Ctrl Pts',(1.82927027698511,-2.21799329746522,0.910864104637619));
#7702=CARTESIAN_POINT('Ctrl Pts',(1.84457785196289,-2.20527923827458,0.930750408177375));
#7703=CARTESIAN_POINT('Ctrl Pts',(1.85117933349592,-2.19972562054256,0.943342293392587));
#7704=CARTESIAN_POINT('Ctrl Pts',(1.85991924474848,-2.19234078862664,0.97093466191859));
#7705=CARTESIAN_POINT('Ctrl Pts',(1.86206118565722,-2.19051435532133,0.985935312293661));
#7706=CARTESIAN_POINT('Ctrl Pts',(1.86206118565722,-2.19051435532133,1.));
#7707=CARTESIAN_POINT('Ctrl Pts',(1.86206118565722,-2.19051435532133,1.));
#7708=CARTESIAN_POINT('Ctrl Pts',(1.86206118565722,-2.19051435532133,1.01406570549229));
#7709=CARTESIAN_POINT('Ctrl Pts',(1.85991893756967,-2.19234105121369,1.0290673715603));
#7710=CARTESIAN_POINT('Ctrl Pts',(1.85117786113735,-2.19972686158394,1.0566612910068));
#7711=CARTESIAN_POINT('Ctrl Pts',(1.84457552066282,-2.20528119394041,1.069253711496));
#7712=CARTESIAN_POINT('Ctrl Pts',(1.82926709666241,-2.21799591959492,1.08913893537021));
#7713=CARTESIAN_POINT('Ctrl Pts',(1.8195392136291,-2.22600371250773,1.09775787457272));
#7714=CARTESIAN_POINT('Ctrl Pts',(1.79808407760837,-2.24337003810837,1.1091884658271));
#7715=CARTESIAN_POINT('Ctrl Pts',(1.78635308318005,-2.25272402554193,1.112));
#7716=CARTESIAN_POINT('Ctrl Pts',(1.76422638370822,-2.27009428269478,1.112));
#7717=CARTESIAN_POINT('Ctrl Pts',(1.75235726305412,-2.27926729281252,1.10918951863558));
#7718=CARTESIAN_POINT('Ctrl Pts',(1.73040013662089,-2.29598143212134,1.09775938436517));
#7719=CARTESIAN_POINT('Ctrl Pts',(1.7203156910911,-2.30352725816075,1.08913976117158));
#7720=CARTESIAN_POINT('Ctrl Pts',(1.70433804220185,-2.31537378072746,1.06925213404879));
#7721=CARTESIAN_POINT('Ctrl Pts',(1.69738024963745,-2.32046503322542,1.05665839986676));
#7722=CARTESIAN_POINT('Ctrl Pts',(1.68813852715865,-2.32719702548335,1.02906419675655));
#7723=CARTESIAN_POINT('Ctrl Pts',(1.68585822612891,-2.32884242519615,1.014063649636));
#7724=CARTESIAN_POINT('Ctrl Pts',(1.68585822612891,-2.32884242519615,0.999999999999999));
#7725=CARTESIAN_POINT('',(1.6858582261289,-2.32884242519616,4.5));
#7726=CARTESIAN_POINT('',(1.86206118565722,-2.19051435532133,4.5));
#7727=CARTESIAN_POINT('Ctrl Pts',(1.68585822612891,-2.32884242519615,4.5));
#7728=CARTESIAN_POINT('Ctrl Pts',(1.68585822612891,-2.32884242519615,4.48593578283517));
#7729=CARTESIAN_POINT('Ctrl Pts',(1.68813870987724,-2.32719689398172,4.47093466922366));
#7730=CARTESIAN_POINT('Ctrl Pts',(1.69738111628617,-2.3204644003312,4.44333960098851));
#7731=CARTESIAN_POINT('Ctrl Pts',(1.70433940953231,-2.31537277725693,4.43074556815953));
#7732=CARTESIAN_POINT('Ctrl Pts',(1.72031753214748,-2.30352588279236,4.41085854318549));
#7733=CARTESIAN_POINT('Ctrl Pts',(1.73040173197971,-2.2959802271551,4.40223954281541));
#7734=CARTESIAN_POINT('Ctrl Pts',(1.75235816083122,-2.27926659996009,4.39081025636947));
#7735=CARTESIAN_POINT('Ctrl Pts',(1.76422683011986,-2.27009393224553,4.388));
#7736=CARTESIAN_POINT('Ctrl Pts',(1.7863538837322,-2.25272339707962,4.388));
#7737=CARTESIAN_POINT('Ctrl Pts',(1.79808566676626,-2.24336876915535,4.39081193770043));
#7738=CARTESIAN_POINT('Ctrl Pts',(1.81954199218078,-2.22600144612346,4.40224404896205));
#7739=CARTESIAN_POINT('Ctrl Pts',(1.82927027698511,-2.21799329746522,4.41086410463762));
#7740=CARTESIAN_POINT('Ctrl Pts',(1.84457785196289,-2.20527923827458,4.43075040817737));
#7741=CARTESIAN_POINT('Ctrl Pts',(1.85117933349592,-2.19972562054256,4.44334229339259));
#7742=CARTESIAN_POINT('Ctrl Pts',(1.85991924474848,-2.19234078862664,4.47093466191859));
#7743=CARTESIAN_POINT('Ctrl Pts',(1.86206118565722,-2.19051435532133,4.48593531229366));
#7744=CARTESIAN_POINT('Ctrl Pts',(1.86206118565722,-2.19051435532133,4.5));
#7745=CARTESIAN_POINT('Ctrl Pts',(1.86206118565722,-2.19051435532133,4.5));
#7746=CARTESIAN_POINT('Ctrl Pts',(1.86206118565722,-2.19051435532133,4.51406468770634));
#7747=CARTESIAN_POINT('Ctrl Pts',(1.85991924474848,-2.19234078862664,4.52906533808141));
#7748=CARTESIAN_POINT('Ctrl Pts',(1.85117933349592,-2.19972562054256,4.55665770660741));
#7749=CARTESIAN_POINT('Ctrl Pts',(1.84457785196289,-2.20527923827458,4.56924959182263));
#7750=CARTESIAN_POINT('Ctrl Pts',(1.82927027698511,-2.21799329746522,4.58913589536238));
#7751=CARTESIAN_POINT('Ctrl Pts',(1.81954199218078,-2.22600144612346,4.59775595103795));
#7752=CARTESIAN_POINT('Ctrl Pts',(1.79808566676626,-2.24336876915535,4.60918806229957));
#7753=CARTESIAN_POINT('Ctrl Pts',(1.7863538837322,-2.25272339707962,4.612));
#7754=CARTESIAN_POINT('Ctrl Pts',(1.76422683011986,-2.27009393224553,4.612));
#7755=CARTESIAN_POINT('Ctrl Pts',(1.75235816083122,-2.27926659996009,4.60918974363053));
#7756=CARTESIAN_POINT('Ctrl Pts',(1.73040173197971,-2.2959802271551,4.59776045718459));
#7757=CARTESIAN_POINT('Ctrl Pts',(1.72031753214748,-2.30352588279236,4.58914145681451));
#7758=CARTESIAN_POINT('Ctrl Pts',(1.70433940953231,-2.31537277725693,4.56925443184047));
#7759=CARTESIAN_POINT('Ctrl Pts',(1.69738111628617,-2.3204644003312,4.55666039901149));
#7760=CARTESIAN_POINT('Ctrl Pts',(1.68813870987724,-2.32719689398172,4.52906533077633));
#7761=CARTESIAN_POINT('Ctrl Pts',(1.68585822612891,-2.32884242519615,4.51406421716483));
#7762=CARTESIAN_POINT('Ctrl Pts',(1.68585822612891,-2.32884242519615,4.5));
#7763=CARTESIAN_POINT('',(1.86206118565722,2.19051435532133,2.75));
#7764=CARTESIAN_POINT('',(1.68585822612891,2.32884242519615,2.75));
#7765=CARTESIAN_POINT('Ctrl Pts',(1.86206118565722,2.19051435532133,2.75));
#7766=CARTESIAN_POINT('Ctrl Pts',(1.86206118565722,2.19051435532133,2.73593531229366));
#7767=CARTESIAN_POINT('Ctrl Pts',(1.85991924474848,2.19234078862664,2.72093466191859));
#7768=CARTESIAN_POINT('Ctrl Pts',(1.85117933349593,2.19972562054256,2.69334229339259));
#7769=CARTESIAN_POINT('Ctrl Pts',(1.84457785196289,2.20527923827458,2.68075040817737));
#7770=CARTESIAN_POINT('Ctrl Pts',(1.82927027698511,2.21799329746522,2.66086410463762));
#7771=CARTESIAN_POINT('Ctrl Pts',(1.81954199218078,2.22600144612346,2.65224404896205));
#7772=CARTESIAN_POINT('Ctrl Pts',(1.79808566676626,2.24336876915535,2.64081193770043));
#7773=CARTESIAN_POINT('Ctrl Pts',(1.7863538837322,2.25272339707962,2.638));
#7774=CARTESIAN_POINT('Ctrl Pts',(1.76422683011986,2.27009393224553,2.638));
#7775=CARTESIAN_POINT('Ctrl Pts',(1.75235816083122,2.27926659996009,2.64081025636947));
#7776=CARTESIAN_POINT('Ctrl Pts',(1.73040173197971,2.2959802271551,2.65223954281541));
#7777=CARTESIAN_POINT('Ctrl Pts',(1.72031753214748,2.30352588279236,2.66085854318549));
#7778=CARTESIAN_POINT('Ctrl Pts',(1.70433940953231,2.31537277725693,2.68074556815953));
#7779=CARTESIAN_POINT('Ctrl Pts',(1.69738111628617,2.3204644003312,2.69333960098851));
#7780=CARTESIAN_POINT('Ctrl Pts',(1.68813870987724,2.32719689398172,2.72093466922366));
#7781=CARTESIAN_POINT('Ctrl Pts',(1.68585822612891,2.32884242519615,2.73593578283517));
#7782=CARTESIAN_POINT('Ctrl Pts',(1.68585822612891,2.32884242519615,2.75));
#7783=CARTESIAN_POINT('Ctrl Pts',(1.68585822612891,2.32884242519615,2.75));
#7784=CARTESIAN_POINT('Ctrl Pts',(1.68585822612891,2.32884242519615,2.76406421716483));
#7785=CARTESIAN_POINT('Ctrl Pts',(1.68813870987724,2.32719689398172,2.77906533077633));
#7786=CARTESIAN_POINT('Ctrl Pts',(1.69738111628617,2.3204644003312,2.80666039901149));
#7787=CARTESIAN_POINT('Ctrl Pts',(1.70433940953231,2.31537277725693,2.81925443184047));
#7788=CARTESIAN_POINT('Ctrl Pts',(1.72031753214748,2.30352588279236,2.83914145681451));
#7789=CARTESIAN_POINT('Ctrl Pts',(1.73040173197971,2.2959802271551,2.84776045718459));
#7790=CARTESIAN_POINT('Ctrl Pts',(1.75235816083122,2.27926659996009,2.85918974363053));
#7791=CARTESIAN_POINT('Ctrl Pts',(1.76422683011986,2.27009393224553,2.862));
#7792=CARTESIAN_POINT('Ctrl Pts',(1.7863538837322,2.25272339707962,2.862));
#7793=CARTESIAN_POINT('Ctrl Pts',(1.79808566676626,2.24336876915535,2.85918806229957));
#7794=CARTESIAN_POINT('Ctrl Pts',(1.81954199218078,2.22600144612346,2.84775595103795));
#7795=CARTESIAN_POINT('Ctrl Pts',(1.82927027698511,2.21799329746522,2.83913589536238));
#7796=CARTESIAN_POINT('Ctrl Pts',(1.84457785196289,2.20527923827458,2.81924959182262));
#7797=CARTESIAN_POINT('Ctrl Pts',(1.85117933349593,2.19972562054256,2.80665770660741));
#7798=CARTESIAN_POINT('Ctrl Pts',(1.85991924474848,2.19234078862664,2.77906533808141));
#7799=CARTESIAN_POINT('Ctrl Pts',(1.86206118565722,2.19051435532133,2.76406468770634));
#7800=CARTESIAN_POINT('Ctrl Pts',(1.86206118565722,2.19051435532133,2.75));
#7801=CARTESIAN_POINT('',(1.86206118565722,2.19051435532133,1.));
#7802=CARTESIAN_POINT('',(1.68585822612891,2.32884242519615,1.));
#7803=CARTESIAN_POINT('Ctrl Pts',(1.86206118565722,2.19051435532133,1.));
#7804=CARTESIAN_POINT('Ctrl Pts',(1.86206118565722,2.19051435532133,0.985935312293661));
#7805=CARTESIAN_POINT('Ctrl Pts',(1.85991924474848,2.19234078862664,0.97093466191859));
#7806=CARTESIAN_POINT('Ctrl Pts',(1.85117933349593,2.19972562054256,0.943342293392587));
#7807=CARTESIAN_POINT('Ctrl Pts',(1.84457785196289,2.20527923827458,0.930750408177375));
#7808=CARTESIAN_POINT('Ctrl Pts',(1.82927027698511,2.21799329746522,0.910864104637619));
#7809=CARTESIAN_POINT('Ctrl Pts',(1.81954199218078,2.22600144612346,0.902244048962049));
#7810=CARTESIAN_POINT('Ctrl Pts',(1.79808566676626,2.24336876915535,0.89081193770043));
#7811=CARTESIAN_POINT('Ctrl Pts',(1.7863538837322,2.25272339707962,0.888));
#7812=CARTESIAN_POINT('Ctrl Pts',(1.76422683011986,2.27009393224553,0.888));
#7813=CARTESIAN_POINT('Ctrl Pts',(1.75235816083122,2.27926659996009,0.890810256369467));
#7814=CARTESIAN_POINT('Ctrl Pts',(1.73040173197971,2.2959802271551,0.902239542815409));
#7815=CARTESIAN_POINT('Ctrl Pts',(1.72031753214748,2.30352588279236,0.910858543185488));
#7816=CARTESIAN_POINT('Ctrl Pts',(1.70433940953231,2.31537277725693,0.930745568159528));
#7817=CARTESIAN_POINT('Ctrl Pts',(1.69738111628617,2.3204644003312,0.943339600988511));
#7818=CARTESIAN_POINT('Ctrl Pts',(1.68813870987724,2.32719689398172,0.970934669223665));
#7819=CARTESIAN_POINT('Ctrl Pts',(1.68585822612891,2.32884242519615,0.985935782835169));
#7820=CARTESIAN_POINT('Ctrl Pts',(1.68585822612891,2.32884242519615,1.));
#7821=CARTESIAN_POINT('Ctrl Pts',(1.68585822612891,2.32884242519615,1.));
#7822=CARTESIAN_POINT('Ctrl Pts',(1.68585822612891,2.32884242519615,1.014063649636));
#7823=CARTESIAN_POINT('Ctrl Pts',(1.68813852715865,2.32719702548335,1.02906419675654));
#7824=CARTESIAN_POINT('Ctrl Pts',(1.69738024963745,2.32046503322542,1.05665839986676));
#7825=CARTESIAN_POINT('Ctrl Pts',(1.70433804220185,2.31537378072746,1.06925213404879));
#7826=CARTESIAN_POINT('Ctrl Pts',(1.72031569109111,2.30352725816075,1.08913976117158));
#7827=CARTESIAN_POINT('Ctrl Pts',(1.73040013662089,2.29598143212134,1.09775938436518));
#7828=CARTESIAN_POINT('Ctrl Pts',(1.75235726305412,2.27926729281252,1.10918951863558));
#7829=CARTESIAN_POINT('Ctrl Pts',(1.76422638370822,2.27009428269477,1.112));
#7830=CARTESIAN_POINT('Ctrl Pts',(1.78635308318005,2.25272402554193,1.112));
#7831=CARTESIAN_POINT('Ctrl Pts',(1.79808407760838,2.24337003810837,1.1091884658271));
#7832=CARTESIAN_POINT('Ctrl Pts',(1.8195392136291,2.22600371250773,1.09775787457272));
#7833=CARTESIAN_POINT('Ctrl Pts',(1.82926709666241,2.21799591959492,1.08913893537021));
#7834=CARTESIAN_POINT('Ctrl Pts',(1.84457552066282,2.20528119394041,1.069253711496));
#7835=CARTESIAN_POINT('Ctrl Pts',(1.85117786113735,2.19972686158394,1.0566612910068));
#7836=CARTESIAN_POINT('Ctrl Pts',(1.85991893756968,2.19234105121368,1.0290673715603));
#7837=CARTESIAN_POINT('Ctrl Pts',(1.86206118565722,2.19051435532133,1.01406570549229));
#7838=CARTESIAN_POINT('Ctrl Pts',(1.86206118565722,2.19051435532133,0.999999999999999));
#7839=CARTESIAN_POINT('',(1.86206118565722,2.19051435532133,4.5));
#7840=CARTESIAN_POINT('',(1.68585822612891,2.32884242519615,4.5));
#7841=CARTESIAN_POINT('Ctrl Pts',(1.86206118565722,2.19051435532133,4.5));
#7842=CARTESIAN_POINT('Ctrl Pts',(1.86206118565722,2.19051435532133,4.48593531229366));
#7843=CARTESIAN_POINT('Ctrl Pts',(1.85991924474848,2.19234078862664,4.47093466191859));
#7844=CARTESIAN_POINT('Ctrl Pts',(1.85117933349593,2.19972562054256,4.44334229339259));
#7845=CARTESIAN_POINT('Ctrl Pts',(1.84457785196289,2.20527923827458,4.43075040817737));
#7846=CARTESIAN_POINT('Ctrl Pts',(1.82927027698511,2.21799329746522,4.41086410463762));
#7847=CARTESIAN_POINT('Ctrl Pts',(1.81954199218078,2.22600144612346,4.40224404896205));
#7848=CARTESIAN_POINT('Ctrl Pts',(1.79808566676626,2.24336876915535,4.39081193770043));
#7849=CARTESIAN_POINT('Ctrl Pts',(1.7863538837322,2.25272339707962,4.388));
#7850=CARTESIAN_POINT('Ctrl Pts',(1.76422683011986,2.27009393224553,4.388));
#7851=CARTESIAN_POINT('Ctrl Pts',(1.75235816083122,2.27926659996009,4.39081025636947));
#7852=CARTESIAN_POINT('Ctrl Pts',(1.73040173197971,2.2959802271551,4.40223954281541));
#7853=CARTESIAN_POINT('Ctrl Pts',(1.72031753214748,2.30352588279236,4.41085854318549));
#7854=CARTESIAN_POINT('Ctrl Pts',(1.70433940953231,2.31537277725693,4.43074556815953));
#7855=CARTESIAN_POINT('Ctrl Pts',(1.69738111628617,2.3204644003312,4.44333960098851));
#7856=CARTESIAN_POINT('Ctrl Pts',(1.68813870987724,2.32719689398172,4.47093466922366));
#7857=CARTESIAN_POINT('Ctrl Pts',(1.68585822612891,2.32884242519615,4.48593578283517));
#7858=CARTESIAN_POINT('Ctrl Pts',(1.68585822612891,2.32884242519615,4.5));
#7859=CARTESIAN_POINT('Ctrl Pts',(1.68585822612891,2.32884242519615,4.5));
#7860=CARTESIAN_POINT('Ctrl Pts',(1.68585822612891,2.32884242519615,4.51406421716483));
#7861=CARTESIAN_POINT('Ctrl Pts',(1.68813870987724,2.32719689398172,4.52906533077634));
#7862=CARTESIAN_POINT('Ctrl Pts',(1.69738111628617,2.3204644003312,4.55666039901149));
#7863=CARTESIAN_POINT('Ctrl Pts',(1.70433940953231,2.31537277725693,4.56925443184047));
#7864=CARTESIAN_POINT('Ctrl Pts',(1.72031753214748,2.30352588279236,4.58914145681451));
#7865=CARTESIAN_POINT('Ctrl Pts',(1.73040173197971,2.2959802271551,4.59776045718459));
#7866=CARTESIAN_POINT('Ctrl Pts',(1.75235816083122,2.27926659996009,4.60918974363053));
#7867=CARTESIAN_POINT('Ctrl Pts',(1.76422683011986,2.27009393224553,4.612));
#7868=CARTESIAN_POINT('Ctrl Pts',(1.7863538837322,2.25272339707962,4.612));
#7869=CARTESIAN_POINT('Ctrl Pts',(1.79808566676626,2.24336876915535,4.60918806229957));
#7870=CARTESIAN_POINT('Ctrl Pts',(1.81954199218078,2.22600144612346,4.59775595103795));
#7871=CARTESIAN_POINT('Ctrl Pts',(1.82927027698511,2.21799329746522,4.58913589536238));
#7872=CARTESIAN_POINT('Ctrl Pts',(1.84457785196289,2.20527923827458,4.56924959182262));
#7873=CARTESIAN_POINT('Ctrl Pts',(1.85117933349593,2.19972562054256,4.55665770660741));
#7874=CARTESIAN_POINT('Ctrl Pts',(1.85991924474848,2.19234078862664,4.52906533808141));
#7875=CARTESIAN_POINT('Ctrl Pts',(1.86206118565722,2.19051435532133,4.51406468770634));
#7876=CARTESIAN_POINT('Ctrl Pts',(1.86206118565722,2.19051435532133,4.5));
#7877=CARTESIAN_POINT('',(2.85976581469528,0.295574838408521,2.75));
#7878=CARTESIAN_POINT('',(2.82807167189138,0.517335112519449,2.75));
#7879=CARTESIAN_POINT('Ctrl Pts',(2.85976581469528,0.29557483840852,2.75));
#7880=CARTESIAN_POINT('Ctrl Pts',(2.85976581469528,0.29557483840852,2.73593578283517));
#7881=CARTESIAN_POINT('Ctrl Pts',(2.85948098473503,0.298372560874702,2.72093466922366));
#7882=CARTESIAN_POINT('Ctrl Pts',(2.85827167740733,0.309742966442202,2.69333960098851));
#7883=CARTESIAN_POINT('Ctrl Pts',(2.85734134910158,0.318314836697476,2.68074556815953));
#7884=CARTESIAN_POINT('Ctrl Pts',(2.8550706988469,0.33807574401928,2.66085854318549));
#7885=CARTESIAN_POINT('Ctrl Pts',(2.85357806929294,0.350581745069457,2.65223954281541));
#7886=CARTESIAN_POINT('Ctrl Pts',(2.85008185797843,0.377953383828762,2.64081025636947));
#7887=CARTESIAN_POINT('Ctrl Pts',(2.84807242936147,0.392818286799117,2.638));
#7888=CARTESIAN_POINT('Ctrl Pts',(2.84409263143663,0.420666144921254,2.638));
#7889=CARTESIAN_POINT('Ctrl Pts',(2.84185717752829,0.435503481022573,2.64081193770043));
#7890=CARTESIAN_POINT('Ctrl Pts',(2.8375447972942,0.462768865419366,2.65224404896205));
#7891=CARTESIAN_POINT('Ctrl Pts',(2.83547367952105,0.475197881524282,2.66086410463762));
#7892=CARTESIAN_POINT('Ctrl Pts',(2.83211676876563,0.494811659920688,2.68075040817737));
#7893=CARTESIAN_POINT('Ctrl Pts',(2.83060793549331,0.503305519496927,2.69334229339259));
#7894=CARTESIAN_POINT('Ctrl Pts',(2.82858243907772,0.514566920626418,2.72093466191859));
#7895=CARTESIAN_POINT('Ctrl Pts',(2.82807167189138,0.517335112519449,2.73593531229366));
#7896=CARTESIAN_POINT('Ctrl Pts',(2.82807167189138,0.517335112519449,2.75));
#7897=CARTESIAN_POINT('Ctrl Pts',(2.82807167189138,0.517335112519449,2.75));
#7898=CARTESIAN_POINT('Ctrl Pts',(2.82807167189138,0.517335112519449,2.76406468770634));
#7899=CARTESIAN_POINT('Ctrl Pts',(2.82858243907772,0.514566920626418,2.77906533808141));
#7900=CARTESIAN_POINT('Ctrl Pts',(2.83060793549331,0.503305519496927,2.80665770660741));
#7901=CARTESIAN_POINT('Ctrl Pts',(2.83211676876563,0.494811659920688,2.81924959182262));
#7902=CARTESIAN_POINT('Ctrl Pts',(2.83547367952105,0.475197881524282,2.83913589536238));
#7903=CARTESIAN_POINT('Ctrl Pts',(2.8375447972942,0.462768865419366,2.84775595103795));
#7904=CARTESIAN_POINT('Ctrl Pts',(2.84185717752829,0.435503481022573,2.85918806229957));
#7905=CARTESIAN_POINT('Ctrl Pts',(2.84409263143663,0.420666144921254,2.862));
#7906=CARTESIAN_POINT('Ctrl Pts',(2.84807242936147,0.392818286799117,2.862));
#7907=CARTESIAN_POINT('Ctrl Pts',(2.85008185797843,0.377953383828762,2.85918974363053));
#7908=CARTESIAN_POINT('Ctrl Pts',(2.85357806929294,0.350581745069457,2.84776045718459));
#7909=CARTESIAN_POINT('Ctrl Pts',(2.8550706988469,0.33807574401928,2.83914145681451));
#7910=CARTESIAN_POINT('Ctrl Pts',(2.85734134910158,0.318314836697476,2.81925443184047));
#7911=CARTESIAN_POINT('Ctrl Pts',(2.85827167740733,0.309742966442202,2.80666039901149));
#7912=CARTESIAN_POINT('Ctrl Pts',(2.85948098473503,0.298372560874702,2.77906533077633));
#7913=CARTESIAN_POINT('Ctrl Pts',(2.85976581469528,0.29557483840852,2.76406421716483));
#7914=CARTESIAN_POINT('Ctrl Pts',(2.85976581469528,0.29557483840852,2.75));
#7915=CARTESIAN_POINT('',(2.85976581469528,0.295574838408521,1.));
#7916=CARTESIAN_POINT('',(2.82807167189138,0.517335112519449,1.));
#7917=CARTESIAN_POINT('Ctrl Pts',(2.85976581469528,0.29557483840852,1.));
#7918=CARTESIAN_POINT('Ctrl Pts',(2.85976581469528,0.29557483840852,0.985935782835169));
#7919=CARTESIAN_POINT('Ctrl Pts',(2.85948098473503,0.298372560874702,0.970934669223664));
#7920=CARTESIAN_POINT('Ctrl Pts',(2.85827167740733,0.309742966442202,0.943339600988511));
#7921=CARTESIAN_POINT('Ctrl Pts',(2.85734134910158,0.318314836697476,0.930745568159528));
#7922=CARTESIAN_POINT('Ctrl Pts',(2.8550706988469,0.33807574401928,0.910858543185488));
#7923=CARTESIAN_POINT('Ctrl Pts',(2.85357806929294,0.350581745069457,0.902239542815409));
#7924=CARTESIAN_POINT('Ctrl Pts',(2.85008185797843,0.377953383828762,0.890810256369467));
#7925=CARTESIAN_POINT('Ctrl Pts',(2.84807242936147,0.392818286799117,0.888));
#7926=CARTESIAN_POINT('Ctrl Pts',(2.84409263143663,0.420666144921254,0.888));
#7927=CARTESIAN_POINT('Ctrl Pts',(2.84185717752829,0.435503481022573,0.89081193770043));
#7928=CARTESIAN_POINT('Ctrl Pts',(2.8375447972942,0.462768865419366,0.902244048962049));
#7929=CARTESIAN_POINT('Ctrl Pts',(2.83547367952105,0.475197881524282,0.910864104637619));
#7930=CARTESIAN_POINT('Ctrl Pts',(2.83211676876563,0.494811659920688,0.930750408177375));
#7931=CARTESIAN_POINT('Ctrl Pts',(2.83060793549331,0.503305519496927,0.943342293392587));
#7932=CARTESIAN_POINT('Ctrl Pts',(2.82858243907772,0.514566920626418,0.97093466191859));
#7933=CARTESIAN_POINT('Ctrl Pts',(2.82807167189138,0.517335112519449,0.985935312293661));
#7934=CARTESIAN_POINT('Ctrl Pts',(2.82807167189138,0.517335112519449,1.));
#7935=CARTESIAN_POINT('Ctrl Pts',(2.82807167189138,0.517335112519449,1.));
#7936=CARTESIAN_POINT('Ctrl Pts',(2.82807167189138,0.517335112519449,1.01406570549229));
#7937=CARTESIAN_POINT('Ctrl Pts',(2.82858251289537,0.514566523308248,1.0290673715603));
#7938=CARTESIAN_POINT('Ctrl Pts',(2.83060827408738,0.503303623876308,1.0566612910068));
#7939=CARTESIAN_POINT('Ctrl Pts',(2.83211729677189,0.494808663122698,1.069253711496));
#7940=CARTESIAN_POINT('Ctrl Pts',(2.83547436019063,0.475193816219181,1.08913893537021));
#7941=CARTESIAN_POINT('Ctrl Pts',(2.83754537076471,0.462765325930883,1.09775787457272));
#7942=CARTESIAN_POINT('Ctrl Pts',(2.8418574818949,0.435501470294967,1.1091884658271));
#7943=CARTESIAN_POINT('Ctrl Pts',(2.84409277542489,0.4206651373916,1.112));
#7944=CARTESIAN_POINT('Ctrl Pts',(2.8480725096536,0.39281772497067,1.112));
#7945=CARTESIAN_POINT('Ctrl Pts',(2.85008200911769,0.377952259904764,1.10918951863558));
#7946=CARTESIAN_POINT('Ctrl Pts',(2.85357831514491,0.350579760965074,1.09775938436517));
#7947=CARTESIAN_POINT('Ctrl Pts',(2.85507096942268,0.338073461933493,1.08913976117158));
#7948=CARTESIAN_POINT('Ctrl Pts',(2.85734153446733,0.318313150819296,1.06925213404879));
#7949=CARTESIAN_POINT('Ctrl Pts',(2.85827179218544,0.309741899455281,1.05665839986676));
#7950=CARTESIAN_POINT('Ctrl Pts',(2.85948100725949,0.298372336884952,1.02906419675654));
#7951=CARTESIAN_POINT('Ctrl Pts',(2.85976581469528,0.29557483840852,1.014063649636));
#7952=CARTESIAN_POINT('Ctrl Pts',(2.85976581469528,0.29557483840852,1.));
#7953=CARTESIAN_POINT('',(2.85976581469528,0.295574838408521,4.5));
#7954=CARTESIAN_POINT('',(2.82807167189138,0.517335112519449,4.5));
#7955=CARTESIAN_POINT('Ctrl Pts',(2.85976581469528,0.29557483840852,4.5));
#7956=CARTESIAN_POINT('Ctrl Pts',(2.85976581469528,0.29557483840852,4.48593578283517));
#7957=CARTESIAN_POINT('Ctrl Pts',(2.85948098473503,0.298372560874702,4.47093466922366));
#7958=CARTESIAN_POINT('Ctrl Pts',(2.85827167740733,0.309742966442202,4.44333960098851));
#7959=CARTESIAN_POINT('Ctrl Pts',(2.85734134910158,0.318314836697476,4.43074556815953));
#7960=CARTESIAN_POINT('Ctrl Pts',(2.8550706988469,0.33807574401928,4.41085854318549));
#7961=CARTESIAN_POINT('Ctrl Pts',(2.85357806929294,0.350581745069457,4.40223954281541));
#7962=CARTESIAN_POINT('Ctrl Pts',(2.85008185797843,0.377953383828762,4.39081025636947));
#7963=CARTESIAN_POINT('Ctrl Pts',(2.84807242936147,0.392818286799117,4.388));
#7964=CARTESIAN_POINT('Ctrl Pts',(2.84409263143663,0.420666144921254,4.388));
#7965=CARTESIAN_POINT('Ctrl Pts',(2.84185717752829,0.435503481022573,4.39081193770043));
#7966=CARTESIAN_POINT('Ctrl Pts',(2.8375447972942,0.462768865419366,4.40224404896205));
#7967=CARTESIAN_POINT('Ctrl Pts',(2.83547367952105,0.475197881524282,4.41086410463762));
#7968=CARTESIAN_POINT('Ctrl Pts',(2.83211676876563,0.494811659920688,4.43075040817737));
#7969=CARTESIAN_POINT('Ctrl Pts',(2.83060793549331,0.503305519496927,4.44334229339259));
#7970=CARTESIAN_POINT('Ctrl Pts',(2.82858243907772,0.514566920626418,4.47093466191859));
#7971=CARTESIAN_POINT('Ctrl Pts',(2.82807167189138,0.517335112519449,4.48593531229366));
#7972=CARTESIAN_POINT('Ctrl Pts',(2.82807167189138,0.517335112519449,4.5));
#7973=CARTESIAN_POINT('Ctrl Pts',(2.82807167189138,0.517335112519449,4.5));
#7974=CARTESIAN_POINT('Ctrl Pts',(2.82807167189138,0.517335112519449,4.51406468770634));
#7975=CARTESIAN_POINT('Ctrl Pts',(2.82858243907772,0.514566920626418,4.52906533808141));
#7976=CARTESIAN_POINT('Ctrl Pts',(2.83060793549331,0.503305519496927,4.55665770660741));
#7977=CARTESIAN_POINT('Ctrl Pts',(2.83211676876563,0.494811659920688,4.56924959182263));
#7978=CARTESIAN_POINT('Ctrl Pts',(2.83547367952105,0.475197881524282,4.58913589536238));
#7979=CARTESIAN_POINT('Ctrl Pts',(2.8375447972942,0.462768865419366,4.59775595103795));
#7980=CARTESIAN_POINT('Ctrl Pts',(2.84185717752829,0.435503481022573,4.60918806229957));
#7981=CARTESIAN_POINT('Ctrl Pts',(2.84409263143663,0.420666144921254,4.612));
#7982=CARTESIAN_POINT('Ctrl Pts',(2.84807242936147,0.392818286799117,4.612));
#7983=CARTESIAN_POINT('Ctrl Pts',(2.85008185797843,0.377953383828762,4.60918974363053));
#7984=CARTESIAN_POINT('Ctrl Pts',(2.85357806929294,0.350581745069457,4.59776045718459));
#7985=CARTESIAN_POINT('Ctrl Pts',(2.8550706988469,0.33807574401928,4.58914145681451));
#7986=CARTESIAN_POINT('Ctrl Pts',(2.85734134910158,0.318314836697476,4.56925443184047));
#7987=CARTESIAN_POINT('Ctrl Pts',(2.85827167740733,0.309742966442202,4.55666039901149));
#7988=CARTESIAN_POINT('Ctrl Pts',(2.85948098473503,0.298372560874702,4.52906533077633));
#7989=CARTESIAN_POINT('Ctrl Pts',(2.85976581469528,0.29557483840852,4.51406421716483));
#7990=CARTESIAN_POINT('Ctrl Pts',(2.85976581469528,0.29557483840852,4.5));
#7991=CARTESIAN_POINT('Origin',(0.,1.39303573403011E-16,5.5));
#7992=CARTESIAN_POINT('',(2.275,1.39303573403011E-16,5.5));
#7993=CARTESIAN_POINT('Origin',(0.,1.39303573403011E-16,5.5));
#7994=CARTESIAN_POINT('',(2.275,1.39303573403011E-16,0.));
#7995=CARTESIAN_POINT('',(2.275,-1.39303573403011E-16,5.5));
#7996=CARTESIAN_POINT('Origin',(0.,1.39303573403011E-16,0.));
#7997=CARTESIAN_POINT('Origin',(0.,0.,5.5));
#7998=CARTESIAN_POINT('',(-0.123621386968582,2.55453774309534,5.5));
#7999=CARTESIAN_POINT('Origin',(0.,2.55453774309534,5.5));
#8000=CARTESIAN_POINT('Origin',(0.,0.,0.));
#8001=CARTESIAN_POINT('Origin',(0.,0.,-3.));
#8002=CARTESIAN_POINT('Origin',(-2.41948414870266,5.92417519219201,4.5));
#8003=CARTESIAN_POINT('',(-1.03049327012007,2.2781844709731,4.5));
#8004=CARTESIAN_POINT('',(-2.52295865634392,5.88131464776712,4.5));
#8005=CARTESIAN_POINT('Origin',(-0.927018762478807,2.32104501539799,4.5));
#8006=CARTESIAN_POINT('Origin',(-2.41948414870266,5.92417519219201,2.75));
#8007=CARTESIAN_POINT('',(-1.03049327012007,2.2781844709731,2.75));
#8008=CARTESIAN_POINT('',(-2.52295865634392,5.88131464776712,2.75));
#8009=CARTESIAN_POINT('Origin',(-0.927018762478807,2.32104501539799,2.75));
#8010=CARTESIAN_POINT('Origin',(-2.41948414870266,5.92417519219201,1.));
#8011=CARTESIAN_POINT('',(-1.03049327012007,2.2781844709731,1.));
#8012=CARTESIAN_POINT('',(-2.52295865634392,5.88131464776712,1.));
#8013=CARTESIAN_POINT('Origin',(-0.927018762478807,2.32104501539799,1.));
#8014=CARTESIAN_POINT('Origin',(-0.878202812890197,2.34126524377771,2.75));
#8015=CARTESIAN_POINT('Origin',(-0.878202812890197,2.34126524377771,2.75));
#8016=CARTESIAN_POINT('Origin',(-0.878202812890197,2.34126524377771,2.75));
#8017=CARTESIAN_POINT('Origin',(1.99087870445376,4.88943011577937,4.5));
#8018=CARTESIAN_POINT('',(0.823544254837543,2.36390555982288,4.5));
#8019=CARTESIAN_POINT('',(1.88740419681249,4.93229066020426,4.5));
#8020=CARTESIAN_POINT('Origin',(0.927018762478807,2.32104501539799,4.5));
#8021=CARTESIAN_POINT('Origin',(1.99087870445376,4.88943011577937,2.75));
#8022=CARTESIAN_POINT('',(0.823544254837543,2.36390555982288,2.75));
#8023=CARTESIAN_POINT('',(1.88740419681249,4.93229066020426,2.75));
#8024=CARTESIAN_POINT('Origin',(0.927018762478807,2.32104501539799,2.75));
#8025=CARTESIAN_POINT('Origin',(1.99087870445376,4.88943011577937,1.));
#8026=CARTESIAN_POINT('',(0.823544254837539,2.36390555982288,1.));
#8027=CARTESIAN_POINT('',(1.88740419681249,4.93229066020426,1.));
#8028=CARTESIAN_POINT('Origin',(0.927018762478807,2.32104501539799,1.));
#8029=CARTESIAN_POINT('Origin',(0.927018762478807,2.32104501539799,2.75));
#8030=CARTESIAN_POINT('Origin',(0.927018762478807,2.32104501539799,2.75));
#8031=CARTESIAN_POINT('Origin',(0.927018762478807,2.32104501539799,2.75));
#8032=CARTESIAN_POINT('Origin',(-6.34022828725917,0.86675285926574,2.75));
#8033=CARTESIAN_POINT('',(-2.48821226142995,0.24665888513367,2.75));
#8034=CARTESIAN_POINT('',(-6.35484722078782,0.755711034791873,2.75));
#8035=CARTESIAN_POINT('Origin',(-2.47359332790131,0.357700709607537,2.75));
#8036=CARTESIAN_POINT('Origin',(-2.47359332790131,0.357700709607537,2.75));
#8037=CARTESIAN_POINT('Origin',(-6.34022828725917,0.86675285926574,1.));
#8038=CARTESIAN_POINT('',(-2.48821226142995,0.24665888513367,1.));
#8039=CARTESIAN_POINT('',(-6.35484722078782,0.755711034791873,1.));
#8040=CARTESIAN_POINT('Origin',(-2.47359332790131,0.357700709607537,1.));
#8041=CARTESIAN_POINT('Origin',(-2.47359332790131,0.357700709607537,2.75));
#8042=CARTESIAN_POINT('Origin',(-6.34022828725917,0.86675285926574,4.5));
#8043=CARTESIAN_POINT('',(-2.48821226142995,0.24665888513367,4.5));
#8044=CARTESIAN_POINT('',(-6.35484722078782,0.755711034791873,4.5));
#8045=CARTESIAN_POINT('Origin',(-2.47359332790131,0.357700709607537,4.5));
#8046=CARTESIAN_POINT('Origin',(-2.47359332790131,0.357700709607537,2.75));
#8047=CARTESIAN_POINT('Origin',(-3.23893133806674,4.16886659180008,2.75));
#8048=CARTESIAN_POINT('',(-1.63543013953512,1.89516302574148,2.75));
#8049=CARTESIAN_POINT('',(-3.32778691217936,4.1006853117511,2.75));
#8050=CARTESIAN_POINT('Origin',(-1.5465745654225,1.96334430579046,2.75));
#8051=CARTESIAN_POINT('Origin',(-1.5465745654225,1.96334430579046,2.75));
#8052=CARTESIAN_POINT('Origin',(-3.23893133806674,4.16886659180008,1.));
#8053=CARTESIAN_POINT('',(-1.63543013953512,1.89516302574148,1.));
#8054=CARTESIAN_POINT('',(-3.32778691217936,4.1006853117511,1.));
#8055=CARTESIAN_POINT('Origin',(-1.5465745654225,1.96334430579046,1.));
#8056=CARTESIAN_POINT('Origin',(-1.5465745654225,1.96334430579046,2.75));
#8057=CARTESIAN_POINT('Origin',(-3.23893133806674,4.16886659180008,4.5));
#8058=CARTESIAN_POINT('',(-1.63543013953512,1.89516302574148,4.5));
#8059=CARTESIAN_POINT('',(-3.32778691217936,4.1006853117511,4.5));
#8060=CARTESIAN_POINT('Origin',(-1.5465745654225,1.96334430579046,4.5));
#8061=CARTESIAN_POINT('Origin',(-1.5465745654225,1.96334430579046,2.75));
#8062=CARTESIAN_POINT('Origin',(-3.92074413855651,-5.05742233292626,2.75));
#8063=CARTESIAN_POINT('',(-1.45771899130988,-2.03152558583943,2.75));
#8064=CARTESIAN_POINT('',(-3.83188856444389,-5.12560361297524,2.75));
#8065=CARTESIAN_POINT('Origin',(-1.5465745654225,-1.96334430579045,2.75));
#8066=CARTESIAN_POINT('Origin',(-1.5465745654225,-1.96334430579045,2.75));
#8067=CARTESIAN_POINT('Origin',(-3.92074413855651,-5.05742233292626,1.));
#8068=CARTESIAN_POINT('',(-1.45771899130988,-2.03152558583943,1.));
#8069=CARTESIAN_POINT('',(-3.83188856444389,-5.12560361297524,1.));
#8070=CARTESIAN_POINT('Origin',(-1.5465745654225,-1.96334430579045,1.));
#8071=CARTESIAN_POINT('Origin',(-1.5465745654225,-1.96334430579045,2.75));
#8072=CARTESIAN_POINT('Origin',(-3.92074413855651,-5.05742233292626,4.5));
#8073=CARTESIAN_POINT('',(-1.45771899130988,-2.03152558583943,4.5));
#8074=CARTESIAN_POINT('',(-3.83188856444389,-5.12560361297524,4.5));
#8075=CARTESIAN_POINT('Origin',(-1.5465745654225,-1.96334430579045,4.5));
#8076=CARTESIAN_POINT('Origin',(-1.5465745654225,-1.96334430579045,2.75));
#8077=CARTESIAN_POINT('Origin',(-5.22981004252051,-0.720563523979279,2.75));
#8078=CARTESIAN_POINT('',(-2.45897439437267,-0.468742534081406,2.75));
#8079=CARTESIAN_POINT('',(-5.21519110899187,-0.831605348453146,2.75));
#8080=CARTESIAN_POINT('Origin',(-2.47359332790131,-0.357700709607537,2.75));
#8081=CARTESIAN_POINT('Origin',(-2.47359332790131,-0.357700709607537,2.75));
#8082=CARTESIAN_POINT('Origin',(-5.22981004252051,-0.720563523979279,1.));
#8083=CARTESIAN_POINT('',(-2.45897439437267,-0.468742534081406,1.));
#8084=CARTESIAN_POINT('',(-5.21519110899187,-0.831605348453146,1.));
#8085=CARTESIAN_POINT('Origin',(-2.47359332790131,-0.357700709607538,1.));
#8086=CARTESIAN_POINT('Origin',(-2.47359332790131,-0.357700709607537,2.75));
#8087=CARTESIAN_POINT('Origin',(-5.22981004252051,-0.720563523979279,4.5));
#8088=CARTESIAN_POINT('',(-2.45897439437267,-0.468742534081406,4.5));
#8089=CARTESIAN_POINT('',(-5.21519110899187,-0.831605348453146,4.5));
#8090=CARTESIAN_POINT('Origin',(-2.47359332790131,-0.357700709607537,4.5));
#8091=CARTESIAN_POINT('Origin',(-2.47359332790131,-0.357700709607537,2.75));
#8092=CARTESIAN_POINT('Origin',(2.41948414870265,-5.92417519219201,2.75));
#8093=CARTESIAN_POINT('',(1.03049327012007,-2.2781844709731,2.75));
#8094=CARTESIAN_POINT('',(2.52295865634392,-5.88131464776712,2.75));
#8095=CARTESIAN_POINT('Origin',(0.927018762478807,-2.32104501539799,2.75));
#8096=CARTESIAN_POINT('Origin',(0.927018762478807,-2.32104501539799,2.75));
#8097=CARTESIAN_POINT('Origin',(2.41948414870265,-5.92417519219201,1.));
#8098=CARTESIAN_POINT('',(1.03049327012007,-2.2781844709731,1.));
#8099=CARTESIAN_POINT('',(2.52295865634392,-5.88131464776712,1.));
#8100=CARTESIAN_POINT('Origin',(0.927018762478807,-2.32104501539799,1.));
#8101=CARTESIAN_POINT('Origin',(0.927018762478807,-2.32104501539799,2.75));
#8102=CARTESIAN_POINT('Origin',(2.41948414870265,-5.92417519219201,4.5));
#8103=CARTESIAN_POINT('',(1.03049327012007,-2.2781844709731,4.5));
#8104=CARTESIAN_POINT('',(2.52295865634392,-5.88131464776712,4.5));
#8105=CARTESIAN_POINT('Origin',(0.927018762478807,-2.32104501539799,4.5));
#8106=CARTESIAN_POINT('Origin',(0.927018762478807,-2.32104501539799,2.75));
#8107=CARTESIAN_POINT('Origin',(-1.99087870445376,-4.88943011577937,2.75));
#8108=CARTESIAN_POINT('',(-0.823544254837543,-2.36390555982288,2.75));
#8109=CARTESIAN_POINT('',(-1.8874041968125,-4.93229066020426,2.75));
#8110=CARTESIAN_POINT('Origin',(-0.927018762478807,-2.32104501539799,2.75));
#8111=CARTESIAN_POINT('Origin',(-0.927018762478807,-2.32104501539799,2.75));
#8112=CARTESIAN_POINT('Origin',(-1.99087870445376,-4.88943011577937,1.));
#8113=CARTESIAN_POINT('',(-0.823544254837543,-2.36390555982288,1.));
#8114=CARTESIAN_POINT('',(-1.88740419681249,-4.93229066020426,1.));
#8115=CARTESIAN_POINT('Origin',(-0.927018762478807,-2.32104501539799,1.));
#8116=CARTESIAN_POINT('Origin',(-0.927018762478807,-2.32104501539799,2.75));
#8117=CARTESIAN_POINT('Origin',(-1.99087870445376,-4.88943011577937,4.5));
#8118=CARTESIAN_POINT('',(-0.823544254837543,-2.36390555982288,4.5));
#8119=CARTESIAN_POINT('',(-1.8874041968125,-4.93229066020426,4.5));
#8120=CARTESIAN_POINT('Origin',(-0.927018762478807,-2.32104501539799,4.5));
#8121=CARTESIAN_POINT('Origin',(-0.927018762478807,-2.32104501539799,2.75));
#8122=CARTESIAN_POINT('Origin',(6.34022828725917,-0.866752859265744,2.75));
#8123=CARTESIAN_POINT('',(2.48821226142995,-0.246658885133671,2.75));
#8124=CARTESIAN_POINT('',(6.35484722078782,-0.755711034791877,2.75));
#8125=CARTESIAN_POINT('Origin',(2.47359332790131,-0.357700709607537,2.75));
#8126=CARTESIAN_POINT('Origin',(2.47359332790131,-0.357700709607537,2.75));
#8127=CARTESIAN_POINT('Origin',(6.34022828725917,-0.866752859265744,1.));
#8128=CARTESIAN_POINT('',(2.48821226142995,-0.246658885133671,1.));
#8129=CARTESIAN_POINT('',(6.35484722078782,-0.755711034791877,1.));
#8130=CARTESIAN_POINT('Origin',(2.47359332790131,-0.357700709607537,1.));
#8131=CARTESIAN_POINT('Origin',(2.47359332790131,-0.357700709607537,2.75));
#8132=CARTESIAN_POINT('Origin',(6.34022828725917,-0.866752859265744,4.5));
#8133=CARTESIAN_POINT('',(2.48821226142995,-0.246658885133671,4.5));
#8134=CARTESIAN_POINT('',(6.35484722078782,-0.755711034791877,4.5));
#8135=CARTESIAN_POINT('Origin',(2.47359332790131,-0.357700709607537,4.5));
#8136=CARTESIAN_POINT('Origin',(2.47359332790131,-0.357700709607537,2.75));
#8137=CARTESIAN_POINT('Origin',(3.23893133806674,-4.16886659180008,2.75));
#8138=CARTESIAN_POINT('',(1.63543013953512,-1.89516302574148,2.75));
#8139=CARTESIAN_POINT('',(3.32778691217936,-4.1006853117511,2.75));
#8140=CARTESIAN_POINT('Origin',(1.5465745654225,-1.96334430579046,2.75));
#8141=CARTESIAN_POINT('Origin',(1.5465745654225,-1.96334430579046,2.75));
#8142=CARTESIAN_POINT('Origin',(3.23893133806674,-4.16886659180008,1.));
#8143=CARTESIAN_POINT('',(1.63543013953512,-1.89516302574148,1.));
#8144=CARTESIAN_POINT('',(3.32778691217936,-4.1006853117511,1.));
#8145=CARTESIAN_POINT('Origin',(1.5465745654225,-1.96334430579046,1.));
#8146=CARTESIAN_POINT('Origin',(1.5465745654225,-1.96334430579046,2.75));
#8147=CARTESIAN_POINT('Origin',(3.23893133806674,-4.16886659180008,4.5));
#8148=CARTESIAN_POINT('',(1.63543013953512,-1.89516302574148,4.5));
#8149=CARTESIAN_POINT('',(3.32778691217936,-4.1006853117511,4.5));
#8150=CARTESIAN_POINT('Origin',(1.5465745654225,-1.96334430579046,4.5));
#8151=CARTESIAN_POINT('Origin',(1.5465745654225,-1.96334430579046,2.75));
#8152=CARTESIAN_POINT('Origin',(3.92074413855652,5.05742233292626,2.75));
#8153=CARTESIAN_POINT('',(1.45771899130988,2.03152558583943,2.75));
#8154=CARTESIAN_POINT('',(3.8318885644439,5.12560361297524,2.75));
#8155=CARTESIAN_POINT('Origin',(1.5465745654225,1.96334430579045,2.75));
#8156=CARTESIAN_POINT('Origin',(1.5465745654225,1.96334430579045,2.75));
#8157=CARTESIAN_POINT('Origin',(3.92074413855652,5.05742233292626,1.));
#8158=CARTESIAN_POINT('',(1.45771899130988,2.03152558583943,1.));
#8159=CARTESIAN_POINT('',(3.8318885644439,5.12560361297524,1.));
#8160=CARTESIAN_POINT('Origin',(1.5465745654225,1.96334430579045,1.));
#8161=CARTESIAN_POINT('Origin',(1.5465745654225,1.96334430579045,2.75));
#8162=CARTESIAN_POINT('Origin',(3.92074413855652,5.05742233292626,4.5));
#8163=CARTESIAN_POINT('',(1.45771899130988,2.03152558583943,4.5));
#8164=CARTESIAN_POINT('',(3.8318885644439,5.12560361297524,4.5));
#8165=CARTESIAN_POINT('Origin',(1.5465745654225,1.96334430579045,4.5));
#8166=CARTESIAN_POINT('Origin',(1.5465745654225,1.96334430579045,2.75));
#8167=CARTESIAN_POINT('Origin',(5.22981004252051,0.720563523979275,2.75));
#8168=CARTESIAN_POINT('',(2.45897439437267,0.468742534081401,2.75));
#8169=CARTESIAN_POINT('',(5.21519110899187,0.831605348453142,2.75));
#8170=CARTESIAN_POINT('Origin',(2.47359332790131,0.357700709607536,2.75));
#8171=CARTESIAN_POINT('Origin',(2.47359332790131,0.357700709607536,2.75));
#8172=CARTESIAN_POINT('Origin',(5.22981004252051,0.720563523979275,1.));
#8173=CARTESIAN_POINT('',(2.45897439437267,0.468742534081401,1.));
#8174=CARTESIAN_POINT('',(5.21519110899187,0.831605348453142,1.));
#8175=CARTESIAN_POINT('Origin',(2.47359332790131,0.357700709607537,1.));
#8176=CARTESIAN_POINT('Origin',(2.47359332790131,0.357700709607536,2.75));
#8177=CARTESIAN_POINT('Origin',(5.22981004252051,0.720563523979275,4.5));
#8178=CARTESIAN_POINT('',(2.45897439437267,0.468742534081401,4.5));
#8179=CARTESIAN_POINT('',(5.21519110899187,0.831605348453142,4.5));
#8180=CARTESIAN_POINT('Origin',(2.47359332790131,0.357700709607536,4.5));
#8181=CARTESIAN_POINT('Origin',(2.47359332790131,0.357700709607536,2.75));
#8182=CARTESIAN_POINT('Origin',(-4.67095345313024E-16,2.421663317254,-2.));
#8183=CARTESIAN_POINT('',(0.112,2.421663317254,-2.));
#8184=CARTESIAN_POINT('Origin',(-4.67095345313024E-16,2.421663317254,-2.));
#8185=CARTESIAN_POINT('',(0.112,2.421663317254,-2.));
#8186=CARTESIAN_POINT('Origin',(-4.75131959032031E-16,2.421663317254,-1.496));
#8187=CARTESIAN_POINT('Origin',(-4.67095345313024E-16,2.421663317254,-1.));
#8188=CARTESIAN_POINT('',(0.12,2.421663317254,-1.));
#8189=CARTESIAN_POINT('Origin',(-4.67095345313024E-16,2.421663317254,-1.));
#8190=CARTESIAN_POINT('',(0.12,2.421663317254,-1.));
#8191=CARTESIAN_POINT('Origin',(-4.75131959032031E-16,2.421663317254,-1.496));
#8192=CARTESIAN_POINT('Origin',(0.,2.55453774309534,5.165));
#8193=CARTESIAN_POINT('',(-0.123621386968582,2.55453774309534,5.165));
#8194=CARTESIAN_POINT('Origin',(0.,2.55453774309534,5.165));
#8195=CARTESIAN_POINT('',(-0.123621386968582,2.55453774309534,5.165));
#8196=CARTESIAN_POINT('Origin',(0.,0.,5.165));
#8197=CARTESIAN_POINT('',(0.,0.,0.));
#8198=CARTESIAN_POINT('Origin',(1.63910879619855E-15,4.5,0.));
#8199=CARTESIAN_POINT('',(-1.4405,2.49501918830297,0.));
#8200=CARTESIAN_POINT('',(1.4405,2.49501918830297,0.));
#8201=CARTESIAN_POINT('Origin',(-5.46369598732854E-16,2.18547839493141E-15,
0.));
#8202=CARTESIAN_POINT('',(4.5,7.79422863405996,0.));
#8203=CARTESIAN_POINT('',(1.475,2.55477494116409,0.));
#8204=CARTESIAN_POINT('',(-4.5,7.79422863405996,0.));
#8205=CARTESIAN_POINT('Origin',(8.19554398099279E-16,5.46369598732854E-16,
0.));
#8206=CARTESIAN_POINT('',(-1.475,2.55477494116409,0.));
#8207=CARTESIAN_POINT('',(-2.33076048530483,4.27699558082185,0.));
#8208=CARTESIAN_POINT('',(-1.39237446541135,2.651663317254,0.));
#8209=CARTESIAN_POINT('',(-2.86402299652092,5.20063334401988,0.));
#8210=CARTESIAN_POINT('',(-2.37579380630161,4.25099558082185,0.));
#8211=CARTESIAN_POINT('',(-0.486126375243976,5.34199558082185,0.));
#8212=CARTESIAN_POINT('',(-2.87579380630161,5.1170209846063,0.));
#8213=CARTESIAN_POINT('',(-1.88966743105764,3.409,0.));
#8214=CARTESIAN_POINT('',(-2.83076048530483,5.1430209846063,0.));
#8215=CARTESIAN_POINT('',(-0.986126375243984,6.2080209846063,0.));
#8216=CARTESIAN_POINT('',(-4.33567152763051,7.74960337078579,0.));
#8217=CARTESIAN_POINT('',(-2.86402299652092,5.20063334401988,0.));
#8218=CARTESIAN_POINT('',(-3.53063526085641,8.14794542536933,0.));
#8219=CARTESIAN_POINT('Origin',(5.46369598732854E-16,-5.46369598732854E-16,
0.));
#8220=CARTESIAN_POINT('',(-3.53063526085641,8.1697377347622,0.));
#8221=CARTESIAN_POINT('',(-3.53063526085641,4.5,0.));
#8222=CARTESIAN_POINT('',(-2.59258457384184,8.51401815992173,0.));
#8223=CARTESIAN_POINT('Origin',(1.12552137338968E-13,-3.28914498437177E-13,
0.));
#8224=CARTESIAN_POINT('',(-2.59258457384184,8.49310927914374,0.));
#8225=CARTESIAN_POINT('',(-2.59258457384184,4.5,0.));
#8226=CARTESIAN_POINT('',(2.6180767504025,8.48528574233075,1.48221252473713E-16));
#8227=CARTESIAN_POINT('Origin',(5.46369598732854E-16,-5.46369598732854E-16,
0.));
#8228=CARTESIAN_POINT('',(2.6180767504025,8.5062138539424,6.82961998416063E-17));
#8229=CARTESIAN_POINT('',(2.6180767504025,4.5,0.));
#8230=CARTESIAN_POINT('',(3.55579548811066,8.15881844673185,6.82961998416063E-17));
#8231=CARTESIAN_POINT('Origin',(-2.45866319429784E-14,-1.01078375765578E-13,
0.));
#8232=CARTESIAN_POINT('',(3.55579548811066,8.13699689361697,1.18071181059837E-16));
#8233=CARTESIAN_POINT('',(3.55579548811066,4.5,0.));
#8234=CARTESIAN_POINT('',(4.33567152763047,7.74960337078579,0.));
#8235=CARTESIAN_POINT('Origin',(5.46369598732854E-16,-5.46369598732854E-16,
0.));
#8236=CARTESIAN_POINT('',(2.83076048530482,5.1430209846063,0.));
#8237=CARTESIAN_POINT('',(2.86402299652091,5.20063334401988,0.));
#8238=CARTESIAN_POINT('',(2.87579380630161,5.1170209846063,6.82961998416063E-17));
#8239=CARTESIAN_POINT('',(0.986126375243976,6.20802098460626,0.));
#8240=CARTESIAN_POINT('',(2.37579380630161,4.25099558082185,6.82961998416063E-17));
#8241=CARTESIAN_POINT('',(1.88966743105765,3.409,0.));
#8242=CARTESIAN_POINT('',(2.33076048530482,4.27699558082185,0.));
#8243=CARTESIAN_POINT('',(0.486126375243972,5.34199558082185,0.));
#8244=CARTESIAN_POINT('',(1.39237446541134,2.651663317254,0.));
#8245=CARTESIAN_POINT('',(2.86402299652091,5.20063334401988,0.));
#8246=CARTESIAN_POINT('Origin',(-2.73184799366426E-16,5.46369598732854E-16,
0.));
#8247=CARTESIAN_POINT('Origin',(5.46369598732854E-16,-5.46369598732854E-16,
0.));
#8248=CARTESIAN_POINT('',(2.6180767504025,8.45388514997701,-0.0299999999999098));
#8249=CARTESIAN_POINT('Ctrl Pts',(2.6180767504025,8.48528574233079,-2.33926664581984E-15));
#8250=CARTESIAN_POINT('Ctrl Pts',(2.6180767504025,8.47481968434929,-0.0100008437577287));
#8251=CARTESIAN_POINT('Ctrl Pts',(2.6180767504025,8.4643528230889,-0.0200008467485616));
#8252=CARTESIAN_POINT('Ctrl Pts',(2.6180767504025,8.45388514997705,-0.029999999999961));
#8253=CARTESIAN_POINT('',(-2.59258457384193,8.46173771913795,-0.0299999999997088));
#8254=CARTESIAN_POINT('Ctrl Pts',(-2.59258457384184,8.49310927914374,-3.97257016592862E-15));
#8255=CARTESIAN_POINT('Ctrl Pts',(-2.59258457384184,8.48265288156173,-0.0100008251497781));
#8256=CARTESIAN_POINT('Ctrl Pts',(-2.59258457384184,8.47219569768772,-0.0200008280719851));
#8257=CARTESIAN_POINT('Ctrl Pts',(-2.59258457384184,8.46173771913795,-0.0299999999997235));
#8258=CARTESIAN_POINT('',(-3.53063526085641,8.11523965479748,-0.0299999999999986));
#8259=CARTESIAN_POINT('Origin',(5.46369598732854E-16,-5.46369598732854E-16,
-0.0299999999997088));
#8260=CARTESIAN_POINT('Ctrl Pts',(-3.53063526085641,8.14794542536937,-2.18783853239259E-15));
#8261=CARTESIAN_POINT('Ctrl Pts',(-3.53063526085641,8.13704508803425,-0.0100017290230175));
#8262=CARTESIAN_POINT('Ctrl Pts',(-3.53063526085641,8.12614317035126,-0.0200017353899515));
#8263=CARTESIAN_POINT('Ctrl Pts',(-3.53063526085641,8.11523965479748,-0.0299999999999952));
#8264=CARTESIAN_POINT('',(-2.96048961957869,5.36771843639055,-2.75));
#8265=CARTESIAN_POINT('Ctrl Pts',(-2.96048961957872,5.36771843639059,-2.75000000000005));
#8266=CARTESIAN_POINT('Ctrl Pts',(-3.52210618016952,6.34046685370593,-1.62698211886052));
#8267=CARTESIAN_POINT('Ctrl Pts',(-4.33567152763037,7.74960337078555,-1.69685989752253E-13));
#8268=CARTESIAN_POINT('',(2.96048961957868,5.36771843639055,-2.75));
#8269=CARTESIAN_POINT('Origin',(5.46369598732854E-16,-5.46369598732854E-16,
-2.75));
#8270=CARTESIAN_POINT('Ctrl Pts',(4.33567152763038,7.74960337078559,-2.29179606213523E-13));
#8271=CARTESIAN_POINT('Ctrl Pts',(3.5221062194396,6.34046692172372,-1.62698204033149));
#8272=CARTESIAN_POINT('Ctrl Pts',(2.96048961957868,5.36771843639054,-2.74999999999999));
#8273=CARTESIAN_POINT('',(3.55579548811066,8.10424693890382,-0.0300000000000019));
#8274=CARTESIAN_POINT('Ctrl Pts',(3.55579548811066,8.13699689361693,1.72730119056102E-15));
#8275=CARTESIAN_POINT('Ctrl Pts',(3.55579548811066,8.12608185508209,-0.0100017606589837));
#8276=CARTESIAN_POINT('Ctrl Pts',(3.55579548811066,8.11516520945823,-0.0200017671504298));
#8277=CARTESIAN_POINT('Ctrl Pts',(3.55579548811066,8.10424693890382,-0.0299999999999978));
#8278=CARTESIAN_POINT('Origin',(5.46369598732854E-16,-5.46369598732854E-16,
-0.0299999999999098));
#8279=CARTESIAN_POINT('Origin',(-5.46369598732854E-16,2.18547839493141E-15,
-3.));
#8280=CARTESIAN_POINT('',(-1.4405,2.49501918830297,-3.));
#8281=CARTESIAN_POINT('',(-1.4405,2.49501918830297,-3.));
#8282=CARTESIAN_POINT('',(1.4405,2.49501918830297,-3.));
#8283=CARTESIAN_POINT('Origin',(-5.46369598732854E-16,2.18547839493141E-15,
-3.));
#8284=CARTESIAN_POINT('',(1.4405,2.49501918830297,-3.));
#8285=CARTESIAN_POINT('',(0.0885,2.87964038553428,-1.));
#8286=CARTESIAN_POINT('',(-0.0885000000000006,2.87964038553428,-1.));
#8287=CARTESIAN_POINT('Ctrl Pts',(0.0884999999999994,2.87964038553428,-1.));
#8288=CARTESIAN_POINT('Ctrl Pts',(0.0884999999999994,2.87964038553428,-1.01111300740534));
#8289=CARTESIAN_POINT('Ctrl Pts',(0.0862789198955778,2.87971133250002,-1.02296627206283));
#8290=CARTESIAN_POINT('Ctrl Pts',(0.0772469535501606,2.87996776348387,-1.04477063599923));
#8291=CARTESIAN_POINT('Ctrl Pts',(0.0704361058706094,2.8801495653919,-1.05472179439941));
#8292=CARTESIAN_POINT('Ctrl Pts',(0.0547217946355324,2.88049098058395,-1.07043610563449));
#8293=CARTESIAN_POINT('Ctrl Pts',(0.0447706361192066,2.88067274506235,-1.07724695347217));
#8294=CARTESIAN_POINT('Ctrl Pts',(0.0229662718583344,2.88092909047763,-1.08627892000858));
#8295=CARTESIAN_POINT('Ctrl Pts',(0.0111130070713718,2.881,-1.0885));
#8296=CARTESIAN_POINT('Ctrl Pts',(-0.0111130070713729,2.881,-1.0885));
#8297=CARTESIAN_POINT('Ctrl Pts',(-0.0229662718583357,2.88092909047763,
-1.08627892000858));
#8298=CARTESIAN_POINT('Ctrl Pts',(-0.0447706361192078,2.88067274506235,
-1.07724695347217));
#8299=CARTESIAN_POINT('Ctrl Pts',(-0.0547217946355335,2.88049098058395,
-1.07043610563449));
#8300=CARTESIAN_POINT('Ctrl Pts',(-0.0704361058706105,2.8801495653919,-1.05472179439941));
#8301=CARTESIAN_POINT('Ctrl Pts',(-0.0772469535501617,2.87996776348387,
-1.04477063599923));
#8302=CARTESIAN_POINT('Ctrl Pts',(-0.086278919895579,2.87971133250002,-1.02296627206283));
#8303=CARTESIAN_POINT('Ctrl Pts',(-0.0885000000000006,2.87964038553428,
-1.01111300740534));
#8304=CARTESIAN_POINT('Ctrl Pts',(-0.0885000000000006,2.87964038553428,
-1.));
#8305=CARTESIAN_POINT('Ctrl Pts',(-0.0885000000000006,2.87964038553428,
-1.));
#8306=CARTESIAN_POINT('Ctrl Pts',(-0.0885000000000006,2.87964038553428,
-0.988886992594658));
#8307=CARTESIAN_POINT('Ctrl Pts',(-0.086278919895579,2.87971133250002,-0.977033727937165));
#8308=CARTESIAN_POINT('Ctrl Pts',(-0.0772469535501617,2.87996776348387,
-0.955229364000775));
#8309=CARTESIAN_POINT('Ctrl Pts',(-0.0704361058706106,2.8801495653919,-0.945278205600591));
#8310=CARTESIAN_POINT('Ctrl Pts',(-0.0547217946355335,2.88049098058395,
-0.929563894365514));
#8311=CARTESIAN_POINT('Ctrl Pts',(-0.0447706361192078,2.88067274506235,
-0.922753046527832));
#8312=CARTESIAN_POINT('Ctrl Pts',(-0.0229662718583357,2.88092909047763,
-0.913721079991419));
#8313=CARTESIAN_POINT('Ctrl Pts',(-0.011113007071373,2.881,-0.9115));
#8314=CARTESIAN_POINT('Ctrl Pts',(0.0111130070713718,2.881,-0.9115));
#8315=CARTESIAN_POINT('Ctrl Pts',(0.0229662718583345,2.88092909047763,-0.913721079991419));
#8316=CARTESIAN_POINT('Ctrl Pts',(0.0447706361192066,2.88067274506235,-0.922753046527832));
#8317=CARTESIAN_POINT('Ctrl Pts',(0.0547217946355323,2.88049098058395,-0.929563894365514));
#8318=CARTESIAN_POINT('Ctrl Pts',(0.0704361058706093,2.8801495653919,-0.945278205600591));
#8319=CARTESIAN_POINT('Ctrl Pts',(0.0772469535501605,2.87996776348387,-0.955229364000775));
#8320=CARTESIAN_POINT('Ctrl Pts',(0.0862789198955778,2.87971133250002,-0.977033727937165));
#8321=CARTESIAN_POINT('Ctrl Pts',(0.0884999999999995,2.87964038553428,-0.988886992594658));
#8322=CARTESIAN_POINT('Ctrl Pts',(0.0884999999999995,2.87964038553428,-1.));
#8323=CARTESIAN_POINT('',(0.0885,2.87964038553428,-2.));
#8324=CARTESIAN_POINT('',(-0.0885000000000006,2.87964038553428,-2.));
#8325=CARTESIAN_POINT('Ctrl Pts',(0.0884999999999994,2.87964038553428,-2.));
#8326=CARTESIAN_POINT('Ctrl Pts',(0.0884999999999994,2.87964038553428,-2.01111300740534));
#8327=CARTESIAN_POINT('Ctrl Pts',(0.0862789198955778,2.87971133250002,-2.02296627206284));
#8328=CARTESIAN_POINT('Ctrl Pts',(0.0772469535501606,2.87996776348387,-2.04477063599923));
#8329=CARTESIAN_POINT('Ctrl Pts',(0.0704361058706094,2.8801495653919,-2.05472179439941));
#8330=CARTESIAN_POINT('Ctrl Pts',(0.0547217946355324,2.88049098058395,-2.07043610563449));
#8331=CARTESIAN_POINT('Ctrl Pts',(0.0447706361192069,2.88067274506235,-2.07724695347217));
#8332=CARTESIAN_POINT('Ctrl Pts',(0.0229662718583348,2.88092909047763,-2.08627892000858));
#8333=CARTESIAN_POINT('Ctrl Pts',(0.0111130070713718,2.881,-2.0885));
#8334=CARTESIAN_POINT('Ctrl Pts',(-0.0111130070713729,2.881,-2.0885));
#8335=CARTESIAN_POINT('Ctrl Pts',(-0.0229662718583359,2.88092909047763,
-2.08627892000858));
#8336=CARTESIAN_POINT('Ctrl Pts',(-0.0447706361192079,2.88067274506235,
-2.07724695347217));
#8337=CARTESIAN_POINT('Ctrl Pts',(-0.0547217946355336,2.88049098058395,
-2.07043610563449));
#8338=CARTESIAN_POINT('Ctrl Pts',(-0.0704361058706106,2.8801495653919,-2.05472179439941));
#8339=CARTESIAN_POINT('Ctrl Pts',(-0.0772469535501617,2.87996776348387,
-2.04477063599923));
#8340=CARTESIAN_POINT('Ctrl Pts',(-0.0862789198955789,2.87971133250002,
-2.02296627206284));
#8341=CARTESIAN_POINT('Ctrl Pts',(-0.0885000000000006,2.87964038553428,
-2.01111300740534));
#8342=CARTESIAN_POINT('Ctrl Pts',(-0.0885000000000006,2.87964038553428,
-2.));
#8343=CARTESIAN_POINT('Ctrl Pts',(-0.0885000000000006,2.87964038553428,
-2.));
#8344=CARTESIAN_POINT('Ctrl Pts',(-0.0885000000000006,2.87964038553428,
-1.98888699259466));
#8345=CARTESIAN_POINT('Ctrl Pts',(-0.0862789198955789,2.87971133250002,
-1.97703372793716));
#8346=CARTESIAN_POINT('Ctrl Pts',(-0.0772469535501617,2.87996776348387,
-1.95522936400077));
#8347=CARTESIAN_POINT('Ctrl Pts',(-0.0704361058706106,2.8801495653919,-1.94527820560059));
#8348=CARTESIAN_POINT('Ctrl Pts',(-0.0547217946355336,2.88049098058395,
-1.92956389436551));
#8349=CARTESIAN_POINT('Ctrl Pts',(-0.0447706361192079,2.88067274506235,
-1.92275304652783));
#8350=CARTESIAN_POINT('Ctrl Pts',(-0.0229662718583359,2.88092909047763,
-1.91372107999142));
#8351=CARTESIAN_POINT('Ctrl Pts',(-0.011113007071373,2.881,-1.9115));
#8352=CARTESIAN_POINT('Ctrl Pts',(0.0111130070713718,2.881,-1.9115));
#8353=CARTESIAN_POINT('Ctrl Pts',(0.0229662718583348,2.88092909047763,-1.91372107999142));
#8354=CARTESIAN_POINT('Ctrl Pts',(0.0447706361192068,2.88067274506235,-1.92275304652783));
#8355=CARTESIAN_POINT('Ctrl Pts',(0.0547217946355325,2.88049098058395,-1.92956389436551));
#8356=CARTESIAN_POINT('Ctrl Pts',(0.0704361058706094,2.8801495653919,-1.94527820560059));
#8357=CARTESIAN_POINT('Ctrl Pts',(0.0772469535501608,2.87996776348387,-1.95522936400078));
#8358=CARTESIAN_POINT('Ctrl Pts',(0.086278919895578,2.87971133250002,-1.97703372793717));
#8359=CARTESIAN_POINT('Ctrl Pts',(0.0884999999999994,2.87964038553428,-1.98888699259466));
#8360=CARTESIAN_POINT('Ctrl Pts',(0.0884999999999994,2.87964038553428,-2.));
#8361=CARTESIAN_POINT('Origin',(-2.73184799366426E-16,5.46369598732854E-16,
-2.75));
#8362=CARTESIAN_POINT('',(1.39237446541134,2.651663317254,-2.75));
#8363=CARTESIAN_POINT('',(1.39237446541134,2.651663317254,-2.75));
#8364=CARTESIAN_POINT('',(-1.39237446541135,2.651663317254,-2.75));
#8365=CARTESIAN_POINT('Origin',(-2.73184799366426E-16,5.46369598732854E-16,
-2.75));
#8366=CARTESIAN_POINT('',(-1.39237446541135,2.651663317254,-2.75));
#8367=CARTESIAN_POINT('',(0.0885,2.99369216019283,-2.));
#8368=CARTESIAN_POINT('',(-0.0885000000000006,2.99369216019283,-2.));
#8369=CARTESIAN_POINT('Ctrl Pts',(0.0884999999999994,2.99369216019283,-2.));
#8370=CARTESIAN_POINT('Ctrl Pts',(0.0884999999999994,2.99369216019283,-2.01111295137462));
#8371=CARTESIAN_POINT('Ctrl Pts',(0.0862789417891564,2.99376040348068,-2.02296619187936));
#8372=CARTESIAN_POINT('Ctrl Pts',(0.0772469917036604,2.99400706604211,-2.04477057122091));
#8373=CARTESIAN_POINT('Ctrl Pts',(0.0704361355126373,2.9941819438939,-2.05472176475738));
#8374=CARTESIAN_POINT('Ctrl Pts',(0.0547217649595423,2.99451035910092,-2.07043613531048));
#8375=CARTESIAN_POINT('Ctrl Pts',(0.0447705713227175,2.99468520363784,-2.07724699163487));
#8376=CARTESIAN_POINT('Ctrl Pts',(0.022966191705059,2.99493179003835,-2.08627894188798));
#8377=CARTESIAN_POINT('Ctrl Pts',(0.0111129510886843,2.995,-2.0885));
#8378=CARTESIAN_POINT('Ctrl Pts',(-0.0111129510886854,2.995,-2.0885));
#8379=CARTESIAN_POINT('Ctrl Pts',(-0.0229661917050596,2.99493179003835,
-2.08627894188798));
#8380=CARTESIAN_POINT('Ctrl Pts',(-0.0447705713227182,2.99468520363784,
-2.07724699163487));
#8381=CARTESIAN_POINT('Ctrl Pts',(-0.0547217649595435,2.99451035910092,
-2.07043613531048));
#8382=CARTESIAN_POINT('Ctrl Pts',(-0.0704361355126385,2.9941819438939,-2.05472176475738));
#8383=CARTESIAN_POINT('Ctrl Pts',(-0.0772469917036616,2.99400706604211,
-2.04477057122091));
#8384=CARTESIAN_POINT('Ctrl Pts',(-0.0862789417891575,2.99376040348068,
-2.02296619187936));
#8385=CARTESIAN_POINT('Ctrl Pts',(-0.0885000000000006,2.99369216019283,
-2.01111295137462));
#8386=CARTESIAN_POINT('Ctrl Pts',(-0.0885000000000006,2.99369216019283,
-2.));
#8387=CARTESIAN_POINT('Ctrl Pts',(-0.0885000000000006,2.99369216019283,
-2.));
#8388=CARTESIAN_POINT('Ctrl Pts',(-0.0885000000000006,2.99369216019283,
-1.98888704862538));
#8389=CARTESIAN_POINT('Ctrl Pts',(-0.0862789417891575,2.99376040348068,
-1.97703380812064));
#8390=CARTESIAN_POINT('Ctrl Pts',(-0.0772469917036616,2.99400706604211,
-1.95522942877909));
#8391=CARTESIAN_POINT('Ctrl Pts',(-0.0704361355126384,2.9941819438939,-1.94527823524262));
#8392=CARTESIAN_POINT('Ctrl Pts',(-0.0547217649595434,2.99451035910092,
-1.92956386468952));
#8393=CARTESIAN_POINT('Ctrl Pts',(-0.0447705713227187,2.99468520363784,
-1.92275300836513));
#8394=CARTESIAN_POINT('Ctrl Pts',(-0.0229661917050601,2.99493179003835,
-1.91372105811202));
#8395=CARTESIAN_POINT('Ctrl Pts',(-0.0111129510886854,2.995,-1.9115));
#8396=CARTESIAN_POINT('Ctrl Pts',(0.0111129510886843,2.995,-1.9115));
#8397=CARTESIAN_POINT('Ctrl Pts',(0.0229661917050589,2.99493179003835,-1.91372105811202));
#8398=CARTESIAN_POINT('Ctrl Pts',(0.0447705713227175,2.99468520363784,-1.92275300836513));
#8399=CARTESIAN_POINT('Ctrl Pts',(0.0547217649595423,2.99451035910092,-1.92956386468952));
#8400=CARTESIAN_POINT('Ctrl Pts',(0.0704361355126372,2.9941819438939,-1.94527823524262));
#8401=CARTESIAN_POINT('Ctrl Pts',(0.0772469917036607,2.99400706604211,-1.95522942877909));
#8402=CARTESIAN_POINT('Ctrl Pts',(0.0862789417891567,2.99376040348068,-1.97703380812064));
#8403=CARTESIAN_POINT('Ctrl Pts',(0.0884999999999995,2.99369216019283,-1.98888704862538));
#8404=CARTESIAN_POINT('Ctrl Pts',(0.0884999999999994,2.99369216019283,-2.));
#8405=CARTESIAN_POINT('',(0.0885,2.99369216019283,-1.));
#8406=CARTESIAN_POINT('',(-0.0885000000000006,2.99369216019283,-1.));
#8407=CARTESIAN_POINT('Ctrl Pts',(0.0884999999999994,2.99369216019283,-1.));
#8408=CARTESIAN_POINT('Ctrl Pts',(0.0884999999999994,2.99369216019283,-1.01111295137462));
#8409=CARTESIAN_POINT('Ctrl Pts',(0.0862789417891566,2.99376040348068,-1.02296619187936));
#8410=CARTESIAN_POINT('Ctrl Pts',(0.0772469917036606,2.99400706604211,-1.04477057122091));
#8411=CARTESIAN_POINT('Ctrl Pts',(0.0704361355126372,2.9941819438939,-1.05472176475738));
#8412=CARTESIAN_POINT('Ctrl Pts',(0.0547217649595423,2.99451035910092,-1.07043613531048));
#8413=CARTESIAN_POINT('Ctrl Pts',(0.0447705713227175,2.99468520363784,-1.07724699163487));
#8414=CARTESIAN_POINT('Ctrl Pts',(0.0229661917050589,2.99493179003835,-1.08627894188798));
#8415=CARTESIAN_POINT('Ctrl Pts',(0.0111129510886843,2.995,-1.0885));
#8416=CARTESIAN_POINT('Ctrl Pts',(-0.0111129510886855,2.995,-1.0885));
#8417=CARTESIAN_POINT('Ctrl Pts',(-0.0229661917050601,2.99493179003835,
-1.08627894188798));
#8418=CARTESIAN_POINT('Ctrl Pts',(-0.0447705713227186,2.99468520363784,
-1.07724699163487));
#8419=CARTESIAN_POINT('Ctrl Pts',(-0.0547217649595435,2.99451035910092,
-1.07043613531048));
#8420=CARTESIAN_POINT('Ctrl Pts',(-0.0704361355126384,2.9941819438939,-1.05472176475738));
#8421=CARTESIAN_POINT('Ctrl Pts',(-0.0772469917036618,2.99400706604211,
-1.04477057122091));
#8422=CARTESIAN_POINT('Ctrl Pts',(-0.0862789417891577,2.99376040348068,
-1.02296619187936));
#8423=CARTESIAN_POINT('Ctrl Pts',(-0.0885000000000006,2.99369216019283,
-1.01111295137462));
#8424=CARTESIAN_POINT('Ctrl Pts',(-0.0885000000000006,2.99369216019283,
-1.));
#8425=CARTESIAN_POINT('Ctrl Pts',(-0.0885000000000006,2.99369216019283,
-1.));
#8426=CARTESIAN_POINT('Ctrl Pts',(-0.0885000000000006,2.99369216019283,
-0.988887048625384));
#8427=CARTESIAN_POINT('Ctrl Pts',(-0.0862789417891577,2.99376040348068,
-0.977033808120637));
#8428=CARTESIAN_POINT('Ctrl Pts',(-0.0772469917036618,2.99400706604211,
-0.955229428779091));
#8429=CARTESIAN_POINT('Ctrl Pts',(-0.0704361355126384,2.9941819438939,-0.945278235242619));
#8430=CARTESIAN_POINT('Ctrl Pts',(-0.0547217649595434,2.99451035910092,
-0.929563864689524));
#8431=CARTESIAN_POINT('Ctrl Pts',(-0.0447705713227186,2.99468520363784,
-0.922753008365135));
#8432=CARTESIAN_POINT('Ctrl Pts',(-0.0229661917050601,2.99493179003835,
-0.913721058112018));
#8433=CARTESIAN_POINT('Ctrl Pts',(-0.0111129510886855,2.995,-0.9115));
#8434=CARTESIAN_POINT('Ctrl Pts',(0.0111129510886843,2.995,-0.9115));
#8435=CARTESIAN_POINT('Ctrl Pts',(0.0229661917050589,2.99493179003835,-0.913721058112018));
#8436=CARTESIAN_POINT('Ctrl Pts',(0.0447705713227175,2.99468520363784,-0.922753008365135));
#8437=CARTESIAN_POINT('Ctrl Pts',(0.0547217649595423,2.99451035910092,-0.929563864689524));
#8438=CARTESIAN_POINT('Ctrl Pts',(0.0704361355126372,2.9941819438939,-0.945278235242619));
#8439=CARTESIAN_POINT('Ctrl Pts',(0.0772469917036606,2.99400706604211,-0.955229428779091));
#8440=CARTESIAN_POINT('Ctrl Pts',(0.0862789417891566,2.99376040348068,-0.977033808120637));
#8441=CARTESIAN_POINT('Ctrl Pts',(0.0884999999999994,2.99369216019283,-0.988887048625384));
#8442=CARTESIAN_POINT('Ctrl Pts',(0.0884999999999994,2.99369216019283,-1.));
#8443=CARTESIAN_POINT('Origin',(-1.475,2.55477494116409,-3.));
#8444=CARTESIAN_POINT('',(-4.5,7.79422863405996,-0.25));
#8445=CARTESIAN_POINT('',(-4.5,7.79422863405996,-3.));
#8446=CARTESIAN_POINT('',(-3.125,5.41265877365275,-3.));
#8447=CARTESIAN_POINT('',(5.82969421920197E-16,4.09777199049638E-16,-9.25));
#8448=CARTESIAN_POINT('',(-1.475,2.55477494116409,-3.));
#8449=CARTESIAN_POINT('Origin',(8.19554398099279E-16,5.46369598732854E-16,
-3.));
#8450=CARTESIAN_POINT('',(4.5,7.79422863405996,-0.25));
#8451=CARTESIAN_POINT('',(4.5,7.79422863405996,-3.));
#8452=CARTESIAN_POINT('Origin',(8.19554398099279E-16,5.46369598732854E-16,
-0.25));
#8453=CARTESIAN_POINT('Origin',(1.475,2.55477494116409,-3.));
#8454=CARTESIAN_POINT('',(3.125,5.41265877365275,-3.));
#8455=CARTESIAN_POINT('',(1.475,2.55477494116409,-3.));
#8456=CARTESIAN_POINT('',(1.7658943028156E-15,3.0329605423421E-31,-9.25));
#8457=CARTESIAN_POINT('Origin',(1.63910879619855E-15,4.5,-3.));
#8458=CARTESIAN_POINT('Origin',(8.19554398099279E-16,5.46369598732854E-16,
-3.));
#8459=CARTESIAN_POINT('Origin',(-2.86402299652092,5.20063334401988,-2.75));
#8460=CARTESIAN_POINT('',(-2.33076048530483,4.27699558082185,-0.25));
#8461=CARTESIAN_POINT('',(-2.83076048530483,5.1430209846063,-0.25));
#8462=CARTESIAN_POINT('',(-2.86402299652092,5.20063334401988,-0.25));
#8463=CARTESIAN_POINT('',(-2.33076048530483,4.27699558082185,-2.75));
#8464=CARTESIAN_POINT('',(-2.86402299652092,5.20063334401988,-2.75));
#8465=CARTESIAN_POINT('',(-2.83076048530483,5.1430209846063,-2.75));
#8466=CARTESIAN_POINT('Origin',(2.86402299652091,5.20063334401988,-2.75));
#8467=CARTESIAN_POINT('',(2.83076048530482,5.1430209846063,-0.25));
#8468=CARTESIAN_POINT('',(2.83076048530482,5.1430209846063,-2.75));
#8469=CARTESIAN_POINT('',(2.86402299652091,5.20063334401988,-2.75));
#8470=CARTESIAN_POINT('',(2.33076048530482,4.27699558082185,-0.25));
#8471=CARTESIAN_POINT('',(2.33076048530482,4.27699558082185,-2.75));
#8472=CARTESIAN_POINT('',(2.86402299652091,5.20063334401988,-0.25));
#8473=CARTESIAN_POINT('Origin',(0.,5.7475095941515,-2.75));
#8474=CARTESIAN_POINT('Origin',(8.19554398099279E-16,5.46369598732854E-16,
-3.));
#8475=CARTESIAN_POINT('Origin',(-9.57597013780709E-16,4.92166331725401,
-2.));
#8476=CARTESIAN_POINT('',(-0.088500000000001,4.92166331725401,-2.));
#8477=CARTESIAN_POINT('Origin',(-9.57597013780709E-16,4.92166331725401,
-1.));
#8478=CARTESIAN_POINT('',(-0.088500000000001,4.92166331725401,-1.));
#8479=CARTESIAN_POINT('Origin',(1.12552137338968E-13,-3.28914498437177E-13,
0.25));
#8480=CARTESIAN_POINT('',(-3.53063526085641,8.1697377347622,0.2));
#8481=CARTESIAN_POINT('',(-3.53063526085641,8.1697377347622,0.25));
#8482=CARTESIAN_POINT('',(-2.59258457384184,8.51401815992173,0.2));
#8483=CARTESIAN_POINT('Origin',(1.12552137338968E-13,-3.28914498437177E-13,
0.2));
#8484=CARTESIAN_POINT('',(-2.59258457384184,8.51401815992173,0.25));
#8485=CARTESIAN_POINT('Origin',(9.01509837909209E-14,-2.76463016958824E-13,
0.25));
#8486=CARTESIAN_POINT('',(-3.53063526085641,8.11523965479748,0.25));
#8487=CARTESIAN_POINT('',(-3.53063526085641,8.11523965479748,0.25));
#8488=CARTESIAN_POINT('',(-2.59258457384184,8.46173771913768,0.25));
#8489=CARTESIAN_POINT('',(-2.59258457384184,8.46173771913768,0.25));
#8490=CARTESIAN_POINT('Origin',(9.01509837909209E-14,-2.76463016958824E-13,
0.25));
#8491=CARTESIAN_POINT('Origin',(-2.59258457384184,8.48787793952972,0.25));
#8492=CARTESIAN_POINT('Origin',(-2.59258457384184,-181.950729604626,-198.899286898933));
#8493=CARTESIAN_POINT('Origin',(-3.53063526085641,8.14248869477984,0.25));
#8494=CARTESIAN_POINT('Origin',(-3.53063526085641,-86.6138278266787,-103.055746298736));
#8495=CARTESIAN_POINT('Origin',(-2.45866319429784E-14,-1.01078375765578E-13,
0.25));
#8496=CARTESIAN_POINT('',(2.6180767504025,8.5062138539424,0.2));
#8497=CARTESIAN_POINT('',(2.6180767504025,8.5062138539424,0.25));
#8498=CARTESIAN_POINT('',(3.55579548811066,8.15881844673185,0.2));
#8499=CARTESIAN_POINT('Origin',(-2.45866319429784E-14,-1.01078375765578E-13,
0.2));
#8500=CARTESIAN_POINT('',(3.55579548811066,8.15881844673185,0.25));
#8501=CARTESIAN_POINT('Origin',(2.6180767504025,8.48004950195972,0.25));
#8502=CARTESIAN_POINT('',(2.6180767504025,8.45388514997701,0.25));
#8503=CARTESIAN_POINT('',(2.6180767504025,8.45388514997701,0.25));
#8504=CARTESIAN_POINT('Origin',(2.6180767504025,-177.93143638701,-194.868429215309));
#8505=CARTESIAN_POINT('Origin',(-4.01581655068646E-14,-8.41409182048594E-14,
0.25));
#8506=CARTESIAN_POINT('',(3.55579548811066,8.10424693890382,0.25));
#8507=CARTESIAN_POINT('',(3.55579548811066,8.10424693890382,0.25));
#8508=CARTESIAN_POINT('Origin',(-4.01581655068646E-14,-8.41409182048594E-14,
0.25));
#8509=CARTESIAN_POINT('Origin',(3.55579548811066,8.13153269281784,0.25));
#8510=CARTESIAN_POINT('Origin',(3.55579548811066,-85.0481961348631,-101.474166023043));
#8511=CARTESIAN_POINT('Origin',(2.62579380630161,4.68400828271405,0.25));
#8512=CARTESIAN_POINT('',(2.87579380630161,5.1170209846063,0.2));
#8513=CARTESIAN_POINT('',(2.87579380630161,5.1170209846063,0.25));
#8514=CARTESIAN_POINT('',(2.37579380630161,4.25099558082185,0.2));
#8515=CARTESIAN_POINT('',(2.37579380630161,4.25099558082185,0.2));
#8516=CARTESIAN_POINT('',(2.37579380630161,4.25099558082185,0.25));
#8517=CARTESIAN_POINT('Origin',(2.84028676474645,5.1375209846063,0.25));
#8518=CARTESIAN_POINT('',(2.80477972319129,5.1580209846063,0.25));
#8519=CARTESIAN_POINT('',(2.83249253611239,5.1420209846063,0.25));
#8520=CARTESIAN_POINT('',(2.84028676474645,5.1375209846063,0.25));
#8521=CARTESIAN_POINT('',(2.83638965042942,5.1397709846063,0.2455));
#8522=CARTESIAN_POINT('',(2.80477972319129,5.1580209846063,-0.25));
#8523=CARTESIAN_POINT('',(2.84028676474645,5.1375209846063,-0.25));
#8524=CARTESIAN_POINT('',(2.80477972319129,5.1580209846063,0.25));
#8525=CARTESIAN_POINT('Origin',(2.34028676474645,4.27149558082185,0.25));
#8526=CARTESIAN_POINT('',(2.33249253611239,4.27599558082185,0.25));
#8527=CARTESIAN_POINT('',(2.33249253611239,4.27599558082185,0.25));
#8528=CARTESIAN_POINT('',(2.30477972319129,4.29199558082185,0.25));
#8529=CARTESIAN_POINT('',(2.34028676474645,4.27149558082185,0.25));
#8530=CARTESIAN_POINT('',(2.30477972319129,4.29199558082185,-0.25));
#8531=CARTESIAN_POINT('',(2.30477972319129,4.29199558082185,0.25));
#8532=CARTESIAN_POINT('',(2.34028676474645,4.27149558082185,-0.25));
#8533=CARTESIAN_POINT('Origin',(2.55477972319129,4.72500828271405,0.25));
#8534=CARTESIAN_POINT('',(2.55477972319129,4.72500828271405,-0.25));
#8535=CARTESIAN_POINT('',(2.55477972319129,4.72500828271405,0.25));
#8536=CARTESIAN_POINT('Origin',(0.,5.7475095941515,0.25));
#8537=CARTESIAN_POINT('',(2.83249253611239,5.1420209846063,0.25));
#8538=CARTESIAN_POINT('Origin',(0.,5.7475095941515,-0.25));
#8539=CARTESIAN_POINT('Origin',(-2.62579380630161,4.68400828271405,0.25));
#8540=CARTESIAN_POINT('',(-2.37579380630161,4.25099558082185,0.2));
#8541=CARTESIAN_POINT('',(-2.37579380630161,4.25099558082185,0.25));
#8542=CARTESIAN_POINT('',(-2.87579380630161,5.1170209846063,0.2));
#8543=CARTESIAN_POINT('',(-2.62579380630161,4.68400828271405,0.2));
#8544=CARTESIAN_POINT('',(-2.87579380630161,5.1170209846063,0.25));
#8545=CARTESIAN_POINT('Origin',(-2.34028676474645,4.27149558082185,0.25));
#8546=CARTESIAN_POINT('',(-2.3047797231913,4.29199558082185,0.25));
#8547=CARTESIAN_POINT('',(-2.33249253611239,4.27599558082185,0.25));
#8548=CARTESIAN_POINT('',(-2.34028676474645,4.27149558082185,0.25));
#8549=CARTESIAN_POINT('',(-2.33638965042943,4.27374558082185,0.2455));
#8550=CARTESIAN_POINT('',(-2.3047797231913,4.29199558082185,-0.25));
#8551=CARTESIAN_POINT('',(-2.34028676474645,4.27149558082185,-0.25));
#8552=CARTESIAN_POINT('',(-2.3047797231913,4.29199558082185,0.25));
#8553=CARTESIAN_POINT('Origin',(-2.84028676474646,5.1375209846063,0.25));
#8554=CARTESIAN_POINT('',(-2.83249253611239,5.1420209846063,0.25));
#8555=CARTESIAN_POINT('',(-2.83638965042943,5.1397709846063,0.2455));
#8556=CARTESIAN_POINT('',(-2.80477972319129,5.1580209846063,0.25));
#8557=CARTESIAN_POINT('',(-2.84028676474646,5.1375209846063,0.25));
#8558=CARTESIAN_POINT('',(-2.80477972319129,5.1580209846063,-0.25));
#8559=CARTESIAN_POINT('',(-2.80477972319129,5.1580209846063,0.25));
#8560=CARTESIAN_POINT('',(-2.84028676474646,5.1375209846063,-0.25));
#8561=CARTESIAN_POINT('Origin',(0.,5.7475095941515,-0.25));
#8562=CARTESIAN_POINT('',(-2.5547797231913,4.72500828271405,-0.25));
#8563=CARTESIAN_POINT('Origin',(-2.5547797231913,4.72500828271405,0.25));
#8564=CARTESIAN_POINT('',(-2.5547797231913,4.72500828271405,0.25));
#8565=CARTESIAN_POINT('Origin',(0.,5.7475095941515,0.25));
#8566=CARTESIAN_POINT('',(-2.38655366086842,4.36963219561362,0.25));
#8567=CARTESIAN_POINT('Origin',(-2.62579380630161,4.68400828271405,0.2));
#8568=CARTESIAN_POINT('Origin',(2.38655366086842,4.36963219561362,0.25));
#8569=CARTESIAN_POINT('Origin',(-2.45866319429784E-14,-1.01078375765578E-13,
0.2));
#8570=CARTESIAN_POINT('Origin',(1.12552137338968E-13,-3.28914498437177E-13,
0.2));
#8571=CARTESIAN_POINT('',(0.,0.,0.));
#8572=CARTESIAN_POINT('Origin',(-8.37311410058098E-13,1.47164651418694E-12,
5.5));
#8573=CARTESIAN_POINT('',(-1.4375,2.48982303588026,0.));
#8574=CARTESIAN_POINT('',(1.4375,2.48982303588026,0.));
#8575=CARTESIAN_POINT('Origin',(-8.37311410058098E-13,1.47164651418694E-12,
0.));
#8576=CARTESIAN_POINT('',(1.4375,2.48982303588026,5.5));
#8577=CARTESIAN_POINT('',(1.4375,2.48982303588026,5.5));
#8578=CARTESIAN_POINT('',(-1.4375,2.48982303588026,5.5));
#8579=CARTESIAN_POINT('Origin',(-8.37311410058098E-13,1.47164651418694E-12,
5.5));
#8580=CARTESIAN_POINT('',(-1.4375,2.48982303588026,5.5));
#8581=CARTESIAN_POINT('',(-1.15241068334623,2.63392760282234,1.));
#8582=CARTESIAN_POINT('',(-0.988135061832205,2.69985445896214,1.));
#8583=CARTESIAN_POINT('Ctrl Pts',(-1.15241068334623,2.63392760282234,0.999999999999999));
#8584=CARTESIAN_POINT('Ctrl Pts',(-1.15241068334623,2.63392760282234,1.0111125117314));
#8585=CARTESIAN_POINT('Ctrl Pts',(-1.15037666075307,2.63482047544559,1.02296551998978));
#8586=CARTESIAN_POINT('Ctrl Pts',(-1.14209249264856,2.6384219028926,1.04476996908437));
#8587=CARTESIAN_POINT('Ctrl Pts',(-1.13584095262557,2.64112704689533,1.05472144331104));
#8588=CARTESIAN_POINT('Ctrl Pts',(-1.12138657841874,2.64729652474635,1.07043650075591));
#8589=CARTESIAN_POINT('Ctrl Pts',(-1.11221995794456,2.65117155744158,1.07724755425799));
#8590=CARTESIAN_POINT('Ctrl Pts',(-1.09208107801511,2.65953055648525,1.08627930757829));
#8591=CARTESIAN_POINT('Ctrl Pts',(-1.08110740466988,2.66401112401234,1.0885));
#8592=CARTESIAN_POINT('Ctrl Pts',(-1.0604795013148,2.6722896100279,1.0885));
#8593=CARTESIAN_POINT('Ctrl Pts',(-1.04945109322548,2.67663899663701,1.08627865043753));
#8594=CARTESIAN_POINT('Ctrl Pts',(-1.02911628353725,2.68452297258732,1.07724661204283));
#8595=CARTESIAN_POINT('Ctrl Pts',(-1.01981118746911,2.68806100032678,1.07043598564525));
#8596=CARTESIAN_POINT('Ctrl Pts',(-1.00509630393974,2.69359763351801,1.05472242813581));
#8597=CARTESIAN_POINT('Ctrl Pts',(-0.998705357231337,2.69596606745898,1.04477177368633));
#8598=CARTESIAN_POINT('Ctrl Pts',(-0.990223997021553,2.69909278521266,1.02296750117994));
#8599=CARTESIAN_POINT('Ctrl Pts',(-0.988135061832205,2.69985445896214,1.01111379436519));
#8600=CARTESIAN_POINT('Ctrl Pts',(-0.988135061832205,2.69985445896214,1.));
#8601=CARTESIAN_POINT('Ctrl Pts',(-0.988135061832205,2.69985445896214,1.));
#8602=CARTESIAN_POINT('Ctrl Pts',(-0.988135061832205,2.69985445896214,0.988886878234769));
#8603=CARTESIAN_POINT('Ctrl Pts',(-0.99022374614443,2.69909287641101,0.977033842709045));
#8604=CARTESIAN_POINT('Ctrl Pts',(-0.998704163938572,2.69596650866459,0.955230595282299));
#8605=CARTESIAN_POINT('Ctrl Pts',(-1.00509441942373,2.69359833428183,0.945280294643857));
#8606=CARTESIAN_POINT('Ctrl Pts',(-1.01980864086883,2.68806196681666,0.929566023548153));
#8607=CARTESIAN_POINT('Ctrl Pts',(-1.02911407167413,2.68452382259075,0.922754659217407));
#8608=CARTESIAN_POINT('Ctrl Pts',(-1.04944984270726,2.67663948902653,0.913721616224713));
#8609=CARTESIAN_POINT('Ctrl Pts',(-1.06047887711666,2.672289860534,0.9115));
#8610=CARTESIAN_POINT('Ctrl Pts',(-1.08110711042105,2.66401124210165,0.9115));
#8611=CARTESIAN_POINT('Ctrl Pts',(-1.09208049159367,2.65953079629621,0.913720566726922));
#8612=CARTESIAN_POINT('Ctrl Pts',(-1.11221892761575,2.65117198869117,0.922751846378226));
#8613=CARTESIAN_POINT('Ctrl Pts',(-1.12138539620686,2.64729702536107,0.92956255190831));
#8614=CARTESIAN_POINT('Ctrl Pts',(-1.13584008268221,2.64112742218982,0.94527727292461));
#8615=CARTESIAN_POINT('Ctrl Pts',(-1.14209194266798,2.63842214136786,0.955228914010473));
#8616=CARTESIAN_POINT('Ctrl Pts',(-1.15037654567147,2.63482052609686,0.977033846456619));
#8617=CARTESIAN_POINT('Ctrl Pts',(-1.15241068334623,2.63392760282234,0.988887171211303));
#8618=CARTESIAN_POINT('Ctrl Pts',(-1.15241068334623,2.63392760282234,0.999999999999999));
#8619=CARTESIAN_POINT('',(-1.15241068334623,2.63392760282234,2.75));
#8620=CARTESIAN_POINT('',(-0.988135061832205,2.69985445896214,2.75));
#8621=CARTESIAN_POINT('Ctrl Pts',(-1.15241068334623,2.63392760282234,2.75));
#8622=CARTESIAN_POINT('Ctrl Pts',(-1.15241068334623,2.63392760282234,2.7611128287887));
#8623=CARTESIAN_POINT('Ctrl Pts',(-1.15037654567147,2.63482052609686,2.77296615354338));
#8624=CARTESIAN_POINT('Ctrl Pts',(-1.14209194266798,2.63842214136786,2.79477108598953));
#8625=CARTESIAN_POINT('Ctrl Pts',(-1.13584008268221,2.64112742218982,2.80472272707539));
#8626=CARTESIAN_POINT('Ctrl Pts',(-1.12138539620686,2.64729702536107,2.82043744809169));
#8627=CARTESIAN_POINT('Ctrl Pts',(-1.11221892761575,2.65117198869117,2.82724815362177));
#8628=CARTESIAN_POINT('Ctrl Pts',(-1.09208049159367,2.65953079629621,2.83627943327308));
#8629=CARTESIAN_POINT('Ctrl Pts',(-1.08110711042105,2.66401124210165,2.8385));
#8630=CARTESIAN_POINT('Ctrl Pts',(-1.06047887711666,2.672289860534,2.8385));
#8631=CARTESIAN_POINT('Ctrl Pts',(-1.04944984270726,2.67663948902653,2.83627838377529));
#8632=CARTESIAN_POINT('Ctrl Pts',(-1.02911407167413,2.68452382259075,2.82724534078259));
#8633=CARTESIAN_POINT('Ctrl Pts',(-1.01980864086883,2.68806196681666,2.82043397645185));
#8634=CARTESIAN_POINT('Ctrl Pts',(-1.00509441942373,2.69359833428183,2.80471970535614));
#8635=CARTESIAN_POINT('Ctrl Pts',(-0.998704163938572,2.69596650866459,2.7947694047177));
#8636=CARTESIAN_POINT('Ctrl Pts',(-0.99022374614443,2.69909287641101,2.77296615729095));
#8637=CARTESIAN_POINT('Ctrl Pts',(-0.988135061832204,2.69985445896214,2.76111312176523));
#8638=CARTESIAN_POINT('Ctrl Pts',(-0.988135061832204,2.69985445896214,2.75));
#8639=CARTESIAN_POINT('Ctrl Pts',(-0.988135061832204,2.69985445896214,2.75));
#8640=CARTESIAN_POINT('Ctrl Pts',(-0.988135061832204,2.69985445896214,2.73888687823477));
#8641=CARTESIAN_POINT('Ctrl Pts',(-0.99022374614443,2.69909287641101,2.72703384270905));
#8642=CARTESIAN_POINT('Ctrl Pts',(-0.998704163938572,2.69596650866459,2.7052305952823));
#8643=CARTESIAN_POINT('Ctrl Pts',(-1.00509441942373,2.69359833428183,2.69528029464386));
#8644=CARTESIAN_POINT('Ctrl Pts',(-1.01980864086883,2.68806196681666,2.67956602354815));
#8645=CARTESIAN_POINT('Ctrl Pts',(-1.02911407167413,2.68452382259075,2.67275465921741));
#8646=CARTESIAN_POINT('Ctrl Pts',(-1.04944984270726,2.67663948902653,2.66372161622471));
#8647=CARTESIAN_POINT('Ctrl Pts',(-1.06047887711666,2.672289860534,2.6615));
#8648=CARTESIAN_POINT('Ctrl Pts',(-1.08110711042105,2.66401124210165,2.6615));
#8649=CARTESIAN_POINT('Ctrl Pts',(-1.09208049159367,2.65953079629621,2.66372056672692));
#8650=CARTESIAN_POINT('Ctrl Pts',(-1.11221892761575,2.65117198869117,2.67275184637823));
#8651=CARTESIAN_POINT('Ctrl Pts',(-1.12138539620686,2.64729702536107,2.67956255190831));
#8652=CARTESIAN_POINT('Ctrl Pts',(-1.13584008268221,2.64112742218982,2.69527727292461));
#8653=CARTESIAN_POINT('Ctrl Pts',(-1.14209194266798,2.63842214136786,2.70522891401047));
#8654=CARTESIAN_POINT('Ctrl Pts',(-1.15037654567147,2.63482052609686,2.72703384645662));
#8655=CARTESIAN_POINT('Ctrl Pts',(-1.15241068334623,2.63392760282234,2.7388871712113));
#8656=CARTESIAN_POINT('Ctrl Pts',(-1.15241068334623,2.63392760282234,2.75));
#8657=CARTESIAN_POINT('',(-1.15241068334623,2.63392760282234,4.5));
#8658=CARTESIAN_POINT('',(-0.988135061832205,2.69985445896214,4.5));
#8659=CARTESIAN_POINT('Ctrl Pts',(-1.15241068334623,2.63392760282234,4.5));
#8660=CARTESIAN_POINT('Ctrl Pts',(-1.15241068334623,2.63392760282234,4.5111128287887));
#8661=CARTESIAN_POINT('Ctrl Pts',(-1.15037654567147,2.63482052609686,4.52296615354338));
#8662=CARTESIAN_POINT('Ctrl Pts',(-1.14209194266798,2.63842214136786,4.54477108598953));
#8663=CARTESIAN_POINT('Ctrl Pts',(-1.13584008268221,2.64112742218982,4.55472272707539));
#8664=CARTESIAN_POINT('Ctrl Pts',(-1.12138539620686,2.64729702536107,4.57043744809169));
#8665=CARTESIAN_POINT('Ctrl Pts',(-1.11221892761575,2.65117198869117,4.57724815362177));
#8666=CARTESIAN_POINT('Ctrl Pts',(-1.09208049159366,2.65953079629621,4.58627943327308));
#8667=CARTESIAN_POINT('Ctrl Pts',(-1.08110711042105,2.66401124210165,4.5885));
#8668=CARTESIAN_POINT('Ctrl Pts',(-1.06047887711666,2.672289860534,4.5885));
#8669=CARTESIAN_POINT('Ctrl Pts',(-1.04944984270726,2.67663948902653,4.58627838377529));
#8670=CARTESIAN_POINT('Ctrl Pts',(-1.02911407167413,2.68452382259075,4.57724534078259));
#8671=CARTESIAN_POINT('Ctrl Pts',(-1.01980864086883,2.68806196681666,4.57043397645185));
#8672=CARTESIAN_POINT('Ctrl Pts',(-1.00509441942373,2.69359833428183,4.55471970535614));
#8673=CARTESIAN_POINT('Ctrl Pts',(-0.998704163938572,2.69596650866459,4.5447694047177));
#8674=CARTESIAN_POINT('Ctrl Pts',(-0.99022374614443,2.69909287641101,4.52296615729095));
#8675=CARTESIAN_POINT('Ctrl Pts',(-0.988135061832205,2.69985445896214,4.51111312176523));
#8676=CARTESIAN_POINT('Ctrl Pts',(-0.988135061832205,2.69985445896214,4.5));
#8677=CARTESIAN_POINT('Ctrl Pts',(-0.988135061832205,2.69985445896214,4.5));
#8678=CARTESIAN_POINT('Ctrl Pts',(-0.988135061832205,2.69985445896214,4.48888687823477));
#8679=CARTESIAN_POINT('Ctrl Pts',(-0.99022374614443,2.69909287641101,4.47703384270905));
#8680=CARTESIAN_POINT('Ctrl Pts',(-0.998704163938572,2.69596650866459,4.4552305952823));
#8681=CARTESIAN_POINT('Ctrl Pts',(-1.00509441942373,2.69359833428183,4.44528029464386));
#8682=CARTESIAN_POINT('Ctrl Pts',(-1.01980864086883,2.68806196681666,4.42956602354815));
#8683=CARTESIAN_POINT('Ctrl Pts',(-1.02911407167413,2.68452382259075,4.42275465921741));
#8684=CARTESIAN_POINT('Ctrl Pts',(-1.04944984270727,2.67663948902653,4.41372161622471));
#8685=CARTESIAN_POINT('Ctrl Pts',(-1.06047887711666,2.672289860534,4.4115));
#8686=CARTESIAN_POINT('Ctrl Pts',(-1.08110711042105,2.66401124210165,4.4115));
#8687=CARTESIAN_POINT('Ctrl Pts',(-1.09208049159366,2.65953079629621,4.41372056672692));
#8688=CARTESIAN_POINT('Ctrl Pts',(-1.11221892761575,2.65117198869117,4.42275184637823));
#8689=CARTESIAN_POINT('Ctrl Pts',(-1.12138539620686,2.64729702536107,4.42956255190831));
#8690=CARTESIAN_POINT('Ctrl Pts',(-1.13584008268221,2.64112742218982,4.44527727292461));
#8691=CARTESIAN_POINT('Ctrl Pts',(-1.14209194266798,2.63842214136786,4.45522891401047));
#8692=CARTESIAN_POINT('Ctrl Pts',(-1.15037654567147,2.63482052609686,4.47703384645662));
#8693=CARTESIAN_POINT('Ctrl Pts',(-1.15241068334623,2.63392760282234,4.4888871712113));
#8694=CARTESIAN_POINT('Ctrl Pts',(-1.15241068334623,2.63392760282234,4.5));
#8695=CARTESIAN_POINT('',(0.988135061831984,2.69985445896161,1.));
#8696=CARTESIAN_POINT('',(1.15241068334598,2.63392760282172,1.));
#8697=CARTESIAN_POINT('Ctrl Pts',(0.988135061831985,2.6998544589616,1.));
#8698=CARTESIAN_POINT('Ctrl Pts',(0.988135061831985,2.6998544589616,1.01111379436519));
#8699=CARTESIAN_POINT('Ctrl Pts',(0.990223997021333,2.69909278521213,1.02296750117994));
#8700=CARTESIAN_POINT('Ctrl Pts',(0.998705357231115,2.69596606745844,1.04477177368633));
#8701=CARTESIAN_POINT('Ctrl Pts',(1.00509630393952,2.69359763351747,1.05472242813581));
#8702=CARTESIAN_POINT('Ctrl Pts',(1.01981118746888,2.68806100032623,1.07043598564525));
#8703=CARTESIAN_POINT('Ctrl Pts',(1.02911628353702,2.68452297258677,1.07724661204283));
#8704=CARTESIAN_POINT('Ctrl Pts',(1.04945109322524,2.67663899663645,1.08627865043753));
#8705=CARTESIAN_POINT('Ctrl Pts',(1.06047950131456,2.67228961002733,1.0885));
#8706=CARTESIAN_POINT('Ctrl Pts',(1.08110740466964,2.66401112401175,1.0885));
#8707=CARTESIAN_POINT('Ctrl Pts',(1.09208107801487,2.65953055648466,1.08627930757829));
#8708=CARTESIAN_POINT('Ctrl Pts',(1.11221995794431,2.65117155744098,1.07724755425799));
#8709=CARTESIAN_POINT('Ctrl Pts',(1.12138657841849,2.64729652474574,1.07043650075591));
#8710=CARTESIAN_POINT('Ctrl Pts',(1.13584095262532,2.64112704689472,1.05472144331104));
#8711=CARTESIAN_POINT('Ctrl Pts',(1.14209249264831,2.63842190289198,1.04476996908437));
#8712=CARTESIAN_POINT('Ctrl Pts',(1.15037666075282,2.63482047544497,1.02296551998978));
#8713=CARTESIAN_POINT('Ctrl Pts',(1.15241068334598,2.63392760282172,1.0111125117314));
#8714=CARTESIAN_POINT('Ctrl Pts',(1.15241068334598,2.63392760282172,0.999999999999999));
#8715=CARTESIAN_POINT('Ctrl Pts',(1.15241068334598,2.63392760282172,1.));
#8716=CARTESIAN_POINT('Ctrl Pts',(1.15241068334598,2.63392760282172,0.988887171211303));
#8717=CARTESIAN_POINT('Ctrl Pts',(1.15037654567121,2.63482052609624,0.977033846456619));
#8718=CARTESIAN_POINT('Ctrl Pts',(1.14209194266773,2.63842214136724,0.955228914010473));
#8719=CARTESIAN_POINT('Ctrl Pts',(1.13584008268196,2.64112742218921,0.94527727292461));
#8720=CARTESIAN_POINT('Ctrl Pts',(1.12138539620661,2.64729702536047,0.929562551908309));
#8721=CARTESIAN_POINT('Ctrl Pts',(1.1122189276155,2.65117198869057,0.922751846378226));
#8722=CARTESIAN_POINT('Ctrl Pts',(1.09208049159342,2.65953079629562,0.913720566726922));
#8723=CARTESIAN_POINT('Ctrl Pts',(1.0811071104208,2.66401124210106,0.9115));
#8724=CARTESIAN_POINT('Ctrl Pts',(1.06047887711642,2.67228986053343,0.9115));
#8725=CARTESIAN_POINT('Ctrl Pts',(1.04944984270703,2.67663948902596,0.913721616224713));
#8726=CARTESIAN_POINT('Ctrl Pts',(1.0291140716739,2.68452382259019,0.922754659217407));
#8727=CARTESIAN_POINT('Ctrl Pts',(1.0198086408686,2.68806196681611,0.929566023548154));
#8728=CARTESIAN_POINT('Ctrl Pts',(1.0050944194235,2.69359833428129,0.945280294643857));
#8729=CARTESIAN_POINT('Ctrl Pts',(0.998704163938349,2.69596650866405,0.955230595282299));
#8730=CARTESIAN_POINT('Ctrl Pts',(0.99022374614421,2.69909287641048,0.977033842709045));
#8731=CARTESIAN_POINT('Ctrl Pts',(0.988135061831985,2.6998544589616,0.988886878234769));
#8732=CARTESIAN_POINT('Ctrl Pts',(0.988135061831985,2.6998544589616,1.));
#8733=CARTESIAN_POINT('',(0.988135061831984,2.69985445896161,2.75));
#8734=CARTESIAN_POINT('',(1.15241068334598,2.63392760282172,2.75));
#8735=CARTESIAN_POINT('Ctrl Pts',(0.988135061831985,2.6998544589616,2.75));
#8736=CARTESIAN_POINT('Ctrl Pts',(0.988135061831985,2.6998544589616,2.76111312176523));
#8737=CARTESIAN_POINT('Ctrl Pts',(0.99022374614421,2.69909287641048,2.77296615729095));
#8738=CARTESIAN_POINT('Ctrl Pts',(0.998704163938349,2.69596650866405,2.7947694047177));
#8739=CARTESIAN_POINT('Ctrl Pts',(1.0050944194235,2.69359833428129,2.80471970535614));
#8740=CARTESIAN_POINT('Ctrl Pts',(1.0198086408686,2.68806196681611,2.82043397645185));
#8741=CARTESIAN_POINT('Ctrl Pts',(1.0291140716739,2.68452382259019,2.82724534078259));
#8742=CARTESIAN_POINT('Ctrl Pts',(1.04944984270703,2.67663948902596,2.83627838377529));
#8743=CARTESIAN_POINT('Ctrl Pts',(1.06047887711642,2.67228986053343,2.8385));
#8744=CARTESIAN_POINT('Ctrl Pts',(1.08110711042081,2.66401124210106,2.8385));
#8745=CARTESIAN_POINT('Ctrl Pts',(1.09208049159342,2.65953079629562,2.83627943327308));
#8746=CARTESIAN_POINT('Ctrl Pts',(1.1122189276155,2.65117198869057,2.82724815362177));
#8747=CARTESIAN_POINT('Ctrl Pts',(1.12138539620661,2.64729702536047,2.82043744809169));
#8748=CARTESIAN_POINT('Ctrl Pts',(1.13584008268196,2.64112742218921,2.80472272707539));
#8749=CARTESIAN_POINT('Ctrl Pts',(1.14209194266773,2.63842214136724,2.79477108598953));
#8750=CARTESIAN_POINT('Ctrl Pts',(1.15037654567121,2.63482052609624,2.77296615354338));
#8751=CARTESIAN_POINT('Ctrl Pts',(1.15241068334598,2.63392760282172,2.7611128287887));
#8752=CARTESIAN_POINT('Ctrl Pts',(1.15241068334598,2.63392760282172,2.75));
#8753=CARTESIAN_POINT('Ctrl Pts',(1.15241068334598,2.63392760282172,2.75));
#8754=CARTESIAN_POINT('Ctrl Pts',(1.15241068334598,2.63392760282172,2.7388871712113));
#8755=CARTESIAN_POINT('Ctrl Pts',(1.15037654567121,2.63482052609624,2.72703384645662));
#8756=CARTESIAN_POINT('Ctrl Pts',(1.14209194266773,2.63842214136724,2.70522891401047));
#8757=CARTESIAN_POINT('Ctrl Pts',(1.13584008268196,2.64112742218921,2.69527727292461));
#8758=CARTESIAN_POINT('Ctrl Pts',(1.12138539620661,2.64729702536047,2.67956255190831));
#8759=CARTESIAN_POINT('Ctrl Pts',(1.1122189276155,2.65117198869057,2.67275184637823));
#8760=CARTESIAN_POINT('Ctrl Pts',(1.09208049159342,2.65953079629562,2.66372056672692));
#8761=CARTESIAN_POINT('Ctrl Pts',(1.08110711042081,2.66401124210106,2.6615));
#8762=CARTESIAN_POINT('Ctrl Pts',(1.06047887711642,2.67228986053343,2.6615));
#8763=CARTESIAN_POINT('Ctrl Pts',(1.04944984270703,2.67663948902596,2.66372161622471));
#8764=CARTESIAN_POINT('Ctrl Pts',(1.0291140716739,2.68452382259019,2.67275465921741));
#8765=CARTESIAN_POINT('Ctrl Pts',(1.0198086408686,2.68806196681611,2.67956602354815));
#8766=CARTESIAN_POINT('Ctrl Pts',(1.0050944194235,2.69359833428129,2.69528029464386));
#8767=CARTESIAN_POINT('Ctrl Pts',(0.998704163938349,2.69596650866405,2.7052305952823));
#8768=CARTESIAN_POINT('Ctrl Pts',(0.99022374614421,2.69909287641048,2.72703384270905));
#8769=CARTESIAN_POINT('Ctrl Pts',(0.988135061831984,2.6998544589616,2.73888687823477));
#8770=CARTESIAN_POINT('Ctrl Pts',(0.988135061831984,2.6998544589616,2.75));
#8771=CARTESIAN_POINT('',(0.988135061831984,2.69985445896161,4.5));
#8772=CARTESIAN_POINT('',(1.15241068334598,2.63392760282172,4.5));
#8773=CARTESIAN_POINT('Ctrl Pts',(0.988135061831984,2.6998544589616,4.5));
#8774=CARTESIAN_POINT('Ctrl Pts',(0.988135061831984,2.6998544589616,4.51111312176523));
#8775=CARTESIAN_POINT('Ctrl Pts',(0.99022374614421,2.69909287641048,4.52296615729095));
#8776=CARTESIAN_POINT('Ctrl Pts',(0.998704163938349,2.69596650866405,4.5447694047177));
#8777=CARTESIAN_POINT('Ctrl Pts',(1.0050944194235,2.69359833428129,4.55471970535614));
#8778=CARTESIAN_POINT('Ctrl Pts',(1.0198086408686,2.68806196681611,4.57043397645185));
#8779=CARTESIAN_POINT('Ctrl Pts',(1.0291140716739,2.68452382259019,4.57724534078259));
#8780=CARTESIAN_POINT('Ctrl Pts',(1.04944984270703,2.67663948902596,4.58627838377529));
#8781=CARTESIAN_POINT('Ctrl Pts',(1.06047887711642,2.67228986053343,4.5885));
#8782=CARTESIAN_POINT('Ctrl Pts',(1.08110711042081,2.66401124210106,4.5885));
#8783=CARTESIAN_POINT('Ctrl Pts',(1.09208049159342,2.65953079629562,4.58627943327308));
#8784=CARTESIAN_POINT('Ctrl Pts',(1.1122189276155,2.65117198869057,4.57724815362177));
#8785=CARTESIAN_POINT('Ctrl Pts',(1.12138539620661,2.64729702536047,4.57043744809169));
#8786=CARTESIAN_POINT('Ctrl Pts',(1.13584008268196,2.64112742218921,4.55472272707539));
#8787=CARTESIAN_POINT('Ctrl Pts',(1.14209194266773,2.63842214136724,4.54477108598953));
#8788=CARTESIAN_POINT('Ctrl Pts',(1.15037654567121,2.63482052609624,4.52296615354338));
#8789=CARTESIAN_POINT('Ctrl Pts',(1.15241068334598,2.63392760282172,4.5111128287887));
#8790=CARTESIAN_POINT('Ctrl Pts',(1.15241068334598,2.63392760282172,4.5));
#8791=CARTESIAN_POINT('Ctrl Pts',(1.15241068334598,2.63392760282172,4.5));
#8792=CARTESIAN_POINT('Ctrl Pts',(1.15241068334598,2.63392760282172,4.4888871712113));
#8793=CARTESIAN_POINT('Ctrl Pts',(1.15037654567121,2.63482052609624,4.47703384645662));
#8794=CARTESIAN_POINT('Ctrl Pts',(1.14209194266773,2.63842214136724,4.45522891401047));
#8795=CARTESIAN_POINT('Ctrl Pts',(1.13584008268196,2.64112742218921,4.44527727292461));
#8796=CARTESIAN_POINT('Ctrl Pts',(1.12138539620661,2.64729702536047,4.42956255190831));
#8797=CARTESIAN_POINT('Ctrl Pts',(1.1122189276155,2.65117198869057,4.42275184637823));
#8798=CARTESIAN_POINT('Ctrl Pts',(1.09208049159342,2.65953079629562,4.41372056672692));
#8799=CARTESIAN_POINT('Ctrl Pts',(1.08110711042081,2.66401124210106,4.4115));
#8800=CARTESIAN_POINT('Ctrl Pts',(1.06047887711642,2.67228986053343,4.4115));
#8801=CARTESIAN_POINT('Ctrl Pts',(1.04944984270703,2.67663948902596,4.41372161622471));
#8802=CARTESIAN_POINT('Ctrl Pts',(1.0291140716739,2.68452382259019,4.42275465921741));
#8803=CARTESIAN_POINT('Ctrl Pts',(1.0198086408686,2.68806196681611,4.42956602354815));
#8804=CARTESIAN_POINT('Ctrl Pts',(1.0050944194235,2.69359833428129,4.44528029464386));
#8805=CARTESIAN_POINT('Ctrl Pts',(0.998704163938349,2.69596650866405,4.4552305952823));
#8806=CARTESIAN_POINT('Ctrl Pts',(0.99022374614421,2.69909287641048,4.47703384270905));
#8807=CARTESIAN_POINT('Ctrl Pts',(0.988135061831985,2.6998544589616,4.48888687823477));
#8808=CARTESIAN_POINT('Ctrl Pts',(0.988135061831985,2.6998544589616,4.5));
#8809=CARTESIAN_POINT('',(-0.375,2.85043856274772,2.37500005782741));
#8810=CARTESIAN_POINT('',(0.375,2.8504385627475,2.37500005782741));
#8811=CARTESIAN_POINT('Ctrl Pts',(-0.375000000000001,2.85043856274772,2.37500005782741));
#8812=CARTESIAN_POINT('Ctrl Pts',(-0.375000000000001,2.85043856274772,2.32785626822711));
#8813=CARTESIAN_POINT('Ctrl Pts',(-0.365567290886788,2.85172884837789,2.27760725392023));
#8814=CARTESIAN_POINT('Ctrl Pts',(-0.327280568414653,2.85637607741477,2.18523115840105));
#8815=CARTESIAN_POINT('Ctrl Pts',(-0.298429463763506,2.85966446814351,2.143099435701));
#8816=CARTESIAN_POINT('Ctrl Pts',(-0.231900952025913,2.86582674659827,2.07657092396341));
#8817=CARTESIAN_POINT('Ctrl Pts',(-0.189769086142915,2.86910288876551,2.04771956074073));
#8818=CARTESIAN_POINT('Ctrl Pts',(-0.0973925048267727,2.87372204506868,
2.00943264904168));
#8819=CARTESIAN_POINT('Ctrl Pts',(-0.0471433220523135,2.87499999999979,
2.00000005782741));
#8820=CARTESIAN_POINT('Ctrl Pts',(0.0471433220523127,2.87499999999977,2.00000005782741));
#8821=CARTESIAN_POINT('Ctrl Pts',(0.0973925048267725,2.87372204506862,2.00943264904168));
#8822=CARTESIAN_POINT('Ctrl Pts',(0.189769086142915,2.86910288876539,2.04771956074074));
#8823=CARTESIAN_POINT('Ctrl Pts',(0.231900952025913,2.86582674659813,2.07657092396341));
#8824=CARTESIAN_POINT('Ctrl Pts',(0.298429463763504,2.85966446814333,2.143099435701));
#8825=CARTESIAN_POINT('Ctrl Pts',(0.327280568414651,2.85637607741458,2.18523115840105));
#8826=CARTESIAN_POINT('Ctrl Pts',(0.365567290886786,2.85172884837767,2.27760725392023));
#8827=CARTESIAN_POINT('Ctrl Pts',(0.374999999999999,2.8504385627475,2.32785626822711));
#8828=CARTESIAN_POINT('Ctrl Pts',(0.374999999999999,2.8504385627475,2.37500005782741));
#8829=CARTESIAN_POINT('',(-0.375,2.85043856274772,3.12500005782741));
#8830=CARTESIAN_POINT('',(-0.375,2.85043856274772,5.5));
#8831=CARTESIAN_POINT('',(0.375,2.8504385627475,3.12500005782741));
#8832=CARTESIAN_POINT('Ctrl Pts',(0.374999999999999,2.8504385627475,3.12500005782741));
#8833=CARTESIAN_POINT('Ctrl Pts',(0.374999999999999,2.8504385627475,3.1721438474277));
#8834=CARTESIAN_POINT('Ctrl Pts',(0.365567290886786,2.85172884837767,3.22239286173458));
#8835=CARTESIAN_POINT('Ctrl Pts',(0.32728056841465,2.85637607741458,3.31476895725376));
#8836=CARTESIAN_POINT('Ctrl Pts',(0.298429463763504,2.85966446814333,3.35690067995381));
#8837=CARTESIAN_POINT('Ctrl Pts',(0.231900952025913,2.86582674659813,3.4234291916914));
#8838=CARTESIAN_POINT('Ctrl Pts',(0.189769086142915,2.86910288876539,3.45228055491407));
#8839=CARTESIAN_POINT('Ctrl Pts',(0.0973925048267727,2.87372204506862,3.49056746661313));
#8840=CARTESIAN_POINT('Ctrl Pts',(0.0471433220523127,2.87499999999977,3.50000005782741));
#8841=CARTESIAN_POINT('Ctrl Pts',(-0.0471433220523135,2.87499999999979,
3.50000005782741));
#8842=CARTESIAN_POINT('Ctrl Pts',(-0.0973925048267727,2.87372204506868,
3.49056746661313));
#8843=CARTESIAN_POINT('Ctrl Pts',(-0.189769086142914,2.86910288876551,3.45228055491408));
#8844=CARTESIAN_POINT('Ctrl Pts',(-0.231900952025913,2.86582674659827,3.4234291916914));
#8845=CARTESIAN_POINT('Ctrl Pts',(-0.298429463763506,2.85966446814351,3.35690067995381));
#8846=CARTESIAN_POINT('Ctrl Pts',(-0.327280568414652,2.85637607741477,3.31476895725376));
#8847=CARTESIAN_POINT('Ctrl Pts',(-0.365567290886788,2.85172884837789,3.22239286173458));
#8848=CARTESIAN_POINT('Ctrl Pts',(-0.375000000000001,2.85043856274772,3.1721438474277));
#8849=CARTESIAN_POINT('Ctrl Pts',(-0.375000000000001,2.85043856274772,3.12500005782741));
#8850=CARTESIAN_POINT('',(0.375,2.8504385627475,5.5));
#8851=CARTESIAN_POINT('',(-0.375,2.85043856274772,4.125));
#8852=CARTESIAN_POINT('',(0.375,2.8504385627475,4.125));
#8853=CARTESIAN_POINT('Ctrl Pts',(-0.375,2.85043856274772,4.125));
#8854=CARTESIAN_POINT('Ctrl Pts',(-0.375,2.85043856274772,4.0778562103997));
#8855=CARTESIAN_POINT('Ctrl Pts',(-0.365567290886787,2.85172884837789,4.02760719609283));
#8856=CARTESIAN_POINT('Ctrl Pts',(-0.327280568414651,2.85637607741477,3.93523110057364));
#8857=CARTESIAN_POINT('Ctrl Pts',(-0.298429463763504,2.85966446814351,3.89309937787359));
#8858=CARTESIAN_POINT('Ctrl Pts',(-0.231900952025912,2.86582674659827,3.826570866136));
#8859=CARTESIAN_POINT('Ctrl Pts',(-0.189769086142914,2.86910288876551,3.79771950291333));
#8860=CARTESIAN_POINT('Ctrl Pts',(-0.0973925048267718,2.87372204506868,
3.75943259121428));
#8861=CARTESIAN_POINT('Ctrl Pts',(-0.0471433220523124,2.87499999999979,
3.75));
#8862=CARTESIAN_POINT('Ctrl Pts',(0.0471433220523138,2.87499999999977,3.75));
#8863=CARTESIAN_POINT('Ctrl Pts',(0.0973925048267737,2.87372204506862,3.75943259121428));
#8864=CARTESIAN_POINT('Ctrl Pts',(0.189769086142916,2.86910288876539,3.79771950291333));
#8865=CARTESIAN_POINT('Ctrl Pts',(0.231900952025914,2.86582674659813,3.826570866136));
#8866=CARTESIAN_POINT('Ctrl Pts',(0.298429463763505,2.85966446814333,3.89309937787359));
#8867=CARTESIAN_POINT('Ctrl Pts',(0.327280568414652,2.85637607741458,3.93523110057364));
#8868=CARTESIAN_POINT('Ctrl Pts',(0.365567290886787,2.85172884837767,4.02760719609283));
#8869=CARTESIAN_POINT('Ctrl Pts',(0.375,2.8504385627475,4.0778562103997));
#8870=CARTESIAN_POINT('Ctrl Pts',(0.375,2.8504385627475,4.125));
#8871=CARTESIAN_POINT('',(-0.375,2.85043856274772,4.875));
#8872=CARTESIAN_POINT('',(-0.375,2.85043856274772,5.5));
#8873=CARTESIAN_POINT('',(0.375,2.8504385627475,4.875));
#8874=CARTESIAN_POINT('Ctrl Pts',(0.375,2.8504385627475,4.875));
#8875=CARTESIAN_POINT('Ctrl Pts',(0.375,2.8504385627475,4.9221437896003));
#8876=CARTESIAN_POINT('Ctrl Pts',(0.365567290886787,2.85172884837767,4.97239280390717));
#8877=CARTESIAN_POINT('Ctrl Pts',(0.327280568414652,2.85637607741458,5.06476889942636));
#8878=CARTESIAN_POINT('Ctrl Pts',(0.298429463763505,2.85966446814333,5.1069006221264));
#8879=CARTESIAN_POINT('Ctrl Pts',(0.231900952025914,2.86582674659813,5.173429133864));
#8880=CARTESIAN_POINT('Ctrl Pts',(0.189769086142916,2.86910288876539,5.20228049708667));
#8881=CARTESIAN_POINT('Ctrl Pts',(0.0973925048267737,2.87372204506862,5.24056740878572));
#8882=CARTESIAN_POINT('Ctrl Pts',(0.0471433220523139,2.87499999999977,5.25));
#8883=CARTESIAN_POINT('Ctrl Pts',(-0.0471433220523124,2.87499999999979,
5.25));
#8884=CARTESIAN_POINT('Ctrl Pts',(-0.0973925048267715,2.87372204506868,
5.24056740878572));
#8885=CARTESIAN_POINT('Ctrl Pts',(-0.189769086142913,2.86910288876551,5.20228049708667));
#8886=CARTESIAN_POINT('Ctrl Pts',(-0.231900952025912,2.86582674659827,5.173429133864));
#8887=CARTESIAN_POINT('Ctrl Pts',(-0.298429463763504,2.85966446814351,5.10690062212641));
#8888=CARTESIAN_POINT('Ctrl Pts',(-0.327280568414651,2.85637607741477,5.06476889942636));
#8889=CARTESIAN_POINT('Ctrl Pts',(-0.365567290886787,2.85172884837789,4.97239280390717));
#8890=CARTESIAN_POINT('Ctrl Pts',(-0.375,2.85043856274772,4.9221437896003));
#8891=CARTESIAN_POINT('Ctrl Pts',(-0.375,2.85043856274772,4.875));
#8892=CARTESIAN_POINT('',(0.375,2.8504385627475,5.5));
#8893=CARTESIAN_POINT('',(-0.375,2.85043856274772,0.625));
#8894=CARTESIAN_POINT('',(0.375,2.8504385627475,0.625));
#8895=CARTESIAN_POINT('Ctrl Pts',(-0.375,2.85043856274772,0.625));
#8896=CARTESIAN_POINT('Ctrl Pts',(-0.375,2.85043856274772,0.577856210399701));
#8897=CARTESIAN_POINT('Ctrl Pts',(-0.365567290886788,2.85172884837789,0.527607196092828));
#8898=CARTESIAN_POINT('Ctrl Pts',(-0.327280568414652,2.85637607741477,0.435231100573643));
#8899=CARTESIAN_POINT('Ctrl Pts',(-0.298429463763506,2.85966446814351,0.393099377873595));
#8900=CARTESIAN_POINT('Ctrl Pts',(-0.231900952025913,2.86582674659827,0.326570866136002));
#8901=CARTESIAN_POINT('Ctrl Pts',(-0.189769086142915,2.86910288876551,0.29771950291333));
#8902=CARTESIAN_POINT('Ctrl Pts',(-0.0973925048267725,2.87372204506868,
0.259432591214278));
#8903=CARTESIAN_POINT('Ctrl Pts',(-0.047143322052313,2.87499999999979,0.25));
#8904=CARTESIAN_POINT('Ctrl Pts',(0.0471433220523132,2.87499999999977,0.25));
#8905=CARTESIAN_POINT('Ctrl Pts',(0.0973925048267729,2.87372204506862,0.259432591214279));
#8906=CARTESIAN_POINT('Ctrl Pts',(0.189769086142915,2.86910288876539,0.297719502913331));
#8907=CARTESIAN_POINT('Ctrl Pts',(0.231900952025913,2.86582674659813,0.326570866136002));
#8908=CARTESIAN_POINT('Ctrl Pts',(0.298429463763504,2.85966446814333,0.393099377873594));
#8909=CARTESIAN_POINT('Ctrl Pts',(0.327280568414651,2.85637607741458,0.435231100573642));
#8910=CARTESIAN_POINT('Ctrl Pts',(0.365567290886787,2.85172884837767,0.527607196092827));
#8911=CARTESIAN_POINT('Ctrl Pts',(0.375,2.8504385627475,0.577856210399701));
#8912=CARTESIAN_POINT('Ctrl Pts',(0.375,2.8504385627475,0.625));
#8913=CARTESIAN_POINT('',(-0.375,2.85043856274772,1.375));
#8914=CARTESIAN_POINT('',(-0.375,2.85043856274772,5.5));
#8915=CARTESIAN_POINT('',(0.375,2.8504385627475,1.375));
#8916=CARTESIAN_POINT('Ctrl Pts',(0.375,2.8504385627475,1.375));
#8917=CARTESIAN_POINT('Ctrl Pts',(0.375,2.8504385627475,1.4221437896003));
#8918=CARTESIAN_POINT('Ctrl Pts',(0.365567290886787,2.85172884837767,1.47239280390717));
#8919=CARTESIAN_POINT('Ctrl Pts',(0.327280568414652,2.85637607741458,1.56476889942636));
#8920=CARTESIAN_POINT('Ctrl Pts',(0.298429463763505,2.85966446814333,1.6069006221264));
#8921=CARTESIAN_POINT('Ctrl Pts',(0.231900952025913,2.86582674659813,1.673429133864));
#8922=CARTESIAN_POINT('Ctrl Pts',(0.189769086142916,2.86910288876539,1.70228049708667));
#8923=CARTESIAN_POINT('Ctrl Pts',(0.0973925048267733,2.87372204506862,1.74056740878572));
#8924=CARTESIAN_POINT('Ctrl Pts',(0.0471433220523135,2.87499999999977,1.75));
#8925=CARTESIAN_POINT('Ctrl Pts',(-0.0471433220523127,2.87499999999979,
1.75));
#8926=CARTESIAN_POINT('Ctrl Pts',(-0.0973925048267717,2.87372204506868,
1.74056740878572));
#8927=CARTESIAN_POINT('Ctrl Pts',(-0.189769086142914,2.86910288876551,1.70228049708667));
#8928=CARTESIAN_POINT('Ctrl Pts',(-0.231900952025912,2.86582674659827,1.673429133864));
#8929=CARTESIAN_POINT('Ctrl Pts',(-0.298429463763505,2.85966446814351,1.60690062212641));
#8930=CARTESIAN_POINT('Ctrl Pts',(-0.327280568414652,2.85637607741477,1.56476889942636));
#8931=CARTESIAN_POINT('Ctrl Pts',(-0.365567290886788,2.85172884837789,1.47239280390717));
#8932=CARTESIAN_POINT('Ctrl Pts',(-0.375,2.85043856274772,1.4221437896003));
#8933=CARTESIAN_POINT('Ctrl Pts',(-0.375,2.85043856274772,1.375));
#8934=CARTESIAN_POINT('',(0.375,2.8504385627475,5.5));
#8935=CARTESIAN_POINT('Origin',(4.78073398891244E-16,4.37095678986283E-15,
5.5));
#8936=CARTESIAN_POINT('',(-0.782341303734835,2.79767172564446,0.));
#8937=CARTESIAN_POINT('',(0.782341303734835,2.79767172564446,0.));
#8938=CARTESIAN_POINT('Origin',(4.78073398891244E-16,4.37095678986283E-15,
0.));
#8939=CARTESIAN_POINT('',(-0.782341303734835,2.79767172564446,5.5));
#8940=CARTESIAN_POINT('',(-0.782341303734835,2.79767172564446,2.75));
#8941=CARTESIAN_POINT('',(0.782341303734835,2.79767172564446,5.5));
#8942=CARTESIAN_POINT('Origin',(4.78073398891244E-16,4.37095678986283E-15,
5.5));
#8943=CARTESIAN_POINT('',(0.782341303734835,2.79767172564447,2.75));
#8944=CARTESIAN_POINT('',(-0.375,2.88069436074013,3.12500005782741));
#8945=CARTESIAN_POINT('',(-0.375,2.88069436074013,2.37500005782741));
#8946=CARTESIAN_POINT('',(-0.375,2.88069436074013,5.5));
#8947=CARTESIAN_POINT('',(0.375,2.88069436074013,2.37500005782741));
#8948=CARTESIAN_POINT('Ctrl Pts',(-0.375000000000001,2.88069436074014,2.37500005782741));
#8949=CARTESIAN_POINT('Ctrl Pts',(-0.375000000000001,2.88069436074014,2.32785747340803));
#8950=CARTESIAN_POINT('Ctrl Pts',(-0.365567759614502,2.88197102046682,2.27760896579318));
#8951=CARTESIAN_POINT('Ctrl Pts',(-0.327281377471834,2.88656952920767,2.18523252951615));
#8952=CARTESIAN_POINT('Ctrl Pts',(-0.298430085489849,2.88982358359205,2.14310005742734));
#8953=CARTESIAN_POINT('Ctrl Pts',(-0.231900316783152,2.89592180178616,2.07657028872064));
#8954=CARTESIAN_POINT('Ctrl Pts',(-0.189767707321625,2.89916398544598,2.04771874878562));
#8955=CARTESIAN_POINT('Ctrl Pts',(-0.0973908051901743,2.90373528894196,
2.00943218509006));
#8956=CARTESIAN_POINT('Ctrl Pts',(-0.0471421360472899,2.905,2.00000005782741));
#8957=CARTESIAN_POINT('Ctrl Pts',(0.0471421360472876,2.905,2.00000005782741));
#8958=CARTESIAN_POINT('Ctrl Pts',(0.0973908051901721,2.90373528894196,2.00943218509006));
#8959=CARTESIAN_POINT('Ctrl Pts',(0.189767707321623,2.89916398544598,2.04771874878562));
#8960=CARTESIAN_POINT('Ctrl Pts',(0.231900316783149,2.89592180178616,2.07657028872064));
#8961=CARTESIAN_POINT('Ctrl Pts',(0.298430085489847,2.88982358359205,2.14310005742734));
#8962=CARTESIAN_POINT('Ctrl Pts',(0.327281377471832,2.88656952920767,2.18523252951615));
#8963=CARTESIAN_POINT('Ctrl Pts',(0.365567759614499,2.88197102046682,2.27760896579318));
#8964=CARTESIAN_POINT('Ctrl Pts',(0.374999999999999,2.88069436074014,2.32785747340803));
#8965=CARTESIAN_POINT('Ctrl Pts',(0.374999999999999,2.88069436074014,2.37500005782741));
#8966=CARTESIAN_POINT('',(0.375,2.88069436074013,3.12500005782741));
#8967=CARTESIAN_POINT('',(0.375,2.88069436074013,5.5));
#8968=CARTESIAN_POINT('Ctrl Pts',(0.374999999999999,2.88069436074014,3.12500005782741));
#8969=CARTESIAN_POINT('Ctrl Pts',(0.374999999999999,2.88069436074014,3.17214264224678));
#8970=CARTESIAN_POINT('Ctrl Pts',(0.3655677596145,2.88197102046682,3.22239114986163));
#8971=CARTESIAN_POINT('Ctrl Pts',(0.327281377471832,2.88656952920767,3.31476758613866));
#8972=CARTESIAN_POINT('Ctrl Pts',(0.298430085489847,2.88982358359205,3.35690005822747));
#8973=CARTESIAN_POINT('Ctrl Pts',(0.231900316783149,2.89592180178616,3.42342982693417));
#8974=CARTESIAN_POINT('Ctrl Pts',(0.189767707321623,2.89916398544598,3.45228136686919));
#8975=CARTESIAN_POINT('Ctrl Pts',(0.0973908051901722,2.90373528894196,3.49056793056475));
#8976=CARTESIAN_POINT('Ctrl Pts',(0.0471421360472876,2.905,3.50000005782741));
#8977=CARTESIAN_POINT('Ctrl Pts',(-0.0471421360472899,2.905,3.50000005782741));
#8978=CARTESIAN_POINT('Ctrl Pts',(-0.0973908051901745,2.90373528894196,
3.49056793056475));
#8979=CARTESIAN_POINT('Ctrl Pts',(-0.189767707321625,2.89916398544598,3.45228136686919));
#8980=CARTESIAN_POINT('Ctrl Pts',(-0.231900316783152,2.89592180178616,3.42342982693417));
#8981=CARTESIAN_POINT('Ctrl Pts',(-0.298430085489849,2.88982358359205,3.35690005822747));
#8982=CARTESIAN_POINT('Ctrl Pts',(-0.327281377471834,2.88656952920767,3.31476758613866));
#8983=CARTESIAN_POINT('Ctrl Pts',(-0.365567759614502,2.88197102046682,3.22239114986163));
#8984=CARTESIAN_POINT('Ctrl Pts',(-0.375000000000001,2.88069436074014,3.17214264224678));
#8985=CARTESIAN_POINT('Ctrl Pts',(-0.375000000000001,2.88069436074014,3.12500005782741));
#8986=CARTESIAN_POINT('',(-0.375,2.88069436074013,1.375));
#8987=CARTESIAN_POINT('',(-0.375,2.88069436074013,0.625));
#8988=CARTESIAN_POINT('',(-0.375,2.88069436074013,5.5));
#8989=CARTESIAN_POINT('',(0.375,2.88069436074013,0.625));
#8990=CARTESIAN_POINT('Ctrl Pts',(-0.375,2.88069436074014,0.625));
#8991=CARTESIAN_POINT('Ctrl Pts',(-0.375,2.88069436074014,0.577857415580628));
#8992=CARTESIAN_POINT('Ctrl Pts',(-0.365567759614501,2.88197102046682,0.527608907965772));
#8993=CARTESIAN_POINT('Ctrl Pts',(-0.327281377471833,2.88656952920767,0.43523247168874));
#8994=CARTESIAN_POINT('Ctrl Pts',(-0.298430085489848,2.88982358359205,0.393099999599937));
#8995=CARTESIAN_POINT('Ctrl Pts',(-0.231900316783151,2.89592180178616,0.32657023089324));
#8996=CARTESIAN_POINT('Ctrl Pts',(-0.189767707321624,2.89916398544598,0.297718690958211));
#8997=CARTESIAN_POINT('Ctrl Pts',(-0.0973908051901736,2.90373528894196,
0.259432127262657));
#8998=CARTESIAN_POINT('Ctrl Pts',(-0.0471421360472891,2.905,0.25));
#8999=CARTESIAN_POINT('Ctrl Pts',(0.0471421360472884,2.905,0.25));
#9000=CARTESIAN_POINT('Ctrl Pts',(0.0973908051901729,2.90373528894196,0.259432127262657));
#9001=CARTESIAN_POINT('Ctrl Pts',(0.189767707321624,2.89916398544598,0.297718690958212));
#9002=CARTESIAN_POINT('Ctrl Pts',(0.23190031678315,2.89592180178616,0.32657023089324));
#9003=CARTESIAN_POINT('Ctrl Pts',(0.298430085489847,2.88982358359205,0.393099999599937));
#9004=CARTESIAN_POINT('Ctrl Pts',(0.327281377471832,2.88656952920767,0.43523247168874));
#9005=CARTESIAN_POINT('Ctrl Pts',(0.3655677596145,2.88197102046682,0.527608907965772));
#9006=CARTESIAN_POINT('Ctrl Pts',(0.375,2.88069436074014,0.577857415580629));
#9007=CARTESIAN_POINT('Ctrl Pts',(0.375,2.88069436074014,0.625));
#9008=CARTESIAN_POINT('',(0.375,2.88069436074013,1.375));
#9009=CARTESIAN_POINT('',(0.375,2.88069436074013,5.5));
#9010=CARTESIAN_POINT('Ctrl Pts',(0.375,2.88069436074014,1.375));
#9011=CARTESIAN_POINT('Ctrl Pts',(0.375,2.88069436074014,1.42214258441937));
#9012=CARTESIAN_POINT('Ctrl Pts',(0.3655677596145,2.88197102046682,1.47239109203423));
#9013=CARTESIAN_POINT('Ctrl Pts',(0.327281377471832,2.88656952920767,1.56476752831126));
#9014=CARTESIAN_POINT('Ctrl Pts',(0.298430085489847,2.88982358359205,1.60690000040006));
#9015=CARTESIAN_POINT('Ctrl Pts',(0.23190031678315,2.89592180178616,1.67342976910676));
#9016=CARTESIAN_POINT('Ctrl Pts',(0.189767707321624,2.89916398544598,1.70228130904179));
#9017=CARTESIAN_POINT('Ctrl Pts',(0.0973908051901728,2.90373528894196,1.74056787273734));
#9018=CARTESIAN_POINT('Ctrl Pts',(0.0471421360472884,2.905,1.75));
#9019=CARTESIAN_POINT('Ctrl Pts',(-0.0471421360472891,2.905,1.75));
#9020=CARTESIAN_POINT('Ctrl Pts',(-0.0973908051901733,2.90373528894196,
1.74056787273734));
#9021=CARTESIAN_POINT('Ctrl Pts',(-0.189767707321624,2.89916398544598,1.70228130904179));
#9022=CARTESIAN_POINT('Ctrl Pts',(-0.231900316783151,2.89592180178616,1.67342976910676));
#9023=CARTESIAN_POINT('Ctrl Pts',(-0.298430085489848,2.88982358359205,1.60690000040006));
#9024=CARTESIAN_POINT('Ctrl Pts',(-0.327281377471833,2.88656952920767,1.56476752831126));
#9025=CARTESIAN_POINT('Ctrl Pts',(-0.365567759614501,2.88197102046682,1.47239109203423));
#9026=CARTESIAN_POINT('Ctrl Pts',(-0.375,2.88069436074014,1.42214258441937));
#9027=CARTESIAN_POINT('Ctrl Pts',(-0.375,2.88069436074014,1.375));
#9028=CARTESIAN_POINT('',(-0.375,2.88069436074013,4.875));
#9029=CARTESIAN_POINT('',(-0.375,2.88069436074013,4.125));
#9030=CARTESIAN_POINT('',(-0.375,2.88069436074013,5.5));
#9031=CARTESIAN_POINT('',(0.375,2.88069436074013,4.125));
#9032=CARTESIAN_POINT('Ctrl Pts',(-0.375,2.88069436074014,4.125));
#9033=CARTESIAN_POINT('Ctrl Pts',(-0.375,2.88069436074014,4.07785741558063));
#9034=CARTESIAN_POINT('Ctrl Pts',(-0.3655677596145,2.88197102046682,4.02760890796577));
#9035=CARTESIAN_POINT('Ctrl Pts',(-0.327281377471833,2.88656952920767,3.93523247168874));
#9036=CARTESIAN_POINT('Ctrl Pts',(-0.298430085489848,2.88982358359205,3.89309999959994));
#9037=CARTESIAN_POINT('Ctrl Pts',(-0.23190031678315,2.89592180178616,3.82657023089324));
#9038=CARTESIAN_POINT('Ctrl Pts',(-0.189767707321624,2.89916398544598,3.79771869095821));
#9039=CARTESIAN_POINT('Ctrl Pts',(-0.0973908051901731,2.90373528894196,
3.75943212726266));
#9040=CARTESIAN_POINT('Ctrl Pts',(-0.0471421360472887,2.905,3.75));
#9041=CARTESIAN_POINT('Ctrl Pts',(0.0471421360472888,2.905,3.75));
#9042=CARTESIAN_POINT('Ctrl Pts',(0.0973908051901731,2.90373528894196,3.75943212726266));
#9043=CARTESIAN_POINT('Ctrl Pts',(0.189767707321624,2.89916398544598,3.79771869095821));
#9044=CARTESIAN_POINT('Ctrl Pts',(0.23190031678315,2.89592180178616,3.82657023089324));
#9045=CARTESIAN_POINT('Ctrl Pts',(0.298430085489848,2.88982358359205,3.89309999959994));
#9046=CARTESIAN_POINT('Ctrl Pts',(0.327281377471833,2.88656952920767,3.93523247168874));
#9047=CARTESIAN_POINT('Ctrl Pts',(0.3655677596145,2.88197102046682,4.02760890796577));
#9048=CARTESIAN_POINT('Ctrl Pts',(0.375,2.88069436074014,4.07785741558063));
#9049=CARTESIAN_POINT('Ctrl Pts',(0.375,2.88069436074014,4.125));
#9050=CARTESIAN_POINT('',(0.375,2.88069436074013,4.875));
#9051=CARTESIAN_POINT('',(0.375,2.88069436074013,5.5));
#9052=CARTESIAN_POINT('Ctrl Pts',(0.375,2.88069436074014,4.875));
#9053=CARTESIAN_POINT('Ctrl Pts',(0.375,2.88069436074014,4.92214258441937));
#9054=CARTESIAN_POINT('Ctrl Pts',(0.3655677596145,2.88197102046682,4.97239109203423));
#9055=CARTESIAN_POINT('Ctrl Pts',(0.327281377471833,2.88656952920767,5.06476752831126));
#9056=CARTESIAN_POINT('Ctrl Pts',(0.298430085489848,2.88982358359205,5.10690000040006));
#9057=CARTESIAN_POINT('Ctrl Pts',(0.23190031678315,2.89592180178616,5.17342976910676));
#9058=CARTESIAN_POINT('Ctrl Pts',(0.189767707321624,2.89916398544598,5.20228130904179));
#9059=CARTESIAN_POINT('Ctrl Pts',(0.0973908051901732,2.90373528894196,5.24056787273734));
#9060=CARTESIAN_POINT('Ctrl Pts',(0.0471421360472888,2.905,5.25));
#9061=CARTESIAN_POINT('Ctrl Pts',(-0.0471421360472887,2.905,5.25));
#9062=CARTESIAN_POINT('Ctrl Pts',(-0.0973908051901731,2.90373528894196,
5.24056787273734));
#9063=CARTESIAN_POINT('Ctrl Pts',(-0.189767707321624,2.89916398544598,5.20228130904179));
#9064=CARTESIAN_POINT('Ctrl Pts',(-0.23190031678315,2.89592180178616,5.17342976910676));
#9065=CARTESIAN_POINT('Ctrl Pts',(-0.298430085489848,2.88982358359205,5.10690000040006));
#9066=CARTESIAN_POINT('Ctrl Pts',(-0.327281377471833,2.88656952920767,5.06476752831126));
#9067=CARTESIAN_POINT('Ctrl Pts',(-0.3655677596145,2.88197102046682,4.97239109203423));
#9068=CARTESIAN_POINT('Ctrl Pts',(-0.375,2.88069436074014,4.92214258441937));
#9069=CARTESIAN_POINT('Ctrl Pts',(-0.375,2.88069436074014,4.875));
#9070=CARTESIAN_POINT('Origin',(8.19554398099279E-16,5.46369598732854E-16,
5.5));
#9071=CARTESIAN_POINT('',(-4.5,7.79422863405996,0.));
#9072=CARTESIAN_POINT('',(4.5,7.79422863405996,0.));
#9073=CARTESIAN_POINT('Origin',(8.19554398099279E-16,5.46369598732854E-16,
0.));
#9074=CARTESIAN_POINT('',(-4.5,7.79422863405996,5.5));
#9075=CARTESIAN_POINT('',(-4.5,7.79422863405996,5.5));
#9076=CARTESIAN_POINT('',(4.5,7.79422863405996,5.5));
#9077=CARTESIAN_POINT('Origin',(8.19554398099279E-16,5.46369598732854E-16,
5.5));
#9078=CARTESIAN_POINT('',(4.5,7.79422863405996,5.5));
#9079=CARTESIAN_POINT('Origin',(-1.475,2.55477494116409,5.5));
#9080=CARTESIAN_POINT('',(-1.475,2.55477494116409,0.));
#9081=CARTESIAN_POINT('',(-1.475,2.55477494116409,5.5));
#9082=CARTESIAN_POINT('Origin',(-1.11836047866135,2.78298478165363,5.5));
#9083=CARTESIAN_POINT('',(-1.29174922495695,2.71116481137513,5.5));
#9084=CARTESIAN_POINT('',(-0.993624151535748,2.83465226006967,5.5));
#9085=CARTESIAN_POINT('',(-1.11836047866135,2.78298478165363,5.5));
#9086=CARTESIAN_POINT('',(-0.993624151535748,2.83465226006967,0.));
#9087=CARTESIAN_POINT('',(-0.993624151535748,2.83465226006967,5.5));
#9088=CARTESIAN_POINT('',(-1.29174922495695,2.71116481137513,0.));
#9089=CARTESIAN_POINT('',(-1.11836047866135,2.78298478165363,0.));
#9090=CARTESIAN_POINT('',(-1.29174922495695,2.71116481137513,5.5));
#9091=CARTESIAN_POINT('',(-1.0365971400341,2.81685226541794,4.5));
#9092=CARTESIAN_POINT('Origin',(-1.11836047866135,2.78298478165363,4.5));
#9093=CARTESIAN_POINT('',(-1.0365971400341,2.81685226541794,2.75));
#9094=CARTESIAN_POINT('Origin',(-1.11836047866135,2.78298478165363,2.75));
#9095=CARTESIAN_POINT('',(-1.0365971400341,2.81685226541794,1.));
#9096=CARTESIAN_POINT('Origin',(-1.11836047866135,2.78298478165363,1.));
#9097=CARTESIAN_POINT('Origin',(-2.92772065972931,5.19696093302024,5.5));
#9098=CARTESIAN_POINT('',(-1.54149099218685,2.79594071787739,5.5));
#9099=CARTESIAN_POINT('',(-4.29595347275193,7.56680968175827,5.5));
#9100=CARTESIAN_POINT('',(-2.92772065972931,5.19696093302024,5.5));
#9101=CARTESIAN_POINT('',(-1.54149099218685,2.79594071787739,0.));
#9102=CARTESIAN_POINT('',(-1.54149099218685,2.79594071787739,5.5));
#9103=CARTESIAN_POINT('',(-4.29595347275193,7.56680968175827,0.));
#9104=CARTESIAN_POINT('',(-2.92772065972931,5.19696093302024,0.));
#9105=CARTESIAN_POINT('',(-4.29595347275193,7.56680968175827,5.5));
#9106=CARTESIAN_POINT('Origin',(-5.46369598732854E-16,-1.0927391974657E-15,
5.5));
#9107=CARTESIAN_POINT('',(-4.21746977951933,7.84295694612953,0.));
#9108=CARTESIAN_POINT('',(4.21746977951933,7.84295694612953,0.));
#9109=CARTESIAN_POINT('Origin',(-5.46369598732854E-16,-1.0927391974657E-15,
0.));
#9110=CARTESIAN_POINT('',(4.21746977951933,7.84295694612953,5.5));
#9111=CARTESIAN_POINT('',(4.21746977951933,7.84295694612953,5.5));
#9112=CARTESIAN_POINT('',(-4.21746977951933,7.84295694612953,5.5));
#9113=CARTESIAN_POINT('Origin',(-5.46369598732854E-16,-1.0927391974657E-15,
5.5));
#9114=CARTESIAN_POINT('',(-4.21746977951933,7.84295694612953,5.5));
#9115=CARTESIAN_POINT('Origin',(2.92772065972931,5.19696093302024,5.5));
#9116=CARTESIAN_POINT('',(1.54149099218685,2.79594071787739,5.5));
#9117=CARTESIAN_POINT('',(4.29595347275193,7.56680968175827,5.5));
#9118=CARTESIAN_POINT('',(2.92772065972931,5.19696093302024,5.5));
#9119=CARTESIAN_POINT('',(4.29595347275193,7.56680968175827,0.));
#9120=CARTESIAN_POINT('',(4.29595347275193,7.56680968175827,5.5));
#9121=CARTESIAN_POINT('',(1.54149099218685,2.79594071787739,0.));
#9122=CARTESIAN_POINT('',(2.92772065972931,5.19696093302024,0.));
#9123=CARTESIAN_POINT('',(1.54149099218685,2.79594071787739,5.5));
#9124=CARTESIAN_POINT('Origin',(1.11836047866135,2.78298478165363,5.5));
#9125=CARTESIAN_POINT('',(0.993624151535748,2.83465226006967,0.));
#9126=CARTESIAN_POINT('',(1.29174922495695,2.71116481137513,0.));
#9127=CARTESIAN_POINT('',(1.11836047866135,2.78298478165363,0.));
#9128=CARTESIAN_POINT('',(0.993624151535748,2.83465226006967,5.5));
#9129=CARTESIAN_POINT('',(0.993624151535748,2.83465226006967,5.5));
#9130=CARTESIAN_POINT('',(1.29174922495695,2.71116481137513,5.5));
#9131=CARTESIAN_POINT('',(1.11836047866135,2.78298478165363,5.5));
#9132=CARTESIAN_POINT('',(1.29174922495695,2.71116481137513,0.));
#9133=CARTESIAN_POINT('',(1.2001238172886,2.74911729788933,4.5));
#9134=CARTESIAN_POINT('Origin',(1.11836047866135,2.78298478165364,4.5));
#9135=CARTESIAN_POINT('',(1.2001238172886,2.74911729788933,2.75));
#9136=CARTESIAN_POINT('Origin',(1.11836047866135,2.78298478165364,2.75));
#9137=CARTESIAN_POINT('',(1.2001238172886,2.74911729788933,1.));
#9138=CARTESIAN_POINT('Origin',(1.11836047866135,2.78298478165364,1.));
#9139=CARTESIAN_POINT('Origin',(1.475,2.55477494116409,5.5));
#9140=CARTESIAN_POINT('',(1.475,2.55477494116409,0.));
#9141=CARTESIAN_POINT('',(1.475,2.55477494116409,5.5));
#9142=CARTESIAN_POINT('Origin',(0.,4.5,5.5));
#9143=CARTESIAN_POINT('Origin',(0.917087465062728,2.64987635356741,5.5));
#9144=CARTESIAN_POINT('Origin',(-0.917087465062732,2.64987635356741,5.5));
#9145=CARTESIAN_POINT('Origin',(-1.36828591142996,2.89594071787739,5.5));
#9146=CARTESIAN_POINT('Origin',(-4.12274839199504,7.66680968175831,5.5));
#9147=CARTESIAN_POINT('Origin',(4.12274839199504,7.66680968175831,5.5));
#9148=CARTESIAN_POINT('Origin',(1.36828591142996,2.89594071787739,5.5));
#9149=CARTESIAN_POINT('Origin',(0.,4.5,0.));
#9150=CARTESIAN_POINT('Origin',(0.917087465062728,2.64987635356741,0.));
#9151=CARTESIAN_POINT('Origin',(1.36828591142996,2.89594071787739,0.));
#9152=CARTESIAN_POINT('Origin',(4.12274839199504,7.66680968175831,0.));
#9153=CARTESIAN_POINT('Origin',(-4.12274839199504,7.66680968175831,0.));
#9154=CARTESIAN_POINT('Origin',(-1.36828591142996,2.89594071787739,0.));
#9155=CARTESIAN_POINT('Origin',(-0.917087465062732,2.64987635356741,0.));
#9156=CARTESIAN_POINT('Origin',(-0.927018762478807,2.32104501539799,1.));
#9157=CARTESIAN_POINT('',(-0.845255423851558,2.3549124991623,1.));
#9158=CARTESIAN_POINT('Origin',(-0.927018762478807,2.32104501539799,2.75));
#9159=CARTESIAN_POINT('',(-0.845255423851558,2.3549124991623,2.75));
#9160=CARTESIAN_POINT('Origin',(-0.927018762478807,2.32104501539799,4.5));
#9161=CARTESIAN_POINT('',(-0.845255423851558,2.3549124991623,4.5));
#9162=CARTESIAN_POINT('Origin',(0.927018762478807,2.32104501539799,1.));
#9163=CARTESIAN_POINT('',(1.00878210110606,2.28717753163368,1.));
#9164=CARTESIAN_POINT('Origin',(0.927018762478807,2.32104501539799,2.75));
#9165=CARTESIAN_POINT('',(1.00878210110606,2.28717753163368,2.75));
#9166=CARTESIAN_POINT('Origin',(0.927018762478807,2.32104501539799,4.5));
#9167=CARTESIAN_POINT('',(1.00878210110606,2.28717753163368,4.5));
#9168=CARTESIAN_POINT('Origin',(4.12274839199504,7.66680968175831,5.5));
#9169=CARTESIAN_POINT('Origin',(1.36828591142996,2.89594071787739,5.5));
#9170=CARTESIAN_POINT('Origin',(-1.36828591142996,2.89594071787739,5.5));
#9171=CARTESIAN_POINT('Origin',(-4.12274839199504,7.66680968175831,5.5));
#9172=CARTESIAN_POINT('Origin',(0.917087465062728,2.64987635356741,5.5));
#9173=CARTESIAN_POINT('Origin',(-0.917087465062732,2.64987635356741,5.5));
#9174=CARTESIAN_POINT('Origin',(-1.44590039876244E-15,4.45166331725401,
2.37500005782741));
#9175=CARTESIAN_POINT('',(0.375,4.45166331725401,2.37500005782741));
#9176=CARTESIAN_POINT('',(-0.375,4.45166331725401,2.37500005782741));
#9177=CARTESIAN_POINT('Origin',(-0.375,4.45166331725401,2.75000005782741));
#9178=CARTESIAN_POINT('',(-0.375,4.45166331725401,3.12500005782741));
#9179=CARTESIAN_POINT('Origin',(-1.44590039876244E-15,4.45166331725401,
3.12500005782741));
#9180=CARTESIAN_POINT('',(0.375,4.45166331725401,3.12500005782741));
#9181=CARTESIAN_POINT('Origin',(0.375,4.45166331725401,2.75000005782741));
#9182=CARTESIAN_POINT('Origin',(-6.94642200504764E-16,4.45166331725401,
0.625));
#9183=CARTESIAN_POINT('',(0.375,4.45166331725401,0.625));
#9184=CARTESIAN_POINT('',(-0.375,4.45166331725401,0.625));
#9185=CARTESIAN_POINT('Origin',(-0.375,4.45166331725401,1.));
#9186=CARTESIAN_POINT('',(-0.375,4.45166331725401,1.375));
#9187=CARTESIAN_POINT('Origin',(-6.94642200504764E-16,4.45166331725401,
1.375));
#9188=CARTESIAN_POINT('',(0.375,4.45166331725401,1.375));
#9189=CARTESIAN_POINT('Origin',(0.375,4.45166331725401,1.));
#9190=CARTESIAN_POINT('Origin',(-2.84865001455127E-16,4.45166331725401,
4.125));
#9191=CARTESIAN_POINT('',(0.375,4.45166331725401,4.125));
#9192=CARTESIAN_POINT('',(-0.375,4.45166331725401,4.125));
#9193=CARTESIAN_POINT('Origin',(-0.375,4.45166331725401,4.5));
#9194=CARTESIAN_POINT('',(-0.375,4.45166331725401,4.875));
#9195=CARTESIAN_POINT('Origin',(-2.84865001455127E-16,4.45166331725401,
4.875));
#9196=CARTESIAN_POINT('',(0.375,4.45166331725401,4.875));
#9197=CARTESIAN_POINT('Origin',(0.375,4.45166331725401,4.5));
#9198=CARTESIAN_POINT('',(0.,0.,0.));
#9199=CARTESIAN_POINT('',(0.,0.,0.));
#9200=CARTESIAN_POINT('Origin',(-1.11012295535815,2.80263275853057,5.3));
#9201=CARTESIAN_POINT('',(-1.44738028830326,2.66293619721493,5.5));
#9202=CARTESIAN_POINT('',(-0.772865622413055,2.94232931984621,5.5));
#9203=CARTESIAN_POINT('',(-1.11012295535815,2.80263275853057,5.5));
#9204=CARTESIAN_POINT('',(-1.44738028830326,2.66293619721493,5.3));
#9205=CARTESIAN_POINT('',(-1.44738028830326,2.66293619721493,5.3));
#9206=CARTESIAN_POINT('',(-0.772865622413055,2.94232931984621,5.3));
#9207=CARTESIAN_POINT('',(-1.11012295535815,2.80263275853057,5.3));
#9208=CARTESIAN_POINT('',(-0.772865622413055,2.94232931984621,5.3));
#9209=CARTESIAN_POINT('Origin',(-0.753176850080653,2.86884982116303,5.3));
#9210=CARTESIAN_POINT('',(-0.733488077748256,2.79537032247986,5.5));
#9211=CARTESIAN_POINT('',(-0.753176850080653,2.86884982116303,5.5));
#9212=CARTESIAN_POINT('',(-0.733488077748256,2.79537032247986,5.3));
#9213=CARTESIAN_POINT('',(-0.753176850080653,2.86884982116303,5.3));
#9214=CARTESIAN_POINT('',(-0.733488077748256,2.79537032247986,5.3));
#9215=CARTESIAN_POINT('Origin',(-2.0488859952482E-16,-1.63910879619856E-14,
5.3));
#9216=CARTESIAN_POINT('',(0.733488077748256,2.79537032247986,5.3));
#9217=CARTESIAN_POINT('',(0.733488077748256,2.79537032247986,5.5));
#9218=CARTESIAN_POINT('',(0.733488077748256,2.79537032247986,5.3));
#9219=CARTESIAN_POINT('',(1.445,2.50281341693703,5.5));
#9220=CARTESIAN_POINT('Origin',(4.09777199049638E-16,-2.73184799366426E-16,
5.5));
#9221=CARTESIAN_POINT('',(1.445,2.50281341693703,6.));
#9222=CARTESIAN_POINT('',(1.445,2.50281341693703,6.));
#9223=CARTESIAN_POINT('',(-1.445,2.50281341693703,6.));
#9224=CARTESIAN_POINT('Origin',(4.09777199049638E-16,-2.73184799366426E-16,
6.));
#9225=CARTESIAN_POINT('',(-1.445,2.50281341693703,5.5));
#9226=CARTESIAN_POINT('',(-1.445,2.50281341693703,6.));
#9227=CARTESIAN_POINT('Origin',(4.09777199049638E-16,-2.73184799366426E-16,
5.5));
#9228=CARTESIAN_POINT('Origin',(-2.0488859952482E-16,-1.63910879619856E-14,
5.3));
#9229=CARTESIAN_POINT('Origin',(0.753176850080653,2.86884982116303,5.3));
#9230=CARTESIAN_POINT('',(0.772865622413051,2.94232931984621,5.5));
#9231=CARTESIAN_POINT('',(0.753176850080653,2.86884982116303,5.5));
#9232=CARTESIAN_POINT('',(0.772865622413051,2.94232931984621,5.3));
#9233=CARTESIAN_POINT('',(0.753176850080653,2.86884982116303,5.3));
#9234=CARTESIAN_POINT('',(0.772865622413051,2.94232931984621,5.3));
#9235=CARTESIAN_POINT('Origin',(1.11012295535815,2.80263275853057,5.3));
#9236=CARTESIAN_POINT('',(1.44738028830326,2.66293619721493,5.5));
#9237=CARTESIAN_POINT('',(1.11012295535815,2.80263275853057,5.5));
#9238=CARTESIAN_POINT('',(1.44738028830326,2.66293619721493,5.3));
#9239=CARTESIAN_POINT('',(1.11012295535815,2.80263275853057,5.3));
#9240=CARTESIAN_POINT('',(1.44738028830326,2.66293619721493,5.3));
#9241=CARTESIAN_POINT('Origin',(2.91232960620081,5.20030284632685,5.3));
#9242=CARTESIAN_POINT('',(4.37727892409835,7.73766949543878,5.5));
#9243=CARTESIAN_POINT('',(2.91232960620081,5.20030284632685,5.5));
#9244=CARTESIAN_POINT('',(4.37727892409835,7.73766949543878,5.3));
#9245=CARTESIAN_POINT('',(2.91232960620081,5.20030284632685,5.3));
#9246=CARTESIAN_POINT('',(4.37727892409835,7.73766949543878,5.3));
#9247=CARTESIAN_POINT('Origin',(0.,3.82458719112997E-15,5.3));
#9248=CARTESIAN_POINT('',(-4.37727892409838,7.73766949543878,5.5));
#9249=CARTESIAN_POINT('Origin',(0.,3.82458719112997E-15,5.5));
#9250=CARTESIAN_POINT('',(-4.37727892409838,7.73766949543878,5.3));
#9251=CARTESIAN_POINT('Origin',(0.,3.82458719112997E-15,5.3));
#9252=CARTESIAN_POINT('',(-4.37727892409838,7.73766949543878,5.3));
#9253=CARTESIAN_POINT('Origin',(-2.91232960620081,5.20030284632685,5.3));
#9254=CARTESIAN_POINT('',(-2.91232960620081,5.20030284632685,5.5));
#9255=CARTESIAN_POINT('',(-2.91232960620081,5.20030284632685,5.3));
#9256=CARTESIAN_POINT('Origin',(0.,5.74491151794012,5.3));
#9257=CARTESIAN_POINT('Origin',(5.46369598732854E-16,5.7514067084685,5.5));
#9258=CARTESIAN_POINT('',(-4.5,7.79422863405996,5.5));
#9259=CARTESIAN_POINT('',(-2.9725,5.1485210254985,5.5));
#9260=CARTESIAN_POINT('',(4.5,7.79422863405996,5.5));
#9261=CARTESIAN_POINT('Origin',(1.0927391974657E-15,-1.0927391974657E-15,
5.5));
#9262=CARTESIAN_POINT('',(2.9725,5.1485210254985,5.5));
#9263=CARTESIAN_POINT('Origin',(2.9725,5.1485210254985,6.));
#9264=CARTESIAN_POINT('',(4.25,7.36121593216772,6.));
#9265=CARTESIAN_POINT('',(6.19569245107543E-16,-8.19554398099279E-16,14.5));
#9266=CARTESIAN_POINT('',(2.9725,5.1485210254985,6.));
#9267=CARTESIAN_POINT('Origin',(-2.9725,5.1485210254985,6.));
#9268=CARTESIAN_POINT('',(-4.25,7.36121593216772,6.));
#9269=CARTESIAN_POINT('',(-2.9725,5.1485210254985,6.));
#9270=CARTESIAN_POINT('',(-1.74628051668326E-15,-2.73184799366426E-15,14.5));
#9271=CARTESIAN_POINT('Origin',(5.46369598732854E-16,5.7514067084685,6.));
#9272=CARTESIAN_POINT('Origin',(1.0927391974657E-15,-1.0927391974657E-15,
6.));
#9273=CARTESIAN_POINT('Origin',(1.0927391974657E-15,-1.0927391974657E-15,
5.5));
#9274=CARTESIAN_POINT('',(0.,0.,0.));
#9275=CARTESIAN_POINT('Origin',(-2.21229458044673,1.27726887154767,7.35));
#9276=CARTESIAN_POINT('',(-2.16804458044673,1.35391211978259,6.));
#9277=CARTESIAN_POINT('Origin',(-2.21229458044673,1.27726887154767,6.));
#9278=CARTESIAN_POINT('',(-2.16804458044673,1.35391211978259,5.5));
#9279=CARTESIAN_POINT('',(-2.16804458044673,1.35391211978259,7.35));
#9280=CARTESIAN_POINT('Origin',(-2.21229458044673,1.27726887154767,5.5));
#9281=CARTESIAN_POINT('Origin',(-2.21229458044673,-1.27726887154767,7.35));
#9282=CARTESIAN_POINT('',(-2.25654458044673,-1.20062562331275,6.));
#9283=CARTESIAN_POINT('Origin',(-2.21229458044673,-1.27726887154767,6.));
#9284=CARTESIAN_POINT('',(-2.25654458044673,-1.20062562331275,5.5));
#9285=CARTESIAN_POINT('',(-2.25654458044673,-1.20062562331275,7.35));
#9286=CARTESIAN_POINT('Origin',(-2.21229458044673,-1.27726887154767,5.5));
#9287=CARTESIAN_POINT('Origin',(3.12840647038281E-16,-2.55453774309534,
7.35));
#9288=CARTESIAN_POINT('',(-0.0884999999999996,-2.55453774309534,6.));
#9289=CARTESIAN_POINT('Origin',(3.12840647038281E-16,-2.55453774309534,
6.));
#9290=CARTESIAN_POINT('',(-0.0884999999999996,-2.55453774309534,5.5));
#9291=CARTESIAN_POINT('',(-0.0884999999999997,-2.55453774309534,7.35));
#9292=CARTESIAN_POINT('Origin',(3.12840647038281E-16,-2.55453774309534,
5.5));
#9293=CARTESIAN_POINT('Origin',(2.21229458044673,-1.27726887154767,7.35));
#9294=CARTESIAN_POINT('',(2.16804458044673,-1.35391211978259,6.));
#9295=CARTESIAN_POINT('Origin',(2.21229458044673,-1.27726887154767,6.));
#9296=CARTESIAN_POINT('',(2.16804458044673,-1.35391211978259,5.5));
#9297=CARTESIAN_POINT('',(2.16804458044673,-1.35391211978259,7.35));
#9298=CARTESIAN_POINT('Origin',(2.21229458044673,-1.27726887154767,5.5));
#9299=CARTESIAN_POINT('Origin',(2.21229458044673,1.27726887154767,7.35));
#9300=CARTESIAN_POINT('',(2.25654458044673,1.20062562331275,6.));
#9301=CARTESIAN_POINT('Origin',(2.21229458044673,1.27726887154767,6.));
#9302=CARTESIAN_POINT('',(2.25654458044673,1.20062562331275,5.5));
#9303=CARTESIAN_POINT('',(2.25654458044673,1.20062562331275,7.35));
#9304=CARTESIAN_POINT('Origin',(2.21229458044673,1.27726887154767,5.5));
#9305=CARTESIAN_POINT('Origin',(0.,1.76042977377432E-16,6.));
#9306=CARTESIAN_POINT('',(2.875,1.76042977377432E-16,5.5));
#9307=CARTESIAN_POINT('Origin',(0.,1.76042977377432E-16,5.5));
#9308=CARTESIAN_POINT('',(2.875,1.76042977377432E-16,6.));
#9309=CARTESIAN_POINT('',(2.875,-1.76042977377432E-16,6.));
#9310=CARTESIAN_POINT('Origin',(0.,1.76042977377432E-16,6.));
#9311=CARTESIAN_POINT('Origin',(0.,0.,6.));
#9312=CARTESIAN_POINT('',(0.0885,2.55453774309534,6.));
#9313=CARTESIAN_POINT('Origin',(0.,2.55453774309534,6.));
#9314=CARTESIAN_POINT('Origin',(0.,0.,5.5));
#9315=CARTESIAN_POINT('',(-2.265,-1.38691250003438E-16,5.5));
#9316=CARTESIAN_POINT('Origin',(0.,-1.38691250003438E-16,5.5));
#9317=CARTESIAN_POINT('',(0.0885,2.55453774309534,5.5));
#9318=CARTESIAN_POINT('Origin',(0.,2.55453774309534,5.5));
#9319=CARTESIAN_POINT('Origin',(0.,2.55453774309534,7.35));
#9320=CARTESIAN_POINT('',(0.0885,2.55453774309534,7.35));
#9321=CARTESIAN_POINT('Origin',(0.,-1.38691250003438E-16,5.25));
#9322=CARTESIAN_POINT('',(-2.265,-1.38691250003438E-16,5.25));
#9323=CARTESIAN_POINT('',(-2.265,-4.16073750010313E-16,5.25));
#9324=CARTESIAN_POINT('Origin',(0.,-1.38691250003438E-16,5.25));
#9325=CARTESIAN_POINT('Origin',(0.,0.,5.25));
#9326=CARTESIAN_POINT('',(0.,0.,-6.31088724176809E-30));
#9327=CARTESIAN_POINT('',(-1.66813387821616E-12,2.94783507165602E-12,-4.16115086394934E-14));
#9328=CARTESIAN_POINT('',(8.59670657998332E-13,1.46841143593437E-12,4.37095678986245E-15));
#9329=CARTESIAN_POINT('',(2.32157848685923E-14,2.938174367025E-12,2.93728296278782E-14));
#9330=CARTESIAN_POINT('',(-1.68651565576419E-12,1.83063096026569E-14,-4.89547160464562E-15));
#9331=CARTESIAN_POINT('',(-2.52221889250202E-12,1.48729188308845E-12,-2.27289753072856E-14));
#9332=CARTESIAN_POINT('',(-8.3125164357512E-13,1.47729901124694E-12,0.249999999999983));
#9333=CARTESIAN_POINT('',(0.,0.,0.));
#9334=CARTESIAN_POINT('',(0.,0.,0.));
#9335=CARTESIAN_POINT('Origin',(-1.11978259288768,0.,-0.485));
#9336=CARTESIAN_POINT('',(-1.3387052788742,-0.156,-0.490818724984397));
#9337=CARTESIAN_POINT('',(-1.18224675687288,0.,-0.49319928153134));
#9338=CARTESIAN_POINT('Ctrl Pts',(-1.3387052788742,-0.156,-0.490818724984397));
#9339=CARTESIAN_POINT('Ctrl Pts',(-1.32840078089442,-0.156,-0.491138608073861));
#9340=CARTESIAN_POINT('Ctrl Pts',(-1.31810250621868,-0.154976253027326,
-0.491440595569475));
#9341=CARTESIAN_POINT('Ctrl Pts',(-1.30803759300861,-0.152964386183729,
-0.491715054589225));
#9342=CARTESIAN_POINT('Ctrl Pts',(-1.29797267979853,-0.150952519340131,
-0.491989513608974));
#9343=CARTESIAN_POINT('Ctrl Pts',(-1.28814222814954,-0.147952895513528,
-0.492236398561117));
#9344=CARTESIAN_POINT('Ctrl Pts',(-1.27875394319233,-0.144060603258124,
-0.49244643257454));
#9345=CARTESIAN_POINT('Ctrl Pts',(-1.27053506072258,-0.140653133977967,
-0.492630304802412));
#9346=CARTESIAN_POINT('Ctrl Pts',(-1.26255090038281,-0.136518199354445,
-0.492789067732232));
#9347=CARTESIAN_POINT('Ctrl Pts',(-1.25496252441689,-0.131715591201224,
-0.492919282965713));
#9348=CARTESIAN_POINT('Ctrl Pts',(-1.25388283192061,-0.131032264490884,
-0.492937810304253));
#9349=CARTESIAN_POINT('Ctrl Pts',(-1.2528111363289,-0.130335506331655,-0.49295575809398));
#9350=CARTESIAN_POINT('Ctrl Pts',(-1.25174788093927,-0.129625573635928,
-0.492973115222917));
#9351=CARTESIAN_POINT('Ctrl Pts',(-1.24502767328852,-0.12513850949327,-0.493082819355915));
#9352=CARTESIAN_POINT('Ctrl Pts',(-1.23872570676344,-0.120184148810298,
-0.493167705335801));
#9353=CARTESIAN_POINT('Ctrl Pts',(-1.23282760495921,-0.114773137496917,
-0.49323116002218));
#9354=CARTESIAN_POINT('Ctrl Pts',(-1.23123385088454,-0.113311002454997,
-0.493248306414075));
#9355=CARTESIAN_POINT('Ctrl Pts',(-1.22966986158335,-0.111815413755034,
-0.493263859756675));
#9356=CARTESIAN_POINT('Ctrl Pts',(-1.22813598495784,-0.110286441702891,
-0.493277822106086));
#9357=CARTESIAN_POINT('Ctrl Pts',(-1.22339191094919,-0.105557536879721,
-0.49332100577408));
#9358=CARTESIAN_POINT('Ctrl Pts',(-1.21890394095285,-0.100471000679651,
-0.49334957336964));
#9359=CARTESIAN_POINT('Ctrl Pts',(-1.2147758703427,-0.0951281657947535,
-0.493365165209863));
#9360=CARTESIAN_POINT('Ctrl Pts',(-1.21262980106871,-0.0923505743082287,
-0.493373270974611));
#9361=CARTESIAN_POINT('Ctrl Pts',(-1.2105802827415,-0.0895042435434186,
-0.493377916996136));
#9362=CARTESIAN_POINT('Ctrl Pts',(-1.20863688663418,-0.086605790326438,
-0.493379697245213));
#9363=CARTESIAN_POINT('Ctrl Pts',(-1.20460007249756,-0.0805851356196571,
-0.493383395171032));
#9364=CARTESIAN_POINT('Ctrl Pts',(-1.20100574720774,-0.0743241123864701,
-0.493374203450649));
#9365=CARTESIAN_POINT('Ctrl Pts',(-1.19784784551458,-0.0678158340213115,
-0.493358744146422));
#9366=CARTESIAN_POINT('Ctrl Pts',(-1.19656115785949,-0.065164034743807,
-0.493352445249928));
#9367=CARTESIAN_POINT('Ctrl Pts',(-1.19534750517392,-0.0624714030949456,
-0.493345049048341));
#9368=CARTESIAN_POINT('Ctrl Pts',(-1.19420856453527,-0.0597387848294923,
-0.493336801449075));
#9369=CARTESIAN_POINT('Ctrl Pts',(-1.19148310575555,-0.0531996921055729,
-0.493317065133533));
#9370=CARTESIAN_POINT('Ctrl Pts',(-1.18919127826346,-0.0464332159364784,
-0.493293783930041));
#9371=CARTESIAN_POINT('Ctrl Pts',(-1.18738221239917,-0.0395767882521228,
-0.493271763972929));
#9372=CARTESIAN_POINT('Ctrl Pts',(-1.18657987250734,-0.0365358898773413,
-0.493261997888479));
#9373=CARTESIAN_POINT('Ctrl Pts',(-1.18587180493874,-0.0334774417730768,
-0.493252547531418));
#9374=CARTESIAN_POINT('Ctrl Pts',(-1.18525903970357,-0.0304135870580261,
-0.493244168232456));
#9375=CARTESIAN_POINT('Ctrl Pts',(-1.18403131224508,-0.0242748925849152,
-0.493227379591672));
#9376=CARTESIAN_POINT('Ctrl Pts',(-1.18317664410698,-0.0180807397757528,
-0.49321403855811));
#9377=CARTESIAN_POINT('Ctrl Pts',(-1.18269767147607,-0.0118146662501097,
-0.493206499690256));
#9378=CARTESIAN_POINT('Ctrl Pts',(-1.18239857384229,-0.00790177510834036,
-0.49320179199426));
#9379=CARTESIAN_POINT('Ctrl Pts',(-1.18224675687288,-0.00396172379302341,
-0.493199281531339));
#9380=CARTESIAN_POINT('Ctrl Pts',(-1.18224675687288,1.91044900666987E-17,
-0.49319928153134));
#9381=CARTESIAN_POINT('',(-1.3387052788742,0.156,-0.4908187249844));
#9382=CARTESIAN_POINT('Origin',(-1.3387052788742,0.,-0.490818724984402));
#9383=CARTESIAN_POINT('Ctrl Pts',(-1.18224675687288,-1.47334803973983E-31,
-0.49319928153134));
#9384=CARTESIAN_POINT('Ctrl Pts',(-1.18224675687288,0.00650782353524195,
-0.493199281531339));
#9385=CARTESIAN_POINT('Ctrl Pts',(-1.18265601879627,0.0129614978385688,
-0.49320617394773));
#9386=CARTESIAN_POINT('Ctrl Pts',(-1.18345775176712,0.0193386612479993,
-0.49321826855249));
#9387=CARTESIAN_POINT('Ctrl Pts',(-1.18392581954964,0.0230617771037505,
-0.493225329625236));
#9388=CARTESIAN_POINT('Ctrl Pts',(-1.1845277279213,0.0267597835440733,-0.493234170459714));
#9389=CARTESIAN_POINT('Ctrl Pts',(-1.18526349719368,0.0304358662377412,
-0.493244229178805));
#9390=CARTESIAN_POINT('Ctrl Pts',(-1.18668594764332,0.0375427755323501,
-0.493263675532479));
#9391=CARTESIAN_POINT('Ctrl Pts',(-1.18862372227574,0.0446158748290284,
-0.493288403030556));
#9392=CARTESIAN_POINT('Ctrl Pts',(-1.19104996611326,0.0515122975576493,
-0.493310865528708));
#9393=CARTESIAN_POINT('Ctrl Pts',(-1.19202831977742,0.0542931971283274,
-0.49331992326109));
#9394=CARTESIAN_POINT('Ctrl Pts',(-1.19308550716445,0.0570453986820082,
-0.49332867535603));
#9395=CARTESIAN_POINT('Ctrl Pts',(-1.1942174112795,0.0597600060862025,-0.493336865487003));
#9396=CARTESIAN_POINT('Ctrl Pts',(-1.19700925084322,0.0664555806054822,
-0.49335706643104));
#9397=CARTESIAN_POINT('Ctrl Pts',(-1.20024602608324,0.072906939595092,-0.4933724099214));
#9398=CARTESIAN_POINT('Ctrl Pts',(-1.20391421936582,0.0791113601688262,
-0.493378156794086));
#9399=CARTESIAN_POINT('Ctrl Pts',(-1.20542139475826,0.0816606124281145,
-0.493380518050548));
#9400=CARTESIAN_POINT('Ctrl Pts',(-1.20700189602347,0.0841685381906568,
-0.493381211370441));
#9401=CARTESIAN_POINT('Ctrl Pts',(-1.2086571397983,0.0866359890533478,-0.493379678591389));
#9402=CARTESIAN_POINT('Ctrl Pts',(-1.21239493763092,0.0922078767878665,
-0.493376217337942));
#9403=CARTESIAN_POINT('Ctrl Pts',(-1.21652833091107,0.0975864983573227,
-0.493361936500182));
#9404=CARTESIAN_POINT('Ctrl Pts',(-1.22097783528494,0.102657826824234,-0.493333476324148));
#9405=CARTESIAN_POINT('Ctrl Pts',(-1.22329438229119,0.105298114323841,-0.493318659092823));
#9406=CARTESIAN_POINT('Ctrl Pts',(-1.22569579576063,0.107855377720584,-0.49330006071703));
#9407=CARTESIAN_POINT('Ctrl Pts',(-1.22816597376655,0.110316326543164,-0.493277548966919));
#9408=CARTESIAN_POINT('Ctrl Pts',(-1.23384230824169,0.115971452857809,-0.49322581819167));
#9409=CARTESIAN_POINT('Ctrl Pts',(-1.23992598507036,0.121169434101483,-0.493152715021842));
#9410=CARTESIAN_POINT('Ctrl Pts',(-1.24641765219619,0.125904511281275,-0.4930562466163));
#9411=CARTESIAN_POINT('Ctrl Pts',(-1.24817706300133,0.127187840477277,-0.493030101166791));
#9412=CARTESIAN_POINT('Ctrl Pts',(-1.24996672843531,0.128437089474643,-0.493002210185198));
#9413=CARTESIAN_POINT('Ctrl Pts',(-1.25178726724099,0.129651863159906,-0.492972472058184));
#9414=CARTESIAN_POINT('Ctrl Pts',(-1.2591625337222,0.13457308736852,-0.49285199859687));
#9415=CARTESIAN_POINT('Ctrl Pts',(-1.26694731549687,0.138858125263166,-0.49270312293173));
#9416=CARTESIAN_POINT('Ctrl Pts',(-1.27498432312358,0.142439594593662,-0.492529355554226));
#9417=CARTESIAN_POINT('Ctrl Pts',(-1.27625110848151,0.143004102320725,-0.492501966508485));
#9418=CARTESIAN_POINT('Ctrl Pts',(-1.27752413872037,0.143551234023856,-0.492473957437711));
#9419=CARTESIAN_POINT('Ctrl Pts',(-1.27880278126794,0.144080841398481,-0.492445339743583));
#9420=CARTESIAN_POINT('Ctrl Pts',(-1.288265280525,0.148000161460569,-0.492233556622532));
#9421=CARTESIAN_POINT('Ctrl Pts',(-1.29816212648639,0.151007751219572,-0.49198474067593));
#9422=CARTESIAN_POINT('Ctrl Pts',(-1.30829394330675,0.153015404575313,-0.491708100138596));
#9423=CARTESIAN_POINT('Ctrl Pts',(-1.3182723835378,0.154992665847415,-0.491435647417015));
#9424=CARTESIAN_POINT('Ctrl Pts',(-1.328478156743,0.156,-0.491136206112695));
#9425=CARTESIAN_POINT('Ctrl Pts',(-1.3387052788742,0.156,-0.4908187249844));
#9426=CARTESIAN_POINT('',(-1.11978259288768,0.,-0.548));
#9427=CARTESIAN_POINT('Origin',(-1.11978259288768,-1.91044900666987E-17,
-0.485));
#9428=CARTESIAN_POINT('',(-1.11978259288768,-1.91044900666987E-17,-0.86));
#9429=CARTESIAN_POINT('Origin',(-1.11978259288768,0.,-0.704));
#9430=CARTESIAN_POINT('Origin',(-1.11978259288768,0.,-0.704));
#9431=CARTESIAN_POINT('Origin',(1.11978259288768,0.,-0.485));
#9432=CARTESIAN_POINT('',(1.11978259288768,0.,-0.548));
#9433=CARTESIAN_POINT('',(1.11978259288768,-1.91044900666987E-17,-0.86));
#9434=CARTESIAN_POINT('Origin',(1.11978259288768,0.,-0.704));
#9435=CARTESIAN_POINT('',(1.18224675687285,0.,-0.493199281531533));
#9436=CARTESIAN_POINT('Origin',(1.11978259288768,-1.91044900666987E-17,
-0.485));
#9437=CARTESIAN_POINT('',(1.3387052788742,0.156,-0.4908187249844));
#9438=CARTESIAN_POINT('Ctrl Pts',(1.18224675687285,-2.40017993461666E-33,
-0.493199281531533));
#9439=CARTESIAN_POINT('Ctrl Pts',(1.18224675687285,0.00650782353449893,
-0.493199281531533));
#9440=CARTESIAN_POINT('Ctrl Pts',(1.18265601879615,0.0129614978370614,-0.493206173947922));
#9441=CARTESIAN_POINT('Ctrl Pts',(1.18345775176681,0.0193386612457469,-0.49321826855268));
#9442=CARTESIAN_POINT('Ctrl Pts',(1.18392581954937,0.023061777102246,-0.493225329625427));
#9443=CARTESIAN_POINT('Ctrl Pts',(1.18452772792113,0.026759783543307,-0.493234170459907));
#9444=CARTESIAN_POINT('Ctrl Pts',(1.18526349719365,0.0304358662377146,-0.493244229179001));
#9445=CARTESIAN_POINT('Ctrl Pts',(1.18668594764318,0.0375427755317704,-0.493263675532675));
#9446=CARTESIAN_POINT('Ctrl Pts',(1.18862372227541,0.0446158748279127,-0.493288403030754));
#9447=CARTESIAN_POINT('Ctrl Pts',(1.19104996611267,0.051512297556024,-0.493310865528906));
#9448=CARTESIAN_POINT('Ctrl Pts',(1.19202831977699,0.054293197127256,-0.493319923261291));
#9449=CARTESIAN_POINT('Ctrl Pts',(1.19308550716421,0.0570453986814791,-0.493328675356233));
#9450=CARTESIAN_POINT('Ctrl Pts',(1.19421741127947,0.0597600060861972,-0.493336865487208));
#9451=CARTESIAN_POINT('Ctrl Pts',(1.19700925084322,0.0664555806055285,-0.493357066431246));
#9452=CARTESIAN_POINT('Ctrl Pts',(1.20024602608327,0.0729069395951939,-0.493372409921607));
#9453=CARTESIAN_POINT('Ctrl Pts',(1.20391421936589,0.0791113601689861,-0.493378156794293));
#9454=CARTESIAN_POINT('Ctrl Pts',(1.20542139475831,0.0816606124282167,-0.493380518050756));
#9455=CARTESIAN_POINT('Ctrl Pts',(1.20700189602348,0.0841685381907042,-0.49338121137065));
#9456=CARTESIAN_POINT('Ctrl Pts',(1.20865713979828,0.0866359890533433,-0.493379678591597));
#9457=CARTESIAN_POINT('Ctrl Pts',(1.21239493763102,0.0922078767880497,-0.493376217338151));
#9458=CARTESIAN_POINT('Ctrl Pts',(1.21652833091132,0.0975864983576692,-0.493361936500388));
#9459=CARTESIAN_POINT('Ctrl Pts',(1.22097783528534,0.102657826824719,-0.493333476324349));
#9460=CARTESIAN_POINT('Ctrl Pts',(1.22329438229147,0.105298114324151,-0.493318659093024));
#9461=CARTESIAN_POINT('Ctrl Pts',(1.22569579576076,0.107855377720728,-0.49330006071723));
#9462=CARTESIAN_POINT('Ctrl Pts',(1.22816597376653,0.110316326543155,-0.493277548967119));
#9463=CARTESIAN_POINT('Ctrl Pts',(1.23384230824168,0.115971452857815,-0.493225818191866));
#9464=CARTESIAN_POINT('Ctrl Pts',(1.23992598507037,0.121169434101507,-0.493152715022035));
#9465=CARTESIAN_POINT('Ctrl Pts',(1.24641765219624,0.125904511281318,-0.493056246616488));
#9466=CARTESIAN_POINT('Ctrl Pts',(1.24817706300137,0.127187840477308,-0.493030101166978));
#9467=CARTESIAN_POINT('Ctrl Pts',(1.24996672843533,0.128437089474661,-0.493002210185383));
#9468=CARTESIAN_POINT('Ctrl Pts',(1.25178726724099,0.129651863159914,-0.492972472058368));
#9469=CARTESIAN_POINT('Ctrl Pts',(1.25916253372381,0.1345730873696,-0.492851998597019));
#9470=CARTESIAN_POINT('Ctrl Pts',(1.26694731550022,0.138858125265014,-0.492703122931831));
#9471=CARTESIAN_POINT('Ctrl Pts',(1.27498432312877,0.142439594595977,-0.492529355554265));
#9472=CARTESIAN_POINT('Ctrl Pts',(1.27625110848498,0.14300410232222,-0.492501966508558));
#9473=CARTESIAN_POINT('Ctrl Pts',(1.27752413872211,0.143551234024578,-0.49247395743782));
#9474=CARTESIAN_POINT('Ctrl Pts',(1.27880278126793,0.144080841398478,-0.492445339743728));
#9475=CARTESIAN_POINT('Ctrl Pts',(1.28826528052491,0.148000161460534,-0.492233556622663));
#9476=CARTESIAN_POINT('Ctrl Pts',(1.29816212648621,0.151007751219521,-0.491984740676042));
#9477=CARTESIAN_POINT('Ctrl Pts',(1.30829394330649,0.153015404575263,-0.491708100138688));
#9478=CARTESIAN_POINT('Ctrl Pts',(1.31827238353763,0.154992665847398,-0.491435647417082));
#9479=CARTESIAN_POINT('Ctrl Pts',(1.32847815674292,0.156,-0.491136206112731));
#9480=CARTESIAN_POINT('Ctrl Pts',(1.3387052788742,0.156,-0.490818724984399));
#9481=CARTESIAN_POINT('',(1.3387052788742,-0.156,-0.490818724984399));
#9482=CARTESIAN_POINT('Origin',(1.3387052788742,0.,-0.490818724984402));
#9483=CARTESIAN_POINT('Ctrl Pts',(1.3387052788742,-0.156,-0.490818724984399));
#9484=CARTESIAN_POINT('Ctrl Pts',(1.3284007808944,-0.156,-0.491138608073448));
#9485=CARTESIAN_POINT('Ctrl Pts',(1.31810250621867,-0.15497625302733,-0.491440595569093));
#9486=CARTESIAN_POINT('Ctrl Pts',(1.30803759300861,-0.152964386183735,-0.491715054588978));
#9487=CARTESIAN_POINT('Ctrl Pts',(1.29797267979854,-0.15095251934014,-0.491989513608863));
#9488=CARTESIAN_POINT('Ctrl Pts',(1.28814222814956,-0.147952895513537,-0.492236398561243));
#9489=CARTESIAN_POINT('Ctrl Pts',(1.27875394319235,-0.144060603258135,-0.492446432574684));
#9490=CARTESIAN_POINT('Ctrl Pts',(1.27053506072444,-0.140653133978742,-0.492630304802528));
#9491=CARTESIAN_POINT('Ctrl Pts',(1.26255090038637,-0.136518199356292,-0.492789067732329));
#9492=CARTESIAN_POINT('Ctrl Pts',(1.25496252442197,-0.131715591204446,-0.492919282965803));
#9493=CARTESIAN_POINT('Ctrl Pts',(1.25388283192397,-0.131032264493075,-0.492937810304375));
#9494=CARTESIAN_POINT('Ctrl Pts',(1.25281113633057,-0.130335506332773,-0.492955758094133));
#9495=CARTESIAN_POINT('Ctrl Pts',(1.25174788093926,-0.129625573635932,-0.492973115223098));
#9496=CARTESIAN_POINT('Ctrl Pts',(1.24502767328857,-0.125138509493312,-0.493082819356103));
#9497=CARTESIAN_POINT('Ctrl Pts',(1.23872570676352,-0.120184148810379,-0.493167705335996));
#9498=CARTESIAN_POINT('Ctrl Pts',(1.23282760495932,-0.114773137497035,-0.493231160022379));
#9499=CARTESIAN_POINT('Ctrl Pts',(1.23123385088462,-0.113311002455086,-0.493248306414275));
#9500=CARTESIAN_POINT('Ctrl Pts',(1.22966986158339,-0.11181541375509,-0.493263859756878));
#9501=CARTESIAN_POINT('Ctrl Pts',(1.22813598495784,-0.110286441702913,-0.49327782210629));
#9502=CARTESIAN_POINT('Ctrl Pts',(1.22339191094928,-0.105557536879832,-0.493321005774285));
#9503=CARTESIAN_POINT('Ctrl Pts',(1.21890394095302,-0.100471000679864,-0.493349573369847));
#9504=CARTESIAN_POINT('Ctrl Pts',(1.21477587034294,-0.0951281657950809,
-0.493365165210071));
#9505=CARTESIAN_POINT('Ctrl Pts',(1.21262980106885,-0.0923505743084578,
-0.49337327097482));
#9506=CARTESIAN_POINT('Ctrl Pts',(1.21058028274156,-0.0895042435435453,
-0.493377916996344));
#9507=CARTESIAN_POINT('Ctrl Pts',(1.20863688663418,-0.0866057903264607,
-0.493379697245421));
#9508=CARTESIAN_POINT('Ctrl Pts',(1.20460007249759,-0.0805851356197348,
-0.493383395171239));
#9509=CARTESIAN_POINT('Ctrl Pts',(1.20100574720779,-0.0743241123866003,
-0.493374203450857));
#9510=CARTESIAN_POINT('Ctrl Pts',(1.19784784551465,-0.0678158340214902,
-0.493358744146629));
#9511=CARTESIAN_POINT('Ctrl Pts',(1.19656115785953,-0.0651640347439357,
-0.493352445250134));
#9512=CARTESIAN_POINT('Ctrl Pts',(1.19534750517393,-0.0624714030950213,
-0.493345049048546));
#9513=CARTESIAN_POINT('Ctrl Pts',(1.19420856453525,-0.0597387848295121,
-0.49333680144928));
#9514=CARTESIAN_POINT('Ctrl Pts',(1.19148310575536,-0.0531996921051717,
-0.493317065133735));
#9515=CARTESIAN_POINT('Ctrl Pts',(1.18919127826315,-0.0464332159356476,
-0.49329378393024));
#9516=CARTESIAN_POINT('Ctrl Pts',(1.18738221239881,-0.0395767882508589,
-0.493271763973126));
#9517=CARTESIAN_POINT('Ctrl Pts',(1.18657987250712,-0.0365358898765057,
-0.493261997888676));
#9518=CARTESIAN_POINT('Ctrl Pts',(1.18587180493864,-0.0334774417726761,
-0.493252547531616));
#9519=CARTESIAN_POINT('Ctrl Pts',(1.18525903970355,-0.0304135870580599,
-0.493244168232655));
#9520=CARTESIAN_POINT('Ctrl Pts',(1.18403131224508,-0.0242748925850078,
-0.49322737959187));
#9521=CARTESIAN_POINT('Ctrl Pts',(1.18317664410697,-0.0180807397758997,
-0.493214038558306));
#9522=CARTESIAN_POINT('Ctrl Pts',(1.18269767147606,-0.0118146662503053,
-0.493206499690451));
#9523=CARTESIAN_POINT('Ctrl Pts',(1.18239857384227,-0.00790177510847402,
-0.493201791994455));
#9524=CARTESIAN_POINT('Ctrl Pts',(1.18224675687285,-0.00396172379309192,
-0.493199281531533));
#9525=CARTESIAN_POINT('Ctrl Pts',(1.18224675687285,1.91044900666987E-17,
-0.493199281531533));
#9526=CARTESIAN_POINT('Origin',(1.11978259288768,0.,-0.704));
#9527=CARTESIAN_POINT('Ctrl Pts',(-1.18454769459586,0.,-0.518444106133073));
#9528=CARTESIAN_POINT('Ctrl Pts',(-1.18413841130366,0.,-0.513846826033517));
#9529=CARTESIAN_POINT('Ctrl Pts',(-1.18370540471406,0.,-0.508982736753889));
#9530=CARTESIAN_POINT('Ctrl Pts',(-1.18245311043828,0.,-0.494917418734184));
#9531=CARTESIAN_POINT('Ctrl Pts',(-1.18158754703419,0.,-0.486391870786841));
#9532=CARTESIAN_POINT('Ctrl Pts',(-1.17953848651661,0.,-0.468165378909693));
#9533=CARTESIAN_POINT('Ctrl Pts',(-1.17840845262025,0.,-0.4590642068937));
#9534=CARTESIAN_POINT('Ctrl Pts',(-1.17470274903134,0.,-0.431803954006786));
#9535=CARTESIAN_POINT('Ctrl Pts',(-1.17181142096983,0.,-0.413688120385265));
#9536=CARTESIAN_POINT('Ctrl Pts',(-1.16188408383637,0.,-0.359570733938205));
#9537=CARTESIAN_POINT('Ctrl Pts',(-1.15359377815167,0.,-0.323799381562942));
#9538=CARTESIAN_POINT('Ctrl Pts',(-1.12381362746119,0.,-0.217866697831372));
#9539=CARTESIAN_POINT('Ctrl Pts',(-1.097403711714,0.,-0.149097994189923));
#9540=CARTESIAN_POINT('Ctrl Pts',(-0.999839994809853,0.,0.0481718974196974));
#9541=CARTESIAN_POINT('Ctrl Pts',(-0.910180037135575,0.,0.167459042007524));
#9542=CARTESIAN_POINT('Ctrl Pts',(-0.693684602920627,0.,0.365536741323805));
#9543=CARTESIAN_POINT('Ctrl Pts',(-0.566916658526365,0.,0.444265509388502));
#9544=CARTESIAN_POINT('Ctrl Pts',(-0.293390850102027,0.,0.550513709991534));
#9545=CARTESIAN_POINT('Ctrl Pts',(-0.146718308337907,0.,0.578000000000004));
#9546=CARTESIAN_POINT('Ctrl Pts',(0.146718308337907,0.,0.578000000000004));
#9547=CARTESIAN_POINT('Ctrl Pts',(0.293390850102316,0.,0.550513709991822));
#9548=CARTESIAN_POINT('Ctrl Pts',(0.566916658526078,0.,0.444265509388214));
#9549=CARTESIAN_POINT('Ctrl Pts',(0.693684602918764,0.,0.365536741324962));
#9550=CARTESIAN_POINT('Ctrl Pts',(0.910180037137438,0.,0.167459042006367));
#9551=CARTESIAN_POINT('Ctrl Pts',(0.999839994809414,0.,0.0481718974191326));
#9552=CARTESIAN_POINT('Ctrl Pts',(1.09740371171422,0.,-0.14909799418964));
#9553=CARTESIAN_POINT('Ctrl Pts',(1.12381362746136,0.,-0.217866697831759));
#9554=CARTESIAN_POINT('Ctrl Pts',(1.15359377815159,0.,-0.323799381562748));
#9555=CARTESIAN_POINT('Ctrl Pts',(1.16188408383642,0.,-0.359570733938203));
#9556=CARTESIAN_POINT('Ctrl Pts',(1.17181142096981,0.,-0.413688120385266));
#9557=CARTESIAN_POINT('Ctrl Pts',(1.17470274903134,0.,-0.431803954006789));
#9558=CARTESIAN_POINT('Ctrl Pts',(1.17840845262025,0.,-0.459064206893696));
#9559=CARTESIAN_POINT('Ctrl Pts',(1.17953848651667,0.,-0.468165378909549));
#9560=CARTESIAN_POINT('Ctrl Pts',(1.18158754703413,0.,-0.486391870786984));
#9561=CARTESIAN_POINT('Ctrl Pts',(1.18245311043822,0.,-0.494917418734152));
#9562=CARTESIAN_POINT('Ctrl Pts',(1.18370540471408,0.,-0.508982736753903));
#9563=CARTESIAN_POINT('Ctrl Pts',(1.18413841130366,0.,-0.513846826033497));
#9564=CARTESIAN_POINT('Ctrl Pts',(1.18454769459586,0.,-0.518444106133072));
#9565=CARTESIAN_POINT('Ctrl Pts',(-1.18454769459586,0.312,-0.518444106133073));
#9566=CARTESIAN_POINT('Ctrl Pts',(-1.18413841130366,0.312,-0.513846826033517));
#9567=CARTESIAN_POINT('Ctrl Pts',(-1.18370540471406,0.312,-0.508982736753889));
#9568=CARTESIAN_POINT('Ctrl Pts',(-1.18245311043828,0.312,-0.494917418734184));
#9569=CARTESIAN_POINT('Ctrl Pts',(-1.18158754703419,0.312,-0.486391870786841));
#9570=CARTESIAN_POINT('Ctrl Pts',(-1.17953848651661,0.312,-0.468165378909693));
#9571=CARTESIAN_POINT('Ctrl Pts',(-1.17840845262025,0.312,-0.4590642068937));
#9572=CARTESIAN_POINT('Ctrl Pts',(-1.17470274903134,0.312,-0.431803954006786));
#9573=CARTESIAN_POINT('Ctrl Pts',(-1.17181142096983,0.312,-0.413688120385265));
#9574=CARTESIAN_POINT('Ctrl Pts',(-1.16188408383637,0.312,-0.359570733938205));
#9575=CARTESIAN_POINT('Ctrl Pts',(-1.15359377815167,0.312,-0.323799381562942));
#9576=CARTESIAN_POINT('Ctrl Pts',(-1.12381362746119,0.312,-0.217866697831372));
#9577=CARTESIAN_POINT('Ctrl Pts',(-1.097403711714,0.312,-0.149097994189923));
#9578=CARTESIAN_POINT('Ctrl Pts',(-0.999839994809853,0.312,0.0481718974196974));
#9579=CARTESIAN_POINT('Ctrl Pts',(-0.910180037135575,0.312,0.167459042007524));
#9580=CARTESIAN_POINT('Ctrl Pts',(-0.693684602920627,0.312,0.365536741323805));
#9581=CARTESIAN_POINT('Ctrl Pts',(-0.566916658526365,0.312,0.444265509388502));
#9582=CARTESIAN_POINT('Ctrl Pts',(-0.293390850102027,0.312,0.550513709991534));
#9583=CARTESIAN_POINT('Ctrl Pts',(-0.146718308337907,0.312,0.578000000000004));
#9584=CARTESIAN_POINT('Ctrl Pts',(0.146718308337907,0.312,0.578000000000004));
#9585=CARTESIAN_POINT('Ctrl Pts',(0.293390850102316,0.312,0.550513709991822));
#9586=CARTESIAN_POINT('Ctrl Pts',(0.566916658526078,0.312,0.444265509388214));
#9587=CARTESIAN_POINT('Ctrl Pts',(0.693684602918764,0.312,0.365536741324962));
#9588=CARTESIAN_POINT('Ctrl Pts',(0.910180037137438,0.312,0.167459042006367));
#9589=CARTESIAN_POINT('Ctrl Pts',(0.999839994809414,0.312,0.0481718974191326));
#9590=CARTESIAN_POINT('Ctrl Pts',(1.09740371171422,0.312,-0.14909799418964));
#9591=CARTESIAN_POINT('Ctrl Pts',(1.12381362746136,0.312,-0.217866697831759));
#9592=CARTESIAN_POINT('Ctrl Pts',(1.15359377815159,0.312,-0.323799381562748));
#9593=CARTESIAN_POINT('Ctrl Pts',(1.16188408383642,0.312,-0.359570733938203));
#9594=CARTESIAN_POINT('Ctrl Pts',(1.17181142096981,0.312,-0.413688120385266));
#9595=CARTESIAN_POINT('Ctrl Pts',(1.17470274903134,0.312,-0.431803954006789));
#9596=CARTESIAN_POINT('Ctrl Pts',(1.17840845262025,0.312,-0.459064206893696));
#9597=CARTESIAN_POINT('Ctrl Pts',(1.17953848651667,0.312,-0.468165378909549));
#9598=CARTESIAN_POINT('Ctrl Pts',(1.18158754703413,0.312,-0.486391870786984));
#9599=CARTESIAN_POINT('Ctrl Pts',(1.18245311043822,0.312,-0.494917418734152));
#9600=CARTESIAN_POINT('Ctrl Pts',(1.18370540471408,0.312,-0.508982736753903));
#9601=CARTESIAN_POINT('Ctrl Pts',(1.18413841130366,0.312,-0.513846826033497));
#9602=CARTESIAN_POINT('Ctrl Pts',(1.18454769459586,0.312,-0.518444106133072));
#9603=CARTESIAN_POINT('Ctrl Pts',(-1.49531856290595,0.312,-0.490777024433024));
#9604=CARTESIAN_POINT('Ctrl Pts',(-1.49490927961375,0.312,-0.486179744333468));
#9605=CARTESIAN_POINT('Ctrl Pts',(-1.49452378693392,0.312,-0.481849267201431));
#9606=CARTESIAN_POINT('Ctrl Pts',(-1.49311716804452,0.312,-0.466050783275609));
#9607=CARTESIAN_POINT('Ctrl Pts',(-1.49190346847752,0.312,-0.453929129781386));
#9608=CARTESIAN_POINT('Ctrl Pts',(-1.4893162708543,0.312,-0.430915882461713));
#9609=CARTESIAN_POINT('Ctrl Pts',(-1.48788946037908,0.312,-0.41942450365365));
#9610=CARTESIAN_POINT('Ctrl Pts',(-1.48321054170628,0.312,-0.385004992432834));
#9611=CARTESIAN_POINT('Ctrl Pts',(-1.47955987496197,0.312,-0.362131465132884));
#9612=CARTESIAN_POINT('Ctrl Pts',(-1.46702535837915,0.312,-0.293801431740214));
#9613=CARTESIAN_POINT('Ctrl Pts',(-1.45655780069669,0.312,-0.248635582781465));
#9614=CARTESIAN_POINT('Ctrl Pts',(-1.41895660032951,0.312,-0.114882194231588));
#9615=CARTESIAN_POINT('Ctrl Pts',(-1.38561074711384,0.312,-0.0280530229672913));
#9616=CARTESIAN_POINT('Ctrl Pts',(-1.26242423587061,0.312,0.221025123005101));
#9617=CARTESIAN_POINT('Ctrl Pts',(-1.14921721860592,0.312,0.371640204554951));
#9618=CARTESIAN_POINT('Ctrl Pts',(-0.875864397626653,0.312,0.62173830975228));
#9619=CARTESIAN_POINT('Ctrl Pts',(-0.71580386177562,0.312,0.721143319935171));
#9620=CARTESIAN_POINT('Ctrl Pts',(-0.370442992553158,0.312,0.855295088372953));
#9621=CARTESIAN_POINT('Ctrl Pts',(-0.185250389315495,0.312,0.890000000000004));
#9622=CARTESIAN_POINT('Ctrl Pts',(0.185250389315495,0.312,0.890000000000004));
#9623=CARTESIAN_POINT('Ctrl Pts',(0.370442992553159,0.312,0.855295088373241));
#9624=CARTESIAN_POINT('Ctrl Pts',(0.715803861775621,0.312,0.721143319934883));
#9625=CARTESIAN_POINT('Ctrl Pts',(0.875864397624541,0.312,0.621738309753832));
#9626=CARTESIAN_POINT('Ctrl Pts',(1.14921721860804,0.312,0.3716402045534));
#9627=CARTESIAN_POINT('Ctrl Pts',(1.26242423587021,0.312,0.221025123004175));
#9628=CARTESIAN_POINT('Ctrl Pts',(1.38561074711404,0.312,-0.0280530229668285));
#9629=CARTESIAN_POINT('Ctrl Pts',(1.41895660032983,0.312,-0.114882194231856));
#9630=CARTESIAN_POINT('Ctrl Pts',(1.45655780069653,0.312,-0.248635582781329));
#9631=CARTESIAN_POINT('Ctrl Pts',(1.46702535837926,0.312,-0.293801431740174));
#9632=CARTESIAN_POINT('Ctrl Pts',(1.47955987496191,0.312,-0.362131465132903));
#9633=CARTESIAN_POINT('Ctrl Pts',(1.48321054170636,0.312,-0.385004992432803));
#9634=CARTESIAN_POINT('Ctrl Pts',(1.48788946037905,0.312,-0.419424503653664));
#9635=CARTESIAN_POINT('Ctrl Pts',(1.48931627085437,0.312,-0.430915882461575));
#9636=CARTESIAN_POINT('Ctrl Pts',(1.49190346847745,0.312,-0.453929129781524));
#9637=CARTESIAN_POINT('Ctrl Pts',(1.49311716804444,0.312,-0.466050783275553));
#9638=CARTESIAN_POINT('Ctrl Pts',(1.49452378693396,0.312,-0.481849267201455));
#9639=CARTESIAN_POINT('Ctrl Pts',(1.49490927961374,0.312,-0.486179744333448));
#9640=CARTESIAN_POINT('Ctrl Pts',(1.49531856290595,0.312,-0.490777024433023));
#9641=CARTESIAN_POINT('Ctrl Pts',(-1.49531856290595,1.91044900666987E-17,
-0.490777024433024));
#9642=CARTESIAN_POINT('Ctrl Pts',(-1.49490927961375,1.91044900666987E-17,
-0.486179744333468));
#9643=CARTESIAN_POINT('Ctrl Pts',(-1.49452378693392,1.91044900666987E-17,
-0.481849267201431));
#9644=CARTESIAN_POINT('Ctrl Pts',(-1.49311716804452,1.91044900666987E-17,
-0.466050783275609));
#9645=CARTESIAN_POINT('Ctrl Pts',(-1.49190346847752,1.91044900666987E-17,
-0.453929129781386));
#9646=CARTESIAN_POINT('Ctrl Pts',(-1.4893162708543,1.91044900666987E-17,
-0.430915882461713));
#9647=CARTESIAN_POINT('Ctrl Pts',(-1.48788946037908,1.91044900666987E-17,
-0.41942450365365));
#9648=CARTESIAN_POINT('Ctrl Pts',(-1.48321054170628,1.91044900666987E-17,
-0.385004992432834));
#9649=CARTESIAN_POINT('Ctrl Pts',(-1.47955987496196,1.91044900666987E-17,
-0.362131465132884));
#9650=CARTESIAN_POINT('Ctrl Pts',(-1.46702535837915,1.91044900666987E-17,
-0.293801431740214));
#9651=CARTESIAN_POINT('Ctrl Pts',(-1.45655780069669,1.91044900666987E-17,
-0.248635582781465));
#9652=CARTESIAN_POINT('Ctrl Pts',(-1.41895660032951,1.91044900666987E-17,
-0.114882194231588));
#9653=CARTESIAN_POINT('Ctrl Pts',(-1.38561074711384,1.91044900666987E-17,
-0.0280530229672913));
#9654=CARTESIAN_POINT('Ctrl Pts',(-1.26242423587061,1.91044900666987E-17,
0.221025123005101));
#9655=CARTESIAN_POINT('Ctrl Pts',(-1.14921721860592,1.91044900666987E-17,
0.371640204554952));
#9656=CARTESIAN_POINT('Ctrl Pts',(-0.875864397626653,1.91044900666987E-17,
0.62173830975228));
#9657=CARTESIAN_POINT('Ctrl Pts',(-0.71580386177562,1.91044900666987E-17,
0.721143319935171));
#9658=CARTESIAN_POINT('Ctrl Pts',(-0.370442992553158,1.91044900666987E-17,
0.855295088372953));
#9659=CARTESIAN_POINT('Ctrl Pts',(-0.185250389315495,1.91044900666987E-17,
0.890000000000004));
#9660=CARTESIAN_POINT('Ctrl Pts',(0.185250389315495,1.91044900666987E-17,
0.890000000000004));
#9661=CARTESIAN_POINT('Ctrl Pts',(0.370442992553159,1.91044900666987E-17,
0.855295088373241));
#9662=CARTESIAN_POINT('Ctrl Pts',(0.715803861775621,1.91044900666987E-17,
0.721143319934883));
#9663=CARTESIAN_POINT('Ctrl Pts',(0.875864397624541,1.91044900666987E-17,
0.621738309753832));
#9664=CARTESIAN_POINT('Ctrl Pts',(1.14921721860804,1.91044900666987E-17,
0.3716402045534));
#9665=CARTESIAN_POINT('Ctrl Pts',(1.26242423587021,1.91044900666987E-17,
0.221025123004175));
#9666=CARTESIAN_POINT('Ctrl Pts',(1.38561074711404,1.91044900666987E-17,
-0.0280530229668285));
#9667=CARTESIAN_POINT('Ctrl Pts',(1.41895660032983,1.91044900666987E-17,
-0.114882194231856));
#9668=CARTESIAN_POINT('Ctrl Pts',(1.45655780069653,1.91044900666987E-17,
-0.248635582781329));
#9669=CARTESIAN_POINT('Ctrl Pts',(1.46702535837926,1.91044900666987E-17,
-0.293801431740174));
#9670=CARTESIAN_POINT('Ctrl Pts',(1.47955987496191,1.91044900666987E-17,
-0.362131465132903));
#9671=CARTESIAN_POINT('Ctrl Pts',(1.48321054170636,1.91044900666987E-17,
-0.385004992432803));
#9672=CARTESIAN_POINT('Ctrl Pts',(1.48788946037905,1.91044900666987E-17,
-0.419424503653664));
#9673=CARTESIAN_POINT('Ctrl Pts',(1.48931627085437,1.91044900666987E-17,
-0.430915882461575));
#9674=CARTESIAN_POINT('Ctrl Pts',(1.49190346847745,1.91044900666987E-17,
-0.453929129781524));
#9675=CARTESIAN_POINT('Ctrl Pts',(1.49311716804444,1.91044900666987E-17,
-0.466050783275553));
#9676=CARTESIAN_POINT('Ctrl Pts',(1.49452378693396,1.91044900666987E-17,
-0.481849267201455));
#9677=CARTESIAN_POINT('Ctrl Pts',(1.49490927961374,1.91044900666987E-17,
-0.486179744333448));
#9678=CARTESIAN_POINT('Ctrl Pts',(1.49531856290595,1.91044900666987E-17,
-0.490777024433023));
#9679=CARTESIAN_POINT('Ctrl Pts',(-1.49531856290595,-0.312,-0.490777024433024));
#9680=CARTESIAN_POINT('Ctrl Pts',(-1.49490927961375,-0.312,-0.486179744333468));
#9681=CARTESIAN_POINT('Ctrl Pts',(-1.49452378693392,-0.312,-0.481849267201431));
#9682=CARTESIAN_POINT('Ctrl Pts',(-1.49311716804452,-0.312,-0.466050783275609));
#9683=CARTESIAN_POINT('Ctrl Pts',(-1.49190346847752,-0.312,-0.453929129781386));
#9684=CARTESIAN_POINT('Ctrl Pts',(-1.4893162708543,-0.312,-0.430915882461713));
#9685=CARTESIAN_POINT('Ctrl Pts',(-1.48788946037908,-0.312,-0.41942450365365));
#9686=CARTESIAN_POINT('Ctrl Pts',(-1.48321054170628,-0.312,-0.385004992432834));
#9687=CARTESIAN_POINT('Ctrl Pts',(-1.47955987496197,-0.312,-0.362131465132884));
#9688=CARTESIAN_POINT('Ctrl Pts',(-1.46702535837915,-0.312,-0.293801431740214));
#9689=CARTESIAN_POINT('Ctrl Pts',(-1.45655780069669,-0.312,-0.248635582781465));
#9690=CARTESIAN_POINT('Ctrl Pts',(-1.41895660032951,-0.312,-0.114882194231588));
#9691=CARTESIAN_POINT('Ctrl Pts',(-1.38561074711384,-0.312,-0.0280530229672913));
#9692=CARTESIAN_POINT('Ctrl Pts',(-1.26242423587061,-0.312,0.221025123005101));
#9693=CARTESIAN_POINT('Ctrl Pts',(-1.14921721860592,-0.312,0.371640204554951));
#9694=CARTESIAN_POINT('Ctrl Pts',(-0.875864397626653,-0.312,0.62173830975228));
#9695=CARTESIAN_POINT('Ctrl Pts',(-0.71580386177562,-0.312,0.721143319935171));
#9696=CARTESIAN_POINT('Ctrl Pts',(-0.370442992553158,-0.312,0.855295088372953));
#9697=CARTESIAN_POINT('Ctrl Pts',(-0.185250389315495,-0.312,0.890000000000004));
#9698=CARTESIAN_POINT('Ctrl Pts',(0.185250389315495,-0.312,0.890000000000004));
#9699=CARTESIAN_POINT('Ctrl Pts',(0.370442992553159,-0.312,0.855295088373241));
#9700=CARTESIAN_POINT('Ctrl Pts',(0.715803861775621,-0.312,0.721143319934883));
#9701=CARTESIAN_POINT('Ctrl Pts',(0.875864397624541,-0.312,0.621738309753832));
#9702=CARTESIAN_POINT('Ctrl Pts',(1.14921721860804,-0.312,0.3716402045534));
#9703=CARTESIAN_POINT('Ctrl Pts',(1.26242423587021,-0.312,0.221025123004175));
#9704=CARTESIAN_POINT('Ctrl Pts',(1.38561074711404,-0.312,-0.0280530229668285));
#9705=CARTESIAN_POINT('Ctrl Pts',(1.41895660032983,-0.312,-0.114882194231856));
#9706=CARTESIAN_POINT('Ctrl Pts',(1.45655780069653,-0.312,-0.248635582781329));
#9707=CARTESIAN_POINT('Ctrl Pts',(1.46702535837926,-0.312,-0.293801431740174));
#9708=CARTESIAN_POINT('Ctrl Pts',(1.47955987496191,-0.312,-0.362131465132903));
#9709=CARTESIAN_POINT('Ctrl Pts',(1.48321054170636,-0.312,-0.385004992432803));
#9710=CARTESIAN_POINT('Ctrl Pts',(1.48788946037905,-0.312,-0.419424503653664));
#9711=CARTESIAN_POINT('Ctrl Pts',(1.48931627085437,-0.312,-0.430915882461575));
#9712=CARTESIAN_POINT('Ctrl Pts',(1.49190346847745,-0.312,-0.453929129781524));
#9713=CARTESIAN_POINT('Ctrl Pts',(1.49311716804444,-0.312,-0.466050783275553));
#9714=CARTESIAN_POINT('Ctrl Pts',(1.49452378693396,-0.312,-0.481849267201455));
#9715=CARTESIAN_POINT('Ctrl Pts',(1.49490927961374,-0.312,-0.486179744333448));
#9716=CARTESIAN_POINT('Ctrl Pts',(1.49531856290595,-0.312,-0.490777024433023));
#9717=CARTESIAN_POINT('Ctrl Pts',(-1.18454769459586,-0.312,-0.518444106133073));
#9718=CARTESIAN_POINT('Ctrl Pts',(-1.18413841130366,-0.312,-0.513846826033517));
#9719=CARTESIAN_POINT('Ctrl Pts',(-1.18370540471406,-0.312,-0.508982736753889));
#9720=CARTESIAN_POINT('Ctrl Pts',(-1.18245311043828,-0.312,-0.494917418734184));
#9721=CARTESIAN_POINT('Ctrl Pts',(-1.18158754703419,-0.312,-0.486391870786841));
#9722=CARTESIAN_POINT('Ctrl Pts',(-1.17953848651661,-0.312,-0.468165378909693));
#9723=CARTESIAN_POINT('Ctrl Pts',(-1.17840845262025,-0.312,-0.4590642068937));
#9724=CARTESIAN_POINT('Ctrl Pts',(-1.17470274903134,-0.312,-0.431803954006786));
#9725=CARTESIAN_POINT('Ctrl Pts',(-1.17181142096983,-0.312,-0.413688120385265));
#9726=CARTESIAN_POINT('Ctrl Pts',(-1.16188408383637,-0.312,-0.359570733938205));
#9727=CARTESIAN_POINT('Ctrl Pts',(-1.15359377815167,-0.312,-0.323799381562942));
#9728=CARTESIAN_POINT('Ctrl Pts',(-1.12381362746119,-0.312,-0.217866697831372));
#9729=CARTESIAN_POINT('Ctrl Pts',(-1.097403711714,-0.312,-0.149097994189923));
#9730=CARTESIAN_POINT('Ctrl Pts',(-0.999839994809853,-0.312,0.0481718974196974));
#9731=CARTESIAN_POINT('Ctrl Pts',(-0.910180037135575,-0.312,0.167459042007524));
#9732=CARTESIAN_POINT('Ctrl Pts',(-0.693684602920627,-0.312,0.365536741323805));
#9733=CARTESIAN_POINT('Ctrl Pts',(-0.566916658526365,-0.312,0.444265509388502));
#9734=CARTESIAN_POINT('Ctrl Pts',(-0.293390850102027,-0.312,0.550513709991534));
#9735=CARTESIAN_POINT('Ctrl Pts',(-0.146718308337907,-0.312,0.578000000000004));
#9736=CARTESIAN_POINT('Ctrl Pts',(0.146718308337907,-0.312,0.578000000000004));
#9737=CARTESIAN_POINT('Ctrl Pts',(0.293390850102316,-0.312,0.550513709991822));
#9738=CARTESIAN_POINT('Ctrl Pts',(0.566916658526078,-0.312,0.444265509388214));
#9739=CARTESIAN_POINT('Ctrl Pts',(0.693684602918764,-0.312,0.365536741324962));
#9740=CARTESIAN_POINT('Ctrl Pts',(0.910180037137438,-0.312,0.167459042006367));
#9741=CARTESIAN_POINT('Ctrl Pts',(0.999839994809414,-0.312,0.0481718974191326));
#9742=CARTESIAN_POINT('Ctrl Pts',(1.09740371171422,-0.312,-0.14909799418964));
#9743=CARTESIAN_POINT('Ctrl Pts',(1.12381362746136,-0.312,-0.217866697831759));
#9744=CARTESIAN_POINT('Ctrl Pts',(1.15359377815159,-0.312,-0.323799381562748));
#9745=CARTESIAN_POINT('Ctrl Pts',(1.16188408383642,-0.312,-0.359570733938203));
#9746=CARTESIAN_POINT('Ctrl Pts',(1.17181142096981,-0.312,-0.413688120385266));
#9747=CARTESIAN_POINT('Ctrl Pts',(1.17470274903134,-0.312,-0.431803954006789));
#9748=CARTESIAN_POINT('Ctrl Pts',(1.17840845262025,-0.312,-0.459064206893696));
#9749=CARTESIAN_POINT('Ctrl Pts',(1.17953848651667,-0.312,-0.468165378909549));
#9750=CARTESIAN_POINT('Ctrl Pts',(1.18158754703413,-0.312,-0.486391870786984));
#9751=CARTESIAN_POINT('Ctrl Pts',(1.18245311043822,-0.312,-0.494917418734152));
#9752=CARTESIAN_POINT('Ctrl Pts',(1.18370540471408,-0.312,-0.508982736753903));
#9753=CARTESIAN_POINT('Ctrl Pts',(1.18413841130366,-0.312,-0.513846826033497));
#9754=CARTESIAN_POINT('Ctrl Pts',(1.18454769459586,-0.312,-0.518444106133072));
#9755=CARTESIAN_POINT('Ctrl Pts',(-1.18454769459586,0.,-0.518444106133073));
#9756=CARTESIAN_POINT('Ctrl Pts',(-1.18413841130366,0.,-0.513846826033517));
#9757=CARTESIAN_POINT('Ctrl Pts',(-1.18370540471406,0.,-0.508982736753889));
#9758=CARTESIAN_POINT('Ctrl Pts',(-1.18245311043828,0.,-0.494917418734184));
#9759=CARTESIAN_POINT('Ctrl Pts',(-1.18158754703419,0.,-0.486391870786841));
#9760=CARTESIAN_POINT('Ctrl Pts',(-1.17953848651661,0.,-0.468165378909693));
#9761=CARTESIAN_POINT('Ctrl Pts',(-1.17840845262025,0.,-0.4590642068937));
#9762=CARTESIAN_POINT('Ctrl Pts',(-1.17470274903134,0.,-0.431803954006786));
#9763=CARTESIAN_POINT('Ctrl Pts',(-1.17181142096983,0.,-0.413688120385265));
#9764=CARTESIAN_POINT('Ctrl Pts',(-1.16188408383637,0.,-0.359570733938205));
#9765=CARTESIAN_POINT('Ctrl Pts',(-1.15359377815167,0.,-0.323799381562942));
#9766=CARTESIAN_POINT('Ctrl Pts',(-1.12381362746119,0.,-0.217866697831372));
#9767=CARTESIAN_POINT('Ctrl Pts',(-1.097403711714,0.,-0.149097994189923));
#9768=CARTESIAN_POINT('Ctrl Pts',(-0.999839994809853,0.,0.0481718974196974));
#9769=CARTESIAN_POINT('Ctrl Pts',(-0.910180037135575,0.,0.167459042007524));
#9770=CARTESIAN_POINT('Ctrl Pts',(-0.693684602920627,0.,0.365536741323805));
#9771=CARTESIAN_POINT('Ctrl Pts',(-0.566916658526365,0.,0.444265509388502));
#9772=CARTESIAN_POINT('Ctrl Pts',(-0.293390850102027,0.,0.550513709991534));
#9773=CARTESIAN_POINT('Ctrl Pts',(-0.146718308337907,0.,0.578000000000004));
#9774=CARTESIAN_POINT('Ctrl Pts',(0.146718308337907,0.,0.578000000000004));
#9775=CARTESIAN_POINT('Ctrl Pts',(0.293390850102316,0.,0.550513709991822));
#9776=CARTESIAN_POINT('Ctrl Pts',(0.566916658526078,0.,0.444265509388214));
#9777=CARTESIAN_POINT('Ctrl Pts',(0.693684602918764,0.,0.365536741324962));
#9778=CARTESIAN_POINT('Ctrl Pts',(0.910180037137438,0.,0.167459042006367));
#9779=CARTESIAN_POINT('Ctrl Pts',(0.999839994809414,0.,0.0481718974191326));
#9780=CARTESIAN_POINT('Ctrl Pts',(1.09740371171422,0.,-0.14909799418964));
#9781=CARTESIAN_POINT('Ctrl Pts',(1.12381362746136,0.,-0.217866697831759));
#9782=CARTESIAN_POINT('Ctrl Pts',(1.15359377815159,0.,-0.323799381562748));
#9783=CARTESIAN_POINT('Ctrl Pts',(1.16188408383642,0.,-0.359570733938203));
#9784=CARTESIAN_POINT('Ctrl Pts',(1.17181142096981,0.,-0.413688120385266));
#9785=CARTESIAN_POINT('Ctrl Pts',(1.17470274903134,0.,-0.431803954006789));
#9786=CARTESIAN_POINT('Ctrl Pts',(1.17840845262025,0.,-0.459064206893696));
#9787=CARTESIAN_POINT('Ctrl Pts',(1.17953848651667,0.,-0.468165378909549));
#9788=CARTESIAN_POINT('Ctrl Pts',(1.18158754703413,0.,-0.486391870786984));
#9789=CARTESIAN_POINT('Ctrl Pts',(1.18245311043822,0.,-0.494917418734152));
#9790=CARTESIAN_POINT('Ctrl Pts',(1.18370540471408,0.,-0.508982736753903));
#9791=CARTESIAN_POINT('Ctrl Pts',(1.18413841130366,0.,-0.513846826033497));
#9792=CARTESIAN_POINT('Ctrl Pts',(1.18454769459586,0.,-0.518444106133072));
#9793=CARTESIAN_POINT('',(-1.49488956025852,1.91044900666987E-17,-0.485958143051826));
#9794=CARTESIAN_POINT('Origin',(-1.33870525514848,-3.53235975970468E-8,
-0.490818900833889));
#9795=CARTESIAN_POINT('',(1.49488956025852,1.91044900666987E-17,-0.485958143051758));
#9796=CARTESIAN_POINT('Ctrl Pts',(-1.49488956025852,1.91044900666987E-17,
-0.485958143051826));
#9797=CARTESIAN_POINT('Ctrl Pts',(-1.49463030682369,1.91044900666987E-17,
-0.483045984114234));
#9798=CARTESIAN_POINT('Ctrl Pts',(-1.494370435025,1.91044900666987E-17,
-0.480126890453626));
#9799=CARTESIAN_POINT('Ctrl Pts',(-1.49311716804452,1.91044900666987E-17,
-0.466050783275609));
#9800=CARTESIAN_POINT('Ctrl Pts',(-1.49190346847752,1.91044900666987E-17,
-0.453929129781386));
#9801=CARTESIAN_POINT('Ctrl Pts',(-1.4893162708543,1.91044900666987E-17,
-0.430915882461713));
#9802=CARTESIAN_POINT('Ctrl Pts',(-1.48788946037908,1.91044900666987E-17,
-0.41942450365365));
#9803=CARTESIAN_POINT('Ctrl Pts',(-1.48321054170628,1.91044900666987E-17,
-0.385004992432834));
#9804=CARTESIAN_POINT('Ctrl Pts',(-1.47955987496196,1.91044900666987E-17,
-0.362131465132884));
#9805=CARTESIAN_POINT('Ctrl Pts',(-1.46702535837915,1.91044900666987E-17,
-0.293801431740214));
#9806=CARTESIAN_POINT('Ctrl Pts',(-1.45655780069669,1.91044900666987E-17,
-0.248635582781465));
#9807=CARTESIAN_POINT('Ctrl Pts',(-1.41895660032951,1.91044900666987E-17,
-0.114882194231588));
#9808=CARTESIAN_POINT('Ctrl Pts',(-1.38561074711384,1.91044900666987E-17,
-0.0280530229672913));
#9809=CARTESIAN_POINT('Ctrl Pts',(-1.26242423587061,1.91044900666987E-17,
0.221025123005101));
#9810=CARTESIAN_POINT('Ctrl Pts',(-1.14921721860592,1.91044900666987E-17,
0.371640204554952));
#9811=CARTESIAN_POINT('Ctrl Pts',(-0.875864397626653,1.91044900666987E-17,
0.62173830975228));
#9812=CARTESIAN_POINT('Ctrl Pts',(-0.71580386177562,1.91044900666987E-17,
0.721143319935171));
#9813=CARTESIAN_POINT('Ctrl Pts',(-0.370442992553158,1.91044900666987E-17,
0.855295088372953));
#9814=CARTESIAN_POINT('Ctrl Pts',(-0.185250389315495,1.91044900666987E-17,
0.890000000000004));
#9815=CARTESIAN_POINT('Ctrl Pts',(0.185250389315495,1.91044900666987E-17,
0.890000000000004));
#9816=CARTESIAN_POINT('Ctrl Pts',(0.370442992553159,1.91044900666987E-17,
0.855295088373241));
#9817=CARTESIAN_POINT('Ctrl Pts',(0.715803861775621,1.91044900666987E-17,
0.721143319934883));
#9818=CARTESIAN_POINT('Ctrl Pts',(0.875864397624541,1.91044900666987E-17,
0.621738309753832));
#9819=CARTESIAN_POINT('Ctrl Pts',(1.14921721860804,1.91044900666987E-17,
0.3716402045534));
#9820=CARTESIAN_POINT('Ctrl Pts',(1.26242423587021,1.91044900666987E-17,
0.221025123004175));
#9821=CARTESIAN_POINT('Ctrl Pts',(1.38561074711404,1.91044900666987E-17,
-0.0280530229668285));
#9822=CARTESIAN_POINT('Ctrl Pts',(1.41895660032983,1.91044900666987E-17,
-0.114882194231856));
#9823=CARTESIAN_POINT('Ctrl Pts',(1.45655780069653,1.91044900666987E-17,
-0.248635582781329));
#9824=CARTESIAN_POINT('Ctrl Pts',(1.46702535837926,1.91044900666987E-17,
-0.293801431740174));
#9825=CARTESIAN_POINT('Ctrl Pts',(1.47955987496191,1.91044900666987E-17,
-0.362131465132903));
#9826=CARTESIAN_POINT('Ctrl Pts',(1.48321054170636,1.91044900666987E-17,
-0.385004992432803));
#9827=CARTESIAN_POINT('Ctrl Pts',(1.48788946037905,1.91044900666987E-17,
-0.419424503653664));
#9828=CARTESIAN_POINT('Ctrl Pts',(1.48931627085437,1.91044900666987E-17,
-0.430915882461575));
#9829=CARTESIAN_POINT('Ctrl Pts',(1.49190346847745,1.91044900666987E-17,
-0.453929129781524));
#9830=CARTESIAN_POINT('Ctrl Pts',(1.49311716804444,1.91044900666987E-17,
-0.466050783275553));
#9831=CARTESIAN_POINT('Ctrl Pts',(1.49437043502502,1.91044900666987E-17,
-0.480126890453618));
#9832=CARTESIAN_POINT('Ctrl Pts',(1.4946303068237,1.91044900666987E-17,
-0.483045984114193));
#9833=CARTESIAN_POINT('Ctrl Pts',(1.49488956025852,1.91044900666987E-17,
-0.485958143051758));
#9834=CARTESIAN_POINT('Origin',(1.33870525514846,-3.5323624322396E-8,-0.490818900834023));
#9835=CARTESIAN_POINT('Ctrl Pts',(-1.18224675687288,0.,-0.49319928153134));
#9836=CARTESIAN_POINT('Ctrl Pts',(-1.1817190183336,0.,-0.487850210815232));
#9837=CARTESIAN_POINT('Ctrl Pts',(-1.18116880641157,0.,-0.482667152804465));
#9838=CARTESIAN_POINT('Ctrl Pts',(-1.17953848651661,0.,-0.468165378909693));
#9839=CARTESIAN_POINT('Ctrl Pts',(-1.17840845262025,0.,-0.4590642068937));
#9840=CARTESIAN_POINT('Ctrl Pts',(-1.17470274903134,0.,-0.431803954006786));
#9841=CARTESIAN_POINT('Ctrl Pts',(-1.17181142096983,0.,-0.413688120385265));
#9842=CARTESIAN_POINT('Ctrl Pts',(-1.16188408383637,0.,-0.359570733938205));
#9843=CARTESIAN_POINT('Ctrl Pts',(-1.15359377815167,0.,-0.323799381562942));
#9844=CARTESIAN_POINT('Ctrl Pts',(-1.12381362746119,0.,-0.217866697831372));
#9845=CARTESIAN_POINT('Ctrl Pts',(-1.097403711714,0.,-0.149097994189923));
#9846=CARTESIAN_POINT('Ctrl Pts',(-0.999839994809853,0.,0.0481718974196974));
#9847=CARTESIAN_POINT('Ctrl Pts',(-0.910180037135575,0.,0.167459042007524));
#9848=CARTESIAN_POINT('Ctrl Pts',(-0.693684602920627,0.,0.365536741323805));
#9849=CARTESIAN_POINT('Ctrl Pts',(-0.566916658526365,0.,0.444265509388502));
#9850=CARTESIAN_POINT('Ctrl Pts',(-0.293390850102027,0.,0.550513709991534));
#9851=CARTESIAN_POINT('Ctrl Pts',(-0.146718308337907,0.,0.578000000000004));
#9852=CARTESIAN_POINT('Ctrl Pts',(0.146718308337907,0.,0.578000000000004));
#9853=CARTESIAN_POINT('Ctrl Pts',(0.293390850102316,0.,0.550513709991822));
#9854=CARTESIAN_POINT('Ctrl Pts',(0.566916658526078,0.,0.444265509388214));
#9855=CARTESIAN_POINT('Ctrl Pts',(0.693684602918764,0.,0.365536741324962));
#9856=CARTESIAN_POINT('Ctrl Pts',(0.910180037137438,0.,0.167459042006367));
#9857=CARTESIAN_POINT('Ctrl Pts',(0.999839994809414,0.,0.0481718974191326));
#9858=CARTESIAN_POINT('Ctrl Pts',(1.09740371171422,0.,-0.14909799418964));
#9859=CARTESIAN_POINT('Ctrl Pts',(1.12381362746136,0.,-0.217866697831759));
#9860=CARTESIAN_POINT('Ctrl Pts',(1.15359377815159,0.,-0.323799381562748));
#9861=CARTESIAN_POINT('Ctrl Pts',(1.16188408383642,0.,-0.359570733938203));
#9862=CARTESIAN_POINT('Ctrl Pts',(1.17181142096981,0.,-0.413688120385266));
#9863=CARTESIAN_POINT('Ctrl Pts',(1.17470274903134,0.,-0.431803954006789));
#9864=CARTESIAN_POINT('Ctrl Pts',(1.17840845262025,0.,-0.459064206893696));
#9865=CARTESIAN_POINT('Ctrl Pts',(1.17953848651667,0.,-0.468165378909549));
#9866=CARTESIAN_POINT('Ctrl Pts',(1.18116880641154,0.,-0.482667152804605));
#9867=CARTESIAN_POINT('Ctrl Pts',(1.18171901833356,0.,-0.487850210815396));
#9868=CARTESIAN_POINT('Ctrl Pts',(1.18224675687285,0.,-0.493199281531533));
#9869=CARTESIAN_POINT('Origin',(1.11978259288768,0.,-0.704));
#9870=CARTESIAN_POINT('',(1.11978259288768,-1.91044900666987E-17,-0.86));
#9871=CARTESIAN_POINT('Ctrl Pts',(-1.18454769459586,0.,-0.518444106133073));
#9872=CARTESIAN_POINT('Ctrl Pts',(-1.18413841130366,0.,-0.513846826033517));
#9873=CARTESIAN_POINT('Ctrl Pts',(-1.18370540471406,0.,-0.508982736753889));
#9874=CARTESIAN_POINT('Ctrl Pts',(-1.18245311043828,0.,-0.494917418734184));
#9875=CARTESIAN_POINT('Ctrl Pts',(-1.18158754703419,0.,-0.486391870786841));
#9876=CARTESIAN_POINT('Ctrl Pts',(-1.17953848651661,0.,-0.468165378909693));
#9877=CARTESIAN_POINT('Ctrl Pts',(-1.17840845262025,0.,-0.4590642068937));
#9878=CARTESIAN_POINT('Ctrl Pts',(-1.17470274903134,0.,-0.431803954006786));
#9879=CARTESIAN_POINT('Ctrl Pts',(-1.17181142096983,0.,-0.413688120385265));
#9880=CARTESIAN_POINT('Ctrl Pts',(-1.16188408383637,0.,-0.359570733938205));
#9881=CARTESIAN_POINT('Ctrl Pts',(-1.15359377815167,0.,-0.323799381562942));
#9882=CARTESIAN_POINT('Ctrl Pts',(-1.12381362746119,0.,-0.217866697831372));
#9883=CARTESIAN_POINT('Ctrl Pts',(-1.097403711714,0.,-0.149097994189923));
#9884=CARTESIAN_POINT('Ctrl Pts',(-0.999839994809853,0.,0.0481718974196974));
#9885=CARTESIAN_POINT('Ctrl Pts',(-0.910180037135575,0.,0.167459042007524));
#9886=CARTESIAN_POINT('Ctrl Pts',(-0.693684602920627,0.,0.365536741323805));
#9887=CARTESIAN_POINT('Ctrl Pts',(-0.566916658526365,0.,0.444265509388502));
#9888=CARTESIAN_POINT('Ctrl Pts',(-0.293390850102027,0.,0.550513709991534));
#9889=CARTESIAN_POINT('Ctrl Pts',(-0.146718308337907,0.,0.578000000000004));
#9890=CARTESIAN_POINT('Ctrl Pts',(0.146718308337907,0.,0.578000000000004));
#9891=CARTESIAN_POINT('Ctrl Pts',(0.293390850102316,0.,0.550513709991822));
#9892=CARTESIAN_POINT('Ctrl Pts',(0.566916658526078,0.,0.444265509388214));
#9893=CARTESIAN_POINT('Ctrl Pts',(0.693684602918764,0.,0.365536741324962));
#9894=CARTESIAN_POINT('Ctrl Pts',(0.910180037137438,0.,0.167459042006367));
#9895=CARTESIAN_POINT('Ctrl Pts',(0.999839994809414,0.,0.0481718974191326));
#9896=CARTESIAN_POINT('Ctrl Pts',(1.09740371171422,0.,-0.14909799418964));
#9897=CARTESIAN_POINT('Ctrl Pts',(1.12381362746136,0.,-0.217866697831759));
#9898=CARTESIAN_POINT('Ctrl Pts',(1.15359377815159,0.,-0.323799381562748));
#9899=CARTESIAN_POINT('Ctrl Pts',(1.16188408383642,0.,-0.359570733938203));
#9900=CARTESIAN_POINT('Ctrl Pts',(1.17181142096981,0.,-0.413688120385266));
#9901=CARTESIAN_POINT('Ctrl Pts',(1.17470274903134,0.,-0.431803954006789));
#9902=CARTESIAN_POINT('Ctrl Pts',(1.17840845262025,0.,-0.459064206893696));
#9903=CARTESIAN_POINT('Ctrl Pts',(1.17953848651667,0.,-0.468165378909549));
#9904=CARTESIAN_POINT('Ctrl Pts',(1.18158754703413,0.,-0.486391870786984));
#9905=CARTESIAN_POINT('Ctrl Pts',(1.18245311043822,0.,-0.494917418734152));
#9906=CARTESIAN_POINT('Ctrl Pts',(1.18370540471408,0.,-0.508982736753903));
#9907=CARTESIAN_POINT('Ctrl Pts',(1.18413841130366,0.,-0.513846826033497));
#9908=CARTESIAN_POINT('Ctrl Pts',(1.18454769459586,0.,-0.518444106133072));
#9909=CARTESIAN_POINT('Ctrl Pts',(-1.18454769459586,0.312,-0.518444106133073));
#9910=CARTESIAN_POINT('Ctrl Pts',(-1.18413841130366,0.312,-0.513846826033517));
#9911=CARTESIAN_POINT('Ctrl Pts',(-1.18370540471406,0.312,-0.508982736753889));
#9912=CARTESIAN_POINT('Ctrl Pts',(-1.18245311043828,0.312,-0.494917418734184));
#9913=CARTESIAN_POINT('Ctrl Pts',(-1.18158754703419,0.312,-0.486391870786841));
#9914=CARTESIAN_POINT('Ctrl Pts',(-1.17953848651661,0.312,-0.468165378909693));
#9915=CARTESIAN_POINT('Ctrl Pts',(-1.17840845262025,0.312,-0.4590642068937));
#9916=CARTESIAN_POINT('Ctrl Pts',(-1.17470274903134,0.312,-0.431803954006786));
#9917=CARTESIAN_POINT('Ctrl Pts',(-1.17181142096983,0.312,-0.413688120385265));
#9918=CARTESIAN_POINT('Ctrl Pts',(-1.16188408383637,0.312,-0.359570733938205));
#9919=CARTESIAN_POINT('Ctrl Pts',(-1.15359377815167,0.312,-0.323799381562942));
#9920=CARTESIAN_POINT('Ctrl Pts',(-1.12381362746119,0.312,-0.217866697831372));
#9921=CARTESIAN_POINT('Ctrl Pts',(-1.097403711714,0.312,-0.149097994189923));
#9922=CARTESIAN_POINT('Ctrl Pts',(-0.999839994809853,0.312,0.0481718974196974));
#9923=CARTESIAN_POINT('Ctrl Pts',(-0.910180037135575,0.312,0.167459042007524));
#9924=CARTESIAN_POINT('Ctrl Pts',(-0.693684602920627,0.312,0.365536741323805));
#9925=CARTESIAN_POINT('Ctrl Pts',(-0.566916658526365,0.312,0.444265509388502));
#9926=CARTESIAN_POINT('Ctrl Pts',(-0.293390850102027,0.312,0.550513709991534));
#9927=CARTESIAN_POINT('Ctrl Pts',(-0.146718308337907,0.312,0.578000000000004));
#9928=CARTESIAN_POINT('Ctrl Pts',(0.146718308337907,0.312,0.578000000000004));
#9929=CARTESIAN_POINT('Ctrl Pts',(0.293390850102316,0.312,0.550513709991822));
#9930=CARTESIAN_POINT('Ctrl Pts',(0.566916658526078,0.312,0.444265509388214));
#9931=CARTESIAN_POINT('Ctrl Pts',(0.693684602918764,0.312,0.365536741324962));
#9932=CARTESIAN_POINT('Ctrl Pts',(0.910180037137438,0.312,0.167459042006367));
#9933=CARTESIAN_POINT('Ctrl Pts',(0.999839994809414,0.312,0.0481718974191326));
#9934=CARTESIAN_POINT('Ctrl Pts',(1.09740371171422,0.312,-0.14909799418964));
#9935=CARTESIAN_POINT('Ctrl Pts',(1.12381362746136,0.312,-0.217866697831759));
#9936=CARTESIAN_POINT('Ctrl Pts',(1.15359377815159,0.312,-0.323799381562748));
#9937=CARTESIAN_POINT('Ctrl Pts',(1.16188408383642,0.312,-0.359570733938203));
#9938=CARTESIAN_POINT('Ctrl Pts',(1.17181142096981,0.312,-0.413688120385266));
#9939=CARTESIAN_POINT('Ctrl Pts',(1.17470274903134,0.312,-0.431803954006789));
#9940=CARTESIAN_POINT('Ctrl Pts',(1.17840845262025,0.312,-0.459064206893696));
#9941=CARTESIAN_POINT('Ctrl Pts',(1.17953848651667,0.312,-0.468165378909549));
#9942=CARTESIAN_POINT('Ctrl Pts',(1.18158754703413,0.312,-0.486391870786984));
#9943=CARTESIAN_POINT('Ctrl Pts',(1.18245311043822,0.312,-0.494917418734152));
#9944=CARTESIAN_POINT('Ctrl Pts',(1.18370540471408,0.312,-0.508982736753903));
#9945=CARTESIAN_POINT('Ctrl Pts',(1.18413841130366,0.312,-0.513846826033497));
#9946=CARTESIAN_POINT('Ctrl Pts',(1.18454769459586,0.312,-0.518444106133072));
#9947=CARTESIAN_POINT('Ctrl Pts',(-1.49531856290595,0.312,-0.490777024433024));
#9948=CARTESIAN_POINT('Ctrl Pts',(-1.49490927961375,0.312,-0.486179744333468));
#9949=CARTESIAN_POINT('Ctrl Pts',(-1.49452378693392,0.312,-0.481849267201431));
#9950=CARTESIAN_POINT('Ctrl Pts',(-1.49311716804452,0.312,-0.466050783275609));
#9951=CARTESIAN_POINT('Ctrl Pts',(-1.49190346847752,0.312,-0.453929129781386));
#9952=CARTESIAN_POINT('Ctrl Pts',(-1.4893162708543,0.312,-0.430915882461713));
#9953=CARTESIAN_POINT('Ctrl Pts',(-1.48788946037908,0.312,-0.41942450365365));
#9954=CARTESIAN_POINT('Ctrl Pts',(-1.48321054170628,0.312,-0.385004992432834));
#9955=CARTESIAN_POINT('Ctrl Pts',(-1.47955987496197,0.312,-0.362131465132884));
#9956=CARTESIAN_POINT('Ctrl Pts',(-1.46702535837915,0.312,-0.293801431740214));
#9957=CARTESIAN_POINT('Ctrl Pts',(-1.45655780069669,0.312,-0.248635582781465));
#9958=CARTESIAN_POINT('Ctrl Pts',(-1.41895660032951,0.312,-0.114882194231588));
#9959=CARTESIAN_POINT('Ctrl Pts',(-1.38561074711384,0.312,-0.0280530229672913));
#9960=CARTESIAN_POINT('Ctrl Pts',(-1.26242423587061,0.312,0.221025123005101));
#9961=CARTESIAN_POINT('Ctrl Pts',(-1.14921721860592,0.312,0.371640204554951));
#9962=CARTESIAN_POINT('Ctrl Pts',(-0.875864397626653,0.312,0.62173830975228));
#9963=CARTESIAN_POINT('Ctrl Pts',(-0.71580386177562,0.312,0.721143319935171));
#9964=CARTESIAN_POINT('Ctrl Pts',(-0.370442992553158,0.312,0.855295088372953));
#9965=CARTESIAN_POINT('Ctrl Pts',(-0.185250389315495,0.312,0.890000000000004));
#9966=CARTESIAN_POINT('Ctrl Pts',(0.185250389315495,0.312,0.890000000000004));
#9967=CARTESIAN_POINT('Ctrl Pts',(0.370442992553159,0.312,0.855295088373241));
#9968=CARTESIAN_POINT('Ctrl Pts',(0.715803861775621,0.312,0.721143319934883));
#9969=CARTESIAN_POINT('Ctrl Pts',(0.875864397624541,0.312,0.621738309753832));
#9970=CARTESIAN_POINT('Ctrl Pts',(1.14921721860804,0.312,0.3716402045534));
#9971=CARTESIAN_POINT('Ctrl Pts',(1.26242423587021,0.312,0.221025123004175));
#9972=CARTESIAN_POINT('Ctrl Pts',(1.38561074711404,0.312,-0.0280530229668285));
#9973=CARTESIAN_POINT('Ctrl Pts',(1.41895660032983,0.312,-0.114882194231856));
#9974=CARTESIAN_POINT('Ctrl Pts',(1.45655780069653,0.312,-0.248635582781329));
#9975=CARTESIAN_POINT('Ctrl Pts',(1.46702535837926,0.312,-0.293801431740174));
#9976=CARTESIAN_POINT('Ctrl Pts',(1.47955987496191,0.312,-0.362131465132903));
#9977=CARTESIAN_POINT('Ctrl Pts',(1.48321054170636,0.312,-0.385004992432803));
#9978=CARTESIAN_POINT('Ctrl Pts',(1.48788946037905,0.312,-0.419424503653664));
#9979=CARTESIAN_POINT('Ctrl Pts',(1.48931627085437,0.312,-0.430915882461575));
#9980=CARTESIAN_POINT('Ctrl Pts',(1.49190346847745,0.312,-0.453929129781524));
#9981=CARTESIAN_POINT('Ctrl Pts',(1.49311716804444,0.312,-0.466050783275553));
#9982=CARTESIAN_POINT('Ctrl Pts',(1.49452378693396,0.312,-0.481849267201455));
#9983=CARTESIAN_POINT('Ctrl Pts',(1.49490927961374,0.312,-0.486179744333448));
#9984=CARTESIAN_POINT('Ctrl Pts',(1.49531856290595,0.312,-0.490777024433023));
#9985=CARTESIAN_POINT('Ctrl Pts',(-1.49531856290595,1.91044900666987E-17,
-0.490777024433024));
#9986=CARTESIAN_POINT('Ctrl Pts',(-1.49490927961375,1.91044900666987E-17,
-0.486179744333468));
#9987=CARTESIAN_POINT('Ctrl Pts',(-1.49452378693392,1.91044900666987E-17,
-0.481849267201431));
#9988=CARTESIAN_POINT('Ctrl Pts',(-1.49311716804452,1.91044900666987E-17,
-0.466050783275609));
#9989=CARTESIAN_POINT('Ctrl Pts',(-1.49190346847752,1.91044900666987E-17,
-0.453929129781386));
#9990=CARTESIAN_POINT('Ctrl Pts',(-1.4893162708543,1.91044900666987E-17,
-0.430915882461713));
#9991=CARTESIAN_POINT('Ctrl Pts',(-1.48788946037908,1.91044900666987E-17,
-0.41942450365365));
#9992=CARTESIAN_POINT('Ctrl Pts',(-1.48321054170628,1.91044900666987E-17,
-0.385004992432834));
#9993=CARTESIAN_POINT('Ctrl Pts',(-1.47955987496196,1.91044900666987E-17,
-0.362131465132884));
#9994=CARTESIAN_POINT('Ctrl Pts',(-1.46702535837915,1.91044900666987E-17,
-0.293801431740214));
#9995=CARTESIAN_POINT('Ctrl Pts',(-1.45655780069669,1.91044900666987E-17,
-0.248635582781465));
#9996=CARTESIAN_POINT('Ctrl Pts',(-1.41895660032951,1.91044900666987E-17,
-0.114882194231588));
#9997=CARTESIAN_POINT('Ctrl Pts',(-1.38561074711384,1.91044900666987E-17,
-0.0280530229672913));
#9998=CARTESIAN_POINT('Ctrl Pts',(-1.26242423587061,1.91044900666987E-17,
0.221025123005101));
#9999=CARTESIAN_POINT('Ctrl Pts',(-1.14921721860592,1.91044900666987E-17,
0.371640204554952));
#10000=CARTESIAN_POINT('Ctrl Pts',(-0.875864397626653,1.91044900666987E-17,
0.62173830975228));
#10001=CARTESIAN_POINT('Ctrl Pts',(-0.71580386177562,1.91044900666987E-17,
0.721143319935171));
#10002=CARTESIAN_POINT('Ctrl Pts',(-0.370442992553158,1.91044900666987E-17,
0.855295088372953));
#10003=CARTESIAN_POINT('Ctrl Pts',(-0.185250389315495,1.91044900666987E-17,
0.890000000000004));
#10004=CARTESIAN_POINT('Ctrl Pts',(0.185250389315495,1.91044900666987E-17,
0.890000000000004));
#10005=CARTESIAN_POINT('Ctrl Pts',(0.370442992553159,1.91044900666987E-17,
0.855295088373241));
#10006=CARTESIAN_POINT('Ctrl Pts',(0.715803861775621,1.91044900666987E-17,
0.721143319934883));
#10007=CARTESIAN_POINT('Ctrl Pts',(0.875864397624541,1.91044900666987E-17,
0.621738309753832));
#10008=CARTESIAN_POINT('Ctrl Pts',(1.14921721860804,1.91044900666987E-17,
0.3716402045534));
#10009=CARTESIAN_POINT('Ctrl Pts',(1.26242423587021,1.91044900666987E-17,
0.221025123004175));
#10010=CARTESIAN_POINT('Ctrl Pts',(1.38561074711404,1.91044900666987E-17,
-0.0280530229668285));
#10011=CARTESIAN_POINT('Ctrl Pts',(1.41895660032983,1.91044900666987E-17,
-0.114882194231856));
#10012=CARTESIAN_POINT('Ctrl Pts',(1.45655780069653,1.91044900666987E-17,
-0.248635582781329));
#10013=CARTESIAN_POINT('Ctrl Pts',(1.46702535837926,1.91044900666987E-17,
-0.293801431740174));
#10014=CARTESIAN_POINT('Ctrl Pts',(1.47955987496191,1.91044900666987E-17,
-0.362131465132903));
#10015=CARTESIAN_POINT('Ctrl Pts',(1.48321054170636,1.91044900666987E-17,
-0.385004992432803));
#10016=CARTESIAN_POINT('Ctrl Pts',(1.48788946037905,1.91044900666987E-17,
-0.419424503653664));
#10017=CARTESIAN_POINT('Ctrl Pts',(1.48931627085437,1.91044900666987E-17,
-0.430915882461575));
#10018=CARTESIAN_POINT('Ctrl Pts',(1.49190346847745,1.91044900666987E-17,
-0.453929129781524));
#10019=CARTESIAN_POINT('Ctrl Pts',(1.49311716804444,1.91044900666987E-17,
-0.466050783275553));
#10020=CARTESIAN_POINT('Ctrl Pts',(1.49452378693396,1.91044900666987E-17,
-0.481849267201455));
#10021=CARTESIAN_POINT('Ctrl Pts',(1.49490927961374,1.91044900666987E-17,
-0.486179744333448));
#10022=CARTESIAN_POINT('Ctrl Pts',(1.49531856290595,1.91044900666987E-17,
-0.490777024433023));
#10023=CARTESIAN_POINT('Ctrl Pts',(-1.49531856290595,-0.312,-0.490777024433024));
#10024=CARTESIAN_POINT('Ctrl Pts',(-1.49490927961375,-0.312,-0.486179744333468));
#10025=CARTESIAN_POINT('Ctrl Pts',(-1.49452378693392,-0.312,-0.481849267201431));
#10026=CARTESIAN_POINT('Ctrl Pts',(-1.49311716804452,-0.312,-0.466050783275609));
#10027=CARTESIAN_POINT('Ctrl Pts',(-1.49190346847752,-0.312,-0.453929129781386));
#10028=CARTESIAN_POINT('Ctrl Pts',(-1.4893162708543,-0.312,-0.430915882461713));
#10029=CARTESIAN_POINT('Ctrl Pts',(-1.48788946037908,-0.312,-0.41942450365365));
#10030=CARTESIAN_POINT('Ctrl Pts',(-1.48321054170628,-0.312,-0.385004992432834));
#10031=CARTESIAN_POINT('Ctrl Pts',(-1.47955987496197,-0.312,-0.362131465132884));
#10032=CARTESIAN_POINT('Ctrl Pts',(-1.46702535837915,-0.312,-0.293801431740214));
#10033=CARTESIAN_POINT('Ctrl Pts',(-1.45655780069669,-0.312,-0.248635582781465));
#10034=CARTESIAN_POINT('Ctrl Pts',(-1.41895660032951,-0.312,-0.114882194231588));
#10035=CARTESIAN_POINT('Ctrl Pts',(-1.38561074711384,-0.312,-0.0280530229672913));
#10036=CARTESIAN_POINT('Ctrl Pts',(-1.26242423587061,-0.312,0.221025123005101));
#10037=CARTESIAN_POINT('Ctrl Pts',(-1.14921721860592,-0.312,0.371640204554951));
#10038=CARTESIAN_POINT('Ctrl Pts',(-0.875864397626653,-0.312,0.62173830975228));
#10039=CARTESIAN_POINT('Ctrl Pts',(-0.71580386177562,-0.312,0.721143319935171));
#10040=CARTESIAN_POINT('Ctrl Pts',(-0.370442992553158,-0.312,0.855295088372953));
#10041=CARTESIAN_POINT('Ctrl Pts',(-0.185250389315495,-0.312,0.890000000000004));
#10042=CARTESIAN_POINT('Ctrl Pts',(0.185250389315495,-0.312,0.890000000000004));
#10043=CARTESIAN_POINT('Ctrl Pts',(0.370442992553159,-0.312,0.855295088373241));
#10044=CARTESIAN_POINT('Ctrl Pts',(0.715803861775621,-0.312,0.721143319934883));
#10045=CARTESIAN_POINT('Ctrl Pts',(0.875864397624541,-0.312,0.621738309753832));
#10046=CARTESIAN_POINT('Ctrl Pts',(1.14921721860804,-0.312,0.3716402045534));
#10047=CARTESIAN_POINT('Ctrl Pts',(1.26242423587021,-0.312,0.221025123004175));
#10048=CARTESIAN_POINT('Ctrl Pts',(1.38561074711404,-0.312,-0.0280530229668285));
#10049=CARTESIAN_POINT('Ctrl Pts',(1.41895660032983,-0.312,-0.114882194231856));
#10050=CARTESIAN_POINT('Ctrl Pts',(1.45655780069653,-0.312,-0.248635582781329));
#10051=CARTESIAN_POINT('Ctrl Pts',(1.46702535837926,-0.312,-0.293801431740174));
#10052=CARTESIAN_POINT('Ctrl Pts',(1.47955987496191,-0.312,-0.362131465132903));
#10053=CARTESIAN_POINT('Ctrl Pts',(1.48321054170636,-0.312,-0.385004992432803));
#10054=CARTESIAN_POINT('Ctrl Pts',(1.48788946037905,-0.312,-0.419424503653664));
#10055=CARTESIAN_POINT('Ctrl Pts',(1.48931627085437,-0.312,-0.430915882461575));
#10056=CARTESIAN_POINT('Ctrl Pts',(1.49190346847745,-0.312,-0.453929129781524));
#10057=CARTESIAN_POINT('Ctrl Pts',(1.49311716804444,-0.312,-0.466050783275553));
#10058=CARTESIAN_POINT('Ctrl Pts',(1.49452378693396,-0.312,-0.481849267201455));
#10059=CARTESIAN_POINT('Ctrl Pts',(1.49490927961374,-0.312,-0.486179744333448));
#10060=CARTESIAN_POINT('Ctrl Pts',(1.49531856290595,-0.312,-0.490777024433023));
#10061=CARTESIAN_POINT('Ctrl Pts',(-1.18454769459586,-0.312,-0.518444106133073));
#10062=CARTESIAN_POINT('Ctrl Pts',(-1.18413841130366,-0.312,-0.513846826033517));
#10063=CARTESIAN_POINT('Ctrl Pts',(-1.18370540471406,-0.312,-0.508982736753889));
#10064=CARTESIAN_POINT('Ctrl Pts',(-1.18245311043828,-0.312,-0.494917418734184));
#10065=CARTESIAN_POINT('Ctrl Pts',(-1.18158754703419,-0.312,-0.486391870786841));
#10066=CARTESIAN_POINT('Ctrl Pts',(-1.17953848651661,-0.312,-0.468165378909693));
#10067=CARTESIAN_POINT('Ctrl Pts',(-1.17840845262025,-0.312,-0.4590642068937));
#10068=CARTESIAN_POINT('Ctrl Pts',(-1.17470274903134,-0.312,-0.431803954006786));
#10069=CARTESIAN_POINT('Ctrl Pts',(-1.17181142096983,-0.312,-0.413688120385265));
#10070=CARTESIAN_POINT('Ctrl Pts',(-1.16188408383637,-0.312,-0.359570733938205));
#10071=CARTESIAN_POINT('Ctrl Pts',(-1.15359377815167,-0.312,-0.323799381562942));
#10072=CARTESIAN_POINT('Ctrl Pts',(-1.12381362746119,-0.312,-0.217866697831372));
#10073=CARTESIAN_POINT('Ctrl Pts',(-1.097403711714,-0.312,-0.149097994189923));
#10074=CARTESIAN_POINT('Ctrl Pts',(-0.999839994809853,-0.312,0.0481718974196974));
#10075=CARTESIAN_POINT('Ctrl Pts',(-0.910180037135575,-0.312,0.167459042007524));
#10076=CARTESIAN_POINT('Ctrl Pts',(-0.693684602920627,-0.312,0.365536741323805));
#10077=CARTESIAN_POINT('Ctrl Pts',(-0.566916658526365,-0.312,0.444265509388502));
#10078=CARTESIAN_POINT('Ctrl Pts',(-0.293390850102027,-0.312,0.550513709991534));
#10079=CARTESIAN_POINT('Ctrl Pts',(-0.146718308337907,-0.312,0.578000000000004));
#10080=CARTESIAN_POINT('Ctrl Pts',(0.146718308337907,-0.312,0.578000000000004));
#10081=CARTESIAN_POINT('Ctrl Pts',(0.293390850102316,-0.312,0.550513709991822));
#10082=CARTESIAN_POINT('Ctrl Pts',(0.566916658526078,-0.312,0.444265509388214));
#10083=CARTESIAN_POINT('Ctrl Pts',(0.693684602918764,-0.312,0.365536741324962));
#10084=CARTESIAN_POINT('Ctrl Pts',(0.910180037137438,-0.312,0.167459042006367));
#10085=CARTESIAN_POINT('Ctrl Pts',(0.999839994809414,-0.312,0.0481718974191326));
#10086=CARTESIAN_POINT('Ctrl Pts',(1.09740371171422,-0.312,-0.14909799418964));
#10087=CARTESIAN_POINT('Ctrl Pts',(1.12381362746136,-0.312,-0.217866697831759));
#10088=CARTESIAN_POINT('Ctrl Pts',(1.15359377815159,-0.312,-0.323799381562748));
#10089=CARTESIAN_POINT('Ctrl Pts',(1.16188408383642,-0.312,-0.359570733938203));
#10090=CARTESIAN_POINT('Ctrl Pts',(1.17181142096981,-0.312,-0.413688120385266));
#10091=CARTESIAN_POINT('Ctrl Pts',(1.17470274903134,-0.312,-0.431803954006789));
#10092=CARTESIAN_POINT('Ctrl Pts',(1.17840845262025,-0.312,-0.459064206893696));
#10093=CARTESIAN_POINT('Ctrl Pts',(1.17953848651667,-0.312,-0.468165378909549));
#10094=CARTESIAN_POINT('Ctrl Pts',(1.18158754703413,-0.312,-0.486391870786984));
#10095=CARTESIAN_POINT('Ctrl Pts',(1.18245311043822,-0.312,-0.494917418734152));
#10096=CARTESIAN_POINT('Ctrl Pts',(1.18370540471408,-0.312,-0.508982736753903));
#10097=CARTESIAN_POINT('Ctrl Pts',(1.18413841130366,-0.312,-0.513846826033497));
#10098=CARTESIAN_POINT('Ctrl Pts',(1.18454769459586,-0.312,-0.518444106133072));
#10099=CARTESIAN_POINT('Ctrl Pts',(-1.18454769459586,0.,-0.518444106133073));
#10100=CARTESIAN_POINT('Ctrl Pts',(-1.18413841130366,0.,-0.513846826033517));
#10101=CARTESIAN_POINT('Ctrl Pts',(-1.18370540471406,0.,-0.508982736753889));
#10102=CARTESIAN_POINT('Ctrl Pts',(-1.18245311043828,0.,-0.494917418734184));
#10103=CARTESIAN_POINT('Ctrl Pts',(-1.18158754703419,0.,-0.486391870786841));
#10104=CARTESIAN_POINT('Ctrl Pts',(-1.17953848651661,0.,-0.468165378909693));
#10105=CARTESIAN_POINT('Ctrl Pts',(-1.17840845262025,0.,-0.4590642068937));
#10106=CARTESIAN_POINT('Ctrl Pts',(-1.17470274903134,0.,-0.431803954006786));
#10107=CARTESIAN_POINT('Ctrl Pts',(-1.17181142096983,0.,-0.413688120385265));
#10108=CARTESIAN_POINT('Ctrl Pts',(-1.16188408383637,0.,-0.359570733938205));
#10109=CARTESIAN_POINT('Ctrl Pts',(-1.15359377815167,0.,-0.323799381562942));
#10110=CARTESIAN_POINT('Ctrl Pts',(-1.12381362746119,0.,-0.217866697831372));
#10111=CARTESIAN_POINT('Ctrl Pts',(-1.097403711714,0.,-0.149097994189923));
#10112=CARTESIAN_POINT('Ctrl Pts',(-0.999839994809853,0.,0.0481718974196974));
#10113=CARTESIAN_POINT('Ctrl Pts',(-0.910180037135575,0.,0.167459042007524));
#10114=CARTESIAN_POINT('Ctrl Pts',(-0.693684602920627,0.,0.365536741323805));
#10115=CARTESIAN_POINT('Ctrl Pts',(-0.566916658526365,0.,0.444265509388502));
#10116=CARTESIAN_POINT('Ctrl Pts',(-0.293390850102027,0.,0.550513709991534));
#10117=CARTESIAN_POINT('Ctrl Pts',(-0.146718308337907,0.,0.578000000000004));
#10118=CARTESIAN_POINT('Ctrl Pts',(0.146718308337907,0.,0.578000000000004));
#10119=CARTESIAN_POINT('Ctrl Pts',(0.293390850102316,0.,0.550513709991822));
#10120=CARTESIAN_POINT('Ctrl Pts',(0.566916658526078,0.,0.444265509388214));
#10121=CARTESIAN_POINT('Ctrl Pts',(0.693684602918764,0.,0.365536741324962));
#10122=CARTESIAN_POINT('Ctrl Pts',(0.910180037137438,0.,0.167459042006367));
#10123=CARTESIAN_POINT('Ctrl Pts',(0.999839994809414,0.,0.0481718974191326));
#10124=CARTESIAN_POINT('Ctrl Pts',(1.09740371171422,0.,-0.14909799418964));
#10125=CARTESIAN_POINT('Ctrl Pts',(1.12381362746136,0.,-0.217866697831759));
#10126=CARTESIAN_POINT('Ctrl Pts',(1.15359377815159,0.,-0.323799381562748));
#10127=CARTESIAN_POINT('Ctrl Pts',(1.16188408383642,0.,-0.359570733938203));
#10128=CARTESIAN_POINT('Ctrl Pts',(1.17181142096981,0.,-0.413688120385266));
#10129=CARTESIAN_POINT('Ctrl Pts',(1.17470274903134,0.,-0.431803954006789));
#10130=CARTESIAN_POINT('Ctrl Pts',(1.17840845262025,0.,-0.459064206893696));
#10131=CARTESIAN_POINT('Ctrl Pts',(1.17953848651667,0.,-0.468165378909549));
#10132=CARTESIAN_POINT('Ctrl Pts',(1.18158754703413,0.,-0.486391870786984));
#10133=CARTESIAN_POINT('Ctrl Pts',(1.18245311043822,0.,-0.494917418734152));
#10134=CARTESIAN_POINT('Ctrl Pts',(1.18370540471408,0.,-0.508982736753903));
#10135=CARTESIAN_POINT('Ctrl Pts',(1.18413841130366,0.,-0.513846826033497));
#10136=CARTESIAN_POINT('Ctrl Pts',(1.18454769459586,0.,-0.518444106133072));
#10137=CARTESIAN_POINT('Origin',(-1.33870525515189,3.53186795208091E-8,
-0.49081890082133));
#10138=CARTESIAN_POINT('Origin',(1.33870525515186,3.53187124341137E-8,-0.490818900821472));
#10139=CARTESIAN_POINT('Origin',(-1.3387052788742,0.,-0.490818724984402));
#10140=CARTESIAN_POINT('Origin',(1.33907317077665,0.,-0.476977224715602));
#10141=CARTESIAN_POINT('Origin',(-0.56,0.625,-0.89));
#10142=CARTESIAN_POINT('',(-0.692500000000001,0.625,-0.89));
#10143=CARTESIAN_POINT('Origin',(-0.56,0.625,-0.89));
#10144=CARTESIAN_POINT('',(-0.692500000000001,0.625,-0.765));
#10145=CARTESIAN_POINT('',(-0.692500000000001,0.625,-0.89));
#10146=CARTESIAN_POINT('Origin',(-0.56,0.625,-0.765));
#10147=CARTESIAN_POINT('Origin',(0.56,0.625,-0.89));
#10148=CARTESIAN_POINT('',(0.427499999999999,0.625,-0.89));
#10149=CARTESIAN_POINT('Origin',(0.56,0.625,-0.89));
#10150=CARTESIAN_POINT('',(0.427499999999999,0.625,-0.765));
#10151=CARTESIAN_POINT('',(0.427499999999999,0.625,-0.89));
#10152=CARTESIAN_POINT('Origin',(0.56,0.625,-0.765));
#10153=CARTESIAN_POINT('Origin',(0.56,-0.625,-0.89));
#10154=CARTESIAN_POINT('',(0.427499999999999,-0.625,-0.89));
#10155=CARTESIAN_POINT('Origin',(0.56,-0.625,-0.89));
#10156=CARTESIAN_POINT('',(0.427499999999999,-0.625,-0.765));
#10157=CARTESIAN_POINT('',(0.427499999999999,-0.625,-0.89));
#10158=CARTESIAN_POINT('Origin',(0.56,-0.625,-0.765));
#10159=CARTESIAN_POINT('Origin',(-0.56,-0.625,-0.89));
#10160=CARTESIAN_POINT('',(-0.692500000000001,-0.625,-0.89));
#10161=CARTESIAN_POINT('Origin',(-0.56,-0.625,-0.89));
#10162=CARTESIAN_POINT('',(-0.692500000000001,-0.625,-0.765));
#10163=CARTESIAN_POINT('',(-0.692500000000001,-0.625,-0.89));
#10164=CARTESIAN_POINT('Origin',(-0.56,-0.625,-0.765));
#10165=CARTESIAN_POINT('Origin',(0.935000000000001,7.63269512075259E-25,
-0.74));
#10166=CARTESIAN_POINT('',(0.935000000000001,-0.221852991866235,-0.7025));
#10167=CARTESIAN_POINT('',(0.935000000000001,0.221852991866236,-0.7025));
#10168=CARTESIAN_POINT('Origin',(0.935000000000001,7.63269512075259E-25,
-0.74));
#10169=CARTESIAN_POINT('',(-0.935000000000001,-0.221852991866235,-0.7025));
#10170=CARTESIAN_POINT('',(0.935000000000001,-0.221852991866235,-0.7025));
#10171=CARTESIAN_POINT('',(-0.935000000000001,0.221852991866236,-0.7025));
#10172=CARTESIAN_POINT('Origin',(-0.935000000000001,7.63269512075259E-25,
-0.74));
#10173=CARTESIAN_POINT('',(0.935000000000001,0.221852991866236,-0.7025));
#10174=CARTESIAN_POINT('Origin',(0.935000000000001,7.63269512075259E-25,
-0.74));
#10175=CARTESIAN_POINT('',(0.935000000000001,0.345104654014144,-0.681666666666667));
#10176=CARTESIAN_POINT('',(0.935000000000001,-0.345104654014144,-0.681666666666666));
#10177=CARTESIAN_POINT('Origin',(0.935000000000001,7.63269512075259E-25,
-0.74));
#10178=CARTESIAN_POINT('',(-0.935000000000001,0.345104654014144,-0.681666666666667));
#10179=CARTESIAN_POINT('',(0.935000000000001,0.345104654014144,-0.681666666666667));
#10180=CARTESIAN_POINT('',(-0.935000000000001,-0.345104654014144,-0.681666666666666));
#10181=CARTESIAN_POINT('Origin',(-0.935000000000001,7.63269512075259E-25,
-0.74));
#10182=CARTESIAN_POINT('',(0.935000000000001,-0.345104654014144,-0.681666666666666));
#10183=CARTESIAN_POINT('Origin',(0.935000000000001,0.443705983732471,-0.89));
#10184=CARTESIAN_POINT('',(-0.935000000000001,0.443705983732471,-0.89));
#10185=CARTESIAN_POINT('',(-0.935000000000001,0.949999999999999,-0.889999999999999));
#10186=CARTESIAN_POINT('',(-0.935000000000001,0.443705983732471,-0.89));
#10187=CARTESIAN_POINT('',(-0.835000000000001,1.05,-0.889999999999999));
#10188=CARTESIAN_POINT('Origin',(-0.835000000000001,0.949999999999999,-0.889999999999999));
#10189=CARTESIAN_POINT('',(0.835000000000001,1.05,-0.889999999999999));
#10190=CARTESIAN_POINT('',(0.935000000000001,1.05,-0.889999999999999));
#10191=CARTESIAN_POINT('',(0.935000000000001,0.949999999999999,-0.889999999999999));
#10192=CARTESIAN_POINT('Origin',(0.835000000000001,0.949999999999999,-0.889999999999999));
#10193=CARTESIAN_POINT('',(0.935000000000001,0.443705983732471,-0.89));
#10194=CARTESIAN_POINT('',(0.935000000000001,0.443705983732471,-0.89));
#10195=CARTESIAN_POINT('',(0.935000000000001,0.443705983732471,-0.89));
#10196=CARTESIAN_POINT('Origin',(0.935000000000001,1.05,-0.889999999999999));
#10197=CARTESIAN_POINT('',(-0.835000000000001,1.05,-0.765));
#10198=CARTESIAN_POINT('',(-0.835000000000001,1.05,-0.765));
#10199=CARTESIAN_POINT('',(0.835000000000001,1.05,-0.765));
#10200=CARTESIAN_POINT('',(0.935000000000001,1.05,-0.765));
#10201=CARTESIAN_POINT('',(0.835000000000001,1.05,-0.889999999999999));
#10202=CARTESIAN_POINT('Origin',(0.935000000000001,1.05,-0.765));
#10203=CARTESIAN_POINT('',(-0.935000000000001,0.949999999999999,-0.765));
#10204=CARTESIAN_POINT('Origin',(-0.835000000000001,0.949999999999999,-0.765));
#10205=CARTESIAN_POINT('',(-0.935000000000001,0.443705983732471,-0.765));
#10206=CARTESIAN_POINT('',(-0.935000000000001,1.05,-0.765));
#10207=CARTESIAN_POINT('',(0.935000000000001,0.443705983732471,-0.765));
#10208=CARTESIAN_POINT('',(0.935000000000001,0.443705983732471,-0.765));
#10209=CARTESIAN_POINT('',(0.935000000000001,0.949999999999999,-0.765));
#10210=CARTESIAN_POINT('',(0.935000000000001,1.05,-0.765));
#10211=CARTESIAN_POINT('Origin',(0.835000000000001,0.949999999999999,-0.765));
#10212=CARTESIAN_POINT('Origin',(0.935000000000001,0.443705983732471,-0.665));
#10213=CARTESIAN_POINT('Origin',(-0.935000000000001,0.443705983732471,-0.665));
#10214=CARTESIAN_POINT('Origin',(0.935000000000001,0.443705983732471,-0.665));
#10215=CARTESIAN_POINT('Origin',(0.935000000000001,-0.443705983732471,-0.665));
#10216=CARTESIAN_POINT('',(-0.935000000000001,-0.443705983732471,-0.765));
#10217=CARTESIAN_POINT('Origin',(-0.935000000000001,-0.443705983732471,
-0.665));
#10218=CARTESIAN_POINT('',(0.935000000000001,-0.443705983732471,-0.765));
#10219=CARTESIAN_POINT('',(0.935000000000001,-0.443705983732471,-0.765));
#10220=CARTESIAN_POINT('Origin',(0.935000000000001,-0.443705983732471,-0.665));
#10221=CARTESIAN_POINT('Origin',(0.935000000000001,-0.443705983732471,-0.765));
#10222=CARTESIAN_POINT('',(0.835000000000001,-1.05,-0.765));
#10223=CARTESIAN_POINT('',(-0.835000000000001,-1.05,-0.765));
#10224=CARTESIAN_POINT('',(0.935000000000001,-1.05,-0.765));
#10225=CARTESIAN_POINT('',(0.935000000000001,-0.95,-0.765));
#10226=CARTESIAN_POINT('Origin',(0.835000000000001,-0.95,-0.765));
#10227=CARTESIAN_POINT('',(0.935000000000001,-0.443705983732471,-0.765));
#10228=CARTESIAN_POINT('',(-0.935000000000001,-0.95,-0.765));
#10229=CARTESIAN_POINT('',(-0.935000000000001,-0.443705983732471,-0.765));
#10230=CARTESIAN_POINT('Origin',(-0.835000000000001,-0.95,-0.765));
#10231=CARTESIAN_POINT('Origin',(0.935000000000001,-1.05,-0.765));
#10232=CARTESIAN_POINT('',(0.835000000000001,-1.05,-0.89));
#10233=CARTESIAN_POINT('',(-0.835000000000001,-1.05,-0.89));
#10234=CARTESIAN_POINT('',(0.935000000000001,-1.05,-0.89));
#10235=CARTESIAN_POINT('',(0.835000000000001,-1.05,-0.765));
#10236=CARTESIAN_POINT('',(-0.835000000000001,-1.05,-0.89));
#10237=CARTESIAN_POINT('Origin',(0.935000000000001,-1.05,-0.89));
#10238=CARTESIAN_POINT('',(0.935000000000001,-0.95,-0.89));
#10239=CARTESIAN_POINT('',(0.935000000000001,-0.443705983732471,-0.89));
#10240=CARTESIAN_POINT('',(0.935000000000001,-1.05,-0.89));
#10241=CARTESIAN_POINT('Origin',(0.835000000000001,-0.95,-0.89));
#10242=CARTESIAN_POINT('',(-0.935000000000001,-0.95,-0.89));
#10243=CARTESIAN_POINT('Origin',(-0.835000000000001,-0.95,-0.89));
#10244=CARTESIAN_POINT('',(-0.935000000000001,-0.443705983732471,-0.89));
#10245=CARTESIAN_POINT('',(-0.935000000000001,-1.05,-0.89));
#10246=CARTESIAN_POINT('',(0.935000000000001,-0.443705983732471,-0.89));
#10247=CARTESIAN_POINT('Origin',(0.935000000000001,-0.443705983732471,-0.665));
#10248=CARTESIAN_POINT('Origin',(-0.935000000000001,-0.443705983732471,
-0.665));
#10249=CARTESIAN_POINT('Origin',(0.935000000000001,-0.443705983732471,-0.665));
#10250=CARTESIAN_POINT('Origin',(0.935000000000001,0.443705983732471,-0.665));
#10251=CARTESIAN_POINT('Origin',(-0.935000000000001,0.443705983732471,-0.665));
#10252=CARTESIAN_POINT('Origin',(0.935000000000001,0.443705983732471,-0.665));
#10253=CARTESIAN_POINT('Origin',(0.935000000000001,0.443705983732471,-0.665));
#10254=CARTESIAN_POINT('',(0.935000000000001,-0.95,-0.665));
#10255=CARTESIAN_POINT('',(0.935000000000001,0.949999999999999,-0.665));
#10256=CARTESIAN_POINT('Origin',(-0.935000000000001,0.443705983732471,-0.665));
#10257=CARTESIAN_POINT('',(-0.935000000000001,-0.95,-0.765));
#10258=CARTESIAN_POINT('',(-0.935000000000001,0.949999999999999,-0.889999999999999));
#10259=CARTESIAN_POINT('Origin',(0.835000000000001,-0.95,-0.665));
#10260=CARTESIAN_POINT('Origin',(-0.835000000000001,-0.95,-0.765));
#10261=CARTESIAN_POINT('Origin',(-0.835000000000001,0.949999999999999,-0.889999999999999));
#10262=CARTESIAN_POINT('Origin',(0.835000000000001,0.949999999999999,-0.665));
#10263=CARTESIAN_POINT('',(8.87969581366667E-6,-3.88218949419789E-31,-4.9657088983258));
#10264=CARTESIAN_POINT('',(8.37311410058098E-13,-1.47147047120956E-12,0.));
#10265=CARTESIAN_POINT('',(8.37311410058098E-13,-1.47147047120956E-12,0.));
#10266=CARTESIAN_POINT('',(0.,0.,0.));
#10267=CARTESIAN_POINT('',(4.44089209850063E-15,4.88498130835069E-15,1.19904086659517E-14));
#10268=CARTESIAN_POINT('',(-3.55697785631144E-15,7.105427357601E-15,-5.32907051820075E-15));
#10269=CARTESIAN_POINT('',(7.105427357601E-15,-7.105427357601E-15,-1.64313007644523E-14));
#10270=CARTESIAN_POINT('',(1.77635683940025E-15,2.90045765183322E-15,1.06581410364015E-14));
#10271=CARTESIAN_POINT('',(-6.66133814775094E-15,-5.32907051820075E-15,
8.88178419700125E-16));
#10272=CARTESIAN_POINT('',(1.69295916712386E-12,-1.11896493820488E-14,0.));
#10273=CARTESIAN_POINT('',(-1.69295916712386E-12,1.11896493820488E-14,0.));
#10274=CARTESIAN_POINT('',(8.55647757065759E-13,1.46024924435737E-12,0.));
#10275=CARTESIAN_POINT('',(-8.37311410058098E-13,1.47143889373942E-12,0.));
#10276=CARTESIAN_POINT('',(-8.56707530813113E-13,-1.4592002147278E-12,-4.19611851826831E-15));
#10277=CARTESIAN_POINT('',(1.69593123446677E-12,-1.88027788676319E-14,1.74838271594513E-14));
#10278=CARTESIAN_POINT('',(0.00249112030423434,5.22074540735608E-16,1.09862933623618));
#10279=CARTESIAN_POINT('Origin',(0.,0.,0.));
#10280=UNCERTAINTY_MEASURE_WITH_UNIT(LENGTH_MEASURE(0.000393700787401575),
#10301,'DISTANCE_ACCURACY_VALUE',
'Maximum model space distance between geometric entities at asserted c
onnectivities');
#10281=UNCERTAINTY_MEASURE_WITH_UNIT(LENGTH_MEASURE(0.000393700787401575),
#10301,'DISTANCE_ACCURACY_VALUE',
'Maximum model space distance between geometric entities at asserted c
onnectivities');
#10282=UNCERTAINTY_MEASURE_WITH_UNIT(LENGTH_MEASURE(0.000393700787401575),
#10301,'DISTANCE_ACCURACY_VALUE',
'Maximum model space distance between geometric entities at asserted c
onnectivities');
#10283=UNCERTAINTY_MEASURE_WITH_UNIT(LENGTH_MEASURE(0.000393700787401575),
#10301,'DISTANCE_ACCURACY_VALUE',
'Maximum model space distance between geometric entities at asserted c
onnectivities');
#10284=UNCERTAINTY_MEASURE_WITH_UNIT(LENGTH_MEASURE(0.000393700787401575),
#10301,'DISTANCE_ACCURACY_VALUE',
'Maximum model space distance between geometric entities at asserted c
onnectivities');
#10285=UNCERTAINTY_MEASURE_WITH_UNIT(LENGTH_MEASURE(0.000393700787401575),
#10301,'DISTANCE_ACCURACY_VALUE',
'Maximum model space distance between geometric entities at asserted c
onnectivities');
#10286=UNCERTAINTY_MEASURE_WITH_UNIT(LENGTH_MEASURE(0.000393700787401575),
#10301,'DISTANCE_ACCURACY_VALUE',
'Maximum model space distance between geometric entities at asserted c
onnectivities');
#10287=UNCERTAINTY_MEASURE_WITH_UNIT(LENGTH_MEASURE(0.000393700787401575),
#10301,'DISTANCE_ACCURACY_VALUE',
'Maximum model space distance between geometric entities at asserted c
onnectivities');
#10288=UNCERTAINTY_MEASURE_WITH_UNIT(LENGTH_MEASURE(0.000393700787401575),
#10301,'DISTANCE_ACCURACY_VALUE',
'Maximum model space distance between geometric entities at asserted c
onnectivities');
#10289=UNCERTAINTY_MEASURE_WITH_UNIT(LENGTH_MEASURE(0.000393700787401575),
#10301,'DISTANCE_ACCURACY_VALUE',
'Maximum model space distance between geometric entities at asserted c
onnectivities');
#10290=(
GEOMETRIC_REPRESENTATION_CONTEXT(3)
GLOBAL_UNCERTAINTY_ASSIGNED_CONTEXT((#10280))
GLOBAL_UNIT_ASSIGNED_CONTEXT((#10301,#10305,#10306))
REPRESENTATION_CONTEXT('','3D')
);
#10291=(
GEOMETRIC_REPRESENTATION_CONTEXT(3)
GLOBAL_UNCERTAINTY_ASSIGNED_CONTEXT((#10281))
GLOBAL_UNIT_ASSIGNED_CONTEXT((#10301,#10305,#10306))
REPRESENTATION_CONTEXT('','3D')
);
#10292=(
GEOMETRIC_REPRESENTATION_CONTEXT(3)
GLOBAL_UNCERTAINTY_ASSIGNED_CONTEXT((#10282))
GLOBAL_UNIT_ASSIGNED_CONTEXT((#10301,#10305,#10306))
REPRESENTATION_CONTEXT('','3D')
);
#10293=(
GEOMETRIC_REPRESENTATION_CONTEXT(3)
GLOBAL_UNCERTAINTY_ASSIGNED_CONTEXT((#10283))
GLOBAL_UNIT_ASSIGNED_CONTEXT((#10301,#10305,#10306))
REPRESENTATION_CONTEXT('','3D')
);
#10294=(
GEOMETRIC_REPRESENTATION_CONTEXT(3)
GLOBAL_UNCERTAINTY_ASSIGNED_CONTEXT((#10284))
GLOBAL_UNIT_ASSIGNED_CONTEXT((#10301,#10305,#10306))
REPRESENTATION_CONTEXT('','3D')
);
#10295=(
GEOMETRIC_REPRESENTATION_CONTEXT(3)
GLOBAL_UNCERTAINTY_ASSIGNED_CONTEXT((#10285))
GLOBAL_UNIT_ASSIGNED_CONTEXT((#10301,#10305,#10306))
REPRESENTATION_CONTEXT('','3D')
);
#10296=(
GEOMETRIC_REPRESENTATION_CONTEXT(3)
GLOBAL_UNCERTAINTY_ASSIGNED_CONTEXT((#10286))
GLOBAL_UNIT_ASSIGNED_CONTEXT((#10301,#10305,#10306))
REPRESENTATION_CONTEXT('','3D')
);
#10297=(
GEOMETRIC_REPRESENTATION_CONTEXT(3)
GLOBAL_UNCERTAINTY_ASSIGNED_CONTEXT((#10287))
GLOBAL_UNIT_ASSIGNED_CONTEXT((#10301,#10305,#10306))
REPRESENTATION_CONTEXT('','3D')
);
#10298=(
GEOMETRIC_REPRESENTATION_CONTEXT(3)
GLOBAL_UNCERTAINTY_ASSIGNED_CONTEXT((#10288))
GLOBAL_UNIT_ASSIGNED_CONTEXT((#10301,#10305,#10306))
REPRESENTATION_CONTEXT('','3D')
);
#10299=(
GEOMETRIC_REPRESENTATION_CONTEXT(3)
GLOBAL_UNCERTAINTY_ASSIGNED_CONTEXT((#10289))
GLOBAL_UNIT_ASSIGNED_CONTEXT((#10301,#10305,#10306))
REPRESENTATION_CONTEXT('','3D')
);
#10300=DIMENSIONAL_EXPONENTS(1.,0.,0.,0.,0.,0.,0.);
#10301=(
CONVERSION_BASED_UNIT('inch',#10304)
LENGTH_UNIT()
NAMED_UNIT(#10300)
);
#10302=(
LENGTH_UNIT()
NAMED_UNIT(*)
SI_UNIT(.MILLI.,.METRE.)
);
#10303=(
LENGTH_UNIT()
NAMED_UNIT(*)
SI_UNIT($,.METRE.)
);
#10304=LENGTH_MEASURE_WITH_UNIT(LENGTH_MEASURE(25.4),#10302);
#10305=(
NAMED_UNIT(*)
PLANE_ANGLE_UNIT()
SI_UNIT($,.RADIAN.)
);
#10306=(
NAMED_UNIT(*)
SI_UNIT($,.STERADIAN.)
SOLID_ANGLE_UNIT()
);
#10307=SHAPE_DEFINITION_REPRESENTATION(#10316,#10348);
#10308=SHAPE_DEFINITION_REPRESENTATION(#10317,#10349);
#10309=SHAPE_DEFINITION_REPRESENTATION(#10318,#10350);
#10310=SHAPE_DEFINITION_REPRESENTATION(#10319,#10351);
#10311=SHAPE_DEFINITION_REPRESENTATION(#10320,#10352);
#10312=SHAPE_DEFINITION_REPRESENTATION(#10321,#10353);
#10313=SHAPE_DEFINITION_REPRESENTATION(#10322,#10354);
#10314=SHAPE_DEFINITION_REPRESENTATION(#10330,#10355);
#10315=SHAPE_DEFINITION_REPRESENTATION(#10331,#10356);
#10316=PRODUCT_DEFINITION_SHAPE('',$,#10358);
#10317=PRODUCT_DEFINITION_SHAPE('',$,#10359);
#10318=PRODUCT_DEFINITION_SHAPE('',$,#10360);
#10319=PRODUCT_DEFINITION_SHAPE('',$,#10361);
#10320=PRODUCT_DEFINITION_SHAPE('',$,#10362);
#10321=PRODUCT_DEFINITION_SHAPE('',$,#10363);
#10322=PRODUCT_DEFINITION_SHAPE('',$,#10364);
#10323=PRODUCT_DEFINITION_SHAPE($,$,#91);
#10324=PRODUCT_DEFINITION_SHAPE($,$,#92);
#10325=PRODUCT_DEFINITION_SHAPE($,$,#93);
#10326=PRODUCT_DEFINITION_SHAPE($,$,#94);
#10327=PRODUCT_DEFINITION_SHAPE($,$,#95);
#10328=PRODUCT_DEFINITION_SHAPE($,$,#96);
#10329=PRODUCT_DEFINITION_SHAPE($,$,#97);
#10330=PRODUCT_DEFINITION_SHAPE('',$,#10365);
#10331=PRODUCT_DEFINITION_SHAPE('',$,#10366);
#10332=PRODUCT_DEFINITION_SHAPE($,$,#98);
#10333=PRODUCT_DEFINITION_SHAPE($,$,#99);
#10334=PRODUCT_DEFINITION_SHAPE($,$,#100);
#10335=PRODUCT_DEFINITION_SHAPE($,$,#101);
#10336=PRODUCT_DEFINITION_SHAPE($,$,#102);
#10337=PRODUCT_DEFINITION_SHAPE($,$,#103);
#10338=PRODUCT_DEFINITION_SHAPE($,$,#104);
#10339=PRODUCT_DEFINITION_SHAPE($,$,#105);
#10340=PRODUCT_DEFINITION_SHAPE($,$,#106);
#10341=PRODUCT_DEFINITION_SHAPE($,$,#107);
#10342=PRODUCT_DEFINITION_SHAPE($,$,#108);
#10343=PRODUCT_DEFINITION_SHAPE($,$,#109);
#10344=PRODUCT_DEFINITION_SHAPE($,$,#110);
#10345=PRODUCT_DEFINITION_SHAPE($,$,#111);
#10346=PRODUCT_DEFINITION_SHAPE($,$,#112);
#10347=PRODUCT_DEFINITION_SHAPE($,$,#113);
#10348=SHAPE_REPRESENTATION('',(#4408,#4853,#4854,#4855,#4856,#4857,#4858,
#4859,#4860,#4861,#4862,#4863,#4864,#4865,#4866,#4867),#10290);
#10349=SHAPE_REPRESENTATION('',(#4409),#10291);
#10350=SHAPE_REPRESENTATION('',(#4599),#10292);
#10351=SHAPE_REPRESENTATION('',(#4661),#10293);
#10352=SHAPE_REPRESENTATION('',(#4724,#4776,#4777,#4778,#4779,#4780,#4781,
#4782),#10294);
#10353=SHAPE_REPRESENTATION('',(#4725),#10295);
#10354=SHAPE_REPRESENTATION('',(#4748),#10296);
#10355=SHAPE_REPRESENTATION('',(#4783,#4852),#10297);
#10356=SHAPE_REPRESENTATION('',(#4784),#10298);
#10357=PRODUCT_DEFINITION_CONTEXT('part definition',#10386,'design');
#10358=PRODUCT_DEFINITION('2026-09-21-09-13-33-211','DFM Assembly',#10367,
#10357);
#10359=PRODUCT_DEFINITION('2026-09-15-16-54-50-715',
'LEAN FLOAT - Part 1',#10368,#10357);
#10360=PRODUCT_DEFINITION('2026-09-15-16-54-59-055',
'LEAN FLOAT - Wedge Bottom',#10369,#10357);
#10361=PRODUCT_DEFINITION('2026-09-15-16-54-50-128',
'LEAN FLOAT - Wedge',#10370,#10357);
#10362=PRODUCT_DEFINITION('2026-09-21-09-29-35-423','Caps ',#10371,#10357);
#10363=PRODUCT_DEFINITION('2026-09-15-16-55-16-511',
'LEAN FLOAT - Wedge Cap',#10372,#10357);
#10364=PRODUCT_DEFINITION('2026-09-15-16-54-16-126',
'LEAN FLOAT - Cap-Chassis',#10373,#10357);
#10365=PRODUCT_DEFINITION('2026-09-21-09-56-10-854',
'Hardware/Fasteners',#10374,#10357);
#10366=PRODUCT_DEFINITION('3076T33_Tie-Down Ring',
'3076T33_Tie-Down Ring',#10375,#10357);
#10367=PRODUCT_DEFINITION_FORMATION('',$,#10388);
#10368=PRODUCT_DEFINITION_FORMATION('',$,#10389);
#10369=PRODUCT_DEFINITION_FORMATION('',$,#10390);
#10370=PRODUCT_DEFINITION_FORMATION('',$,#10391);
#10371=PRODUCT_DEFINITION_FORMATION('',$,#10392);
#10372=PRODUCT_DEFINITION_FORMATION('',$,#10393);
#10373=PRODUCT_DEFINITION_FORMATION('',$,#10394);
#10374=PRODUCT_DEFINITION_FORMATION('',$,#10395);
#10375=PRODUCT_DEFINITION_FORMATION('',$,#10396);
#10376=PRODUCT_RELATED_PRODUCT_CATEGORY('DFM Assembly','DFM Assembly',(#10388));
#10377=PRODUCT_RELATED_PRODUCT_CATEGORY('LEAN FLOAT - Part 1',
'LEAN FLOAT - Part 1',(#10389));
#10378=PRODUCT_RELATED_PRODUCT_CATEGORY('LEAN FLOAT - Wedge Bottom',
'LEAN FLOAT - Wedge Bottom',(#10390));
#10379=PRODUCT_RELATED_PRODUCT_CATEGORY('LEAN FLOAT - Wedge',
'LEAN FLOAT - Wedge',(#10391));
#10380=PRODUCT_RELATED_PRODUCT_CATEGORY('Caps ','Caps ',(#10392));
#10381=PRODUCT_RELATED_PRODUCT_CATEGORY('LEAN FLOAT - Wedge Cap',
'LEAN FLOAT - Wedge Cap',(#10393));
#10382=PRODUCT_RELATED_PRODUCT_CATEGORY('LEAN FLOAT - Cap-Chassis',
'LEAN FLOAT - Cap-Chassis',(#10394));
#10383=PRODUCT_RELATED_PRODUCT_CATEGORY('Hardware/Fasteners',
'Hardware/Fasteners',(#10395));
#10384=PRODUCT_RELATED_PRODUCT_CATEGORY('3076T33_Tie-Down Ring',
'3076T33_Tie-Down Ring',(#10396));
#10385=APPLICATION_PROTOCOL_DEFINITION('international standard',
'automotive_design',2009,#10386);
#10386=APPLICATION_CONTEXT(
'Core Data for Automotive Mechanical Design Process');
#10387=PRODUCT_CONTEXT('part definition',#10386,'mechanical');
#10388=PRODUCT('2026-09-21-09-13-33-211','DFM Assembly',$,(#10387));
#10389=PRODUCT('2026-09-15-16-54-50-715','LEAN FLOAT - Part 1',
'STEP AP242 Edition 2',(#10387));
#10390=PRODUCT('2026-09-15-16-54-59-055','LEAN FLOAT - Wedge Bottom',
'STEP AP242 Edition 2',(#10387));
#10391=PRODUCT('2026-09-15-16-54-50-128','LEAN FLOAT - Wedge',
'STEP AP242 Edition 2',(#10387));
#10392=PRODUCT('2026-09-21-09-29-35-423','Caps ',$,(#10387));
#10393=PRODUCT('2026-09-15-16-55-16-511','LEAN FLOAT - Wedge Cap',
'STEP AP242 Edition 2',(#10387));
#10394=PRODUCT('2026-09-15-16-54-16-126','LEAN FLOAT - Cap-Chassis',
'STEP AP242 Edition 2',(#10387));
#10395=PRODUCT('2026-09-21-09-56-10-854','Hardware/Fasteners',$,(#10387));
#10396=PRODUCT('3076T33_Tie-Down Ring','3076T33_Tie-Down Ring',$,(#10387));
#10397=PRESENTATION_STYLE_ASSIGNMENT((#10400));
#10398=PRESENTATION_STYLE_ASSIGNMENT((#10401));
#10399=PRESENTATION_STYLE_ASSIGNMENT((NULL_STYLE(.NULL.)));
#10400=SURFACE_STYLE_USAGE(.BOTH.,#10402);
#10401=SURFACE_STYLE_USAGE(.BOTH.,#10403);
#10402=SURFACE_SIDE_STYLE('',(#10404));
#10403=SURFACE_SIDE_STYLE('',(#10405));
#10404=SURFACE_STYLE_FILL_AREA(#10406);
#10405=SURFACE_STYLE_FILL_AREA(#10407);
#10406=FILL_AREA_STYLE('Steel - Satin',(#10408));
#10407=FILL_AREA_STYLE('ABS (White)',(#10409));
#10408=FILL_AREA_STYLE_COLOUR('Steel - Satin',#10410);
#10409=FILL_AREA_STYLE_COLOUR('ABS (White)',#10411);
#10410=COLOUR_RGB('Steel - Satin',0.627450980392157,0.627450980392157,0.627450980392157);
#10411=COLOUR_RGB('ABS (White)',0.964705882352941,0.964705882352941,0.952941176470588);
ENDSEC;
END-ISO-10303-21;
